job_key,company,title,location,department,urls,date_posted,date_posted_iso,first_seen,first_seen_pt,track,scored,score_method,experience_score,reason,emailed,source_uids
Intuit:22952,Intuit,Account Executive,"Atlanta, Georgia",,https://jobs.intuit.com/job/atlanta/account-executive/27595/98097306752,,,2026-07-21T18:41:53+00:00,2026-07-21 11:41 Tue,,false,,,,false,radancy:Intuit:22952
Intuit:22607,Intuit,"Account Executive, Emerging Mid-Market",Multiple Locations,,https://jobs.intuit.com/job/frisco/account-executive-emerging-mid-market/27595/97471594528,,,2026-07-12T07:45:02+00:00,2026-07-12 00:45 Sun,,false,,,,false,radancy:Intuit:22607
Intuit:22954,Intuit,account manager money,Multiple Locations,,https://jobs.intuit.com/job/phoenix/account-manager-money/27595/98067766080,,,2026-07-21T00:41:22+00:00,2026-07-20 17:41 Mon,,false,,,,false,radancy:Intuit:22954
Intuit:22178,Intuit,Accounts Payable Account Executive,Multiple Locations,,https://jobs.intuit.com/job/atlanta/accounts-payable-account-executive/27595/96188356896,,,2026-07-12T07:45:02+00:00,2026-07-12 00:45 Sun,,false,,,,false,radancy:Intuit:22178
Intuit:22287,Intuit,AI Scientist 2,"Atlanta, Georgia",,https://jobs.intuit.com/job/atlanta/ai-scientist-2/27595/97491500000,,,2026-07-12T07:45:02+00:00,2026-07-12 00:45 Sun,,false,,,,false,radancy:Intuit:22287
Intuit:23079,Intuit,Amitha Shankar - Senior Staff Engineer - Builder Catalyst,Multiple Locations,,https://jobs.intuit.com/job/mountain-view/amitha-shankar-senior-staff-engineer-builder-catalyst/27595/98371999552,,,2026-07-27T15:41:40+00:00,2026-07-27 08:41 Mon,,false,,,,false,radancy:Intuit:23079
Intuit:22461,Intuit,AML OVERSIGHT & FINANCIAL INTELLIGENCE Manager,Multiple Locations,,https://jobs.intuit.com/job/mountain-view/aml-oversight-and-financial-intelligence-manager/27595/97771030512|https://jobs.intuit.com/job/mountain-view/head-of-aml-oversight-and-financial-intelligence/27595/97771030512,,,2026-07-14T05:58:49+00:00,2026-07-13 22:58 Mon,,false,,,,false,radancy:Intuit:22461
Intuit:22929,Intuit,"Assistant General Counsel, Product & Commercial - Commercial Lending & Credit Cards","Mountain View, California",,https://jobs.intuit.com/job/mountain-view/agc-product-and-commercial-commercial-lending/27595/98900556848|https://jobs.intuit.com/job/mountain-view/assistant-general-counsel-product-and-commercial-commercial-lending-and-credit-cards/27595/98900556848,,,2026-08-07T21:00:12+00:00,2026-08-07 14:00 Fri,,false,,,,false,radancy:Intuit:22929
Intuit:22511,Intuit,Bilingual Spanish Seasonal TurboTax Community Tax Expert - Online Writing Role,Multiple Locations,,https://jobs.intuit.com/job/tallahassee/bilingual-spanish-seasonal-turbotax-community-tax-expert-online-writing-role/27595/97471594368,,,2026-07-12T07:45:02+00:00,2026-07-12 00:45 Sun,,false,,,,false,radancy:Intuit:22511
Intuit:23389,Intuit,Billing and Revenue System Analyst,"Bangalore, India",,https://jobs.intuit.com/job/bengaluru/billing-and-revenue-system-analyst/27595/99146321088,,,2026-08-13T05:41:45+00:00,2026-08-12 22:41 Wed,,false,,,,false,radancy:Intuit:23389
Intuit:23096,Intuit,Business Operations Senior Manager (Corporate Planning),"Mountain View, California",,https://jobs.intuit.com/job/mountain-view/business-operations-senior-manager-corporate-planning/27595/98472064720,,,2026-07-29T21:59:20+00:00,2026-07-29 14:59 Wed,,false,,,,false,radancy:Intuit:23096
Intuit:22585,Intuit,"Central Planning, Sr Strategy & Ops Manager — Emerging Mid-Market",Multiple Locations,,https://jobs.intuit.com/job/mountain-view/central-planning-sr-strategy-and-ops-manager-emerging-mid-market/27595/97197172688,,,2026-07-12T07:45:02+00:00,2026-07-12 00:45 Sun,,false,,,,false,radancy:Intuit:22585
Intuit:22034,Intuit,Consumer Group Community Engagement Leader,Multiple Locations,,https://jobs.intuit.com/job/tucson/consumer-group-community-engagement-leader/27595/96262082864,,,2026-07-12T07:45:02+00:00,2026-07-12 00:45 Sun,,false,,,,false,radancy:Intuit:22034
Intuit:23118,Intuit,Consumer Group Expert Services Operations - AI & Technology Enablement,Multiple Locations,,https://jobs.intuit.com/job/san-diego/consumer-group-expert-services-operations-ai-and-technology-enablement/27595/99196653968,,,2026-08-14T05:41:37+00:00,2026-08-13 22:41 Thu,,false,,,,false,radancy:Intuit:23118
Intuit:23115,Intuit,Consumer Group Expert Services Operations - Business Line Strategy,Multiple Locations,,https://jobs.intuit.com/job/san-diego/consumer-group-expert-services-operations-business-line-strategy/27595/99196653920,,,2026-08-14T05:41:37+00:00,2026-08-13 22:41 Thu,,false,,,,false,radancy:Intuit:23115
Intuit:23117,Intuit,"Consumer Group Expert Services Operations - Engagement, Governance, & Adoption",Multiple Locations,,https://jobs.intuit.com/job/san-diego/consumer-group-expert-services-operations-engagement-governance-and-adoption/27595/99196653952,,,2026-08-14T05:41:37+00:00,2026-08-13 22:41 Thu,,false,,,,false,radancy:Intuit:23117
Intuit:23116,Intuit,Consumer Group Expert Services Operations - Insights & Analytics,Multiple Locations,,https://jobs.intuit.com/job/san-diego/consumer-group-expert-services-operations-insights-and-analytics/27595/99196653936,,,2026-08-14T05:41:37+00:00,2026-08-13 22:41 Thu,,false,,,,false,radancy:Intuit:23116
Intuit:23114,Intuit,Consumer Group Expert Services Operations - Ops Excellence & Partnerships,Multiple Locations,,https://jobs.intuit.com/job/san-diego/consumer-group-expert-services-operations-ops-excellence-and-partnerships/27595/99196653904,,,2026-08-14T05:41:37+00:00,2026-08-13 22:41 Thu,,false,,,,false,radancy:Intuit:23114
Intuit:23111,Intuit,Consumer Group Expert Services Operations - Program Design & Operations,Multiple Locations,,https://jobs.intuit.com/job/san-diego/consumer-group-expert-services-operations-program-design-and-operations/27595/99196653888,,,2026-08-14T05:41:37+00:00,2026-08-13 22:41 Thu,,false,,,,false,radancy:Intuit:23111
Intuit:22716,Intuit,"Corporate Counsel, Product Privacy",Multiple Locations,,https://jobs.intuit.com/job/mountain-view/corporate-counsel-product-privacy/27595/97754477248,,,2026-07-13T20:59:16+00:00,2026-07-13 13:59 Mon,,false,,,,false,radancy:Intuit:22716
Intuit:22548,Intuit,Credit and Collections Senior Specialist,"Bangalore, India",,https://jobs.intuit.com/job/bengaluru/credit-and-collections-senior-specialist/27595/97122645280,,,2026-07-12T07:45:02+00:00,2026-07-12 00:45 Sun,,false,,,,false,radancy:Intuit:22548
Intuit:22802,Intuit,Critical Account Manager,"Atlanta, Georgia",,https://jobs.intuit.com/job/atlanta/critical-account-manager/27595/98769215920,,,2026-08-05T00:59:38+00:00,2026-08-04 17:59 Tue,,false,,,,false,radancy:Intuit:22802
Intuit:22642,Intuit,Customer Financial Resolution Expert,"Tucson, Arizona",,https://jobs.intuit.com/job/tucson/customer-financial-resolution-expert/27595/98862554736,,,2026-08-07T00:41:56+00:00,2026-08-06 17:41 Thu,,false,,,,false,radancy:Intuit:22642
Intuit:22556,Intuit,Customer Success Manager (Money),Multiple Locations,,https://jobs.intuit.com/job/frisco/customer-success-manager-money/27595/96890760240,,,2026-07-12T07:45:02+00:00,2026-07-12 00:45 Sun,,false,,,,false,radancy:Intuit:22556
Intuit:23174,Intuit,Customer Success Principal Program Manager,Multiple Locations,,https://jobs.intuit.com/job/san-diego/customer-success-principal-program-manager/27595/98862562688,,,2026-08-07T00:41:56+00:00,2026-08-06 17:41 Thu,,false,,,,false,radancy:Intuit:23174
Intuit:22815,Intuit,"Data Scientist, Full Service Demand Planning","San Diego, California",,https://jobs.intuit.com/job/san-diego/data-scientist-full-service-demand-planning/27595/97854818352,,,2026-07-16T03:59:23+00:00,2026-07-15 20:59 Wed,AI / ML,true,Keyword,40,keyword-only heuristic,false,radancy:Intuit:22815
Intuit:23219,Intuit,Design & Construction Project Lead,"Oakland, California",,https://jobs.intuit.com/job/mountain-view/design-and-construction-project-lead/27595/99234696384|https://jobs.intuit.com/job/oakland/design-and-construction-project-lead/27595/99234696384,,,2026-08-15T00:41:23+00:00,2026-08-14 17:41 Fri,,false,,,,false,radancy:Intuit:23219
Intuit:23112,Intuit,Desktop Migrators (DTM) Leader (M3) — Mid-Market Demand Generation,"Mountain View, California",,https://jobs.intuit.com/job/mountain-view/desktop-migrators-dtm-leader-m3-mid-market-demand-generation/27595/99030337424,,,2026-08-10T18:41:38+00:00,2026-08-10 11:41 Mon,,false,,,,false,radancy:Intuit:23112
Intuit:22474,Intuit,"Digital Sales Consultant, II","Atlanta, Georgia",,https://jobs.intuit.com/job/atlanta/digital-sales-consultant-ii/27595/96825645072,,,2026-07-12T07:45:02+00:00,2026-07-12 00:45 Sun,,false,,,,false,radancy:Intuit:22474
Intuit:23113,Intuit,Director B2B Demand Generation,Remote - California (Not Bay Area) - United States,,https://jobs.intuit.com/job/sacramento/director-b2b-demand-generation/27595/98425656896,,,2026-07-28T18:41:21+00:00,2026-07-28 11:41 Tue,,false,,,,false,radancy:Intuit:23113
Intuit:22756,Intuit,Director Head of Global Public Affairs,"Washington, District of Columbia",,https://jobs.intuit.com/job/washington-d-c/director-head-of-global-public-affairs/27595/97798689632,,,2026-07-14T20:41:35+00:00,2026-07-14 13:41 Tue,,false,,,,false,radancy:Intuit:22756
Intuit:22966,Intuit,"Director, Banking, Payments & Wallet - Credit Karma",Multiple Locations,,https://jobs.intuit.com/job/mountain-view/director-banking-payments-and-wallet-credit-karma/27595/98769216256,,,2026-08-05T00:59:38+00:00,2026-08-04 17:59 Tue,,false,,,,false,radancy:Intuit:22966
Intuit:23535,Intuit,"Director, Expert Network - Workforce Management","San Diego, California",,https://jobs.intuit.com/job/san-diego/director-expert-network-workforce-management/27595/99404745088,,,2026-08-18T18:53:47+00:00,2026-08-18 11:53 Tue,,false,,,,false,radancy:Intuit:23535
Intuit:22573,Intuit,"Director, Local Service Delivery - Consumer Group","New York, New York",,https://jobs.intuit.com/job/new-york/director-local-service-delivery-consumer-group/27595/97610406512,,,2026-07-12T07:45:02+00:00,2026-07-12 00:45 Sun,,false,,,,false,radancy:Intuit:22573
Intuit:22588,Intuit,"Director, Operational Excellence – Modern Operations","San Diego, California",,https://jobs.intuit.com/job/san-diego/director-operational-excellence-modern-operations/27595/97610406640,,,2026-07-12T07:45:02+00:00,2026-07-12 00:45 Sun,,false,,,,false,radancy:Intuit:22588
Intuit:22571,Intuit,"Director, Partner Service Delivery – Consumer Group","San Diego, California",,https://jobs.intuit.com/job/san-diego/director-partner-service-delivery-consumer-group/27595/97622172064,,,2026-07-12T07:45:02+00:00,2026-07-12 00:45 Sun,,false,,,,false,radancy:Intuit:22571
Intuit:23181,Intuit,"Director, Product Management - Expert Management Platform",Multiple Locations,,https://jobs.intuit.com/job/mountain-view/director-product-management-expert-management-platform/27595/98440066752,,,2026-07-29T05:41:11+00:00,2026-07-28 22:41 Tue,,false,,,,false,radancy:Intuit:23181
Intuit:22587,Intuit,"Director, Service Delivery — Money Services & Workforce Solutions",Multiple Locations,,https://jobs.intuit.com/job/atlanta/director-service-delivery-money-services-and-workforce-solutions/27595/97610406560,,,2026-07-12T07:45:02+00:00,2026-07-12 00:45 Sun,,false,,,,false,radancy:Intuit:22587
Intuit:22783,Intuit,"Director, Software Engineering","Bangalore, India",,https://jobs.intuit.com/job/bengaluru/director-software-engineering/27595/99388135520,,,2026-08-18T11:47:20+00:00,2026-08-18 04:47 Tue,,false,,,,false,radancy:Intuit:22783
Intuit:22916,Intuit,"Director, Strategic Sourcing - Marketing & Corporate Services",Multiple Locations,,https://jobs.intuit.com/job/mountain-view/director-strategic-sourcing-marketing-and-corporate-services/27595/98472064672,,,2026-07-29T21:41:15+00:00,2026-07-29 14:41 Wed,,false,,,,false,radancy:Intuit:22916
Intuit:22917,Intuit,"Director, Strategic Sourcing - Technology",Multiple Locations,,https://jobs.intuit.com/job/mountain-view/director-strategic-sourcing-technology/27595/98587015328,,,2026-08-01T00:41:12+00:00,2026-07-31 17:41 Fri,,false,,,,false,radancy:Intuit:22917
Intuit:23520,Intuit,Distinguished Engineer - Mid Market,"Mountain View, California",,https://jobs.intuit.com/job/mountain-view/distinguished-engineer-mid-market/27595/99466209216,,,2026-08-20T00:41:21+00:00,2026-08-19 17:41 Wed,Other Technical,true,Keyword,48,keyword-only heuristic (title only),false,radancy:Intuit:23520
Intuit:22582,Intuit,EABP 2,"Bangalore, India",,https://jobs.intuit.com/job/bengaluru/eabp-2/27595/97116694704,,,2026-07-12T07:45:02+00:00,2026-07-12 00:45 Sun,,false,,,,false,radancy:Intuit:22582
Intuit:22863,Intuit,Enterprise Account Executive - Agentic AI,Multiple Locations,,https://jobs.intuit.com/job/austin/enterprise-account-executive-agentic-ai/27595/98186969168,,,2026-07-23T18:41:36+00:00,2026-07-23 11:41 Thu,,false,,,,false,radancy:Intuit:22863
Intuit:22540,Intuit,"Executive Administrative Business Partner 2, Finance","Mountain View, California",,https://jobs.intuit.com/job/mountain-view/executive-administrative-business-partner-2-finance/27595/97137794544,,,2026-07-12T07:45:02+00:00,2026-07-12 00:45 Sun,,false,,,,false,radancy:Intuit:22540
Intuit:22659,Intuit,Executive Assistant Business Partner 1 - Specialist,"Bangalore, India",,https://jobs.intuit.com/job/bengaluru/executive-assistant-business-partner-1-specialist/27595/97553169568,,,2026-07-12T07:45:02+00:00,2026-07-12 00:45 Sun,,false,,,,false,radancy:Intuit:22659
Intuit:22376,Intuit,Executive Assistant Business Partner 2,"Mountain View, California",,https://jobs.intuit.com/job/mountain-view/executive-assistant-business-partner-2/27595/96349505344,,,2026-07-12T07:45:02+00:00,2026-07-12 00:45 Sun,,false,,,,false,radancy:Intuit:22376
Intuit:22468,Intuit,Expert Network Performance & Incentive Operations Leader,"San Diego, California",,https://jobs.intuit.com/job/san-diego/expert-network-performance-and-incentive-operations-leader/27595/98900556752,,,2026-08-07T21:00:12+00:00,2026-08-07 14:00 Fri,,false,,,,false,radancy:Intuit:22468
Intuit:22401,Intuit,Fall 2026: Brand Marketing Co-op (8-months),"Toronto, Canada",,https://jobs.intuit.com/job/toronto/fall-2026-brand-marketing-co-op-8-months/27595/97137794160,,,2026-07-12T07:45:02+00:00,2026-07-12 00:45 Sun,,false,,,,false,radancy:Intuit:22401
Intuit:22402,Intuit,Fall 2026: Content Marketing Co-op (8-months),"Toronto, Canada",,https://jobs.intuit.com/job/toronto/fall-2026-content-marketing-co-op-8-months/27595/97137794304,,,2026-07-12T07:45:02+00:00,2026-07-12 00:45 Sun,,false,,,,false,radancy:Intuit:22402
Intuit:22404,Intuit,Fall 2026: Marketing Technology & Data Activation Co-op (8-months),"Toronto, Canada",,https://jobs.intuit.com/job/toronto/fall-2026-marketing-technology-and-data-activation-co-op-8-months/27595/97137794368,,,2026-07-12T07:45:02+00:00,2026-07-12 00:45 Sun,,false,,,,false,radancy:Intuit:22404
Intuit:22712,Intuit,Fall 2026: Product Design Co-op (4 months),"Toronto, Canada",,https://jobs.intuit.com/job/toronto/fall-2026-product-design-co-op-4-months/27595/97798689504,,,2026-07-14T20:41:35+00:00,2026-07-14 13:41 Tue,,false,,,,false,radancy:Intuit:22712
Intuit:22403,Intuit,Fall 2026: Product Marketing and Partnerships Strategy Co-op (8-months),"Toronto, Canada",,https://jobs.intuit.com/job/toronto/fall-2026-product-marketing-and-partnerships-strategy-co-op-8-months/27595/97231134912,,,2026-07-12T07:45:02+00:00,2026-07-12 00:45 Sun,,false,,,,false,radancy:Intuit:22403
Intuit:22924,Intuit,Fall 2026: Social Media Co-op (8 or 12 months),"Toronto, Canada",,https://jobs.intuit.com/job/toronto/fall-2026-social-media-co-op-8-or-12-months/27595/98053616304,,,2026-07-20T18:41:51+00:00,2026-07-20 11:41 Mon,,false,,,,false,radancy:Intuit:22924
Intuit:22598,Intuit,"Fall 2026: Social Media Co-op, External Communications (8-months)","Toronto, Canada",,https://jobs.intuit.com/job/toronto/fall-2026-social-media-co-op-external-communications-8-months/27595/97427597120,,,2026-07-12T07:45:02+00:00,2026-07-12 00:45 Sun,,false,,,,false,radancy:Intuit:22598
Intuit:22919,Intuit,Fintech Consumer Risk Senior Staff Credit AI Scientist,"Mountain View, California",,https://jobs.intuit.com/job/mountain-view/fintech-consumer-risk-senior-staff-credit-ai-scientist/27595/98708543360,,,2026-08-03T18:41:46+00:00,2026-08-03 11:41 Mon,,false,,,,false,radancy:Intuit:22919
Intuit:23006,Intuit,Fintech Futures - Senior Staff Software Engineer,"Mountain View, California",,https://jobs.intuit.com/job/mountain-view/fintech-futures-senior-staff-software-engineer/27595/99121993264,,,2026-08-12T18:42:47+00:00,2026-08-12 11:42 Wed,,false,,,,false,radancy:Intuit:23006
Intuit:23004,Intuit,Fintech Futures - Staff Software Engineer,"Mountain View, California",,https://jobs.intuit.com/job/mountain-view/fintech-futures-staff-software-engineer/27595/99068508192,,,2026-08-11T15:59:28+00:00,2026-08-11 08:59 Tue,,false,,,,false,radancy:Intuit:23004
Intuit:23005,Intuit,Fintech Futures - Staff Software Engineer,"New York, New York",,https://jobs.intuit.com/job/new-york/fintech-futures-staff-software-engineer/27595/99068508240,,,2026-08-11T15:59:28+00:00,2026-08-11 08:59 Tue,,false,,,,false,radancy:Intuit:23005
Intuit:22871,Intuit,Forward Deployed Engineer,"New York, New York",,https://jobs.intuit.com/job/new-york/forward-deployed-engineer/27595/98379422544,,,2026-07-27T18:41:48+00:00,2026-07-27 11:41 Mon,,false,,,,false,radancy:Intuit:22871
Intuit:22877,Intuit,Forward Deployed Engineer,"Mountain View, California",,https://jobs.intuit.com/job/mountain-view/forward-deployed-engineer/27595/98379422592,,,2026-07-27T18:41:48+00:00,2026-07-27 11:41 Mon,,false,,,,false,radancy:Intuit:22877
Intuit:22878,Intuit,Forward Deployed Engineer,"Mountain View, California",,https://jobs.intuit.com/job/mountain-view/forward-deployed-engineer/27595/98440058880,,,2026-07-29T05:41:11+00:00,2026-07-28 22:41 Tue,,false,,,,false,radancy:Intuit:22878
Intuit:22872,Intuit,Forward Deployed Engineer,"New York, New York",,https://jobs.intuit.com/job/new-york/forward-deployed-engineer/27595/98569297664,,,2026-07-31T15:41:36+00:00,2026-07-31 08:41 Fri,,false,,,,false,radancy:Intuit:22872
Intuit:22873,Intuit,Forward Deployed Engineer,"New York, New York",,https://jobs.intuit.com/job/new-york/forward-deployed-engineer/27595/98569297696,,,2026-08-03T09:21:28+00:00,2026-08-03 02:21 Mon,,false,,,,false,radancy:Intuit:22873
Intuit:22875,Intuit,Forward Deployed Engineer,"New York, New York",,https://jobs.intuit.com/job/new-york/forward-deployed-engineer/27595/98569297728,,,2026-08-03T09:21:28+00:00,2026-08-03 02:21 Mon,,false,,,,false,radancy:Intuit:22875
Intuit:23048,Intuit,"Fraud & Risk Analyst, Customer Trust & Safety","Oakland, California",,https://jobs.intuit.com/job/oakland/fraud-and-risk-analyst-customer-trust-and-safety/27595/98754943104,,,2026-08-04T18:41:50+00:00,2026-08-04 11:41 Tue,,false,,,,false,radancy:Intuit:23048
Intuit:21794,Intuit,Full Stack Software Developer I,"Toronto, Canada",,https://jobs.intuit.com/job/toronto/full-stack-software-developer-i/27595/96927470608,,,2026-07-12T07:45:02+00:00,2026-07-12 00:45 Sun,,false,,,,false,radancy:Intuit:21794
Intuit:23020,Intuit,GPM Marketing GenAI & Content Management,"Bangalore, India",,https://jobs.intuit.com/job/bengaluru/gpm-marketing-genai-and-content-management/27595/98425590560,,,2026-07-28T18:41:21+00:00,2026-07-28 11:41 Tue,,false,,,,false,radancy:Intuit:23020
Intuit:22395,Intuit,Group Manager - QuickBooks CX - Foundational Experiences,Multiple Locations,,https://jobs.intuit.com/job/mountain-view/group-manager-quickbooks-cx-foundational-experiences/27595/96882240608,,,2026-07-12T07:45:02+00:00,2026-07-12 00:45 Sun,,false,,,,false,radancy:Intuit:22395
Intuit:22567,Intuit,Group Manager Mid Market /Accountant Money Sales,Multiple Locations,,https://jobs.intuit.com/job/atlanta/group-manager-mid-market-accountant-money-sales/27595/97445281120,,,2026-07-12T07:45:02+00:00,2026-07-12 00:45 Sun,,false,,,,false,radancy:Intuit:22567
Intuit:22288,Intuit,"Group Manager, Business Development (Consumer Money)",Multiple Locations,,https://jobs.intuit.com/job/charlotte/group-manager-business-development-consumer-money/27595/96477128736,,,2026-07-12T07:45:02+00:00,2026-07-12 00:45 Sun,,false,,,,false,radancy:Intuit:22288
Intuit:23308,Intuit,"Group Manager, Market Research",Multiple Locations,,https://jobs.intuit.com/job/oakland/group-manager-research/27595/99174450896|https://jobs.intuit.com/job/oakland/group-manager-market-research/27595/99174450896,,,2026-08-13T18:36:41+00:00,2026-08-13 11:36 Thu,,false,,,,false,radancy:Intuit:23308
Intuit:22646,Intuit,"Group Manager, Operations & Innovation (Consumer Money)","Charlotte, North Carolina",,https://jobs.intuit.com/job/charlotte/group-manager-operations-and-innovation-consumer-money/27595/97445281360,,,2026-07-12T07:45:02+00:00,2026-07-12 00:45 Sun,,false,,,,false,radancy:Intuit:22646
Intuit:22717,Intuit,"Group Manager, Pipeline Generation – Mid-Market Sales",Multiple Locations,,https://jobs.intuit.com/job/sacramento/group-manager-pipeline-generation-mid-market-sales/27595/97895221744,,,2026-07-17T00:59:04+00:00,2026-07-16 17:59 Thu,,false,,,,false,radancy:Intuit:22717
Intuit:22563,Intuit,"Group Manager, Strategic Accounts","Frisco, Texas",,https://jobs.intuit.com/job/frisco/group-manager-strategic-accounts/27595/97191329264,,,2026-07-12T07:45:02+00:00,2026-07-12 00:45 Sun,,false,,,,false,radancy:Intuit:22563
Intuit:22422,Intuit,"Group Manager, Talent Acquisition - Tech",Multiple Locations,,https://jobs.intuit.com/job/mountain-view/group-manager-talent-acquisition-tech/27595/97793818704,,,2026-07-14T18:49:44+00:00,2026-07-14 11:49 Tue,,false,,,,false,radancy:Intuit:22422
Intuit:22553,Intuit,Group Product Manager - Intuit Foresight,"Mountain View, California",,https://jobs.intuit.com/job/mountain-view/group-product-manager-intuit-foresight/27595/97850406464,,,2026-08-03T09:21:28+00:00,2026-08-03 02:21 Mon,,false,,,,false,radancy:Intuit:22553
Intuit:23318,Intuit,"Group Product Manager, AI Powered Product Recommendations","Mountain View, California",,https://jobs.intuit.com/job/mountain-view/group-product-manager-ai-powered-product-recommendations/27595/99121993328,,,2026-08-12T18:42:47+00:00,2026-08-12 11:42 Wed,AI / ML,true,CLI,8,"The candidate has strong AI and computer vision engineering experience but lacks product management, recommendation systems, and the senior cross-functional leadership expected for a Group Product Manager role.",false,radancy:Intuit:23318
Intuit:23242,Intuit,"Group Product Manager, Emerging Products Risk","Mountain View, California",,https://jobs.intuit.com/job/mountain-view/group-product-manager-emerging-products-risk/27595/99048102816,,,2026-08-11T03:41:29+00:00,2026-08-10 20:41 Mon,,false,,,,false,radancy:Intuit:23242
Intuit:22462,Intuit,"Group Product Manager, Payroll Tax","Bangalore, India",,https://jobs.intuit.com/job/bengaluru/group-product-manager-payroll-tax/27595/97191326256,,,2026-07-12T07:45:02+00:00,2026-07-12 00:45 Sun,,false,,,,false,radancy:Intuit:22462
Intuit:22992,Intuit,Group Product Manager: Fintech Account Risk and Decisions,"Mountain View, California",,https://jobs.intuit.com/job/mountain-view/group-product-manager-fintech-account-risk-and-decisions/27595/98399183344,,,2026-07-28T03:41:28+00:00,2026-07-27 20:41 Mon,,false,,,,false,radancy:Intuit:22992
Intuit:23348,Intuit,"Group Product Marketing Manager, Emerging Mid Market","Mountain View, California",,https://jobs.intuit.com/job/mountain-view/group-product-marketing-manager-emerging-mid-market/27595/99179864384,,,2026-08-13T20:41:47+00:00,2026-08-13 13:41 Thu,,false,,,,false,radancy:Intuit:23348
Intuit:22928,Intuit,Growth and Retention Performance Manager,Multiple Locations,,https://jobs.intuit.com/job/san-diego/growth-and-retention-performance-manager/27595/98385225200,,,2026-07-27T20:41:29+00:00,2026-07-27 13:41 Mon,,false,,,,false,radancy:Intuit:22928
Intuit:22748,Intuit,Head of B2B Regional Marketing,"Mountain View, California",,https://jobs.intuit.com/job/mountain-view/head-of-b2b-regional-marketing/27595/97886940336,,,2026-07-16T20:42:02+00:00,2026-07-16 13:42 Thu,,false,,,,false,radancy:Intuit:22748
Intuit:22595,Intuit,Head of Business Development - Small Business Lending,Multiple Locations,,https://jobs.intuit.com/job/mountain-view/head-of-business-development-small-business-lending/27595/98058708128,,,2026-07-20T20:48:08+00:00,2026-07-20 13:48 Mon,,false,,,,false,radancy:Intuit:22595
Intuit:22419,Intuit,Head of Core & Premium Accountant Support,Multiple Locations,,https://jobs.intuit.com/job/mountain-view/head-of-core-and-premium-accountant-support/27595/97754477200,,,2026-07-13T20:59:16+00:00,2026-07-13 13:59 Mon,,false,,,,false,radancy:Intuit:22419
Intuit:23334,Intuit,Head of Lending Compliance,"Mountain View, California",,https://jobs.intuit.com/job/mountain-view/group-manager-lending-compliance/27595/99188829760|https://jobs.intuit.com/job/mountain-view/head-of-lending-compliance/27595/99188829760,,,2026-08-14T00:41:59+00:00,2026-08-13 17:41 Thu,,false,,,,false,radancy:Intuit:23334
Intuit:23353,Intuit,High Value Account Manager,Multiple Locations,,https://jobs.intuit.com/job/frisco/high-value-account-manager/27595/99410270336,,,2026-08-18T20:52:05+00:00,2026-08-18 13:52 Tue,,false,,,,false,radancy:Intuit:23353
Intuit:22488,Intuit,Implementation Consultant,Remote - California (Not Bay Area) - United States,,https://jobs.intuit.com/job/sacramento/implementation-consultant/27595/96960241856,,,2026-07-12T07:45:02+00:00,2026-07-12 00:45 Sun,,false,,,,false,radancy:Intuit:22488
Intuit:22955,Intuit,Intuit Business Operations - Staff Business Operations Manager,"Mountain View, California",,https://jobs.intuit.com/job/mountain-view/intuit-business-operations-staff-business-operations-manager/27595/98097306992,,,2026-07-21T18:41:53+00:00,2026-07-21 11:41 Tue,,false,,,,false,radancy:Intuit:22955
Intuit:23215,Intuit,Intuit GBSG Staff Marketing Manager - Media Planning & Strategy,"San Francisco, California",,https://jobs.intuit.com/job/san-francisco/intuit-gbsg-staff-marketing-manager-media-planning-and-strategy/27595/98915110464,,,2026-08-08T04:41:27+00:00,2026-08-07 21:41 Fri,,false,,,,false,radancy:Intuit:23215
Intuit:23202,Intuit,Investor Relations Senior Analyst,"Mountain View, California",,https://jobs.intuit.com/job/mountain-view/investor-relations-senior-analyst/27595/98541264432,,,2026-07-31T00:59:30+00:00,2026-07-30 17:59 Thu,,false,,,,false,radancy:Intuit:23202
Intuit:22958,Intuit,Key Account Specialist; Money JD,"Atlanta, Georgia",,https://jobs.intuit.com/job/atlanta/key-account-specialist-money-jd/27595/98097306896,,,2026-07-21T18:41:53+00:00,2026-07-21 11:41 Tue,,false,,,,false,radancy:Intuit:22958
Intuit:23195,Intuit,Lead Partner Decision Scientist - Credit Karma,"Charlotte, North Carolina",,https://jobs.intuit.com/job/charlotte/lead-partner-decision-scientist-credit-karma/27595/98769216048,,,2026-08-05T00:59:38+00:00,2026-08-04 17:59 Tue,,false,,,,false,radancy:Intuit:23195
Intuit:22536,Intuit,Lead SOX Risk Advisor,Multiple Locations,,https://jobs.intuit.com/job/san-diego/lead-sox-risk-advisor/27595/97842100416,,,2026-07-15T20:59:15+00:00,2026-07-15 13:59 Wed,,false,,,,false,radancy:Intuit:22536
Intuit:22446,Intuit,"Lead Treasury Analyst, Capital Markets",Multiple Locations,,https://jobs.intuit.com/job/mountain-view/lead-treasury-analyst-capital-markets/27595/97182706464,,,2026-07-12T07:45:02+00:00,2026-07-12 00:45 Sun,,false,,,,false,radancy:Intuit:22446
Intuit:22522,Intuit,Lead Treasury Operations Analyst,"Mountain View, California",,https://jobs.intuit.com/job/mountain-view/lead-treasury-operations-analyst/27595/97445280928,,,2026-07-12T07:45:02+00:00,2026-07-12 00:45 Sun,,false,,,,false,radancy:Intuit:22522
Intuit:22483,Intuit,"Lead, IT SOX Risk Advisory",Multiple Locations,,https://jobs.intuit.com/job/mountain-view/lead-it-sox-risk-advisory/27595/97149722032,,,2026-07-12T07:45:02+00:00,2026-07-12 00:45 Sun,,false,,,,false,radancy:Intuit:22483
Intuit:22776,Intuit,Lean Business Partner  (Staff Customer Experience),"Bangalore, India",,https://jobs.intuit.com/job/bengaluru/lean-business-partner-staff-customer-experience/27595/98405304256,,,2026-07-28T08:41:26+00:00,2026-07-28 01:41 Tue,,false,,,,false,radancy:Intuit:22776
Intuit:22264,Intuit,Lending Operations Analyst,"Charlotte, North Carolina",,https://jobs.intuit.com/job/charlotte/lending-operations-analyst/27595/96477128688,,,2026-07-12T07:45:02+00:00,2026-07-12 00:45 Sun,,false,,,,false,radancy:Intuit:22264
Intuit:22263,Intuit,Lending Program Manager,"Charlotte, North Carolina",,https://jobs.intuit.com/job/charlotte/lending-program-manager/27595/96477128480,,,2026-07-12T07:45:02+00:00,2026-07-12 00:45 Sun,,false,,,,false,radancy:Intuit:22263
Intuit:22473,Intuit,"M1, Digital Sales Manager","Atlanta, Georgia",,https://jobs.intuit.com/job/atlanta/m1-digital-sales-manager/27595/96801726800,,,2026-07-12T07:45:02+00:00,2026-07-12 00:45 Sun,,false,,,,false,radancy:Intuit:22473
Intuit:23254,Intuit,"Manager 1 , Digital Outbound Sales Emerging Mid Market",Remote - California (Bay Area) - United States,,https://jobs.intuit.com/job/sacramento/manager-1-digital-outbound-sales-emerging-mid-market/27595/99417996304,,,2026-08-19T00:53:18+00:00,2026-08-18 17:53 Tue,,false,,,,false,radancy:Intuit:23254
Intuit:22636,Intuit,"Manager 1, Money Outbound",Multiple Locations,,https://jobs.intuit.com/job/atlanta/manager-1-money-outbound/27595/97541486032,,,2026-07-12T07:45:02+00:00,2026-07-12 00:45 Sun,,false,,,,false,radancy:Intuit:22636
Intuit:22211,Intuit,Manager 2 - Software Engineering,"Petach Tikva, Israel",,https://jobs.intuit.com/job/petah-tikva/manager-2-software-engineering/27595/96289806752,,,2026-07-12T07:45:02+00:00,2026-07-12 00:45 Sun,,false,,,,false,radancy:Intuit:22211
Intuit:22569,Intuit,"Manager 2, Account Executive Manager","Atlanta, Georgia",,https://jobs.intuit.com/job/atlanta/manager-2-account-executive-manager/27595/97191329280,,,2026-07-12T07:45:02+00:00,2026-07-12 00:45 Sun,,false,,,,false,radancy:Intuit:22569
Intuit:22861,Intuit,"Manager 2, Account Management","Atlanta, Georgia",,https://jobs.intuit.com/job/atlanta/manager-2-account-management/27595/98058708336,,,2026-08-03T09:21:28+00:00,2026-08-03 02:21 Mon,,false,,,,false,radancy:Intuit:22861
Intuit:23047,Intuit,"Manager 2, Account Management - Emerging MidMarket","Atlanta, Georgia",,https://jobs.intuit.com/job/atlanta/manager-2-account-management-emerging-midmarket/27595/98241707280,,,2026-07-24T20:41:37+00:00,2026-07-24 13:41 Fri,,false,,,,false,radancy:Intuit:23047
Intuit:23179,Intuit,"Manager 2, AI Science","Mountain View, California",,https://jobs.intuit.com/job/mountain-view/manager-2-ai-science/27595/98886629712,,,2026-08-07T15:41:26+00:00,2026-08-07 08:41 Fri,AI / ML,true,Keyword,48,keyword-only heuristic (title only),false,radancy:Intuit:23179
Intuit:23279,Intuit,"Manager 2, Corporate Strategy","Mountain View, California",,https://jobs.intuit.com/job/mountain-view/manager-2-corporate-strategy/27595/99370244656,,,2026-08-18T00:42:02+00:00,2026-08-17 17:42 Mon,,false,,,,false,radancy:Intuit:23279
Intuit:22266,Intuit,"Manager 2, Fraud and Risk",Multiple Locations,,https://jobs.intuit.com/job/mountain-view/manager-2-fraud-and-risk/27595/96217908208,,,2026-07-12T07:45:02+00:00,2026-07-12 00:45 Sun,,false,,,,false,radancy:Intuit:22266
Intuit:23185,Intuit,"Manager 2, Software Engineer (Mailchimp -Product Development)","San Diego, California",,https://jobs.intuit.com/job/san-diego/manager-2-software-engineer-mailchimp-product-development/27595/98862572160,,,2026-08-07T00:41:56+00:00,2026-08-06 17:41 Thu,Software Engineering,true,CLI,35,"Strong software engineering, Python/C++, backend, automation, and machine-learning experience, but limited evidence of product-development ownership, Mailchimp-related expertise, or the people-management and seniority expected for a Manager 2 role.",false,radancy:Intuit:23185
Intuit:22684,Intuit,"Manager 2, Software Engineering","Mountain View, California",,https://jobs.intuit.com/job/mountain-view/manager-2-software-engineering/27595/97787383888,,,2026-07-14T15:59:40+00:00,2026-07-14 08:59 Tue,Software Engineering,true,Keyword,40,keyword-only heuristic,false,radancy:Intuit:22684
Intuit:22654,Intuit,"Manager 2, Software Engineering",Multiple Locations,,https://jobs.intuit.com/job/san-diego/manager-2-software-engineering/27595/98110341712,,,2026-07-22T00:59:42+00:00,2026-07-21 17:59 Tue,,false,,,,false,radancy:Intuit:22654
Intuit:22428,Intuit,"Manager 2, Software Engineering - Mobile Native Experiences & UI Runtime (TurboTax)","San Diego, California",,https://jobs.intuit.com/job/san-diego/manager-2-software-engineering-mobile-native-experiences-and-ui-runtime-turbotax/27595/96806283200,,,2026-07-12T07:45:02+00:00,2026-07-12 00:45 Sun,,false,,,,false,radancy:Intuit:22428
Intuit:22565,Intuit,"Manager 3,  Software Development (Payments Platform)","Mountain View, California",,https://jobs.intuit.com/job/mountain-view/manager-3-software-development-payments-platform/27595/97445281104,,,2026-07-12T07:45:02+00:00,2026-07-12 00:45 Sun,,false,,,,false,radancy:Intuit:22565
Intuit:23274,Intuit,"Manager 3, Account Management",Multiple Locations,,https://jobs.intuit.com/job/atlanta/manager-3-account-management/27595/98796242416,,,2026-08-05T15:59:36+00:00,2026-08-05 08:59 Wed,,false,,,,false,radancy:Intuit:23274
Intuit:22346,Intuit,"Manager 3, Creative Services - Credit Karma","Oakland, California",,https://jobs.intuit.com/job/oakland/manager-3-creative-services-credit-karma/27595/96534381856,,,2026-07-12T07:45:02+00:00,2026-07-12 00:45 Sun,,false,,,,false,radancy:Intuit:22346
Intuit:22820,Intuit,"Manager 3, Credit Risk","Mountain View, California",,https://jobs.intuit.com/job/mountain-view/manager-3-credit-risk/27595/97895221760,,,2026-07-17T00:59:04+00:00,2026-07-16 17:59 Thu,,false,,,,false,radancy:Intuit:22820
Intuit:22448,Intuit,"Manager 3, Finance Transformation","Bangalore, India",,https://jobs.intuit.com/job/bengaluru/manager-3-finance-transformation/27595/96950794544,,,2026-07-12T07:45:02+00:00,2026-07-12 00:45 Sun,,false,,,,false,radancy:Intuit:22448
Intuit:22294,Intuit,"Manager 3, Performance Marketing - Credit Karma",Multiple Locations,,https://jobs.intuit.com/job/oakland/manager-3-performance-marketing-credit-karma/27595/96534381680,,,2026-07-12T07:45:02+00:00,2026-07-12 00:45 Sun,,false,,,,false,radancy:Intuit:22294
Intuit:22718,Intuit,"Manager 3, Social & Influencer Marketing",Multiple Locations,,https://jobs.intuit.com/job/oakland/manager-3-social-and-influencer-marketing/27595/97811580592,,,2026-07-15T03:41:12+00:00,2026-07-14 20:41 Tue,,false,,,,false,radancy:Intuit:22718
Intuit:23093,Intuit,"Manager 3, Software Engineering","Bangalore, India",,https://jobs.intuit.com/job/bengaluru/manager-3-software-engineering/27595/98405304208,,,2026-07-28T08:41:26+00:00,2026-07-28 01:41 Tue,,false,,,,false,radancy:Intuit:23093
Intuit:22092,Intuit,"Manager 3, Software Engineering (AI Powered Tax)",Multiple Locations,,https://jobs.intuit.com/job/san-diego/manager-3-software-engineering-ai-powered-tax/27595/95964854240,,,2026-07-12T07:45:02+00:00,2026-07-12 00:45 Sun,,false,,,,false,radancy:Intuit:22092
Intuit:23470,Intuit,"Manager 3, Tax Platform","San Diego, California",,https://jobs.intuit.com/job/san-diego/manager-3-tax-platform/27595/99370244640,,,2026-08-18T00:42:02+00:00,2026-08-17 17:42 Mon,,false,,,,false,radancy:Intuit:23470
Intuit:22391,Intuit,Manager State & Local Government Relations & Public Policy,Multiple Locations,,https://jobs.intuit.com/job/new-york/manager-state-and-local-government-relations-and-public-policy/27595/96319892544,,,2026-07-12T07:45:02+00:00,2026-07-12 00:45 Sun,,false,,,,false,radancy:Intuit:22391
Intuit:22814,Intuit,"Manager, New Business Sales","Frisco, Texas",,https://jobs.intuit.com/job/frisco/manager-new-business-sales/27595/98053616368,,,2026-07-20T18:41:51+00:00,2026-07-20 11:41 Mon,,false,,,,false,radancy:Intuit:22814
Intuit:22362,Intuit,Mid Market Account Management Specialist,Multiple Locations,,https://jobs.intuit.com/job/atlanta/mid-market-account-management-specialist/27595/96495563424,,,2026-07-12T07:45:02+00:00,2026-07-12 00:45 Sun,,false,,,,false,radancy:Intuit:22362
Intuit:22519,Intuit,"Mid-Market Brand Marketing, Senior Manager","Mountain View, California",,https://jobs.intuit.com/job/mountain-view/mid-market-brand-marketing-senior-manager/27595/97514909632,,,2026-07-12T07:45:02+00:00,2026-07-12 00:45 Sun,,false,,,,false,radancy:Intuit:22519
Intuit:22383,Intuit,Mid-Market Design Strategist for Events,"Mountain View, California",,https://jobs.intuit.com/job/mountain-view/mid-market-design-strategist-for-events/27595/96267279536,,,2026-07-12T07:45:02+00:00,2026-07-12 00:45 Sun,,false,,,,false,radancy:Intuit:22383
Intuit:22647,Intuit,Mid-Market Presales - Associate Digital Sales Engineer,Remote - California (Bay Area) - United States,,https://jobs.intuit.com/job/sacramento/mid-market-presales-associate-digital-sales-engineer/27595/97622172112,,,2026-07-12T07:45:02+00:00,2026-07-12 00:45 Sun,,false,,,,false,radancy:Intuit:22647
Intuit:22591,Intuit,Mid-Market Presales - Senior Sales Engineer,Multiple Locations,,https://jobs.intuit.com/job/charlotte/mid-market-presales-senior-sales-engineer/27595/97830140416,,,2026-07-15T15:41:44+00:00,2026-07-15 08:41 Wed,,false,,,,false,radancy:Intuit:22591
Intuit:22592,Intuit,Mid-Market Presales - Senior Sales Engineer,Multiple Locations,,https://jobs.intuit.com/job/charlotte/mid-market-presales-senior-sales-engineer/27595/97830140464,,,2026-07-15T15:41:44+00:00,2026-07-15 08:41 Wed,,false,,,,false,radancy:Intuit:22592
Intuit:22619,Intuit,"Mid-Market Sales Transformation and Growth Lead""Mid-Market Sales",Multiple Locations,,https://jobs.intuit.com/job/sacramento/mid-market-sales-transformation-and-growth-lead-mid-market-sales/27595/98144713760|https://jobs.intuit.com/job/sacramento/mid-market-sales-transformation-and-growth-lead-mid-market-sales/27595/97471594704,,,2026-07-12T07:45:02+00:00,2026-07-12 00:45 Sun,,false,,,,false,radancy:Intuit:22619
Intuit:23182,Intuit,Money Revenue Strategy & Operations,Multiple Locations,,https://jobs.intuit.com/job/mountain-view/money-revenue-strategy-and-operations/27595/98886629360,,,2026-08-07T15:41:26+00:00,2026-08-07 08:41 Fri,,false,,,,false,radancy:Intuit:23182
Intuit:22603,Intuit,"Money Sales Lending, Specialist","Atlanta, Georgia",,https://jobs.intuit.com/job/atlanta/money-sales-lending-specialist/27595/97445281264,,,2026-07-12T07:45:02+00:00,2026-07-12 00:45 Sun,,false,,,,false,radancy:Intuit:22603
Intuit:22412,Intuit,"Money Specialist, Mid-Market Account Executive",Multiple Locations,,https://jobs.intuit.com/job/atlanta/money-specialist-mid-market-account-executive/27595/96788214336,,,2026-07-12T07:45:02+00:00,2026-07-12 00:45 Sun,,false,,,,false,radancy:Intuit:22412
Intuit:22525,Intuit,Partner Activation Manager,Multiple Locations,,https://jobs.intuit.com/job/mountain-view/partner-activation-manager/27595/97793818768|https://jobs.intuit.com/job/mountain-view/channel-enablement-manager/27595/97793818768,,,2026-07-14T18:49:44+00:00,2026-07-14 11:49 Tue,,false,,,,false,radancy:Intuit:22525
Intuit:22527,Intuit,Partner Development Manager - Services Partners,Multiple Locations,,https://jobs.intuit.com/job/mountain-view/partner-development-manager-services-partners/27595/98472064656,,,2026-07-29T21:41:15+00:00,2026-07-29 14:41 Wed,,false,,,,false,radancy:Intuit:22527
Intuit:22622,Intuit,Payments Business Development & Partnerships - QB Payments,Multiple Locations,,https://jobs.intuit.com/job/sacramento/group-manager-payments-business-development-and-partnerships-qb-payments/27595/98886629520|https://jobs.intuit.com/job/sacramento/payments-business-development-and-partnerships-qb-payments/27595/98886629520,,,2026-08-07T15:41:26+00:00,2026-08-07 08:41 Fri,,false,,,,false,radancy:Intuit:22622
Intuit:23222,Intuit,Principal - Corporate Strategy & Development,"Mountain View, California",,https://jobs.intuit.com/job/mountain-view/principal-corporate-strategy-and-development/27595/98866985664,,,2026-08-07T03:38:57+00:00,2026-08-06 20:38 Thu,,false,,,,false,radancy:Intuit:23222
Intuit:22408,Intuit,Principal AI Engineer - AI Builder,Multiple Locations,,https://jobs.intuit.com/job/mountain-view/principal-ai-engineer-ai-builder/27595/96615420928,,,2026-07-12T07:45:02+00:00,2026-07-12 00:45 Sun,,false,,,,false,radancy:Intuit:22408
Intuit:22390,Intuit,"Principal Applied AI Lead, Talent",Multiple Locations,,https://jobs.intuit.com/job/san-diego/principal-applied-ai-lead-talent/27595/96568725632,,,2026-07-12T07:45:02+00:00,2026-07-12 00:45 Sun,,false,,,,false,radancy:Intuit:22390
Intuit:23022,Intuit,Principal Business Development Manager,Multiple Locations,,https://jobs.intuit.com/job/sacramento/principal-business-development-manager/27595/98530080656,,,2026-07-30T20:42:03+00:00,2026-07-30 13:42 Thu,,false,,,,false,radancy:Intuit:23022
Intuit:23225,Intuit,Principal Business Operations Manager,"Mountain View, California",,https://jobs.intuit.com/job/mountain-view/principal-business-operations-manager/27595/98862571504,,,2026-08-07T00:41:56+00:00,2026-08-06 17:41 Thu,,false,,,,false,radancy:Intuit:23225
Intuit:22608,Intuit,Principal Business Operations Manager,Remote - California (Bay Area) - United States,,https://jobs.intuit.com/job/sacramento/principal-business-operations-manager/27595/99074769680,,,2026-08-11T18:42:04+00:00,2026-08-11 11:42 Tue,,false,,,,false,radancy:Intuit:22608
Intuit:22520,Intuit,Principal Business Operations Manager - Customer Success Platform,Multiple Locations,,https://jobs.intuit.com/job/san-diego/principal-business-operations-manager-customer-success-platform/27595/97239426832,,,2026-07-12T07:45:02+00:00,2026-07-12 00:45 Sun,,false,,,,false,radancy:Intuit:22520
Intuit:23358,Intuit,"Principal Creative Lead, Art Direction (Social & Video)","Mountain View, California",,https://jobs.intuit.com/job/mountain-view/principal-creative-lead-art-direction-social-and-video/27595/99080465264,,,2026-08-11T20:41:39+00:00,2026-08-11 13:41 Tue,,false,,,,false,radancy:Intuit:23358
Intuit:22989,Intuit,Principal Credit Risk Analyst,"Mountain View, California",,https://jobs.intuit.com/job/mountain-view/principal-credit-risk-analyst/27595/99417996384,,,2026-08-19T00:53:18+00:00,2026-08-18 17:53 Tue,,false,,,,false,radancy:Intuit:22989
Intuit:22359,Intuit,"Principal CX Strategy Leader, AI-Powered Onboarding",Multiple Locations,,https://jobs.intuit.com/job/atlanta/principal-cx-strategy-leader-ai-powered-onboarding/27595/97149721888,,,2026-07-12T07:45:02+00:00,2026-07-12 00:45 Sun,,false,,,,false,radancy:Intuit:22359
Intuit:22323,Intuit,Principal Employee Relations Partner,"Toronto, Canada",,https://jobs.intuit.com/job/toronto/principal-employee-relations-partner/27595/96275447744,,,2026-07-12T07:45:02+00:00,2026-07-12 00:45 Sun,,false,,,,false,radancy:Intuit:22323
Intuit:22733,Intuit,Principal Employee Relations Partner,Multiple Locations,,https://jobs.intuit.com/job/mountain-view/principal-employee-relations-partner/27595/99212943600,,,2026-08-14T16:00:10+00:00,2026-08-14 09:00 Fri,,false,,,,false,radancy:Intuit:22733
Intuit:22103,Intuit,"Principal Engineer, Builder","Bangalore, India",,https://jobs.intuit.com/job/bengaluru/principal-engineer-builder/27595/96241853136,,,2026-07-12T07:45:02+00:00,2026-07-12 00:45 Sun,,false,,,,false,radancy:Intuit:22103
Intuit:22311,Intuit,Principal Ethics & Investigations Partner,Multiple Locations,,https://jobs.intuit.com/job/san-diego/principal-ethics-and-investigations-partner/27595/96568725680,,,2026-07-12T07:45:02+00:00,2026-07-12 00:45 Sun,,false,,,,false,radancy:Intuit:22311
Intuit:22199,Intuit,Principal Learning and Development Partner- Craft Skills,Multiple Locations,,https://jobs.intuit.com/job/san-diego/principal-learning-and-development-partner-craft-skills/27595/96180121984,,,2026-07-12T07:45:02+00:00,2026-07-12 00:45 Sun,,false,,,,false,radancy:Intuit:22199
Intuit:22470,Intuit,Principal Marketing Manager – Expert Voice & Insights,"San Diego, California",,https://jobs.intuit.com/job/san-diego/principal-marketing-manager-expert-voice-and-insights/27595/97583881152,,,2026-07-12T07:45:02+00:00,2026-07-12 00:45 Sun,,false,,,,false,radancy:Intuit:22470
Intuit:23208,Intuit,"Principal Marketing Manager, Display & Video","Mountain View, California",,https://jobs.intuit.com/job/mountain-view/principal-marketing-manager-display-and-video/27595/98848829568,,,2026-08-06T19:26:51+00:00,2026-08-06 12:26 Thu,,false,,,,false,radancy:Intuit:23208
Intuit:22703,Intuit,"Principal Partnerships Manager, Payments","Mountain View, California",,https://jobs.intuit.com/job/mountain-view/principal-partnerships-manager-payments/27595/98478376224,,,2026-07-29T22:17:10+00:00,2026-07-29 15:17 Wed,,false,,,,false,radancy:Intuit:22703
Intuit:22931,Intuit,Principal Performance Marketing Manager,"San Diego, California",,https://jobs.intuit.com/job/san-diego/principal-performance-marketing-manager/27595/98130628256,,,2026-07-22T15:41:51+00:00,2026-07-22 08:41 Wed,,false,,,,false,radancy:Intuit:22931
Intuit:23371,Intuit,Principal Product Manager (Conversational Acquisition),"Mountain View, California",,https://jobs.intuit.com/job/mountain-view/principal-product-manager-conversational-acquisition/27595/99080465216,,,2026-08-11T20:41:39+00:00,2026-08-11 13:41 Tue,,false,,,,false,radancy:Intuit:23371
Intuit:22993,Intuit,Principal Product Manager - AI Builder Plugins & Agent Context,Multiple Locations,,https://jobs.intuit.com/job/mountain-view/principal-product-manager-ai-builder-plugins-and-agent-context/27595/98900556672,,,2026-08-07T21:00:12+00:00,2026-08-07 14:00 Fri,,false,,,,false,radancy:Intuit:22993
Intuit:22724,Intuit,Principal Product Manager - AI-First Experiences,"San Diego, California",,https://jobs.intuit.com/job/san-diego/principal-product-manager-ai-first-experiences/27595/97563056560,,,2026-07-12T07:45:02+00:00,2026-07-12 00:45 Sun,,false,,,,false,radancy:Intuit:22724
Intuit:23187,Intuit,"Principal Product Manager, Accountant Experiences","Mountain View, California",,https://jobs.intuit.com/job/mountain-view/principal-product-manager-accountant-experiences/27595/98524920448,,,2026-07-30T18:41:42+00:00,2026-07-30 11:41 Thu,,false,,,,false,radancy:Intuit:23187
Intuit:22206,Intuit,"Principal Product Manager, AI-Native Field Services",Multiple Locations,,https://jobs.intuit.com/job/mountain-view/principal-product-manager-ai-native-field-services/27595/96175383792,,,2026-07-12T07:45:02+00:00,2026-07-12 00:45 Sun,,false,,,,false,radancy:Intuit:22206
Intuit:22207,Intuit,"Principal Product Manager, AI-Native Nonprofit","Mountain View, California",,https://jobs.intuit.com/job/mountain-view/principal-product-manager-ai-native-nonprofit/27595/96311246848,,,2026-07-12T07:45:02+00:00,2026-07-12 00:45 Sun,,false,,,,false,radancy:Intuit:22207
Intuit:22589,Intuit,"Principal Product Manager, Conversational Intelligence","Bangalore, India",,https://jobs.intuit.com/job/bengaluru/principal-product-manager-conversational-intelligence/27595/98360209792|https://jobs.intuit.com/job/bengaluru/principal-product-manager-conversational-intelligence/27595/97499178672,,,2026-07-12T07:45:02+00:00,2026-07-12 00:45 Sun,,false,,,,false,radancy:Intuit:22589
Intuit:23483,Intuit,"Principal Product Manager, Growth — Retention & Churn","New York, New York",,https://jobs.intuit.com/job/new-york/principal-product-manager-growth-retention-and-churn/27595/99455411696,,,2026-08-19T21:47:52+00:00,2026-08-19 14:47 Wed,,false,,,,false,radancy:Intuit:23483
Intuit:22860,Intuit,"Principal Product Manager, Identity","Mountain View, California",,https://jobs.intuit.com/job/mountain-view/principal-product-manager-identity/27595/99454010112,,,2026-08-19T22:17:25+00:00,2026-08-19 15:17 Wed,,false,,,,false,radancy:Intuit:22860
Intuit:22663,Intuit,"Principal Product Manager, Mailchimp Growth",Multiple Locations,,https://jobs.intuit.com/job/new-york/principal-product-manager-mailchimp-growth/27595/98053616336,,,2026-07-20T18:41:51+00:00,2026-07-20 11:41 Mon,,false,,,,false,radancy:Intuit:22663
Intuit:22475,Intuit,"Principal Product Manager, Services Segmentation",Multiple Locations,,https://jobs.intuit.com/job/mountain-view/principal-product-manager-services-segmentation/27595/97842100368,,,2026-07-15T20:59:15+00:00,2026-07-15 13:59 Wed,,false,,,,false,radancy:Intuit:22475
Intuit:22249,Intuit,"Principal Product Marketing Manager – QB Payments, Mid-Market",Multiple Locations,,https://jobs.intuit.com/job/mountain-view/principal-product-marketing-manager-qb-payments-mid-market/27595/96521206928,,,2026-07-12T07:45:02+00:00,2026-07-12 00:45 Sun,,false,,,,false,radancy:Intuit:22249
Intuit:23250,Intuit,"Principal Product Marketing Manager, Emerging Mid Market Platform","Mountain View, California",,https://jobs.intuit.com/job/mountain-view/principal-product-marketing-manager-emerging-mid-market-platform/27595/99179843344,,,2026-08-13T20:41:47+00:00,2026-08-13 13:41 Thu,,false,,,,false,radancy:Intuit:23250
Intuit:23037,Intuit,"Principal Product Marketing Manager, Retention","Mountain View, California",,https://jobs.intuit.com/job/mountain-view/principal-product-marketing-manager-retention/27595/98379422336,,,2026-07-27T18:41:48+00:00,2026-07-27 11:41 Mon,,false,,,,false,radancy:Intuit:23037
Intuit:22715,Intuit,Principal Program Manager - Privacy Product & Data Innovation,Multiple Locations,,https://jobs.intuit.com/job/san-diego/principal-program-manager-privacy-product-and-data-innovation/27595/97754477280,,,2026-07-13T20:59:16+00:00,2026-07-13 13:59 Mon,,false,,,,false,radancy:Intuit:22715
Intuit:22590,Intuit,Principal Sales Compensation Design,"Mountain View, California",,https://jobs.intuit.com/job/mountain-view/principal-sales-compensation-design/27595/97537073152,,,2026-07-12T07:45:02+00:00,2026-07-12 00:45 Sun,,false,,,,false,radancy:Intuit:22590
Intuit:22325,Intuit,Principal Service Experience Strategy Manager - Mid Market,"Mountain View, California",,https://jobs.intuit.com/job/mountain-view/principal-service-experience-strategy-manager-mid-market/27595/96305563152,,,2026-07-12T07:45:02+00:00,2026-07-12 00:45 Sun,,false,,,,false,radancy:Intuit:22325
Intuit:22704,Intuit,Principal Software Engineer,"Bangalore, India",,https://jobs.intuit.com/job/bengaluru/principal-software-engineer/27595/97854818320,,,2026-07-16T03:59:23+00:00,2026-07-15 20:59 Wed,,false,,,,false,radancy:Intuit:22704
Intuit:23428,Intuit,"Principal Software Engineer, Fintech Agentic AI","Mountain View, California",,https://jobs.intuit.com/job/mountain-view/principal-software-engineer-fintech-agentic-ai/27595/99410270416,,,2026-08-18T20:52:05+00:00,2026-08-18 13:52 Tue,,false,,,,false,radancy:Intuit:23428
Intuit:22487,Intuit,"Principal Software Engineer, Trust & Safety","New York, New York",,https://jobs.intuit.com/job/new-york/principal-software-engineer-trust-and-safety/27595/96922204080,,,2026-07-12T07:45:02+00:00,2026-07-12 00:45 Sun,,false,,,,false,radancy:Intuit:22487
Intuit:22413,Intuit,Principal Technical Program Manager,Multiple Locations,,https://jobs.intuit.com/job/mountain-view/principal-technical-program-manager/27595/98067766096,,,2026-07-21T00:41:22+00:00,2026-07-20 17:41 Mon,,false,,,,false,radancy:Intuit:22413
Intuit:22926,Intuit,Principal Technical Program Manager,Multiple Locations,,https://jobs.intuit.com/job/mountain-view/principal-technical-program-manager/27595/98179602336,,,2026-08-03T09:21:28+00:00,2026-08-03 02:21 Mon,,false,,,,false,radancy:Intuit:22926
Intuit:23497,Intuit,Principal Technical Program Manager,"San Diego, California",,https://jobs.intuit.com/job/san-diego/principal-technical-program-manager/27595/99410254096,,,2026-08-18T20:52:05+00:00,2026-08-18 13:52 Tue,,false,,,,false,radancy:Intuit:23497
Intuit:22886,Intuit,Principal Technical Program Manager - Mid-Market,Multiple Locations,,https://jobs.intuit.com/job/mountain-view/principal-technical-program-manager-mid-market/27595/98179602448,,,2026-08-03T09:21:28+00:00,2026-08-03 02:21 Mon,,false,,,,false,radancy:Intuit:22886
Intuit:22439,Intuit,Principal Vendor Partner Manager,Multiple Locations,,https://jobs.intuit.com/job/san-diego/principal-vendor-partner-manager/27595/98587015168,,,2026-08-01T00:41:12+00:00,2026-07-31 17:41 Fri,,false,,,,false,radancy:Intuit:22439
Intuit:22191,Intuit,"Principal, AI Workflow Enablement Lead",Multiple Locations,,https://jobs.intuit.com/job/mountain-view/principal-ai-workflow-enablement-lead/27595/95919071136,,,2026-07-12T07:45:02+00:00,2026-07-12 00:45 Sun,,false,,,,false,radancy:Intuit:22191
Intuit:22545,Intuit,"Principal, AI Workflow Enablement Lead",Multiple Locations,,https://jobs.intuit.com/job/mountain-view/principal-ai-workflow-enablement-lead/27595/97158663056,,,2026-07-12T07:45:02+00:00,2026-07-12 00:45 Sun,,false,,,,false,radancy:Intuit:22545
Intuit:22727,Intuit,"Principal, AI Workflow Enablement Lead",Multiple Locations,,https://jobs.intuit.com/job/mountain-view/principal-ai-workflow-enablement-lead/27595/97807245248,,,2026-07-15T00:59:12+00:00,2026-07-14 17:59 Tue,,false,,,,false,radancy:Intuit:22727
Intuit:22641,Intuit,"Principal, Business Operations, Customer Success",Multiple Locations,,https://jobs.intuit.com/job/san-diego/principal-business-operations-customer-success/27595/97842100224,,,2026-07-15T20:59:15+00:00,2026-07-15 13:59 Wed,,false,,,,false,radancy:Intuit:22641
Intuit:22637,Intuit,"Principal, Business Strategy, Portfolio & Pricing",Multiple Locations,,https://jobs.intuit.com/job/san-diego/principal-business-strategy-portfolio-and-pricing/27595/98152870112|https://jobs.intuit.com/job/mountain-view/principal-marketing-manager-portfolio-and-pricing/27595/98152870112,,,2026-07-23T12:41:22+00:00,2026-07-23 05:41 Thu,,false,,,,false,radancy:Intuit:22637
Intuit:22599,Intuit,"Principal, Employee Communications","Mountain View, California",,https://jobs.intuit.com/job/mountain-view/principal-employee-communications/27595/97793819568,,,2026-07-14T18:49:44+00:00,2026-07-14 11:49 Tue,,false,,,,false,radancy:Intuit:22599
Intuit:23482,Intuit,"Principal, Media Data Activation & Enablement","San Diego, California",,https://jobs.intuit.com/job/san-diego/principal-media-data-activation-and-enablement/27595/99448990480,,,2026-08-19T20:00:06+00:00,2026-08-19 13:00 Wed,,false,,,,false,radancy:Intuit:23482
Intuit:22644,Intuit,"Principal, Monetization Strategy",Multiple Locations,,https://jobs.intuit.com/job/mountain-view/principal-monetization-strategy/27595/97522124624,,,2026-07-12T07:45:02+00:00,2026-07-12 00:45 Sun,,false,,,,false,radancy:Intuit:22644
Intuit:22384,Intuit,"Principal, Sales Strategy and Transformation",Multiple Locations,,https://jobs.intuit.com/job/mountain-view/principal-sales-strategy-and-transformation/27595/96319892704,,,2026-07-12T07:45:02+00:00,2026-07-12 00:45 Sun,,false,,,,false,radancy:Intuit:22384
Intuit:23382,Intuit,"Principal, Strategy and Operations Manager - GBSG U.S. Marketing",Multiple Locations,,https://jobs.intuit.com/job/mountain-view/principal-strategy-and-operations-manager-gbsg-u-s-marketing/27595/99448990624,,,2026-08-19T20:00:06+00:00,2026-08-19 13:00 Wed,,false,,,,false,radancy:Intuit:23382
Intuit:23383,Intuit,"Principal, Strategy and Operations Manager - GBSG U.S. Marketing","Mountain View, California",,https://jobs.intuit.com/job/mountain-view/principal-strategy-and-operations-manager-gbsg-u-s-marketing/27595/99448990688,,,2026-08-19T20:07:23+00:00,2026-08-19 13:07 Wed,,false,,,,false,radancy:Intuit:23383
Intuit:22803,Intuit,Proactive Risk Specialist,"Atlanta, Georgia",,https://jobs.intuit.com/job/atlanta/proactive-risk-specialist/27595/98893448800,,,2026-08-07T18:41:34+00:00,2026-08-07 11:41 Fri,,false,,,,false,radancy:Intuit:22803
Intuit:22767,Intuit,Quality Risk Analyst 2,Multiple Locations,,https://jobs.intuit.com/job/frisco/quality-risk-analyst-2/27595/98097313248,,,2026-07-21T18:41:53+00:00,2026-07-21 11:41 Tue,,false,,,,false,radancy:Intuit:22767
Intuit:22456,Intuit,Real-Time Operations Senior Business Analyst,"San Diego, California",,https://jobs.intuit.com/job/san-diego/real-time-operations-senior-business-analyst/27595/97617057600,,,2026-07-12T07:45:02+00:00,2026-07-12 00:45 Sun,,false,,,,false,radancy:Intuit:22456
Intuit:22768,Intuit,Real-Time Operations Senior Business Analyst,"San Diego, California",,https://jobs.intuit.com/job/san-diego/real-time-operations-senior-business-analyst/27595/99035764048,,,2026-08-10T20:41:31+00:00,2026-08-10 13:41 Mon,,false,,,,false,radancy:Intuit:22768
Intuit:22544,Intuit,"Regional Manager, Retail Operations - TurboTax",Remote - New York - United States,,https://jobs.intuit.com/job/albany/regional-manager-retail-operations-turbotax/27595/98067762128,,,2026-07-21T00:41:22+00:00,2026-07-20 17:41 Mon,,false,,,,false,radancy:Intuit:22544
Intuit:22735,Intuit,Risk Management Specialist,"Frisco, Texas",,https://jobs.intuit.com/job/frisco/risk-management-specialist/27595/97918893472,,,2026-07-17T15:41:41+00:00,2026-07-17 08:41 Fri,,false,,,,false,radancy:Intuit:22735
Intuit:22811,Intuit,Risk Operations Manager 3,"Atlanta, Georgia",,https://jobs.intuit.com/job/atlanta/risk-operations-manager-3/27595/98708542304,,,2026-08-03T18:41:46+00:00,2026-08-03 11:41 Mon,,false,,,,false,radancy:Intuit:22811
Intuit:23121,Intuit,Risk Staff Software Engineer,"Mountain View, California",,https://jobs.intuit.com/job/mountain-view/risk-staff-software-engineer/27595/98769216176,,,2026-08-05T00:59:38+00:00,2026-08-04 17:59 Tue,,false,,,,false,radancy:Intuit:23121
Intuit:23175,Intuit,"Sales Enablement Program Leader, Financial Services",Multiple Locations,,https://jobs.intuit.com/job/frisco/sales-enablement-program-leader-financial-services/27595/99043632928,,,2026-08-11T00:41:50+00:00,2026-08-10 17:41 Mon,,false,,,,false,radancy:Intuit:23175
Intuit:22542,Intuit,Sales Operations & Strategy Manager - Emerging Midmarket,Multiple Locations,,https://jobs.intuit.com/job/mountain-view/sales-operations-and-strategy-manager-emerging-midmarket/27595/97197172656,,,2026-07-12T07:45:02+00:00,2026-07-12 00:45 Sun,,false,,,,false,radancy:Intuit:22542
Intuit:22510,Intuit,Seasonal CG Canada TurboTax Community Engagement Specialist,Remote - Ontario - Canada,,https://jobs.intuit.com/job/toronto/seasonal-cg-canada-turbotax-community-engagement-specialist/27595/97445280880,,,2026-07-12T07:45:02+00:00,2026-07-12 00:45 Sun,,false,,,,false,radancy:Intuit:22510
Intuit:22509,Intuit,Seasonal CG U.S. TurboTax Community Engagement Specialist,Remote - Arizona - United States,,https://jobs.intuit.com/job/phoenix/seasonal-cg-u-s-turbotax-community-engagement-specialist/27595/97445280864,,,2026-07-12T07:45:02+00:00,2026-07-12 00:45 Sun,,false,,,,false,radancy:Intuit:22509
Intuit:22699,Intuit,Seasonal Staff Tax Content Analyst,Multiple Locations,,https://jobs.intuit.com/job/toronto/seasonal-staff-tax-content-analyst/27595/98110341616,,,2026-08-03T09:21:28+00:00,2026-08-03 02:21 Mon,,false,,,,false,radancy:Intuit:22699
Intuit:22512,Intuit,Seasonal TurboTax Community Tax Expert - Online Writing Role,Multiple Locations,,https://jobs.intuit.com/job/tallahassee/seasonal-turbotax-community-tax-expert-online-writing-role/27595/97445280896,,,2026-07-12T07:45:02+00:00,2026-07-12 00:45 Sun,,false,,,,false,radancy:Intuit:22512
Intuit:22443,Intuit,Seasonal TurboTax Community Tax Expert Manager,Multiple Locations,,https://jobs.intuit.com/job/sacramento/seasonal-turbotax-community-tax-expert-manager/27595/97583881216,,,2026-07-12T07:45:02+00:00,2026-07-12 00:45 Sun,,false,,,,false,radancy:Intuit:22443
Intuit:22444,Intuit,Seasonal TurboTax Community Tax Expert Quality Lead,Multiple Locations,,https://jobs.intuit.com/job/sacramento/seasonal-turbotax-community-tax-expert-quality-lead/27595/97445280576,,,2026-07-12T07:45:02+00:00,2026-07-12 00:45 Sun,,false,,,,false,radancy:Intuit:22444
Intuit:22594,Intuit,Security Education & University Partnership Principle Program Manager,Multiple Locations,,https://jobs.intuit.com/job/san-diego/security-education-and-university-partnership-principle-program-manager/27595/97158657616,,,2026-07-12T07:45:02+00:00,2026-07-12 00:45 Sun,,false,,,,false,radancy:Intuit:22594
Intuit:22696,Intuit,Senior Account Executive - Mailchimp,"Atlanta, Georgia",,https://jobs.intuit.com/job/atlanta/senior-account-executive-mailchimp/27595/97925457456,,,2026-07-17T18:41:51+00:00,2026-07-17 11:41 Fri,,false,,,,false,radancy:Intuit:22696
Intuit:22334,Intuit,Senior Accountant,Multiple Locations,,https://jobs.intuit.com/job/san-diego/senior-accountant/27595/96482379888,,,2026-07-12T07:45:02+00:00,2026-07-12 00:45 Sun,,false,,,,false,radancy:Intuit:22334
Intuit:23204,Intuit,Senior Accountant,"Bangalore, India",,https://jobs.intuit.com/job/bengaluru/senior-accountant/27595/98728109648,,,2026-08-04T03:42:33+00:00,2026-08-03 20:42 Mon,,false,,,,false,radancy:Intuit:23204
Intuit:23339,Intuit,Senior Accountant,"London, United Kingdom",,https://jobs.intuit.com/job/london/senior-accountant/27595/99454009376,,,2026-08-19T21:47:52+00:00,2026-08-19 14:47 Wed,,false,,,,false,radancy:Intuit:23339
Intuit:22302,Intuit,Senior Accountant - Money Movement,"Bangalore, India",,https://jobs.intuit.com/job/bengaluru/senior-accountant-money-movement/27595/96330029920,,,2026-07-12T07:45:02+00:00,2026-07-12 00:45 Sun,,false,,,,false,radancy:Intuit:22302
Intuit:22365,Intuit,Senior Accountant - Shared Services (Liabilities),"Bangalore, India",,https://jobs.intuit.com/job/bengaluru/senior-accountant-shared-services-liabilities/27595/96330029968,,,2026-07-12T07:45:02+00:00,2026-07-12 00:45 Sun,,false,,,,false,radancy:Intuit:22365
Intuit:22853,Intuit,"Senior Analyst, Operations Strategy & Execution — Real-Time Operations","San Diego, California",,https://jobs.intuit.com/job/san-diego/senior-analyst-operations-strategy-and-execution-real-time-operations/27595/98848824128,,,2026-08-06T19:26:51+00:00,2026-08-06 12:26 Thu,,false,,,,false,radancy:Intuit:22853
Intuit:23295,Intuit,"Senior Business Data & AI Enablement Analyst - Legal, Compliance & Policy Org",Multiple Locations,,https://jobs.intuit.com/job/new-york/senior-technical-data-and-ai-enablement-analyst-legal-compliance-and-policy-org/27595/99090132336|https://jobs.intuit.com/job/new-york/senior-business-data-and-ai-enablement-analyst-legal-compliance-and-policy-org/27595/99090132336,,,2026-08-12T00:59:55+00:00,2026-08-11 17:59 Tue,,false,,,,false,radancy:Intuit:23295
Intuit:23224,Intuit,Senior Business Data Analyst,"Bangalore, India",,https://jobs.intuit.com/job/bengaluru/senior-business-data-analyst/27595/98803196432,,,2026-08-05T18:41:57+00:00,2026-08-05 11:41 Wed,,false,,,,false,radancy:Intuit:23224
Intuit:22932,Intuit,Senior Business Data Analyst - Network Headcount/Resource Planning (Consumer Group),"San Diego, California",,https://jobs.intuit.com/job/san-diego/senior-business-data-analyst-network-headcount-resource-planning-consumer-group/27595/98541264576,,,2026-07-31T00:59:30+00:00,2026-07-30 17:59 Thu,,false,,,,false,radancy:Intuit:22932
Intuit:22685,Intuit,Senior Business Operations Manager - CG,"San Diego, California",,https://jobs.intuit.com/job/san-diego/senior-business-operations-manager-cg/27595/97478258720,,,2026-07-12T07:45:02+00:00,2026-07-12 00:45 Sun,,false,,,,false,radancy:Intuit:22685
Intuit:23307,Intuit,Senior Business Operations Manager – Financial Operations,"Mountain View, California",,https://jobs.intuit.com/job/mountain-view/senior-business-operations-manager-financial-operations/27595/99370244672,,,2026-08-18T00:42:02+00:00,2026-08-17 17:42 Mon,,false,,,,false,radancy:Intuit:23307
Intuit:23199,Intuit,Senior Business Systems Analyst,"San Diego, California",,https://jobs.intuit.com/job/san-diego/senior-business-systems-analyst/27595/98541264448,,,2026-07-31T00:59:30+00:00,2026-07-30 17:59 Thu,,false,,,,false,radancy:Intuit:23199
Intuit:22031,Intuit,Senior Business Systems Analyst - Finance Transformation,Multiple Locations,,https://jobs.intuit.com/job/mountain-view/senior-business-systems-analyst-finance-transformation/27595/97245551616,,,2026-07-12T07:45:02+00:00,2026-07-12 00:45 Sun,,false,,,,false,radancy:Intuit:22031
Intuit:22517,Intuit,"Senior Compliance Manager, Sanctions Investigations (P3)",Multiple Locations,,https://jobs.intuit.com/job/mountain-view/senior-compliance-manager-sanctions-investigations-p3/27595/97850406496,,,2026-07-16T00:41:32+00:00,2026-07-15 17:41 Wed,,false,,,,false,radancy:Intuit:22517
Intuit:22535,Intuit,"Senior Counsel, Channels and Alliances",Multiple Locations,,https://jobs.intuit.com/job/mountain-view/senior-counsel-channels-and-alliances/27595/96971968704,,,2026-07-12T07:45:02+00:00,2026-07-12 00:45 Sun,,false,,,,false,radancy:Intuit:22535
Intuit:22440,Intuit,"Senior Critical Account Manager, IES",Multiple Locations,,https://jobs.intuit.com/job/atlanta/senior-critical-account-manager-ies/27595/97471594320,,,2026-07-12T07:45:02+00:00,2026-07-12 00:45 Sun,,false,,,,false,radancy:Intuit:22440
Intuit:22153,Intuit,Senior Customer Experience Pro (Delivery Design & Operations - Mid-Market,Multiple Locations,,https://jobs.intuit.com/job/tucson/senior-customer-experience-pro-delivery-design-and-operations-mid-market/27595/96010590592,,,2026-07-12T07:45:02+00:00,2026-07-12 00:45 Sun,,false,,,,false,radancy:Intuit:22153
Intuit:22370,Intuit,Senior Data Scientist,Multiple Locations,,https://jobs.intuit.com/job/san-diego/senior-data-scientist/27595/96275444848,,,2026-07-12T07:45:02+00:00,2026-07-12 00:45 Sun,,false,,,,false,radancy:Intuit:22370
Intuit:23269,Intuit,Senior Data Scientist,"Mountain View, California",,https://jobs.intuit.com/job/mountain-view/senior-data-scientist/27595/99074769696,,,2026-08-11T18:42:04+00:00,2026-08-11 11:42 Tue,,false,,,,false,radancy:Intuit:23269
Intuit:23412,Intuit,Senior Data Scientist - Consumer Group,"San Francisco, California",,https://jobs.intuit.com/job/san-francisco/senior-data-scientist-consumer-group/27595/99466209200,,,2026-08-20T00:41:21+00:00,2026-08-19 17:41 Wed,,false,,,,false,radancy:Intuit:23412
Intuit:22695,Intuit,"Senior Data Scientist, Customer Success","San Diego, California",,https://jobs.intuit.com/job/san-diego/senior-data-scientist-customer-success/27595/97931054224,,,2026-07-17T20:41:42+00:00,2026-07-17 13:41 Fri,,false,,,,false,radancy:Intuit:22695
Intuit:22964,Intuit,"Senior Data Scientist, GBSG Demand Planning","San Diego, California",,https://jobs.intuit.com/job/san-diego/senior-data-scientist-gbsg-demand-planning/27595/99043632880,,,2026-08-11T00:41:50+00:00,2026-08-10 17:41 Mon,,false,,,,false,radancy:Intuit:22964
Intuit:23362,Intuit,Senior Digital Sales Outbound Professional,Remote - Virginia - United States,,https://jobs.intuit.com/job/richmond/senior-digital-sales-outbound-professional/27595/99442469680,,,2026-08-19T20:00:06+00:00,2026-08-19 13:00 Wed,,false,,,,false,radancy:Intuit:23362
Intuit:22330,Intuit,Senior Forensic Investigations Analyst,Multiple Locations,,https://jobs.intuit.com/job/atlanta/senior-forensic-investigations-analyst/27595/97245551632,,,2026-07-12T07:45:02+00:00,2026-07-12 00:45 Sun,,false,,,,false,radancy:Intuit:22330
Intuit:22991,Intuit,"Senior Fraud and Risk Analyst, QuickBooks Money Services","Mountain View, California",,https://jobs.intuit.com/job/mountain-view/senior-fraud-and-risk-analyst-quickbooks-money-services/27595/98431381504,,,2026-07-29T05:41:11+00:00,2026-07-28 22:41 Tue,,false,,,,false,radancy:Intuit:22991
Intuit:22747,Intuit,Senior Global Benefits Manager - Operations COE,Multiple Locations,,https://jobs.intuit.com/job/san-diego/senior-global-benefits-manager-operations-coe/27595/98234691104,,,2026-07-24T18:41:59+00:00,2026-07-24 11:41 Fri,,false,,,,false,radancy:Intuit:22747
Intuit:22537,Intuit,Senior Government Form Specialist,Multiple Locations,,https://jobs.intuit.com/job/toronto/senior-government-form-specialist/27595/96966844576,,,2026-07-12T07:45:02+00:00,2026-07-12 00:45 Sun,,false,,,,false,radancy:Intuit:22537
Intuit:22765,Intuit,Senior Growth Systems Experience Manager,"Mountain View, California",,https://jobs.intuit.com/job/mountain-view/senior-growth-systems-experience-manager/27595/97925457552,,,2026-07-17T18:41:51+00:00,2026-07-17 11:41 Fri,,false,,,,false,radancy:Intuit:22765
Intuit:23237,Intuit,Senior Learning Capability Partner,Multiple Locations,,https://jobs.intuit.com/job/san-diego/senior-learning-capability-partner/27595/99212943728,,,2026-08-14T16:00:10+00:00,2026-08-14 09:00 Fri,,false,,,,false,radancy:Intuit:23237
Intuit:23227,Intuit,Senior Learning Capability Partner,Multiple Locations,,https://jobs.intuit.com/job/san-diego/senior-learning-capability-partner/27595/99226312288,,,2026-08-14T20:41:46+00:00,2026-08-14 13:41 Fri,,false,,,,false,radancy:Intuit:23227
Intuit:23315,Intuit,"Senior Machine Learning Engineer, Foundational Models and Agentic systems","Petach Tikva, Israel",,https://jobs.intuit.com/job/petah-tikva/senior-machine-learning-engineer-foundational-models-and-agentic-systems/27595/99338970560,,,2026-08-17T11:40:34+00:00,2026-08-17 04:40 Mon,,false,,,,false,radancy:Intuit:23315
Intuit:22990,Intuit,"Senior Manager (M2), Partner Resolution Management",Multiple Locations,,https://jobs.intuit.com/job/phoenix/senior-manager-m2-partner-resolution-management/27595/98708549952,,,2026-08-03T18:41:46+00:00,2026-08-03 11:41 Mon,,false,,,,false,radancy:Intuit:22990
Intuit:22329,Intuit,"Senior Manager, Customer Success (Money)",Multiple Locations,,https://jobs.intuit.com/job/atlanta/senior-manager-customer-success-money/27595/96363404256,,,2026-07-12T07:45:02+00:00,2026-07-12 00:45 Sun,,false,,,,false,radancy:Intuit:22329
Intuit:22920,Intuit,"Senior Manager, Partner Management – Workforce Solutions","Mountain View, California",,https://jobs.intuit.com/job/mountain-view/partner-development-manager-workforce-solutions/27595/98900556720|https://jobs.intuit.com/job/mountain-view/senior-manager-partner-management-workforce-solutions/27595/98900556720,,,2026-08-07T21:00:12+00:00,2026-08-07 14:00 Fri,,false,,,,false,radancy:Intuit:22920
Intuit:22528,Intuit,Senior Partner Development Manager,Multiple Locations,,https://jobs.intuit.com/job/atlanta/senior-partner-development-manager/27595/97445280944,,,2026-07-12T07:45:02+00:00,2026-07-12 00:45 Sun,,false,,,,false,radancy:Intuit:22528
Intuit:22410,Intuit,"Senior Payroll Compliance Manager - Payroll Tax Specialist, US & Canada",Multiple Locations,,https://jobs.intuit.com/job/sacramento/senior-payroll-compliance-manager-payroll-tax-specialist-us-and-canada/27595/96981154192,,,2026-07-12T07:45:02+00:00,2026-07-12 00:45 Sun,,false,,,,false,radancy:Intuit:22410
Intuit:19137,Intuit,Senior Pre-Sales Engineer,Multiple Locations,,https://jobs.intuit.com/job/atlanta/senior-pre-sales-engineer/27595/97830140352,,,2026-07-15T15:41:44+00:00,2026-07-15 08:41 Wed,,false,,,,false,radancy:Intuit:19137
Intuit:22350,Intuit,"Senior Pre-Sales Engineer, Mid Market",Multiple Locations,,https://jobs.intuit.com/job/charlotte/senior-pre-sales-engineer-mid-market/27595/96781251488,,,2026-07-12T07:45:02+00:00,2026-07-12 00:45 Sun,,false,,,,false,radancy:Intuit:22350
Intuit:22731,Intuit,"Senior Pre-Sales Engineer, Mid Market","Charlotte, North Carolina",,https://jobs.intuit.com/job/charlotte/senior-pre-sales-engineer-mid-market/27595/98097306704,,,2026-07-21T18:41:53+00:00,2026-07-21 11:41 Tue,,false,,,,false,radancy:Intuit:22731
Intuit:23221,Intuit,Senior Principal - Corporate Strategy & Development,"Mountain View, California",,https://jobs.intuit.com/job/mountain-view/senior-principal-corporate-strategy-and-development/27595/99179843232,,,2026-08-13T20:41:47+00:00,2026-08-13 13:41 Thu,,false,,,,false,radancy:Intuit:23221
Intuit:22398,Intuit,Senior Product Manager - QuickBooks Capital Marketplace,"San Francisco, California",,https://jobs.intuit.com/job/san-francisco/senior-product-manager-quickbooks-capital-marketplace/27595/97617057552,,,2026-07-12T07:45:02+00:00,2026-07-12 00:45 Sun,,false,,,,false,radancy:Intuit:22398
Intuit:22577,Intuit,Senior Sales Technology Operations Analyst,Remote - Pennsylvania - United States,,https://jobs.intuit.com/job/harrisburg/senior-sales-technology-operations-analyst/27595/97622172128,,,2026-07-12T07:45:02+00:00,2026-07-12 00:45 Sun,,false,,,,false,radancy:Intuit:22577
Intuit:23468,Intuit,Senior Service Desk Analyst,"Bangalore, India",,https://jobs.intuit.com/job/bengaluru/senior-service-desk-analyst/27595/99383967792,,,2026-08-18T08:41:51+00:00,2026-08-18 01:41 Tue,,false,,,,false,radancy:Intuit:23468
Intuit:22721,Intuit,Senior Software Engineer,"Bangalore, India",,https://jobs.intuit.com/job/bengaluru/senior-software-engineer/27595/97771030560,,,2026-07-14T05:58:49+00:00,2026-07-13 22:58 Mon,,false,,,,false,radancy:Intuit:22721
Intuit:22884,Intuit,Senior Software Engineer,"Bangalore, India",,https://jobs.intuit.com/job/bengaluru/senior-software-engineer/27595/98160315968,,,2026-07-23T12:41:22+00:00,2026-07-23 05:41 Thu,,false,,,,false,radancy:Intuit:22884
Intuit:22678,Intuit,Senior Software Engineer,"Mountain View, California",,https://jobs.intuit.com/job/mountain-view/senior-software-engineer/27595/98418048320,,,2026-07-28T15:42:00+00:00,2026-07-28 08:42 Tue,,false,,,,false,radancy:Intuit:22678
Intuit:23122,Intuit,Senior Software Engineer,"New York, New York",,https://jobs.intuit.com/job/new-york/senior-software-engineer/27595/99135953952,,,2026-08-13T00:42:05+00:00,2026-08-12 17:42 Wed,,false,,,,false,radancy:Intuit:23122
Intuit:23123,Intuit,Senior Software Engineer,"Mountain View, California",,https://jobs.intuit.com/job/mountain-view/senior-software-engineer/27595/99135954000,,,2026-08-13T00:42:05+00:00,2026-08-12 17:42 Wed,,false,,,,false,radancy:Intuit:23123
Intuit:22656,Intuit,Senior Software Engineer - AI Builder,"Bangalore, India",,https://jobs.intuit.com/job/bengaluru/senior-software-engineer-ai-builder/27595/97787383776,,,2026-07-14T15:59:40+00:00,2026-07-14 08:59 Tue,,false,,,,false,radancy:Intuit:22656
Intuit:22586,Intuit,Senior Staff Brand and Marketing Designer,Multiple Locations,,https://jobs.intuit.com/job/atlanta/senior-staff-brand-and-marketing-designer/27595/98431381568,,,2026-07-29T05:41:11+00:00,2026-07-28 22:41 Tue,,false,,,,false,radancy:Intuit:22586
Intuit:22650,Intuit,Senior Staff Credit Risk Analyst,Multiple Locations,,https://jobs.intuit.com/job/new-york/senior-staff-credit-risk-analyst/27595/97754477152,,,2026-07-13T20:59:16+00:00,2026-07-13 13:59 Mon,,false,,,,false,radancy:Intuit:22650
Intuit:23384,Intuit,Senior Staff Data Engineer - Experimentation Platform,"Bangalore, India",,https://jobs.intuit.com/job/bengaluru/senior-staff-data-engineer-experimentation-platform/27595/99378057776,,,2026-08-18T05:41:38+00:00,2026-08-17 22:41 Mon,,false,,,,false,radancy:Intuit:23384
Intuit:23393,Intuit,Senior Staff Data Scientist - Machine Learning,"Mountain View, California",,https://jobs.intuit.com/job/mountain-view/senior-staff-data-scientist-machine-learning/27595/99090132272,,,2026-08-12T00:59:55+00:00,2026-08-11 17:59 Tue,,false,,,,false,radancy:Intuit:23393
Intuit:22994,Intuit,Senior Staff Database Engineer,Multiple Locations,,https://jobs.intuit.com/job/atlanta/senior-staff-database-engineer/27595/98097313296,,,2026-07-21T18:41:53+00:00,2026-07-21 11:41 Tue,,false,,,,false,radancy:Intuit:22994
Intuit:22024,Intuit,Senior Staff Financial Risk Analyst - Fintech,Multiple Locations,,https://jobs.intuit.com/job/new-york/senior-staff-financial-risk-analyst-fintech/27595/96175376912,,,2026-07-12T07:45:02+00:00,2026-07-12 00:45 Sun,,false,,,,false,radancy:Intuit:22024
Intuit:22581,Intuit,Senior Staff Product Manager - Expert Platform,"Bangalore, India",,https://jobs.intuit.com/job/bengaluru/senior-staff-product-manager-expert-platform/27595/97216553744,,,2026-07-12T07:45:02+00:00,2026-07-12 00:45 Sun,,false,,,,false,radancy:Intuit:22581
Intuit:22421,Intuit,Senior Staff Product Manager - VEP Sales Technology,Multiple Locations,,https://jobs.intuit.com/job/mountain-view/senior-staff-product-manager-vep-sales-technology/27595/97166569776,,,2026-07-12T07:45:02+00:00,2026-07-12 00:45 Sun,,false,,,,false,radancy:Intuit:22421
Intuit:22760,Intuit,Senior Staff Product Manager - VEP Sales Technology,Multiple Locations,,https://jobs.intuit.com/job/frisco/senior-staff-product-manager-vep-sales-technology/27595/98440058688,,,2026-07-29T05:41:11+00:00,2026-07-28 22:41 Tue,,false,,,,false,radancy:Intuit:22760
Intuit:22728,Intuit,"Senior Staff Product Manager, AI Workflow Enablement Lead",Multiple Locations,,https://jobs.intuit.com/job/mountain-view/senior-staff-product-manager-ai-workflow-enablement-lead/27595/97837239888|https://jobs.intuit.com/job/mountain-view/sr-staff-product-manager-ai-enablement-lead/27595/97837239888,,,2026-07-15T18:42:06+00:00,2026-07-15 11:42 Wed,,false,,,,false,radancy:Intuit:22728
Intuit:22751,Intuit,"Senior Staff Product Manager, Financial Data","Mountain View, California",,https://jobs.intuit.com/job/mountain-view/senior-staff-product-manager-financial-data/27595/98472064704,,,2026-07-29T21:41:15+00:00,2026-07-29 14:41 Wed,,false,,,,false,radancy:Intuit:22751
Intuit:22409,Intuit,"Senior Staff Product Manager, Partner Payouts & Incentives Platform",Multiple Locations,,https://jobs.intuit.com/job/mountain-view/senior-staff-product-manager-partner-payouts-and-incentives-platform/27595/96477128608,,,2026-07-12T07:45:02+00:00,2026-07-12 00:45 Sun,,false,,,,false,radancy:Intuit:22409
Intuit:23248,Intuit,"Senior Staff Product Manager, Tech Strategic Program: AI Apps & Tools","Mountain View, California",,https://jobs.intuit.com/job/mountain-view/senior-staff-product-manager-tech-strategic-program-ai-apps-and-tools/27595/99035764000,,,2026-08-10T20:41:31+00:00,2026-08-10 13:41 Mon,,false,,,,false,radancy:Intuit:23248
Intuit:22237,Intuit,Senior Staff Software Engineer,"Bangalore, India",,https://jobs.intuit.com/job/bengaluru/senior-staff-software-engineer/27595/95972804096,,,2026-07-12T07:45:02+00:00,2026-07-12 00:45 Sun,,false,,,,false,radancy:Intuit:22237
Intuit:22572,Intuit,Senior Staff Software Engineer,Multiple Locations,,https://jobs.intuit.com/job/mountain-view/senior-staff-software-engineer/27595/97895221824,,,2026-08-03T09:21:28+00:00,2026-08-03 02:21 Mon,,false,,,,false,radancy:Intuit:22572
Intuit:22574,Intuit,Senior Staff Software Engineer,Multiple Locations,,https://jobs.intuit.com/job/mountain-view/senior-staff-software-engineer/27595/97895221808,,,2026-08-03T09:21:28+00:00,2026-08-03 02:21 Mon,,false,,,,false,radancy:Intuit:22574
Intuit:23134,Intuit,Senior Staff Software Engineer - Platform,"Bangalore, India",,https://jobs.intuit.com/job/bengaluru/senior-staff-software-engineer-platform/27595/98405304320,,,2026-07-28T08:41:26+00:00,2026-07-28 01:41 Tue,,false,,,,false,radancy:Intuit:23134
Intuit:23017,Intuit,Senior Staff Software Engineer – FLP Tech,"Bangalore, India",,https://jobs.intuit.com/job/bengaluru/senior-staff-software-engineer-flp-tech/27595/99212943584,,,2026-08-18T02:56:28+00:00,2026-08-17 19:56 Mon,,false,,,,false,radancy:Intuit:23017
Intuit:22602,Intuit,"Senior Staff Software Engineer, Clickstream & Behavioral Instrumentation","Mountain View, California",,https://jobs.intuit.com/job/mountain-view/senior-staff-software-engineer-clickstream-and-behavioral-instrumentation/27595/97575558064,,,2026-07-12T07:45:02+00:00,2026-07-12 00:45 Sun,,false,,,,false,radancy:Intuit:22602
Intuit:22479,Intuit,"Senior Staff Software Engineer, DataX","Mountain View, California",,https://jobs.intuit.com/job/mountain-view/senior-staff-software-engineer-datax/27595/96890760288,,,2026-07-12T07:45:02+00:00,2026-07-12 00:45 Sun,,false,,,,false,radancy:Intuit:22479
Intuit:21520,Intuit,"Senior Staff Software Engineer, Developer Productivity",Remote - New York - United States,,https://jobs.intuit.com/job/albany/senior-staff-software-engineer-developer-productivity/27595/96175376720,,,2026-07-12T07:45:02+00:00,2026-07-12 00:45 Sun,,false,,,,false,radancy:Intuit:21520
Intuit:23092,Intuit,"Senior Staff Software Engineer, Developer Productivity","Bangalore, India",,https://jobs.intuit.com/job/bengaluru/senior-staff-software-engineer-developer-productivity/27595/98405304304,,,2026-07-28T08:41:26+00:00,2026-07-28 01:41 Tue,,false,,,,false,radancy:Intuit:23092
Intuit:22604,Intuit,"Senior Staff Software Engineer, Traffic Platform","San Diego, California",,https://jobs.intuit.com/job/san-diego/senior-staff-software-engineer-traffic-platform/27595/97445281280,,,2026-07-12T07:45:02+00:00,2026-07-12 00:45 Sun,,false,,,,false,radancy:Intuit:22604
Intuit:23283,Intuit,Senior Staff SWE,"New York, New York",,https://jobs.intuit.com/job/new-york/senior-staff-swe/27595/98796242368,,,2026-08-05T15:59:36+00:00,2026-08-05 08:59 Wed,,false,,,,false,radancy:Intuit:23283
Intuit:23494,Intuit,Senior Staff Talent Analytics Lead,Multiple Locations,,https://jobs.intuit.com/job/san-diego/senior-staff-talent-analytics-lead/27595/99418012080,,,2026-08-19T00:53:18+00:00,2026-08-18 17:53 Tue,,false,,,,false,radancy:Intuit:23494
Intuit:22888,Intuit,Senior Staff Technical Program Manager - Mid-Market,Multiple Locations,,https://jobs.intuit.com/job/mountain-view/senior-staff-technical-program-manager-mid-market/27595/98179602496,,,2026-08-03T09:21:28+00:00,2026-08-03 02:21 Mon,,false,,,,false,radancy:Intuit:22888
Intuit:23492,Intuit,Senior Staff Technical Program Manager - Technical Strategy Development,Multiple Locations,,https://jobs.intuit.com/job/san-diego/senior-staff-technical-program-manager-technical-strategy-development/27595/99370244752,,,2026-08-18T00:42:02+00:00,2026-08-17 17:42 Mon,,false,,,,false,radancy:Intuit:23492
Intuit:22740,Intuit,Senior Systems Engineer - Delivery DevOps,"Atlanta, Georgia",,https://jobs.intuit.com/job/atlanta/senior-systems-engineer-delivery-devops/27595/98228024000,,,2026-07-24T15:41:48+00:00,2026-07-24 08:41 Fri,,false,,,,false,radancy:Intuit:22740
Intuit:22754,Intuit,Senior Technical Support Engineer,"Bangalore, India",,https://jobs.intuit.com/job/bengaluru/senior-technical-support-engineer/27595/98209356800,,,2026-07-24T05:41:07+00:00,2026-07-23 22:41 Thu,,false,,,,false,radancy:Intuit:22754
Intuit:22235,Intuit,Shared Services - Senior Accountant,"Bangalore, India",,https://jobs.intuit.com/job/bengaluru/shared-services-senior-accountant/27595/96495563392,,,2026-07-12T07:45:02+00:00,2026-07-12 00:45 Sun,,false,,,,false,radancy:Intuit:22235
Intuit:d249bf80-6b21-4361-bcab-b047533c7142,Intuit,Software Developer Co-op,"Toronto, ON, Canada",Software,https://jobs.intuit.com/job/toronto/fall-2026-software-developer-co-op-8-months/27595/97091591056,2026-06-29,2026-06-29,2026-07-07T05:59:38+00:00,2026-07-06 22:59 Mon,,false,,,,false,simplify:Simplify Internships:d249bf80-6b21-4361-bcab-b047533c7142|radancy:Intuit:22605
Intuit:22865,Intuit,Software Engineer 1 - Android,"Mountain View, California",,https://jobs.intuit.com/job/mountain-view/software-engineer-1-android/27595/98200469856,,,2026-07-24T00:41:40+00:00,2026-07-23 17:41 Thu,Software Engineering,true,Keyword,40,keyword-only heuristic,false,radancy:Intuit:22865
Intuit:23354,Intuit,Software Engineer Intern,NYC,Software,https://jobs.intuit.com/job/new-york/intern-software-engineering/27595/99410270400,2026-08-18,2026-08-18,2026-08-18T20:52:05+00:00,2026-08-18 13:52 Tue,Software Engineering,true,Keyword,51,title-only listing; auto-passed (no description to score),true,radancy:Intuit:23354|simplify:Simplify Internships:9cc1f56c-0976-4b70-858c-3ca47bbd6331
Intuit:22533,Intuit,"Solution Architect, Channel Sales Professional Services Team",Multiple Locations,,https://jobs.intuit.com/job/frisco/solution-architect-channel-sales-professional-services-team/27595/98808462272,,,2026-08-05T20:48:01+00:00,2026-08-05 13:48 Wed,,false,,,,false,radancy:Intuit:22533
Intuit:22478,Intuit,"Sr Data Scientist, Demand Planning","San Diego, California",,https://jobs.intuit.com/job/san-diego/sr-data-scientist-demand-planning/27595/96793260176,,,2026-07-12T07:45:02+00:00,2026-07-12 00:45 Sun,,false,,,,false,radancy:Intuit:22478
Intuit:23432,Intuit,"Sr Manager, Data Science, Forecasting","San Diego, California",,https://jobs.intuit.com/job/san-diego/sr-manager-data-science-forecasting/27595/99174452816,,,2026-08-13T18:36:41+00:00,2026-08-13 11:36 Thu,,false,,,,false,radancy:Intuit:23432
Intuit:22406,Intuit,Sr Staff Business Systems Solutions Architect,"Mountain View, California",,https://jobs.intuit.com/job/mountain-view/sr-staff-business-systems-solutions-architect/27595/96801726720,,,2026-07-12T07:45:02+00:00,2026-07-12 00:45 Sun,,false,,,,false,radancy:Intuit:22406
Intuit:22937,Intuit,"Sr Staff Technical Program Manager, Technology Operating Rhythm",Multiple Locations,,https://jobs.intuit.com/job/mountain-view/sr-staff-technical-program-manager-technology-operating-rhythm/27595/99121993248,,,2026-08-12T18:42:47+00:00,2026-08-12 11:42 Wed,,false,,,,false,radancy:Intuit:22937
Intuit:22564,Intuit,"Sr. Executive Assistant, Payments & Money Big Bet","Mountain View, California",,https://jobs.intuit.com/job/mountain-view/sr-executive-assistant-payments-and-money-big-bet/27595/97144694256,,,2026-07-12T07:45:02+00:00,2026-07-12 00:45 Sun,,false,,,,false,radancy:Intuit:22564
Intuit:22036,Intuit,"Sr. Manager, Next Level Help, Intuit Enterprise Suite",Multiple Locations,,https://jobs.intuit.com/job/atlanta/sr-manager-next-level-help-intuit-enterprise-suite/27595/97197172640,,,2026-07-12T07:45:02+00:00,2026-07-12 00:45 Sun,,false,,,,false,radancy:Intuit:22036
Intuit:22500,Intuit,"Sr. Staff Data Scientist, Lending",Multiple Locations,,https://jobs.intuit.com/job/mountain-view/sr-staff-data-scientist-lending/27595/97191332976,,,2026-07-12T07:45:02+00:00,2026-07-12 00:45 Sun,,false,,,,false,radancy:Intuit:22500
Intuit:22752,Intuit,Sr. Staff Technical Program Manager - Fintech,Multiple Locations,,https://jobs.intuit.com/job/new-york/sr-staff-technical-program-manager-fintech/27595/97762493040,,,2026-07-14T00:40:54+00:00,2026-07-13 17:40 Mon,,false,,,,false,radancy:Intuit:22752
Intuit:23084,Intuit,Sr. Tax Analyst,"Bangalore, India",,https://jobs.intuit.com/job/bengaluru/sr-tax-analyst/27595/98687838928,,,2026-08-03T08:41:32+00:00,2026-08-03 01:41 Mon,,false,,,,false,radancy:Intuit:23084
Intuit:23376,Intuit,Staff AI Research Scientist,"Mountain View, California",,https://jobs.intuit.com/job/mountain-view/staff-ai-research-scientist/27595/99121993216,,,2026-08-12T18:42:47+00:00,2026-08-12 11:42 Wed,,false,,,,false,radancy:Intuit:23376
Intuit:22784,Intuit,Staff AI Scientist,"Petach Tikva, Israel",,https://jobs.intuit.com/job/petah-tikva/staff-ai-scientist/27595/98179602192|https://jobs.intuit.com/job/petah-tikva/staff-ai-scientist/27595/98082045488,,,2026-07-21T11:42:01+00:00,2026-07-21 04:42 Tue,,false,,,,false,radancy:Intuit:22784
Intuit:23296,Intuit,Staff AI Scientist,"Atlanta, Georgia",,https://jobs.intuit.com/job/atlanta/staff-ai-scientist/27595/98848829472,,,2026-08-06T19:26:51+00:00,2026-08-06 12:26 Thu,,false,,,,false,radancy:Intuit:23296
Intuit:22084,Intuit,Staff AML Compliance Manager,Multiple Locations,,https://jobs.intuit.com/job/mountain-view/staff-aml-compliance-manager/27595/95955481520,,,2026-07-12T07:45:02+00:00,2026-07-12 00:45 Sun,,false,,,,false,radancy:Intuit:22084
Intuit:22692,Intuit,Staff App Ops Engineer,"New York, New York",,https://jobs.intuit.com/job/new-york/staff-app-ops-engineer/27595/98524920400,,,2026-07-30T18:41:42+00:00,2026-07-30 11:41 Thu,,false,,,,false,radancy:Intuit:22692
Intuit:22693,Intuit,Staff App Ops Engineer,"Mountain View, California",,https://jobs.intuit.com/job/mountain-view/staff-app-ops-engineer/27595/98524920416,,,2026-07-30T18:41:42+00:00,2026-07-30 11:41 Thu,,false,,,,false,radancy:Intuit:22693
Intuit:22122,Intuit,Staff Business Data Analyst,"Bangalore, India",,https://jobs.intuit.com/job/bengaluru/staff-business-data-analyst/27595/96283032896,,,2026-07-12T07:45:02+00:00,2026-07-12 00:45 Sun,,false,,,,false,radancy:Intuit:22122
Intuit:22305,Intuit,Staff Business Data Analyst - Network Planning,"San Diego, California",,https://jobs.intuit.com/job/san-diego/staff-business-data-analyst-network-planning/27595/96267286416,,,2026-07-12T07:45:02+00:00,2026-07-12 00:45 Sun,,false,,,,false,radancy:Intuit:22305
Intuit:22761,Intuit,Staff Business Data Analyst – Network Headcount/Resource Planning (Consumer Group),"San Diego, California",,https://jobs.intuit.com/job/san-diego/staff-business-data-analyst-network-headcount-resource-planning-consumer-group/27595/97881292128,,,2026-07-16T18:41:38+00:00,2026-07-16 11:41 Thu,,false,,,,false,radancy:Intuit:22761
Intuit:23332,Intuit,Staff Business Data Analyst – Network Headcount/Resource Planning (Consumer Group),"San Diego, California",,https://jobs.intuit.com/job/san-diego/staff-business-data-analyst-network-headcount-resource-planning-consumer-group/27595/99188829920,,,2026-08-14T00:41:59+00:00,2026-08-13 17:41 Thu,,false,,,,false,radancy:Intuit:23332
Intuit:22774,Intuit,Staff Business Data Analyst – Network Planning,"Bangalore, India",,https://jobs.intuit.com/job/bengaluru/staff-business-data-analyst-network-planning/27595/98405304240,,,2026-07-28T08:41:26+00:00,2026-07-28 01:41 Tue,,false,,,,false,radancy:Intuit:22774
Intuit:23337,Intuit,Staff Business Development Manager - Consumer Money,Multiple Locations,,https://jobs.intuit.com/job/charlotte/staff-business-development-manager-consumer-money/27595/99404744832,,,2026-08-18T18:53:47+00:00,2026-08-18 11:53 Tue,,false,,,,false,radancy:Intuit:23337
Intuit:22643,Intuit,Staff Business Systems Analyst,Multiple Locations,,https://jobs.intuit.com/job/mountain-view/staff-business-systems-analyst/27595/98058708304,,,2026-07-20T20:48:08+00:00,2026-07-20 13:48 Mon,,false,,,,false,radancy:Intuit:22643
Intuit:22866,Intuit,Staff Business Systems Analyst - Core Finance Systems,"Mountain View, California",,https://jobs.intuit.com/job/mountain-view/staff-business-systems-analyst-core-finance-systems/27595/99048102736,,,2026-08-11T03:41:29+00:00,2026-08-10 20:41 Mon,,false,,,,false,radancy:Intuit:22866
Intuit:22726,Intuit,Staff Business Systems Analyst - Finance Systems,Multiple Locations,,https://jobs.intuit.com/job/san-diego/staff-business-systems-analyst-finance-systems/27595/98440066592,,,2026-07-29T05:41:11+00:00,2026-07-28 22:41 Tue,,false,,,,false,radancy:Intuit:22726
Intuit:22257,Intuit,Staff Business Systems Analyst – Contact Center Routing,Multiple Locations,,https://jobs.intuit.com/job/san-diego/staff-business-systems-analyst-contact-center-routing/27595/96188359792,,,2026-07-12T07:45:02+00:00,2026-07-12 00:45 Sun,,false,,,,false,radancy:Intuit:22257
Intuit:23205,Intuit,"Staff Cloud Software Engineer – Edge, CDN & WAF","San Diego, California",,https://jobs.intuit.com/job/san-diego/staff-cloud-software-engineer-edge-cdn-and-waf/27595/99074769648,,,2026-08-11T18:42:04+00:00,2026-08-11 11:42 Tue,,false,,,,false,radancy:Intuit:23205
Intuit:22134,Intuit,Staff Customer Experience Professional,Multiple Locations,,https://jobs.intuit.com/job/san-diego/staff-customer-experience-professional/27595/96922204240,,,2026-07-12T07:45:02+00:00,2026-07-12 00:45 Sun,,false,,,,false,radancy:Intuit:22134
Intuit:22674,Intuit,Staff Customer Experience Strategist,Multiple Locations,,https://jobs.intuit.com/job/mountain-view/staff-customer-experience-strategist/27595/98102226512,,,2026-07-21T20:41:32+00:00,2026-07-21 13:41 Tue,,false,,,,false,radancy:Intuit:22674
Intuit:22360,Intuit,"Staff CX Strategy Leader, Premium Services Monetization",Multiple Locations,,https://jobs.intuit.com/job/atlanta/staff-cx-strategy-leader-premium-services-monetization/27595/97149721968,,,2026-07-12T07:45:02+00:00,2026-07-12 00:45 Sun,,false,,,,false,radancy:Intuit:22360
Intuit:22930,Intuit,Staff Data Engineer - Credit Karma,Multiple Locations,,https://jobs.intuit.com/job/oakland/staff-data-engineer-credit-karma/27595/98385225248|https://jobs.intuit.com/job/oakland/staff-data-engineer-credit-karma-data/27595/98385225248,,,2026-07-27T20:41:29+00:00,2026-07-27 13:41 Mon,,false,,,,false,radancy:Intuit:22930
Intuit:23012,Intuit,Staff Data Engineer - Dev360,Multiple Locations,,https://jobs.intuit.com/job/mountain-view/staff-data-engineer-dev360/27595/98530080448,,,2026-07-30T20:42:03+00:00,2026-07-30 13:42 Thu,,false,,,,false,radancy:Intuit:23012
Intuit:22640,Intuit,Staff Data Engineer - Intuit Experimentation Team (IXP),Multiple Locations,,https://jobs.intuit.com/job/mountain-view/staff-data-engineer-intuit-experimentation-team-ixp/27595/97478258800,,,2026-07-12T07:45:02+00:00,2026-07-12 00:45 Sun,,false,,,,false,radancy:Intuit:22640
Intuit:22618,Intuit,Staff Data Engineer - Quickbooks Capital and Lending,"Mountain View, California",,https://jobs.intuit.com/job/mountain-view/staff-data-engineer-quickbooks-capital-and-lending/27595/97881292048,,,2026-07-16T18:41:38+00:00,2026-07-16 11:41 Thu,,false,,,,false,radancy:Intuit:22618
Intuit:22340,Intuit,Staff Data Scientist,Multiple Locations,,https://jobs.intuit.com/job/mountain-view/staff-data-scientist/27595/96960241952,,,2026-07-12T07:45:02+00:00,2026-07-12 00:45 Sun,,false,,,,false,radancy:Intuit:22340
Intuit:22345,Intuit,Staff Data Scientist,"Mountain View, California",,https://jobs.intuit.com/job/mountain-view/staff-data-scientist/27595/96609810416,,,2026-07-12T07:45:02+00:00,2026-07-12 00:45 Sun,,false,,,,false,radancy:Intuit:22345
Intuit:22368,Intuit,Staff Data Scientist,Multiple Locations,,https://jobs.intuit.com/job/san-diego/staff-data-scientist/27595/96275444784,,,2026-07-12T07:45:02+00:00,2026-07-12 00:45 Sun,,false,,,,false,radancy:Intuit:22368
Intuit:23366,Intuit,Staff Data Scientist,"Mountain View, California",,https://jobs.intuit.com/job/mountain-view/staff-data-scientist/27595/99174451056,,,2026-08-13T18:36:41+00:00,2026-08-13 11:36 Thu,,false,,,,false,radancy:Intuit:23366
Intuit:22749,Intuit,Staff Data Scientist - Corporate Finance,"Mountain View, California",,https://jobs.intuit.com/job/mountain-view/staff-data-scientist-corporate-finance/27595/97793819424,,,2026-07-14T18:49:44+00:00,2026-07-14 11:49 Tue,,false,,,,false,radancy:Intuit:22749
Intuit:22633,Intuit,Staff Data Scientist – Voice of the Customer (VoC),Multiple Locations,,https://jobs.intuit.com/job/san-diego/staff-data-scientist-voice-of-the-customer-voc/27595/98097306960,,,2026-07-21T18:41:53+00:00,2026-07-21 11:41 Tue,,false,,,,false,radancy:Intuit:22633
Intuit:23039,Intuit,"Staff Data Scientist, ICS Data Science - Expert Experiences","Mountain View, California",,https://jobs.intuit.com/job/mountain-view/staff-data-scientist-ics-data-science-expert-experiences/27595/98144714144,,,2026-07-22T20:41:50+00:00,2026-07-22 13:41 Wed,,false,,,,false,radancy:Intuit:23039
Intuit:22405,Intuit,Staff Database Administrator,"Bangalore, India",,https://jobs.intuit.com/job/bengaluru/staff-database-administrator/27595/96767168592,,,2026-07-12T07:45:02+00:00,2026-07-12 00:45 Sun,,false,,,,false,radancy:Intuit:22405
Intuit:22630,Intuit,Staff Database Engineer,Multiple Locations,,https://jobs.intuit.com/job/atlanta/staff-database-engineer/27595/97939452592,,,2026-07-18T00:41:27+00:00,2026-07-17 17:41 Fri,,false,,,,false,radancy:Intuit:22630
Intuit:22769,Intuit,Staff Design Researcher - Data and Growth Experiences,"Mountain View, California",,https://jobs.intuit.com/job/mountain-view/staff-design-researcher-data-and-growth-experiences/27595/98091150112,,,2026-07-21T15:59:56+00:00,2026-07-21 08:59 Tue,,false,,,,false,radancy:Intuit:22769
Intuit:23214,Intuit,"Staff Executive Resolution Manager, Office of the President","Atlanta, Georgia",,https://jobs.intuit.com/job/atlanta/staff-executive-resolution-manager-office-of-the-president/27595/99121993280,,,2026-08-12T18:42:47+00:00,2026-08-12 11:42 Wed,,false,,,,false,radancy:Intuit:23214
Intuit:22770,Intuit,Staff Facilitator & Training Coordinator,"Bangalore, India",,https://jobs.intuit.com/job/bengaluru/staff-facilitator-and-training-coordinator/27595/98517324384,,,2026-07-30T15:42:09+00:00,2026-07-30 08:42 Thu,,false,,,,false,radancy:Intuit:22770
Intuit:22836,Intuit,Staff Facilitator & Training Coordinator,"Bangalore, India",,https://jobs.intuit.com/job/bengaluru/staff-facilitator-and-training-coordinator/27595/98778000800,,,2026-08-06T01:24:39+00:00,2026-08-05 18:24 Wed,,false,,,,false,radancy:Intuit:22836
Intuit:22697,Intuit,"Staff Financial Analyst, Accelerating Functions","Mountain View, California",,https://jobs.intuit.com/job/mountain-view/staff-financial-analyst-accelerating-functions/27595/97762493088,,,2026-07-14T00:40:54+00:00,2026-07-13 17:40 Mon,,false,,,,false,radancy:Intuit:22697
Intuit:22631,Intuit,"Staff Financial Analyst, Technology Ecosystem","Mountain View, California",,https://jobs.intuit.com/job/mountain-view/staff-financial-analyst-technology-ecosystem/27595/97842100320,,,2026-07-15T20:59:15+00:00,2026-07-15 13:59 Wed,,false,,,,false,radancy:Intuit:22631
Intuit:22310,Intuit,"Staff Financial Analyst, TurboTax Core GTM","San Diego, California",,https://jobs.intuit.com/job/san-diego/staff-financial-analyst-turbotax-core-gtm/27595/97445279888,,,2026-07-12T07:45:02+00:00,2026-07-12 00:45 Sun,,false,,,,false,radancy:Intuit:22310
Intuit:22326,Intuit,Staff Fraud & Risk Analyst,Multiple Locations,,https://jobs.intuit.com/job/mountain-view/staff-fraud-and-risk-analyst/27595/97144693840,,,2026-07-12T07:45:02+00:00,2026-07-12 00:45 Sun,,false,,,,false,radancy:Intuit:22326
Intuit:22725,Intuit,Staff Fraud and Risk Analyst,Multiple Locations,,https://jobs.intuit.com/job/new-york/staff-fraud-and-risk-analyst/27595/97881296208,,,2026-07-16T18:41:38+00:00,2026-07-16 11:41 Thu,,false,,,,false,radancy:Intuit:22725
Intuit:23360,Intuit,Staff Fraud and Risk Analyst,"New York, New York",,https://jobs.intuit.com/job/new-york/staff-fraud-and-risk-analyst/27595/99030341744,,,2026-08-10T18:41:38+00:00,2026-08-10 11:41 Mon,,false,,,,false,radancy:Intuit:23360
Intuit:23260,Intuit,Staff Fraud Risk Analyst,"Mountain View, California",,https://jobs.intuit.com/job/mountain-view/staff-fraud-risk-analyst/27595/99448990736,,,2026-08-19T20:00:06+00:00,2026-08-19 13:00 Wed,,false,,,,false,radancy:Intuit:23260
Intuit:23302,Intuit,Staff Growth Marketing Manager,Multiple Locations,,https://jobs.intuit.com/job/oakland/staff-growth-marketing-manager/27595/99174450880,,,2026-08-13T18:36:41+00:00,2026-08-13 11:36 Thu,,false,,,,false,radancy:Intuit:23302
Intuit:22484,Intuit,Staff Lean Business Partner,Multiple Locations,,https://jobs.intuit.com/job/san-diego/staff-lean-business-partner/27595/98440066800,,,2026-07-29T05:41:11+00:00,2026-07-28 22:41 Tue,,false,,,,false,radancy:Intuit:22484
Intuit:23340,Intuit,Staff Loss Forecasting Lead,"Mountain View, California",,https://jobs.intuit.com/job/mountain-view/staff-loss-forecasting-lead/27595/99417996512,,,2026-08-19T00:53:18+00:00,2026-08-18 17:53 Tue,,false,,,,false,radancy:Intuit:23340
Intuit:23128,Intuit,"Staff Manager, AML Operations","Atlanta, Georgia",,https://jobs.intuit.com/job/atlanta/staff-manager-aml-operations/27595/99398508256,,,2026-08-18T15:53:28+00:00,2026-08-18 08:53 Tue,,false,,,,false,radancy:Intuit:23128
Intuit:22344,Intuit,Staff Market Researcher,Multiple Locations,,https://jobs.intuit.com/job/mountain-view/staff-market-researcher/27595/96255192944,,,2026-07-12T07:45:02+00:00,2026-07-12 00:45 Sun,,false,,,,false,radancy:Intuit:22344
Intuit:23411,Intuit,"Staff Marketing Manager, Integrated Marketing","San Diego, California",,https://jobs.intuit.com/job/san-diego/staff-marketing-manager-integrated-marketing/27595/99442469744,,,2026-08-19T20:00:06+00:00,2026-08-19 13:00 Wed,,false,,,,false,radancy:Intuit:23411
Intuit:22579,Intuit,Staff OR Sr. Staff Product Manager - Agentic AI (TurboTax),Multiple Locations,,https://jobs.intuit.com/job/mountain-view/staff-or-sr-staff-product-manager-agentic-ai-turbotax/27595/97137794464,,,2026-07-12T07:45:02+00:00,2026-07-12 00:45 Sun,,false,,,,false,radancy:Intuit:22579
Intuit:23015,Intuit,Staff Partner Manager – Intuit Customer Success | Expert Network,"Bangalore, India",,https://jobs.intuit.com/job/bengaluru/staff-partner-manager-intuit-customer-success-expert-network/27595/98405304272,,,2026-07-28T08:41:26+00:00,2026-07-28 01:41 Tue,,false,,,,false,radancy:Intuit:23015
Intuit:22530,Intuit,Staff Product Compliance Manager — Fintech Compliance,Multiple Locations,,https://jobs.intuit.com/job/mountain-view/staff-product-compliance-manager-fintech-compliance/27595/98803193296,,,2026-08-05T18:41:57+00:00,2026-08-05 11:41 Wed,,false,,,,false,radancy:Intuit:22530
Intuit:23209,Intuit,"Staff Product Designer, Customer-Facing Risk","Mountain View, California",,https://jobs.intuit.com/job/mountain-view/staff-product-designer-customer-facing-risk/27595/99361232928,,,2026-08-17T20:41:24+00:00,2026-08-17 13:41 Mon,,false,,,,false,radancy:Intuit:23209
Intuit:22061,Intuit,"Staff Product Designer, Mid Market AI Experiences",Multiple Locations,,https://jobs.intuit.com/job/mountain-view/staff-product-designer-mid-market-ai-experiences/27595/96305563280,,,2026-07-12T07:45:02+00:00,2026-07-12 00:45 Sun,,false,,,,false,radancy:Intuit:22061
Intuit:22799,Intuit,"Staff Product Designer, VEP","Bangalore, India",,https://jobs.intuit.com/job/bengaluru/staff-product-designer-vep/27595/98692849568,,,2026-08-03T11:41:46+00:00,2026-08-03 04:41 Mon,,false,,,,false,radancy:Intuit:22799
Intuit:22800,Intuit,"Staff Product Designer, VEP","Bangalore, India",,https://jobs.intuit.com/job/bengaluru/staff-product-designer-vep/27595/98692849584,,,2026-08-03T11:41:46+00:00,2026-08-03 04:41 Mon,,false,,,,false,radancy:Intuit:22800
Intuit:22743,Intuit,Staff Product Manager - QuickBooks Workforce (Benefits & Insurance),"Mountain View, California",,https://jobs.intuit.com/job/mountain-view/staff-product-manager-quickbooks-workforce-benefits-and-insurance/27595/97850406544,,,2026-08-03T09:21:28+00:00,2026-08-03 02:21 Mon,,false,,,,false,radancy:Intuit:22743
Intuit:22020,Intuit,Staff Product Manager — AI-Native Developer Platform (Platform Developer Experience),"Mountain View, California",,https://jobs.intuit.com/job/mountain-view/staff-product-manager-ai-native-developer-platform-platform-developer-experience/27595/97850406528,,,2026-07-16T00:41:32+00:00,2026-07-15 17:41 Wed,,false,,,,false,radancy:Intuit:22020
Intuit:22219,Intuit,"Staff Product Manager, Field Services & Construction","Mountain View, California",,https://jobs.intuit.com/job/mountain-view/staff-product-manager-field-services-and-construction/27595/96311246912,,,2026-07-12T07:45:02+00:00,2026-07-12 00:45 Sun,,false,,,,false,radancy:Intuit:22219
Intuit:22566,Intuit,"Staff Product Manager, Payments Transaction Risk","New York, New York",,https://jobs.intuit.com/job/new-york/staff-product-manager-payments-transaction-risk/27595/97807245104|https://jobs.intuit.com/job/new-york/staff-product-manager-payments-risk/27595/97807245104,,,2026-07-15T00:59:12+00:00,2026-07-14 17:59 Tue,,false,,,,false,radancy:Intuit:22566
Intuit:22399,Intuit,"Staff Product Manager, PDLC Planning and Execution, PDX","Mountain View, California",,https://jobs.intuit.com/job/mountain-view/staff-product-manager-pdlc-planning-and-execution-pdx/27595/99362853616,,,2026-08-17T21:17:29+00:00,2026-08-17 14:17 Mon,,false,,,,false,radancy:Intuit:22399
Intuit:23236,Intuit,"Staff Product Manager, Tax International","Mountain View, California",,https://jobs.intuit.com/job/mountain-view/staff-product-manager-tax-international/27595/99203723504,,,2026-08-14T11:41:55+00:00,2026-08-14 04:41 Fri,,false,,,,false,radancy:Intuit:23236
Intuit:23349,Intuit,"Staff Product Marketing Manager, Emerging Mid-Market","Mountain View, California",,https://jobs.intuit.com/job/mountain-view/staff-product-marketing-manager-emerging-mid-market/27595/99179864336,,,2026-08-13T20:41:47+00:00,2026-08-13 13:41 Thu,,false,,,,false,radancy:Intuit:23349
Intuit:22531,Intuit,Staff Professional Recruiter,"Bangalore, India",,https://jobs.intuit.com/job/bengaluru/staff-professional-recruiter/27595/97636395648,,,2026-07-12T07:45:02+00:00,2026-07-12 00:45 Sun,,false,,,,false,radancy:Intuit:22531
Intuit:22547,Intuit,Staff Program Manager,Multiple Locations,,https://jobs.intuit.com/job/san-diego/staff-program-manager/27595/97798689360,,,2026-07-14T20:41:35+00:00,2026-07-14 13:41 Tue,,false,,,,false,radancy:Intuit:22547
Intuit:22856,Intuit,Staff Program Manager,"Mountain View, California",,https://jobs.intuit.com/job/mountain-view/staff-program-manager/27595/98385225184,,,2026-07-27T20:41:29+00:00,2026-07-27 13:41 Mon,,false,,,,false,radancy:Intuit:22856
Intuit:23070,Intuit,Staff Program Manager - Tech Learning,"San Diego, California",,https://jobs.intuit.com/job/san-diego/staff-program-manager-tech-learning/27595/98587015264,,,2026-08-01T00:41:12+00:00,2026-07-31 17:41 Fri,,false,,,,false,radancy:Intuit:23070
Intuit:23207,Intuit,Staff Program Manager – Expert Readiness & Engagement (India),"Bangalore, India",,https://jobs.intuit.com/job/bengaluru/staff-program-manager-expert-readiness-and-engagement-india/27595/98803193312,,,2026-08-05T18:41:57+00:00,2026-08-05 11:41 Wed,,false,,,,false,radancy:Intuit:23207
Intuit:22100,Intuit,Staff Recruiter - Expert Network,Multiple Locations,,https://jobs.intuit.com/job/san-diego/staff-recruiter-expert-network/27595/96568725376,,,2026-07-12T07:45:02+00:00,2026-07-12 00:45 Sun,,false,,,,false,radancy:Intuit:22100
Intuit:23258,Intuit,"Staff Risk Analyst, Consumer Risk Analytics",Multiple Locations,,https://jobs.intuit.com/job/mountain-view/staff-risk-analyst-consumer-risk-analytics/27595/99404744864,,,2026-08-18T18:53:47+00:00,2026-08-18 11:53 Tue,,false,,,,false,radancy:Intuit:23258
Intuit:22393,Intuit,STAFF RISK OPERATIONS PROCESS EXCELLENCE CONSULTANT,Multiple Locations,,https://jobs.intuit.com/job/atlanta/staff-risk-operations-process-excellence-consultant/27595/96832665232,,,2026-07-12T07:45:02+00:00,2026-07-12 00:45 Sun,,false,,,,false,radancy:Intuit:22393
Intuit:23232,Intuit,STAFF RISK OPERATIONS PROCESS EXCELLENCE CONSULTANT,"Frisco, Texas",,https://jobs.intuit.com/job/frisco/staff-risk-operations-process-excellence-consultant/27595/98747829504,,,2026-08-04T15:42:07+00:00,2026-08-04 08:42 Tue,,false,,,,false,radancy:Intuit:23232
Intuit:23021,Intuit,Staff Security Engineer,"Charlotte, North Carolina",,https://jobs.intuit.com/job/charlotte/staff-security-engineer/27595/98110341728,,,2026-07-22T00:59:42+00:00,2026-07-21 17:59 Tue,,false,,,,false,radancy:Intuit:23021
Intuit:23235,Intuit,Staff Service Experience Strategy & Management Leader,"Mountain View, California",,https://jobs.intuit.com/job/mountain-view/staff-service-experience-strategy-and-management-leader/27595/98769216352,,,2026-08-05T00:59:38+00:00,2026-08-04 17:59 Tue,,false,,,,false,radancy:Intuit:23235
Intuit:22407,Intuit,"Staff Software Developer, Front End","Toronto, Canada",,https://jobs.intuit.com/job/toronto/staff-software-developer-front-end/27595/96793260224,,,2026-07-12T07:45:02+00:00,2026-07-12 00:45 Sun,,false,,,,false,radancy:Intuit:22407
Intuit:22452,Intuit,"Staff Software Developer, Full Stack","Toronto, Canada",,https://jobs.intuit.com/job/toronto/staff-software-developer-full-stack/27595/97288389408,,,2026-07-12T07:45:02+00:00,2026-07-12 00:45 Sun,,false,,,,false,radancy:Intuit:22452
Intuit:22226,Intuit,Staff Software Engineer,"Mountain View, California",,https://jobs.intuit.com/job/mountain-view/staff-software-engineer/27595/97527021216,,,2026-07-12T07:45:02+00:00,2026-07-12 00:45 Sun,,false,,,,false,radancy:Intuit:22226
Intuit:22328,Intuit,Staff Software Engineer,"New York, New York",,https://jobs.intuit.com/job/new-york/staff-software-engineer/27595/97111950000,,,2026-07-12T07:45:02+00:00,2026-07-12 00:45 Sun,,false,,,,false,radancy:Intuit:22328
Intuit:22464,Intuit,Staff Software Engineer,"New York, New York",,https://jobs.intuit.com/job/new-york/staff-software-engineer/27595/97097980048,,,2026-07-12T07:45:02+00:00,2026-07-12 00:45 Sun,,false,,,,false,radancy:Intuit:22464
Intuit:22628,Intuit,Staff Software Engineer,"Bangalore, India",,https://jobs.intuit.com/job/bengaluru/staff-software-engineer/27595/97414465360,,,2026-07-12T07:45:02+00:00,2026-07-12 00:45 Sun,,false,,,,false,radancy:Intuit:22628
Intuit:22706,Intuit,Staff Software Engineer,"Bangalore, India",,https://jobs.intuit.com/job/bengaluru/staff-software-engineer/27595/97771030608,,,2026-07-14T05:58:49+00:00,2026-07-13 22:58 Mon,,false,,,,false,radancy:Intuit:22706
Intuit:22616,Intuit,Staff Software Engineer,"Mountain View, California",,https://jobs.intuit.com/job/mountain-view/staff-software-engineer/27595/97881291984,,,2026-07-16T18:41:38+00:00,2026-07-16 11:41 Thu,,false,,,,false,radancy:Intuit:22616
Intuit:22698,Intuit,Staff Software Engineer,"New York, New York",,https://jobs.intuit.com/job/new-york/staff-software-engineer/27595/97881292016,,,2026-07-16T18:41:38+00:00,2026-07-16 11:41 Thu,,false,,,,false,radancy:Intuit:22698
Intuit:22883,Intuit,Staff Software Engineer,"Bangalore, India",,https://jobs.intuit.com/job/bengaluru/staff-software-engineer/27595/98160315936,,,2026-07-23T12:41:22+00:00,2026-07-23 05:41 Thu,,false,,,,false,radancy:Intuit:22883
Intuit:23024,Intuit,Staff Software Engineer,"New York, New York",,https://jobs.intuit.com/job/new-york/staff-software-engineer/27595/98186968976,,,2026-07-23T18:41:36+00:00,2026-07-23 11:41 Thu,,false,,,,false,radancy:Intuit:23024
Intuit:23010,Intuit,Staff Software Engineer,"Bangalore, India",,https://jobs.intuit.com/job/bengaluru/staff-software-engineer/27595/98399183392,,,2026-07-28T03:41:28+00:00,2026-07-27 20:41 Mon,,false,,,,false,radancy:Intuit:23010
Intuit:23082,Intuit,Staff Software Engineer,"Bangalore, India",,https://jobs.intuit.com/job/bengaluru/staff-software-engineer/27595/98448124880,,,2026-07-29T05:41:11+00:00,2026-07-28 22:41 Tue,,false,,,,false,radancy:Intuit:23082
Intuit:22973,Intuit,Staff Software Engineer,"Mountain View, California",,https://jobs.intuit.com/job/mountain-view/staff-software-engineer/27595/99074782176,,,2026-08-11T18:42:04+00:00,2026-08-11 11:42 Tue,,false,,,,false,radancy:Intuit:22973
Intuit:23271,Intuit,Staff Software Engineer,"Mountain View, California",,https://jobs.intuit.com/job/mountain-view/staff-software-engineer/27595/99174451072,,,2026-08-13T18:36:41+00:00,2026-08-13 11:36 Thu,,false,,,,false,radancy:Intuit:23271
Intuit:23439,Intuit,Staff Software Engineer,"Bangalore, India",,https://jobs.intuit.com/job/bengaluru/staff-software-engineer/27595/99404744960,,,2026-08-18T18:53:47+00:00,2026-08-18 11:53 Tue,,false,,,,false,radancy:Intuit:23439
Intuit:23440,Intuit,Staff Software Engineer,"Bangalore, India",,https://jobs.intuit.com/job/bengaluru/staff-software-engineer/27595/99404744992,,,2026-08-18T18:53:47+00:00,2026-08-18 11:53 Tue,,false,,,,false,radancy:Intuit:23440
Intuit:23372,Intuit,Staff Software Engineer (Front End) - MailChimp DotCom,"San Diego, California",,https://jobs.intuit.com/job/san-diego/staff-software-engineer-front-end-mailchimp-dotcom/27595/99043633072,,,2026-08-11T00:41:50+00:00,2026-08-10 17:41 Mon,,false,,,,false,radancy:Intuit:23372
Intuit:23184,Intuit,Staff Software Engineer (Frontend) - Mailchimp,"San Diego, California",,https://jobs.intuit.com/job/san-diego/staff-software-engineer-frontend-mailchimp/27595/98816996224,,,2026-08-06T00:41:44+00:00,2026-08-05 17:41 Wed,,false,,,,false,radancy:Intuit:23184
Intuit:23364,Intuit,Staff Software Engineer (Frontend) - Mailchimp,"San Diego, California",,https://jobs.intuit.com/job/san-diego/staff-software-engineer-frontend-mailchimp/27595/99043632992,,,2026-08-11T00:41:50+00:00,2026-08-10 17:41 Mon,,false,,,,false,radancy:Intuit:23364
Intuit:23575,Intuit,Staff Software Engineer -  Back End,"San Diego, California",,https://jobs.intuit.com/job/san-diego/staff-software-engineer-back-end/27595/99410270432,,,2026-08-18T20:52:05+00:00,2026-08-18 13:52 Tue,,false,,,,false,radancy:Intuit:23575
Intuit:23572,Intuit,Staff Software Engineer - Back End,"Atlanta, Georgia",,https://jobs.intuit.com/job/atlanta/staff-software-engineer-back-end/27595/99410270480,,,2026-08-18T20:52:05+00:00,2026-08-18 13:52 Tue,,false,,,,false,radancy:Intuit:23572
Intuit:23574,Intuit,Staff Software Engineer - Back End,"Mountain View, California",,https://jobs.intuit.com/job/mountain-view/staff-software-engineer-back-end/27595/99442469776,,,2026-08-19T20:00:06+00:00,2026-08-19 13:00 Wed,,false,,,,false,radancy:Intuit:23574
Intuit:21749,Intuit,Staff Software Engineer - Credit Karma,"Bangalore, India",,https://jobs.intuit.com/job/bengaluru/staff-software-engineer-credit-karma/27595/96330029904,,,2026-07-12T07:45:02+00:00,2026-07-12 00:45 Sun,,false,,,,false,radancy:Intuit:21749
Intuit:23309,Intuit,Staff Software Engineer - Credit Karma,Multiple Locations,,https://jobs.intuit.com/job/charlotte/staff-software-engineer-credit-karma/27595/99074782144,,,2026-08-11T18:42:04+00:00,2026-08-11 11:42 Tue,,false,,,,false,radancy:Intuit:23309
Intuit:23571,Intuit,Staff Software Engineer - Front End,"Mountain View, California",,https://jobs.intuit.com/job/mountain-view/staff-software-engineer-front-end/27595/99410258832,,,2026-08-18T20:52:05+00:00,2026-08-18 13:52 Tue,,false,,,,false,radancy:Intuit:23571
Intuit:23573,Intuit,Staff Software Engineer - Front End,"Atlanta, Georgia",,https://jobs.intuit.com/job/atlanta/staff-software-engineer-front-end/27595/99410258864,,,2026-08-18T20:52:05+00:00,2026-08-18 13:52 Tue,,false,,,,false,radancy:Intuit:23573
Intuit:23576,Intuit,Staff Software Engineer - Front End,"San Diego, California",,https://jobs.intuit.com/job/san-diego/staff-software-engineer-front-end/27595/99410258960,,,2026-08-18T20:52:05+00:00,2026-08-18 13:52 Tue,,false,,,,false,radancy:Intuit:23576
Intuit:23577,Intuit,Staff Software Engineer - Front End,"New York, New York",,https://jobs.intuit.com/job/new-york/staff-software-engineer-front-end/27595/99410258992,,,2026-08-18T20:52:05+00:00,2026-08-18 13:52 Tue,,false,,,,false,radancy:Intuit:23577
Intuit:23579,Intuit,Staff Software Engineer - Full Stack,"San Diego, California",,https://jobs.intuit.com/job/san-diego/staff-software-engineer-full-stack/27595/99410264272,,,2026-08-18T20:52:05+00:00,2026-08-18 13:52 Tue,,false,,,,false,radancy:Intuit:23579
Intuit:23580,Intuit,Staff Software Engineer - Full Stack,"Atlanta, Georgia",,https://jobs.intuit.com/job/atlanta/staff-software-engineer-full-stack/27595/99410270304,,,2026-08-18T20:52:05+00:00,2026-08-18 13:52 Tue,,false,,,,false,radancy:Intuit:23580
Intuit:23581,Intuit,Staff Software Engineer - Full Stack,"New York, New York",,https://jobs.intuit.com/job/new-york/staff-software-engineer-full-stack/27595/99410270512,,,2026-08-18T20:52:05+00:00,2026-08-18 13:52 Tue,,false,,,,false,radancy:Intuit:23581
Intuit:22623,Intuit,Staff Software Engineer - Mobile,India,,https://jobs.intuit.com/job/maharashtra/staff-software-engineer-mobile/27595/97779036064|https://jobs.intuit.com/job/maharashtra/staff-software-engineer/27595/97779036064,,,2026-07-14T11:41:13+00:00,2026-07-14 04:41 Tue,,false,,,,false,radancy:Intuit:22623
Intuit:23083,Intuit,Staff Software Engineer - Mobile,"Bangalore, India",,https://jobs.intuit.com/job/bengaluru/staff-software-engineer-mobile/27595/98450841616,,,2026-07-29T08:41:25+00:00,2026-07-29 01:41 Wed,,false,,,,false,radancy:Intuit:23083
Intuit:22660,Intuit,Staff Software Engineer - Observability,"San Diego, California",,https://jobs.intuit.com/job/san-diego/staff-software-engineer-observability/27595/98144714128,,,2026-07-22T20:41:50+00:00,2026-07-22 13:41 Wed,,false,,,,false,radancy:Intuit:22660
Intuit:22661,Intuit,Staff Software Engineer - Observability,Multiple Locations,,https://jobs.intuit.com/job/mountain-view/staff-software-engineer-observability/27595/98152869968,,,2026-07-23T12:41:22+00:00,2026-07-23 05:41 Thu,,false,,,,false,radancy:Intuit:22661
Intuit:22497,Intuit,Staff Software Engineer - Payments,"Mountain View, California",,https://jobs.intuit.com/job/mountain-view/staff-software-engineer-payments/27595/97881291952,,,2026-07-16T18:41:38+00:00,2026-07-16 11:41 Thu,,false,,,,false,radancy:Intuit:22497
Intuit:22481,Intuit,Staff Software Engineer - Payments Platform,"Mountain View, California",,https://jobs.intuit.com/job/mountain-view/staff-software-engineer-payments-platform/27595/96936169104,,,2026-07-12T07:45:02+00:00,2026-07-12 00:45 Sun,,false,,,,false,radancy:Intuit:22481
Intuit:23013,Intuit,Staff Software Engineer - Traffic,Multiple Locations,,https://jobs.intuit.com/job/san-diego/staff-software-engineer-traffic/27595/98200474400,,,2026-07-24T00:41:40+00:00,2026-07-23 17:41 Thu,,false,,,,false,radancy:Intuit:23013
Intuit:22634,Intuit,Staff Software Engineer - Virtual Expert Platform,"San Diego, California",,https://jobs.intuit.com/job/san-diego/staff-software-engineer-virtual-expert-platform/27595/97471594592,,,2026-07-12T07:45:02+00:00,2026-07-12 00:45 Sun,,false,,,,false,radancy:Intuit:22634
Intuit:22635,Intuit,Staff Software Engineer - Virtual Expert Platform,"San Diego, California",,https://jobs.intuit.com/job/san-diego/staff-software-engineer-virtual-expert-platform/27595/97471594624,,,2026-07-12T07:45:02+00:00,2026-07-12 00:45 Sun,,false,,,,false,radancy:Intuit:22635
Intuit:22923,Intuit,Staff Software Engineer Data Persistence Service,"Bangalore, India",,https://jobs.intuit.com/job/bengaluru/staff-software-engineer-data-persistence-service/27595/98130628240,,,2026-07-22T15:41:51+00:00,2026-07-22 08:41 Wed,,false,,,,false,radancy:Intuit:22923
Intuit:23049,Intuit,"Staff Software Engineer, Fintech API","Mountain View, California",,https://jobs.intuit.com/job/mountain-view/staff-software-engineer-fintech-api/27595/98769216096,,,2026-08-05T00:59:38+00:00,2026-08-04 17:59 Tue,,false,,,,false,radancy:Intuit:23049
Intuit:22681,Intuit,"Staff Software Engineer, Full Stack — QuickBooks Capital & Lending","Mountain View, California",,https://jobs.intuit.com/job/mountain-view/staff-software-engineer-full-stack-quickbooks-capital-and-lending/27595/98524920464,,,2026-07-30T18:41:42+00:00,2026-07-30 11:41 Thu,,false,,,,false,radancy:Intuit:22681
Intuit:23327,Intuit,"Staff Software Engineer, Mailchimp","Atlanta, Georgia",,https://jobs.intuit.com/job/atlanta/staff-software-engineer-mailchimp/27595/99219563184,,,2026-08-14T18:41:48+00:00,2026-08-14 11:41 Fri,,false,,,,false,radancy:Intuit:23327
Intuit:23095,Intuit,"Staff Software Engineer, Mailchimp AI Solutions","Atlanta, Georgia",,https://jobs.intuit.com/job/atlanta/staff-software-engineer-mailchimp-ai-solutions/27595/98708542192,,,2026-08-03T18:41:46+00:00,2026-08-03 11:41 Mon,,false,,,,false,radancy:Intuit:23095
Intuit:22763,Intuit,"Staff Software Engineer, Mailchimp Audience Platform","Atlanta, Georgia",,https://jobs.intuit.com/job/atlanta/staff-software-engineer-mailchimp-audience-platform/27595/98192277648,,,2026-07-23T20:59:09+00:00,2026-07-23 13:59 Thu,,false,,,,false,radancy:Intuit:22763
Intuit:22617,Intuit,Staff Strategic Sourcing Manager - Technology,Multiple Locations,,https://jobs.intuit.com/job/san-diego/staff-strategic-sourcing-manager-technology/27595/97931054176,,,2026-07-17T20:41:42+00:00,2026-07-17 13:41 Fri,,false,,,,false,radancy:Intuit:22617
Intuit:23538,Intuit,Staff Strategic Sourcing Manager - Technology,Multiple Locations,,https://jobs.intuit.com/job/san-diego/staff-strategic-sourcing-manager-technology/27595/99418012032,,,2026-08-19T00:53:18+00:00,2026-08-18 17:53 Tue,,false,,,,false,radancy:Intuit:23538
Intuit:22658,Intuit,Staff Technical Data Analyst - Intuit Business Operations Analytics,Multiple Locations,,https://jobs.intuit.com/job/mountain-view/staff-technical-data-analyst-intuit-business-operations-analytics/27595/97445281376,,,2026-07-12T07:45:02+00:00,2026-07-12 00:45 Sun,,false,,,,false,radancy:Intuit:22658
Intuit:23051,Intuit,"Staff Technical Product Marketing Manager, AI & Cloud Platforms","Mountain View, California",,https://jobs.intuit.com/job/mountain-view/staff-technical-product-marketing-manager-ai-and-cloud-platforms/27595/98478376288,,,2026-07-29T22:59:52+00:00,2026-07-29 15:59 Wed,,false,,,,false,radancy:Intuit:23051
Intuit:23331,Intuit,"Staff Technical Program Manager, Fintech Tech Strategy & Planning",Multiple Locations,,https://jobs.intuit.com/job/mountain-view/staff-technical-program-manager-fintech-tech-strategy-and-planning/27595/99090132400,,,2026-08-12T00:59:55+00:00,2026-08-11 17:59 Tue,,false,,,,false,radancy:Intuit:23331
Intuit:22683,Intuit,Staff Vendor Partner Manager,"Bangalore, India",,https://jobs.intuit.com/job/bengaluru/staff-vendor-partner-manager/27595/97854818384,,,2026-07-16T03:59:23+00:00,2026-07-15 20:59 Wed,,false,,,,false,radancy:Intuit:22683
Intuit:23176,Intuit,Staff Vendor Partner Manager,"San Diego, California",,https://jobs.intuit.com/job/san-diego/staff-vendor-partner-manager/27595/99356372384,,,2026-08-17T18:41:44+00:00,2026-08-17 11:41 Mon,,false,,,,false,radancy:Intuit:23176
Intuit:22771,Intuit,"Staff Vendor Partner Manager, Intuit Customer Success","Bangalore, India",,https://jobs.intuit.com/job/bengaluru/staff-vendor-partner-manager-intuit-customer-success/27595/98550728512,,,2026-07-31T05:41:28+00:00,2026-07-30 22:41 Thu,,false,,,,false,radancy:Intuit:22771
Intuit:22837,Intuit,"Staff Vendor Partner Manager, Intuit Customer Success","Bangalore, India",,https://jobs.intuit.com/job/bengaluru/staff-vendor-partner-manager-intuit-customer-success/27595/98782019024,,,2026-08-06T01:24:39+00:00,2026-08-05 18:24 Wed,,false,,,,false,radancy:Intuit:22837
Intuit:23137,Intuit,"Staff Vendor Partner Manager, Intuit Customer Success","San Diego, California",,https://jobs.intuit.com/job/san-diego/staff-vendor-partner-manager-intuit-customer-success/27595/98862562640,,,2026-08-07T00:41:56+00:00,2026-08-06 17:41 Thu,,false,,,,false,radancy:Intuit:23137
Intuit:22666,Intuit,"Staff, AI & Technology Enablement Manager",Multiple Locations,,https://jobs.intuit.com/job/frisco/staff-ai-and-technology-enablement-manager/27595/97762493024|https://jobs.intuit.com/job/san-diego/staff-ai-and-technology-enablement-manager/27595/97762493024,,,2026-07-14T00:40:54+00:00,2026-07-13 17:40 Mon,,false,,,,false,radancy:Intuit:22666
Intuit:22506,Intuit,"Staff, Business Process & Commercial Operations Manager",Multiple Locations,,https://jobs.intuit.com/job/atlanta/staff-business-process-and-commercial-operations-manager/27595/97762493008|https://jobs.intuit.com/job/san-diego/staff-business-process-and-commercial-operations-manager/27595/97762493008,,,2026-07-14T00:40:54+00:00,2026-07-13 17:40 Mon,,false,,,,false,radancy:Intuit:22506
Intuit:22809,Intuit,"Staff, Customer Marketing Segment Strategy Leader – Defector",Multiple Locations,,https://jobs.intuit.com/job/san-diego/staff-customer-marketing-segment-strategy-leader-defector/27595/98152870064,,,2026-07-23T12:41:22+00:00,2026-07-23 05:41 Thu,,false,,,,false,radancy:Intuit:22809
Intuit:22451,Intuit,"Staff, Lighthouse Customer Engagement Manager",Multiple Locations,,https://jobs.intuit.com/job/mountain-view/staff-lighthouse-customer-engagement-manager/27595/96922204032,,,2026-07-12T07:45:02+00:00,2026-07-12 00:45 Sun,,false,,,,false,radancy:Intuit:22451
Intuit:22808,Intuit,"Staff, Marketing Program & Development Enablement",Multiple Locations,,https://jobs.intuit.com/job/san-diego/staff-marketing-program-and-development-enablement/27595/98152870016,,,2026-07-23T12:41:22+00:00,2026-07-23 05:41 Thu,,false,,,,false,radancy:Intuit:22808
Intuit:22667,Intuit,"Staff, Performance Management & Development Learning & Enablement Lead",Multiple Locations,,https://jobs.intuit.com/job/mountain-view/staff-performance-management-and-development-learning-and-enablement-lead/27595/98228023936,,,2026-07-24T15:41:48+00:00,2026-07-24 08:41 Fri,,false,,,,false,radancy:Intuit:22667
Intuit:22466,Intuit,"Staff, Technical Account Manager (Tax)",Multiple Locations,,https://jobs.intuit.com/job/mountain-view/staff-technical-account-manager-tax/27595/98200469888,,,2026-07-24T00:41:40+00:00,2026-07-23 17:41 Thu,,false,,,,false,radancy:Intuit:22466
Intuit:23365,Intuit,"Strategic Money Specialist, Managed Money Accounts",Multiple Locations,,https://jobs.intuit.com/job/atlanta/strategic-money-specialist-managed-money-accounts/27595/99212943648,,,2026-08-14T16:00:10+00:00,2026-08-14 09:00 Fri,,false,,,,false,radancy:Intuit:23365
Intuit:23071,Intuit,Strategic Partnerships Manager - Private Equity & Alliances,Multiple Locations,,https://jobs.intuit.com/job/sacramento/strategic-partnerships-manager-private-equity-and-alliances/27595/98900556880,,,2026-08-07T21:00:12+00:00,2026-08-07 14:00 Fri,,false,,,,false,radancy:Intuit:23071
Intuit:23141,Intuit,Tax Content Analyst,"San Diego, California",,https://jobs.intuit.com/job/san-diego/tax-content-analyst/27595/99068508416,,,2026-08-11T15:59:28+00:00,2026-08-11 08:59 Tue,,false,,,,false,radancy:Intuit:23141
Intuit:23368,Intuit,Tax Content Analyst,"San Diego, California",,https://jobs.intuit.com/job/san-diego/tax-content-analyst/27595/99080465328,,,2026-08-11T20:41:39+00:00,2026-08-11 13:41 Tue,,false,,,,false,radancy:Intuit:23368
Intuit:22936,Intuit,VAR Channel Partner Recruitment Manager,Multiple Locations,,https://jobs.intuit.com/job/atlanta/var-channel-partner-recruitment-manager/27595/98179602384|https://jobs.intuit.com/job/atlanta/var-channel-recruitment-manager/27595/98179602384,,,2026-07-23T17:59:20+00:00,2026-07-23 10:59 Thu,,false,,,,false,radancy:Intuit:22936
Intuit:23019,Intuit,Workforce & HCM Senior Account Executive,Multiple Locations,,https://jobs.intuit.com/job/atlanta/workforce-and-hcm-senior-account-executive/27595/98574836880,,,2026-08-03T09:21:28+00:00,2026-08-03 02:21 Mon,,false,,,,false,radancy:Intuit:23019
