job_key,company,title,location,department,urls,date_posted,date_posted_iso,first_seen,first_seen_pt,track,scored,score_method,experience_score,reason,emailed,source_uids
Nike:/job/Schwarzheide-Germany/Abteilungsleiter--Coach---w-m-d----375H_R-85406-1,Nike,Abteilungsleiter (Coach) (w/m/d) - 37.5H - Schwarzheide,"Schwarzheide, Germany",,https://nike.wd1.myworkdayjobs.com/en-US/nke/job/Schwarzheide-Germany/Abteilungsleiter--Coach---w-m-d----375H_R-85406-1,Posted 30+ Days Ago,2026-07-19,2026-08-18T12:10:51+00:00,2026-08-18 05:10 Tue,,false,,,,false,workday:Nike:/job/Schwarzheide-Germany/Abteilungsleiter--Coach---w-m-d----375H_R-85406-1
Nike:/job/Wolfsburg-Germany/Abteilungsleiter--Coach---w-m-d----375H---Wolfsburg_R-87786,Nike,Abteilungsleiter (Coach) (w/m/d) - 37.5H - Wolfsburg,"Wolfsburg, Germany",,https://nike.wd1.myworkdayjobs.com/en-US/nke/job/Wolfsburg-Germany/Abteilungsleiter--Coach---w-m-d----375H---Wolfsburg_R-87786,Posted Today,2026-07-13,2026-07-13T11:40:51+00:00,2026-07-13 04:40 Mon,,false,,,,false,workday:Nike:/job/Wolfsburg-Germany/Abteilungsleiter--Coach---w-m-d----375H---Wolfsburg_R-87786
Nike:/job/Sandersdorf-Brehna-Germany/Stellvertretung-Abteilungsleiter--LEAD---w-m-d----375H-Woche_R-87765,Nike,Abteilungsleiter (LEAD) (w/m/d) - 37.5H - Sandersfdorf-Brehna,"Sandersdorf-Brehna, Germany",,https://nike.wd1.myworkdayjobs.com/en-US/nke/job/Sandersdorf-Brehna-Germany/Stellvertretung-Abteilungsleiter--LEAD---w-m-d----375H-Woche_R-87765,Posted Today,2026-09-04,2026-08-05T14:59:44+00:00,2026-08-05 07:59 Wed,,false,,,,false,workday:Nike:/job/Sandersdorf-Brehna-Germany/Stellvertretung-Abteilungsleiter--LEAD---w-m-d----375H-Woche_R-87765
Nike:/job/Beaverton-Oregon/Account-Specialist--Basketball-Sports-Marketing_R-88633,Nike,"Account Specialist, Basketball Sports Marketing","Beaverton, Oregon",,https://nike.wd1.myworkdayjobs.com/en-US/nke/job/Beaverton-Oregon/Account-Specialist--Basketball-Sports-Marketing_R-88633,Posted Today,2026-08-19,2026-08-12T00:59:55+00:00,2026-08-11 17:59 Tue,,false,,,,false,workday:Nike:/job/Beaverton-Oregon/Account-Specialist--Basketball-Sports-Marketing_R-88633
Nike:/job/London-United-Kingdom/Senior-Administrative-Assistant---Converse_R-84527,Nike,Administrative Assistant - Converse,"London, United Kingdom",,https://nike.wd1.myworkdayjobs.com/en-US/nke/job/London-United-Kingdom/Senior-Administrative-Assistant---Converse_R-84527,Posted Yesterday,2026-08-19,2026-08-18T13:53:50+00:00,2026-08-18 06:53 Tue,,false,,,,false,workday:Nike:/job/London-United-Kingdom/Senior-Administrative-Assistant---Converse_R-84527
Nike:/job/Melbourne-Victoria/Allocator--Pacific_R-88418,Nike,"Allocator, Pacific","Melbourne, Victoria",,https://nike.wd1.myworkdayjobs.com/en-US/nke/job/Melbourne-Victoria/Allocator--Pacific_R-88418,Posted Today,2026-07-22,2026-07-22T00:41:33+00:00,2026-07-21 17:41 Tue,,false,,,,false,workday:Nike:/job/Melbourne-Victoria/Allocator--Pacific_R-88418
Nike:/job/Nailloux-France/Alternance---Responsable-d-quipe-en-magasin-NIKE--Team-Leader----F-H_R-81386,Nike,Alternance – Responsable d’équipe en magasin NIKE (Team Leader) – F/H,"Nailloux, France",,https://nike.wd1.myworkdayjobs.com/en-US/nke/job/Nailloux-France/Alternance---Responsable-d-quipe-en-magasin-NIKE--Team-Leader----F-H_R-81386,Posted 3 Days Ago,2026-07-09,2026-07-12T07:45:02+00:00,2026-07-12 00:45 Sun,,false,,,,false,workday:Nike:/job/Nailloux-France/Alternance---Responsable-d-quipe-en-magasin-NIKE--Team-Leader----F-H_R-81386
Nike:/job/Vaulx-en-Velin-France/Alternance---Vendeurse-en-magasin-NIKE--Athlete----F-H_R-81520,Nike,Alternance – Vendeur·se en magasin NIKE (Athlete) – F/H,"Vaulx en Velin, France",,https://nike.wd1.myworkdayjobs.com/en-US/nke/job/Vaulx-en-Velin-France/Alternance---Vendeurse-en-magasin-NIKE--Athlete----F-H_R-81520,Posted Today,2026-07-13,2026-07-13T13:17:07+00:00,2026-07-13 06:17 Mon,,false,,,,false,workday:Nike:/job/Vaulx-en-Velin-France/Alternance---Vendeurse-en-magasin-NIKE--Athlete----F-H_R-81520
Nike:/job/Aubergenville-France/Alternance---Vendeurse-en-magasin-NIKE--Athlete----F-H_R-81452,Nike,Alternance – Vendeur·se en magasin NIKE (Athlete) – F/H,"Aubergenville, France",,https://nike.wd1.myworkdayjobs.com/en-US/nke/job/Aubergenville-France/Alternance---Vendeurse-en-magasin-NIKE--Athlete----F-H_R-81452,Posted Today,2026-07-20,2026-07-20T09:41:54+00:00,2026-07-20 02:41 Mon,,false,,,,false,workday:Nike:/job/Aubergenville-France/Alternance---Vendeurse-en-magasin-NIKE--Athlete----F-H_R-81452
Nike:/job/Herblay-France/Alternance---Vendeurse-en-magasin-NIKE--Athlete----F-H_R-88328,Nike,Alternance – Vendeur·se en magasin NIKE (Athlete) – F/H,"Herblay, France",,https://nike.wd1.myworkdayjobs.com/en-US/nke/job/Herblay-France/Alternance---Vendeurse-en-magasin-NIKE--Athlete----F-H_R-88328,Posted 5 Days Ago,2026-07-15,2026-07-20T09:41:54+00:00,2026-07-20 02:41 Mon,,false,,,,false,workday:Nike:/job/Herblay-France/Alternance---Vendeurse-en-magasin-NIKE--Athlete----F-H_R-88328
Nike:/job/St-Maximin-France/Alternance---Vendeurse-en-magasin-NIKE--Athlete----F-H_R-88331,Nike,Alternance – Vendeur·se en magasin NIKE (Athlete) – F/H,"St. Maximin, France",,https://nike.wd1.myworkdayjobs.com/en-US/nke/job/St-Maximin-France/Alternance---Vendeurse-en-magasin-NIKE--Athlete----F-H_R-88331,Posted Today,2026-07-20,2026-07-20T09:59:12+00:00,2026-07-20 02:59 Mon,,false,,,,false,workday:Nike:/job/St-Maximin-France/Alternance---Vendeurse-en-magasin-NIKE--Athlete----F-H_R-88331
Nike:/job/Saint-Ouen-Laumone-France/Alternance---Vendeurse-en-magasin-NIKE--Athlete----F-H_R-88352,Nike,Alternance – Vendeur·se en magasin NIKE (Athlete) – F/H,"Saint-Ouen L'aumone, France",,https://nike.wd1.myworkdayjobs.com/en-US/nke/job/Saint-Ouen-Laumone-France/Alternance---Vendeurse-en-magasin-NIKE--Athlete----F-H_R-88352,Posted Today,2026-07-20,2026-07-20T15:05:20+00:00,2026-07-20 08:05 Mon,,false,,,,false,workday:Nike:/job/Saint-Ouen-Laumone-France/Alternance---Vendeurse-en-magasin-NIKE--Athlete----F-H_R-88352
Nike:/job/Roubaix-France/Alternance---Vendeurse-en-magasin-NIKE--Athlete----F-H_R-88460,Nike,Alternance – Vendeur·se en magasin NIKE (Athlete) – F/H,"Roubaix, France",,https://nike.wd1.myworkdayjobs.com/en-US/nke/job/Roubaix-France/Alternance---Vendeurse-en-magasin-NIKE--Athlete----F-H_R-88460,Posted Today,2026-07-21,2026-07-21T15:59:56+00:00,2026-07-21 08:59 Tue,,false,,,,false,workday:Nike:/job/Roubaix-France/Alternance---Vendeurse-en-magasin-NIKE--Athlete----F-H_R-88460
Nike:/job/Roppenheim-France/Alternance---Vendeurse-en-magasin-NIKE--Athlete----F-H_R-88822,Nike,Alternance – Vendeur·se en magasin NIKE (Athlete) – F/H,"Roppenheim, France",,https://nike.wd1.myworkdayjobs.com/en-US/nke/job/Roppenheim-France/Alternance---Vendeurse-en-magasin-NIKE--Athlete----F-H_R-88822,Posted Today,2026-07-27,2026-07-27T11:17:33+00:00,2026-07-27 04:17 Mon,,false,,,,false,workday:Nike:/job/Roppenheim-France/Alternance---Vendeurse-en-magasin-NIKE--Athlete----F-H_R-88822
Nike:/job/Plaisir-France/Alternance---Vendeurse-en-magasin-NIKE--Athlete----F-H_R-89453,Nike,Alternance – Vendeur·se en magasin NIKE (Athlete) – F/H,"Plaisir, France",,https://nike.wd1.myworkdayjobs.com/en-US/nke/job/Plaisir-France/Alternance---Vendeurse-en-magasin-NIKE--Athlete----F-H_R-89453,Posted Today,2026-08-05,2026-08-05T09:41:39+00:00,2026-08-05 02:41 Wed,,false,,,,false,workday:Nike:/job/Plaisir-France/Alternance---Vendeurse-en-magasin-NIKE--Athlete----F-H_R-89453
Nike:/job/Claira-France/Alternance---Vendeurse-en-magasin-NIKE--Athlete----F-H_R-81391,Nike,Alternance – Vendeur·se en magasin NIKE (Athlete) – F/H,"Claira, France",,https://nike.wd1.myworkdayjobs.com/en-US/nke/job/Claira-France/Alternance---Vendeurse-en-magasin-NIKE--Athlete----F-H_R-81391,Posted 30+ Days Ago,2026-07-19,2026-08-18T12:10:51+00:00,2026-08-18 05:10 Tue,,false,,,,false,workday:Nike:/job/Claira-France/Alternance---Vendeurse-en-magasin-NIKE--Athlete----F-H_R-81391
Nike:/job/Jakarta-Raya-Indonesia/Analyst-II--Material-Costing---Converse_R-87252,Nike,"Analyst II, Material Costing - Converse","Jakarta Raya, Indonesia",,https://nike.wd1.myworkdayjobs.com/en-US/nke/job/Jakarta-Raya-Indonesia/Analyst-II--Material-Costing---Converse_R-87252,Posted 3 Days Ago,2026-07-09,2026-07-12T07:45:02+00:00,2026-07-12 00:45 Sun,,false,,,,false,workday:Nike:/job/Jakarta-Raya-Indonesia/Analyst-II--Material-Costing---Converse_R-87252
Nike:/job/Jakarta-Raya-Indonesia/Analyst-II--Material-Sourcing---Converse_R-87202,Nike,"Analyst II, Material Sourcing - Converse","Jakarta Raya, Indonesia",,https://nike.wd1.myworkdayjobs.com/en-US/nke/job/Jakarta-Raya-Indonesia/Analyst-II--Material-Sourcing---Converse_R-87202,Posted 3 Days Ago,2026-07-09,2026-07-12T07:45:02+00:00,2026-07-12 00:45 Sun,,false,,,,false,workday:Nike:/job/Jakarta-Raya-Indonesia/Analyst-II--Material-Sourcing---Converse_R-87202
Nike:/job/Beaverton-Oregon/Analyst--Finance-Operations-Technology-Enablement_R-87815,Nike,"Analyst, Finance Operations Technology Enablement","Beaverton, Oregon",,https://nike.wd1.myworkdayjobs.com/en-US/nke/job/Beaverton-Oregon/Analyst--Finance-Operations-Technology-Enablement_R-87815,Posted Today,2026-07-24,2026-07-24T20:41:37+00:00,2026-07-24 13:41 Fri,,false,,,,false,workday:Nike:/job/Beaverton-Oregon/Analyst--Finance-Operations-Technology-Enablement_R-87815
Nike:/job/Beaverton-Oregon/APLA-Senior-Operations-Coordinator_R-89866,Nike,APLA Senior Operations Coordinator,"Beaverton, Oregon",,https://nike.wd1.myworkdayjobs.com/en-US/nke/job/Beaverton-Oregon/APLA-Senior-Operations-Coordinator_R-89866,Posted Yesterday,2026-08-26,2026-08-25T22:41:41+00:00,2026-08-25 15:41 Tue,,false,,,,false,workday:Nike:/job/Beaverton-Oregon/APLA-Senior-Operations-Coordinator_R-89866
Nike:/job/Beaverton-Oregon/Principal--Assistant-General-Counsel--Sports-Marketing_R-88990,Nike,"Assistant General Counsel, Sports Marketing","Beaverton, Oregon",,https://nike.wd1.myworkdayjobs.com/en-US/nke/job/Beaverton-Oregon/Principal--Assistant-General-Counsel--Sports-Marketing_R-88990,Posted 3 Days Ago,2026-07-25,2026-07-28T20:59:32+00:00,2026-07-28 13:59 Tue,,false,,,,false,workday:Nike:/job/Beaverton-Oregon/Principal--Assistant-General-Counsel--Sports-Marketing_R-88990
Nike:/job/Nanning-China-Mainland/Assistant-Head-Coach_R-87462,Nike,Assistant Head Coach,"Nanning, China Mainland",,https://nike.wd1.myworkdayjobs.com/en-US/nke/job/Nanning-China-Mainland/Assistant-Head-Coach_R-87462,Posted 4 Days Ago,2026-07-08,2026-07-12T07:45:02+00:00,2026-07-12 00:45 Sun,,false,,,,false,workday:Nike:/job/Nanning-China-Mainland/Assistant-Head-Coach_R-87462
Nike:/job/Guangzhou-China-Mainland/Assistant-Head-Coach_R-89310,Nike,Assistant Head Coach,"Guangzhou, China Mainland",,https://nike.wd1.myworkdayjobs.com/en-US/nke/job/Guangzhou-China-Mainland/Assistant-Head-Coach_R-89310,Posted Today,2026-08-04,2026-08-04T07:17:33+00:00,2026-08-04 00:17 Tue,,false,,,,false,workday:Nike:/job/Guangzhou-China-Mainland/Assistant-Head-Coach_R-89310
Nike:/job/Foshan-China-Mainland/Assistant-Head-Coach_R-86663,Nike,Assistant Head Coach,"Foshan, China Mainland",,https://nike.wd1.myworkdayjobs.com/en-US/nke/job/Foshan-China-Mainland/Assistant-Head-Coach_R-86663,Posted 30+ Days Ago,2026-07-19,2026-08-18T12:10:51+00:00,2026-08-18 05:10 Tue,,false,,,,false,workday:Nike:/job/Foshan-China-Mainland/Assistant-Head-Coach_R-86663
Nike:/job/Samut-Prakan-Thailand/Assistant-Head-Coach_R-91151,Nike,Assistant Head Coach,"Samut Prakan, Thailand",,https://nike.wd1.myworkdayjobs.com/en-US/nke/job/Samut-Prakan-Thailand/Assistant-Head-Coach_R-91151,Posted Today,2026-09-02,2026-09-01T01:17:45+00:00,2026-08-31 18:17 Mon,,false,,,,false,workday:Nike:/job/Samut-Prakan-Thailand/Assistant-Head-Coach_R-91151
Nike:/job/Palma-Nova-Italy/Assistant-Head-Coach--Assistant-Store-Manager----NFS-Palmanova-Outlet-Village_R-83219,Nike,Assistant Head Coach (Assistant Store Manager) - NFS Palmanova Outlet Village,"Palma Nova, Italy",,https://nike.wd1.myworkdayjobs.com/en-US/nke/job/Palma-Nova-Italy/Assistant-Head-Coach--Assistant-Store-Manager----NFS-Palmanova-Outlet-Village_R-83219,Posted Today,2026-07-14,2026-07-14T13:16:54+00:00,2026-07-14 06:16 Tue,,false,,,,false,workday:Nike:/job/Palma-Nova-Italy/Assistant-Head-Coach--Assistant-Store-Manager----NFS-Palmanova-Outlet-Village_R-83219
Nike:/job/New-South-Wales-Australia/Assistant-Head-Coach---Operations--Back-of-House_R-85861-1,Nike,"Assistant Head Coach - Operations, Back of House","New South Wales, Australia",,https://nike.wd1.myworkdayjobs.com/en-US/nke/job/New-South-Wales-Australia/Assistant-Head-Coach---Operations--Back-of-House_R-85861-1,Posted 2 Days Ago,2026-07-10,2026-07-12T07:45:02+00:00,2026-07-12 00:45 Sun,,false,,,,false,workday:Nike:/job/New-South-Wales-Australia/Assistant-Head-Coach---Operations--Back-of-House_R-85861-1
Nike:/job/Melbourne-Victoria/Assistant-Head-Coach---Operations--Back-of-House_R-90754,Nike,"Assistant Head Coach - Operations, Back of House","Melbourne, Victoria",,https://nike.wd1.myworkdayjobs.com/en-US/nke/job/Melbourne-Victoria/Assistant-Head-Coach---Operations--Back-of-House_R-90754,Posted Today,2026-08-27,2026-08-26T04:17:19+00:00,2026-08-25 21:17 Tue,,false,,,,false,workday:Nike:/job/Melbourne-Victoria/Assistant-Head-Coach---Operations--Back-of-House_R-90754
Nike:/job/Leon-Mexico/Assistant-Head-Coach---Sub-Gerente-de-tienda----NVS-Len_R-89623,Nike,Assistant Head Coach / Sub-Gerente de tienda –  NVS León,"Leon, Mexico",,https://nike.wd1.myworkdayjobs.com/en-US/nke/job/Leon-Mexico/Assistant-Head-Coach---Sub-Gerente-de-tienda----NVS-Len_R-89623,Posted Today,2026-08-07,2026-08-07T18:59:38+00:00,2026-08-07 11:59 Fri,,false,,,,false,workday:Nike:/job/Leon-Mexico/Assistant-Head-Coach---Sub-Gerente-de-tienda----NVS-Len_R-89623
Nike:/job/Ciudad-de-Mxico-Mexico/Assistant-Head-Coach---Sub-Gerente-de-tienda----NFS-Centro-Histrico_R-87319,Nike,Assistant Head Coach / Sub-Gerente de tienda –  NFS Centro Histórico,"Ciudad de México, Mexico",,https://nike.wd1.myworkdayjobs.com/en-US/nke/job/Ciudad-de-Mxico-Mexico/Assistant-Head-Coach---Sub-Gerente-de-tienda----NFS-Centro-Histrico_R-87319,Posted 6 Days Ago,2026-07-06,2026-07-12T07:45:02+00:00,2026-07-12 00:45 Sun,,false,,,,false,workday:Nike:/job/Ciudad-de-Mxico-Mexico/Assistant-Head-Coach---Sub-Gerente-de-tienda----NFS-Centro-Histrico_R-87319
Nike:/job/Ciudad-de-Mxico-Mexico/Assistant-Head-Coach---Sub-Gerente-de-tienda---NFS-MX-Unite-Oceana_R-89293,Nike,Assistant Head Coach / Sub-Gerente de tienda – NFS MX Unite Oceanía,"Ciudad de México, Mexico",,https://nike.wd1.myworkdayjobs.com/en-US/nke/job/Ciudad-de-Mxico-Mexico/Assistant-Head-Coach---Sub-Gerente-de-tienda---NFS-MX-Unite-Oceana_R-89293,Posted Today,2026-08-05,2026-08-05T22:59:00+00:00,2026-08-05 15:59 Wed,,false,,,,false,workday:Nike:/job/Ciudad-de-Mxico-Mexico/Assistant-Head-Coach---Sub-Gerente-de-tienda---NFS-MX-Unite-Oceana_R-89293
Nike:/job/Messancy-Belgium/Assistant-Head-Coach-Nike--Responsable-de-rayon----H---F_R-91088,Nike,Assistant Head Coach Nike (Responsable de rayon) – H / F,"Messancy, Belgium",,https://nike.wd1.myworkdayjobs.com/en-US/nke/job/Messancy-Belgium/Assistant-Head-Coach-Nike--Responsable-de-rayon----H---F_R-91088,Posted Today,2026-09-01,2026-08-31T13:17:33+00:00,2026-08-31 06:17 Mon,,false,,,,false,workday:Nike:/job/Messancy-Belgium/Assistant-Head-Coach-Nike--Responsable-de-rayon----H---F_R-91088
Nike:/job/Paris-France/Assistant-Head-Coach-Nike--Responsable-de-rayon----H---F-CDD---Stretch_R-87414,Nike,Assistant Head Coach Nike (Responsable de rayon) – H / F CDD / Stretch,"Paris, France",,https://nike.wd1.myworkdayjobs.com/en-US/nke/job/Paris-France/Assistant-Head-Coach-Nike--Responsable-de-rayon----H---F-CDD---Stretch_R-87414,Posted 5 Days Ago,2026-07-07,2026-07-12T07:45:02+00:00,2026-07-12 00:45 Sun,,false,,,,false,workday:Nike:/job/Paris-France/Assistant-Head-Coach-Nike--Responsable-de-rayon----H---F-CDD---Stretch_R-87414
Nike:/job/Sydney-New-South-Wales/Assistant-Head-Coach--Senior-Retail-Supervisor----Nike--Homebush_R-81420,Nike,"Assistant Head Coach – Selling & Service, Nike Homebush","Sydney, New South Wales",,https://nike.wd1.myworkdayjobs.com/en-US/nke/job/Sydney-New-South-Wales/Assistant-Head-Coach--Senior-Retail-Supervisor----Nike--Homebush_R-81420,Posted Today,2026-09-02,2026-08-25T08:59:28+00:00,2026-08-25 01:59 Tue,,false,,,,false,workday:Nike:/job/Sydney-New-South-Wales/Assistant-Head-Coach--Senior-Retail-Supervisor----Nike--Homebush_R-81420
Nike:/job/Berlin-Germany/Assistant-Store-Manager--Assistant-Head-Coach---w-m-d----37-5h-week---Berlin-Ku-damm_R-85721,Nike,"Assistant Store Manager (Assistant Head Coach) (w/m/d) – 37,5h/week – Berlin Ku´damm","Berlin, Germany",,https://nike.wd1.myworkdayjobs.com/en-US/nke/job/Berlin-Germany/Assistant-Store-Manager--Assistant-Head-Coach---w-m-d----37-5h-week---Berlin-Ku-damm_R-85721,Posted 30+ Days Ago,2026-07-19,2026-08-18T12:10:51+00:00,2026-08-18 05:10 Tue,,false,,,,false,workday:Nike:/job/Berlin-Germany/Assistant-Store-Manager--Assistant-Head-Coach---w-m-d----37-5h-week---Berlin-Ku-damm_R-85721
Nike:/job/Ingolstadt-Germany/Assistant-Store-Manager--Assistant-Head-Coach---w-m-d----375H--NFS-Ingolstadt_R-88950,Nike,Assistant Store Manager (Assistant Head Coach) (w/m/d) – 37.5H– NFS Ingolstadt,"Ingolstadt, Germany",,https://nike.wd1.myworkdayjobs.com/en-US/nke/job/Ingolstadt-Germany/Assistant-Store-Manager--Assistant-Head-Coach---w-m-d----375H--NFS-Ingolstadt_R-88950,Posted Today,2026-08-03,2026-08-03T22:17:10+00:00,2026-08-03 15:17 Mon,,false,,,,false,workday:Nike:/job/Ingolstadt-Germany/Assistant-Store-Manager--Assistant-Head-Coach---w-m-d----375H--NFS-Ingolstadt_R-88950
Nike:/job/Liege-Belgium/Assistant-Store-Manager--Assistant-Head-Coach----NIKE-LIEGE_R-91165,Nike,Assistant Store Manager (Assistant Head Coach) - NIKE LIEGE,"Liege, Belgium",,https://nike.wd1.myworkdayjobs.com/en-US/nke/job/Liege-Belgium/Assistant-Store-Manager--Assistant-Head-Coach----NIKE-LIEGE_R-91165,Posted Today,2026-09-02,2026-09-01T09:17:24+00:00,2026-09-01 02:17 Tue,,false,,,,false,workday:Nike:/job/Liege-Belgium/Assistant-Store-Manager--Assistant-Head-Coach----NIKE-LIEGE_R-91165
Nike:/job/Manchester-United-Kingdom/Assistant-Store-Manager--Assistant-Head-Coach----Nike-Store-Manchester_R-88836,Nike,Assistant Store Manager (Assistant Head Coach) - Nike Store Manchester,"Manchester, United Kingdom",,https://nike.wd1.myworkdayjobs.com/en-US/nke/job/Manchester-United-Kingdom/Assistant-Store-Manager--Assistant-Head-Coach----Nike-Store-Manchester_R-88836,Posted 7 Days Ago,2026-07-20,2026-07-27T12:40:16+00:00,2026-07-27 05:40 Mon,,false,,,,false,workday:Nike:/job/Manchester-United-Kingdom/Assistant-Store-Manager--Assistant-Head-Coach----Nike-Store-Manchester_R-88836
Nike:/job/Roermond-Netherlands/Assistant-Store-Manager--Assistant-Head-Coach---NIKE-ROERMOND_R-90102,Nike,Assistant Store Manager (Assistant Head Coach)- NIKE ROERMOND,"Roermond, Netherlands",,https://nike.wd1.myworkdayjobs.com/en-US/nke/job/Roermond-Netherlands/Assistant-Store-Manager--Assistant-Head-Coach---NIKE-ROERMOND_R-90102,Posted 2 Days Ago,2026-08-18,2026-08-17T15:39:40+00:00,2026-08-17 08:39 Mon,,false,,,,false,workday:Nike:/job/Roermond-Netherlands/Assistant-Store-Manager--Assistant-Head-Coach---NIKE-ROERMOND_R-90102
Nike:/job/LONDON-OFFICE/Assistant-Store-Manager--Athlete-Services---Training-AHC-----NEW-NIKE-LONDON-FLAGSHIP_R-87567-1,Nike,Assistant Store Manager (Athlete Services & Training AHC) -  NEW NIKE LONDON FLAGSHIP,LONDON OFFICE,,https://nike.wd1.myworkdayjobs.com/en-US/nke/job/LONDON-OFFICE/Assistant-Store-Manager--Athlete-Services---Training-AHC-----NEW-NIKE-LONDON-FLAGSHIP_R-87567-1,Posted 3 Days Ago,2026-07-09,2026-07-12T07:45:02+00:00,2026-07-12 00:45 Sun,,false,,,,false,workday:Nike:/job/LONDON-OFFICE/Assistant-Store-Manager--Athlete-Services---Training-AHC-----NEW-NIKE-LONDON-FLAGSHIP_R-87567-1
Nike:/job/Giliwice-Poland/Assistant-Store-Manager--Factory-Gliwice-_R-87783,Nike,Assistant Store Manager (Factory Gliwice),"Giliwice, Poland",,https://nike.wd1.myworkdayjobs.com/en-US/nke/job/Giliwice-Poland/Assistant-Store-Manager--Factory-Gliwice-_R-87783,Posted Today,2026-07-13,2026-07-13T10:40:47+00:00,2026-07-13 03:40 Mon,,false,,,,false,workday:Nike:/job/Giliwice-Poland/Assistant-Store-Manager--Factory-Gliwice-_R-87783
Nike:/job/Gliwice-Poland/Assistant-Store-Manager--Factory-Gliwice-_R-87783,Nike,Assistant Store Manager (Factory Gliwice),"Gliwice, Poland",,https://nike.wd1.myworkdayjobs.com/en-US/nke/job/Gliwice-Poland/Assistant-Store-Manager--Factory-Gliwice-_R-87783,Posted 30+ Days Ago,2026-07-19,2026-08-18T12:10:51+00:00,2026-08-18 05:10 Tue,,false,,,,false,workday:Nike:/job/Gliwice-Poland/Assistant-Store-Manager--Factory-Gliwice-_R-87783
Nike:/job/Jerusalem-District-Israel/Assistant-Store-Manager--Assistant-Head-Coach----NIKE-JERUSALEM_R-90280,Nike,Assistant Store Manager (Jerusalem),"Jerusalem District, Israel",,https://nike.wd1.myworkdayjobs.com/en-US/nke/job/Jerusalem-District-Israel/Assistant-Store-Manager--Assistant-Head-Coach----NIKE-JERUSALEM_R-90280,Posted Today,2026-08-21,2026-08-19T09:03:45+00:00,2026-08-19 02:03 Wed,,false,,,,false,workday:Nike:/job/Jerusalem-District-Israel/Assistant-Store-Manager--Assistant-Head-Coach----NIKE-JERUSALEM_R-90280
Nike:/job/LONDON-OFFICE/Assistant-Store-Manager--Night-Operations-AHC------NEW-NIKE-LONDON-FLAGSHIP_R-87566,Nike,Assistant Store Manager (Night Operations AHC)  -  NEW NIKE LONDON FLAGSHIP,LONDON OFFICE,,https://nike.wd1.myworkdayjobs.com/en-US/nke/job/LONDON-OFFICE/Assistant-Store-Manager--Night-Operations-AHC------NEW-NIKE-LONDON-FLAGSHIP_R-87566,Posted 3 Days Ago,2026-07-09,2026-07-12T07:45:02+00:00,2026-07-12 00:45 Sun,,false,,,,false,workday:Nike:/job/LONDON-OFFICE/Assistant-Store-Manager--Night-Operations-AHC------NEW-NIKE-LONDON-FLAGSHIP_R-87566
Nike:/job/Budapest-Hungary/Assistant-Store-Manager--Polgr-_R-89832,Nike,Assistant Store Manager (Polgár),"Budapest, Hungary",,https://nike.wd1.myworkdayjobs.com/en-US/nke/job/Budapest-Hungary/Assistant-Store-Manager--Polgr-_R-89832,Posted Today,2026-08-12,2026-08-12T08:17:25+00:00,2026-08-12 01:17 Wed,,false,,,,false,workday:Nike:/job/Budapest-Hungary/Assistant-Store-Manager--Polgr-_R-89832
Nike:/job/LONDON-OFFICE/Assistant-Store-Manager--Visual-Merchandising---Styling-AHC------NEW-NIKE-LONDON-FLAGSHIP_R-87345-1,Nike,Assistant Store Manager (Visual Merchandising & Styling AHC)  -  NEW NIKE LONDON FLAGSHIP,LONDON OFFICE,,https://nike.wd1.myworkdayjobs.com/en-US/nke/job/LONDON-OFFICE/Assistant-Store-Manager--Visual-Merchandising---Styling-AHC------NEW-NIKE-LONDON-FLAGSHIP_R-87345-1,Posted Yesterday,2026-09-03,2026-07-12T07:45:02+00:00,2026-07-12 00:45 Sun,,false,,,,false,workday:Nike:/job/LONDON-OFFICE/Assistant-Store-Manager--Visual-Merchandising---Styling-AHC------NEW-NIKE-LONDON-FLAGSHIP_R-87345-1
Nike:/job/Battersea-United-Kingdom/Assistant-Store-Manager----Assistant-Head-Coach--Battersea_R-77059-1,Nike,Assistant Store Manager - (Assistant Head Coach) Battersea,"Battersea, United Kingdom",,https://nike.wd1.myworkdayjobs.com/en-US/nke/job/Battersea-United-Kingdom/Assistant-Store-Manager----Assistant-Head-Coach--Battersea_R-77059-1,Posted Today,2026-09-04,2026-09-04T08:58:34+00:00,2026-09-04 01:58 Fri,,false,,,,false,workday:Nike:/job/Battersea-United-Kingdom/Assistant-Store-Manager----Assistant-Head-Coach--Battersea_R-77059-1
Nike:/job/LONDON-OFFICE/Assistant-Store-Manager-Operations--Assistant-Head-Coach------NEW-NIKE-LONDON-FLAGSHIP_R-87343,Nike,Assistant Store Manager Operations (Assistant Head Coach)  -  NEW NIKE LONDON FLAGSHIP,LONDON OFFICE,,https://nike.wd1.myworkdayjobs.com/en-US/nke/job/LONDON-OFFICE/Assistant-Store-Manager-Operations--Assistant-Head-Coach------NEW-NIKE-LONDON-FLAGSHIP_R-87343,Posted 6 Days Ago,2026-07-06,2026-07-12T07:45:02+00:00,2026-07-12 00:45 Sun,,false,,,,false,workday:Nike:/job/LONDON-OFFICE/Assistant-Store-Manager-Operations--Assistant-Head-Coach------NEW-NIKE-LONDON-FLAGSHIP_R-87343
Nike:/job/LONDON-OFFICE/Assistant-Store-Manager-Service--Assistant-Head-Coach------NEW-NIKE-LONDON-FLAGSHIP_R-87342,Nike,Assistant Store Manager Service (Assistant Head Coach)  -  NEW NIKE LONDON FLAGSHIP,LONDON OFFICE,,https://nike.wd1.myworkdayjobs.com/en-US/nke/job/LONDON-OFFICE/Assistant-Store-Manager-Service--Assistant-Head-Coach------NEW-NIKE-LONDON-FLAGSHIP_R-87342,Posted Yesterday,2026-09-03,2026-07-12T07:45:02+00:00,2026-07-12 00:45 Sun,,false,,,,false,workday:Nike:/job/LONDON-OFFICE/Assistant-Store-Manager-Service--Assistant-Head-Coach------NEW-NIKE-LONDON-FLAGSHIP_R-87342
Nike:/job/LONDON-OFFICE/Assistant-Store-Manager---Signature-Services---NEW-LONDON-FLAGSHIP_R-88658,Nike,Assistant Store Manager – Signature Services – NEW LONDON FLAGSHIP,LONDON OFFICE,,https://nike.wd1.myworkdayjobs.com/en-US/nke/job/LONDON-OFFICE/Assistant-Store-Manager---Signature-Services---NEW-LONDON-FLAGSHIP_R-88658,Posted Today,2026-09-04,2026-07-23T09:41:48+00:00,2026-07-23 02:41 Thu,,false,,,,false,workday:Nike:/job/LONDON-OFFICE/Assistant-Store-Manager---Signature-Services---NEW-LONDON-FLAGSHIP_R-88658
Nike:/job/Ottawa-Ontario/Assistant-Store-Manager--Nike-Kanata-Outlet_R-84688-1,Nike,Assistant Store Manager- Nike Kanata Outlet,"Ottawa, Ontario",,https://nike.wd1.myworkdayjobs.com/en-US/nke/job/Ottawa-Ontario/Assistant-Store-Manager--Nike-Kanata-Outlet_R-84688-1,Posted 6 Days Ago,2026-07-22,2026-07-28T21:24:25+00:00,2026-07-28 14:24 Tue,,false,,,,false,workday:Nike:/job/Ottawa-Ontario/Assistant-Store-Manager--Nike-Kanata-Outlet_R-84688-1
Nike:/job/Ottawa-Ontario/Assistant-Store-Manager--Nike-Kanata-Outlet_R-91217,Nike,Assistant Store Manager- Nike Kanata Outlet,"Ottawa, Ontario",,https://nike.wd1.myworkdayjobs.com/en-US/nke/job/Ottawa-Ontario/Assistant-Store-Manager--Nike-Kanata-Outlet_R-91217,Posted Yesterday,2026-09-02,2026-09-01T17:17:59+00:00,2026-09-01 10:17 Tue,,false,,,,false,workday:Nike:/job/Ottawa-Ontario/Assistant-Store-Manager--Nike-Kanata-Outlet_R-91217
Nike:/job/Rome-Italy/Assistant-Store-Manager-Assistant-Head-Coach-NIKE---NEW-OPENING-Nike-Roma-Outlet_R-89795,Nike,Assistant Store Manager/Assistant Head Coach NIKE – NEW OPENING Nike Roma Outlet,"Rome, Italy",,https://nike.wd1.myworkdayjobs.com/en-US/nke/job/Rome-Italy/Assistant-Store-Manager-Assistant-Head-Coach-NIKE---NEW-OPENING-Nike-Roma-Outlet_R-89795,Posted Today,2026-08-11,2026-08-11T14:41:52+00:00,2026-08-11 07:41 Tue,,false,,,,false,workday:Nike:/job/Rome-Italy/Assistant-Store-Manager-Assistant-Head-Coach-NIKE---NEW-OPENING-Nike-Roma-Outlet_R-89795
Nike:/job/Ciudad-de-Mxico-Mexico/Assortment-Planning-Analyst--LATAM_R-90887,Nike,"Assortment Planning Analyst, LATAM","Ciudad de México, Mexico",,https://nike.wd1.myworkdayjobs.com/en-US/nke/job/Ciudad-de-Mxico-Mexico/Assortment-Planning-Analyst--LATAM_R-90887,Posted 3 Days Ago,2026-08-29,2026-08-28T18:17:46+00:00,2026-08-28 11:17 Fri,,false,,,,false,workday:Nike:/job/Ciudad-de-Mxico-Mexico/Assortment-Planning-Analyst--LATAM_R-90887
Nike:/job/Ciudad-de-Mxico-Mexico/Athlete----Asesora-de-Venta-PT-24H-Medio-Tiempo---Nike-Gran-Terraza-Coapa_R-89505,Nike,Athlete  / Asesor.a de Venta PT 24H Medio Tiempo - Nike Gran Terraza Coapa,"Ciudad de México, Mexico",,https://nike.wd1.myworkdayjobs.com/en-US/nke/job/Ciudad-de-Mxico-Mexico/Athlete----Asesora-de-Venta-PT-24H-Medio-Tiempo---Nike-Gran-Terraza-Coapa_R-89505,Posted Today,2026-09-04,2026-08-07T21:17:39+00:00,2026-08-07 14:17 Fri,,false,,,,false,workday:Nike:/job/Ciudad-de-Mxico-Mexico/Athlete----Asesora-de-Venta-PT-24H-Medio-Tiempo---Nike-Gran-Terraza-Coapa_R-89505
Nike:/job/Monterrey-Mexico/Athlete---Asesora-de-Venta-FT-24H-Medio-Tiempo---Nike-Unite-Cumbres_R-89434,Nike,Athlete / Asesor.a de Venta FT 24H Medio Tiempo | Nike Unite Cumbres,"Monterrey, Mexico",,https://nike.wd1.myworkdayjobs.com/en-US/nke/job/Monterrey-Mexico/Athlete---Asesora-de-Venta-FT-24H-Medio-Tiempo---Nike-Unite-Cumbres_R-89434,Posted Today,2026-08-05,2026-08-05T16:17:54+00:00,2026-08-05 09:17 Wed,,false,,,,false,workday:Nike:/job/Monterrey-Mexico/Athlete---Asesora-de-Venta-FT-24H-Medio-Tiempo---Nike-Unite-Cumbres_R-89434
Nike:/job/NFS-MORELIA/Athlete---Asesora-de-Venta-FT-40H-Tiempo-Completo_R-87739,Nike,Athlete / Asesor.a de Venta FT 40H Tiempo Completo,NFS MORELIA,,https://nike.wd1.myworkdayjobs.com/en-US/nke/job/NFS-MORELIA/Athlete---Asesora-de-Venta-FT-40H-Tiempo-Completo_R-87739,Posted Today,2026-07-13,2026-07-13T15:17:05+00:00,2026-07-13 08:17 Mon,,false,,,,false,workday:Nike:/job/NFS-MORELIA/Athlete---Asesora-de-Venta-FT-40H-Tiempo-Completo_R-87739
Nike:/job/Queretaro-Mexico/Athlete---Asesora-de-Venta-FT-40H-Tiempo-Completo----NFS-MX-Queretaro-Premium----_R-87599,Nike,Athlete / Asesor.a de Venta FT 40H Tiempo Completo  – NFS MX Queretaro Premium    ,"Queretaro, Mexico",,https://nike.wd1.myworkdayjobs.com/en-US/nke/job/Queretaro-Mexico/Athlete---Asesora-de-Venta-FT-40H-Tiempo-Completo----NFS-MX-Queretaro-Premium----_R-87599,Posted 3 Days Ago,2026-07-09,2026-07-12T07:45:02+00:00,2026-07-12 00:45 Sun,,false,,,,false,workday:Nike:/job/Queretaro-Mexico/Athlete---Asesora-de-Venta-FT-40H-Tiempo-Completo----NFS-MX-Queretaro-Premium----_R-87599
Nike:/job/Cancn-Mexico/Athlete---Asesora-de-Venta-FT-40H-Tiempo-Completo----TEMPORAL---Rivera-Maya_R-90827,Nike,Athlete / Asesor.a de Venta FT 40H Tiempo Completo -  TEMPORAL | Rivera Maya,"Cancún, Mexico",,https://nike.wd1.myworkdayjobs.com/en-US/nke/job/Cancn-Mexico/Athlete---Asesora-de-Venta-FT-40H-Tiempo-Completo----TEMPORAL---Rivera-Maya_R-90827,Posted Today,2026-09-01,2026-08-31T16:17:55+00:00,2026-08-31 09:17 Mon,,false,,,,false,workday:Nike:/job/Cancn-Mexico/Athlete---Asesora-de-Venta-FT-40H-Tiempo-Completo----TEMPORAL---Rivera-Maya_R-90827
Nike:/job/Leon-Mexico/Athlete---Asesora-de-Venta-FT-40H-Tiempo-Completo---NVS-Len_R-91337,Nike,Athlete / Asesor.a de Venta FT 40H Tiempo Completo - NVS León,"Leon, Mexico",,https://nike.wd1.myworkdayjobs.com/en-US/nke/job/Leon-Mexico/Athlete---Asesora-de-Venta-FT-40H-Tiempo-Completo---NVS-Len_R-91337,Posted Yesterday,2026-09-03,2026-09-02T21:41:40+00:00,2026-09-02 14:41 Wed,,false,,,,false,workday:Nike:/job/Leon-Mexico/Athlete---Asesora-de-Venta-FT-40H-Tiempo-Completo---NVS-Len_R-91337
Nike:/job/Cancn-Mexico/Athlete---Asesora-de-Venta-FT-40H-Tiempo-Completo---Rivera-Maya_R-89070,Nike,Athlete / Asesor.a de Venta FT 40H Tiempo Completo - Rivera Maya,"Cancún, Mexico",,https://nike.wd1.myworkdayjobs.com/en-US/nke/job/Cancn-Mexico/Athlete---Asesora-de-Venta-FT-40H-Tiempo-Completo---Rivera-Maya_R-89070,Posted 4 Days Ago,2026-07-26,2026-07-30T15:42:09+00:00,2026-07-30 08:42 Thu,,false,,,,false,workday:Nike:/job/Cancn-Mexico/Athlete---Asesora-de-Venta-FT-40H-Tiempo-Completo---Rivera-Maya_R-89070
Nike:/job/Cancn-Mexico/Athlete---Asesora-de-Venta-FT-40H-Tiempo-Completo---Rivera-Maya_R-89757,Nike,Athlete / Asesor.a de Venta FT 40H Tiempo Completo - Rivera Maya,"Cancún, Mexico",,https://nike.wd1.myworkdayjobs.com/en-US/nke/job/Cancn-Mexico/Athlete---Asesora-de-Venta-FT-40H-Tiempo-Completo---Rivera-Maya_R-89757,Posted 3 Days Ago,2026-08-22,2026-08-21T19:04:38+00:00,2026-08-21 12:04 Fri,,false,,,,false,workday:Nike:/job/Cancn-Mexico/Athlete---Asesora-de-Venta-FT-40H-Tiempo-Completo---Rivera-Maya_R-89757
Nike:/job/Leon-Mexico/Athlete---Asesora-de-Venta-FT-40H-Tiempo-Completo---TEMPORAL---Len_R-91031,Nike,Athlete / Asesor.a de Venta FT 40H Tiempo Completo - TEMPORAL | León,"Leon, Mexico",,https://nike.wd1.myworkdayjobs.com/en-US/nke/job/Leon-Mexico/Athlete---Asesora-de-Venta-FT-40H-Tiempo-Completo---TEMPORAL---Len_R-91031,Posted Today,2026-09-01,2026-08-31T16:17:55+00:00,2026-08-31 09:17 Mon,,false,,,,false,workday:Nike:/job/Leon-Mexico/Athlete---Asesora-de-Venta-FT-40H-Tiempo-Completo---TEMPORAL---Len_R-91031
Nike:/job/NFS-MORELIA/Athlete---Asesora-de-Venta-FT-40H-Tiempo-Completo---TEMPORAL---Morelia_R-90821,Nike,Athlete / Asesor.a de Venta FT 40H Tiempo Completo - TEMPORAL | Morelia,NFS MORELIA,,https://nike.wd1.myworkdayjobs.com/en-US/nke/job/NFS-MORELIA/Athlete---Asesora-de-Venta-FT-40H-Tiempo-Completo---TEMPORAL---Morelia_R-90821,Posted Today,2026-09-01,2026-08-31T16:17:55+00:00,2026-08-31 09:17 Mon,,false,,,,false,workday:Nike:/job/NFS-MORELIA/Athlete---Asesora-de-Venta-FT-40H-Tiempo-Completo---TEMPORAL---Morelia_R-90821
Nike:/job/Ciudad-de-Mxico-Mexico/Athlete---Asesora-de-Venta-FT-40H-Tiempo-Completo---TEMPORAL---NFS-Aeropuerto_R-90604,Nike,Athlete / Asesor.a de Venta FT 40H Tiempo Completo - TEMPORAL | NFS Aeropuerto,"Ciudad de México, Mexico",,https://nike.wd1.myworkdayjobs.com/en-US/nke/job/Ciudad-de-Mxico-Mexico/Athlete---Asesora-de-Venta-FT-40H-Tiempo-Completo---TEMPORAL---NFS-Aeropuerto_R-90604,Posted Today,2026-09-01,2026-08-31T16:17:55+00:00,2026-08-31 09:17 Mon,,false,,,,false,workday:Nike:/job/Ciudad-de-Mxico-Mexico/Athlete---Asesora-de-Venta-FT-40H-Tiempo-Completo---TEMPORAL---NFS-Aeropuerto_R-90604
Nike:/job/Ciudad-de-Mxico-Mexico/Athlete---Asesora-de-Venta-FT-40H-Tiempo-Completo---TEMPORAL---NFS-Centro-Historico_R-90483,Nike,Athlete / Asesor.a de Venta FT 40H Tiempo Completo - TEMPORAL | NFS Centro Historico,"Ciudad de México, Mexico",,https://nike.wd1.myworkdayjobs.com/en-US/nke/job/Ciudad-de-Mxico-Mexico/Athlete---Asesora-de-Venta-FT-40H-Tiempo-Completo---TEMPORAL---NFS-Centro-Historico_R-90483,Posted Today,2026-09-01,2026-08-31T16:17:55+00:00,2026-08-31 09:17 Mon,,false,,,,false,workday:Nike:/job/Ciudad-de-Mxico-Mexico/Athlete---Asesora-de-Venta-FT-40H-Tiempo-Completo---TEMPORAL---NFS-Centro-Historico_R-90483
Nike:/job/Ciudad-de-Mxico-Mexico/Athlete---Asesora-de-Venta-FT-40H-Tiempo-Completo---TEMPORAL---NFS-Gran-Terraza-Coapa_R-90613,Nike,Athlete / Asesor.a de Venta FT 40H Tiempo Completo - TEMPORAL | NFS Gran Terraza Coapa,"Ciudad de México, Mexico",,https://nike.wd1.myworkdayjobs.com/en-US/nke/job/Ciudad-de-Mxico-Mexico/Athlete---Asesora-de-Venta-FT-40H-Tiempo-Completo---TEMPORAL---NFS-Gran-Terraza-Coapa_R-90613,Posted Today,2026-09-01,2026-08-31T16:17:55+00:00,2026-08-31 09:17 Mon,,false,,,,false,workday:Nike:/job/Ciudad-de-Mxico-Mexico/Athlete---Asesora-de-Venta-FT-40H-Tiempo-Completo---TEMPORAL---NFS-Gran-Terraza-Coapa_R-90613
Nike:/job/Cuautitlan-Izcalli-Mexico/Athlete---Asesora-de-Venta-FT-40H-Tiempo-Completo---TEMPORAL---NFS-Punta-Norte_R-90591,Nike,Athlete / Asesor.a de Venta FT 40H Tiempo Completo - TEMPORAL | NFS Punta Norte,"Cuautitlan Izcalli, Mexico",,https://nike.wd1.myworkdayjobs.com/en-US/nke/job/Cuautitlan-Izcalli-Mexico/Athlete---Asesora-de-Venta-FT-40H-Tiempo-Completo---TEMPORAL---NFS-Punta-Norte_R-90591,Posted Today,2026-09-01,2026-08-31T16:17:55+00:00,2026-08-31 09:17 Mon,,false,,,,false,workday:Nike:/job/Cuautitlan-Izcalli-Mexico/Athlete---Asesora-de-Venta-FT-40H-Tiempo-Completo---TEMPORAL---NFS-Punta-Norte_R-90591
Nike:/job/Aguascalientes-Mexico/Athlete---Asesora-de-Venta-FT-40H-Tiempo-Completo---TEMPORAL---Nike-Factory-Store-Aguascalientes_R-90845,Nike,Athlete / Asesor.a de Venta FT 40H Tiempo Completo - TEMPORAL | Nike Factory Store Aguascalientes,"Aguascalientes, Mexico",,https://nike.wd1.myworkdayjobs.com/en-US/nke/job/Aguascalientes-Mexico/Athlete---Asesora-de-Venta-FT-40H-Tiempo-Completo---TEMPORAL---Nike-Factory-Store-Aguascalientes_R-90845,Posted Today,2026-09-01,2026-08-31T16:17:55+00:00,2026-08-31 09:17 Mon,,false,,,,false,workday:Nike:/job/Aguascalientes-Mexico/Athlete---Asesora-de-Venta-FT-40H-Tiempo-Completo---TEMPORAL---Nike-Factory-Store-Aguascalientes_R-90845
Nike:/job/NFS-US-FORUM-CUERNAVACA/Athlete---Asesora-de-Venta-FT-40H-Tiempo-Completo---TEMPORAL---Nike-Grand-Outlet-Cuernavaca_R-90822,Nike,Athlete / Asesor.a de Venta FT 40H Tiempo Completo - TEMPORAL | Nike Grand Outlet Cuernavaca,NFS US FORUM CUERNAVACA,,https://nike.wd1.myworkdayjobs.com/en-US/nke/job/NFS-US-FORUM-CUERNAVACA/Athlete---Asesora-de-Venta-FT-40H-Tiempo-Completo---TEMPORAL---Nike-Grand-Outlet-Cuernavaca_R-90822,Posted Today,2026-09-01,2026-08-31T16:17:55+00:00,2026-08-31 09:17 Mon,Computer Vision,true,Keyword,40,keyword-only heuristic,false,workday:Nike:/job/NFS-US-FORUM-CUERNAVACA/Athlete---Asesora-de-Venta-FT-40H-Tiempo-Completo---TEMPORAL---Nike-Grand-Outlet-Cuernavaca_R-90822
Nike:/job/Zapopan-Mexico/Athlete---Asesora-de-Venta-FT-40H-Tiempo-Completo---TEMPORAL---Nike-Unite-Guadalajara_R-90786,Nike,Athlete / Asesor.a de Venta FT 40H Tiempo Completo - TEMPORAL | Nike Unite Guadalajara,"Zapopan, Mexico",,https://nike.wd1.myworkdayjobs.com/en-US/nke/job/Zapopan-Mexico/Athlete---Asesora-de-Venta-FT-40H-Tiempo-Completo---TEMPORAL---Nike-Unite-Guadalajara_R-90786,Posted Today,2026-09-01,2026-08-31T16:17:55+00:00,2026-08-31 09:17 Mon,,false,,,,false,workday:Nike:/job/Zapopan-Mexico/Athlete---Asesora-de-Venta-FT-40H-Tiempo-Completo---TEMPORAL---Nike-Unite-Guadalajara_R-90786
Nike:/job/Lerma-Mexico/Athlete---Asesora-de-Venta-FT-40H-Tiempo-Completo---TEMPORAL---Nike-Unite-Lerma_R-90853,Nike,Athlete / Asesor.a de Venta FT 40H Tiempo Completo - TEMPORAL | Nike Unite Lerma,"Lerma, Mexico",,https://nike.wd1.myworkdayjobs.com/en-US/nke/job/Lerma-Mexico/Athlete---Asesora-de-Venta-FT-40H-Tiempo-Completo---TEMPORAL---Nike-Unite-Lerma_R-90853,Posted Today,2026-09-01,2026-08-31T16:17:55+00:00,2026-08-31 09:17 Mon,,false,,,,false,workday:Nike:/job/Lerma-Mexico/Athlete---Asesora-de-Venta-FT-40H-Tiempo-Completo---TEMPORAL---Nike-Unite-Lerma_R-90853
Nike:/job/Ciudad-de-Mxico-Mexico/Athlete---Asesora-de-Venta-FT-40H-Tiempo-Completo---TEMPORAL---Nike-Unite-Oceania_R-90869-1,Nike,Athlete / Asesor.a de Venta FT 40H Tiempo Completo - TEMPORAL | Nike Unite Oceania,"Ciudad de México, Mexico",,https://nike.wd1.myworkdayjobs.com/en-US/nke/job/Ciudad-de-Mxico-Mexico/Athlete---Asesora-de-Venta-FT-40H-Tiempo-Completo---TEMPORAL---Nike-Unite-Oceania_R-90869-1,Posted Today,2026-09-01,2026-08-31T16:17:55+00:00,2026-08-31 09:17 Mon,,false,,,,false,workday:Nike:/job/Ciudad-de-Mxico-Mexico/Athlete---Asesora-de-Venta-FT-40H-Tiempo-Completo---TEMPORAL---Nike-Unite-Oceania_R-90869-1
Nike:/job/Puebla-Mexico/Athlete---Asesora-de-Venta-FT-40H-Tiempo-Completo---TEMPORAL---Nike-Unite-Puebla_R-90851,Nike,Athlete / Asesor.a de Venta FT 40H Tiempo Completo - TEMPORAL | Nike Unite Puebla,"Puebla, Mexico",,https://nike.wd1.myworkdayjobs.com/en-US/nke/job/Puebla-Mexico/Athlete---Asesora-de-Venta-FT-40H-Tiempo-Completo---TEMPORAL---Nike-Unite-Puebla_R-90851,Posted Today,2026-09-01,2026-08-31T16:17:55+00:00,2026-08-31 09:17 Mon,,false,,,,false,workday:Nike:/job/Puebla-Mexico/Athlete---Asesora-de-Venta-FT-40H-Tiempo-Completo---TEMPORAL---Nike-Unite-Puebla_R-90851
Nike:/job/Saltillo-Mexico/Athlete---Asesora-de-Venta-FT-40H-Tiempo-Completo---Unite-Saltillo_R-88993,Nike,Athlete / Asesor.a de Venta FT 40H Tiempo Completo - Unite Saltillo,"Saltillo, Mexico",,https://nike.wd1.myworkdayjobs.com/en-US/nke/job/Saltillo-Mexico/Athlete---Asesora-de-Venta-FT-40H-Tiempo-Completo---Unite-Saltillo_R-88993,Posted Today,2026-08-03,2026-08-03T16:41:48+00:00,2026-08-03 09:41 Mon,,false,,,,false,workday:Nike:/job/Saltillo-Mexico/Athlete---Asesora-de-Venta-FT-40H-Tiempo-Completo---Unite-Saltillo_R-88993
Nike:/job/Ciudad-de-Mxico-Mexico/Athlete---Asesora-de-Venta-FT-40H-Tiempo-Completo----NIKE-Mexico-City-and-WOF_R-90618,Nike,Athlete / Asesor.a de Venta FT 40H Tiempo Completo |  NIKE Mexico City and WOF,"Ciudad de México, Mexico",,https://nike.wd1.myworkdayjobs.com/en-US/nke/job/Ciudad-de-Mxico-Mexico/Athlete---Asesora-de-Venta-FT-40H-Tiempo-Completo----NIKE-Mexico-City-and-WOF_R-90618,Posted Yesterday,2026-08-27,2026-08-26T20:59:49+00:00,2026-08-26 13:59 Wed,,false,,,,false,workday:Nike:/job/Ciudad-de-Mxico-Mexico/Athlete---Asesora-de-Venta-FT-40H-Tiempo-Completo----NIKE-Mexico-City-and-WOF_R-90618
Nike:/job/Ciudad-de-Mxico-Mexico/Athlete---Asesora-de-Venta-FT-40H-Tiempo-Completo---NFS-Aeropuerto_R-89141,Nike,Athlete / Asesor.a de Venta FT 40H Tiempo Completo | NFS Aeropuerto,"Ciudad de México, Mexico",,https://nike.wd1.myworkdayjobs.com/en-US/nke/job/Ciudad-de-Mxico-Mexico/Athlete---Asesora-de-Venta-FT-40H-Tiempo-Completo---NFS-Aeropuerto_R-89141,Posted 3 Days Ago,2026-07-28,2026-07-31T15:41:36+00:00,2026-07-31 08:41 Fri,,false,,,,false,workday:Nike:/job/Ciudad-de-Mxico-Mexico/Athlete---Asesora-de-Venta-FT-40H-Tiempo-Completo---NFS-Aeropuerto_R-89141
Nike:/job/Veracruz-Mexico/Athlete---Asesora-de-Venta-FT-40H-Tiempo-Completo---Nike-Plaza-Las-Amricas---Veracruz-_R-87587,Nike,Athlete / Asesor.a de Venta FT 40H Tiempo Completo | Nike Plaza Las Américas - Veracruz ,"Veracruz, Mexico",,https://nike.wd1.myworkdayjobs.com/en-US/nke/job/Veracruz-Mexico/Athlete---Asesora-de-Venta-FT-40H-Tiempo-Completo---Nike-Plaza-Las-Amricas---Veracruz-_R-87587,Posted Today,2026-08-16,2026-08-16T21:34:21+00:00,2026-08-16 14:34 Sun,,false,,,,false,workday:Nike:/job/Veracruz-Mexico/Athlete---Asesora-de-Venta-FT-40H-Tiempo-Completo---Nike-Plaza-Las-Amricas---Veracruz-_R-87587
Nike:/job/Zapopan-Mexico/Athlete---Asesora-de-Venta-FT-40H-Tiempo-Completo---Nike-Plaza-Patria---Guadalajara_R-87999,Nike,Athlete / Asesor.a de Venta FT 40H Tiempo Completo | Nike Plaza Patria - Guadalajara,"Zapopan, Mexico",,https://nike.wd1.myworkdayjobs.com/en-US/nke/job/Zapopan-Mexico/Athlete---Asesora-de-Venta-FT-40H-Tiempo-Completo---Nike-Plaza-Patria---Guadalajara_R-87999,Posted 4 Days Ago,2026-07-26,2026-07-30T20:59:37+00:00,2026-07-30 13:59 Thu,,false,,,,false,workday:Nike:/job/Zapopan-Mexico/Athlete---Asesora-de-Venta-FT-40H-Tiempo-Completo---Nike-Plaza-Patria---Guadalajara_R-87999
Nike:/job/Monterrey-Mexico/Athlete---Asesora-de-Venta-FT-40H-Tiempo-Completo---Nike-Unite-Cumbres_R-89433,Nike,Athlete / Asesor.a de Venta FT 40H Tiempo Completo | Nike Unite Cumbres,"Monterrey, Mexico",,https://nike.wd1.myworkdayjobs.com/en-US/nke/job/Monterrey-Mexico/Athlete---Asesora-de-Venta-FT-40H-Tiempo-Completo---Nike-Unite-Cumbres_R-89433,Posted Today,2026-08-05,2026-08-05T16:17:54+00:00,2026-08-05 09:17 Wed,,false,,,,false,workday:Nike:/job/Monterrey-Mexico/Athlete---Asesora-de-Venta-FT-40H-Tiempo-Completo---Nike-Unite-Cumbres_R-89433
Nike:/job/Ciudad-de-Mxico-Mexico/Athlete---Asesora-de-Venta-PT-24H-Medio-Tiempo---NFS-Aeropuerto_R-89135,Nike,Athlete / Asesor.a de Venta PT 24H Medio Tiempo | NFS Aeropuerto,"Ciudad de México, Mexico",,https://nike.wd1.myworkdayjobs.com/en-US/nke/job/Ciudad-de-Mxico-Mexico/Athlete---Asesora-de-Venta-PT-24H-Medio-Tiempo---NFS-Aeropuerto_R-89135,Posted 3 Days Ago,2026-07-28,2026-07-31T15:17:15+00:00,2026-07-31 08:17 Fri,,false,,,,false,workday:Nike:/job/Ciudad-de-Mxico-Mexico/Athlete---Asesora-de-Venta-PT-24H-Medio-Tiempo---NFS-Aeropuerto_R-89135
Nike:/job/Ciudad-de-Mxico-Mexico/Athlete---Asesora-de-Venta-PT-24H-Medio-Tiempo---NFS-Centro-Historico_R-90472,Nike,Athlete / Asesor.a de Venta PT 24H Medio Tiempo | NFS Centro Historico,"Ciudad de México, Mexico",,https://nike.wd1.myworkdayjobs.com/en-US/nke/job/Ciudad-de-Mxico-Mexico/Athlete---Asesora-de-Venta-PT-24H-Medio-Tiempo---NFS-Centro-Historico_R-90472,Posted Yesterday,2026-08-26,2026-08-25T18:57:24+00:00,2026-08-25 11:57 Tue,,false,,,,false,workday:Nike:/job/Ciudad-de-Mxico-Mexico/Athlete---Asesora-de-Venta-PT-24H-Medio-Tiempo---NFS-Centro-Historico_R-90472
Nike:/job/Veracruz-Mexico/Athlete---Asesora-de-Venta-PT-24H-Medio-Tiempo---Nike-Plaza-Las-Amricas---Veracruz-_R-87589,Nike,Athlete / Asesor.a de Venta PT 24H Medio Tiempo | Nike Plaza Las Américas - Veracruz ,"Veracruz, Mexico",,https://nike.wd1.myworkdayjobs.com/en-US/nke/job/Veracruz-Mexico/Athlete---Asesora-de-Venta-PT-24H-Medio-Tiempo---Nike-Plaza-Las-Amricas---Veracruz-_R-87589,Posted Today,2026-08-16,2026-08-16T21:17:06+00:00,2026-08-16 14:17 Sun,,false,,,,false,workday:Nike:/job/Veracruz-Mexico/Athlete---Asesora-de-Venta-PT-24H-Medio-Tiempo---Nike-Plaza-Las-Amricas---Veracruz-_R-87589
Nike:/job/Zapopan-Mexico/Athlete---Asesora-de-Venta-PT-24H-Medio-Tiempo---Nike-Plaza-Patria---Guadalajara_R-87652,Nike,Athlete / Asesor.a de Venta PT 24H Medio Tiempo | Nike Plaza Patria - Guadalajara,"Zapopan, Mexico",,https://nike.wd1.myworkdayjobs.com/en-US/nke/job/Zapopan-Mexico/Athlete---Asesora-de-Venta-PT-24H-Medio-Tiempo---Nike-Plaza-Patria---Guadalajara_R-87652,Posted 4 Days Ago,2026-07-26,2026-07-30T21:17:31+00:00,2026-07-30 14:17 Thu,,false,,,,false,workday:Nike:/job/Zapopan-Mexico/Athlete---Asesora-de-Venta-PT-24H-Medio-Tiempo---Nike-Plaza-Patria---Guadalajara_R-87652
Nike:/job/Hermosillo-Mexico/Athlete---Asesora-de-Venta-FT-40H-Tiempo-Completo-TEMPORAL---NFS-MX-Hermosillo_R-90714,Nike,Athlete / Asesor.a de Venta FT 40H Tiempo Completo TEMPORAL – NFS MX Hermosillo,"Hermosillo, Mexico",,https://nike.wd1.myworkdayjobs.com/en-US/nke/job/Hermosillo-Mexico/Athlete---Asesora-de-Venta-FT-40H-Tiempo-Completo-TEMPORAL---NFS-MX-Hermosillo_R-90714,Posted Yesterday,2026-09-01,2026-08-31T22:59:16+00:00,2026-08-31 15:59 Mon,,false,,,,false,workday:Nike:/job/Hermosillo-Mexico/Athlete---Asesora-de-Venta-FT-40H-Tiempo-Completo-TEMPORAL---NFS-MX-Hermosillo_R-90714
Nike:/job/Hermosillo-Mexico/Athlete---Asesora-de-Venta-Medio-Tiempo-I--NFS-MX-Hermosillo_R-89294,Nike,Athlete / Asesor.a de Venta Medio Tiempo I  NFS MX Hermosillo,"Hermosillo, Mexico",,https://nike.wd1.myworkdayjobs.com/en-US/nke/job/Hermosillo-Mexico/Athlete---Asesora-de-Venta-Medio-Tiempo-I--NFS-MX-Hermosillo_R-89294,Posted Today,2026-08-05,2026-08-05T17:42:19+00:00,2026-08-05 10:42 Wed,,false,,,,false,workday:Nike:/job/Hermosillo-Mexico/Athlete---Asesora-de-Venta-Medio-Tiempo-I--NFS-MX-Hermosillo_R-89294
Nike:/job/Hermosillo-Mexico/Athlete---Asesora-de-Venta-PT-24H-Medio-Tiempo---NFS-MX-Hermosillo----_R-87177,Nike,Athlete / Asesor.a de Venta PT 24H Medio Tiempo – NFS MX Hermosillo    ,"Hermosillo, Mexico",,https://nike.wd1.myworkdayjobs.com/en-US/nke/job/Hermosillo-Mexico/Athlete---Asesora-de-Venta-PT-24H-Medio-Tiempo---NFS-MX-Hermosillo----_R-87177,Posted 5 Days Ago,2026-07-07,2026-07-12T07:45:02+00:00,2026-07-12 00:45 Sun,,false,,,,false,workday:Nike:/job/Hermosillo-Mexico/Athlete---Asesora-de-Venta-PT-24H-Medio-Tiempo---NFS-MX-Hermosillo----_R-87177
Nike:/job/Ciudad-de-Mxico-Mexico/Athlete---Asesora-de-Venta-FT-40H-Tiempo-Completo----NFS-MX-Plaza-Central_R-87170,Nike,Athlete / Asesor.a de Venta FT 40H Tiempo Completo  – NFS MX Plaza Central,"Ciudad de México, Mexico",,https://nike.wd1.myworkdayjobs.com/en-US/nke/job/Ciudad-de-Mxico-Mexico/Athlete---Asesora-de-Venta-FT-40H-Tiempo-Completo----NFS-MX-Plaza-Central_R-87170,Posted 4 Days Ago,2026-07-08,2026-07-12T07:45:02+00:00,2026-07-12 00:45 Sun,,false,,,,false,workday:Nike:/job/Ciudad-de-Mxico-Mexico/Athlete---Asesora-de-Venta-FT-40H-Tiempo-Completo----NFS-MX-Plaza-Central_R-87170
Nike:/job/Zapopan-Mexico/Athlete---Asesora-de-Venta-FT-40H-Tiempo-Completo----NFS-MX-Unite-GDL_R-88408,Nike,Athlete / Asesor.a de Venta FT 40H Tiempo Completo  – NFS MX Unite GDL,"Zapopan, Mexico",,https://nike.wd1.myworkdayjobs.com/en-US/nke/job/Zapopan-Mexico/Athlete---Asesora-de-Venta-FT-40H-Tiempo-Completo----NFS-MX-Unite-GDL_R-88408,Posted Today,2026-07-21,2026-07-21T21:59:21+00:00,2026-07-21 14:59 Tue,,false,,,,false,workday:Nike:/job/Zapopan-Mexico/Athlete---Asesora-de-Venta-FT-40H-Tiempo-Completo----NFS-MX-Unite-GDL_R-88408
Nike:/job/Ciudad-de-Mxico-Mexico/Athlete---Asesora-de-Venta-FT-40H-Tiempo-Completo----NFS-Plaza-Central_R-90441,Nike,Athlete / Asesor.a de Venta FT 40H Tiempo Completo  – NFS Plaza Central,"Ciudad de México, Mexico",,https://nike.wd1.myworkdayjobs.com/en-US/nke/job/Ciudad-de-Mxico-Mexico/Athlete---Asesora-de-Venta-FT-40H-Tiempo-Completo----NFS-Plaza-Central_R-90441,Posted Yesterday,2026-08-26,2026-08-25T18:17:54+00:00,2026-08-25 11:17 Tue,,false,,,,false,workday:Nike:/job/Ciudad-de-Mxico-Mexico/Athlete---Asesora-de-Venta-FT-40H-Tiempo-Completo----NFS-Plaza-Central_R-90441
Nike:/job/Puebla-Mexico/Athlete---Asesora-de-Venta-FT-40H-Tiempo-Completo---NFS-MX-Puebla----_R-89683,Nike,Athlete / Asesor.a de Venta FT 40H Tiempo Completo – NFS MX Puebla    ,"Puebla, Mexico",,https://nike.wd1.myworkdayjobs.com/en-US/nke/job/Puebla-Mexico/Athlete---Asesora-de-Venta-FT-40H-Tiempo-Completo---NFS-MX-Puebla----_R-89683,Posted Yesterday,2026-08-19,2026-08-18T21:50:18+00:00,2026-08-18 14:50 Tue,,false,,,,false,workday:Nike:/job/Puebla-Mexico/Athlete---Asesora-de-Venta-FT-40H-Tiempo-Completo---NFS-MX-Puebla----_R-89683
Nike:/job/Zapopan-Mexico/Athlete---Asesora-de-Venta-FT-40H-Tiempo-Completo---NFS-MX-Unite-GDL_R-89772,Nike,Athlete / Asesor.a de Venta FT 40H Tiempo Completo – NFS MX Unite GDL,"Zapopan, Mexico",,https://nike.wd1.myworkdayjobs.com/en-US/nke/job/Zapopan-Mexico/Athlete---Asesora-de-Venta-FT-40H-Tiempo-Completo---NFS-MX-Unite-GDL_R-89772,Posted Today,2026-08-12,2026-08-12T23:58:24+00:00,2026-08-12 16:58 Wed,,false,,,,false,workday:Nike:/job/Zapopan-Mexico/Athlete---Asesora-de-Venta-FT-40H-Tiempo-Completo---NFS-MX-Unite-GDL_R-89772
Nike:/job/Queretaro-Mexico/Athlete---Asesora-de-Venta-FT-40H-Tiempo-Completo---NFS-Qro-Premium-Outlet----_R-90052,Nike,Athlete / Asesor.a de Venta FT 40H Tiempo Completo – NFS Qro Premium Outlet    ,"Queretaro, Mexico",,https://nike.wd1.myworkdayjobs.com/en-US/nke/job/Queretaro-Mexico/Athlete---Asesora-de-Venta-FT-40H-Tiempo-Completo---NFS-Qro-Premium-Outlet----_R-90052,Posted Yesterday,2026-08-19,2026-08-18T19:12:41+00:00,2026-08-18 12:12 Tue,,false,,,,false,workday:Nike:/job/Queretaro-Mexico/Athlete---Asesora-de-Venta-FT-40H-Tiempo-Completo---NFS-Qro-Premium-Outlet----_R-90052
Nike:/job/Seoul-Korea/Athlete-16PT---_R-87454,Nike,Athlete 16PT (가산),"Seoul, Korea",,https://nike.wd1.myworkdayjobs.com/en-US/nke/job/Seoul-Korea/Athlete-16PT---_R-87454,Posted 4 Days Ago,2026-07-08,2026-07-12T07:45:02+00:00,2026-07-12 00:45 Sun,,false,,,,false,workday:Nike:/job/Seoul-Korea/Athlete-16PT---_R-87454
Nike:/job/Seoul-Korea/Athlete-16PT---_R-88442,Nike,Athlete 16PT (강남),"Seoul, Korea",,https://nike.wd1.myworkdayjobs.com/en-US/nke/job/Seoul-Korea/Athlete-16PT---_R-88442,Posted Today,2026-07-22,2026-07-22T05:17:09+00:00,2026-07-21 22:17 Tue,,false,,,,false,workday:Nike:/job/Seoul-Korea/Athlete-16PT---_R-88442
Nike:/job/Seoul-Korea/Athlete-16PT---_R-88521,Nike,Athlete 16PT (강남),"Seoul, Korea",,https://nike.wd1.myworkdayjobs.com/en-US/nke/job/Seoul-Korea/Athlete-16PT---_R-88521,Posted Today,2026-07-22,2026-07-22T08:59:08+00:00,2026-07-22 01:59 Wed,,false,,,,false,workday:Nike:/job/Seoul-Korea/Athlete-16PT---_R-88521
Nike:/job/Seoul-Korea/Athlete-16PT---_R-88805,Nike,Athlete 16PT (강남),"Seoul, Korea",,https://nike.wd1.myworkdayjobs.com/en-US/nke/job/Seoul-Korea/Athlete-16PT---_R-88805,Posted Today,2026-07-28,2026-07-28T04:41:20+00:00,2026-07-27 21:41 Mon,,false,,,,false,workday:Nike:/job/Seoul-Korea/Athlete-16PT---_R-88805
Nike:/job/Seoul-Korea/Athlete-16PT---_R-91062,Nike,Athlete 16PT (강남),"Seoul, Korea",,https://nike.wd1.myworkdayjobs.com/en-US/nke/job/Seoul-Korea/Athlete-16PT---_R-91062,Posted Today,2026-09-02,2026-09-01T04:41:32+00:00,2026-08-31 21:41 Mon,,false,,,,false,workday:Nike:/job/Seoul-Korea/Athlete-16PT---_R-91062
Nike:/job/Gyeonggi-do-Korea/Athlete-16PT---_R-82095,Nike,Athlete 16PT (교하),"Gyeonggi-do, Korea",,https://nike.wd1.myworkdayjobs.com/en-US/nke/job/Gyeonggi-do-Korea/Athlete-16PT---_R-82095,Posted 6 Days Ago,2026-07-22,2026-07-28T00:17:42+00:00,2026-07-27 17:17 Mon,,false,,,,false,workday:Nike:/job/Gyeonggi-do-Korea/Athlete-16PT---_R-82095
Nike:/job/Gyeonggi-do-Korea/Athlete-16PT---_R-88774,Nike,Athlete 16PT (교하),"Gyeonggi-do, Korea",,https://nike.wd1.myworkdayjobs.com/en-US/nke/job/Gyeonggi-do-Korea/Athlete-16PT---_R-88774,Posted 6 Days Ago,2026-07-22,2026-07-28T00:17:42+00:00,2026-07-27 17:17 Mon,,false,,,,false,workday:Nike:/job/Gyeonggi-do-Korea/Athlete-16PT---_R-88774
Nike:/job/Gyeonggi-do-Korea/Athlete-16PT---_R-88789,Nike,Athlete 16PT (교하),"Gyeonggi-do, Korea",,https://nike.wd1.myworkdayjobs.com/en-US/nke/job/Gyeonggi-do-Korea/Athlete-16PT---_R-88789,Posted 6 Days Ago,2026-07-22,2026-07-28T00:17:42+00:00,2026-07-27 17:17 Mon,,false,,,,false,workday:Nike:/job/Gyeonggi-do-Korea/Athlete-16PT---_R-88789
Nike:/job/Gyeonggi-do-Korea/Athlete-16PT---_R-91279,Nike,Athlete 16PT (교하),"Gyeonggi-do, Korea",,https://nike.wd1.myworkdayjobs.com/en-US/nke/job/Gyeonggi-do-Korea/Athlete-16PT---_R-91279,Posted Yesterday,2026-09-03,2026-09-02T07:59:27+00:00,2026-09-02 00:59 Wed,,false,,,,false,workday:Nike:/job/Gyeonggi-do-Korea/Athlete-16PT---_R-91279
Nike:/job/Gyeonggi-do-Korea/Athlete-16PT---_R-89016,Nike,Athlete 16PT (김포),"Gyeonggi-do, Korea",,https://nike.wd1.myworkdayjobs.com/en-US/nke/job/Gyeonggi-do-Korea/Athlete-16PT---_R-89016,Posted 5 Days Ago,2026-07-24,2026-07-29T07:29:29+00:00,2026-07-29 00:29 Wed,,false,,,,false,workday:Nike:/job/Gyeonggi-do-Korea/Athlete-16PT---_R-89016
Nike:/job/Gyeonggi-do-Korea/Athlete-16PT---_R-89020,Nike,Athlete 16PT (김포),"Gyeonggi-do, Korea",,https://nike.wd1.myworkdayjobs.com/en-US/nke/job/Gyeonggi-do-Korea/Athlete-16PT---_R-89020,Posted 5 Days Ago,2026-07-24,2026-07-29T07:59:22+00:00,2026-07-29 00:59 Wed,,false,,,,false,workday:Nike:/job/Gyeonggi-do-Korea/Athlete-16PT---_R-89020
Nike:/job/NFS-GIMHAE/Athlete-16PT---_R-87883,Nike,Athlete 16PT (김해),NFS GIMHAE,,https://nike.wd1.myworkdayjobs.com/en-US/nke/job/NFS-GIMHAE/Athlete-16PT---_R-87883,Posted Today,2026-07-15,2026-07-15T04:59:14+00:00,2026-07-14 21:59 Tue,,false,,,,false,workday:Nike:/job/NFS-GIMHAE/Athlete-16PT---_R-87883
Nike:/job/NFS-GIMHAE/Athlete-16PT---_R-87884,Nike,Athlete 16PT (김해),NFS GIMHAE,,https://nike.wd1.myworkdayjobs.com/en-US/nke/job/NFS-GIMHAE/Athlete-16PT---_R-87884,Posted Today,2026-07-15,2026-07-15T04:59:14+00:00,2026-07-14 21:59 Tue,,false,,,,false,workday:Nike:/job/NFS-GIMHAE/Athlete-16PT---_R-87884
Nike:/job/NFS-GIMHAE/Athlete-16PT---_R-88317,Nike,Athlete 16PT (김해),NFS GIMHAE,,https://nike.wd1.myworkdayjobs.com/en-US/nke/job/NFS-GIMHAE/Athlete-16PT---_R-88317,Posted Today,2026-07-20,2026-07-20T08:59:22+00:00,2026-07-20 01:59 Mon,,false,,,,false,workday:Nike:/job/NFS-GIMHAE/Athlete-16PT---_R-88317
Nike:/job/NFS-GIMHAE/Athlete-16PT---_R-88318,Nike,Athlete 16PT (김해),NFS GIMHAE,,https://nike.wd1.myworkdayjobs.com/en-US/nke/job/NFS-GIMHAE/Athlete-16PT---_R-88318,Posted Today,2026-07-20,2026-07-20T09:17:54+00:00,2026-07-20 02:17 Mon,,false,,,,false,workday:Nike:/job/NFS-GIMHAE/Athlete-16PT---_R-88318
Nike:/job/NFS-NAMYANGJU/Athlete-16PT---_R-90270,Nike,Athlete 16PT (남양주),NFS NAMYANGJU,,https://nike.wd1.myworkdayjobs.com/en-US/nke/job/NFS-NAMYANGJU/Athlete-16PT---_R-90270,Posted Today,2026-08-20,2026-08-19T07:29:24+00:00,2026-08-19 00:29 Wed,,false,,,,false,workday:Nike:/job/NFS-NAMYANGJU/Athlete-16PT---_R-90270
Nike:/job/NFS-NAMYANGJU/Athlete-16PT---_R-90968,Nike,Athlete 16PT (남양주),NFS NAMYANGJU,,https://nike.wd1.myworkdayjobs.com/en-US/nke/job/NFS-NAMYANGJU/Athlete-16PT---_R-90968,Posted Today,2026-09-01,2026-08-31T00:17:33+00:00,2026-08-30 17:17 Sun,,false,,,,false,workday:Nike:/job/NFS-NAMYANGJU/Athlete-16PT---_R-90968
Nike:/job/Daegu-Korea/Athlete-16PT---_R-88941-1,Nike,Athlete 16PT (대구),"Daegu, Korea",,https://nike.wd1.myworkdayjobs.com/en-US/nke/job/Daegu-Korea/Athlete-16PT---_R-88941-1,Posted Today,2026-07-29,2026-07-29T01:59:30+00:00,2026-07-28 18:59 Tue,,false,,,,false,workday:Nike:/job/Daegu-Korea/Athlete-16PT---_R-88941-1
Nike:/job/Daegu-Korea/Athlete-16PT---_R-88942,Nike,Athlete 16PT (대구),"Daegu, Korea",,https://nike.wd1.myworkdayjobs.com/en-US/nke/job/Daegu-Korea/Athlete-16PT---_R-88942,Posted Today,2026-07-29,2026-07-29T01:59:30+00:00,2026-07-28 18:59 Tue,,false,,,,false,workday:Nike:/job/Daegu-Korea/Athlete-16PT---_R-88942
Nike:/job/Daegu-Korea/Athlete-16PT---_R-89201,Nike,Athlete 16PT (대구),"Daegu, Korea",,https://nike.wd1.myworkdayjobs.com/en-US/nke/job/Daegu-Korea/Athlete-16PT---_R-89201,Posted Today,2026-08-03,2026-08-03T01:16:03+00:00,2026-08-02 18:16 Sun,,false,,,,false,workday:Nike:/job/Daegu-Korea/Athlete-16PT---_R-89201
Nike:/job/Daegu-Korea/Athlete-16PT---_R-90010,Nike,Athlete 16PT (대구),"Daegu, Korea",,https://nike.wd1.myworkdayjobs.com/en-US/nke/job/Daegu-Korea/Athlete-16PT---_R-90010,Posted Today,2026-08-18,2026-08-18T02:41:39+00:00,2026-08-17 19:41 Mon,,false,,,,false,workday:Nike:/job/Daegu-Korea/Athlete-16PT---_R-90010
Nike:/job/Daejeon-Korea/Athlete-16PT---_R-87749,Nike,Athlete 16PT (대전),"Daejeon, Korea",,https://nike.wd1.myworkdayjobs.com/en-US/nke/job/Daejeon-Korea/Athlete-16PT---_R-87749,Posted Today,2026-07-13,2026-07-13T05:17:01+00:00,2026-07-12 22:17 Sun,,false,,,,false,workday:Nike:/job/Daejeon-Korea/Athlete-16PT---_R-87749
Nike:/job/Daejeon-Korea/Athlete-16PT---_R-88649,Nike,Athlete 16PT (대전),"Daejeon, Korea",,https://nike.wd1.myworkdayjobs.com/en-US/nke/job/Daejeon-Korea/Athlete-16PT---_R-88649,Posted Today,2026-07-24,2026-07-24T01:06:35+00:00,2026-07-23 18:06 Thu,,false,,,,false,workday:Nike:/job/Daejeon-Korea/Athlete-16PT---_R-88649
Nike:/job/Daejeon-Korea/Athlete-16PT---_R-89596,Nike,Athlete 16PT (대전),"Daejeon, Korea",,https://nike.wd1.myworkdayjobs.com/en-US/nke/job/Daejeon-Korea/Athlete-16PT---_R-89596,Posted Today,2026-08-10,2026-08-10T05:41:15+00:00,2026-08-09 22:41 Sun,,false,,,,false,workday:Nike:/job/Daejeon-Korea/Athlete-16PT---_R-89596
Nike:/job/Daejeon-Korea/Athlete-16PT---_R-90463,Nike,Athlete 16PT (대전),"Daejeon, Korea",,https://nike.wd1.myworkdayjobs.com/en-US/nke/job/Daejeon-Korea/Athlete-16PT---_R-90463,Posted Today,2026-08-25,2026-08-24T00:17:32+00:00,2026-08-23 17:17 Sun,,false,,,,false,workday:Nike:/job/Daejeon-Korea/Athlete-16PT---_R-90463
Nike:/job/Busan-Korea/Athlete-16PT---_R-87457,Nike,Athlete 16PT (부산),"Busan, Korea",,https://nike.wd1.myworkdayjobs.com/en-US/nke/job/Busan-Korea/Athlete-16PT---_R-87457,Posted Today,2026-07-13,2026-07-13T04:40:47+00:00,2026-07-12 21:40 Sun,,false,,,,false,workday:Nike:/job/Busan-Korea/Athlete-16PT---_R-87457
Nike:/job/Busan-Korea/Athlete-16PT---_R-88424,Nike,Athlete 16PT (부산),"Busan, Korea",,https://nike.wd1.myworkdayjobs.com/en-US/nke/job/Busan-Korea/Athlete-16PT---_R-88424,Posted Today,2026-07-23,2026-07-23T05:41:12+00:00,2026-07-22 22:41 Wed,,false,,,,false,workday:Nike:/job/Busan-Korea/Athlete-16PT---_R-88424
Nike:/job/Busan-Korea/Athlete-16PT---_R-88425,Nike,Athlete 16PT (부산),"Busan, Korea",,https://nike.wd1.myworkdayjobs.com/en-US/nke/job/Busan-Korea/Athlete-16PT---_R-88425,Posted Today,2026-07-23,2026-07-23T05:41:12+00:00,2026-07-22 22:41 Wed,,false,,,,false,workday:Nike:/job/Busan-Korea/Athlete-16PT---_R-88425
Nike:/job/Busan-Korea/Athlete-16PT---_R-88426,Nike,Athlete 16PT (부산),"Busan, Korea",,https://nike.wd1.myworkdayjobs.com/en-US/nke/job/Busan-Korea/Athlete-16PT---_R-88426,Posted Today,2026-07-23,2026-07-23T05:59:22+00:00,2026-07-22 22:59 Wed,,false,,,,false,workday:Nike:/job/Busan-Korea/Athlete-16PT---_R-88426
Nike:/job/Busan-Korea/Athlete-16PT---_R-89445-1,Nike,Athlete 16PT (부산),"Busan, Korea",,https://nike.wd1.myworkdayjobs.com/en-US/nke/job/Busan-Korea/Athlete-16PT---_R-89445-1,Posted Today,2026-08-06,2026-08-06T08:41:16+00:00,2026-08-06 01:41 Thu,,false,,,,false,workday:Nike:/job/Busan-Korea/Athlete-16PT---_R-89445-1
Nike:/job/Busan-Korea/Athlete-16PT---_R-89588,Nike,Athlete 16PT (부산),"Busan, Korea",,https://nike.wd1.myworkdayjobs.com/en-US/nke/job/Busan-Korea/Athlete-16PT---_R-89588,Posted Today,2026-08-11,2026-08-11T04:09:37+00:00,2026-08-10 21:09 Mon,,false,,,,false,workday:Nike:/job/Busan-Korea/Athlete-16PT---_R-89588
Nike:/job/Busan-Korea/Athlete-16PT---_R-89883,Nike,Athlete 16PT (부산),"Busan, Korea",,https://nike.wd1.myworkdayjobs.com/en-US/nke/job/Busan-Korea/Athlete-16PT---_R-89883,Posted Today,2026-08-12,2026-08-12T06:41:44+00:00,2026-08-11 23:41 Tue,,false,,,,false,workday:Nike:/job/Busan-Korea/Athlete-16PT---_R-89883
Nike:/job/Seoul-Korea/Athlete-16PT---_R-85482,Nike,Athlete 16PT (서울),"Seoul, Korea",,https://nike.wd1.myworkdayjobs.com/en-US/nke/job/Seoul-Korea/Athlete-16PT---_R-85482,Posted 3 Days Ago,2026-07-09,2026-07-12T07:45:02+00:00,2026-07-12 00:45 Sun,,false,,,,false,workday:Nike:/job/Seoul-Korea/Athlete-16PT---_R-85482
Nike:/job/Seoul-Korea/Athlete-16PT---_R-90014,Nike,Athlete 16PT (서울),"Seoul, Korea",,https://nike.wd1.myworkdayjobs.com/en-US/nke/job/Seoul-Korea/Athlete-16PT---_R-90014,Posted Yesterday,2026-08-19,2026-08-18T05:48:07+00:00,2026-08-17 22:48 Mon,,false,,,,false,workday:Nike:/job/Seoul-Korea/Athlete-16PT---_R-90014
Nike:/job/Seoul-Korea/Athlete-16PT---_R-85456-1,Nike,Athlete 16PT (서울),"Seoul, Korea",,https://nike.wd1.myworkdayjobs.com/en-US/nke/job/Seoul-Korea/Athlete-16PT---_R-85456-1,Posted 30+ Days Ago,2026-07-19,2026-08-18T12:10:51+00:00,2026-08-18 05:10 Tue,,false,,,,false,workday:Nike:/job/Seoul-Korea/Athlete-16PT---_R-85456-1
Nike:/job/Seoul-Korea/Athlete-16PT---_R-85468,Nike,Athlete 16PT (서울),"Seoul, Korea",,https://nike.wd1.myworkdayjobs.com/en-US/nke/job/Seoul-Korea/Athlete-16PT---_R-85468,Posted 30+ Days Ago,2026-07-19,2026-08-18T12:10:51+00:00,2026-08-18 05:10 Tue,,false,,,,false,workday:Nike:/job/Seoul-Korea/Athlete-16PT---_R-85468
Nike:/job/Incheon-Korea/Athlete-16PT---_R-87562-1,Nike,Athlete 16PT (송도),"Incheon, Korea",,https://nike.wd1.myworkdayjobs.com/en-US/nke/job/Incheon-Korea/Athlete-16PT---_R-87562-1,Posted 2 Days Ago,2026-07-10,2026-07-12T07:45:02+00:00,2026-07-12 00:45 Sun,,false,,,,false,workday:Nike:/job/Incheon-Korea/Athlete-16PT---_R-87562-1
Nike:/job/Incheon-Korea/Athlete-16PT---_R-89906,Nike,Athlete 16PT (송도),"Incheon, Korea",,https://nike.wd1.myworkdayjobs.com/en-US/nke/job/Incheon-Korea/Athlete-16PT---_R-89906,Posted Today,2026-08-12,2026-08-12T23:58:24+00:00,2026-08-12 16:58 Wed,,false,,,,false,workday:Nike:/job/Incheon-Korea/Athlete-16PT---_R-89906
Nike:/job/Incheon-Korea/Athlete-16PT---_R-66697,Nike,Athlete 16PT (송도),"Incheon, Korea",,https://nike.wd1.myworkdayjobs.com/en-US/nke/job/Incheon-Korea/Athlete-16PT---_R-66697,Posted 30+ Days Ago,2026-07-19,2026-08-18T12:10:51+00:00,2026-08-18 05:10 Tue,,false,,,,false,workday:Nike:/job/Incheon-Korea/Athlete-16PT---_R-66697
Nike:/job/Gyeonggi-do-Korea/Athlete-16PT---_R-87746-1,Nike,Athlete 16PT (시흥),"Gyeonggi-do, Korea",,https://nike.wd1.myworkdayjobs.com/en-US/nke/job/Gyeonggi-do-Korea/Athlete-16PT---_R-87746-1,Posted Today,2026-07-13,2026-07-13T02:41:16+00:00,2026-07-12 19:41 Sun,,false,,,,false,workday:Nike:/job/Gyeonggi-do-Korea/Athlete-16PT---_R-87746-1
Nike:/job/Gyeonggi-do-Korea/Athlete-16PT---_R-87748,Nike,Athlete 16PT (시흥),"Gyeonggi-do, Korea",,https://nike.wd1.myworkdayjobs.com/en-US/nke/job/Gyeonggi-do-Korea/Athlete-16PT---_R-87748,Posted Today,2026-07-13,2026-07-13T02:41:16+00:00,2026-07-12 19:41 Sun,,false,,,,false,workday:Nike:/job/Gyeonggi-do-Korea/Athlete-16PT---_R-87748
Nike:/job/Gyeonggi-do-Korea/Athlete-16PT---_R-49537-1,Nike,Athlete 16PT (시흥),"Gyeonggi-do, Korea",,https://nike.wd1.myworkdayjobs.com/en-US/nke/job/Gyeonggi-do-Korea/Athlete-16PT---_R-49537-1,Posted 30+ Days Ago,2026-07-19,2026-08-18T12:10:51+00:00,2026-08-18 05:10 Tue,,false,,,,false,workday:Nike:/job/Gyeonggi-do-Korea/Athlete-16PT---_R-49537-1
Nike:/job/Gyeonggi-do-Korea/Athlete-16PT---_R-87031,Nike,Athlete 16PT (양주),"Gyeonggi-do, Korea",,https://nike.wd1.myworkdayjobs.com/en-US/nke/job/Gyeonggi-do-Korea/Athlete-16PT---_R-87031,Posted Today,2026-07-16,2026-07-16T08:59:22+00:00,2026-07-16 01:59 Thu,,false,,,,false,workday:Nike:/job/Gyeonggi-do-Korea/Athlete-16PT---_R-87031
Nike:/job/Gyeonggi-do-Korea/Athlete-16PT---_R-87032,Nike,Athlete 16PT (양주),"Gyeonggi-do, Korea",,https://nike.wd1.myworkdayjobs.com/en-US/nke/job/Gyeonggi-do-Korea/Athlete-16PT---_R-87032,Posted Today,2026-08-05,2026-08-05T07:17:39+00:00,2026-08-05 00:17 Wed,,false,,,,false,workday:Nike:/job/Gyeonggi-do-Korea/Athlete-16PT---_R-87032
Nike:/job/Gyeonggi-do-Korea/Athlete-16PT---_R-89319,Nike,Athlete 16PT (여주),"Gyeonggi-do, Korea",,https://nike.wd1.myworkdayjobs.com/en-US/nke/job/Gyeonggi-do-Korea/Athlete-16PT---_R-89319,Posted Today,2026-08-04,2026-08-04T05:59:03+00:00,2026-08-03 22:59 Mon,,false,,,,false,workday:Nike:/job/Gyeonggi-do-Korea/Athlete-16PT---_R-89319
Nike:/job/Gyeonggi-do-Korea/Athlete-16PT---_R-86683,Nike,Athlete 16PT (여주),"Gyeonggi-do, Korea",,https://nike.wd1.myworkdayjobs.com/en-US/nke/job/Gyeonggi-do-Korea/Athlete-16PT---_R-86683,Posted Today,2026-08-04,2026-08-04T08:59:30+00:00,2026-08-04 01:59 Tue,,false,,,,false,workday:Nike:/job/Gyeonggi-do-Korea/Athlete-16PT---_R-86683
Nike:/job/Gyeonggi-do-Korea/Athlete-16PT---_R-84439-1,Nike,Athlete 16PT (여주),"Gyeonggi-do, Korea",,https://nike.wd1.myworkdayjobs.com/en-US/nke/job/Gyeonggi-do-Korea/Athlete-16PT---_R-84439-1,Posted 30+ Days Ago,2026-07-19,2026-08-18T12:10:51+00:00,2026-08-18 05:10 Tue,,false,,,,false,workday:Nike:/job/Gyeonggi-do-Korea/Athlete-16PT---_R-84439-1
Nike:/job/Gyeonggi-do-Korea/Athlete-16PT---_R-91065,Nike,Athlete 16PT (여주),"Gyeonggi-do, Korea",,https://nike.wd1.myworkdayjobs.com/en-US/nke/job/Gyeonggi-do-Korea/Athlete-16PT---_R-91065,Posted Today,2026-09-01,2026-08-31T05:17:34+00:00,2026-08-30 22:17 Sun,,false,,,,false,workday:Nike:/job/Gyeonggi-do-Korea/Athlete-16PT---_R-91065
Nike:/job/Gyeonggi-do-Korea/Athlete-16PT---_R-87556,Nike,Athlete 16PT (용인),"Gyeonggi-do, Korea",,https://nike.wd1.myworkdayjobs.com/en-US/nke/job/Gyeonggi-do-Korea/Athlete-16PT---_R-87556,Posted Today,2026-07-13,2026-07-13T05:40:50+00:00,2026-07-12 22:40 Sun,,false,,,,false,workday:Nike:/job/Gyeonggi-do-Korea/Athlete-16PT---_R-87556
Nike:/job/Gyeonggi-do-Korea/Athlete-16PT---_R-87731,Nike,Athlete 16PT (용인),"Gyeonggi-do, Korea",,https://nike.wd1.myworkdayjobs.com/en-US/nke/job/Gyeonggi-do-Korea/Athlete-16PT---_R-87731,Posted Today,2026-07-13,2026-07-13T05:40:50+00:00,2026-07-12 22:40 Sun,,false,,,,false,workday:Nike:/job/Gyeonggi-do-Korea/Athlete-16PT---_R-87731
Nike:/job/Gyeonggi-do-Korea/Athlete-16PT---_R-88786,Nike,Athlete 16PT (용인),"Gyeonggi-do, Korea",,https://nike.wd1.myworkdayjobs.com/en-US/nke/job/Gyeonggi-do-Korea/Athlete-16PT---_R-88786,Posted Today,2026-07-29,2026-07-29T02:17:40+00:00,2026-07-28 19:17 Tue,,false,,,,false,workday:Nike:/job/Gyeonggi-do-Korea/Athlete-16PT---_R-88786
Nike:/job/Gyeonggi-do-Korea/Athlete-16PT---_R-90411,Nike,Athlete 16PT (용인),"Gyeonggi-do, Korea",,https://nike.wd1.myworkdayjobs.com/en-US/nke/job/Gyeonggi-do-Korea/Athlete-16PT---_R-90411,Posted Today,2026-08-25,2026-08-24T02:04:37+00:00,2026-08-23 19:04 Sun,,false,,,,false,workday:Nike:/job/Gyeonggi-do-Korea/Athlete-16PT---_R-90411
Nike:/job/Gyeonggi-do-Korea/Athlete-16PT---_R-90361,Nike,Athlete 16PT (용인),"Gyeonggi-do, Korea",,https://nike.wd1.myworkdayjobs.com/en-US/nke/job/Gyeonggi-do-Korea/Athlete-16PT---_R-90361,Posted Today,2026-08-25,2026-08-24T02:17:22+00:00,2026-08-23 19:17 Sun,,false,,,,false,workday:Nike:/job/Gyeonggi-do-Korea/Athlete-16PT---_R-90361
Nike:/job/Gyeonggi-do-Korea/Athlete-16PT---_R-90412-1,Nike,Athlete 16PT (용인),"Gyeonggi-do, Korea",,https://nike.wd1.myworkdayjobs.com/en-US/nke/job/Gyeonggi-do-Korea/Athlete-16PT---_R-90412-1,Posted Today,2026-08-25,2026-08-24T02:17:22+00:00,2026-08-23 19:17 Sun,,false,,,,false,workday:Nike:/job/Gyeonggi-do-Korea/Athlete-16PT---_R-90412-1
Nike:/job/Gyeonggi-do-Korea/Athlete-16PT---_R-91161,Nike,Athlete 16PT (용인),"Gyeonggi-do, Korea",,https://nike.wd1.myworkdayjobs.com/en-US/nke/job/Gyeonggi-do-Korea/Athlete-16PT---_R-91161,Posted Yesterday,2026-09-03,2026-09-02T00:17:48+00:00,2026-09-01 17:17 Tue,,false,,,,false,workday:Nike:/job/Gyeonggi-do-Korea/Athlete-16PT---_R-91161
Nike:/job/Chungcheongbuk-do-Korea/Athlete-16PT---_R-87744,Nike,Athlete 16PT (청주),"Chungcheongbuk-do, Korea",,https://nike.wd1.myworkdayjobs.com/en-US/nke/job/Chungcheongbuk-do-Korea/Athlete-16PT---_R-87744,Posted Today,2026-07-13,2026-07-13T01:40:44+00:00,2026-07-12 18:40 Sun,,false,,,,false,workday:Nike:/job/Chungcheongbuk-do-Korea/Athlete-16PT---_R-87744
Nike:/job/Chungcheongbuk-do-Korea/Athlete-16PT---_R-89077,Nike,Athlete 16PT (청주),"Chungcheongbuk-do, Korea",,https://nike.wd1.myworkdayjobs.com/en-US/nke/job/Chungcheongbuk-do-Korea/Athlete-16PT---_R-89077,Posted 4 Days Ago,2026-07-26,2026-07-30T05:59:45+00:00,2026-07-29 22:59 Wed,,false,,,,false,workday:Nike:/job/Chungcheongbuk-do-Korea/Athlete-16PT---_R-89077
Nike:/job/Chungcheongbuk-do-Korea/Athlete-16PT---_R-89647,Nike,Athlete 16PT (청주),"Chungcheongbuk-do, Korea",,https://nike.wd1.myworkdayjobs.com/en-US/nke/job/Chungcheongbuk-do-Korea/Athlete-16PT---_R-89647,Posted Today,2026-08-10,2026-08-10T00:17:07+00:00,2026-08-09 17:17 Sun,,false,,,,false,workday:Nike:/job/Chungcheongbuk-do-Korea/Athlete-16PT---_R-89647
Nike:/job/Chungcheongbuk-do-Korea/Athlete-16PT---_R-89960,Nike,Athlete 16PT (청주),"Chungcheongbuk-do, Korea",,https://nike.wd1.myworkdayjobs.com/en-US/nke/job/Chungcheongbuk-do-Korea/Athlete-16PT---_R-89960,Posted Yesterday,2026-08-19,2026-08-18T02:17:17+00:00,2026-08-17 19:17 Mon,,false,,,,false,workday:Nike:/job/Chungcheongbuk-do-Korea/Athlete-16PT---_R-89960
Nike:/job/Gyeonggi-do-Korea/Athlete-16PT---_R-84182,Nike,Athlete 16PT (파주),"Gyeonggi-do, Korea",,https://nike.wd1.myworkdayjobs.com/en-US/nke/job/Gyeonggi-do-Korea/Athlete-16PT---_R-84182,Posted 30+ Days Ago,2026-07-19,2026-08-18T12:10:51+00:00,2026-08-18 05:10 Tue,,false,,,,false,workday:Nike:/job/Gyeonggi-do-Korea/Athlete-16PT---_R-84182
Nike:/job/Seoul-Korea/Athlete-30PT---_R-87965,Nike,Athlete 30PT (강남),"Seoul, Korea",,https://nike.wd1.myworkdayjobs.com/en-US/nke/job/Seoul-Korea/Athlete-30PT---_R-87965,Posted Today,2026-07-16,2026-07-16T04:37:40+00:00,2026-07-15 21:37 Wed,,false,,,,false,workday:Nike:/job/Seoul-Korea/Athlete-30PT---_R-87965
Nike:/job/Seoul-Korea/Athlete-30PT---_R-88806,Nike,Athlete 30PT (강남),"Seoul, Korea",,https://nike.wd1.myworkdayjobs.com/en-US/nke/job/Seoul-Korea/Athlete-30PT---_R-88806,Posted Today,2026-07-28,2026-07-28T04:59:18+00:00,2026-07-27 21:59 Mon,,false,,,,false,workday:Nike:/job/Seoul-Korea/Athlete-30PT---_R-88806
Nike:/job/Seoul-Korea/Athlete-30PT---_R-91074,Nike,Athlete 30PT (강남),"Seoul, Korea",,https://nike.wd1.myworkdayjobs.com/en-US/nke/job/Seoul-Korea/Athlete-30PT---_R-91074,Posted Today,2026-09-02,2026-09-01T01:41:42+00:00,2026-08-31 18:41 Mon,,false,,,,false,workday:Nike:/job/Seoul-Korea/Athlete-30PT---_R-91074
Nike:/job/Seoul-Korea/Athlete-40FT---_R-87453,Nike,Athlete 40FT (가산),"Seoul, Korea",,https://nike.wd1.myworkdayjobs.com/en-US/nke/job/Seoul-Korea/Athlete-40FT---_R-87453,Posted 4 Days Ago,2026-07-08,2026-07-12T07:45:02+00:00,2026-07-12 00:45 Sun,,false,,,,false,workday:Nike:/job/Seoul-Korea/Athlete-40FT---_R-87453
Nike:/job/Seoul-Korea/Athlete-40FT---_R-89086,Nike,Athlete 40FT (가산),"Seoul, Korea",,https://nike.wd1.myworkdayjobs.com/en-US/nke/job/Seoul-Korea/Athlete-40FT---_R-89086,Posted 3 Days Ago,2026-07-28,2026-07-31T00:41:20+00:00,2026-07-30 17:41 Thu,,false,,,,false,workday:Nike:/job/Seoul-Korea/Athlete-40FT---_R-89086
Nike:/job/Seoul-Korea/Athlete-40FT---_R-89964-1,Nike,Athlete 40FT (가산),"Seoul, Korea",,https://nike.wd1.myworkdayjobs.com/en-US/nke/job/Seoul-Korea/Athlete-40FT---_R-89964-1,Posted Today,2026-08-14,2026-08-14T00:41:59+00:00,2026-08-13 17:41 Thu,,false,,,,false,workday:Nike:/job/Seoul-Korea/Athlete-40FT---_R-89964-1
Nike:/job/Seoul-Korea/Athlete-40FT---_R-91073,Nike,Athlete 40FT (강남),"Seoul, Korea",,https://nike.wd1.myworkdayjobs.com/en-US/nke/job/Seoul-Korea/Athlete-40FT---_R-91073,Posted Today,2026-09-02,2026-09-01T01:41:42+00:00,2026-08-31 18:41 Mon,,false,,,,false,workday:Nike:/job/Seoul-Korea/Athlete-40FT---_R-91073
Nike:/job/Gyeonggi-do-Korea/Athlete-40FT---_R-88764,Nike,Athlete 40FT (교하),"Gyeonggi-do, Korea",,https://nike.wd1.myworkdayjobs.com/en-US/nke/job/Gyeonggi-do-Korea/Athlete-40FT---_R-88764,Posted 6 Days Ago,2026-07-22,2026-07-28T00:17:42+00:00,2026-07-27 17:17 Mon,,false,,,,false,workday:Nike:/job/Gyeonggi-do-Korea/Athlete-40FT---_R-88764
Nike:/job/Gyeonggi-do-Korea/Athlete-40FT---_R-90673,Nike,Athlete 40FT (교하),"Gyeonggi-do, Korea",,https://nike.wd1.myworkdayjobs.com/en-US/nke/job/Gyeonggi-do-Korea/Athlete-40FT---_R-90673,Posted Today,2026-08-27,2026-08-26T06:08:38+00:00,2026-08-25 23:08 Tue,,false,,,,false,workday:Nike:/job/Gyeonggi-do-Korea/Athlete-40FT---_R-90673
Nike:/job/Gyeonggi-do-Korea/Athlete-40FT---_R-87962,Nike,Athlete 40FT (김포),"Gyeonggi-do, Korea",,https://nike.wd1.myworkdayjobs.com/en-US/nke/job/Gyeonggi-do-Korea/Athlete-40FT---_R-87962,Posted Today,2026-07-16,2026-07-16T00:41:32+00:00,2026-07-15 17:41 Wed,,false,,,,false,workday:Nike:/job/Gyeonggi-do-Korea/Athlete-40FT---_R-87962
Nike:/job/Gyeonggi-do-Korea/Athlete-40FT---_R-89006,Nike,Athlete 40FT (김포),"Gyeonggi-do, Korea",,https://nike.wd1.myworkdayjobs.com/en-US/nke/job/Gyeonggi-do-Korea/Athlete-40FT---_R-89006,Posted 5 Days Ago,2026-07-24,2026-07-29T07:29:29+00:00,2026-07-29 00:29 Wed,,false,,,,false,workday:Nike:/job/Gyeonggi-do-Korea/Athlete-40FT---_R-89006
Nike:/job/Gyeonggi-do-Korea/Athlete-40FT---_R-89014,Nike,Athlete 40FT (김포),"Gyeonggi-do, Korea",,https://nike.wd1.myworkdayjobs.com/en-US/nke/job/Gyeonggi-do-Korea/Athlete-40FT---_R-89014,Posted 5 Days Ago,2026-07-24,2026-07-29T07:29:29+00:00,2026-07-29 00:29 Wed,,false,,,,false,workday:Nike:/job/Gyeonggi-do-Korea/Athlete-40FT---_R-89014
Nike:/job/Gyeonggi-do-Korea/Athlete-40FT---_R-89018,Nike,Athlete 40FT (김포),"Gyeonggi-do, Korea",,https://nike.wd1.myworkdayjobs.com/en-US/nke/job/Gyeonggi-do-Korea/Athlete-40FT---_R-89018,Posted 5 Days Ago,2026-07-24,2026-07-29T07:59:22+00:00,2026-07-29 00:59 Wed,,false,,,,false,workday:Nike:/job/Gyeonggi-do-Korea/Athlete-40FT---_R-89018
Nike:/job/Gyeonggi-do-Korea/Athlete-40FT---_R-89676,Nike,Athlete 40FT (김포),"Gyeonggi-do, Korea",,https://nike.wd1.myworkdayjobs.com/en-US/nke/job/Gyeonggi-do-Korea/Athlete-40FT---_R-89676,Posted Today,2026-08-10,2026-08-10T05:41:15+00:00,2026-08-09 22:41 Sun,,false,,,,false,workday:Nike:/job/Gyeonggi-do-Korea/Athlete-40FT---_R-89676
Nike:/job/Gyeonggi-do-Korea/Athlete-40FT---_R-89975,Nike,Athlete 40FT (김포),"Gyeonggi-do, Korea",,https://nike.wd1.myworkdayjobs.com/en-US/nke/job/Gyeonggi-do-Korea/Athlete-40FT---_R-89975,Posted Today,2026-08-14,2026-08-14T01:59:13+00:00,2026-08-13 18:59 Thu,,false,,,,false,workday:Nike:/job/Gyeonggi-do-Korea/Athlete-40FT---_R-89975
Nike:/job/Gyeonggi-do-Korea/Athlete-40FT---_R-90020,Nike,Athlete 40FT (김포),"Gyeonggi-do, Korea",,https://nike.wd1.myworkdayjobs.com/en-US/nke/job/Gyeonggi-do-Korea/Athlete-40FT---_R-90020,Posted Yesterday,2026-08-19,2026-08-18T07:59:32+00:00,2026-08-18 00:59 Tue,,false,,,,false,workday:Nike:/job/Gyeonggi-do-Korea/Athlete-40FT---_R-90020
Nike:/job/Gyeonggi-do-Korea/Athlete-40FT---_R-90659,Nike,Athlete 40FT (김포),"Gyeonggi-do, Korea",,https://nike.wd1.myworkdayjobs.com/en-US/nke/job/Gyeonggi-do-Korea/Athlete-40FT---_R-90659,Posted Today,2026-08-27,2026-08-26T00:06:06+00:00,2026-08-25 17:06 Tue,,false,,,,false,workday:Nike:/job/Gyeonggi-do-Korea/Athlete-40FT---_R-90659
Nike:/job/NFS-GIMHAE/Athlete-40FT---_R-87882,Nike,Athlete 40FT (김해),NFS GIMHAE,,https://nike.wd1.myworkdayjobs.com/en-US/nke/job/NFS-GIMHAE/Athlete-40FT---_R-87882,Posted Today,2026-07-15,2026-07-15T04:59:14+00:00,2026-07-14 21:59 Tue,,false,,,,false,workday:Nike:/job/NFS-GIMHAE/Athlete-40FT---_R-87882
Nike:/job/Gyeonggi-do-Korea/Athlete-40FT---_R-87232,Nike,Athlete 40FT (남양주),"Gyeonggi-do, Korea",,https://nike.wd1.myworkdayjobs.com/en-US/nke/job/Gyeonggi-do-Korea/Athlete-40FT---_R-87232,Posted 6 Days Ago,2026-07-06,2026-07-12T07:45:02+00:00,2026-07-12 00:45 Sun,,false,,,,false,workday:Nike:/job/Gyeonggi-do-Korea/Athlete-40FT---_R-87232
Nike:/job/Gyeonggi-do-Korea/Athlete-40FT---_R-87479,Nike,Athlete 40FT (남양주),"Gyeonggi-do, Korea",,https://nike.wd1.myworkdayjobs.com/en-US/nke/job/Gyeonggi-do-Korea/Athlete-40FT---_R-87479,Posted 3 Days Ago,2026-07-09,2026-07-12T07:45:02+00:00,2026-07-12 00:45 Sun,,false,,,,false,workday:Nike:/job/Gyeonggi-do-Korea/Athlete-40FT---_R-87479
Nike:/job/NFS-NAMYANGJU/Athlete-40FT---_R-90967,Nike,Athlete 40FT (남양주),NFS NAMYANGJU,,https://nike.wd1.myworkdayjobs.com/en-US/nke/job/NFS-NAMYANGJU/Athlete-40FT---_R-90967,Posted Today,2026-09-01,2026-08-31T00:17:33+00:00,2026-08-30 17:17 Sun,,false,,,,false,workday:Nike:/job/NFS-NAMYANGJU/Athlete-40FT---_R-90967
Nike:/job/Daegu-Korea/Athlete-40FT---_R-88447,Nike,Athlete 40FT (대구),"Daegu, Korea",,https://nike.wd1.myworkdayjobs.com/en-US/nke/job/Daegu-Korea/Athlete-40FT---_R-88447,Posted Today,2026-07-22,2026-07-22T04:31:49+00:00,2026-07-21 21:31 Tue,,false,,,,false,workday:Nike:/job/Daegu-Korea/Athlete-40FT---_R-88447
Nike:/job/Daegu-Korea/Athlete-40FT---_R-88943,Nike,Athlete 40FT (대구),"Daegu, Korea",,https://nike.wd1.myworkdayjobs.com/en-US/nke/job/Daegu-Korea/Athlete-40FT---_R-88943,Posted Today,2026-07-29,2026-07-29T01:59:30+00:00,2026-07-28 18:59 Tue,,false,,,,false,workday:Nike:/job/Daegu-Korea/Athlete-40FT---_R-88943
Nike:/job/Daegu-Korea/Athlete-40FT---_R-89332,Nike,Athlete 40FT (대구),"Daegu, Korea",,https://nike.wd1.myworkdayjobs.com/en-US/nke/job/Daegu-Korea/Athlete-40FT---_R-89332,Posted Today,2026-08-04,2026-08-04T09:29:20+00:00,2026-08-04 02:29 Tue,,false,,,,false,workday:Nike:/job/Daegu-Korea/Athlete-40FT---_R-89332
Nike:/job/Daegu-Korea/Athlete-40FT---_R-90363,Nike,Athlete 40FT (대구),"Daegu, Korea",,https://nike.wd1.myworkdayjobs.com/en-US/nke/job/Daegu-Korea/Athlete-40FT---_R-90363,Posted Yesterday,2026-08-22,2026-08-21T00:41:54+00:00,2026-08-20 17:41 Thu,,false,,,,false,workday:Nike:/job/Daegu-Korea/Athlete-40FT---_R-90363
Nike:/job/Daegu-Korea/Athlete-40FT---_R-90657,Nike,Athlete 40FT (대구),"Daegu, Korea",,https://nike.wd1.myworkdayjobs.com/en-US/nke/job/Daegu-Korea/Athlete-40FT---_R-90657,Posted Today,2026-08-27,2026-08-26T04:25:00+00:00,2026-08-25 21:25 Tue,,false,,,,false,workday:Nike:/job/Daegu-Korea/Athlete-40FT---_R-90657
Nike:/job/Daegu-Korea/Athlete-40FT---_R-90658-1,Nike,Athlete 40FT (대구),"Daegu, Korea",,https://nike.wd1.myworkdayjobs.com/en-US/nke/job/Daegu-Korea/Athlete-40FT---_R-90658-1,Posted Today,2026-08-27,2026-08-26T04:41:26+00:00,2026-08-25 21:41 Tue,,false,,,,false,workday:Nike:/job/Daegu-Korea/Athlete-40FT---_R-90658-1
Nike:/job/Daejeon-Korea/Athlete-40FT---_R-89197,Nike,Athlete 40FT (대전),"Daejeon, Korea",,https://nike.wd1.myworkdayjobs.com/en-US/nke/job/Daejeon-Korea/Athlete-40FT---_R-89197,Posted Today,2026-08-02,2026-08-02T23:38:27+00:00,2026-08-02 16:38 Sun,,false,,,,false,workday:Nike:/job/Daejeon-Korea/Athlete-40FT---_R-89197
Nike:/job/Daejeon-Korea/Athlete-40FT---_R-90651,Nike,Athlete 40FT (대전),"Daejeon, Korea",,https://nike.wd1.myworkdayjobs.com/en-US/nke/job/Daejeon-Korea/Athlete-40FT---_R-90651,Posted Today,2026-08-27,2026-08-25T23:59:07+00:00,2026-08-25 16:59 Tue,,false,,,,false,workday:Nike:/job/Daejeon-Korea/Athlete-40FT---_R-90651
Nike:/job/Daejeon-Korea/Athlete-40FT---_R-91284,Nike,Athlete 40FT (대전),"Daejeon, Korea",,https://nike.wd1.myworkdayjobs.com/en-US/nke/job/Daejeon-Korea/Athlete-40FT---_R-91284,Posted Yesterday,2026-09-03,2026-09-02T09:17:20+00:00,2026-09-02 02:17 Wed,,false,,,,false,workday:Nike:/job/Daejeon-Korea/Athlete-40FT---_R-91284
Nike:/job/Busan-Korea/Athlete-40FT---_R-87460,Nike,Athlete 40FT (부산),"Busan, Korea",,https://nike.wd1.myworkdayjobs.com/en-US/nke/job/Busan-Korea/Athlete-40FT---_R-87460,Posted Today,2026-08-13,2026-08-13T05:59:15+00:00,2026-08-12 22:59 Wed,,false,,,,false,workday:Nike:/job/Busan-Korea/Athlete-40FT---_R-87460
Nike:/job/Busan-Korea/Athlete-16PT---_R-47842,Nike,Athlete 40FT (부산),"Busan, Korea",,https://nike.wd1.myworkdayjobs.com/en-US/nke/job/Busan-Korea/Athlete-16PT---_R-47842,Posted 30+ Days Ago,2026-07-19,2026-08-18T12:10:51+00:00,2026-08-18 05:10 Tue,,false,,,,false,workday:Nike:/job/Busan-Korea/Athlete-16PT---_R-47842
Nike:/job/Busan-Korea/Athlete-40FT---_R-91052,Nike,Athlete 40FT (부산),"Busan, Korea",,https://nike.wd1.myworkdayjobs.com/en-US/nke/job/Busan-Korea/Athlete-40FT---_R-91052,Posted Today,2026-09-01,2026-08-31T01:17:36+00:00,2026-08-30 18:17 Sun,,false,,,,false,workday:Nike:/job/Busan-Korea/Athlete-40FT---_R-91052
Nike:/job/Seoul-Korea/Athlete-40FT---_R-85455,Nike,Athlete 40FT (서울),"Seoul, Korea",,https://nike.wd1.myworkdayjobs.com/en-US/nke/job/Seoul-Korea/Athlete-40FT---_R-85455,Posted Today,2026-08-03,2026-08-03T00:17:12+00:00,2026-08-02 17:17 Sun,,false,,,,false,workday:Nike:/job/Seoul-Korea/Athlete-40FT---_R-85455
Nike:/job/Seoul-Korea/Athlete-40FT---_R-89215,Nike,Athlete 40FT (서울),"Seoul, Korea",,https://nike.wd1.myworkdayjobs.com/en-US/nke/job/Seoul-Korea/Athlete-40FT---_R-89215,Posted Today,2026-08-03,2026-08-03T07:41:47+00:00,2026-08-03 00:41 Mon,,false,,,,false,workday:Nike:/job/Seoul-Korea/Athlete-40FT---_R-89215
Nike:/job/Seoul-Korea/Athlete-40FT---_R-90012,Nike,Athlete 40FT (서울),"Seoul, Korea",,https://nike.wd1.myworkdayjobs.com/en-US/nke/job/Seoul-Korea/Athlete-40FT---_R-90012,Posted Yesterday,2026-08-19,2026-08-18T04:17:14+00:00,2026-08-17 21:17 Mon,,false,,,,false,workday:Nike:/job/Seoul-Korea/Athlete-40FT---_R-90012
Nike:/job/Seoul-Korea/Athlete-40FT---_R-89972,Nike,Athlete 40FT (서울),"Seoul, Korea",,https://nike.wd1.myworkdayjobs.com/en-US/nke/job/Seoul-Korea/Athlete-40FT---_R-89972,Posted Yesterday,2026-08-19,2026-08-18T05:48:07+00:00,2026-08-17 22:48 Mon,,false,,,,false,workday:Nike:/job/Seoul-Korea/Athlete-40FT---_R-89972
Nike:/job/Seoul-Korea/Athlete-40FT---_R-63680,Nike,Athlete 40FT (서울),"Seoul, Korea",,https://nike.wd1.myworkdayjobs.com/en-US/nke/job/Seoul-Korea/Athlete-40FT---_R-63680,Posted 30+ Days Ago,2026-07-19,2026-08-18T12:10:51+00:00,2026-08-18 05:10 Tue,,false,,,,false,workday:Nike:/job/Seoul-Korea/Athlete-40FT---_R-63680
Nike:/job/Seoul-Korea/Athlete-40FT---_R-85332,Nike,Athlete 40FT (서울),"Seoul, Korea",,https://nike.wd1.myworkdayjobs.com/en-US/nke/job/Seoul-Korea/Athlete-40FT---_R-85332,Posted 30+ Days Ago,2026-07-19,2026-08-18T12:10:51+00:00,2026-08-18 05:10 Tue,,false,,,,false,workday:Nike:/job/Seoul-Korea/Athlete-40FT---_R-85332
Nike:/job/NS-SEOUL-COMPANY-STORE/Athlete-40FT--CS-_R-84509,Nike,Athlete 40FT (서울CS),NS SEOUL COMPANY STORE,,https://nike.wd1.myworkdayjobs.com/en-US/nke/job/NS-SEOUL-COMPANY-STORE/Athlete-40FT--CS-_R-84509,Posted 30+ Days Ago,2026-07-19,2026-08-18T12:10:51+00:00,2026-08-18 05:10 Tue,,false,,,,false,workday:Nike:/job/NS-SEOUL-COMPANY-STORE/Athlete-40FT--CS-_R-84509
Nike:/job/Incheon-Korea/Athlete-40FT---_R-85942,Nike,Athlete 40FT (송도),"Incheon, Korea",,https://nike.wd1.myworkdayjobs.com/en-US/nke/job/Incheon-Korea/Athlete-40FT---_R-85942,Posted 2 Days Ago,2026-07-10,2026-07-12T07:45:02+00:00,2026-07-12 00:45 Sun,,false,,,,false,workday:Nike:/job/Incheon-Korea/Athlete-40FT---_R-85942
Nike:/job/Incheon-Korea/Athlete-40FT---_R-87558,Nike,Athlete 40FT (송도),"Incheon, Korea",,https://nike.wd1.myworkdayjobs.com/en-US/nke/job/Incheon-Korea/Athlete-40FT---_R-87558,Posted 2 Days Ago,2026-07-10,2026-07-12T07:45:02+00:00,2026-07-12 00:45 Sun,,false,,,,false,workday:Nike:/job/Incheon-Korea/Athlete-40FT---_R-87558
Nike:/job/Incheon-Korea/Athlete-40FT---_R-89905,Nike,Athlete 40FT (송도),"Incheon, Korea",,https://nike.wd1.myworkdayjobs.com/en-US/nke/job/Incheon-Korea/Athlete-40FT---_R-89905,Posted Today,2026-08-12,2026-08-12T23:58:24+00:00,2026-08-12 16:58 Wed,,false,,,,false,workday:Nike:/job/Incheon-Korea/Athlete-40FT---_R-89905
Nike:/job/Incheon-Korea/Athlete-40FT---_R-91293,Nike,Athlete 40FT (송도),"Incheon, Korea",,https://nike.wd1.myworkdayjobs.com/en-US/nke/job/Incheon-Korea/Athlete-40FT---_R-91293,Posted Today,2026-09-04,2026-09-02T23:59:43+00:00,2026-09-02 16:59 Wed,,false,,,,false,workday:Nike:/job/Incheon-Korea/Athlete-40FT---_R-91293
Nike:/job/Gyeonggi-do-Korea/Athlete-40FT---_R-86675,Nike,Athlete 40FT (여주),"Gyeonggi-do, Korea",,https://nike.wd1.myworkdayjobs.com/en-US/nke/job/Gyeonggi-do-Korea/Athlete-40FT---_R-86675,Posted 3 Days Ago,2026-07-09,2026-07-12T07:45:02+00:00,2026-07-12 00:45 Sun,,false,,,,false,workday:Nike:/job/Gyeonggi-do-Korea/Athlete-40FT---_R-86675
Nike:/job/Gyeonggi-do-Korea/Athlete-40FT---_R-86677,Nike,Athlete 40FT (여주),"Gyeonggi-do, Korea",,https://nike.wd1.myworkdayjobs.com/en-US/nke/job/Gyeonggi-do-Korea/Athlete-40FT---_R-86677,Posted 5 Days Ago,2026-07-07,2026-07-12T07:45:02+00:00,2026-07-12 00:45 Sun,,false,,,,false,workday:Nike:/job/Gyeonggi-do-Korea/Athlete-40FT---_R-86677
Nike:/job/Gyeonggi-do-Korea/Athlete-40FT---_R-86678,Nike,Athlete 40FT (여주),"Gyeonggi-do, Korea",,https://nike.wd1.myworkdayjobs.com/en-US/nke/job/Gyeonggi-do-Korea/Athlete-40FT---_R-86678,Posted Today,2026-08-12,2026-08-12T06:17:24+00:00,2026-08-11 23:17 Tue,,false,,,,false,workday:Nike:/job/Gyeonggi-do-Korea/Athlete-40FT---_R-86678
Nike:/job/Gyeonggi-do-Korea/Athlete-40FT---_R-86679,Nike,Athlete 40FT (여주),"Gyeonggi-do, Korea",,https://nike.wd1.myworkdayjobs.com/en-US/nke/job/Gyeonggi-do-Korea/Athlete-40FT---_R-86679,Posted Yesterday,2026-08-19,2026-08-18T08:41:51+00:00,2026-08-18 01:41 Tue,,false,,,,false,workday:Nike:/job/Gyeonggi-do-Korea/Athlete-40FT---_R-86679
Nike:/job/Gyeonggi-do-Korea/Athlete-40FT---_R-87134,Nike,Athlete 40FT (여주),"Gyeonggi-do, Korea",,https://nike.wd1.myworkdayjobs.com/en-US/nke/job/Gyeonggi-do-Korea/Athlete-40FT---_R-87134,Posted Yesterday,2026-08-19,2026-08-18T08:41:51+00:00,2026-08-18 01:41 Tue,,false,,,,false,workday:Nike:/job/Gyeonggi-do-Korea/Athlete-40FT---_R-87134
Nike:/job/Gyeonggi-do-Korea/Athlete-40FT---_R-90274,Nike,Athlete 40FT (여주),"Gyeonggi-do, Korea",,https://nike.wd1.myworkdayjobs.com/en-US/nke/job/Gyeonggi-do-Korea/Athlete-40FT---_R-90274,Posted Today,2026-08-21,2026-08-20T08:56:18+00:00,2026-08-20 01:56 Thu,,false,,,,false,workday:Nike:/job/Gyeonggi-do-Korea/Athlete-40FT---_R-90274
Nike:/job/Gyeonggi-do-Korea/Athlete-40FT---_R-88720,Nike,Athlete 40FT (용인),"Gyeonggi-do, Korea",,https://nike.wd1.myworkdayjobs.com/en-US/nke/job/Gyeonggi-do-Korea/Athlete-40FT---_R-88720,Posted Today,2026-07-29,2026-07-29T02:17:40+00:00,2026-07-28 19:17 Tue,,false,,,,false,workday:Nike:/job/Gyeonggi-do-Korea/Athlete-40FT---_R-88720
Nike:/job/Chungcheongbuk-do-Korea/Athlete-40FT---_R-87870,Nike,Athlete 40FT (청주),"Chungcheongbuk-do, Korea",,https://nike.wd1.myworkdayjobs.com/en-US/nke/job/Chungcheongbuk-do-Korea/Athlete-40FT---_R-87870,Posted Today,2026-07-16,2026-07-16T04:24:57+00:00,2026-07-15 21:24 Wed,,false,,,,false,workday:Nike:/job/Chungcheongbuk-do-Korea/Athlete-40FT---_R-87870
Nike:/job/Chungcheongbuk-do-Korea/Athlete-40FT---_R-89646,Nike,Athlete 40FT (청주),"Chungcheongbuk-do, Korea",,https://nike.wd1.myworkdayjobs.com/en-US/nke/job/Chungcheongbuk-do-Korea/Athlete-40FT---_R-89646,Posted Today,2026-08-10,2026-08-10T00:17:07+00:00,2026-08-09 17:17 Sun,,false,,,,false,workday:Nike:/job/Chungcheongbuk-do-Korea/Athlete-40FT---_R-89646
Nike:/job/Gyeonggi-do-Korea/athlete_R-87237,Nike,Athlete 40FT (파주),"Gyeonggi-do, Korea",,https://nike.wd1.myworkdayjobs.com/en-US/nke/job/Gyeonggi-do-Korea/athlete_R-87237,Posted 5 Days Ago,2026-07-07,2026-07-12T07:45:02+00:00,2026-07-12 00:45 Sun,,false,,,,false,workday:Nike:/job/Gyeonggi-do-Korea/athlete_R-87237
Nike:/job/Foshan-China-Mainland/Athlete-II_R-87404,Nike,Athlete II,"Foshan, China Mainland",,https://nike.wd1.myworkdayjobs.com/en-US/nke/job/Foshan-China-Mainland/Athlete-II_R-87404,Posted 5 Days Ago,2026-07-07,2026-07-12T07:45:02+00:00,2026-07-12 00:45 Sun,,false,,,,false,workday:Nike:/job/Foshan-China-Mainland/Athlete-II_R-87404
Nike:/job/Zhuhai-China-Mainland/Athlete-II_R-86833,Nike,Athlete II,"Zhuhai, China Mainland",,https://nike.wd1.myworkdayjobs.com/en-US/nke/job/Zhuhai-China-Mainland/Athlete-II_R-86833,Posted 6 Days Ago,2026-07-06,2026-07-12T07:45:02+00:00,2026-07-12 00:45 Sun,,false,,,,false,workday:Nike:/job/Zhuhai-China-Mainland/Athlete-II_R-86833
Nike:/job/Guangzhou-China-Mainland/Athlete-II_R-87764,Nike,Athlete II,"Guangzhou, China Mainland",,https://nike.wd1.myworkdayjobs.com/en-US/nke/job/Guangzhou-China-Mainland/Athlete-II_R-87764,Posted Today,2026-07-13,2026-07-13T15:59:13+00:00,2026-07-13 08:59 Mon,,false,,,,false,workday:Nike:/job/Guangzhou-China-Mainland/Athlete-II_R-87764
Nike:/job/Quanzhou-China-Mainland/Athlete-II_R-88147,Nike,Athlete II,"Quanzhou, China Mainland",,https://nike.wd1.myworkdayjobs.com/en-US/nke/job/Quanzhou-China-Mainland/Athlete-II_R-88147,Posted Today,2026-07-17,2026-07-17T07:05:34+00:00,2026-07-17 00:05 Fri,,false,,,,false,workday:Nike:/job/Quanzhou-China-Mainland/Athlete-II_R-88147
Nike:/job/Jinan-China-Mainland/Athlete-II_R-88262,Nike,Athlete II,"Jinan, China Mainland",,https://nike.wd1.myworkdayjobs.com/en-US/nke/job/Jinan-China-Mainland/Athlete-II_R-88262,Posted Today,2026-07-20,2026-07-20T02:59:22+00:00,2026-07-19 19:59 Sun,,false,,,,false,workday:Nike:/job/Jinan-China-Mainland/Athlete-II_R-88262
Nike:/job/Guangzhou-China-Mainland/Athlete-II_R-88307,Nike,Athlete II,"Guangzhou, China Mainland",,https://nike.wd1.myworkdayjobs.com/en-US/nke/job/Guangzhou-China-Mainland/Athlete-II_R-88307,Posted Today,2026-07-20,2026-07-20T09:17:54+00:00,2026-07-20 02:17 Mon,,false,,,,false,workday:Nike:/job/Guangzhou-China-Mainland/Athlete-II_R-88307
Nike:/job/Guangzhou-China-Mainland/Athlete-II_R-88299,Nike,Athlete II,"Guangzhou, China Mainland",,https://nike.wd1.myworkdayjobs.com/en-US/nke/job/Guangzhou-China-Mainland/Athlete-II_R-88299,Posted Today,2026-07-20,2026-07-20T09:41:54+00:00,2026-07-20 02:41 Mon,,false,,,,false,workday:Nike:/job/Guangzhou-China-Mainland/Athlete-II_R-88299
Nike:/job/Guangzhou-China-Mainland/Athlete-II_R-88944,Nike,Athlete II,"Guangzhou, China Mainland",,https://nike.wd1.myworkdayjobs.com/en-US/nke/job/Guangzhou-China-Mainland/Athlete-II_R-88944,Posted Today,2026-07-28,2026-07-28T13:41:43+00:00,2026-07-28 06:41 Tue,,false,,,,false,workday:Nike:/job/Guangzhou-China-Mainland/Athlete-II_R-88944
Nike:/job/Jinan-China-Mainland/Athlete-II_R-89159,Nike,Athlete II,"Jinan, China Mainland",,https://nike.wd1.myworkdayjobs.com/en-US/nke/job/Jinan-China-Mainland/Athlete-II_R-89159,Posted Today,2026-07-31,2026-07-31T10:41:09+00:00,2026-07-31 03:41 Fri,,false,,,,false,workday:Nike:/job/Jinan-China-Mainland/Athlete-II_R-89159
Nike:/job/Foshan-China-Mainland/Athlete-II_R-86460,Nike,Athlete II,"Foshan, China Mainland",,https://nike.wd1.myworkdayjobs.com/en-US/nke/job/Foshan-China-Mainland/Athlete-II_R-86460,Posted Today,2026-08-05,2026-08-05T10:41:56+00:00,2026-08-05 03:41 Wed,,false,,,,false,workday:Nike:/job/Foshan-China-Mainland/Athlete-II_R-86460
Nike:/job/Guangzhou-China-Mainland/Athlete-II_R-56644,Nike,Athlete II,"Guangzhou, China Mainland",,https://nike.wd1.myworkdayjobs.com/en-US/nke/job/Guangzhou-China-Mainland/Athlete-II_R-56644,Posted 30+ Days Ago,2026-07-19,2026-08-18T12:10:51+00:00,2026-08-18 05:10 Tue,,false,,,,false,workday:Nike:/job/Guangzhou-China-Mainland/Athlete-II_R-56644
Nike:/job/Guangzhou-China-Mainland/Athlete-II_R-76642,Nike,Athlete II,"Guangzhou, China Mainland",,https://nike.wd1.myworkdayjobs.com/en-US/nke/job/Guangzhou-China-Mainland/Athlete-II_R-76642,Posted 30+ Days Ago,2026-07-19,2026-08-18T12:10:51+00:00,2026-08-18 05:10 Tue,,false,,,,false,workday:Nike:/job/Guangzhou-China-Mainland/Athlete-II_R-76642
Nike:/job/Nanchang-China-Mainland/Athlete-II_R-78299,Nike,Athlete II,"Nanchang, China Mainland",,https://nike.wd1.myworkdayjobs.com/en-US/nke/job/Nanchang-China-Mainland/Athlete-II_R-78299,Posted 30+ Days Ago,2026-07-19,2026-08-18T12:10:51+00:00,2026-08-18 05:10 Tue,,false,,,,false,workday:Nike:/job/Nanchang-China-Mainland/Athlete-II_R-78299
Nike:/job/Taipei-Taiwan/Athlete-II_R-74531,Nike,Athlete II,"Taipei, Taiwan",,https://nike.wd1.myworkdayjobs.com/en-US/nke/job/Taipei-Taiwan/Athlete-II_R-74531,Posted 30+ Days Ago,2026-07-19,2026-08-18T12:10:51+00:00,2026-08-18 05:10 Tue,,false,,,,false,workday:Nike:/job/Taipei-Taiwan/Athlete-II_R-74531
Nike:/job/Guangzhou-China-Mainland/Athlete-II_R-90287,Nike,Athlete II,"Guangzhou, China Mainland",,https://nike.wd1.myworkdayjobs.com/en-US/nke/job/Guangzhou-China-Mainland/Athlete-II_R-90287,Posted Today,2026-08-21,2026-08-20T05:41:30+00:00,2026-08-19 22:41 Wed,,false,,,,false,workday:Nike:/job/Guangzhou-China-Mainland/Athlete-II_R-90287
Nike:/job/Wuhan-China-Mainland/Athlete-II_R-90507,Nike,Athlete II,"Wuhan, China Mainland",,https://nike.wd1.myworkdayjobs.com/en-US/nke/job/Wuhan-China-Mainland/Athlete-II_R-90507,Posted Today,2026-08-26,2026-08-25T02:59:22+00:00,2026-08-24 19:59 Mon,,false,,,,false,workday:Nike:/job/Wuhan-China-Mainland/Athlete-II_R-90507
Nike:/job/Hangzhou-China-Mainland/Athlete-III_R-87540,Nike,Athlete III,"Hangzhou, China Mainland",,https://nike.wd1.myworkdayjobs.com/en-US/nke/job/Hangzhou-China-Mainland/Athlete-III_R-87540,Posted Today,2026-08-21,2026-07-12T07:45:02+00:00,2026-07-12 00:45 Sun,,false,,,,false,workday:Nike:/job/Hangzhou-China-Mainland/Athlete-III_R-87540
Nike:/job/Wenzhou-China-Mainland/Athlete-III_R-87568,Nike,Athlete III,"Wenzhou, China Mainland",,https://nike.wd1.myworkdayjobs.com/en-US/nke/job/Wenzhou-China-Mainland/Athlete-III_R-87568,Posted 3 Days Ago,2026-07-09,2026-07-12T07:45:02+00:00,2026-07-12 00:45 Sun,,false,,,,false,workday:Nike:/job/Wenzhou-China-Mainland/Athlete-III_R-87568
Nike:/job/Hangzhou-China-Mainland/Athlete-III_R-87751,Nike,Athlete III,"Hangzhou, China Mainland",,https://nike.wd1.myworkdayjobs.com/en-US/nke/job/Hangzhou-China-Mainland/Athlete-III_R-87751,Posted Today,2026-07-13,2026-07-13T02:58:50+00:00,2026-07-12 19:58 Sun,,false,,,,false,workday:Nike:/job/Hangzhou-China-Mainland/Athlete-III_R-87751
Nike:/job/New-Territories-Hong-Kong/Athlete-III_R-84228-1,Nike,Athlete III,"New Territories, Hong Kong",,https://nike.wd1.myworkdayjobs.com/en-US/nke/job/New-Territories-Hong-Kong/Athlete-III_R-84228-1,Posted Today,2026-07-13,2026-07-13T10:40:47+00:00,2026-07-13 03:40 Mon,,false,,,,false,workday:Nike:/job/New-Territories-Hong-Kong/Athlete-III_R-84228-1
Nike:/job/Shanghai-China-Mainland/Athlete-III_R-67844-1,Nike,Athlete III,"Shanghai, China Mainland",,https://nike.wd1.myworkdayjobs.com/en-US/nke/job/Shanghai-China-Mainland/Athlete-III_R-67844-1,Posted Today,2026-07-17,2026-07-17T06:41:21+00:00,2026-07-16 23:41 Thu,,false,,,,false,workday:Nike:/job/Shanghai-China-Mainland/Athlete-III_R-67844-1
Nike:/job/Shenzhen-China-Mainland/Athlete-III_R-88151,Nike,Athlete III,"Shenzhen, China Mainland",,https://nike.wd1.myworkdayjobs.com/en-US/nke/job/Shenzhen-China-Mainland/Athlete-III_R-88151,Posted Today,2026-07-17,2026-07-17T07:17:17+00:00,2026-07-17 00:17 Fri,,false,,,,false,workday:Nike:/job/Shenzhen-China-Mainland/Athlete-III_R-88151
Nike:/job/Kunshan-China-Mainland/Athlete-III_R-88152,Nike,Athlete III,"Kunshan, China Mainland",,https://nike.wd1.myworkdayjobs.com/en-US/nke/job/Kunshan-China-Mainland/Athlete-III_R-88152,Posted Today,2026-07-17,2026-07-17T08:59:20+00:00,2026-07-17 01:59 Fri,,false,,,,false,workday:Nike:/job/Kunshan-China-Mainland/Athlete-III_R-88152
Nike:/job/Taicang-China-Mainland/Athlete-III_R-88259,Nike,Athlete III,"Taicang, China Mainland",,https://nike.wd1.myworkdayjobs.com/en-US/nke/job/Taicang-China-Mainland/Athlete-III_R-88259,Posted Today,2026-07-20,2026-07-20T02:59:22+00:00,2026-07-19 19:59 Sun,,false,,,,false,workday:Nike:/job/Taicang-China-Mainland/Athlete-III_R-88259
Nike:/job/New-Territories-Hong-Kong/Athlete-III_R-87774-1,Nike,Athlete III,"New Territories, Hong Kong",,https://nike.wd1.myworkdayjobs.com/en-US/nke/job/New-Territories-Hong-Kong/Athlete-III_R-87774-1,Posted Today,2026-07-22,2026-07-22T02:59:08+00:00,2026-07-21 19:59 Tue,,false,,,,false,workday:Nike:/job/New-Territories-Hong-Kong/Athlete-III_R-87774-1
Nike:/job/Suzhou-China-Mainland/Athlete-III_R-88534,Nike,Athlete III,"Suzhou, China Mainland",,https://nike.wd1.myworkdayjobs.com/en-US/nke/job/Suzhou-China-Mainland/Athlete-III_R-88534,Posted Today,2026-07-23,2026-07-23T01:41:31+00:00,2026-07-22 18:41 Wed,,false,,,,false,workday:Nike:/job/Suzhou-China-Mainland/Athlete-III_R-88534
Nike:/job/Fuzhou-China-Mainland/Athlete-III_R-88529,Nike,Athlete III,"Fuzhou, China Mainland",,https://nike.wd1.myworkdayjobs.com/en-US/nke/job/Fuzhou-China-Mainland/Athlete-III_R-88529,Posted Today,2026-07-23,2026-07-23T02:41:32+00:00,2026-07-22 19:41 Wed,,false,,,,false,workday:Nike:/job/Fuzhou-China-Mainland/Athlete-III_R-88529
Nike:/job/Suzhou-China-Mainland/Athlete-III_R-88663,Nike,Athlete III,"Suzhou, China Mainland",,https://nike.wd1.myworkdayjobs.com/en-US/nke/job/Suzhou-China-Mainland/Athlete-III_R-88663,Posted Today,2026-07-23,2026-07-23T12:59:21+00:00,2026-07-23 05:59 Thu,,false,,,,false,workday:Nike:/job/Suzhou-China-Mainland/Athlete-III_R-88663
Nike:/job/Shanghai-China-Mainland/Athlete-III_R-88912,Nike,Athlete III,"Shanghai, China Mainland",,https://nike.wd1.myworkdayjobs.com/en-US/nke/job/Shanghai-China-Mainland/Athlete-III_R-88912,Posted Today,2026-07-28,2026-07-28T09:59:18+00:00,2026-07-28 02:59 Tue,,false,,,,false,workday:Nike:/job/Shanghai-China-Mainland/Athlete-III_R-88912
Nike:/job/Taicang-China-Mainland/Athlete-III_R-85945,Nike,Athlete III,"Taicang, China Mainland",,https://nike.wd1.myworkdayjobs.com/en-US/nke/job/Taicang-China-Mainland/Athlete-III_R-85945,Posted 4 Days Ago,2026-07-26,2026-07-30T12:59:15+00:00,2026-07-30 05:59 Thu,,false,,,,false,workday:Nike:/job/Taicang-China-Mainland/Athlete-III_R-85945
Nike:/job/Suzhou-China-Mainland/Athlete-III_R-89147,Nike,Athlete III,"Suzhou, China Mainland",,https://nike.wd1.myworkdayjobs.com/en-US/nke/job/Suzhou-China-Mainland/Athlete-III_R-89147,Posted 3 Days Ago,2026-07-28,2026-07-31T03:59:30+00:00,2026-07-30 20:59 Thu,,false,,,,false,workday:Nike:/job/Suzhou-China-Mainland/Athlete-III_R-89147
Nike:/job/Nanjing-China-Mainland/Athlete-III_R-88775-1,Nike,Athlete III,"Nanjing, China Mainland",,https://nike.wd1.myworkdayjobs.com/en-US/nke/job/Nanjing-China-Mainland/Athlete-III_R-88775-1,Posted 3 Days Ago,2026-07-28,2026-07-31T11:17:07+00:00,2026-07-31 04:17 Fri,,false,,,,false,workday:Nike:/job/Nanjing-China-Mainland/Athlete-III_R-88775-1
Nike:/job/Shanghai-China-Mainland/Athlete-III_R-89518,Nike,Athlete III,"Shanghai, China Mainland",,https://nike.wd1.myworkdayjobs.com/en-US/nke/job/Shanghai-China-Mainland/Athlete-III_R-89518,Posted Today,2026-08-10,2026-08-10T03:17:16+00:00,2026-08-09 20:17 Sun,,false,,,,false,workday:Nike:/job/Shanghai-China-Mainland/Athlete-III_R-89518
Nike:/job/Beijing-China-Mainland/Athlete-III_R-89155,Nike,Athlete III,"Beijing, China Mainland",,https://nike.wd1.myworkdayjobs.com/en-US/nke/job/Beijing-China-Mainland/Athlete-III_R-89155,Posted Today,2026-08-11,2026-08-11T06:36:25+00:00,2026-08-10 23:36 Mon,,false,,,,false,workday:Nike:/job/Beijing-China-Mainland/Athlete-III_R-89155
Nike:/job/New-Territories-Hong-Kong/Athlete-III_R-88930-1,Nike,Athlete III,"New Territories, Hong Kong",,https://nike.wd1.myworkdayjobs.com/en-US/nke/job/New-Territories-Hong-Kong/Athlete-III_R-88930-1,Posted Today,2026-08-11,2026-08-11T07:54:21+00:00,2026-08-11 00:54 Tue,,false,,,,false,workday:Nike:/job/New-Territories-Hong-Kong/Athlete-III_R-88930-1
Nike:/job/Fuzhou-China-Mainland/Athlete-III_R-89521,Nike,Athlete III,"Fuzhou, China Mainland",,https://nike.wd1.myworkdayjobs.com/en-US/nke/job/Fuzhou-China-Mainland/Athlete-III_R-89521,Posted Today,2026-08-13,2026-08-13T02:59:56+00:00,2026-08-12 19:59 Wed,,false,,,,false,workday:Nike:/job/Fuzhou-China-Mainland/Athlete-III_R-89521
Nike:/job/Baotou-China-Mainland/Athlete-III_R-37574,Nike,Athlete III,"Baotou, China Mainland",,https://nike.wd1.myworkdayjobs.com/en-US/nke/job/Baotou-China-Mainland/Athlete-III_R-37574,Posted 30+ Days Ago,2026-07-19,2026-08-18T12:10:51+00:00,2026-08-18 05:10 Tue,,false,,,,false,workday:Nike:/job/Baotou-China-Mainland/Athlete-III_R-37574
Nike:/job/Beijing-China-Mainland/Athlete-III_R-70259-1,Nike,Athlete III,"Beijing, China Mainland",,https://nike.wd1.myworkdayjobs.com/en-US/nke/job/Beijing-China-Mainland/Athlete-III_R-70259-1,Posted 30+ Days Ago,2026-07-19,2026-08-18T12:10:51+00:00,2026-08-18 05:10 Tue,,false,,,,false,workday:Nike:/job/Beijing-China-Mainland/Athlete-III_R-70259-1
Nike:/job/Beijing-China-Mainland/Athlete-III_R-82507,Nike,Athlete III,"Beijing, China Mainland",,https://nike.wd1.myworkdayjobs.com/en-US/nke/job/Beijing-China-Mainland/Athlete-III_R-82507,Posted 30+ Days Ago,2026-07-19,2026-08-18T12:10:51+00:00,2026-08-18 05:10 Tue,,false,,,,false,workday:Nike:/job/Beijing-China-Mainland/Athlete-III_R-82507
Nike:/job/Beijing-China-Mainland/Athlete-III_R-85072,Nike,Athlete III,"Beijing, China Mainland",,https://nike.wd1.myworkdayjobs.com/en-US/nke/job/Beijing-China-Mainland/Athlete-III_R-85072,Posted 30+ Days Ago,2026-07-19,2026-08-18T12:10:51+00:00,2026-08-18 05:10 Tue,,false,,,,false,workday:Nike:/job/Beijing-China-Mainland/Athlete-III_R-85072
Nike:/job/Beijing-China-Mainland/Athlete-III_R-85292,Nike,Athlete III,"Beijing, China Mainland",,https://nike.wd1.myworkdayjobs.com/en-US/nke/job/Beijing-China-Mainland/Athlete-III_R-85292,Posted 30+ Days Ago,2026-07-19,2026-08-18T12:10:51+00:00,2026-08-18 05:10 Tue,,false,,,,false,workday:Nike:/job/Beijing-China-Mainland/Athlete-III_R-85292
Nike:/job/Changchun-China-Mainland/Athlete-III_R-84676,Nike,Athlete III,"Changchun, China Mainland",,https://nike.wd1.myworkdayjobs.com/en-US/nke/job/Changchun-China-Mainland/Athlete-III_R-84676,Posted 30+ Days Ago,2026-07-19,2026-08-18T12:10:51+00:00,2026-08-18 05:10 Tue,,false,,,,false,workday:Nike:/job/Changchun-China-Mainland/Athlete-III_R-84676
Nike:/job/Dalian-China-Mainland/Athlete-III_R-57341-1,Nike,Athlete III,"Dalian, China Mainland",,https://nike.wd1.myworkdayjobs.com/en-US/nke/job/Dalian-China-Mainland/Athlete-III_R-57341-1,Posted 30+ Days Ago,2026-07-19,2026-08-18T12:10:51+00:00,2026-08-18 05:10 Tue,,false,,,,false,workday:Nike:/job/Dalian-China-Mainland/Athlete-III_R-57341-1
Nike:/job/Foshan-China-Mainland/Athlete-III_R-56171,Nike,Athlete III,"Foshan, China Mainland",,https://nike.wd1.myworkdayjobs.com/en-US/nke/job/Foshan-China-Mainland/Athlete-III_R-56171,Posted 30+ Days Ago,2026-07-19,2026-08-18T12:10:51+00:00,2026-08-18 05:10 Tue,,false,,,,false,workday:Nike:/job/Foshan-China-Mainland/Athlete-III_R-56171
Nike:/job/Foshan-China-Mainland/Athlete-III_R-56472,Nike,Athlete III,"Foshan, China Mainland",,https://nike.wd1.myworkdayjobs.com/en-US/nke/job/Foshan-China-Mainland/Athlete-III_R-56472,Posted 30+ Days Ago,2026-07-19,2026-08-18T12:10:51+00:00,2026-08-18 05:10 Tue,,false,,,,false,workday:Nike:/job/Foshan-China-Mainland/Athlete-III_R-56472
Nike:/job/Guangzhou-China-Mainland/Athlete-III_R-84052,Nike,Athlete III,"Guangzhou, China Mainland",,https://nike.wd1.myworkdayjobs.com/en-US/nke/job/Guangzhou-China-Mainland/Athlete-III_R-84052,Posted 30+ Days Ago,2026-07-19,2026-08-18T12:10:51+00:00,2026-08-18 05:10 Tue,,false,,,,false,workday:Nike:/job/Guangzhou-China-Mainland/Athlete-III_R-84052
Nike:/job/Nanning-China-Mainland/Athlete-III_R-82094-1,Nike,Athlete III,"Nanning, China Mainland",,https://nike.wd1.myworkdayjobs.com/en-US/nke/job/Nanning-China-Mainland/Athlete-III_R-82094-1,Posted 30+ Days Ago,2026-07-19,2026-08-18T12:10:51+00:00,2026-08-18 05:10 Tue,,false,,,,false,workday:Nike:/job/Nanning-China-Mainland/Athlete-III_R-82094-1
Nike:/job/Beijing-China-Mainland/Athlete-III_R-90364,Nike,Athlete III,"Beijing, China Mainland",,https://nike.wd1.myworkdayjobs.com/en-US/nke/job/Beijing-China-Mainland/Athlete-III_R-90364,Posted 3 Days Ago,2026-08-21,2026-08-21T00:59:47+00:00,2026-08-20 17:59 Thu,,false,,,,false,workday:Nike:/job/Beijing-China-Mainland/Athlete-III_R-90364
Nike:/job/Wuhan-China-Mainland/Athlete-III_R-90510,Nike,Athlete III,"Wuhan, China Mainland",,https://nike.wd1.myworkdayjobs.com/en-US/nke/job/Wuhan-China-Mainland/Athlete-III_R-90510,Posted Today,2026-08-26,2026-08-25T02:59:22+00:00,2026-08-24 19:59 Mon,,false,,,,false,workday:Nike:/job/Wuhan-China-Mainland/Athlete-III_R-90510
Nike:/job/Nanjing-China-Mainland/Athlete-III_R-81909,Nike,Athlete III,"Nanjing, China Mainland",,https://nike.wd1.myworkdayjobs.com/en-US/nke/job/Nanjing-China-Mainland/Athlete-III_R-81909,Posted Today,2026-09-04,2026-09-03T08:41:21+00:00,2026-09-03 01:41 Thu,,false,,,,false,workday:Nike:/job/Nanjing-China-Mainland/Athlete-III_R-81909
Nike:/job/NFS-GENNEVILLIERS/Athlete-Nike---Vendeur-en-magasin-----H-F-CDD-16H_R-89261-1,Nike,Athlete Nike ( Vendeur en magasin ) - H/F CDD 16H,NFS GENNEVILLIERS,,https://nike.wd1.myworkdayjobs.com/en-US/nke/job/NFS-GENNEVILLIERS/Athlete-Nike---Vendeur-en-magasin-----H-F-CDD-16H_R-89261-1,Posted Today,2026-08-04,2026-08-04T13:59:51+00:00,2026-08-04 06:59 Tue,,false,,,,false,workday:Nike:/job/NFS-GENNEVILLIERS/Athlete-Nike---Vendeur-en-magasin-----H-F-CDD-16H_R-89261-1
Nike:/job/Paris-France/Athlete-Nike--Stockiste----H---F-CDD-remplacement-35h_R-87682,Nike,Athlete Nike (Stockiste) – H / F CDD remplacement 35h,"Paris, France",,https://nike.wd1.myworkdayjobs.com/en-US/nke/job/Paris-France/Athlete-Nike--Stockiste----H---F-CDD-remplacement-35h_R-87682,Posted 2 Days Ago,2026-07-10,2026-07-12T07:45:02+00:00,2026-07-12 00:45 Sun,,false,,,,false,workday:Nike:/job/Paris-France/Athlete-Nike--Stockiste----H---F-CDD-remplacement-35h_R-87682
Nike:/job/Tours-France/Athlete-Nike--Vendeur-en-magasin----H---F-CDI-10h_R-91299,Nike,Athlete Nike (Vendeur en magasin) - H / F CDI 10h,"Tours, France",,https://nike.wd1.myworkdayjobs.com/en-US/nke/job/Tours-France/Athlete-Nike--Vendeur-en-magasin----H---F-CDI-10h_R-91299,Posted Yesterday,2026-09-03,2026-09-02T12:17:48+00:00,2026-09-02 05:17 Wed,,false,,,,false,workday:Nike:/job/Tours-France/Athlete-Nike--Vendeur-en-magasin----H---F-CDI-10h_R-91299
Nike:/job/Mouilins-les-Metz-France/Athlete-Nike--Vendeur-en-magasin----H-F---CDD-24h-remplacement_R-90292-1,Nike,Athlete Nike (Vendeur en magasin) - H/F - CDD 24h remplacement,"Mouilins les Metz, France",,https://nike.wd1.myworkdayjobs.com/en-US/nke/job/Mouilins-les-Metz-France/Athlete-Nike--Vendeur-en-magasin----H-F---CDD-24h-remplacement_R-90292-1,Posted Today,2026-08-28,2026-08-27T10:17:36+00:00,2026-08-27 03:17 Thu,,false,,,,false,workday:Nike:/job/Mouilins-les-Metz-France/Athlete-Nike--Vendeur-en-magasin----H-F---CDD-24h-remplacement_R-90292-1
Nike:/job/Aubergenville-France/Athlete-Nike--Vendeur-en-magasin----H-F---CDD-28H_R-89914,Nike,Athlete Nike (Vendeur en magasin) - H/F - CDD 28H,"Aubergenville, France",,https://nike.wd1.myworkdayjobs.com/en-US/nke/job/Aubergenville-France/Athlete-Nike--Vendeur-en-magasin----H-F---CDD-28H_R-89914,Posted Today,2026-08-12,2026-08-12T13:17:43+00:00,2026-08-12 06:17 Wed,,false,,,,false,workday:Nike:/job/Aubergenville-France/Athlete-Nike--Vendeur-en-magasin----H-F---CDD-28H_R-89914
Nike:/job/Corbeil-France/Athlete-Nike--Vendeur-en-magasin----H-F---CDD-30h_R-87683,Nike,Athlete Nike (Vendeur en magasin) - H/F - CDD 30h,"Corbeil, France",,https://nike.wd1.myworkdayjobs.com/en-US/nke/job/Corbeil-France/Athlete-Nike--Vendeur-en-magasin----H-F---CDD-30h_R-87683,Posted Today,2026-07-15,2026-07-15T11:41:20+00:00,2026-07-15 04:41 Wed,,false,,,,false,workday:Nike:/job/Corbeil-France/Athlete-Nike--Vendeur-en-magasin----H-F---CDD-30h_R-87683
Nike:/job/Corbeil-France/Athlete-Nike--Vendeur-en-magasin----H-F---CDD-30h_R-91377,Nike,Athlete Nike (Vendeur en magasin) - H/F - CDD 30h,"Corbeil, France",,https://nike.wd1.myworkdayjobs.com/en-US/nke/job/Corbeil-France/Athlete-Nike--Vendeur-en-magasin----H-F---CDD-30h_R-91377,Posted Today,2026-09-04,2026-09-03T13:42:23+00:00,2026-09-03 06:42 Thu,,false,,,,false,workday:Nike:/job/Corbeil-France/Athlete-Nike--Vendeur-en-magasin----H-F---CDD-30h_R-91377
Nike:/job/Pont-St-Marie-France/Athlete-Nike--Vendeur-en-magasin----H-F-CDD-35h_R-91186,Nike,Athlete Nike (Vendeur en magasin) - H/F CDD 35h,"Pont St. Marie, France",,https://nike.wd1.myworkdayjobs.com/en-US/nke/job/Pont-St-Marie-France/Athlete-Nike--Vendeur-en-magasin----H-F-CDD-35h_R-91186,Posted Today,2026-09-02,2026-09-01T12:59:18+00:00,2026-09-01 05:59 Tue,,false,,,,false,workday:Nike:/job/Pont-St-Marie-France/Athlete-Nike--Vendeur-en-magasin----H-F-CDD-35h_R-91186
Nike:/job/Fenouillet-France/Athlete-Nike--vendeur-en-magasin----H-F-CDI-30h_R-91045,Nike,Athlete Nike (vendeur en magasin) - H/F CDI 30h,"Fenouillet, France",,https://nike.wd1.myworkdayjobs.com/en-US/nke/job/Fenouillet-France/Athlete-Nike--vendeur-en-magasin----H-F-CDI-30h_R-91045,Posted Today,2026-09-01,2026-08-31T07:41:34+00:00,2026-08-31 00:41 Mon,,false,,,,false,workday:Nike:/job/Fenouillet-France/Athlete-Nike--vendeur-en-magasin----H-F-CDI-30h_R-91045
Nike:/job/Plaisir-France/Athlete-Nike--Vendeur-en-magasin----H---F-----CDI-10h_R-91095,Nike,Athlete Nike (Vendeur en magasin) – H / F  –  CDI 10h,"Plaisir, France",,https://nike.wd1.myworkdayjobs.com/en-US/nke/job/Plaisir-France/Athlete-Nike--Vendeur-en-magasin----H---F-----CDI-10h_R-91095,Posted Today,2026-09-02,2026-09-01T12:18:14+00:00,2026-09-01 05:18 Tue,,false,,,,false,workday:Nike:/job/Plaisir-France/Athlete-Nike--Vendeur-en-magasin----H---F-----CDI-10h_R-91095
Nike:/job/Jemappes-Belgium/Athlete-Nike--Vendeur-en-magasin----H---F----CDD-18h_R-90685,Nike,Athlete Nike (Vendeur en magasin) – H / F  – CDD 18h,"Jemappes, Belgium",,https://nike.wd1.myworkdayjobs.com/en-US/nke/job/Jemappes-Belgium/Athlete-Nike--Vendeur-en-magasin----H---F----CDD-18h_R-90685,Posted Today,2026-09-01,2026-08-31T13:17:33+00:00,2026-08-31 06:17 Mon,,false,,,,false,workday:Nike:/job/Jemappes-Belgium/Athlete-Nike--Vendeur-en-magasin----H---F----CDD-18h_R-90685
Nike:/job/Plaisir-France/Athlete-Nike--Vendeur-en-magasin----H---F----CDD-20h_R-91187,Nike,Athlete Nike (Vendeur en magasin) – H / F  – CDD 20h,"Plaisir, France",,https://nike.wd1.myworkdayjobs.com/en-US/nke/job/Plaisir-France/Athlete-Nike--Vendeur-en-magasin----H---F----CDD-20h_R-91187,Posted Yesterday,2026-09-03,2026-09-02T07:59:27+00:00,2026-09-02 00:59 Wed,,false,,,,false,workday:Nike:/job/Plaisir-France/Athlete-Nike--Vendeur-en-magasin----H---F----CDD-20h_R-91187
Nike:/job/Ile-St-Denis-France/Athlete-Nike--Vendeur-en-magasin----H---F----CDD-30h_R-91209,Nike,Athlete Nike (Vendeur en magasin) – H / F  – CDD 30h,"Ile St. Denis, France",,https://nike.wd1.myworkdayjobs.com/en-US/nke/job/Ile-St-Denis-France/Athlete-Nike--Vendeur-en-magasin----H---F----CDD-30h_R-91209,Posted Yesterday,2026-09-03,2026-09-02T16:17:44+00:00,2026-09-02 09:17 Wed,,false,,,,false,workday:Nike:/job/Ile-St-Denis-France/Athlete-Nike--Vendeur-en-magasin----H---F----CDD-30h_R-91209
Nike:/job/Plaisir-France/Athlete-Nike--Vendeur-en-magasin----H---F----CDD-35-h_R-91182,Nike,Athlete Nike (Vendeur en magasin) – H / F  – CDD 35 h,"Plaisir, France",,https://nike.wd1.myworkdayjobs.com/en-US/nke/job/Plaisir-France/Athlete-Nike--Vendeur-en-magasin----H---F----CDD-35-h_R-91182,Posted Yesterday,2026-09-03,2026-09-02T08:17:35+00:00,2026-09-02 01:17 Wed,,false,,,,false,workday:Nike:/job/Plaisir-France/Athlete-Nike--Vendeur-en-magasin----H---F----CDD-35-h_R-91182
Nike:/job/Plaisir-France/Athlete-Nike--Vendeur-en-magasin----H---F----CDD-35h_R-91177,Nike,Athlete Nike (Vendeur en magasin) – H / F  – CDD 35h,"Plaisir, France",,https://nike.wd1.myworkdayjobs.com/en-US/nke/job/Plaisir-France/Athlete-Nike--Vendeur-en-magasin----H---F----CDD-35h_R-91177,Posted Yesterday,2026-09-03,2026-09-02T07:59:27+00:00,2026-09-02 00:59 Wed,,false,,,,false,workday:Nike:/job/Plaisir-France/Athlete-Nike--Vendeur-en-magasin----H---F----CDD-35h_R-91177
Nike:/job/Ile-St-Denis-France/Athlete-Nike--Vendeur-en-magasin----H---F----CDI-25h_R-91204,Nike,Athlete Nike (Vendeur en magasin) – H / F  – CDI 25h,"Ile St. Denis, France",,https://nike.wd1.myworkdayjobs.com/en-US/nke/job/Ile-St-Denis-France/Athlete-Nike--Vendeur-en-magasin----H---F----CDI-25h_R-91204,Posted Yesterday,2026-09-03,2026-09-02T16:17:44+00:00,2026-09-02 09:17 Wed,,false,,,,false,workday:Nike:/job/Ile-St-Denis-France/Athlete-Nike--Vendeur-en-magasin----H---F----CDI-25h_R-91204
Nike:/job/Ile-St-Denis-France/Athlete-Nike--Vendeur-en-magasin----H---F----CDI-30h_R-91196,Nike,Athlete Nike (Vendeur en magasin) – H / F  – CDI 30h,"Ile St. Denis, France",,https://nike.wd1.myworkdayjobs.com/en-US/nke/job/Ile-St-Denis-France/Athlete-Nike--Vendeur-en-magasin----H---F----CDI-30h_R-91196,Posted Yesterday,2026-09-03,2026-09-02T15:59:41+00:00,2026-09-02 08:59 Wed,,false,,,,false,workday:Nike:/job/Ile-St-Denis-France/Athlete-Nike--Vendeur-en-magasin----H---F----CDI-30h_R-91196
Nike:/job/Roppenheim-France/Athlete-Nike--Vendeur-en-magasin----H---F-CDD-24h--Remplacement-_R-90928,Nike,Athlete Nike (Vendeur en magasin) – H / F CDD 24h (Remplacement),"Roppenheim, France",,https://nike.wd1.myworkdayjobs.com/en-US/nke/job/Roppenheim-France/Athlete-Nike--Vendeur-en-magasin----H---F-CDD-24h--Remplacement-_R-90928,Posted Yesterday,2026-08-28,2026-08-27T12:59:48+00:00,2026-08-27 05:59 Thu,,false,,,,false,workday:Nike:/job/Roppenheim-France/Athlete-Nike--Vendeur-en-magasin----H---F-CDD-24h--Remplacement-_R-90928
Nike:/job/Paris-France/Athlete-Nike--Vendeur-en-magasin----H---F-CDD-25h_R-88549-1,Nike,Athlete Nike (Vendeur en magasin) – H / F CDD 25h,"Paris, France",,https://nike.wd1.myworkdayjobs.com/en-US/nke/job/Paris-France/Athlete-Nike--Vendeur-en-magasin----H---F-CDD-25h_R-88549-1,Posted Today,2026-07-22,2026-07-22T14:41:50+00:00,2026-07-22 07:41 Wed,,false,,,,false,workday:Nike:/job/Paris-France/Athlete-Nike--Vendeur-en-magasin----H---F-CDD-25h_R-88549-1
Nike:/job/Messancy-Belgium/Athlete-Nike--Vendeur-en-magasin----H---F-CDD-30h_R-88079,Nike,Athlete Nike (Vendeur en magasin) – H / F CDD 30h,"Messancy, Belgium",,https://nike.wd1.myworkdayjobs.com/en-US/nke/job/Messancy-Belgium/Athlete-Nike--Vendeur-en-magasin----H---F-CDD-30h_R-88079,Posted Today,2026-07-17,2026-07-17T07:59:06+00:00,2026-07-17 00:59 Fri,,false,,,,false,workday:Nike:/job/Messancy-Belgium/Athlete-Nike--Vendeur-en-magasin----H---F-CDD-30h_R-88079
Nike:/job/Messancy-Belgium/Athlete-Nike--Vendeur-en-magasin----H---F-CDD-30h_R-90031,Nike,Athlete Nike (Vendeur en magasin) – H / F CDD 30h,"Messancy, Belgium",,https://nike.wd1.myworkdayjobs.com/en-US/nke/job/Messancy-Belgium/Athlete-Nike--Vendeur-en-magasin----H---F-CDD-30h_R-90031,Posted Today,2026-08-17,2026-08-17T08:41:28+00:00,2026-08-17 01:41 Mon,,false,,,,false,workday:Nike:/job/Messancy-Belgium/Athlete-Nike--Vendeur-en-magasin----H---F-CDD-30h_R-90031
Nike:/job/Bayonne-France/Athlete-Nike--Vendeur-en-magasin----H---F-CDD-30h_R-84585,Nike,Athlete Nike (Vendeur en magasin) – H / F CDD 30h,"Bayonne, France",,https://nike.wd1.myworkdayjobs.com/en-US/nke/job/Bayonne-France/Athlete-Nike--Vendeur-en-magasin----H---F-CDD-30h_R-84585,Posted 30+ Days Ago,2026-07-19,2026-08-18T12:10:51+00:00,2026-08-18 05:10 Tue,,false,,,,false,workday:Nike:/job/Bayonne-France/Athlete-Nike--Vendeur-en-magasin----H---F-CDD-30h_R-84585
Nike:/job/Fenouillet-France/Athlete-Nike--Vendeur-en-magasin----H---F-CDD-30h_R-90301,Nike,Athlete Nike (Vendeur en magasin) – H / F CDD 30h,"Fenouillet, France",,https://nike.wd1.myworkdayjobs.com/en-US/nke/job/Fenouillet-France/Athlete-Nike--Vendeur-en-magasin----H---F-CDD-30h_R-90301,Posted Today,2026-08-27,2026-08-26T07:41:29+00:00,2026-08-26 00:41 Wed,,false,,,,false,workday:Nike:/job/Fenouillet-France/Athlete-Nike--Vendeur-en-magasin----H---F-CDD-30h_R-90301
Nike:/job/NFS-MESSANCY/Athlete-Nike--Vendeur-en-magasin----H---F-CDD-30h_R-90801,Nike,Athlete Nike (Vendeur en magasin) – H / F CDD 30h,NFS MESSANCY,,https://nike.wd1.myworkdayjobs.com/en-US/nke/job/NFS-MESSANCY/Athlete-Nike--Vendeur-en-magasin----H---F-CDD-30h_R-90801,Posted 2 Days Ago,2026-08-29,2026-08-28T10:41:34+00:00,2026-08-28 03:41 Fri,,false,,,,false,workday:Nike:/job/NFS-MESSANCY/Athlete-Nike--Vendeur-en-magasin----H---F-CDD-30h_R-90801
Nike:/job/Honfleur-France/Athlete-Nike--Vendeur-en-magasin----H---F-CDD-30h_R-90935,Nike,Athlete Nike (Vendeur en magasin) – H / F CDD 30h,"Honfleur, France",,https://nike.wd1.myworkdayjobs.com/en-US/nke/job/Honfleur-France/Athlete-Nike--Vendeur-en-magasin----H---F-CDD-30h_R-90935,Posted Today,2026-09-01,2026-08-31T16:17:55+00:00,2026-08-31 09:17 Mon,,false,,,,false,workday:Nike:/job/Honfleur-France/Athlete-Nike--Vendeur-en-magasin----H---F-CDD-30h_R-90935
Nike:/job/Claira-France/Athlete-Nike--Vendeur-en-magasin----H---F-CDD-30h--1er-au-30-aout-_R-85166,Nike,Athlete Nike (Vendeur en magasin) – H / F CDD 30h (1er au 30 aout),"Claira, France",,https://nike.wd1.myworkdayjobs.com/en-US/nke/job/Claira-France/Athlete-Nike--Vendeur-en-magasin----H---F-CDD-30h--1er-au-30-aout-_R-85166,Posted 6 Days Ago,2026-07-22,2026-07-28T15:42:00+00:00,2026-07-28 08:42 Tue,,false,,,,false,workday:Nike:/job/Claira-France/Athlete-Nike--Vendeur-en-magasin----H---F-CDD-30h--1er-au-30-aout-_R-85166
Nike:/job/Pont-St-Marie-France/Athlete-Nike--Vendeur-en-magasin----H---F-CDD-35h_R-91057,Nike,Athlete Nike (Vendeur en magasin) – H / F CDD 35h,"Pont St. Marie, France",,https://nike.wd1.myworkdayjobs.com/en-US/nke/job/Pont-St-Marie-France/Athlete-Nike--Vendeur-en-magasin----H---F-CDD-35h_R-91057,Posted Today,2026-09-02,2026-09-01T08:59:43+00:00,2026-09-01 01:59 Tue,,false,,,,false,workday:Nike:/job/Pont-St-Marie-France/Athlete-Nike--Vendeur-en-magasin----H---F-CDD-35h_R-91057
Nike:/job/Vaud-Switzerland/Athlete-Nike--Vendeur-en-magasin----H---F-CDD-85h_R-89358,Nike,Athlete Nike (Vendeur en magasin) – H / F CDD 8.5h,"Vaud, Switzerland",,https://nike.wd1.myworkdayjobs.com/en-US/nke/job/Vaud-Switzerland/Athlete-Nike--Vendeur-en-magasin----H---F-CDD-85h_R-89358,Posted Today,2026-08-06,2026-08-06T09:41:27+00:00,2026-08-06 02:41 Thu,,false,,,,false,workday:Nike:/job/Vaud-Switzerland/Athlete-Nike--Vendeur-en-magasin----H---F-CDD-85h_R-89358
Nike:/job/Claye-Souilly-France/Athlete-Nike--Vendeur-en-magasin----H---F-CDD-8h-_R-90684-1,Nike,Athlete Nike (Vendeur en magasin) – H / F CDD 8h ,"Claye Souilly, France",,https://nike.wd1.myworkdayjobs.com/en-US/nke/job/Claye-Souilly-France/Athlete-Nike--Vendeur-en-magasin----H---F-CDD-8h-_R-90684-1,Posted Yesterday,2026-08-27,2026-08-26T10:42:06+00:00,2026-08-26 03:42 Wed,,false,,,,false,workday:Nike:/job/Claye-Souilly-France/Athlete-Nike--Vendeur-en-magasin----H---F-CDD-8h-_R-90684-1
Nike:/job/Angers-France/Athlete-Nike--Vendeur-en-magasin----H---F-CDI-12h_R-88938,Nike,Athlete Nike (Vendeur en magasin) – H / F CDI 12h,"Angers, France",,https://nike.wd1.myworkdayjobs.com/en-US/nke/job/Angers-France/Athlete-Nike--Vendeur-en-magasin----H---F-CDI-12h_R-88938,Posted Today,2026-08-07,2026-08-07T09:18:32+00:00,2026-08-07 02:18 Fri,,false,,,,false,workday:Nike:/job/Angers-France/Athlete-Nike--Vendeur-en-magasin----H---F-CDI-12h_R-88938
Nike:/job/Romans-sur-Isre-France/Athlete-Nike--Vendeur-en-magasin----H---F-CDI-20H_R-87735-1,Nike,Athlete Nike (Vendeur en magasin) – H / F CDI 20H,"Romans sur Isère, France",,https://nike.wd1.myworkdayjobs.com/en-US/nke/job/Romans-sur-Isre-France/Athlete-Nike--Vendeur-en-magasin----H---F-CDI-20H_R-87735-1,Posted Today,2026-07-13,2026-07-13T10:16:58+00:00,2026-07-13 03:16 Mon,,false,,,,false,workday:Nike:/job/Romans-sur-Isre-France/Athlete-Nike--Vendeur-en-magasin----H---F-CDI-20H_R-87735-1
Nike:/job/Angers-France/Athlete-Nike--Vendeur-en-magasin----H---F-CDI-24h_R-88939,Nike,Athlete Nike (Vendeur en magasin) – H / F CDI 24h,"Angers, France",,https://nike.wd1.myworkdayjobs.com/en-US/nke/job/Angers-France/Athlete-Nike--Vendeur-en-magasin----H---F-CDI-24h_R-88939,Posted Today,2026-08-26,2026-08-07T09:18:32+00:00,2026-08-07 02:18 Fri,,false,,,,false,workday:Nike:/job/Angers-France/Athlete-Nike--Vendeur-en-magasin----H---F-CDI-24h_R-88939
Nike:/job/Mulhouse-France/Athlete-Nike--Vendeur-en-magasin----H---F-CDI-25h_R-87496,Nike,Athlete Nike (Vendeur en magasin) – H / F CDI 25h,"Mulhouse, France",,https://nike.wd1.myworkdayjobs.com/en-US/nke/job/Mulhouse-France/Athlete-Nike--Vendeur-en-magasin----H---F-CDI-25h_R-87496,Posted 3 Days Ago,2026-07-09,2026-07-12T07:45:02+00:00,2026-07-12 00:45 Sun,,false,,,,false,workday:Nike:/job/Mulhouse-France/Athlete-Nike--Vendeur-en-magasin----H---F-CDI-25h_R-87496
Nike:/job/Claira-France/Athlete-Nike--Vendeur-en-magasin----H---F-CDI-25h_R-91453,Nike,Athlete Nike (Vendeur en magasin) – H / F CDI 25h,"Claira, France",,https://nike.wd1.myworkdayjobs.com/en-US/nke/job/Claira-France/Athlete-Nike--Vendeur-en-magasin----H---F-CDI-25h_R-91453,Posted Today,2026-09-04,2026-09-04T14:16:49+00:00,2026-09-04 07:16 Fri,,false,,,,false,workday:Nike:/job/Claira-France/Athlete-Nike--Vendeur-en-magasin----H---F-CDI-25h_R-91453
Nike:/job/Vaulx-en-Velin-France/Athlete-Nike--Vendeur-en-magasin----H---F-CDI-30h_R-89103,Nike,Athlete Nike (Vendeur en magasin) – H / F CDI 30h,"Vaulx en Velin, France",,https://nike.wd1.myworkdayjobs.com/en-US/nke/job/Vaulx-en-Velin-France/Athlete-Nike--Vendeur-en-magasin----H---F-CDI-30h_R-89103,Posted 4 Days Ago,2026-07-26,2026-07-30T16:15:58+00:00,2026-07-30 09:15 Thu,,false,,,,false,workday:Nike:/job/Vaulx-en-Velin-France/Athlete-Nike--Vendeur-en-magasin----H---F-CDI-30h_R-89103
Nike:/job/Merignac-France/Athlete-Nike--Vendeur-en-magasin----H---F-CDI-30h_R-89818,Nike,Athlete Nike (Vendeur en magasin) – H / F CDI 30h,"Merignac, France",,https://nike.wd1.myworkdayjobs.com/en-US/nke/job/Merignac-France/Athlete-Nike--Vendeur-en-magasin----H---F-CDI-30h_R-89818,Posted Today,2026-08-17,2026-08-17T08:59:20+00:00,2026-08-17 01:59 Mon,,false,,,,false,workday:Nike:/job/Merignac-France/Athlete-Nike--Vendeur-en-magasin----H---F-CDI-30h_R-89818
Nike:/job/Vaulx-en-Velin-France/Athlete-Nike--Vendeur-en-magasin----H---F-CDI-30h_R-91104,Nike,Athlete Nike (Vendeur en magasin) – H / F CDI 30h,"Vaulx en Velin, France",,https://nike.wd1.myworkdayjobs.com/en-US/nke/job/Vaulx-en-Velin-France/Athlete-Nike--Vendeur-en-magasin----H---F-CDI-30h_R-91104,Posted Today,2026-09-01,2026-08-31T16:00:11+00:00,2026-08-31 09:00 Mon,,false,,,,false,workday:Nike:/job/Vaulx-en-Velin-France/Athlete-Nike--Vendeur-en-magasin----H---F-CDI-30h_R-91104
Nike:/job/Mulhouse-France/Athlete-Nike--Vendeur-en-magasin----H---F-CDI-30h-Stockiste_R-90089,Nike,Athlete Nike (Vendeur en magasin) – H / F CDI 30h Stockiste,"Mulhouse, France",,https://nike.wd1.myworkdayjobs.com/en-US/nke/job/Mulhouse-France/Athlete-Nike--Vendeur-en-magasin----H---F-CDI-30h-Stockiste_R-90089,Posted Today,2026-08-17,2026-08-17T07:41:08+00:00,2026-08-17 00:41 Mon,,false,,,,false,workday:Nike:/job/Mulhouse-France/Athlete-Nike--Vendeur-en-magasin----H---F-CDI-30h-Stockiste_R-90089
Nike:/job/Roppenheim-France/Athlete-Nike--Vendeur-en-magasin----H---F-CDI-35h_R-90927,Nike,Athlete Nike (Vendeur en magasin) – H / F CDI 35h,"Roppenheim, France",,https://nike.wd1.myworkdayjobs.com/en-US/nke/job/Roppenheim-France/Athlete-Nike--Vendeur-en-magasin----H---F-CDI-35h_R-90927,Posted Yesterday,2026-08-28,2026-08-27T12:41:37+00:00,2026-08-27 05:41 Thu,,false,,,,false,workday:Nike:/job/Roppenheim-France/Athlete-Nike--Vendeur-en-magasin----H---F-CDI-35h_R-90927
Nike:/job/Angers-France/Athlete-Nike--Vendeur-en-magasin----H---F-CDI-8H_R-88934,Nike,Athlete Nike (Vendeur en magasin) – H / F CDI 8H,"Angers, France",,https://nike.wd1.myworkdayjobs.com/en-US/nke/job/Angers-France/Athlete-Nike--Vendeur-en-magasin----H---F-CDI-8H_R-88934,Posted Today,2026-08-07,2026-08-07T09:18:32+00:00,2026-08-07 02:18 Fri,,false,,,,false,workday:Nike:/job/Angers-France/Athlete-Nike--Vendeur-en-magasin----H---F-CDI-8H_R-88934
Nike:/job/Claira-France/Athlete-Nike--Vendeur-en-magasin----H---F-CDI-8h_R-89810,Nike,Athlete Nike (Vendeur en magasin) – H / F CDI 8h,"Claira, France",,https://nike.wd1.myworkdayjobs.com/en-US/nke/job/Claira-France/Athlete-Nike--Vendeur-en-magasin----H---F-CDI-8h_R-89810,Posted Today,2026-08-17,2026-08-17T06:41:17+00:00,2026-08-16 23:41 Sun,,false,,,,false,workday:Nike:/job/Claira-France/Athlete-Nike--Vendeur-en-magasin----H---F-CDI-8h_R-89810
Nike:/job/Mulhouse-France/Athlete-Nike--Vendeur-en-magasin----H---F-CDI-8h_R-90088,Nike,Athlete Nike (Vendeur en magasin) – H / F CDI 8h,"Mulhouse, France",,https://nike.wd1.myworkdayjobs.com/en-US/nke/job/Mulhouse-France/Athlete-Nike--Vendeur-en-magasin----H---F-CDI-8h_R-90088,Posted Today,2026-08-17,2026-08-17T07:41:08+00:00,2026-08-17 00:41 Mon,,false,,,,false,workday:Nike:/job/Mulhouse-France/Athlete-Nike--Vendeur-en-magasin----H---F-CDI-8h_R-90088
Nike:/job/Miramas-France/Athlete-Nike--Vendeur-en-magasin----H---F-CDI-8h_R-90068,Nike,Athlete Nike (Vendeur en magasin) – H / F CDI 8h,"Miramas, France",,https://nike.wd1.myworkdayjobs.com/en-US/nke/job/Miramas-France/Athlete-Nike--Vendeur-en-magasin----H---F-CDI-8h_R-90068,Posted Today,2026-08-17,2026-08-17T07:59:13+00:00,2026-08-17 00:59 Mon,,false,,,,false,workday:Nike:/job/Miramas-France/Athlete-Nike--Vendeur-en-magasin----H---F-CDI-8h_R-90068
Nike:/job/Plaisir-France/Athlete-Nike--Vendeur-en-magasin----H---F---CDD-18h_R-91185,Nike,Athlete Nike (Vendeur en magasin) – H / F – CDD 18h,"Plaisir, France",,https://nike.wd1.myworkdayjobs.com/en-US/nke/job/Plaisir-France/Athlete-Nike--Vendeur-en-magasin----H---F---CDD-18h_R-91185,Posted Yesterday,2026-09-03,2026-09-02T08:17:35+00:00,2026-09-02 01:17 Wed,,false,,,,false,workday:Nike:/job/Plaisir-France/Athlete-Nike--Vendeur-en-magasin----H---F---CDD-18h_R-91185
Nike:/job/Plaisir-France/Athlete-Nike--Vendeur-en-magasin----H---F---CDD-35h_R-91189-1,Nike,Athlete Nike (Vendeur en magasin) – H / F – CDD 35h,"Plaisir, France",,https://nike.wd1.myworkdayjobs.com/en-US/nke/job/Plaisir-France/Athlete-Nike--Vendeur-en-magasin----H---F---CDD-35h_R-91189-1,Posted Yesterday,2026-09-03,2026-09-02T08:17:35+00:00,2026-09-02 01:17 Wed,,false,,,,false,workday:Nike:/job/Plaisir-France/Athlete-Nike--Vendeur-en-magasin----H---F---CDD-35h_R-91189-1
Nike:/job/Herblay-France/Athlete-Nike--Vendeur-en-magasin----H---F---CDD-35H-CDD_R-90374,Nike,Athlete Nike (Vendeur en magasin) – H / F – CDD 35H CDD,"Herblay, France",,https://nike.wd1.myworkdayjobs.com/en-US/nke/job/Herblay-France/Athlete-Nike--Vendeur-en-magasin----H---F---CDD-35H-CDD_R-90374,Posted 3 Days Ago,2026-08-22,2026-08-21T11:40:44+00:00,2026-08-21 04:40 Fri,,false,,,,false,workday:Nike:/job/Herblay-France/Athlete-Nike--Vendeur-en-magasin----H---F---CDD-35H-CDD_R-90374
Nike:/job/Herblay-France/Athlete-Nike--Vendeur-en-magasin----H---F---CDD-8H_R-90375,Nike,Athlete Nike (Vendeur en magasin) – H / F – CDD 8H,"Herblay, France",,https://nike.wd1.myworkdayjobs.com/en-US/nke/job/Herblay-France/Athlete-Nike--Vendeur-en-magasin----H---F---CDD-8H_R-90375,Posted 3 Days Ago,2026-08-22,2026-08-21T11:40:44+00:00,2026-08-21 04:40 Fri,,false,,,,false,workday:Nike:/job/Herblay-France/Athlete-Nike--Vendeur-en-magasin----H---F---CDD-8H_R-90375
Nike:/job/St-Maximin-France/Athlete-Nike--Vendeur-en-magasin----H---F---CDI-25h_R-91287,Nike,Athlete Nike (Vendeur en magasin) – H / F – CDI 25h,"St. Maximin, France",,https://nike.wd1.myworkdayjobs.com/en-US/nke/job/St-Maximin-France/Athlete-Nike--Vendeur-en-magasin----H---F---CDI-25h_R-91287,Posted Today,2026-09-04,2026-09-03T08:17:28+00:00,2026-09-03 01:17 Thu,,false,,,,false,workday:Nike:/job/St-Maximin-France/Athlete-Nike--Vendeur-en-magasin----H---F---CDI-25h_R-91287
Nike:/job/Claye-Souilly-France/Athlete-Nike--Vendeur-en-magasin----H---F--CDD-35h-_R-90686,Nike,Athlete Nike (Vendeur en magasin) – H / F –CDD 35h ,"Claye Souilly, France",,https://nike.wd1.myworkdayjobs.com/en-US/nke/job/Claye-Souilly-France/Athlete-Nike--Vendeur-en-magasin----H---F--CDD-35h-_R-90686,Posted Yesterday,2026-08-27,2026-08-26T10:17:40+00:00,2026-08-26 03:17 Wed,,false,,,,false,workday:Nike:/job/Claye-Souilly-France/Athlete-Nike--Vendeur-en-magasin----H---F--CDD-35h-_R-90686
Nike:/job/Miramas-France/Athlete-Nike--Vendeur-en-magasin----H-F---CDD-30h_R-90065,Nike,Athlete Nike (Vendeur en magasin) – H/F – CDD 30h,"Miramas, France",,https://nike.wd1.myworkdayjobs.com/en-US/nke/job/Miramas-France/Athlete-Nike--Vendeur-en-magasin----H-F---CDD-30h_R-90065,Posted Yesterday,2026-08-27,2026-08-17T07:41:08+00:00,2026-08-17 00:41 Mon,,false,,,,false,workday:Nike:/job/Miramas-France/Athlete-Nike--Vendeur-en-magasin----H-F---CDD-30h_R-90065
Nike:/job/Miramas-France/Athlete-Nike--Vendeur-en-magasin----H-F---CDD-35h_R-89467,Nike,Athlete Nike (Vendeur en magasin) – H/F – CDD 35h,"Miramas, France",,https://nike.wd1.myworkdayjobs.com/en-US/nke/job/Miramas-France/Athlete-Nike--Vendeur-en-magasin----H-F---CDD-35h_R-89467,Posted Today,2026-08-05,2026-08-05T13:17:40+00:00,2026-08-05 06:17 Wed,,false,,,,false,workday:Nike:/job/Miramas-France/Athlete-Nike--Vendeur-en-magasin----H-F---CDD-35h_R-89467
Nike:/job/Begles-France/Athlete-Nike--Vendeurse-en-magasin----H---F-CDD-25h_R-89913,Nike,Athlete Nike (Vendeur.se en magasin) – H / F CDD 25h,"Begles, France",,https://nike.wd1.myworkdayjobs.com/en-US/nke/job/Begles-France/Athlete-Nike--Vendeurse-en-magasin----H---F-CDD-25h_R-89913,Posted Today,2026-08-12,2026-08-12T10:17:14+00:00,2026-08-12 03:17 Wed,,false,,,,false,workday:Nike:/job/Begles-France/Athlete-Nike--Vendeurse-en-magasin----H---F-CDD-25h_R-89913
Nike:/job/St-Maximin-France/Athlete-Nike--Vendeurse-en-magasin----H---F-CDD-35h_R-89703,Nike,Athlete Nike (Vendeur.se en magasin) – H / F CDD 35h,"St. Maximin, France",,https://nike.wd1.myworkdayjobs.com/en-US/nke/job/St-Maximin-France/Athlete-Nike--Vendeurse-en-magasin----H---F-CDD-35h_R-89703,Posted Today,2026-08-10,2026-08-10T12:41:26+00:00,2026-08-10 05:41 Mon,,false,,,,false,workday:Nike:/job/St-Maximin-France/Athlete-Nike--Vendeurse-en-magasin----H---F-CDD-35h_R-89703
Nike:/job/Puteaux-France/Athlete-Nike--Vendeurse-en-magasin----H---F-CDD-35hh_R-88550,Nike,Athlete Nike (Vendeur.se en magasin) – H / F CDD 35hh,"Puteaux, France",,https://nike.wd1.myworkdayjobs.com/en-US/nke/job/Puteaux-France/Athlete-Nike--Vendeurse-en-magasin----H---F-CDD-35hh_R-88550,Posted Today,2026-07-22,2026-07-22T14:41:50+00:00,2026-07-22 07:41 Wed,,false,,,,false,workday:Nike:/job/Puteaux-France/Athlete-Nike--Vendeurse-en-magasin----H---F-CDD-35hh_R-88550
Nike:/job/Nailloux-France/Athlete-Nike--Vendeurse-en-magasin----H---F-CDI-15h_R-90976,Nike,Athlete Nike (Vendeur.se en magasin) – H / F CDI 15h,"Nailloux, France",,https://nike.wd1.myworkdayjobs.com/en-US/nke/job/Nailloux-France/Athlete-Nike--Vendeurse-en-magasin----H---F-CDI-15h_R-90976,Posted Today,2026-09-01,2026-08-31T13:59:35+00:00,2026-08-31 06:59 Mon,,false,,,,false,workday:Nike:/job/Nailloux-France/Athlete-Nike--Vendeurse-en-magasin----H---F-CDI-15h_R-90976
Nike:/job/Vedene-France/Athlete-Nike--Vendeurse-en-magasin----H---F-CDI-20H_R-89366,Nike,Athlete Nike (Vendeur.se en magasin) – H / F CDI 20H,"Vedene, France",,https://nike.wd1.myworkdayjobs.com/en-US/nke/job/Vedene-France/Athlete-Nike--Vendeurse-en-magasin----H---F-CDI-20H_R-89366,Posted Today,2026-08-06,2026-08-06T13:17:51+00:00,2026-08-06 06:17 Thu,,false,,,,false,workday:Nike:/job/Vedene-France/Athlete-Nike--Vendeurse-en-magasin----H---F-CDI-20H_R-89366
Nike:/job/Vedene-France/Athlete-Nike--Vendeurse-en-magasin----H---F-CDI-24h_R-89205-1,Nike,Athlete Nike (Vendeur.se en magasin) – H / F CDI 24h,"Vedene, France",,https://nike.wd1.myworkdayjobs.com/en-US/nke/job/Vedene-France/Athlete-Nike--Vendeurse-en-magasin----H---F-CDI-24h_R-89205-1,Posted Today,2026-08-03,2026-08-03T07:41:47+00:00,2026-08-03 00:41 Mon,,false,,,,false,workday:Nike:/job/Vedene-France/Athlete-Nike--Vendeurse-en-magasin----H---F-CDI-24h_R-89205-1
Nike:/job/Sainte-Genevieve-Des-Bois-France/Athlete-Nike--Vendeurse-en-magasin----H---F-CDI-25h_R-88070,Nike,Athlete Nike (Vendeur.se en magasin) – H / F CDI 25h,"Sainte-Genevieve-Des-Bois, France",,https://nike.wd1.myworkdayjobs.com/en-US/nke/job/Sainte-Genevieve-Des-Bois-France/Athlete-Nike--Vendeurse-en-magasin----H---F-CDI-25h_R-88070,Posted Today,2026-07-16,2026-07-16T13:41:30+00:00,2026-07-16 06:41 Thu,,false,,,,false,workday:Nike:/job/Sainte-Genevieve-Des-Bois-France/Athlete-Nike--Vendeurse-en-magasin----H---F-CDI-25h_R-88070
Nike:/job/St-Maximin-France/Athlete-Nike--Vendeurse-en-magasin----H---F-CDI-35h_R-89701,Nike,Athlete Nike (Vendeur.se en magasin) – H / F CDI 25h,"St. Maximin, France",,https://nike.wd1.myworkdayjobs.com/en-US/nke/job/St-Maximin-France/Athlete-Nike--Vendeurse-en-magasin----H---F-CDI-35h_R-89701,Posted Today,2026-08-10,2026-08-10T14:41:58+00:00,2026-08-10 07:41 Mon,,false,,,,false,workday:Nike:/job/St-Maximin-France/Athlete-Nike--Vendeurse-en-magasin----H---F-CDI-35h_R-89701
Nike:/job/Villefontaine-France/Athlete-Nike--Vendeurse-en-magasin----H---F-CDI-30h_R-89613,Nike,Athlete Nike (Vendeur.se en magasin) – H / F CDI 30h,"Villefontaine, France",,https://nike.wd1.myworkdayjobs.com/en-US/nke/job/Villefontaine-France/Athlete-Nike--Vendeurse-en-magasin----H---F-CDI-30h_R-89613,Posted Today,2026-09-04,2026-09-03T14:42:11+00:00,2026-09-03 07:42 Thu,,false,,,,false,workday:Nike:/job/Villefontaine-France/Athlete-Nike--Vendeurse-en-magasin----H---F-CDI-30h_R-89613
Nike:/job/Nailloux-France/Athlete-Nike--Vendeurse-en-magasin----H---F-CDI-8h_R-89804,Nike,Athlete Nike (Vendeur.se en magasin) – H / F CDI 8h,"Nailloux, France",,https://nike.wd1.myworkdayjobs.com/en-US/nke/job/Nailloux-France/Athlete-Nike--Vendeurse-en-magasin----H---F-CDI-8h_R-89804,Posted Today,2026-08-28,2026-08-27T12:17:31+00:00,2026-08-27 05:17 Thu,,false,,,,false,workday:Nike:/job/Nailloux-France/Athlete-Nike--Vendeurse-en-magasin----H---F-CDI-8h_R-89804
Nike:/job/NFS-GENNEVILLIERS/Athlete-Nike--Vendeurse-en-magasin----H---F---CDD-30h_R-87328,Nike,Athlete Nike (Vendeur.se en magasin) – H / F – CDD 30h,NFS GENNEVILLIERS,,https://nike.wd1.myworkdayjobs.com/en-US/nke/job/NFS-GENNEVILLIERS/Athlete-Nike--Vendeurse-en-magasin----H---F---CDD-30h_R-87328,Posted Today,2026-07-16,2026-07-16T09:17:09+00:00,2026-07-16 02:17 Thu,,false,,,,false,workday:Nike:/job/NFS-GENNEVILLIERS/Athlete-Nike--Vendeurse-en-magasin----H---F---CDD-30h_R-87328
Nike:/job/Paris-France/Athlete-Nike--Vendeurse-en-magasin----H---F---CDI-25H--NIKE-FORUM-LES-HALLES_R-90542,Nike,Athlete Nike (Vendeur.se en magasin) – H / F – CDI 25H- NIKE FORUM LES HALLES,"Paris, France",,https://nike.wd1.myworkdayjobs.com/en-US/nke/job/Paris-France/Athlete-Nike--Vendeurse-en-magasin----H---F---CDI-25H--NIKE-FORUM-LES-HALLES_R-90542,Posted Yesterday,2026-08-25,2026-08-24T15:56:32+00:00,2026-08-24 08:56 Mon,,false,,,,false,workday:Nike:/job/Paris-France/Athlete-Nike--Vendeurse-en-magasin----H---F---CDI-25H--NIKE-FORUM-LES-HALLES_R-90542
Nike:/job/Paris-France/Athlete-Nike--Vendeurse-en-magasin----H---F---CDI-8h--30h---House-of-Innovation-Paris_R-89988,Nike,Athlete Nike (Vendeur.se en magasin) – H / F – CDI 8h à 30h – House of Innovation Paris,"Paris, France",,https://nike.wd1.myworkdayjobs.com/en-US/nke/job/Paris-France/Athlete-Nike--Vendeurse-en-magasin----H---F---CDI-8h--30h---House-of-Innovation-Paris_R-89988,Posted Today,2026-08-13,2026-08-13T15:41:24+00:00,2026-08-13 08:41 Thu,,false,,,,false,workday:Nike:/job/Paris-France/Athlete-Nike--Vendeurse-en-magasin----H---F---CDI-8h--30h---House-of-Innovation-Paris_R-89988
Nike:/job/Sainte-Genevieve-Des-Bois-France/Athlete-Nike--Vendeur-euse-en-magasin----H-F-25H-CDD_R-89472,Nike,Athlete Nike (Vendeur/euse en magasin) - H/F 25H CDD,"Sainte-Genevieve-Des-Bois, France",,https://nike.wd1.myworkdayjobs.com/en-US/nke/job/Sainte-Genevieve-Des-Bois-France/Athlete-Nike--Vendeur-euse-en-magasin----H-F-25H-CDD_R-89472,Posted Today,2026-08-05,2026-08-05T14:17:51+00:00,2026-08-05 07:17 Wed,,false,,,,false,workday:Nike:/job/Sainte-Genevieve-Des-Bois-France/Athlete-Nike--Vendeur-euse-en-magasin----H-F-25H-CDD_R-89472
Nike:/job/Paris-France/Athlete-Nike--Vendeur-euse-en-magasin----H---F-CDD-25h_R-89484,Nike,Athlete Nike (Vendeur/euse en magasin) – H / F CDD 25h,"Paris, France",,https://nike.wd1.myworkdayjobs.com/en-US/nke/job/Paris-France/Athlete-Nike--Vendeur-euse-en-magasin----H---F-CDD-25h_R-89484,Posted Today,2026-09-02,2026-08-06T09:41:27+00:00,2026-08-06 02:41 Thu,,false,,,,false,workday:Nike:/job/Paris-France/Athlete-Nike--Vendeur-euse-en-magasin----H---F-CDD-25h_R-89484
Nike:/job/Paris-France/Athlete-Nike--Vendeur-euse-en-magasin----H---F-CDD-25h_R-89483,Nike,Athlete Nike (Vendeur/euse en magasin) – H / F CDD 25h,"Paris, France",,https://nike.wd1.myworkdayjobs.com/en-US/nke/job/Paris-France/Athlete-Nike--Vendeur-euse-en-magasin----H---F-CDD-25h_R-89483,Posted Today,2026-09-02,2026-09-01T12:18:14+00:00,2026-09-01 05:18 Tue,,false,,,,false,workday:Nike:/job/Paris-France/Athlete-Nike--Vendeur-euse-en-magasin----H---F-CDD-25h_R-89483
Nike:/job/Puteaux-France/Athlete-Nike--Vendeur-euse-en-magasin----H---F-CDD-35h_R-88728,Nike,Athlete Nike (Vendeur/euse en magasin) – H / F CDD 35h,"Puteaux, France",,https://nike.wd1.myworkdayjobs.com/en-US/nke/job/Puteaux-France/Athlete-Nike--Vendeur-euse-en-magasin----H---F-CDD-35h_R-88728,Posted Today,2026-07-24,2026-07-24T14:41:30+00:00,2026-07-24 07:41 Fri,,false,,,,false,workday:Nike:/job/Puteaux-France/Athlete-Nike--Vendeur-euse-en-magasin----H---F-CDD-35h_R-88728
Nike:/job/Villefontaine-France/Athlete-Nike-Stockiste--Vendeur----H---F-CDI-30h_R-83195,Nike,Athlete Nike Stockiste (Vendeur) – H / F CDI 30h,"Villefontaine, France",,https://nike.wd1.myworkdayjobs.com/en-US/nke/job/Villefontaine-France/Athlete-Nike-Stockiste--Vendeur----H---F-CDI-30h_R-83195,Posted Today,2026-07-17,2026-07-17T07:59:06+00:00,2026-07-17 00:59 Fri,,false,,,,false,workday:Nike:/job/Villefontaine-France/Athlete-Nike-Stockiste--Vendeur----H---F-CDI-30h_R-83195
Nike:/job/Honfleur-France/Athlete-Stockiste-Nike--Employ-de-rserve----H---F---CDI-25H_R-90934,Nike,Athlete Stockiste Nike (Employé de réserve) – H / F - CDI 25H,"Honfleur, France",,https://nike.wd1.myworkdayjobs.com/en-US/nke/job/Honfleur-France/Athlete-Stockiste-Nike--Employ-de-rserve----H---F---CDI-25H_R-90934,Posted Today,2026-09-01,2026-08-31T16:17:55+00:00,2026-08-31 09:17 Mon,,false,,,,false,workday:Nike:/job/Honfleur-France/Athlete-Stockiste-Nike--Employ-de-rserve----H---F---CDI-25H_R-90934
Nike:/job/Talange-France/Athlete-Stockiste-Nike--Vendeurse-en-magasin----H---F-CDI-25h_R-89651,Nike,Athlete Stockiste Nike (Vendeur.se en magasin) – H / F CDI 25h,"Talange, France",,https://nike.wd1.myworkdayjobs.com/en-US/nke/job/Talange-France/Athlete-Stockiste-Nike--Vendeurse-en-magasin----H---F-CDI-25h_R-89651,Posted Today,2026-08-11,2026-08-11T10:17:20+00:00,2026-08-11 03:17 Tue,,false,,,,false,workday:Nike:/job/Talange-France/Athlete-Stockiste-Nike--Vendeurse-en-magasin----H---F-CDI-25h_R-89651
Nike:/job/Paris-France/Athlete-Stockiste-Nike--Vendeur-euse-en-magasin----H---F-CDD-35h_R-89473,Nike,Athlete Stockiste Nike (Vendeur/euse en magasin) – H / F CDD 35h,"Paris, France",,https://nike.wd1.myworkdayjobs.com/en-US/nke/job/Paris-France/Athlete-Stockiste-Nike--Vendeur-euse-en-magasin----H---F-CDD-35h_R-89473,Posted Today,2026-08-05,2026-08-05T14:59:44+00:00,2026-08-05 07:59 Wed,,false,,,,false,workday:Nike:/job/Paris-France/Athlete-Stockiste-Nike--Vendeur-euse-en-magasin----H---F-CDD-35h_R-89473
Nike:/job/Paris-France/Athlete-Stockiste-Nike---H---F---CDI-21h--NIKE-STORE-FORUM-LES-HALLES_R-90465,Nike,Athlete Stockiste Nike – H / F - CDI 21h -NIKE STORE FORUM LES HALLES,"Paris, France",,https://nike.wd1.myworkdayjobs.com/en-US/nke/job/Paris-France/Athlete-Stockiste-Nike---H---F---CDI-21h--NIKE-STORE-FORUM-LES-HALLES_R-90465,Posted Today,2026-08-25,2026-08-24T08:28:18+00:00,2026-08-24 01:28 Mon,,false,,,,false,workday:Nike:/job/Paris-France/Athlete-Stockiste-Nike---H---F---CDI-21h--NIKE-STORE-FORUM-LES-HALLES_R-90465
Nike:/job/Paris-France/Athlete-Stockiste-Nike---H---F---CDI-8h--25h---House-of-Innovation-Paris_R-89985,Nike,Athlete Stockiste Nike – H / F – CDI 8h à 25h – House of Innovation Paris,"Paris, France",,https://nike.wd1.myworkdayjobs.com/en-US/nke/job/Paris-France/Athlete-Stockiste-Nike---H---F---CDI-8h--25h---House-of-Innovation-Paris_R-89985,Posted Today,2026-08-13,2026-08-13T15:41:24+00:00,2026-08-13 08:41 Thu,,false,,,,false,workday:Nike:/job/Paris-France/Athlete-Stockiste-Nike---H---F---CDI-8h--25h---House-of-Innovation-Paris_R-89985
Nike:/job/Changsha-China-Mainland/Athlete--_R-89949,Nike,Athlete Ⅲ,"Changsha, China Mainland",,https://nike.wd1.myworkdayjobs.com/en-US/nke/job/Changsha-China-Mainland/Athlete--_R-89949,Posted Today,2026-08-17,2026-08-17T02:41:34+00:00,2026-08-16 19:41 Sun,,false,,,,false,workday:Nike:/job/Changsha-China-Mainland/Athlete--_R-89949
Nike:/job/San-Luis-Potosi-Mexico/Athlete---Asesora-de-Venta-FT-40H-Tiempo-Completo-TEMPORAL---NFS-San-Luis-Potos_R-91022,Nike,Athlete / Asesor.a de Venta FT 40H Tiempo Completo TEMPORAL – NFS San Luis Potosí,"San Luis Potosi, Mexico",,https://nike.wd1.myworkdayjobs.com/en-US/nke/job/San-Luis-Potosi-Mexico/Athlete---Asesora-de-Venta-FT-40H-Tiempo-Completo-TEMPORAL---NFS-San-Luis-Potos_R-91022,Posted Yesterday,2026-09-01,2026-08-31T21:59:46+00:00,2026-08-31 14:59 Mon,,false,,,,false,workday:Nike:/job/San-Luis-Potosi-Mexico/Athlete---Asesora-de-Venta-FT-40H-Tiempo-Completo-TEMPORAL---NFS-San-Luis-Potos_R-91022
Nike:/job/Queretaro-Mexico/Athlete---Asesora-de-Venta-FT-40H-Tiempo-Completo-TEMPORAL---NFS-MX-Quertaro---_R-90991,Nike,Athlete / Asesor.a de Venta FT 40H Tiempo Completo TEMPORAL – NFS MX Querétaro   ,"Queretaro, Mexico",,https://nike.wd1.myworkdayjobs.com/en-US/nke/job/Queretaro-Mexico/Athlete---Asesora-de-Venta-FT-40H-Tiempo-Completo-TEMPORAL---NFS-MX-Quertaro---_R-90991,Posted Yesterday,2026-09-01,2026-08-31T22:59:16+00:00,2026-08-31 15:59 Mon,,false,,,,false,workday:Nike:/job/Queretaro-Mexico/Athlete---Asesora-de-Venta-FT-40H-Tiempo-Completo-TEMPORAL---NFS-MX-Quertaro---_R-90991
Nike:/job/Aguascalientes-Mexico/Athlete---Asesora-de-Venta-FT-40H-Tiempo-Completo----NFS-MX-Aguascalientes----_R-88488,Nike,Athlete / Asesor.a de Venta FT 40H Tiempo Completo  – NFS MX Aguascalientes    ,"Aguascalientes, Mexico",,https://nike.wd1.myworkdayjobs.com/en-US/nke/job/Aguascalientes-Mexico/Athlete---Asesora-de-Venta-FT-40H-Tiempo-Completo----NFS-MX-Aguascalientes----_R-88488,Posted Today,2026-07-21,2026-07-21T19:59:32+00:00,2026-07-21 12:59 Tue,,false,,,,false,workday:Nike:/job/Aguascalientes-Mexico/Athlete---Asesora-de-Venta-FT-40H-Tiempo-Completo----NFS-MX-Aguascalientes----_R-88488
Nike:/job/Cancn-Mexico/Athlete---Asesora-de-Venta-FT-40H-Tiempo-Completo----NFS-MX-Cancn--_R-89674,Nike,Athlete / Asesor.a de Venta FT 40H Tiempo Completo  – NFS MX Cancún  ,"Cancún, Mexico",,https://nike.wd1.myworkdayjobs.com/en-US/nke/job/Cancn-Mexico/Athlete---Asesora-de-Venta-FT-40H-Tiempo-Completo----NFS-MX-Cancn--_R-89674,Posted Yesterday,2026-08-26,2026-08-25T21:46:47+00:00,2026-08-25 14:46 Tue,,false,,,,false,workday:Nike:/job/Cancn-Mexico/Athlete---Asesora-de-Venta-FT-40H-Tiempo-Completo----NFS-MX-Cancn--_R-89674
Nike:/job/NFS-US-FORUM-CUERNAVACA/Athlete---Asesora-de-Venta-FT-40H-Tiempo-Completo---NFS-MX-Forum_R-87857,Nike,Athlete / Asesor.a de Venta FT 40H Tiempo Completo – NFS MX Forum,NFS US FORUM CUERNAVACA,,https://nike.wd1.myworkdayjobs.com/en-US/nke/job/NFS-US-FORUM-CUERNAVACA/Athlete---Asesora-de-Venta-FT-40H-Tiempo-Completo---NFS-MX-Forum_R-87857,Posted Today,2026-08-04,2026-08-04T20:42:04+00:00,2026-08-04 13:42 Tue,,false,,,,false,workday:Nike:/job/NFS-US-FORUM-CUERNAVACA/Athlete---Asesora-de-Venta-FT-40H-Tiempo-Completo---NFS-MX-Forum_R-87857
Nike:/job/Quetigny-France/Athlte-Nike--Vendeur-en-magasin----H---F-CDI-10Hh_R-88951,Nike,Athlète Nike (Vendeur en magasin) - H / F CDI 10Hh,"Quetigny, France",,https://nike.wd1.myworkdayjobs.com/en-US/nke/job/Quetigny-France/Athlte-Nike--Vendeur-en-magasin----H---F-CDI-10Hh_R-88951,Posted Today,2026-08-20,2026-08-20T13:10:56+00:00,2026-08-20 06:10 Thu,,false,,,,false,workday:Nike:/job/Quetigny-France/Athlte-Nike--Vendeur-en-magasin----H---F-CDI-10Hh_R-88951
Nike:/job/Villeneuve---Loubet-France/Athlte-Nike--Vendeur-en-magasin----H---F-CDI-15h_R-87804,Nike,Athlète Nike (Vendeur en magasin) - H / F CDI 15h,"Villeneuve - Loubet, France",,https://nike.wd1.myworkdayjobs.com/en-US/nke/job/Villeneuve---Loubet-France/Athlte-Nike--Vendeur-en-magasin----H---F-CDI-15h_R-87804,Posted Today,2026-07-15,2026-07-15T14:17:27+00:00,2026-07-15 07:17 Wed,,false,,,,false,workday:Nike:/job/Villeneuve---Loubet-France/Athlte-Nike--Vendeur-en-magasin----H---F-CDI-15h_R-87804
Nike:/job/Nailloux-France/Athlte-Nike--Vendeur-en-magasin----H---F-CDI-15H_R-83087,Nike,Athlète Nike (Vendeur en magasin) - H / F CDI 15H,"Nailloux, France",,https://nike.wd1.myworkdayjobs.com/en-US/nke/job/Nailloux-France/Athlte-Nike--Vendeur-en-magasin----H---F-CDI-15H_R-83087,Posted 30+ Days Ago,2026-07-19,2026-08-18T12:10:51+00:00,2026-08-18 05:10 Tue,,false,,,,false,workday:Nike:/job/Nailloux-France/Athlte-Nike--Vendeur-en-magasin----H---F-CDI-15H_R-83087
Nike:/job/Nailloux-France/Athlte-Nike--Vendeur-en-magasin----H---F-CDI-8H_R-83081,Nike,Athlète Nike (Vendeur en magasin) - H / F CDI 8H,"Nailloux, France",,https://nike.wd1.myworkdayjobs.com/en-US/nke/job/Nailloux-France/Athlte-Nike--Vendeur-en-magasin----H---F-CDI-8H_R-83081,Posted 30+ Days Ago,2026-07-19,2026-08-18T12:10:51+00:00,2026-08-18 05:10 Tue,,false,,,,false,workday:Nike:/job/Nailloux-France/Athlte-Nike--Vendeur-en-magasin----H---F-CDI-8H_R-83081
Nike:/job/Villeneuve---Loubet-France/Athlte-NIKE--Vendeur-en-Magasin----H-F-CDI-25H_R-82452,Nike,Athlète NIKE (Vendeur en Magasin) - H/F CDI 25H,"Villeneuve - Loubet, France",,https://nike.wd1.myworkdayjobs.com/en-US/nke/job/Villeneuve---Loubet-France/Athlte-NIKE--Vendeur-en-Magasin----H-F-CDI-25H_R-82452,Posted 30+ Days Ago,2026-07-19,2026-08-18T12:10:51+00:00,2026-08-18 05:10 Tue,,false,,,,false,workday:Nike:/job/Villeneuve---Loubet-France/Athlte-NIKE--Vendeur-en-Magasin----H-F-CDI-25H_R-82452
Nike:/job/Roppenheim-France/Athlte-Nike--Vendeurse-en-magasin----H---F-CDD-35h_R-87249,Nike,Athlète Nike (Vendeur.se en magasin) – H / F CDD 35h,"Roppenheim, France",,https://nike.wd1.myworkdayjobs.com/en-US/nke/job/Roppenheim-France/Athlte-Nike--Vendeurse-en-magasin----H---F-CDD-35h_R-87249,Posted 6 Days Ago,2026-07-06,2026-07-12T07:45:02+00:00,2026-07-12 00:45 Sun,,false,,,,false,workday:Nike:/job/Roppenheim-France/Athlte-Nike--Vendeurse-en-magasin----H---F-CDD-35h_R-87249
Nike:/job/Vedene-France/Athlte-Nike--Vendeurse-en-magasin----H---F-CDI-16H_R-89368,Nike,Athlète Nike (Vendeur.se en magasin) – H / F CDI 16H,"Vedene, France",,https://nike.wd1.myworkdayjobs.com/en-US/nke/job/Vedene-France/Athlte-Nike--Vendeurse-en-magasin----H---F-CDI-16H_R-89368,Posted Today,2026-08-06,2026-08-06T13:17:51+00:00,2026-08-06 06:17 Thu,,false,,,,false,workday:Nike:/job/Vedene-France/Athlte-Nike--Vendeurse-en-magasin----H---F-CDI-16H_R-89368
Nike:/job/Vedene-France/Athlte-Nike--Vendeurse-en-magasin----H---F-CDI-8H_R-89364-1,Nike,Athlète Nike (Vendeur.se en magasin) – H / F CDI 8H,"Vedene, France",,https://nike.wd1.myworkdayjobs.com/en-US/nke/job/Vedene-France/Athlte-Nike--Vendeurse-en-magasin----H---F-CDI-8H_R-89364-1,Posted Today,2026-08-06,2026-08-06T13:17:51+00:00,2026-08-06 06:17 Thu,,false,,,,false,workday:Nike:/job/Vedene-France/Athlte-Nike--Vendeurse-en-magasin----H---F-CDI-8H_R-89364-1
Nike:/job/Douains-France/Athlte-Nike--Vendeurse-en-magasin----H---F---CDI-25H_R-90533,Nike,Athlète Nike (Vendeur.se en magasin) – H / F – CDI 25H,"Douains, France",,https://nike.wd1.myworkdayjobs.com/en-US/nke/job/Douains-France/Athlte-Nike--Vendeurse-en-magasin----H---F---CDI-25H_R-90533,Posted Yesterday,2026-08-25,2026-08-24T14:59:20+00:00,2026-08-24 07:59 Mon,,false,,,,false,workday:Nike:/job/Douains-France/Athlte-Nike--Vendeurse-en-magasin----H---F---CDI-25H_R-90533
Nike:/job/Birmingham-United-Kingdom/Back-Of-House-Assistant--Athlete--PT-20H---Birmingham-Rise_R-88793,Nike,Back Of House Assistant (Athlete) PT 20H - Birmingham Rise,"Birmingham, United Kingdom",,https://nike.wd1.myworkdayjobs.com/en-US/nke/job/Birmingham-United-Kingdom/Back-Of-House-Assistant--Athlete--PT-20H---Birmingham-Rise_R-88793,Posted 6 Days Ago,2026-07-22,2026-07-28T08:41:26+00:00,2026-07-28 01:41 Tue,,false,,,,false,workday:Nike:/job/Birmingham-United-Kingdom/Back-Of-House-Assistant--Athlete--PT-20H---Birmingham-Rise_R-88793
Nike:/job/NFS-BIRMINGHAM-OUTLET/Back-Of-House-Assistant--Athlete----PT-20H---Birmingham-Outlet-Resorts-World_R-88155-1,Nike,Back Of House Assistant (Athlete) – PT 20H – Birmingham Outlet Resorts World,NFS BIRMINGHAM OUTLET,,https://nike.wd1.myworkdayjobs.com/en-US/nke/job/NFS-BIRMINGHAM-OUTLET/Back-Of-House-Assistant--Athlete----PT-20H---Birmingham-Outlet-Resorts-World_R-88155-1,Posted Today,2026-07-22,2026-07-22T13:59:15+00:00,2026-07-22 06:59 Wed,,false,,,,false,workday:Nike:/job/NFS-BIRMINGHAM-OUTLET/Back-Of-House-Assistant--Athlete----PT-20H---Birmingham-Outlet-Resorts-World_R-88155-1
Nike:/job/Beaverton-Oregon/Business-Affairs-Specialist---Jordan-Brand_R-89933,Nike,Business Affairs Specialist – Jordan Brand,"Beaverton, Oregon",,https://nike.wd1.myworkdayjobs.com/en-US/nke/job/Beaverton-Oregon/Business-Affairs-Specialist---Jordan-Brand_R-89933,Posted Today,2026-08-12,2026-08-12T19:41:37+00:00,2026-08-12 12:41 Wed,,false,,,,false,workday:Nike:/job/Beaverton-Oregon/Business-Affairs-Specialist---Jordan-Brand_R-89933
Nike:/job/Memphis-Tennessee/Business-Analyst--Network-Operations_R-86591,Nike,"Business Analyst, Network Operations","Memphis, Tennessee",,https://nike.wd1.myworkdayjobs.com/en-US/nke/job/Memphis-Tennessee/Business-Analyst--Network-Operations_R-86591,Posted Today,2026-07-15,2026-07-15T01:05:40+00:00,2026-07-14 18:05 Tue,,false,,,,false,workday:Nike:/job/Memphis-Tennessee/Business-Analyst--Network-Operations_R-86591
Nike:/job/Beaverton-Oregon/Buyer-II--Footwear-Men-s--Nike-Factory-Stores-NA_R-87943,Nike,"Buyer II, Footwear Men's, Nike Factory Stores NA","Beaverton, Oregon",,https://nike.wd1.myworkdayjobs.com/en-US/nke/job/Beaverton-Oregon/Buyer-II--Footwear-Men-s--Nike-Factory-Stores-NA_R-87943,Posted Today,2026-07-15,2026-07-15T00:41:20+00:00,2026-07-14 17:41 Tue,,false,,,,false,workday:Nike:/job/Beaverton-Oregon/Buyer-II--Footwear-Men-s--Nike-Factory-Stores-NA_R-87943
Nike:/job/NFS-NZ-AUCKLAND-MANAWA-BAY/Full-Time-Athlete--Retail-Associate----Nike--Manawa-Bay--Auckland_R-87403,Nike,"Casual Athlete (Retail Associate) - Nike, Manawa Bay, Auckland",NFS NZ AUCKLAND MANAWA BAY,,https://nike.wd1.myworkdayjobs.com/en-US/nke/job/NFS-NZ-AUCKLAND-MANAWA-BAY/Full-Time-Athlete--Retail-Associate----Nike--Manawa-Bay--Auckland_R-87403,Posted 3 Days Ago,2026-07-09,2026-07-12T07:45:02+00:00,2026-07-12 00:45 Sun,,false,,,,false,workday:Nike:/job/NFS-NZ-AUCKLAND-MANAWA-BAY/Full-Time-Athlete--Retail-Associate----Nike--Manawa-Bay--Auckland_R-87403
Nike:/job/NFS-AU-MELBOURNE-SOUTHWHARF/Casual-Athlete---Retail-Associate----Nike--South-Wharf_R-89013,Nike,"Casual Athlete | Retail Associate  - Nike, South Wharf",NFS AU MELBOURNE SOUTHWHARF,,https://nike.wd1.myworkdayjobs.com/en-US/nke/job/NFS-AU-MELBOURNE-SOUTHWHARF/Casual-Athlete---Retail-Associate----Nike--South-Wharf_R-89013,Posted 5 Days Ago,2026-07-24,2026-07-29T05:59:14+00:00,2026-07-28 22:59 Tue,,false,,,,false,workday:Nike:/job/NFS-AU-MELBOURNE-SOUTHWHARF/Casual-Athlete---Retail-Associate----Nike--South-Wharf_R-89013
Nike:/job/New-South-Wales-Australia/Casual-Athlete--Nike-Birkenhead-Point_R-89517,Nike,"Casual Athlete, Nike Birkenhead Point","New South Wales, Australia",,https://nike.wd1.myworkdayjobs.com/en-US/nke/job/New-South-Wales-Australia/Casual-Athlete--Nike-Birkenhead-Point_R-89517,Posted Today,2026-08-07,2026-08-07T02:41:18+00:00,2026-08-06 19:41 Thu,,false,,,,false,workday:Nike:/job/New-South-Wales-Australia/Casual-Athlete--Nike-Birkenhead-Point_R-89517
Nike:/job/Biggera-Waters-Australia/Casual-Athlete_R-87260,Nike,"Casual Retail Associate I Athlete - Nike, Gold Coast Harbourtown","Biggera Waters, Australia",,https://nike.wd1.myworkdayjobs.com/en-US/nke/job/Biggera-Waters-Australia/Casual-Athlete_R-87260,Posted Today,2026-09-04,2026-07-20T06:59:08+00:00,2026-07-19 23:59 Sun,,false,,,,false,workday:Nike:/job/Biggera-Waters-Australia/Casual-Athlete_R-87260
Nike:/job/Milano-Italy/CATEGORIA-PROTETTA--L68-99----Responsabile-vendite-Athlete-NIKE-MILANO-SCALO-21H_R-83823,Nike,CATEGORIA PROTETTA (L.68/99) - Responsabile vendite/Athlete NIKE MILANO SCALO 21H,"Milano, Italy",,https://nike.wd1.myworkdayjobs.com/en-US/nke/job/Milano-Italy/CATEGORIA-PROTETTA--L68-99----Responsabile-vendite-Athlete-NIKE-MILANO-SCALO-21H_R-83823,Posted 30+ Days Ago,2026-07-19,2026-08-18T12:10:51+00:00,2026-08-18 05:10 Tue,,false,,,,false,workday:Nike:/job/Milano-Italy/CATEGORIA-PROTETTA--L68-99----Responsabile-vendite-Athlete-NIKE-MILANO-SCALO-21H_R-83823
Nike:/job/Hilversum-Netherlands/CEMEA-Marketing-Brand-Specialist-I---Running--ACG---Agile_R-89492,Nike,"CEMEA Marketing Brand Specialist I,  Running, ACG & Agile","Hilversum, Netherlands",,https://nike.wd1.myworkdayjobs.com/en-US/nke/job/Hilversum-Netherlands/CEMEA-Marketing-Brand-Specialist-I---Running--ACG---Agile_R-89492,Posted Today,2026-08-11,2026-08-11T15:59:28+00:00,2026-08-11 08:59 Tue,,false,,,,false,workday:Nike:/job/Hilversum-Netherlands/CEMEA-Marketing-Brand-Specialist-I---Running--ACG---Agile_R-89492
Nike:/job/Zhongshan-China-Mainland/Chemical-Engineer-II---Converse_R-84306,Nike,Chemical Engineer II - Converse,"Zhongshan, China Mainland",,https://nike.wd1.myworkdayjobs.com/en-US/nke/job/Zhongshan-China-Mainland/Chemical-Engineer-II---Converse_R-84306,Posted Today,2026-07-20,2026-07-20T09:17:54+00:00,2026-07-20 02:17 Mon,,false,,,,false,workday:Nike:/job/Zhongshan-China-Mainland/Chemical-Engineer-II---Converse_R-84306
Nike:/job/Brisbane-Queensland/Christmas-Casual-Athlete--Retail-Associate----Nike---Brisbane-Airport-DFO_R-89881,Nike,Christmas Casual Athlete (Retail Associate) | Nike - Brisbane Airport DFO,"Brisbane, Queensland",,https://nike.wd1.myworkdayjobs.com/en-US/nke/job/Brisbane-Queensland/Christmas-Casual-Athlete--Retail-Associate----Nike---Brisbane-Airport-DFO_R-89881,Posted Today,2026-08-17,2026-08-17T06:17:29+00:00,2026-08-16 23:17 Sun,,false,,,,false,workday:Nike:/job/Brisbane-Queensland/Christmas-Casual-Athlete--Retail-Associate----Nike---Brisbane-Airport-DFO_R-89881
Nike:/job/Canberra-Australian-Capital-Territory/Christmas-Casual-Athlete--Retail-Associate----Nike---Canberra_R-89888,Nike,Christmas Casual Athlete (Retail Associate) | Nike - Canberra,"Canberra, Australian Capital Territory",,https://nike.wd1.myworkdayjobs.com/en-US/nke/job/Canberra-Australian-Capital-Territory/Christmas-Casual-Athlete--Retail-Associate----Nike---Canberra_R-89888,Posted Today,2026-08-17,2026-08-17T06:41:17+00:00,2026-08-16 23:41 Sun,,false,,,,false,workday:Nike:/job/Canberra-Australian-Capital-Territory/Christmas-Casual-Athlete--Retail-Associate----Nike---Canberra_R-89888
Nike:/job/Jindalee-Australia/Christmas-Casual-Athlete--Retail-Associate----Nike---Jindalee_R-89784,Nike,Christmas Casual Athlete (Retail Associate) | Nike - Jindalee,"Jindalee, Australia",,https://nike.wd1.myworkdayjobs.com/en-US/nke/job/Jindalee-Australia/Christmas-Casual-Athlete--Retail-Associate----Nike---Jindalee_R-89784,Posted Today,2026-08-17,2026-08-17T06:08:51+00:00,2026-08-16 23:08 Sun,,false,,,,false,workday:Nike:/job/Jindalee-Australia/Christmas-Casual-Athlete--Retail-Associate----Nike---Jindalee_R-89784
Nike:/job/Sydney-New-South-Wales/Christmas-Casual-Athlete--Retail-Associate----Nike---Liverpool_R-89889,Nike,Christmas Casual Athlete (Retail Associate) | Nike - Liverpool,"Sydney, New South Wales",,https://nike.wd1.myworkdayjobs.com/en-US/nke/job/Sydney-New-South-Wales/Christmas-Casual-Athlete--Retail-Associate----Nike---Liverpool_R-89889,Posted Today,2026-08-17,2026-08-17T06:41:17+00:00,2026-08-16 23:41 Sun,,false,,,,false,workday:Nike:/job/Sydney-New-South-Wales/Christmas-Casual-Athlete--Retail-Associate----Nike---Liverpool_R-89889
Nike:/job/NFS-AU-MELBOURNE-SOUTHWHARF/Christmas-Casual-Athlete--Retail-Associate----Nike---South-Wharf_R-89890,Nike,Christmas Casual Athlete (Retail Associate) | Nike - South Wharf,NFS AU MELBOURNE SOUTHWHARF,,https://nike.wd1.myworkdayjobs.com/en-US/nke/job/NFS-AU-MELBOURNE-SOUTHWHARF/Christmas-Casual-Athlete--Retail-Associate----Nike---South-Wharf_R-89890,Posted Today,2026-08-17,2026-08-17T05:41:33+00:00,2026-08-16 22:41 Sun,,false,,,,false,workday:Nike:/job/NFS-AU-MELBOURNE-SOUTHWHARF/Christmas-Casual-Athlete--Retail-Associate----Nike---South-Wharf_R-89890
Nike:/job/Melbourne-Victoria/Christmas-Casual-Athlete--Retail-Associate----Nike---Uni-Hill_R-89952,Nike,Christmas Casual Athlete (Retail Associate) | Nike - Uni Hill,"Melbourne, Victoria",,https://nike.wd1.myworkdayjobs.com/en-US/nke/job/Melbourne-Victoria/Christmas-Casual-Athlete--Retail-Associate----Nike---Uni-Hill_R-89952,Posted Today,2026-08-17,2026-08-17T05:59:21+00:00,2026-08-16 22:59 Sun,,false,,,,false,workday:Nike:/job/Melbourne-Victoria/Christmas-Casual-Athlete--Retail-Associate----Nike---Uni-Hill_R-89952
Nike:/job/Auckland-New-Zealand/Christmas-Casual-Athlete--Retail-Associate----Nike---Westgate--Auckland_R-89876-1,Nike,"Christmas Casual Athlete (Retail Associate) | Nike - Westgate, Auckland","Auckland, New Zealand",,https://nike.wd1.myworkdayjobs.com/en-US/nke/job/Auckland-New-Zealand/Christmas-Casual-Athlete--Retail-Associate----Nike---Westgate--Auckland_R-89876-1,Posted Today,2026-08-17,2026-08-17T06:59:21+00:00,2026-08-16 23:59 Sun,,false,,,,false,workday:Nike:/job/Auckland-New-Zealand/Christmas-Casual-Athlete--Retail-Associate----Nike---Westgate--Auckland_R-89876-1
Nike:/job/Adelaide-South-Australia/Christmas-Casual-Athlete--Retail-Associate----Nike--Adelaide_R-89791,Nike,"Christmas Casual Athlete (Retail Associate) | Nike, Adelaide","Adelaide, South Australia",,https://nike.wd1.myworkdayjobs.com/en-US/nke/job/Adelaide-South-Australia/Christmas-Casual-Athlete--Retail-Associate----Nike--Adelaide_R-89791,Posted Today,2026-08-17,2026-08-17T06:41:17+00:00,2026-08-16 23:41 Sun,,false,,,,false,workday:Nike:/job/Adelaide-South-Australia/Christmas-Casual-Athlete--Retail-Associate----Nike--Adelaide_R-89791
Nike:/job/Biggera-Waters-Australia/Christmas-Casual-Athlete--Retail-Associate----Nike--Goldcoast_R-89880,Nike,"Christmas Casual Athlete (Retail Associate) | Nike, Goldcoast","Biggera Waters, Australia",,https://nike.wd1.myworkdayjobs.com/en-US/nke/job/Biggera-Waters-Australia/Christmas-Casual-Athlete--Retail-Associate----Nike--Goldcoast_R-89880,Posted Today,2026-08-17,2026-08-17T06:41:17+00:00,2026-08-16 23:41 Sun,,false,,,,false,workday:Nike:/job/Biggera-Waters-Australia/Christmas-Casual-Athlete--Retail-Associate----Nike--Goldcoast_R-89880
Nike:/job/Sydney-New-South-Wales/Christmas-Casual-Athlete--Retail-Associate----Nike--Homebush_R-89894,Nike,"Christmas Casual Athlete (Retail Associate) | Nike, Homebush","Sydney, New South Wales",,https://nike.wd1.myworkdayjobs.com/en-US/nke/job/Sydney-New-South-Wales/Christmas-Casual-Athlete--Retail-Associate----Nike--Homebush_R-89894,Posted Today,2026-08-17,2026-08-17T06:41:17+00:00,2026-08-16 23:41 Sun,,false,,,,false,workday:Nike:/job/Sydney-New-South-Wales/Christmas-Casual-Athlete--Retail-Associate----Nike--Homebush_R-89894
Nike:/job/NFS-NZ-AUCKLAND-MANAWA-BAY/Christmas-Casual-Athlete--Retail-Associate----Nike--Manawa-Bay--Auckland_R-89885,Nike,"Christmas Casual Athlete (Retail Associate) | Nike, Manawa Bay, Auckland",NFS NZ AUCKLAND MANAWA BAY,,https://nike.wd1.myworkdayjobs.com/en-US/nke/job/NFS-NZ-AUCKLAND-MANAWA-BAY/Christmas-Casual-Athlete--Retail-Associate----Nike--Manawa-Bay--Auckland_R-89885,Posted Today,2026-08-17,2026-08-17T06:41:17+00:00,2026-08-16 23:41 Sun,,false,,,,false,workday:Nike:/job/NFS-NZ-AUCKLAND-MANAWA-BAY/Christmas-Casual-Athlete--Retail-Associate----Nike--Manawa-Bay--Auckland_R-89885
Nike:/job/New-South-Wales-Australia/Christmas-Casual-Athlete--Retail-Associate---Nike--Birkenhead-Point_R-89786,Nike,"Christmas Casual Athlete (Retail Associate) |Nike, Birkenhead Point","New South Wales, Australia",,https://nike.wd1.myworkdayjobs.com/en-US/nke/job/New-South-Wales-Australia/Christmas-Casual-Athlete--Retail-Associate---Nike--Birkenhead-Point_R-89786,Posted Today,2026-08-17,2026-08-17T06:59:21+00:00,2026-08-16 23:59 Sun,,false,,,,false,workday:Nike:/job/New-South-Wales-Australia/Christmas-Casual-Athlete--Retail-Associate---Nike--Birkenhead-Point_R-89786
Nike:/job/Fuzhou-China-Mainland/Coach_R-86673,Nike,Coach,"Fuzhou, China Mainland",,https://nike.wd1.myworkdayjobs.com/en-US/nke/job/Fuzhou-China-Mainland/Coach_R-86673,Posted 6 Days Ago,2026-07-06,2026-07-12T07:45:02+00:00,2026-07-12 00:45 Sun,,false,,,,false,workday:Nike:/job/Fuzhou-China-Mainland/Coach_R-86673
Nike:/job/Nanning-China-Mainland/Coach_R-87474,Nike,Coach,"Nanning, China Mainland",,https://nike.wd1.myworkdayjobs.com/en-US/nke/job/Nanning-China-Mainland/Coach_R-87474,Posted 3 Days Ago,2026-07-09,2026-07-12T07:45:02+00:00,2026-07-12 00:45 Sun,,false,,,,false,workday:Nike:/job/Nanning-China-Mainland/Coach_R-87474
Nike:/job/Guangzhou-China-Mainland/Coach_R-87953,Nike,Coach,"Guangzhou, China Mainland",,https://nike.wd1.myworkdayjobs.com/en-US/nke/job/Guangzhou-China-Mainland/Coach_R-87953,Posted Today,2026-07-15,2026-07-15T05:41:42+00:00,2026-07-14 22:41 Tue,,false,,,,false,workday:Nike:/job/Guangzhou-China-Mainland/Coach_R-87953
Nike:/job/Foshan-China-Mainland/Coach_R-87280,Nike,Coach,"Foshan, China Mainland",,https://nike.wd1.myworkdayjobs.com/en-US/nke/job/Foshan-China-Mainland/Coach_R-87280,Posted Today,2026-07-16,2026-07-16T07:11:01+00:00,2026-07-16 00:11 Thu,,false,,,,false,workday:Nike:/job/Foshan-China-Mainland/Coach_R-87280
Nike:/job/Shanghai-China-Mainland/Coach_R-87879,Nike,Coach,"Shanghai, China Mainland",,https://nike.wd1.myworkdayjobs.com/en-US/nke/job/Shanghai-China-Mainland/Coach_R-87879,Posted Today,2026-07-20,2026-07-20T06:17:25+00:00,2026-07-19 23:17 Sun,,false,,,,false,workday:Nike:/job/Shanghai-China-Mainland/Coach_R-87879
Nike:/job/Shanghai-China-Mainland/Coach_R-87880,Nike,Coach,"Shanghai, China Mainland",,https://nike.wd1.myworkdayjobs.com/en-US/nke/job/Shanghai-China-Mainland/Coach_R-87880,Posted Today,2026-07-27,2026-07-27T08:17:06+00:00,2026-07-27 01:17 Mon,,false,,,,false,workday:Nike:/job/Shanghai-China-Mainland/Coach_R-87880
Nike:/job/Shanghai-China-Mainland/Coach_R-87878,Nike,Coach,"Shanghai, China Mainland",,https://nike.wd1.myworkdayjobs.com/en-US/nke/job/Shanghai-China-Mainland/Coach_R-87878,Posted Today,2026-08-03,2026-08-03T08:00:42+00:00,2026-08-03 01:00 Mon,,false,,,,false,workday:Nike:/job/Shanghai-China-Mainland/Coach_R-87878
Nike:/job/Dalian-China-Mainland/Coach_R-89231,Nike,Coach,"Dalian, China Mainland",,https://nike.wd1.myworkdayjobs.com/en-US/nke/job/Dalian-China-Mainland/Coach_R-89231,Posted Today,2026-08-03,2026-08-03T08:41:32+00:00,2026-08-03 01:41 Mon,,false,,,,false,workday:Nike:/job/Dalian-China-Mainland/Coach_R-89231
Nike:/job/Shanghai-China-Mainland/Coach_R-87877,Nike,Coach,"Shanghai, China Mainland",,https://nike.wd1.myworkdayjobs.com/en-US/nke/job/Shanghai-China-Mainland/Coach_R-87877,Posted Today,2026-08-03,2026-08-03T08:41:32+00:00,2026-08-03 01:41 Mon,,false,,,,false,workday:Nike:/job/Shanghai-China-Mainland/Coach_R-87877
Nike:/job/Guangzhou-China-Mainland/Coach_R-89308,Nike,Coach,"Guangzhou, China Mainland",,https://nike.wd1.myworkdayjobs.com/en-US/nke/job/Guangzhou-China-Mainland/Coach_R-89308,Posted Today,2026-08-04,2026-08-04T07:17:33+00:00,2026-08-04 00:17 Tue,,false,,,,false,workday:Nike:/job/Guangzhou-China-Mainland/Coach_R-89308
Nike:/job/Changchun-China-Mainland/Coach_R-40544,Nike,Coach,"Changchun, China Mainland",,https://nike.wd1.myworkdayjobs.com/en-US/nke/job/Changchun-China-Mainland/Coach_R-40544,Posted 30+ Days Ago,2026-07-19,2026-08-18T12:10:51+00:00,2026-08-18 05:10 Tue,,false,,,,false,workday:Nike:/job/Changchun-China-Mainland/Coach_R-40544
Nike:/job/Haikou-China-Mainland/Coach_R-85599,Nike,Coach,"Haikou, China Mainland",,https://nike.wd1.myworkdayjobs.com/en-US/nke/job/Haikou-China-Mainland/Coach_R-85599,Posted 30+ Days Ago,2026-07-19,2026-08-18T12:10:51+00:00,2026-08-18 05:10 Tue,,false,,,,false,workday:Nike:/job/Haikou-China-Mainland/Coach_R-85599
Nike:/job/Taipa-Macao/Coach_R-55213,Nike,Coach,"Taipa, Macao",,https://nike.wd1.myworkdayjobs.com/en-US/nke/job/Taipa-Macao/Coach_R-55213,Posted 30+ Days Ago,2026-07-19,2026-08-18T12:10:51+00:00,2026-08-18 05:10 Tue,,false,,,,false,workday:Nike:/job/Taipa-Macao/Coach_R-55213
Nike:/job/Puebla-Mexico/Coach--Operations---Gerente-de-Piso-de-Operaciones---NFS-MX-Puebla_R-89193-1,Nike,Coach  Operations / Gerente de Piso de Operaciones – NFS MX Puebla,"Puebla, Mexico",,https://nike.wd1.myworkdayjobs.com/en-US/nke/job/Puebla-Mexico/Coach--Operations---Gerente-de-Piso-de-Operaciones---NFS-MX-Puebla_R-89193-1,Posted Yesterday,2026-08-27,2026-08-04T23:59:24+00:00,2026-08-04 16:59 Tue,,false,,,,false,workday:Nike:/job/Puebla-Mexico/Coach--Operations---Gerente-de-Piso-de-Operaciones---NFS-MX-Puebla_R-89193-1
Nike:/job/Kanagawa-Japan/Coach---Operational-Excellence--Nike-Yokohama-Vivre_R-90084,Nike,"Coach - Operational Excellence, Nike Yokohama Vivre","Kanagawa, Japan",,https://nike.wd1.myworkdayjobs.com/en-US/nke/job/Kanagawa-Japan/Coach---Operational-Excellence--Nike-Yokohama-Vivre_R-90084,Posted Yesterday,2026-08-19,2026-08-18T08:17:30+00:00,2026-08-18 01:17 Tue,,false,,,,false,workday:Nike:/job/Kanagawa-Japan/Coach---Operational-Excellence--Nike-Yokohama-Vivre_R-90084
Nike:/job/Tochigi-Japan/Coach---Service-and-Selling--Nike-Unite-Sano_R-88432,Nike,"Coach - Service and Selling, Nike Unite Sano","Tochigi, Japan",,https://nike.wd1.myworkdayjobs.com/en-US/nke/job/Tochigi-Japan/Coach---Service-and-Selling--Nike-Unite-Sano_R-88432,Posted Today,2026-07-21,2026-07-21T08:17:28+00:00,2026-07-21 01:17 Tue,,false,,,,false,workday:Nike:/job/Tochigi-Japan/Coach---Service-and-Selling--Nike-Unite-Sano_R-88432
Nike:/job/Tokyo-Japan/Coach---Service-and-Selling--World-of-Flight-Tokyo-Shibuya_R-89002,Nike,"Coach - Service and Selling, World of Flight Tokyo Shibuya","Tokyo, Japan",,https://nike.wd1.myworkdayjobs.com/en-US/nke/job/Tokyo-Japan/Coach---Service-and-Selling--World-of-Flight-Tokyo-Shibuya_R-89002,Posted 5 Days Ago,2026-07-24,2026-07-29T06:41:22+00:00,2026-07-28 23:41 Tue,,false,,,,false,workday:Nike:/job/Tokyo-Japan/Coach---Service-and-Selling--World-of-Flight-Tokyo-Shibuya_R-89002
Nike:/job/Paris-France/Coach-Floor-Men-HOI--Responsable-de-rayon-Floor----H---F-Stretch---CDD_R-89481-1,Nike,Coach Floor Men HOI (Responsable de rayon Floor) – H / F Stretch / CDD,"Paris, France",,https://nike.wd1.myworkdayjobs.com/en-US/nke/job/Paris-France/Coach-Floor-Men-HOI--Responsable-de-rayon-Floor----H---F-Stretch---CDD_R-89481-1,Posted Today,2026-09-01,2026-08-31T15:42:05+00:00,2026-08-31 08:42 Mon,,false,,,,false,workday:Nike:/job/Paris-France/Coach-Floor-Men-HOI--Responsable-de-rayon-Floor----H---F-Stretch---CDD_R-89481-1
Nike:/job/Paris-France/Coach-Floor-Nike--Responsable-de-rayon-Floor----H---F-CDI_R-89538,Nike,Coach Floor Nike (Responsable de rayon Floor) – H / F CDI,"Paris, France",,https://nike.wd1.myworkdayjobs.com/en-US/nke/job/Paris-France/Coach-Floor-Nike--Responsable-de-rayon-Floor----H---F-CDI_R-89538,Posted Today,2026-08-24,2026-08-18T12:10:51+00:00,2026-08-18 05:10 Tue,,false,,,,false,workday:Nike:/job/Paris-France/Coach-Floor-Nike--Responsable-de-rayon-Floor----H---F-CDI_R-89538
Nike:/job/NFS-GENNEVILLIERS/Coach-Floor-Nike--Responsable-de-rayon-Floor----H---F---CDI_R-86486,Nike,Coach Floor Nike (Responsable de rayon Floor) – H / F – CDI,NFS GENNEVILLIERS,,https://nike.wd1.myworkdayjobs.com/en-US/nke/job/NFS-GENNEVILLIERS/Coach-Floor-Nike--Responsable-de-rayon-Floor----H---F---CDI_R-86486,Posted 4 Days Ago,2026-07-26,2026-07-30T07:41:18+00:00,2026-07-30 00:41 Thu,,false,,,,false,workday:Nike:/job/NFS-GENNEVILLIERS/Coach-Floor-Nike--Responsable-de-rayon-Floor----H---F---CDI_R-86486
Nike:/job/Honfleur-France/Coach-Nike--Responsable-de-rayon-apparel----H---F---CDI_R-84521,Nike,Coach Nike (Responsable de rayon apparel) – H / F – CDI,"Honfleur, France",,https://nike.wd1.myworkdayjobs.com/en-US/nke/job/Honfleur-France/Coach-Nike--Responsable-de-rayon-apparel----H---F---CDI_R-84521,Posted 3 Days Ago,2026-07-09,2026-07-12T07:45:02+00:00,2026-07-12 00:45 Sun,,false,,,,false,workday:Nike:/job/Honfleur-France/Coach-Nike--Responsable-de-rayon-apparel----H---F---CDI_R-84521
Nike:/job/Angers-France/COACH-NIKE--RESPONSABLE-DE-RAYON----H-F-CDI_R-90275,Nike,COACH NIKE (RESPONSABLE DE RAYON) - H/F CDI,"Angers, France",,https://nike.wd1.myworkdayjobs.com/en-US/nke/job/Angers-France/COACH-NIKE--RESPONSABLE-DE-RAYON----H-F-CDI_R-90275,Posted Yesterday,2026-08-25,2026-08-24T13:42:12+00:00,2026-08-24 06:42 Mon,,false,,,,false,workday:Nike:/job/Angers-France/COACH-NIKE--RESPONSABLE-DE-RAYON----H-F-CDI_R-90275
Nike:/job/Talange-France/Coach-Nike--Responsable-de-rayon----H---F-CDI_R-88340,Nike,Coach Nike (Responsable de rayon) – H / F CDI,"Talange, France",,https://nike.wd1.myworkdayjobs.com/en-US/nke/job/Talange-France/Coach-Nike--Responsable-de-rayon----H---F-CDI_R-88340,Posted Today,2026-07-22,2026-07-22T14:59:53+00:00,2026-07-22 07:59 Wed,,false,,,,false,workday:Nike:/job/Talange-France/Coach-Nike--Responsable-de-rayon----H---F-CDI_R-88340
Nike:/job/St-Maximin-France/Coach-Nike--Responsable-de-rayon----H---F-CDI_R-82783,Nike,Coach Nike (Responsable de rayon) – H / F CDI,"St. Maximin, France",,https://nike.wd1.myworkdayjobs.com/en-US/nke/job/St-Maximin-France/Coach-Nike--Responsable-de-rayon----H---F-CDI_R-82783,Posted Today,2026-08-04,2026-08-04T08:17:21+00:00,2026-08-04 01:17 Tue,,false,,,,false,workday:Nike:/job/St-Maximin-France/Coach-Nike--Responsable-de-rayon----H---F-CDI_R-82783
Nike:/job/Begles-France/Coach-Nike--Responsable-de-rayon----H---F-CDI_R-89833,Nike,Coach Nike (Responsable de rayon) – H / F CDI,"Begles, France",,https://nike.wd1.myworkdayjobs.com/en-US/nke/job/Begles-France/Coach-Nike--Responsable-de-rayon----H---F-CDI_R-89833,Posted Yesterday,2026-09-03,2026-08-11T14:07:45+00:00,2026-08-11 07:07 Tue,,false,,,,false,workday:Nike:/job/Begles-France/Coach-Nike--Responsable-de-rayon----H---F-CDI_R-89833
Nike:/job/St-Maximin-France/Coach-Nike--Responsable-de-rayon----H---F---CDI_R-91197,Nike,Coach Nike (Responsable de rayon) – H / F – CDI,"St. Maximin, France",,https://nike.wd1.myworkdayjobs.com/en-US/nke/job/St-Maximin-France/Coach-Nike--Responsable-de-rayon----H---F---CDI_R-91197,Posted Yesterday,2026-09-03,2026-09-03T15:41:55+00:00,2026-09-03 08:41 Thu,,false,,,,false,workday:Nike:/job/St-Maximin-France/Coach-Nike--Responsable-de-rayon----H---F---CDI_R-91197
Nike:/job/Veracruz-Mexico/Coach-Operations---Subgerente-de-Operaciones---Nike-Plaza-Las-Amricas---Veracruz_R-87584,Nike,Coach Operations / Subgerente de Operaciones | Nike Plaza Las Américas - Veracruz,"Veracruz, Mexico",,https://nike.wd1.myworkdayjobs.com/en-US/nke/job/Veracruz-Mexico/Coach-Operations---Subgerente-de-Operaciones---Nike-Plaza-Las-Amricas---Veracruz_R-87584,Posted Today,2026-08-16,2026-08-16T21:34:21+00:00,2026-08-16 14:34 Sun,,false,,,,false,workday:Nike:/job/Veracruz-Mexico/Coach-Operations---Subgerente-de-Operaciones---Nike-Plaza-Las-Amricas---Veracruz_R-87584
Nike:/job/Leon-Mexico/Coach-Product---Subgerente-de-Producto---Len_R-91010,Nike,Coach Product / Subgerente de Producto | León,"Leon, Mexico",,https://nike.wd1.myworkdayjobs.com/en-US/nke/job/Leon-Mexico/Coach-Product---Subgerente-de-Producto---Len_R-91010,Posted 3 Days Ago,2026-08-29,2026-08-28T18:59:38+00:00,2026-08-28 11:59 Fri,,false,,,,false,workday:Nike:/job/Leon-Mexico/Coach-Product---Subgerente-de-Producto---Len_R-91010
Nike:/job/Zapopan-Mexico/Coach-Product---Subgerente-de-Producto---Nike-Plaza-Patria---Guadalajara_R-87993,Nike,Coach Product / Subgerente de Producto | Nike Plaza Patria - Guadalajara,"Zapopan, Mexico",,https://nike.wd1.myworkdayjobs.com/en-US/nke/job/Zapopan-Mexico/Coach-Product---Subgerente-de-Producto---Nike-Plaza-Patria---Guadalajara_R-87993,Posted 4 Days Ago,2026-07-26,2026-07-30T20:59:37+00:00,2026-07-30 13:59 Thu,,false,,,,false,workday:Nike:/job/Zapopan-Mexico/Coach-Product---Subgerente-de-Producto---Nike-Plaza-Patria---Guadalajara_R-87993
Nike:/job/Veracruz-Mexico/Coach-Product---Subgerente-de-Producto---Plaza-Las-Amricas---Veracruz_R-87511,Nike,Coach Product / Subgerente de Producto | Plaza Las Américas - Veracruz,"Veracruz, Mexico",,https://nike.wd1.myworkdayjobs.com/en-US/nke/job/Veracruz-Mexico/Coach-Product---Subgerente-de-Producto---Plaza-Las-Amricas---Veracruz_R-87511,Posted Today,2026-08-16,2026-08-16T21:34:21+00:00,2026-08-16 14:34 Sun,,false,,,,false,workday:Nike:/job/Veracruz-Mexico/Coach-Product---Subgerente-de-Producto---Plaza-Las-Amricas---Veracruz_R-87511
Nike:/job/Zapopan-Mexico/Coach-Stockroom---Gerente-de-Almacen---Nike-Plaza-Patria---Guadalajara_R-87995,Nike,Coach Stockroom / Gerente de Almacen | Nike Plaza Patria - Guadalajara,"Zapopan, Mexico",,https://nike.wd1.myworkdayjobs.com/en-US/nke/job/Zapopan-Mexico/Coach-Stockroom---Gerente-de-Almacen---Nike-Plaza-Patria---Guadalajara_R-87995,Posted 4 Days Ago,2026-07-26,2026-07-30T20:59:37+00:00,2026-07-30 13:59 Thu,,false,,,,false,workday:Nike:/job/Zapopan-Mexico/Coach-Stockroom---Gerente-de-Almacen---Nike-Plaza-Patria---Guadalajara_R-87995
Nike:/job/Queretaro-Mexico/Coach-Stockroom-I--Jefe-de-Almacn---NFS-MX-Quertaro_R-88894,Nike,Coach Stockroom I  Jefe de Almacén - NFS MX Querétaro,"Queretaro, Mexico",,https://nike.wd1.myworkdayjobs.com/en-US/nke/job/Queretaro-Mexico/Coach-Stockroom-I--Jefe-de-Almacn---NFS-MX-Quertaro_R-88894,Posted 6 Days Ago,2026-07-22,2026-07-28T20:17:42+00:00,2026-07-28 13:17 Tue,,false,,,,false,workday:Nike:/job/Queretaro-Mexico/Coach-Stockroom-I--Jefe-de-Almacn---NFS-MX-Quertaro_R-88894
Nike:/job/Aguascalientes-Mexico/Coach-Stockroom-I-Gerente-de-Almacn---NFS-MX-Aguascalientes--_R-88411,Nike,Coach Stockroom I Gerente de Almacén – NFS MX Aguascalientes  ,"Aguascalientes, Mexico",,https://nike.wd1.myworkdayjobs.com/en-US/nke/job/Aguascalientes-Mexico/Coach-Stockroom-I-Gerente-de-Almacn---NFS-MX-Aguascalientes--_R-88411,Posted Yesterday,2026-08-20,2026-07-23T20:41:29+00:00,2026-07-23 13:41 Thu,,false,,,,false,workday:Nike:/job/Aguascalientes-Mexico/Coach-Stockroom-I-Gerente-de-Almacn---NFS-MX-Aguascalientes--_R-88411
Nike:/job/Paris-France/Coach-Visual-Merchandising---Styling_R-89258-1,Nike,Coach Visual Merchandising & Styling,"Paris, France",,https://nike.wd1.myworkdayjobs.com/en-US/nke/job/Paris-France/Coach-Visual-Merchandising---Styling_R-89258-1,Posted Today,2026-09-01,2026-08-04T09:59:55+00:00,2026-08-04 02:59 Tue,,false,,,,false,workday:Nike:/job/Paris-France/Coach-Visual-Merchandising---Styling_R-89258-1
Nike:/job/NFS-NZ-AUCKLAND-MANAWA-BAY/Operations-Coach---Nike--Auckland_R-86595-1,Nike,"Coach – Team Operations - Nike, Manawa Bay, Auckland",NFS NZ AUCKLAND MANAWA BAY,,https://nike.wd1.myworkdayjobs.com/en-US/nke/job/NFS-NZ-AUCKLAND-MANAWA-BAY/Operations-Coach---Nike--Auckland_R-86595-1,Posted Today,2026-08-13,2026-08-13T03:59:42+00:00,2026-08-12 20:59 Wed,,false,,,,false,workday:Nike:/job/NFS-NZ-AUCKLAND-MANAWA-BAY/Operations-Coach---Nike--Auckland_R-86595-1
Nike:/job/Sydney-New-South-Wales/Coach--Selling-and-Service----Nike--Homebush_R-90403,Nike,"Coach, Selling and Service -  Nike, Homebush","Sydney, New South Wales",,https://nike.wd1.myworkdayjobs.com/en-US/nke/job/Sydney-New-South-Wales/Coach--Selling-and-Service----Nike--Homebush_R-90403,Posted Today,2026-09-02,2026-09-01T01:17:45+00:00,2026-08-31 18:17 Mon,,false,,,,false,workday:Nike:/job/Sydney-New-South-Wales/Coach--Selling-and-Service----Nike--Homebush_R-90403
Nike:/job/Tijuana-Mexico/Coach-Product---Gerente-de-Piso-de-Venta---NFS-Tijuana--_R-84553,Nike,Coach Product / Gerente de Piso de Venta – NFS Tijuana  ,"Tijuana, Mexico",,https://nike.wd1.myworkdayjobs.com/en-US/nke/job/Tijuana-Mexico/Coach-Product---Gerente-de-Piso-de-Venta---NFS-Tijuana--_R-84553,Posted 6 Days Ago,2026-07-06,2026-07-12T07:45:02+00:00,2026-07-12 00:45 Sun,,false,,,,false,workday:Nike:/job/Tijuana-Mexico/Coach-Product---Gerente-de-Piso-de-Venta---NFS-Tijuana--_R-84553
Nike:/job/Hermosillo-Mexico/Coach-Product-I-Gerente-de-Piso-de-Venta---NFS-MX-Hermosillo---_R-90234-1,Nike,Coach Product I Gerente de Piso de Venta – NFS MX Hermosillo   ,"Hermosillo, Mexico",,https://nike.wd1.myworkdayjobs.com/en-US/nke/job/Hermosillo-Mexico/Coach-Product-I-Gerente-de-Piso-de-Venta---NFS-MX-Hermosillo---_R-90234-1,Posted Yesterday,2026-09-03,2026-08-26T16:41:49+00:00,2026-08-26 09:41 Wed,,false,,,,false,workday:Nike:/job/Hermosillo-Mexico/Coach-Product-I-Gerente-de-Piso-de-Venta---NFS-MX-Hermosillo---_R-90234-1
Nike:/job/Zapopan-Mexico/Coach-Stockroom---Gerente-de-Almacn---Nike-Unite-GDL_R-91027-1,Nike,Coach Stockroom - Gerente de Almacén - Nike Unite GDL,"Zapopan, Mexico",,https://nike.wd1.myworkdayjobs.com/en-US/nke/job/Zapopan-Mexico/Coach-Stockroom---Gerente-de-Almacn---Nike-Unite-GDL_R-91027-1,Posted Yesterday,2026-09-01,2026-08-31T20:59:52+00:00,2026-08-31 13:59 Mon,,false,,,,false,workday:Nike:/job/Zapopan-Mexico/Coach-Stockroom---Gerente-de-Almacn---Nike-Unite-GDL_R-91027-1
Nike:/job/Lerma-Mexico/Coach-Stockroom-I-Gerente-de-Almacen----NFS-MX-Lerma-_R-90247,Nike,Coach Stockroom I Gerente de Almacen  – NFS MX Lerma ,"Lerma, Mexico",,https://nike.wd1.myworkdayjobs.com/en-US/nke/job/Lerma-Mexico/Coach-Stockroom-I-Gerente-de-Almacen----NFS-MX-Lerma-_R-90247,Posted Yesterday,2026-08-21,2026-08-20T16:41:59+00:00,2026-08-20 09:41 Thu,,false,,,,false,workday:Nike:/job/Lerma-Mexico/Coach-Stockroom-I-Gerente-de-Almacen----NFS-MX-Lerma-_R-90247
Nike:/job/Beaverton-Oregon/Color-Materials-and-Graphics-Designer_R-89939-1,Nike,Color Materials and Graphics Designer,"Beaverton, Oregon",,https://nike.wd1.myworkdayjobs.com/en-US/nke/job/Beaverton-Oregon/Color-Materials-and-Graphics-Designer_R-89939-1,Posted Today,2026-08-20,2026-08-19T07:11:06+00:00,2026-08-19 00:11 Wed,,false,,,,false,workday:Nike:/job/Beaverton-Oregon/Color-Materials-and-Graphics-Designer_R-89939-1
Nike:/job/Rome-Italy/Retail-Associate-II_R-84187,Nike,Converse Responsabile Vendite - Converse Store Castel Romano - Job On Call,"Rome, Italy",,https://nike.wd1.myworkdayjobs.com/en-US/nke/job/Rome-Italy/Retail-Associate-II_R-84187,Posted Today,2026-07-30,2026-07-30T19:42:12+00:00,2026-07-30 12:42 Thu,,false,,,,false,workday:Nike:/job/Rome-Italy/Retail-Associate-II_R-84187
Nike:/job/CONVERSE-RETAIL-FOS-MILANO-SCALO/Converse-Responsabile-Vendite---Converse-Store-Milano-Scalo---Part-Time-18H_R-89463,Nike,Converse Responsabile Vendite - Converse Store Milano Scalo - Part Time 18H,CONVERSE RETAIL FOS MILANO SCALO,,https://nike.wd1.myworkdayjobs.com/en-US/nke/job/CONVERSE-RETAIL-FOS-MILANO-SCALO/Converse-Responsabile-Vendite---Converse-Store-Milano-Scalo---Part-Time-18H_R-89463,Posted Today,2026-08-05,2026-08-05T11:59:39+00:00,2026-08-05 04:59 Wed,,false,,,,false,workday:Nike:/job/CONVERSE-RETAIL-FOS-MILANO-SCALO/Converse-Responsabile-Vendite---Converse-Store-Milano-Scalo---Part-Time-18H_R-89463
Nike:/job/Neumunster-Germany/Converse-Verkufer-in---375H---CFS-Neumnster--w-m-d-_R-91042,Nike,Converse Verkäufer/in – 37.5H – CFS Neumünster (w/m/d),"Neumunster, Germany",,https://nike.wd1.myworkdayjobs.com/en-US/nke/job/Neumunster-Germany/Converse-Verkufer-in---375H---CFS-Neumnster--w-m-d-_R-91042,Posted Today,2026-09-02,2026-09-01T15:18:24+00:00,2026-09-01 08:18 Tue,,false,,,,false,workday:Nike:/job/Neumunster-Germany/Converse-Verkufer-in---375H---CFS-Neumnster--w-m-d-_R-91042
Nike:/job/Zweibrucken-Germany/Converse-Verkufer-in---195h---ZWEIBRCKEN-_R-89204-1,Nike,Converse Verkäufer/in – 19.5h – ZWEIBRÜCKEN ,"Zweibrucken, Germany",,https://nike.wd1.myworkdayjobs.com/en-US/nke/job/Zweibrucken-Germany/Converse-Verkufer-in---195h---ZWEIBRCKEN-_R-89204-1,Posted Today,2026-08-10,2026-08-10T12:59:40+00:00,2026-08-10 05:59 Mon,,false,,,,false,workday:Nike:/job/Zweibrucken-Germany/Converse-Verkufer-in---195h---ZWEIBRCKEN-_R-89204-1
Nike:/job/Neumunster-Germany/Converse-Verkufer-in---375H---CFS-Neumnster_R-84714,Nike,Converse Verkäufer/in – 37.5H - CFS Neumünster,"Neumunster, Germany",,https://nike.wd1.myworkdayjobs.com/en-US/nke/job/Neumunster-Germany/Converse-Verkufer-in---375H---CFS-Neumnster_R-84714,Posted Today,2026-09-01,2026-08-18T12:10:51+00:00,2026-08-18 05:10 Tue,,false,,,,false,workday:Nike:/job/Neumunster-Germany/Converse-Verkufer-in---375H---CFS-Neumnster_R-84714
Nike:/job/Laakdal-Belgium/Customs-Analyst_R-89476,Nike,Customs Analyst,"Laakdal, Belgium",,https://nike.wd1.myworkdayjobs.com/en-US/nke/job/Laakdal-Belgium/Customs-Analyst_R-89476,Posted Today,2026-08-05,2026-08-05T14:41:47+00:00,2026-08-05 07:41 Wed,,false,,,,false,workday:Nike:/job/Laakdal-Belgium/Customs-Analyst_R-89476
Nike:/job/Karnataka-India/Data-Engineer-I--ITC_R-76407,Nike,"Data Engineer I, ITC","Karnataka, India",,https://nike.wd1.myworkdayjobs.com/en-US/nke/job/Karnataka-India/Data-Engineer-I--ITC_R-76407,Posted 3 Days Ago,2026-07-28,2026-07-31T07:41:15+00:00,2026-07-31 00:41 Fri,,false,,,,false,workday:Nike:/job/Karnataka-India/Data-Engineer-I--ITC_R-76407
Nike:/job/Memphis-Tennessee/DC-Athlete-I--Material-Handler-_R-86509-1,Nike,DC Athlete I (Material Handler),"Memphis, Tennessee",,https://nike.wd1.myworkdayjobs.com/en-US/nke/job/Memphis-Tennessee/DC-Athlete-I--Material-Handler-_R-86509-1,Posted 5 Days Ago,2026-07-07,2026-07-12T07:45:02+00:00,2026-07-12 00:45 Sun,,false,,,,false,workday:Nike:/job/Memphis-Tennessee/DC-Athlete-I--Material-Handler-_R-86509-1
Nike:/job/Memphis-Tennessee/DC-Coach--Area-Manager-_R-85059-1,Nike,DC Coach (Area Manager),"Memphis, Tennessee",,https://nike.wd1.myworkdayjobs.com/en-US/nke/job/Memphis-Tennessee/DC-Coach--Area-Manager-_R-85059-1,Posted 3 Days Ago,2026-07-09,2026-07-12T07:45:02+00:00,2026-07-12 00:45 Sun,,false,,,,false,workday:Nike:/job/Memphis-Tennessee/DC-Coach--Area-Manager-_R-85059-1
Nike:/job/Memphis-Tennessee/DC-Inventory-Coach_R-86029,Nike,DC Inventory Coach,"Memphis, Tennessee",,https://nike.wd1.myworkdayjobs.com/en-US/nke/job/Memphis-Tennessee/DC-Inventory-Coach_R-86029,Posted 2 Days Ago,2026-07-10,2026-07-12T07:45:02+00:00,2026-07-12 00:45 Sun,,false,,,,false,workday:Nike:/job/Memphis-Tennessee/DC-Inventory-Coach_R-86029
Nike:/job/Memphis-Tennessee/DC-PMV-I--Forklift-Operator-_R-86511-1,Nike,DC PMV I (Forklift Operator),"Memphis, Tennessee",,https://nike.wd1.myworkdayjobs.com/en-US/nke/job/Memphis-Tennessee/DC-PMV-I--Forklift-Operator-_R-86511-1,Posted 5 Days Ago,2026-07-07,2026-07-12T07:45:02+00:00,2026-07-12 00:45 Sun,,false,,,,false,workday:Nike:/job/Memphis-Tennessee/DC-PMV-I--Forklift-Operator-_R-86511-1
Nike:/job/Karnataka-India/Delivery-and-Capacity-Analyst--India_R-90665,Nike,"Delivery and Capacity Analyst, India","Karnataka, India",,https://nike.wd1.myworkdayjobs.com/en-US/nke/job/Karnataka-India/Delivery-and-Capacity-Analyst--India_R-90665,Posted Today,2026-08-26,2026-08-25T10:17:45+00:00,2026-08-25 03:17 Tue,,false,,,,false,workday:Nike:/job/Karnataka-India/Delivery-and-Capacity-Analyst--India_R-90665
Nike:/job/Winnipeg-Manitoba/Department-Manager--Winnipeg-Outlet-Collection-_R-88020,Nike,Department Manager (Winnipeg Outlet Collection),"Winnipeg, Manitoba",,https://nike.wd1.myworkdayjobs.com/en-US/nke/job/Winnipeg-Manitoba/Department-Manager--Winnipeg-Outlet-Collection-_R-88020,Posted Today,2026-07-15,2026-07-15T19:41:33+00:00,2026-07-15 12:41 Wed,,false,,,,false,workday:Nike:/job/Winnipeg-Manitoba/Department-Manager--Winnipeg-Outlet-Collection-_R-88020
Nike:/job/Halton-Hills-Ontario/Department-Manager--Nike-Toronto-Premium-Outlet_R-88569,Nike,Department Manager- Nike Toronto Premium Outlet,"Halton Hills, Ontario",,https://nike.wd1.myworkdayjobs.com/en-US/nke/job/Halton-Hills-Ontario/Department-Manager--Nike-Toronto-Premium-Outlet_R-88569,Posted 3 Days Ago,2026-07-28,2026-07-31T13:41:58+00:00,2026-07-31 06:41 Fri,,false,,,,false,workday:Nike:/job/Halton-Hills-Ontario/Department-Manager--Nike-Toronto-Premium-Outlet_R-88569
Nike:/job/Concord--Ontario/Department-Manager--Nike-Vaughan-Mills-Store_R-91109,Nike,Department Manager- Nike Vaughan Mills Store,"Concord , Ontario",,https://nike.wd1.myworkdayjobs.com/en-US/nke/job/Concord--Ontario/Department-Manager--Nike-Vaughan-Mills-Store_R-91109,Posted 2 Days Ago,2026-09-02,2026-09-01T21:00:07+00:00,2026-09-01 14:00 Tue,,false,,,,false,workday:Nike:/job/Concord--Ontario/Department-Manager--Nike-Vaughan-Mills-Store_R-91109
Nike:/job/Edmonton-Alberta/Department-Manager-Premium-Outlet-Edmonton-Airport_R-88576,Nike,Department Manager-Premium Outlet Edmonton Airport,"Edmonton, Alberta",,https://nike.wd1.myworkdayjobs.com/en-US/nke/job/Edmonton-Alberta/Department-Manager-Premium-Outlet-Edmonton-Airport_R-88576,Posted 5 Days Ago,2026-07-24,2026-07-29T19:41:58+00:00,2026-07-29 12:41 Wed,,false,,,,false,workday:Nike:/job/Edmonton-Alberta/Department-Manager-Premium-Outlet-Edmonton-Airport_R-88576
Nike:/job/Edmonton-Alberta/Department-Manager-South-Edmonton-Common-Nike-Store_R-89938,Nike,Department Manager-South Edmonton Common Nike Store,"Edmonton, Alberta",,https://nike.wd1.myworkdayjobs.com/en-US/nke/job/Edmonton-Alberta/Department-Manager-South-Edmonton-Common-Nike-Store_R-89938,Posted Today,2026-08-14,2026-08-14T16:00:10+00:00,2026-08-14 09:00 Fri,,false,,,,false,workday:Nike:/job/Edmonton-Alberta/Department-Manager-South-Edmonton-Common-Nike-Store_R-89938
Nike:/job/NFS-IT-TORINO/Department-Manager-Coach-NIKE-Factory-Store-Torino_R-90276-1,Nike,Department Manager/Coach NIKE Factory Store Torino,NFS IT TORINO,,https://nike.wd1.myworkdayjobs.com/en-US/nke/job/NFS-IT-TORINO/Department-Manager-Coach-NIKE-Factory-Store-Torino_R-90276-1,Posted Today,2026-08-20,2026-08-19T07:52:49+00:00,2026-08-19 00:52 Wed,,false,,,,false,workday:Nike:/job/NFS-IT-TORINO/Department-Manager-Coach-NIKE-Factory-Store-Torino_R-90276-1
Nike:/job/Rome-Italy/Department-Manager-Coach---NEW-OPENING-Nike-Roma-Outlet_R-89799,Nike,Department Manager/Coach – NEW OPENING Nike Roma Outlet,"Rome, Italy",,https://nike.wd1.myworkdayjobs.com/en-US/nke/job/Rome-Italy/Department-Manager-Coach---NEW-OPENING-Nike-Roma-Outlet_R-89799,Posted Today,2026-08-11,2026-08-11T15:23:31+00:00,2026-08-11 08:23 Tue,,false,,,,false,workday:Nike:/job/Rome-Italy/Department-Manager-Coach---NEW-OPENING-Nike-Roma-Outlet_R-89799
Nike:/job/Shanghai-China-Mainland/Designer-I--Footwear-Local-Creation-GC_R-88297,Nike,"Designer I, Footwear Local Creation GC","Shanghai, China Mainland",,https://nike.wd1.myworkdayjobs.com/en-US/nke/job/Shanghai-China-Mainland/Designer-I--Footwear-Local-Creation-GC_R-88297,Posted Today,2026-07-20,2026-07-20T06:41:10+00:00,2026-07-19 23:41 Sun,,false,,,,false,workday:Nike:/job/Shanghai-China-Mainland/Designer-I--Footwear-Local-Creation-GC_R-88297
Nike:/job/Beaverton-Oregon/Designer-II--Basketball-Branded---Signature-Footwear---Apparel-Graphic-Design_R-85856,Nike,"Designer II, Basketball Branded & Signature Footwear & Apparel Graphic Design","Beaverton, Oregon",,https://nike.wd1.myworkdayjobs.com/en-US/nke/job/Beaverton-Oregon/Designer-II--Basketball-Branded---Signature-Footwear---Apparel-Graphic-Design_R-85856,Posted 2 Days Ago,2026-08-28,2026-08-27T22:59:52+00:00,2026-08-27 15:59 Thu,,false,,,,false,workday:Nike:/job/Beaverton-Oregon/Designer-II--Basketball-Branded---Signature-Footwear---Apparel-Graphic-Design_R-85856
Nike:/job/Beaverton-Oregon/Designer-II--Energy-Footwear---Apparel-Graphic-Design_R-76111,Nike,"Designer II, Energy Footwear & Apparel Graphic Design","Beaverton, Oregon",,https://nike.wd1.myworkdayjobs.com/en-US/nke/job/Beaverton-Oregon/Designer-II--Energy-Footwear---Apparel-Graphic-Design_R-76111,Posted 6 Days Ago,2026-07-22,2026-07-28T21:17:59+00:00,2026-07-28 14:17 Tue,,false,,,,false,workday:Nike:/job/Beaverton-Oregon/Designer-II--Energy-Footwear---Apparel-Graphic-Design_R-76111
Nike:/job/Beaverton-Oregon/Designer-II--Energy-Footwear-Product-Design_R-91258,Nike,"Designer II, Energy Footwear Product Design","Beaverton, Oregon",,https://nike.wd1.myworkdayjobs.com/en-US/nke/job/Beaverton-Oregon/Designer-II--Energy-Footwear-Product-Design_R-91258,Posted Yesterday,2026-09-03,2026-09-03T21:58:59+00:00,2026-09-03 14:58 Thu,,false,,,,false,workday:Nike:/job/Beaverton-Oregon/Designer-II--Energy-Footwear-Product-Design_R-91258
Nike:/job/Hilversum-Netherlands/Designer-II--Footwear-Color---Material-Graphics--Local-Creation-EMEA_R-86935-1,Nike,"Designer II, Footwear Color & Material Graphics, Local Creation EMEA","Hilversum, Netherlands",,https://nike.wd1.myworkdayjobs.com/en-US/nke/job/Hilversum-Netherlands/Designer-II--Footwear-Color---Material-Graphics--Local-Creation-EMEA_R-86935-1,Posted 2 Days Ago,2026-07-10,2026-07-12T07:45:02+00:00,2026-07-12 00:45 Sun,,false,,,,false,workday:Nike:/job/Hilversum-Netherlands/Designer-II--Footwear-Color---Material-Graphics--Local-Creation-EMEA_R-86935-1
Nike:/job/Beaverton-Oregon/Designer-II--Footwear-Graphics-Local-Creation-NA_R-87725-1,Nike,"Designer II, Footwear Graphics Local Creation NA","Beaverton, Oregon",,https://nike.wd1.myworkdayjobs.com/en-US/nke/job/Beaverton-Oregon/Designer-II--Footwear-Graphics-Local-Creation-NA_R-87725-1,Posted 2 Days Ago,2026-07-10,2026-07-12T07:45:02+00:00,2026-07-12 00:45 Sun,,false,,,,false,workday:Nike:/job/Beaverton-Oregon/Designer-II--Footwear-Graphics-Local-Creation-NA_R-87725-1
Nike:/job/Beaverton-Oregon/Designer-II--Global-Football-Apparel-Product-Design_R-85434-1,Nike,"Designer II, Global Football Apparel Product Design","Beaverton, Oregon",,https://nike.wd1.myworkdayjobs.com/en-US/nke/job/Beaverton-Oregon/Designer-II--Global-Football-Apparel-Product-Design_R-85434-1,Posted 30+ Days Ago,2026-07-19,2026-08-18T12:10:51+00:00,2026-08-18 05:10 Tue,,false,,,,false,workday:Nike:/job/Beaverton-Oregon/Designer-II--Global-Football-Apparel-Product-Design_R-85434-1
Nike:/job/Beaverton-Oregon/Designer-II--NFL---MLB-Apparel-Graphic-Design_R-85855,Nike,"Designer II, NFL & MLB Apparel Graphic Design","Beaverton, Oregon",,https://nike.wd1.myworkdayjobs.com/en-US/nke/job/Beaverton-Oregon/Designer-II--NFL---MLB-Apparel-Graphic-Design_R-85855,Posted Today,2026-08-03,2026-08-03T22:17:10+00:00,2026-08-03 15:17 Mon,,false,,,,false,workday:Nike:/job/Beaverton-Oregon/Designer-II--NFL---MLB-Apparel-Graphic-Design_R-85855
Nike:/job/Beaverton-Oregon/Designer-II--NSW-SB-Mens-Footwear---Apparel-Graphic-Design_R-85859,Nike,"Designer II, NSW SB Mens Footwear & Apparel Graphic Design","Beaverton, Oregon",,https://nike.wd1.myworkdayjobs.com/en-US/nke/job/Beaverton-Oregon/Designer-II--NSW-SB-Mens-Footwear---Apparel-Graphic-Design_R-85859,Posted 30+ Days Ago,2026-07-19,2026-08-18T12:10:51+00:00,2026-08-18 05:10 Tue,,false,,,,false,workday:Nike:/job/Beaverton-Oregon/Designer-II--NSW-SB-Mens-Footwear---Apparel-Graphic-Design_R-85859
Nike:/job/Beaverton-Oregon/Director-of-Innovation--Footwear-Integration_R-88039,Nike,"Director of Innovation, Footwear Integration","Beaverton, Oregon",,https://nike.wd1.myworkdayjobs.com/en-US/nke/job/Beaverton-Oregon/Director-of-Innovation--Footwear-Integration_R-88039,Posted Today,2026-07-15,2026-07-15T23:41:03+00:00,2026-07-15 16:41 Wed,,false,,,,false,workday:Nike:/job/Beaverton-Oregon/Director-of-Innovation--Footwear-Integration_R-88039
Nike:/job/Karnataka-India/Director-Software-Engineering---Design--ITC_R-85317,Nike,"Director Software Engineering - Design, ITC","Karnataka, India",,https://nike.wd1.myworkdayjobs.com/en-US/nke/job/Karnataka-India/Director-Software-Engineering---Design--ITC_R-85317,Posted Today,2026-08-26,2026-08-25T13:42:18+00:00,2026-08-25 06:42 Tue,,false,,,,false,workday:Nike:/job/Karnataka-India/Director-Software-Engineering---Design--ITC_R-85317
Nike:/job/Karnataka-India/Director-Software-Engineering--ITC_R-86693,Nike,"Director Software Engineering - Supply Chain, ITC","Karnataka, India",,https://nike.wd1.myworkdayjobs.com/en-US/nke/job/Karnataka-India/Director-Software-Engineering--ITC_R-86693,Posted Today,2026-07-17,2026-07-17T11:41:53+00:00,2026-07-17 04:41 Fri,,false,,,,false,workday:Nike:/job/Karnataka-India/Director-Software-Engineering--ITC_R-86693
Nike:/job/Karnataka-India/Director-Software-Engineering--ITC_R-87276,Nike,"Director Software Engineering, ITC","Karnataka, India",,https://nike.wd1.myworkdayjobs.com/en-US/nke/job/Karnataka-India/Director-Software-Engineering--ITC_R-87276,Posted Today,2026-08-26,2026-07-12T07:45:02+00:00,2026-07-12 00:45 Sun,,false,,,,false,workday:Nike:/job/Karnataka-India/Director-Software-Engineering--ITC_R-87276
Nike:/job/Karnataka-India/Director-Software-Engineering--Managed-Database--ITC_R-86079,Nike,"Director Software Engineering, Managed Database, ITC","Karnataka, India",,https://nike.wd1.myworkdayjobs.com/en-US/nke/job/Karnataka-India/Director-Software-Engineering--Managed-Database--ITC_R-86079,Posted Today,2026-07-13,2026-07-13T05:17:01+00:00,2026-07-12 22:17 Sun,,false,,,,false,workday:Nike:/job/Karnataka-India/Director-Software-Engineering--Managed-Database--ITC_R-86079
Nike:/job/Karnataka-India/Director-Software-Engineering--Runtime-and-cross-plane-Engineering--ITC_R-87007,Nike,"Director Software Engineering, Runtime and cross plane Engineering, ITC","Karnataka, India",,https://nike.wd1.myworkdayjobs.com/en-US/nke/job/Karnataka-India/Director-Software-Engineering--Runtime-and-cross-plane-Engineering--ITC_R-87007,Posted Today,2026-08-03,2026-08-03T05:41:26+00:00,2026-08-02 22:41 Sun,,false,,,,false,workday:Nike:/job/Karnataka-India/Director-Software-Engineering--Runtime-and-cross-plane-Engineering--ITC_R-87007
Nike:/job/Laakdal-Belgium/Director-Transportation-Network-Operations_R-90516,Nike,Director Transportation Network Operations,"Laakdal, Belgium",,https://nike.wd1.myworkdayjobs.com/en-US/nke/job/Laakdal-Belgium/Director-Transportation-Network-Operations_R-90516,Posted Today,2026-08-28,2026-08-27T08:17:14+00:00,2026-08-27 01:17 Thu,,false,,,,false,workday:Nike:/job/Laakdal-Belgium/Director-Transportation-Network-Operations_R-90516
Nike:/job/Beaverton-Oregon/Director--Accessories-Design--Licensing_R-88129,Nike,"Director, Accessories Design, Licensing","Beaverton, Oregon",,https://nike.wd1.myworkdayjobs.com/en-US/nke/job/Beaverton-Oregon/Director--Accessories-Design--Licensing_R-88129,Posted Today,2026-07-17,2026-07-17T23:58:56+00:00,2026-07-17 16:58 Fri,,false,,,,false,workday:Nike:/job/Beaverton-Oregon/Director--Accessories-Design--Licensing_R-88129
Nike:/job/Beaverton-Oregon/Director--Account-Marketing--JD---Finish-Line-_R-81266,Nike,"Director, Account Marketing (JD / Finish Line)","Beaverton, Oregon",,https://nike.wd1.myworkdayjobs.com/en-US/nke/job/Beaverton-Oregon/Director--Account-Marketing--JD---Finish-Line-_R-81266,Posted 3 Days Ago,2026-07-09,2026-07-12T07:45:02+00:00,2026-07-12 00:45 Sun,,false,,,,false,workday:Nike:/job/Beaverton-Oregon/Director--Account-Marketing--JD---Finish-Line-_R-81266
Nike:/job/Shanghai-China-Mainland/Director--Apparel-Local-Creation-GC_R-88288,Nike,"Director, Apparel Local Creation GC","Shanghai, China Mainland",,https://nike.wd1.myworkdayjobs.com/en-US/nke/job/Shanghai-China-Mainland/Director--Apparel-Local-Creation-GC_R-88288,Posted Today,2026-08-03,2026-08-03T05:41:26+00:00,2026-08-02 22:41 Sun,,false,,,,false,workday:Nike:/job/Shanghai-China-Mainland/Director--Apparel-Local-Creation-GC_R-88288
Nike:/job/Los-Angeles-California/Director--Art-Direction-West-North-America_R-86896,Nike,"Director, Art Direction West North America","Los Angeles, California",,https://nike.wd1.myworkdayjobs.com/en-US/nke/job/Los-Angeles-California/Director--Art-Direction-West-North-America_R-86896,Posted Today,2026-07-13,2026-07-13T15:40:57+00:00,2026-07-13 08:40 Mon,,false,,,,false,workday:Nike:/job/Los-Angeles-California/Director--Art-Direction-West-North-America_R-86896
Nike:/job/Beaverton-Oregon/Director--Basketball-Branded---Signature-Footwear---Apparel-Graphic-Design_R-90319,Nike,"Director, Basketball Branded & Signature Apparel Graphic Design","Beaverton, Oregon",,https://nike.wd1.myworkdayjobs.com/en-US/nke/job/Beaverton-Oregon/Director--Basketball-Branded---Signature-Footwear---Apparel-Graphic-Design_R-90319,Posted Yesterday,2026-08-21,2026-08-20T19:41:53+00:00,2026-08-20 12:41 Thu,,false,,,,false,workday:Nike:/job/Beaverton-Oregon/Director--Basketball-Branded---Signature-Footwear---Apparel-Graphic-Design_R-90319
Nike:/job/Shanghai-China-Mainland/Director--Brand-Creative-Architecture-Design--GC_R-79832,Nike,"Director, Brand Creative Architecture Design, GC","Shanghai, China Mainland",,https://nike.wd1.myworkdayjobs.com/en-US/nke/job/Shanghai-China-Mainland/Director--Brand-Creative-Architecture-Design--GC_R-79832,Posted 30+ Days Ago,2026-07-19,2026-08-18T12:10:51+00:00,2026-08-18 05:10 Tue,,false,,,,false,workday:Nike:/job/Shanghai-China-Mainland/Director--Brand-Creative-Architecture-Design--GC_R-79832
Nike:/job/Hilversum-Netherlands/Director--Brand-Creative--Running---ACG_R-89087-1,Nike,"Director, Brand Creative, Running & ACG","Hilversum, Netherlands",,https://nike.wd1.myworkdayjobs.com/en-US/nke/job/Hilversum-Netherlands/Director--Brand-Creative--Running---ACG_R-89087-1,Posted Today,2026-08-14,2026-08-14T07:59:12+00:00,2026-08-14 00:59 Fri,,false,,,,false,workday:Nike:/job/Hilversum-Netherlands/Director--Brand-Creative--Running---ACG_R-89087-1
Nike:/job/Paris-France/Director--Brand-Marketing--Football--France_R-87288,Nike,"Director, Brand Marketing, Football, France","Paris, France",,https://nike.wd1.myworkdayjobs.com/en-US/nke/job/Paris-France/Director--Brand-Marketing--Football--France_R-87288,Posted 5 Days Ago,2026-07-07,2026-07-12T07:45:02+00:00,2026-07-12 00:45 Sun,,false,,,,false,workday:Nike:/job/Paris-France/Director--Brand-Marketing--Football--France_R-87288
Nike:/job/Hilversum-Netherlands/Director--Brand-Marketing--Sportswear_R-76247,Nike,"Director, Brand Marketing, Sportswear","Hilversum, Netherlands",,https://nike.wd1.myworkdayjobs.com/en-US/nke/job/Hilversum-Netherlands/Director--Brand-Marketing--Sportswear_R-76247,Posted Yesterday,2026-09-03,2026-09-02T16:41:58+00:00,2026-09-02 09:41 Wed,,false,,,,false,workday:Nike:/job/Hilversum-Netherlands/Director--Brand-Marketing--Sportswear_R-76247
Nike:/job/Beaverton-Oregon/Director--Core-Studio-Footwear-Materials-Design-Expression_R-87837,Nike,"Director, Core Studio Footwear Materials Design","Beaverton, Oregon",,https://nike.wd1.myworkdayjobs.com/en-US/nke/job/Beaverton-Oregon/Director--Core-Studio-Footwear-Materials-Design-Expression_R-87837,Posted 7 Days Ago,2026-07-16,2026-07-23T17:42:05+00:00,2026-07-23 10:42 Thu,,false,,,,false,workday:Nike:/job/Beaverton-Oregon/Director--Core-Studio-Footwear-Materials-Design-Expression_R-87837
Nike:/job/Karnataka-India/Director--Data-Science-and-Advanced-Analytics--ITC_R-87581,Nike,"Director, Data Science and Advanced Analytics, ITC","Karnataka, India",,https://nike.wd1.myworkdayjobs.com/en-US/nke/job/Karnataka-India/Director--Data-Science-and-Advanced-Analytics--ITC_R-87581,Posted Today,2026-09-04,2026-07-12T07:45:02+00:00,2026-07-12 00:45 Sun,,false,,,,false,workday:Nike:/job/Karnataka-India/Director--Data-Science-and-Advanced-Analytics--ITC_R-87581
Nike:/job/Ciudad-de-Mxico-Mexico/Director--Department-Store-LATAM_R-88180,Nike,"Director, Department Store LATAM","Ciudad de México, Mexico",,https://nike.wd1.myworkdayjobs.com/en-US/nke/job/Ciudad-de-Mxico-Mexico/Director--Department-Store-LATAM_R-88180,Posted Today,2026-07-17,2026-07-17T15:41:41+00:00,2026-07-17 08:41 Fri,,false,,,,false,workday:Nike:/job/Ciudad-de-Mxico-Mexico/Director--Department-Store-LATAM_R-88180
Nike:/job/Shanghai-China-Mainland/Director--Digital-Brand-Marketing--Basketball-GC_R-80987,Nike,"Director, Digital Brand Marketing, Basketball GC","Shanghai, China Mainland",,https://nike.wd1.myworkdayjobs.com/en-US/nke/job/Shanghai-China-Mainland/Director--Digital-Brand-Marketing--Basketball-GC_R-80987,Posted 30+ Days Ago,2026-07-19,2026-08-18T12:10:51+00:00,2026-08-18 05:10 Tue,,false,,,,false,workday:Nike:/job/Shanghai-China-Mainland/Director--Digital-Brand-Marketing--Basketball-GC_R-80987
Nike:/job/Karnataka-India/Director--Digital-Partners--India_R-89353,Nike,"Director, Digital Partners, India","Karnataka, India",,https://nike.wd1.myworkdayjobs.com/en-US/nke/job/Karnataka-India/Director--Digital-Partners--India_R-89353,Posted Today,2026-08-04,2026-08-04T10:41:33+00:00,2026-08-04 03:41 Tue,,false,,,,false,workday:Nike:/job/Karnataka-India/Director--Digital-Partners--India_R-89353
Nike:/job/Boston-Massachusetts/Director--Direct-Merchandising-Global---Converse_R-81156,Nike,"Director, Direct Merchandising Global - Converse","Boston, Massachusetts",,https://nike.wd1.myworkdayjobs.com/en-US/nke/job/Boston-Massachusetts/Director--Direct-Merchandising-Global---Converse_R-81156,Posted 5 Days Ago,2026-07-07,2026-07-12T07:45:02+00:00,2026-07-12 00:45 Sun,,false,,,,false,workday:Nike:/job/Boston-Massachusetts/Director--Direct-Merchandising-Global---Converse_R-81156
Nike:/job/Beaverton-Oregon/Director--Employee-Services_R-87816,Nike,"Director, Employee Services","Beaverton, Oregon",,https://nike.wd1.myworkdayjobs.com/en-US/nke/job/Beaverton-Oregon/Director--Employee-Services_R-87816,Posted Today,2026-07-20,2026-07-20T21:53:07+00:00,2026-07-20 14:53 Mon,,false,,,,false,workday:Nike:/job/Beaverton-Oregon/Director--Employee-Services_R-87816
Nike:/job/Shanghai-China-Mainland/DIRECTOR--ENERGY-SMD_R-86423-1,Nike,"DIRECTOR, ENERGY SMD","Shanghai, China Mainland",,https://nike.wd1.myworkdayjobs.com/en-US/nke/job/Shanghai-China-Mainland/DIRECTOR--ENERGY-SMD_R-86423-1,Posted 30+ Days Ago,2026-07-19,2026-08-18T12:10:51+00:00,2026-08-18 05:10 Tue,,false,,,,false,workday:Nike:/job/Shanghai-China-Mainland/DIRECTOR--ENERGY-SMD_R-86423-1
Nike:/job/Beaverton-Oregon/Director--Global-Basketball-Footwear-Product-Management---SGA_R-87541,Nike,"Director, Global Basketball Footwear Product Management - SGA","Beaverton, Oregon",,https://nike.wd1.myworkdayjobs.com/en-US/nke/job/Beaverton-Oregon/Director--Global-Basketball-Footwear-Product-Management---SGA_R-87541,Posted Today,2026-07-17,2026-07-17T16:17:50+00:00,2026-07-17 09:17 Fri,,false,,,,false,workday:Nike:/job/Beaverton-Oregon/Director--Global-Basketball-Footwear-Product-Management---SGA_R-87541
Nike:/job/Beaverton-Oregon/Director--Global-Brand-Art-Direction---Design_R-89502,Nike,"Director, Global Brand Art Direction & Design","Beaverton, Oregon",,https://nike.wd1.myworkdayjobs.com/en-US/nke/job/Beaverton-Oregon/Director--Global-Brand-Art-Direction---Design_R-89502,Posted Today,2026-08-05,2026-08-05T21:18:05+00:00,2026-08-05 14:18 Wed,,false,,,,false,workday:Nike:/job/Beaverton-Oregon/Director--Global-Brand-Art-Direction---Design_R-89502
Nike:/job/Beaverton-Oregon/Director--Global-Finance-Operations---Director--Global-Finance-Operations---Order-to-Cash-Delivery_R-86581-1,Nike,"Director, Global Finance Operations – Director, Global Finance Operations – Order to Cash Delivery","Beaverton, Oregon",,https://nike.wd1.myworkdayjobs.com/en-US/nke/job/Beaverton-Oregon/Director--Global-Finance-Operations---Director--Global-Finance-Operations---Order-to-Cash-Delivery_R-86581-1,Posted 2 Days Ago,2026-08-28,2026-08-28T05:16:50+00:00,2026-08-27 22:16 Thu,,false,,,,false,workday:Nike:/job/Beaverton-Oregon/Director--Global-Finance-Operations---Director--Global-Finance-Operations---Order-to-Cash-Delivery_R-86581-1
Nike:/job/Beaverton-Oregon/Director--Global-Merchandising--Shai-Gilgeous-Alexander---Kobe_R-86899,Nike,"Director, Global Merchandising, Shai Gilgeous-Alexander & Kobe","Beaverton, Oregon",,https://nike.wd1.myworkdayjobs.com/en-US/nke/job/Beaverton-Oregon/Director--Global-Merchandising--Shai-Gilgeous-Alexander---Kobe_R-86899,Posted 4 Days Ago,2026-07-16,2026-07-20T17:41:49+00:00,2026-07-20 10:41 Mon,,false,,,,false,workday:Nike:/job/Beaverton-Oregon/Director--Global-Merchandising--Shai-Gilgeous-Alexander---Kobe_R-86899
Nike:/job/Seoul-Korea/Director--Integrated-Media-Korea_R-86917,Nike,"Director, Integrated Media Korea","Seoul, Korea",,https://nike.wd1.myworkdayjobs.com/en-US/nke/job/Seoul-Korea/Director--Integrated-Media-Korea_R-86917,Posted 6 Days Ago,2026-07-06,2026-07-12T07:45:02+00:00,2026-07-12 00:45 Sun,,false,,,,false,workday:Nike:/job/Seoul-Korea/Director--Integrated-Media-Korea_R-86917
Nike:/job/Beaverton-Oregon/Director--Jordan-Social-Media-Marketing--Global_R-89001,Nike,"Director, Jordan Social Media Marketing, Global","Beaverton, Oregon",,https://nike.wd1.myworkdayjobs.com/en-US/nke/job/Beaverton-Oregon/Director--Jordan-Social-Media-Marketing--Global_R-89001,Posted Today,2026-08-05,2026-08-05T15:41:56+00:00,2026-08-05 08:41 Wed,,false,,,,false,workday:Nike:/job/Beaverton-Oregon/Director--Jordan-Social-Media-Marketing--Global_R-89001
Nike:/job/Beaverton-Oregon/Director--Kobe-CMG-Design_R-87820,Nike,"Director, Kobe CMG Design","Beaverton, Oregon",,https://nike.wd1.myworkdayjobs.com/en-US/nke/job/Beaverton-Oregon/Director--Kobe-CMG-Design_R-87820,Posted Today,2026-07-21,2026-07-21T00:41:22+00:00,2026-07-20 17:41 Mon,,false,,,,false,workday:Nike:/job/Beaverton-Oregon/Director--Kobe-CMG-Design_R-87820
Nike:/job/Jakarta-Raya-Indonesia/Director--Manufacturing-Engineering_R-90408,Nike,"Director, Manufacturing Engineering","Jakarta Raya, Indonesia",,https://nike.wd1.myworkdayjobs.com/en-US/nke/job/Jakarta-Raya-Indonesia/Director--Manufacturing-Engineering_R-90408,Posted Today,2026-08-27,2026-08-26T01:57:37+00:00,2026-08-25 18:57 Tue,,false,,,,false,workday:Nike:/job/Jakarta-Raya-Indonesia/Director--Manufacturing-Engineering_R-90408
Nike:/job/Hong-Kong-Island-Hong-Kong/Director--Merchandising--HK_R-87392,Nike,"Director, Merchandising, HK","Hong Kong Island, Hong Kong",,https://nike.wd1.myworkdayjobs.com/en-US/nke/job/Hong-Kong-Island-Hong-Kong/Director--Merchandising--HK_R-87392,Posted Today,2026-07-21,2026-07-21T01:07:59+00:00,2026-07-20 18:07 Mon,,false,,,,false,workday:Nike:/job/Hong-Kong-Island-Hong-Kong/Director--Merchandising--HK_R-87392
Nike:/job/Taipei-Taiwan/Director--Merchandising--TW_R-89438,Nike,"Director, Merchandising, TW","Taipei, Taiwan",,https://nike.wd1.myworkdayjobs.com/en-US/nke/job/Taipei-Taiwan/Director--Merchandising--TW_R-89438,Posted Today,2026-08-05,2026-08-05T03:41:25+00:00,2026-08-04 20:41 Tue,,false,,,,false,workday:Nike:/job/Taipei-Taiwan/Director--Merchandising--TW_R-89438
Nike:/job/Beaverton-Oregon/Director--Mobility---Mobile-Release-Engineer_R-87621,Nike,"Director, Mobility & Mobile Release Engineer","Beaverton, Oregon",,https://nike.wd1.myworkdayjobs.com/en-US/nke/job/Beaverton-Oregon/Director--Mobility---Mobile-Release-Engineer_R-87621,Posted Today,2026-07-20,2026-07-20T19:59:35+00:00,2026-07-20 12:59 Mon,,false,,,,false,workday:Nike:/job/Beaverton-Oregon/Director--Mobility---Mobile-Release-Engineer_R-87621
Nike:/job/Beaverton-Oregon/Director--Nike-Direct-Seasonal-Retail-Creative--North-America_R-83182,Nike,"Director, Nike Direct Seasonal Retail Creative, North America","Beaverton, Oregon",,https://nike.wd1.myworkdayjobs.com/en-US/nke/job/Beaverton-Oregon/Director--Nike-Direct-Seasonal-Retail-Creative--North-America_R-83182,Posted Today,2026-08-06,2026-08-06T16:46:51+00:00,2026-08-06 09:46 Thu,,false,,,,false,workday:Nike:/job/Beaverton-Oregon/Director--Nike-Direct-Seasonal-Retail-Creative--North-America_R-83182
Nike:/job/Beaverton-Oregon/Director--Product-Integrity-Issue-Management_R-87424,Nike,"Director, Product Integrity Issue Management","Beaverton, Oregon",,https://nike.wd1.myworkdayjobs.com/en-US/nke/job/Beaverton-Oregon/Director--Product-Integrity-Issue-Management_R-87424,Posted 4 Days Ago,2026-07-08,2026-07-12T07:45:02+00:00,2026-07-12 00:45 Sun,,false,,,,false,workday:Nike:/job/Beaverton-Oregon/Director--Product-Integrity-Issue-Management_R-87424
Nike:/job/Beaverton-Oregon/Director--Product-Management--Activity---Research_R-87622,Nike,"Director, Product Management, Activity & Research","Beaverton, Oregon",,https://nike.wd1.myworkdayjobs.com/en-US/nke/job/Beaverton-Oregon/Director--Product-Management--Activity---Research_R-87622,Posted Today,2026-07-14,2026-07-14T00:59:02+00:00,2026-07-13 17:59 Mon,,false,,,,false,workday:Nike:/job/Beaverton-Oregon/Director--Product-Management--Activity---Research_R-87622
Nike:/job/Beijing-China-Mainland/Director--Region---City-Retail-Marketing---North---West--GC_R-87286,Nike,"Director, Region & City Retail Marketing,  North & West, GC","Beijing, China Mainland",,https://nike.wd1.myworkdayjobs.com/en-US/nke/job/Beijing-China-Mainland/Director--Region---City-Retail-Marketing---North---West--GC_R-87286,Posted 3 Days Ago,2026-07-09,2026-07-12T07:45:02+00:00,2026-07-12 00:45 Sun,,false,,,,false,workday:Nike:/job/Beijing-China-Mainland/Director--Region---City-Retail-Marketing---North---West--GC_R-87286
Nike:/job/London-United-Kingdom/Director--Retail-Stores-UK--South--NIKE_R-91078,Nike,"Director, Retail Stores UK (South) NIKE","London, United Kingdom",,https://nike.wd1.myworkdayjobs.com/en-US/nke/job/London-United-Kingdom/Director--Retail-Stores-UK--South--NIKE_R-91078,Posted Yesterday,2026-09-03,2026-09-02T19:42:26+00:00,2026-09-02 12:42 Wed,,false,,,,false,workday:Nike:/job/London-United-Kingdom/Director--Retail-Stores-UK--South--NIKE_R-91078
Nike:/job/Shanghai-China-Mainland/Director--Sales-Converse--China---Converse_R-89313,Nike,"Director, Sales Converse, China - Converse","Shanghai, China Mainland",,https://nike.wd1.myworkdayjobs.com/en-US/nke/job/Shanghai-China-Mainland/Director--Sales-Converse--China---Converse_R-89313,Posted Today,2026-08-04,2026-08-04T02:41:51+00:00,2026-08-03 19:41 Mon,,false,,,,false,workday:Nike:/job/Shanghai-China-Mainland/Director--Sales-Converse--China---Converse_R-89313
Nike:/job/Ciudad-de-Mxico-Mexico/Director--Sales-Innovasport-Group--LATAM_R-89844-1,Nike,"Director, Sales Innovasport Group, LATAM","Ciudad de México, Mexico",,https://nike.wd1.myworkdayjobs.com/en-US/nke/job/Ciudad-de-Mxico-Mexico/Director--Sales-Innovasport-Group--LATAM_R-89844-1,Posted Today,2026-08-11,2026-08-11T16:34:03+00:00,2026-08-11 09:34 Tue,,false,,,,false,workday:Nike:/job/Ciudad-de-Mxico-Mexico/Director--Sales-Innovasport-Group--LATAM_R-89844-1
Nike:/job/Taipei-Taiwan/Director--Sales--TW_R-88330,Nike,"Director, Sales, TW","Taipei, Taiwan",,https://nike.wd1.myworkdayjobs.com/en-US/nke/job/Taipei-Taiwan/Director--Sales--TW_R-88330,Posted Today,2026-07-20,2026-07-20T09:59:12+00:00,2026-07-20 02:59 Mon,,false,,,,false,workday:Nike:/job/Taipei-Taiwan/Director--Sales--TW_R-88330
Nike:/job/Beaverton-Oregon/Director--Self-Service-and-AI-Operations---Global-Consumer-Services_R-86781,Nike,"Director, Self-Service and AI Operations - Global Consumer Services","Beaverton, Oregon",,https://nike.wd1.myworkdayjobs.com/en-US/nke/job/Beaverton-Oregon/Director--Self-Service-and-AI-Operations---Global-Consumer-Services_R-86781,Posted 4 Days Ago,2026-07-08,2026-07-12T07:45:02+00:00,2026-07-12 00:45 Sun,,false,,,,false,workday:Nike:/job/Beaverton-Oregon/Director--Self-Service-and-AI-Operations---Global-Consumer-Services_R-86781
Nike:/job/Beaverton-Oregon/Director--Software-Engineering_R-88269,Nike,"Director, Software Engineering","Beaverton, Oregon",,https://nike.wd1.myworkdayjobs.com/en-US/nke/job/Beaverton-Oregon/Director--Software-Engineering_R-88269,Posted 6 Days Ago,2026-07-22,2026-07-28T23:56:06+00:00,2026-07-28 16:56 Tue,,false,,,,false,workday:Nike:/job/Beaverton-Oregon/Director--Software-Engineering_R-88269
Nike:/job/Karnataka-India/Director-of-Engineering--Corporate-Functions-Tech-_R-87312,Nike,"Director, Software Engineering - Corporate Functions, ITC","Karnataka, India",,https://nike.wd1.myworkdayjobs.com/en-US/nke/job/Karnataka-India/Director-of-Engineering--Corporate-Functions-Tech-_R-87312,Posted 6 Days Ago,2026-07-06,2026-07-12T07:45:02+00:00,2026-07-12 00:45 Sun,,false,,,,false,workday:Nike:/job/Karnataka-India/Director-of-Engineering--Corporate-Functions-Tech-_R-87312
Nike:/job/Karnataka-India/Director--Software-Engineering-Core-Cloud--ITC_R-85259,Nike,"Director, Software Engineering Core Cloud, ITC","Karnataka, India",,https://nike.wd1.myworkdayjobs.com/en-US/nke/job/Karnataka-India/Director--Software-Engineering-Core-Cloud--ITC_R-85259,Posted 4 Days Ago,2026-07-08,2026-07-12T07:45:02+00:00,2026-07-12 00:45 Sun,,false,,,,false,workday:Nike:/job/Karnataka-India/Director--Software-Engineering-Core-Cloud--ITC_R-85259
Nike:/job/Karnataka-India/Director--Software-Engineering--Self-service-Operational-Analytics-and-Reporting---ITC_R-88056,Nike,"Director, Software Engineering, Self-service Operational Analytics and Reporting - ITC","Karnataka, India",,https://nike.wd1.myworkdayjobs.com/en-US/nke/job/Karnataka-India/Director--Software-Engineering--Self-service-Operational-Analytics-and-Reporting---ITC_R-88056,Posted Today,2026-07-16,2026-07-16T08:59:22+00:00,2026-07-16 01:59 Thu,,false,,,,false,workday:Nike:/job/Karnataka-India/Director--Software-Engineering--Self-service-Operational-Analytics-and-Reporting---ITC_R-88056
Nike:/job/Beaverton-Oregon/Director--Sport-Product-Management--Running---Global-Accessories_R-87542,Nike,"Director, Sport Product Management, Running - Global Accessories","Beaverton, Oregon",,https://nike.wd1.myworkdayjobs.com/en-US/nke/job/Beaverton-Oregon/Director--Sport-Product-Management--Running---Global-Accessories_R-87542,Posted Today,2026-07-15,2026-07-15T01:41:33+00:00,2026-07-14 18:41 Tue,,false,,,,false,workday:Nike:/job/Beaverton-Oregon/Director--Sport-Product-Management--Running---Global-Accessories_R-87542
Nike:/job/Beaverton-Oregon/Director--Strategy--Basketball_R-89580,Nike,"Director, Strategy, Basketball","Beaverton, Oregon",,https://nike.wd1.myworkdayjobs.com/en-US/nke/job/Beaverton-Oregon/Director--Strategy--Basketball_R-89580,Posted Today,2026-08-06,2026-08-06T22:59:39+00:00,2026-08-06 15:59 Thu,,false,,,,false,workday:Nike:/job/Beaverton-Oregon/Director--Strategy--Basketball_R-89580
Nike:/job/Beaverton-Oregon/Director--Strategy--Corporate_R-89493,Nike,"Director, Strategy, Corporate","Beaverton, Oregon",,https://nike.wd1.myworkdayjobs.com/en-US/nke/job/Beaverton-Oregon/Director--Strategy--Corporate_R-89493,Posted Today,2026-08-05,2026-08-05T18:48:36+00:00,2026-08-05 11:48 Wed,,false,,,,false,workday:Nike:/job/Beaverton-Oregon/Director--Strategy--Corporate_R-89493
Nike:/job/Shanghai-China-Mainland/Director--Supply-Chain-and-Planning-Innovation--GC_R-89225,Nike,"Director, Supply Chain and Planning Innovation, GC","Shanghai, China Mainland",,https://nike.wd1.myworkdayjobs.com/en-US/nke/job/Shanghai-China-Mainland/Director--Supply-Chain-and-Planning-Innovation--GC_R-89225,Posted Today,2026-08-03,2026-08-03T08:17:41+00:00,2026-08-03 01:17 Mon,,false,,,,false,workday:Nike:/job/Shanghai-China-Mainland/Director--Supply-Chain-and-Planning-Innovation--GC_R-89225
Nike:/job/Karnataka-India/Director--Technical-Product-Management--ITC_R-85161,Nike,"Director, Technical Product Management, ITC","Karnataka, India",,https://nike.wd1.myworkdayjobs.com/en-US/nke/job/Karnataka-India/Director--Technical-Product-Management--ITC_R-85161,Posted Today,2026-09-04,2026-08-12T12:59:52+00:00,2026-08-12 05:59 Wed,,false,,,,false,workday:Nike:/job/Karnataka-India/Director--Technical-Product-Management--ITC_R-85161
Nike:/job/Karnataka-India/Director--Technical-Program-Management--ITC_R-86381,Nike,"Director, Technical Program Management, ITC","Karnataka, India",,https://nike.wd1.myworkdayjobs.com/en-US/nke/job/Karnataka-India/Director--Technical-Program-Management--ITC_R-86381,Posted 3 Days Ago,2026-08-29,2026-07-13T12:16:53+00:00,2026-07-13 05:16 Mon,,false,,,,false,workday:Nike:/job/Karnataka-India/Director--Technical-Program-Management--ITC_R-86381
Nike:/job/Beaverton-Oregon/Director--Training---NSW-Innovation-Footwear-Product-Design_R-90737,Nike,"Director, Training & NSW Innovation Footwear Product Design","Beaverton, Oregon",,https://nike.wd1.myworkdayjobs.com/en-US/nke/job/Beaverton-Oregon/Director--Training---NSW-Innovation-Footwear-Product-Design_R-90737,Posted Today,2026-09-04,2026-09-04T17:58:43+00:00,2026-09-04 10:58 Fri,,false,,,,false,workday:Nike:/job/Beaverton-Oregon/Director--Training---NSW-Innovation-Footwear-Product-Design_R-90737
Nike:/job/Beaverton-Oregon/Director--Treasury-Cash-and-Banking-Americas_R-90166,Nike,"Director, Treasury Cash and Banking Americas","Beaverton, Oregon",,https://nike.wd1.myworkdayjobs.com/en-US/nke/job/Beaverton-Oregon/Director--Treasury-Cash-and-Banking-Americas_R-90166,Posted Yesterday,2026-09-02,2026-08-25T21:46:47+00:00,2026-08-25 14:46 Tue,,false,,,,false,workday:Nike:/job/Beaverton-Oregon/Director--Treasury-Cash-and-Banking-Americas_R-90166
Nike:/job/Karnataka-India/Distinguished-Engineer---Data--Knowledge----AI-Platforms---ITC_R-86515,Nike,"Distinguished Engineer - Data, Knowledge, & AI Platforms - ITC","Karnataka, India",,https://nike.wd1.myworkdayjobs.com/en-US/nke/job/Karnataka-India/Distinguished-Engineer---Data--Knowledge----AI-Platforms---ITC_R-86515,Posted 30+ Days Ago,2026-07-19,2026-08-18T12:10:51+00:00,2026-08-18 05:10 Tue,,false,,,,false,workday:Nike:/job/Karnataka-India/Distinguished-Engineer---Data--Knowledge----AI-Platforms---ITC_R-86515
Nike:/job/Memphis-Tennessee/Distribution-Center-Operations-Manager_R-83374,Nike,Distribution Center Operations Manager,"Memphis, Tennessee",,https://nike.wd1.myworkdayjobs.com/en-US/nke/job/Memphis-Tennessee/Distribution-Center-Operations-Manager_R-83374,Posted Yesterday,2026-09-01,2026-07-15T13:59:19+00:00,2026-07-15 06:59 Wed,,false,,,,false,workday:Nike:/job/Memphis-Tennessee/Distribution-Center-Operations-Manager_R-83374
Nike:/job/Memphis-Tennessee/Distribution-Center-Operations-Manager_R-83369,Nike,Distribution Center Operations Manager,"Memphis, Tennessee",,https://nike.wd1.myworkdayjobs.com/en-US/nke/job/Memphis-Tennessee/Distribution-Center-Operations-Manager_R-83369,Posted Today,2026-07-15,2026-07-15T14:17:27+00:00,2026-07-15 07:17 Wed,,false,,,,false,workday:Nike:/job/Memphis-Tennessee/Distribution-Center-Operations-Manager_R-83369
Nike:/job/Memphis-Tennessee/Distribution-Center-Operations-Manager_R-83377,Nike,Distribution Center Operations Manager,"Memphis, Tennessee",,https://nike.wd1.myworkdayjobs.com/en-US/nke/job/Memphis-Tennessee/Distribution-Center-Operations-Manager_R-83377,Posted Today,2026-07-15,2026-07-15T14:41:28+00:00,2026-07-15 07:41 Wed,,false,,,,false,workday:Nike:/job/Memphis-Tennessee/Distribution-Center-Operations-Manager_R-83377
Nike:/job/Ham-Belgium/Distribution-Supervisor---Late-Shift_R-87681,Nike,Distribution Supervisor - Late Shift,"Ham, Belgium",,https://nike.wd1.myworkdayjobs.com/en-US/nke/job/Ham-Belgium/Distribution-Supervisor---Late-Shift_R-87681,Posted 3 Days Ago,2026-08-29,2026-07-16T12:41:19+00:00,2026-07-16 05:41 Thu,,false,,,,false,workday:Nike:/job/Ham-Belgium/Distribution-Supervisor---Late-Shift_R-87681
Nike:/job/Gliwice-Poland/Doradca---Doradczyni-klienta-w-sklepie--FT-PT-_R-91089,Nike,Doradca / Doradczyni klienta w sklepie (FT&PT),"Gliwice, Poland",,https://nike.wd1.myworkdayjobs.com/en-US/nke/job/Gliwice-Poland/Doradca---Doradczyni-klienta-w-sklepie--FT-PT-_R-91089,Posted Today,2026-09-01,2026-08-31T13:38:32+00:00,2026-08-31 06:38 Mon,,false,,,,false,workday:Nike:/job/Gliwice-Poland/Doradca---Doradczyni-klienta-w-sklepie--FT-PT-_R-91089
Nike:/job/Warsaw-Poland/Doradca-Klienta--Full-time-_R-85795,Nike,Doradca Klienta (Full-time),"Warsaw, Poland",,https://nike.wd1.myworkdayjobs.com/en-US/nke/job/Warsaw-Poland/Doradca-Klienta--Full-time-_R-85795,Posted 30+ Days Ago,2026-07-19,2026-08-18T12:10:51+00:00,2026-08-18 05:10 Tue,,false,,,,false,workday:Nike:/job/Warsaw-Poland/Doradca-Klienta--Full-time-_R-85795
Nike:/job/Lubo-Poland/Doradca-Klienta--Part-time-_R-87222,Nike,Doradca Klienta (Part-time),"Luboń, Poland",,https://nike.wd1.myworkdayjobs.com/en-US/nke/job/Lubo-Poland/Doradca-Klienta--Part-time-_R-87222,Posted 6 Days Ago,2026-07-06,2026-07-12T07:45:02+00:00,2026-07-12 00:45 Sun,,false,,,,false,workday:Nike:/job/Lubo-Poland/Doradca-Klienta--Part-time-_R-87222
Nike:/job/Szczecin-Poland/Doradca-Klienta--Part-time-_R-87700,Nike,Doradca Klienta (Part-time),"Szczecin, Poland",,https://nike.wd1.myworkdayjobs.com/en-US/nke/job/Szczecin-Poland/Doradca-Klienta--Part-time-_R-87700,Posted 2 Days Ago,2026-07-10,2026-07-12T07:45:02+00:00,2026-07-12 00:45 Sun,,false,,,,false,workday:Nike:/job/Szczecin-Poland/Doradca-Klienta--Part-time-_R-87700
Nike:/job/Wroclaw-Poland/Doradca-Klienta--Part-time-_R-87798,Nike,Doradca Klienta (Part-time),"Wroclaw, Poland",,https://nike.wd1.myworkdayjobs.com/en-US/nke/job/Wroclaw-Poland/Doradca-Klienta--Part-time-_R-87798,Posted Today,2026-07-13,2026-07-13T14:40:57+00:00,2026-07-13 07:40 Mon,,false,,,,false,workday:Nike:/job/Wroclaw-Poland/Doradca-Klienta--Part-time-_R-87798
Nike:/job/Krakow-Poland/Doradca-Klienta--Part-time-_R-88335,Nike,Doradca Klienta (Part-time),"Krakow, Poland",,https://nike.wd1.myworkdayjobs.com/en-US/nke/job/Krakow-Poland/Doradca-Klienta--Part-time-_R-88335,Posted Today,2026-07-20,2026-07-20T11:41:43+00:00,2026-07-20 04:41 Mon,,false,,,,false,workday:Nike:/job/Krakow-Poland/Doradca-Klienta--Part-time-_R-88335
Nike:/job/Warsaw-Poland/Doradca-Klienta--Part-time-_R-88677-1,Nike,Doradca Klienta (Part-time),"Warsaw, Poland",,https://nike.wd1.myworkdayjobs.com/en-US/nke/job/Warsaw-Poland/Doradca-Klienta--Part-time-_R-88677-1,Posted Today,2026-07-24,2026-07-24T10:41:13+00:00,2026-07-24 03:41 Fri,,false,,,,false,workday:Nike:/job/Warsaw-Poland/Doradca-Klienta--Part-time-_R-88677-1
Nike:/job/Wroclaw-Poland/Doradca-Klienta--Part-time-_R-88852,Nike,Doradca Klienta (Part-time),"Wroclaw, Poland",,https://nike.wd1.myworkdayjobs.com/en-US/nke/job/Wroclaw-Poland/Doradca-Klienta--Part-time-_R-88852,Posted 6 Days Ago,2026-07-22,2026-07-28T12:59:34+00:00,2026-07-28 05:59 Tue,,false,,,,false,workday:Nike:/job/Wroclaw-Poland/Doradca-Klienta--Part-time-_R-88852
Nike:/job/Gdansk-Poland/Doradca-Klienta_R-88729,Nike,Doradca Klienta (Part-time),"Gdansk, Poland",,https://nike.wd1.myworkdayjobs.com/en-US/nke/job/Gdansk-Poland/Doradca-Klienta_R-88729,Posted 3 Days Ago,2026-07-26,2026-07-29T08:59:15+00:00,2026-07-29 01:59 Wed,,false,,,,false,workday:Nike:/job/Gdansk-Poland/Doradca-Klienta_R-88729
Nike:/job/Rzgw-Poland/Doradca-Klienta--Part-time-_R-89055,Nike,Doradca Klienta (Part-time),"Rzgów, Poland",,https://nike.wd1.myworkdayjobs.com/en-US/nke/job/Rzgw-Poland/Doradca-Klienta--Part-time-_R-89055,Posted 4 Days Ago,2026-07-26,2026-07-30T10:17:23+00:00,2026-07-30 03:17 Thu,,false,,,,false,workday:Nike:/job/Rzgw-Poland/Doradca-Klienta--Part-time-_R-89055
Nike:/job/Warsaw-Poland/Doradca-Klienta--Part-time-_R-90191,Nike,Doradca Klienta (Part-time),"Warsaw, Poland",,https://nike.wd1.myworkdayjobs.com/en-US/nke/job/Warsaw-Poland/Doradca-Klienta--Part-time-_R-90191,Posted Yesterday,2026-08-19,2026-08-18T08:41:51+00:00,2026-08-18 01:41 Tue,,false,,,,false,workday:Nike:/job/Warsaw-Poland/Doradca-Klienta--Part-time-_R-90191
Nike:/job/Lubo-Poland/Doradca-Klienta--Part-time-_R-83814,Nike,Doradca Klienta (Part-time),"Luboń, Poland",,https://nike.wd1.myworkdayjobs.com/en-US/nke/job/Lubo-Poland/Doradca-Klienta--Part-time-_R-83814,Posted 30+ Days Ago,2026-07-19,2026-08-18T12:10:51+00:00,2026-08-18 05:10 Tue,,false,,,,false,workday:Nike:/job/Lubo-Poland/Doradca-Klienta--Part-time-_R-83814
Nike:/job/Warsaw-Poland/Doradca-Klienta--Part-time-_R-83417,Nike,Doradca Klienta (Part-time),"Warsaw, Poland",,https://nike.wd1.myworkdayjobs.com/en-US/nke/job/Warsaw-Poland/Doradca-Klienta--Part-time-_R-83417,Posted 30+ Days Ago,2026-07-19,2026-08-18T12:10:51+00:00,2026-08-18 05:10 Tue,,false,,,,false,workday:Nike:/job/Warsaw-Poland/Doradca-Klienta--Part-time-_R-83417
Nike:/job/Krakow-Poland/Retail-Associate-II_R-90372,Nike,Doradca Klienta (Part-time),"Krakow, Poland",,https://nike.wd1.myworkdayjobs.com/en-US/nke/job/Krakow-Poland/Retail-Associate-II_R-90372,Posted 3 Days Ago,2026-08-22,2026-08-21T10:41:49+00:00,2026-08-21 03:41 Fri,,false,,,,false,workday:Nike:/job/Krakow-Poland/Retail-Associate-II_R-90372
Nike:/job/Warsaw-Poland/Doradca-Klienta--Part-time-_R-90515-1,Nike,Doradca Klienta (Part-time),"Warsaw, Poland",,https://nike.wd1.myworkdayjobs.com/en-US/nke/job/Warsaw-Poland/Doradca-Klienta--Part-time-_R-90515-1,Posted Today,2026-08-25,2026-08-24T10:59:19+00:00,2026-08-24 03:59 Mon,,false,,,,false,workday:Nike:/job/Warsaw-Poland/Doradca-Klienta--Part-time-_R-90515-1
Nike:/job/Sosnowiec-Poland/Doradca-Klienta--Part-time-_R-91055,Nike,Doradca Klienta (Part-time),"Sosnowiec, Poland",,https://nike.wd1.myworkdayjobs.com/en-US/nke/job/Sosnowiec-Poland/Doradca-Klienta--Part-time-_R-91055,Posted Today,2026-09-01,2026-08-31T07:41:34+00:00,2026-08-31 00:41 Mon,,false,,,,false,workday:Nike:/job/Sosnowiec-Poland/Doradca-Klienta--Part-time-_R-91055
Nike:/job/Roermond-Netherlands/Driver-Retail-Assistant--Athlete----FLEX-HRS---NIKE-ROERMOND_R-89168,Nike,Driver Retail Assistant (Athlete) - FLEX HRS - NIKE ROERMOND,"Roermond, Netherlands",,https://nike.wd1.myworkdayjobs.com/en-US/nke/job/Roermond-Netherlands/Driver-Retail-Assistant--Athlete----FLEX-HRS---NIKE-ROERMOND_R-89168,Posted 3 Days Ago,2026-07-28,2026-07-31T11:59:42+00:00,2026-07-31 04:59 Fri,,false,,,,false,workday:Nike:/job/Roermond-Netherlands/Driver-Retail-Assistant--Athlete----FLEX-HRS---NIKE-ROERMOND_R-89168
Nike:/job/Hilversum-Netherlands/EMEA-Specialist--Stores-Signature-Services_R-87895-1,Nike,"EMEA Specialist, Stores Signature Services","Hilversum, Netherlands",,https://nike.wd1.myworkdayjobs.com/en-US/nke/job/Hilversum-Netherlands/EMEA-Specialist--Stores-Signature-Services_R-87895-1,Posted Today,2026-07-16,2026-07-16T09:17:09+00:00,2026-07-16 02:17 Thu,,false,,,,false,workday:Nike:/job/Hilversum-Netherlands/EMEA-Specialist--Stores-Signature-Services_R-87895-1
Nike:/job/Laakdal-Belgium/Employee-Experience-Services-Specialist_R-88054-1,Nike,Employee Experience Services Specialist,"Laakdal, Belgium",,https://nike.wd1.myworkdayjobs.com/en-US/nke/job/Laakdal-Belgium/Employee-Experience-Services-Specialist_R-88054-1,Posted Today,2026-08-05,2026-08-05T09:41:39+00:00,2026-08-05 02:41 Wed,,false,,,,false,workday:Nike:/job/Laakdal-Belgium/Employee-Experience-Services-Specialist_R-88054-1
Nike:/job/Laakdal-Belgium/Employee-Experience-Services-Specialist_R-89597,Nike,Employee Experience Services Specialist,"Laakdal, Belgium",,https://nike.wd1.myworkdayjobs.com/en-US/nke/job/Laakdal-Belgium/Employee-Experience-Services-Specialist_R-89597,Posted Yesterday,2026-08-27,2026-08-07T07:41:40+00:00,2026-08-07 00:41 Fri,,false,,,,false,workday:Nike:/job/Laakdal-Belgium/Employee-Experience-Services-Specialist_R-89597
Nike:/job/Busan-Korea/Engineer--Footwear-Cost-Engineering--Korea_R-87089,Nike,"Engineer, Footwear Cost Engineering, Korea","Busan, Korea",,https://nike.wd1.myworkdayjobs.com/en-US/nke/job/Busan-Korea/Engineer--Footwear-Cost-Engineering--Korea_R-87089,Posted 5 Days Ago,2026-07-07,2026-07-12T07:45:02+00:00,2026-07-12 00:45 Sun,,false,,,,false,workday:Nike:/job/Busan-Korea/Engineer--Footwear-Cost-Engineering--Korea_R-87089
Nike:/job/District-of-Columbia-United-States-of-America/Entry--EKIN-Marketplace--Retail-Marketing--Washington-DC_R-88904-1,Nike,"Entry, EKIN Marketplace, Retail Marketing, Washington DC","District of Columbia, United States of America",,https://nike.wd1.myworkdayjobs.com/en-US/nke/job/District-of-Columbia-United-States-of-America/Entry--EKIN-Marketplace--Retail-Marketing--Washington-DC_R-88904-1,Posted Today,2026-08-03,2026-08-03T20:52:11+00:00,2026-08-03 13:52 Mon,,false,,,,false,workday:Nike:/job/District-of-Columbia-United-States-of-America/Entry--EKIN-Marketplace--Retail-Marketing--Washington-DC_R-88904-1
Nike:/job/Cleveland-Ohio/Entry--EKIN-PRE--Retail-Marketing--Columbus_R-88902,Nike,"Entry, EKIN PRE, Retail Marketing, Columbus","Cleveland, Ohio",,https://nike.wd1.myworkdayjobs.com/en-US/nke/job/Cleveland-Ohio/Entry--EKIN-PRE--Retail-Marketing--Columbus_R-88902,Posted Today,2026-07-28,2026-07-28T20:59:32+00:00,2026-07-28 13:59 Tue,,false,,,,false,workday:Nike:/job/Cleveland-Ohio/Entry--EKIN-PRE--Retail-Marketing--Columbus_R-88902
Nike:/job/OHIO-FIELD/Entry--EKIN-PRE--Retail-Marketing--Columbus_R-88902,Nike,"Entry, EKIN PRE, Retail Marketing, Columbus",OHIO FIELD,,https://nike.wd1.myworkdayjobs.com/en-US/nke/job/OHIO-FIELD/Entry--EKIN-PRE--Retail-Marketing--Columbus_R-88902,Posted 6 Days Ago,2026-07-22,2026-07-28T21:24:25+00:00,2026-07-28 14:24 Tue,,false,,,,false,workday:Nike:/job/OHIO-FIELD/Entry--EKIN-PRE--Retail-Marketing--Columbus_R-88902
Nike:/job/Shanghai-China-Mainland/Executive-Assistant_R-89911,Nike,Executive Assistant,"Shanghai, China Mainland",,https://nike.wd1.myworkdayjobs.com/en-US/nke/job/Shanghai-China-Mainland/Executive-Assistant_R-89911,Posted Today,2026-08-12,2026-08-12T09:17:15+00:00,2026-08-12 02:17 Wed,,false,,,,false,workday:Nike:/job/Shanghai-China-Mainland/Executive-Assistant_R-89911
Nike:/job/Beaverton-Oregon/Executive-Assistant---Brand-Management--Global_R-89062,Nike,"Executive Assistant - Brand Management, Global","Beaverton, Oregon",,https://nike.wd1.myworkdayjobs.com/en-US/nke/job/Beaverton-Oregon/Executive-Assistant---Brand-Management--Global_R-89062,Posted 5 Days Ago,2026-07-24,2026-07-29T22:17:10+00:00,2026-07-29 15:17 Wed,,false,,,,false,workday:Nike:/job/Beaverton-Oregon/Executive-Assistant---Brand-Management--Global_R-89062
Nike:/job/Boston-Massachusetts/Executive-Assistant---Converse_R-88244,Nike,Executive Assistant - Converse,"Boston, Massachusetts",,https://nike.wd1.myworkdayjobs.com/en-US/nke/job/Boston-Massachusetts/Executive-Assistant---Converse_R-88244,Posted Today,2026-07-20,2026-07-20T20:17:28+00:00,2026-07-20 13:17 Mon,,false,,,,false,workday:Nike:/job/Boston-Massachusetts/Executive-Assistant---Converse_R-88244
Nike:/job/Beaverton-Oregon/Executive-Assistant---Global-Jordan-Footwear_R-86979,Nike,Executive Assistant - Global Jordan Footwear,"Beaverton, Oregon",,https://nike.wd1.myworkdayjobs.com/en-US/nke/job/Beaverton-Oregon/Executive-Assistant---Global-Jordan-Footwear_R-86979,Posted Today,2026-07-14,2026-07-14T21:00:00+00:00,2026-07-14 14:00 Tue,,false,,,,false,workday:Nike:/job/Beaverton-Oregon/Executive-Assistant---Global-Jordan-Footwear_R-86979
Nike:/job/Beaverton-Oregon/Executive-Assistant---Local-Creation_R-87660,Nike,Executive Assistant - Local Creation,"Beaverton, Oregon",,https://nike.wd1.myworkdayjobs.com/en-US/nke/job/Beaverton-Oregon/Executive-Assistant---Local-Creation_R-87660,Posted 2 Days Ago,2026-07-10,2026-07-12T07:45:02+00:00,2026-07-12 00:45 Sun,,false,,,,false,workday:Nike:/job/Beaverton-Oregon/Executive-Assistant---Local-Creation_R-87660
Nike:/job/Beaverton-Oregon/Expert-Designer--Accessories-Color-Design_R-88138,Nike,"Expert Designer, Accessories Color Design","Beaverton, Oregon",,https://nike.wd1.myworkdayjobs.com/en-US/nke/job/Beaverton-Oregon/Expert-Designer--Accessories-Color-Design_R-88138,Posted Today,2026-07-17,2026-07-17T23:17:19+00:00,2026-07-17 16:17 Fri,,false,,,,false,workday:Nike:/job/Beaverton-Oregon/Expert-Designer--Accessories-Color-Design_R-88138
Nike:/job/Beaverton-Oregon/Expert-Designer--Basketball-Apparel-Graphic-Design_R-88087,Nike,"Expert Designer, Basketball Apparel Graphic Design","Beaverton, Oregon",,https://nike.wd1.myworkdayjobs.com/en-US/nke/job/Beaverton-Oregon/Expert-Designer--Basketball-Apparel-Graphic-Design_R-88087,Posted Today,2026-07-22,2026-07-22T21:46:17+00:00,2026-07-22 14:46 Wed,,false,,,,false,workday:Nike:/job/Beaverton-Oregon/Expert-Designer--Basketball-Apparel-Graphic-Design_R-88087
Nike:/job/Beaverton-Oregon/Expert-Designer--Basketball-Branded---Signature-Apparel-Graphic-Design_R-85688-1,Nike,"Expert Designer, Basketball Branded & Signature Apparel Graphic Design","Beaverton, Oregon",,https://nike.wd1.myworkdayjobs.com/en-US/nke/job/Beaverton-Oregon/Expert-Designer--Basketball-Branded---Signature-Apparel-Graphic-Design_R-85688-1,Posted Today,2026-08-07,2026-08-07T00:17:41+00:00,2026-08-06 17:17 Thu,,false,,,,false,workday:Nike:/job/Beaverton-Oregon/Expert-Designer--Basketball-Branded---Signature-Apparel-Graphic-Design_R-85688-1
Nike:/job/Beaverton-Oregon/Expert-Designer--Energy-Athlete-Atelier-Footwear-Product-Design_R-86972-1,Nike,"Expert Designer, Energy Athlete Atelier Footwear Product Design","Beaverton, Oregon",,https://nike.wd1.myworkdayjobs.com/en-US/nke/job/Beaverton-Oregon/Expert-Designer--Energy-Athlete-Atelier-Footwear-Product-Design_R-86972-1,Posted 3 Days Ago,2026-07-09,2026-07-12T07:45:02+00:00,2026-07-12 00:45 Sun,,false,,,,false,workday:Nike:/job/Beaverton-Oregon/Expert-Designer--Energy-Athlete-Atelier-Footwear-Product-Design_R-86972-1
Nike:/job/Beaverton-Oregon/Expert-Designer--Energy-Graphic-Design--Global-Jordan_R-75818,Nike,"Expert Designer, Energy Graphic Design, Global Jordan","Beaverton, Oregon",,https://nike.wd1.myworkdayjobs.com/en-US/nke/job/Beaverton-Oregon/Expert-Designer--Energy-Graphic-Design--Global-Jordan_R-75818,Posted 30+ Days Ago,2026-07-19,2026-08-18T12:10:51+00:00,2026-08-18 05:10 Tue,,false,,,,false,workday:Nike:/job/Beaverton-Oregon/Expert-Designer--Energy-Graphic-Design--Global-Jordan_R-75818
Nike:/job/Beaverton-Oregon/Expert-Designer--Energy-Graphic-Design--Global-Jordan_R-90941,Nike,"Expert Designer, Energy Graphic Design, Global Jordan","Beaverton, Oregon",,https://nike.wd1.myworkdayjobs.com/en-US/nke/job/Beaverton-Oregon/Expert-Designer--Energy-Graphic-Design--Global-Jordan_R-90941,Posted Yesterday,2026-08-28,2026-08-27T16:18:11+00:00,2026-08-27 09:18 Thu,,false,,,,false,workday:Nike:/job/Beaverton-Oregon/Expert-Designer--Energy-Graphic-Design--Global-Jordan_R-90941
Nike:/job/Beaverton-Oregon/Expert-Designer--Field-Sports-Materials-Design_R-87919-1,Nike,"Expert Designer, Field Sports Materials Design","Beaverton, Oregon",,https://nike.wd1.myworkdayjobs.com/en-US/nke/job/Beaverton-Oregon/Expert-Designer--Field-Sports-Materials-Design_R-87919-1,Posted Today,2026-07-16,2026-07-16T17:42:03+00:00,2026-07-16 10:42 Thu,,false,,,,false,workday:Nike:/job/Beaverton-Oregon/Expert-Designer--Field-Sports-Materials-Design_R-87919-1
Nike:/job/Beaverton-Oregon/Expert-Designer--Champions-League-Accessories-Graphic-Design_R-87323,Nike,"Expert Designer, Global Football Accessories, Graphic Design","Beaverton, Oregon",,https://nike.wd1.myworkdayjobs.com/en-US/nke/job/Beaverton-Oregon/Expert-Designer--Champions-League-Accessories-Graphic-Design_R-87323,Posted 6 Days Ago,2026-07-06,2026-07-12T07:45:02+00:00,2026-07-12 00:45 Sun,,false,,,,false,workday:Nike:/job/Beaverton-Oregon/Expert-Designer--Champions-League-Accessories-Graphic-Design_R-87323
Nike:/job/Beaverton-Oregon/Expert-Designer--Golf-Apparel-Product-Design_R-74788,Nike,"Expert Designer, Golf Apparel Product Design","Beaverton, Oregon",,https://nike.wd1.myworkdayjobs.com/en-US/nke/job/Beaverton-Oregon/Expert-Designer--Golf-Apparel-Product-Design_R-74788,Posted 7 Days Ago,2026-07-20,2026-07-27T17:59:53+00:00,2026-07-27 10:59 Mon,,false,,,,false,workday:Nike:/job/Beaverton-Oregon/Expert-Designer--Golf-Apparel-Product-Design_R-74788
Nike:/job/Beaverton-Oregon/Expert-Designer--Golf-Footwear-Product-Design-Create_R-89994,Nike,"Expert Designer, Golf Footwear Product Design Create","Beaverton, Oregon",,https://nike.wd1.myworkdayjobs.com/en-US/nke/job/Beaverton-Oregon/Expert-Designer--Golf-Footwear-Product-Design-Create_R-89994,Posted Today,2026-08-13,2026-08-13T17:59:49+00:00,2026-08-13 10:59 Thu,,false,,,,false,workday:Nike:/job/Beaverton-Oregon/Expert-Designer--Golf-Footwear-Product-Design-Create_R-89994
Nike:/job/Beaverton-Oregon/Senior-Manager--Kids-Tees-Apparel-Graphic-Design_R-86041,Nike,"Expert Designer, Kids NSW & Sport Tees Graphic Design","Beaverton, Oregon",,https://nike.wd1.myworkdayjobs.com/en-US/nke/job/Beaverton-Oregon/Senior-Manager--Kids-Tees-Apparel-Graphic-Design_R-86041,Posted 30+ Days Ago,2026-07-19,2026-08-18T12:10:51+00:00,2026-08-18 05:10 Tue,,false,,,,false,workday:Nike:/job/Beaverton-Oregon/Senior-Manager--Kids-Tees-Apparel-Graphic-Design_R-86041
Nike:/job/Beaverton-Oregon/Expert-Designer--NSW-Modern-Footwear-Product-Design-Create_R-77016,Nike,"Expert Designer, NSW Modern Footwear Product Design Create","Beaverton, Oregon",,https://nike.wd1.myworkdayjobs.com/en-US/nke/job/Beaverton-Oregon/Expert-Designer--NSW-Modern-Footwear-Product-Design-Create_R-77016,Posted Today,2026-07-23,2026-07-23T00:17:18+00:00,2026-07-22 17:17 Wed,,false,,,,false,workday:Nike:/job/Beaverton-Oregon/Expert-Designer--NSW-Modern-Footwear-Product-Design-Create_R-77016
Nike:/job/Beaverton-Oregon/Expert-Designer--Tennis-Apparel-Product-Design_R-88507-1,Nike,"Expert Designer, Tennis Apparel Product Design","Beaverton, Oregon",,https://nike.wd1.myworkdayjobs.com/en-US/nke/job/Beaverton-Oregon/Expert-Designer--Tennis-Apparel-Product-Design_R-88507-1,Posted Today,2026-07-22,2026-07-22T00:41:33+00:00,2026-07-21 17:41 Tue,,false,,,,false,workday:Nike:/job/Beaverton-Oregon/Expert-Designer--Tennis-Apparel-Product-Design_R-88507-1
Nike:/job/Beaverton-Oregon/Expert-Sport-Product-Line-Manager---Global-Accessories--Multiple-Openings-_R-87905,Nike,Expert Sport Product Line Manager - Global Accessories (Multiple Openings),"Beaverton, Oregon",,https://nike.wd1.myworkdayjobs.com/en-US/nke/job/Beaverton-Oregon/Expert-Sport-Product-Line-Manager---Global-Accessories--Multiple-Openings-_R-87905,Posted Today,2026-07-14,2026-07-14T18:41:32+00:00,2026-07-14 11:41 Tue,,false,,,,false,workday:Nike:/job/Beaverton-Oregon/Expert-Sport-Product-Line-Manager---Global-Accessories--Multiple-Openings-_R-87905
Nike:/job/Los-Angeles-California/Expert--Apparel---Footwear-Graphic-Design_R-90843,Nike,"Expert, Apparel & Footwear Graphic Design","Los Angeles, California",,https://nike.wd1.myworkdayjobs.com/en-US/nke/job/Los-Angeles-California/Expert--Apparel---Footwear-Graphic-Design_R-90843,Posted Yesterday,2026-08-27,2026-08-26T22:33:16+00:00,2026-08-26 15:33 Wed,Computer Vision,true,Keyword,46,keyword-only heuristic,false,workday:Nike:/job/Los-Angeles-California/Expert--Apparel---Footwear-Graphic-Design_R-90843
Nike:/job/Beaverton-Oregon/Expert--Global-Football-Brand-Marketing---APLA_R-88526,Nike,"Expert, Global Football Brand Marketing - APLA","Beaverton, Oregon",,https://nike.wd1.myworkdayjobs.com/en-US/nke/job/Beaverton-Oregon/Expert--Global-Football-Brand-Marketing---APLA_R-88526,Posted Today,2026-07-27,2026-07-27T16:17:40+00:00,2026-07-27 09:17 Mon,,false,,,,false,workday:Nike:/job/Beaverton-Oregon/Expert--Global-Football-Brand-Marketing---APLA_R-88526
Nike:/job/Hong-Kong-Island-Hong-Kong/Expert--HK-Sales--Jordan-GC_R-88634,Nike,"Expert, HK Sales, Jordan GC","Hong Kong Island, Hong Kong",,https://nike.wd1.myworkdayjobs.com/en-US/nke/job/Hong-Kong-Island-Hong-Kong/Expert--HK-Sales--Jordan-GC_R-88634,Posted Today,2026-07-23,2026-07-23T03:17:24+00:00,2026-07-22 20:17 Wed,,false,,,,false,workday:Nike:/job/Hong-Kong-Island-Hong-Kong/Expert--HK-Sales--Jordan-GC_R-88634
Nike:/job/Houston-Texas/Expert--Regional-Integrated-Retail-Marketing--Jordan-NA_R-81259-1,Nike,"Expert, Regional Integrated Retail Marketing, Jordan NA","Houston, Texas",,https://nike.wd1.myworkdayjobs.com/en-US/nke/job/Houston-Texas/Expert--Regional-Integrated-Retail-Marketing--Jordan-NA_R-81259-1,Posted Today,2026-07-15,2026-07-15T13:59:19+00:00,2026-07-15 06:59 Wed,,false,,,,false,workday:Nike:/job/Houston-Texas/Expert--Regional-Integrated-Retail-Marketing--Jordan-NA_R-81259-1
Nike:/job/Taipei-Taiwan/Expert--TW-Sales--Jordan-GC_R-88635-1,Nike,"Expert, TW Sales, Jordan GC","Taipei, Taiwan",,https://nike.wd1.myworkdayjobs.com/en-US/nke/job/Taipei-Taiwan/Expert--TW-Sales--Jordan-GC_R-88635-1,Posted Today,2026-07-23,2026-07-23T03:17:24+00:00,2026-07-22 20:17 Wed,,false,,,,false,workday:Nike:/job/Taipei-Taiwan/Expert--TW-Sales--Jordan-GC_R-88635-1
Nike:/job/Herzogenaurach-Germany/Ferienaushilfe--Athlete----30h-Woche_R-87761,Nike,Ferienaushilfe (Athlete) - 30h/Woche,"Herzogenaurach, Germany",,https://nike.wd1.myworkdayjobs.com/en-US/nke/job/Herzogenaurach-Germany/Ferienaushilfe--Athlete----30h-Woche_R-87761,Posted Today,2026-07-17,2026-07-17T10:17:28+00:00,2026-07-17 03:17 Fri,,false,,,,false,workday:Nike:/job/Herzogenaurach-Germany/Ferienaushilfe--Athlete----30h-Woche_R-87761
Nike:/job/Berlin-Germany/Field-Sales-Representative_R-90539,Nike,Field Sales Representative,"Berlin, Germany",,https://nike.wd1.myworkdayjobs.com/en-US/nke/job/Berlin-Germany/Field-Sales-Representative_R-90539,Posted Yesterday,2026-09-01,2026-08-31T18:42:14+00:00,2026-08-31 11:42 Mon,,false,,,,false,workday:Nike:/job/Berlin-Germany/Field-Sales-Representative_R-90539
Nike:/job/Memphis-Tennessee/Field-Support-Engineer_R-89668,Nike,Field Support Engineer,"Memphis, Tennessee",,https://nike.wd1.myworkdayjobs.com/en-US/nke/job/Memphis-Tennessee/Field-Support-Engineer_R-89668,Posted Yesterday,2026-08-20,2026-08-19T22:40:38+00:00,2026-08-19 15:40 Wed,Computer Vision,true,CLI,12,"The candidate has strong software, Linux, automation, and troubleshooting experience but lacks the required Windows administration, desktop support, Active Directory, PowerShell, server administration, physical security systems, and M365 expertise.",false,workday:Nike:/job/Memphis-Tennessee/Field-Support-Engineer_R-89668
Nike:/job/Hilversum-Netherlands/Financial-Planning-Analyst_R-88670,Nike,Financial Planning Analyst,"Hilversum, Netherlands",,https://nike.wd1.myworkdayjobs.com/en-US/nke/job/Hilversum-Netherlands/Financial-Planning-Analyst_R-88670,Posted Today,2026-08-12,2026-08-12T17:13:58+00:00,2026-08-12 10:13 Wed,,false,,,,false,workday:Nike:/job/Hilversum-Netherlands/Financial-Planning-Analyst_R-88670
Nike:/job/London-United-Kingdom/Floor-Manager--Athlete-Services---Training-Coach----NEW-NIKE-LONDON-FLAGSHIP_R-88494,Nike,Floor Manager (Athlete Services & Training Coach) - NEW NIKE LONDON FLAGSHIP,"London, United Kingdom",,https://nike.wd1.myworkdayjobs.com/en-US/nke/job/London-United-Kingdom/Floor-Manager--Athlete-Services---Training-Coach----NEW-NIKE-LONDON-FLAGSHIP_R-88494,Posted Today,2026-07-21,2026-07-21T20:17:41+00:00,2026-07-21 13:17 Tue,,false,,,,false,workday:Nike:/job/London-United-Kingdom/Floor-Manager--Athlete-Services---Training-Coach----NEW-NIKE-LONDON-FLAGSHIP_R-88494
Nike:/job/NFS-BIRMINGHAM-OUTLET/Floor-Manager--Coach----Birmingham-Outlet-Resorts-World_R-90700,Nike,Floor Manager (Coach) - Birmingham Outlet Resorts World,NFS BIRMINGHAM OUTLET,,https://nike.wd1.myworkdayjobs.com/en-US/nke/job/NFS-BIRMINGHAM-OUTLET/Floor-Manager--Coach----Birmingham-Outlet-Resorts-World_R-90700,Posted Yesterday,2026-08-29,2026-08-28T07:41:40+00:00,2026-08-28 00:41 Fri,,false,,,,false,workday:Nike:/job/NFS-BIRMINGHAM-OUTLET/Floor-Manager--Coach----Birmingham-Outlet-Resorts-World_R-90700
Nike:/job/Merry-Hill-Birmingham-Merry-Hill-United-Kingdom/Floor-Manager--Coach----Merry-Hill_R-90210,Nike,Floor Manager (Coach) - Merry Hill,"Merry Hill, Birmingham Merry Hill, United Kingdom",,https://nike.wd1.myworkdayjobs.com/en-US/nke/job/Merry-Hill-Birmingham-Merry-Hill-United-Kingdom/Floor-Manager--Coach----Merry-Hill_R-90210,Posted Yesterday,2026-08-19,2026-08-18T13:30:15+00:00,2026-08-18 06:30 Tue,,false,,,,false,workday:Nike:/job/Merry-Hill-Birmingham-Merry-Hill-United-Kingdom/Floor-Manager--Coach----Merry-Hill_R-90210
Nike:/job/Amsterdam-Netherlands/Floor-Manager--Coach----NIKE-AMSTERDAM-OSDORP_R-89479,Nike,Floor Manager (Coach) - NIKE AMSTERDAM OSDORP,"Amsterdam, Netherlands",,https://nike.wd1.myworkdayjobs.com/en-US/nke/job/Amsterdam-Netherlands/Floor-Manager--Coach----NIKE-AMSTERDAM-OSDORP_R-89479,Posted Today,2026-08-11,2026-08-11T10:59:43+00:00,2026-08-11 03:59 Tue,,false,,,,false,workday:Nike:/job/Amsterdam-Netherlands/Floor-Manager--Coach----NIKE-AMSTERDAM-OSDORP_R-89479
Nike:/job/Maasmechelen-Belgium/Floor-Manager--Coach----NIKE-MAASMECHELEN_R-87468,Nike,Floor Manager (Coach) - NIKE MAASMECHELEN,"Maasmechelen, Belgium",,https://nike.wd1.myworkdayjobs.com/en-US/nke/job/Maasmechelen-Belgium/Floor-Manager--Coach----NIKE-MAASMECHELEN_R-87468,Posted 4 Days Ago,2026-07-08,2026-07-12T07:45:02+00:00,2026-07-12 00:45 Sun,,false,,,,false,workday:Nike:/job/Maasmechelen-Belgium/Floor-Manager--Coach----NIKE-MAASMECHELEN_R-87468
Nike:/job/Muiden-Netherlands/Floor-Manager--Coach----NIKE-MUIDEN_R-90385,Nike,Floor Manager (Coach) - NIKE MUIDEN,"Muiden, Netherlands",,https://nike.wd1.myworkdayjobs.com/en-US/nke/job/Muiden-Netherlands/Floor-Manager--Coach----NIKE-MUIDEN_R-90385,Posted Yesterday,2026-08-21,2026-08-20T16:52:04+00:00,2026-08-20 09:52 Thu,,false,,,,false,workday:Nike:/job/Muiden-Netherlands/Floor-Manager--Coach----NIKE-MUIDEN_R-90385
Nike:/job/Roermond-Netherlands/Floor-Manager--Coach----NIKE-ROERMOND_R-83901,Nike,Floor Manager (Coach) - NIKE ROERMOND,"Roermond, Netherlands",,https://nike.wd1.myworkdayjobs.com/en-US/nke/job/Roermond-Netherlands/Floor-Manager--Coach----NIKE-ROERMOND_R-83901,Posted Today,2026-08-25,2026-08-24T11:48:27+00:00,2026-08-24 04:48 Mon,,false,,,,false,workday:Nike:/job/Roermond-Netherlands/Floor-Manager--Coach----NIKE-ROERMOND_R-83901
Nike:/job/Vestby-Norway/Floor-Manager--Coach----NIKE-VESTBY--OSLO-_R-87409,Nike,Floor Manager (Coach) - NIKE VESTBY (OSLO),"Vestby, Norway",,https://nike.wd1.myworkdayjobs.com/en-US/nke/job/Vestby-Norway/Floor-Manager--Coach----NIKE-VESTBY--OSLO-_R-87409,Posted 5 Days Ago,2026-07-07,2026-07-12T07:45:02+00:00,2026-07-12 00:45 Sun,,false,,,,false,workday:Nike:/job/Vestby-Norway/Floor-Manager--Coach----NIKE-VESTBY--OSLO-_R-87409
Nike:/job/Gretna-Green-United-Kingdom/Floor-Manager--Coach----Gretna-Green_R-87897-1,Nike,Floor Manager (Coach) – Gretna Green,"Gretna Green, United Kingdom",,https://nike.wd1.myworkdayjobs.com/en-US/nke/job/Gretna-Green-United-Kingdom/Floor-Manager--Coach----Gretna-Green_R-87897-1,Posted Today,2026-07-23,2026-07-23T10:59:30+00:00,2026-07-23 03:59 Thu,,false,,,,false,workday:Nike:/job/Gretna-Green-United-Kingdom/Floor-Manager--Coach----Gretna-Green_R-87897-1
Nike:/job/LONDON-OFFICE/Floor-Manager--Coach---Signature-Services---NEW-LONDON-FLAGSHIP_R-88659,Nike,Floor Manager (Coach)– Signature Services – NEW LONDON FLAGSHIP,LONDON OFFICE,,https://nike.wd1.myworkdayjobs.com/en-US/nke/job/LONDON-OFFICE/Floor-Manager--Coach---Signature-Services---NEW-LONDON-FLAGSHIP_R-88659,Posted Today,2026-07-23,2026-07-23T09:41:48+00:00,2026-07-23 02:41 Thu,,false,,,,false,workday:Nike:/job/LONDON-OFFICE/Floor-Manager--Coach---Signature-Services---NEW-LONDON-FLAGSHIP_R-88659
Nike:/job/LONDON-OFFICE/Floor-Manager--Night-Operations-Coach----NEW-NIKE-LONDON-FLAGSHIP_R-87347,Nike,Floor Manager (Night Operations Coach) - NEW NIKE LONDON FLAGSHIP,LONDON OFFICE,,https://nike.wd1.myworkdayjobs.com/en-US/nke/job/LONDON-OFFICE/Floor-Manager--Night-Operations-Coach----NEW-NIKE-LONDON-FLAGSHIP_R-87347,Posted 6 Days Ago,2026-07-06,2026-07-12T07:45:02+00:00,2026-07-12 00:45 Sun,,false,,,,false,workday:Nike:/job/LONDON-OFFICE/Floor-Manager--Night-Operations-Coach----NEW-NIKE-LONDON-FLAGSHIP_R-87347
Nike:/job/LONDON-OFFICE/Floor-Manager--Operations-Coach----NEW-NIKE-LONDON-FLAGSHIP_R-87357,Nike,Floor Manager (Operations Coach) - NEW NIKE LONDON FLAGSHIP,LONDON OFFICE,,https://nike.wd1.myworkdayjobs.com/en-US/nke/job/LONDON-OFFICE/Floor-Manager--Operations-Coach----NEW-NIKE-LONDON-FLAGSHIP_R-87357,Posted 6 Days Ago,2026-07-06,2026-07-12T07:45:02+00:00,2026-07-12 00:45 Sun,,false,,,,false,workday:Nike:/job/LONDON-OFFICE/Floor-Manager--Operations-Coach----NEW-NIKE-LONDON-FLAGSHIP_R-87357
Nike:/job/Chelsea-Kings-Road-United-Kingdom/Floor-Manager--Service-Coach----Chelsea-Kings-Road_R-89084,Nike,Floor Manager (Service Coach) - Chelsea Kings Road,"Chelsea, Kings Road, United Kingdom",,https://nike.wd1.myworkdayjobs.com/en-US/nke/job/Chelsea-Kings-Road-United-Kingdom/Floor-Manager--Service-Coach----Chelsea-Kings-Road_R-89084,Posted Today,2026-08-28,2026-08-27T12:41:37+00:00,2026-08-27 05:41 Thu,,false,,,,false,workday:Nike:/job/Chelsea-Kings-Road-United-Kingdom/Floor-Manager--Service-Coach----Chelsea-Kings-Road_R-89084
Nike:/job/LONDON-OFFICE/Floor-Manager--Service-Coach----NEW-NIKE-LONDON-FLAGSHIP_R-87346,Nike,Floor Manager (Service Coach) - NEW NIKE LONDON FLAGSHIP,LONDON OFFICE,,https://nike.wd1.myworkdayjobs.com/en-US/nke/job/LONDON-OFFICE/Floor-Manager--Service-Coach----NEW-NIKE-LONDON-FLAGSHIP_R-87346,Posted Yesterday,2026-09-03,2026-07-12T07:45:02+00:00,2026-07-12 00:45 Sun,,false,,,,false,workday:Nike:/job/LONDON-OFFICE/Floor-Manager--Service-Coach----NEW-NIKE-LONDON-FLAGSHIP_R-87346
Nike:/job/Loanhead-United-Kingdom/Floor-Manager--Visual-Merchandise----Edinburgh-Loanhead_R-88536,Nike,Floor Manager (Visual Merchandise) - Edinburgh Loanhead,"Loanhead, United Kingdom",,https://nike.wd1.myworkdayjobs.com/en-US/nke/job/Loanhead-United-Kingdom/Floor-Manager--Visual-Merchandise----Edinburgh-Loanhead_R-88536,Posted Today,2026-07-22,2026-07-22T13:41:40+00:00,2026-07-22 06:41 Wed,,false,,,,false,workday:Nike:/job/Loanhead-United-Kingdom/Floor-Manager--Visual-Merchandise----Edinburgh-Loanhead_R-88536
Nike:/job/Wembley-London/Floor-Manager--Visual-Merchandising---Styling-Coach----40HR---Nike-Wembley_R-88837-1,Nike,Floor Manager (Visual Merchandising & Styling Coach) - 40HR - Nike Wembley,"Wembley, London",,https://nike.wd1.myworkdayjobs.com/en-US/nke/job/Wembley-London/Floor-Manager--Visual-Merchandising---Styling-Coach----40HR---Nike-Wembley_R-88837-1,Posted Today,2026-08-04,2026-08-04T14:37:18+00:00,2026-08-04 07:37 Tue,,false,,,,false,workday:Nike:/job/Wembley-London/Floor-Manager--Visual-Merchandising---Styling-Coach----40HR---Nike-Wembley_R-88837-1
Nike:/job/LONDON-OFFICE/Floor-Manager--Visual-Merchandising---Styling-Coach----NEW-NIKE-LONDON-FLAGSHIP_R-87348,Nike,Floor Manager (Visual Merchandising & Styling Coach) - NEW NIKE LONDON FLAGSHIP,LONDON OFFICE,,https://nike.wd1.myworkdayjobs.com/en-US/nke/job/LONDON-OFFICE/Floor-Manager--Visual-Merchandising---Styling-Coach----NEW-NIKE-LONDON-FLAGSHIP_R-87348,Posted 6 Days Ago,2026-07-06,2026-07-12T07:45:02+00:00,2026-07-12 00:45 Sun,,false,,,,false,workday:Nike:/job/LONDON-OFFICE/Floor-Manager--Visual-Merchandising---Styling-Coach----NEW-NIKE-LONDON-FLAGSHIP_R-87348
Nike:/job/Kings-Cross-United-Kingdom/Floor-Manager----Commercial-Coach--40hrs-FTC---Kings-Cross_R-87484-1,Nike,Floor Manager - (Commercial Coach) 40hrs FTC - Kings Cross,"Kings Cross, United Kingdom",,https://nike.wd1.myworkdayjobs.com/en-US/nke/job/Kings-Cross-United-Kingdom/Floor-Manager----Commercial-Coach--40hrs-FTC---Kings-Cross_R-87484-1,Posted Today,2026-07-17,2026-07-17T10:41:30+00:00,2026-07-17 03:41 Fri,,false,,,,false,workday:Nike:/job/Kings-Cross-United-Kingdom/Floor-Manager----Commercial-Coach--40hrs-FTC---Kings-Cross_R-87484-1
Nike:/job/NIKE-VIETNAM-HQ/Footwear-Costing-Analyst---Converse_R-85820,Nike,Footwear Costing Analyst - Converse (Ninh Binh),NIKE VIETNAM HQ,,https://nike.wd1.myworkdayjobs.com/en-US/nke/job/NIKE-VIETNAM-HQ/Footwear-Costing-Analyst---Converse_R-85820,Posted 30+ Days Ago,2026-07-19,2026-08-18T12:10:51+00:00,2026-08-18 05:10 Tue,,false,,,,false,workday:Nike:/job/NIKE-VIETNAM-HQ/Footwear-Costing-Analyst---Converse_R-85820
Nike:/job/Beaverton-Oregon/Footwear-Design-Director--Nike-Basketball-Signature-Athlete_R-89110,Nike,"Footwear Design Director, Nike Basketball Signature Athlete","Beaverton, Oregon",,https://nike.wd1.myworkdayjobs.com/en-US/nke/job/Beaverton-Oregon/Footwear-Design-Director--Nike-Basketball-Signature-Athlete_R-89110,Posted 4 Days Ago,2026-07-26,2026-07-30T17:17:56+00:00,2026-07-30 10:17 Thu,,false,,,,false,workday:Nike:/job/Beaverton-Oregon/Footwear-Design-Director--Nike-Basketball-Signature-Athlete_R-89110
Nike:/job/Shanghai-China-Mainland/Footwear-Designer-II-CTM---Converse_R-88640,Nike,Footwear Designer II CTM - Converse,"Shanghai, China Mainland",,https://nike.wd1.myworkdayjobs.com/en-US/nke/job/Shanghai-China-Mainland/Footwear-Designer-II-CTM---Converse_R-88640,Posted Today,2026-07-23,2026-07-23T05:41:12+00:00,2026-07-22 22:41 Wed,,false,,,,false,workday:Nike:/job/Shanghai-China-Mainland/Footwear-Designer-II-CTM---Converse_R-88640
Nike:/job/Beaverton-Oregon/Footwear-Principal-Value-Engineer_R-89123-1,Nike,Footwear Principal Value Engineer,"Beaverton, Oregon",,https://nike.wd1.myworkdayjobs.com/en-US/nke/job/Beaverton-Oregon/Footwear-Principal-Value-Engineer_R-89123-1,Posted Today,2026-07-30,2026-07-30T23:41:26+00:00,2026-07-30 16:41 Thu,,false,,,,false,workday:Nike:/job/Beaverton-Oregon/Footwear-Principal-Value-Engineer_R-89123-1
Nike:/job/Beaverton-Oregon/Footwear-Product-Developer_R-90233,Nike,Footwear Product Developer,"Beaverton, OR",,https://nike.wd1.myworkdayjobs.com/en-US/nke/job/Beaverton-Oregon/Footwear-Product-Developer_R-90233,,,2026-08-19T07:11:06+00:00,2026-08-19 00:11 Wed,Other Technical,true,Keyword,40,keyword-only heuristic (title only),false,workday:Nike:/job/Beaverton-Oregon/Footwear-Product-Developer_R-90233|speedyapply:SpeedyApply SWE:https://nike.wd1.myworkdayjobs.com/en-US/nke/job/Beaverton-Oregon/Footwear-Product-Developer_R-90233
Nike:/job/NFS-AU-BRISBANE-AIRPORT/Full-Time-Athlete--Retail-Associate----Nike--Brisbane-Airport-DFO_R-83505,Nike,"Full Time Athlete (Retail Associate) - Nike, Brisbane Airport DFO",NFS AU BRISBANE AIRPORT,,https://nike.wd1.myworkdayjobs.com/en-US/nke/job/NFS-AU-BRISBANE-AIRPORT/Full-Time-Athlete--Retail-Associate----Nike--Brisbane-Airport-DFO_R-83505,Posted Today,2026-07-22,2026-07-22T01:41:17+00:00,2026-07-21 18:41 Tue,,false,,,,false,workday:Nike:/job/NFS-AU-BRISBANE-AIRPORT/Full-Time-Athlete--Retail-Associate----Nike--Brisbane-Airport-DFO_R-83505
Nike:/job/NFS-AU-MELBOURNE-SOUTHWHARF/Full-Time-Athlete---Retail-Associate---Nike--South-Wharf_R-89009,Nike,"Full Time Athlete | Retail Associate - Nike, South Wharf",NFS AU MELBOURNE SOUTHWHARF,,https://nike.wd1.myworkdayjobs.com/en-US/nke/job/NFS-AU-MELBOURNE-SOUTHWHARF/Full-Time-Athlete---Retail-Associate---Nike--South-Wharf_R-89009,Posted 5 Days Ago,2026-07-24,2026-07-29T05:59:14+00:00,2026-07-28 22:59 Tue,,false,,,,false,workday:Nike:/job/NFS-AU-MELBOURNE-SOUTHWHARF/Full-Time-Athlete---Retail-Associate---Nike--South-Wharf_R-89009
Nike:/job/Adelaide-South-Australia/Full-Time-Athlete-Retail-Associate--Nike-Adelaide--South-Australia_R-89965,Nike,"Full Time Athlete/Retail Associate, Nike Adelaide, South Australia","Adelaide, South Australia",,https://nike.wd1.myworkdayjobs.com/en-US/nke/job/Adelaide-South-Australia/Full-Time-Athlete-Retail-Associate--Nike-Adelaide--South-Australia_R-89965,Posted Today,2026-09-02,2026-08-14T05:17:17+00:00,2026-08-13 22:17 Thu,,false,,,,false,workday:Nike:/job/Adelaide-South-Australia/Full-Time-Athlete-Retail-Associate--Nike-Adelaide--South-Australia_R-89965
Nike:/job/Jindalee-Australia/Full-Time-Athlete-Retail-Associate--Nike-Jindalee-QLD_R-90617,Nike,"Full Time Athlete/Retail Associate, Nike Jindalee QLD","Jindalee, Australia",,https://nike.wd1.myworkdayjobs.com/en-US/nke/job/Jindalee-Australia/Full-Time-Athlete-Retail-Associate--Nike-Jindalee-QLD_R-90617,Posted Today,2026-08-27,2026-08-26T01:41:34+00:00,2026-08-25 18:41 Tue,,false,,,,false,workday:Nike:/job/Jindalee-Australia/Full-Time-Athlete-Retail-Associate--Nike-Jindalee-QLD_R-90617
Nike:/job/Central-Singapore-Singapore/Full-Time-Retail-Associate--Riverside-Point-_R-83305,Nike,Full Time Retail Associate (Riverside Point) (Back Of House),"Central Singapore, Singapore",,https://nike.wd1.myworkdayjobs.com/en-US/nke/job/Central-Singapore-Singapore/Full-Time-Retail-Associate--Riverside-Point-_R-83305,Posted Today,2026-08-13,2026-08-13T06:59:46+00:00,2026-08-12 23:59 Wed,,false,,,,false,workday:Nike:/job/Central-Singapore-Singapore/Full-Time-Retail-Associate--Riverside-Point-_R-83305
Nike:/job/Sydney-New-South-Wales/Full-Time-Selling-and-Service-Specialist--Nike-Liverpool_R-90488,Nike,"Full Time Selling and Service Specialist, Nike Liverpool","Sydney, New South Wales",,https://nike.wd1.myworkdayjobs.com/en-US/nke/job/Sydney-New-South-Wales/Full-Time-Selling-and-Service-Specialist--Nike-Liverpool_R-90488,Posted Today,2026-08-28,2026-08-27T06:41:43+00:00,2026-08-26 23:41 Wed,,false,,,,false,workday:Nike:/job/Sydney-New-South-Wales/Full-Time-Selling-and-Service-Specialist--Nike-Liverpool_R-90488
Nike:/job/Istanbul-Turkey/Full-time-Magaza-Satis-Danismani--Olivium-_R-89715,Nike,Full-time Magaza Satis Danismani (Olivium),"Istanbul, Turkey",,https://nike.wd1.myworkdayjobs.com/en-US/nke/job/Istanbul-Turkey/Full-time-Magaza-Satis-Danismani--Olivium-_R-89715,Posted Today,2026-08-11,2026-08-11T08:41:38+00:00,2026-08-11 01:41 Tue,,false,,,,false,workday:Nike:/job/Istanbul-Turkey/Full-time-Magaza-Satis-Danismani--Olivium-_R-89715
Nike:/job/Istanbul-Turkey/Full-time-Magaza-Satis-Danismani--Viaport-Pendik-_R-90978,Nike,Full-time Magaza Satis Danismani (Viaport Pendik),"Istanbul, Turkey",,https://nike.wd1.myworkdayjobs.com/en-US/nke/job/Istanbul-Turkey/Full-time-Magaza-Satis-Danismani--Viaport-Pendik-_R-90978,Posted Yesterday,2026-09-03,2026-09-01T21:18:19+00:00,2026-09-01 14:18 Tue,,false,,,,false,workday:Nike:/job/Istanbul-Turkey/Full-time-Magaza-Satis-Danismani--Viaport-Pendik-_R-90978
Nike:/job/Singapore-Singapore/NIKE-Draft-Day---Full-time-Retail-Associates--CCP--IMM--Riverside-Point-_R-63802,Nike,"Full-time Retail Associate, Changi City Point","Singapore, Singapore",,https://nike.wd1.myworkdayjobs.com/en-US/nke/job/Singapore-Singapore/NIKE-Draft-Day---Full-time-Retail-Associates--CCP--IMM--Riverside-Point-_R-63802,Posted 30+ Days Ago,2026-07-19,2026-08-18T12:10:51+00:00,2026-08-18 05:10 Tue,,false,,,,false,workday:Nike:/job/Singapore-Singapore/NIKE-Draft-Day---Full-time-Retail-Associates--CCP--IMM--Riverside-Point-_R-63802
Nike:/job/New-South-Wales-Australia/Fulltime-Retail-Athlete--Associate--Nike-Birkenhead-Point_R-89008,Nike,"Fulltime Athlete | Retail Associate - Nike, Birkenhead Point","New South Wales, Australia",,https://nike.wd1.myworkdayjobs.com/en-US/nke/job/New-South-Wales-Australia/Fulltime-Retail-Athlete--Associate--Nike-Birkenhead-Point_R-89008,Posted Today,2026-08-09,2026-08-09T23:17:30+00:00,2026-08-09 16:17 Sun,,false,,,,false,workday:Nike:/job/New-South-Wales-Australia/Fulltime-Retail-Athlete--Associate--Nike-Birkenhead-Point_R-89008
Nike:/job/Biggera-Waters-Australia/Fulltime-Athlete---Retail-Associate--Nike-Goldcoast_R-89320-1,Nike,"Fulltime Athlete | Retail Associate, Nike Goldcoast","Biggera Waters, Australia",,https://nike.wd1.myworkdayjobs.com/en-US/nke/job/Biggera-Waters-Australia/Fulltime-Athlete---Retail-Associate--Nike-Goldcoast_R-89320-1,Posted Today,2026-08-11,2026-08-11T01:17:23+00:00,2026-08-10 18:17 Mon,,false,,,,false,workday:Nike:/job/Biggera-Waters-Australia/Fulltime-Athlete---Retail-Associate--Nike-Goldcoast_R-89320-1
Nike:/job/Biggera-Waters-Australia/Fulltime-Coach--Nike-Goldcoast_R-89440,Nike,"Fulltime Coach, Nike Goldcoast","Biggera Waters, Australia",,https://nike.wd1.myworkdayjobs.com/en-US/nke/job/Biggera-Waters-Australia/Fulltime-Coach--Nike-Goldcoast_R-89440,Posted Today,2026-08-11,2026-08-11T07:41:20+00:00,2026-08-11 00:41 Tue,,false,,,,false,workday:Nike:/job/Biggera-Waters-Australia/Fulltime-Coach--Nike-Goldcoast_R-89440
Nike:/job/Montebelluna-Italy/FW-Engineer-Technician-II-Italy_R-87788,Nike,FW Engineer Technician II Italy,"Montebelluna, Italy",,https://nike.wd1.myworkdayjobs.com/en-US/nke/job/Montebelluna-Italy/FW-Engineer-Technician-II-Italy_R-87788,Posted Today,2026-07-14,2026-07-14T14:31:55+00:00,2026-07-14 07:31 Tue,,false,,,,false,workday:Nike:/job/Montebelluna-Italy/FW-Engineer-Technician-II-Italy_R-87788
Nike:/job/Beaverton-Oregon/Generative-AI-Lead-Designer_R-88358,Nike,Generative AI Lead Designer,"Beaverton, Oregon",,https://nike.wd1.myworkdayjobs.com/en-US/nke/job/Beaverton-Oregon/Generative-AI-Lead-Designer_R-88358,Posted Today,2026-07-20,2026-07-20T17:41:49+00:00,2026-07-20 10:41 Mon,,false,,,,false,workday:Nike:/job/Beaverton-Oregon/Generative-AI-Lead-Designer_R-88358
Nike:d83bbe53-fd2f-4fdb-b01c-d7fafd7f1f40,Nike,Global Apparel Materials Developer Intern - Apparel Development - Global Apparel Materials,"Beaverton, OR",Software,https://nike.wd1.myworkdayjobs.com/nke/job/Beaverton-Oregon/NIKE--Inc-Apparel-Development--Global-Apparel-Materials--Undergraduate-Internship_R-91228,2026-09-01,2026-09-01,2026-09-01T20:14:15+00:00,2026-09-01 13:14 Tue,Computer Vision,true,Keyword,49,keyword-only heuristic,false,simplify:Simplify Internships:d83bbe53-fd2f-4fdb-b01c-d7fafd7f1f40
Nike:/job/Beaverton-Oregon/Global-Director-Merchandising-Men-s-Running-Footwear_R-88860,Nike,Global Director Merchandising Men’s Running Footwear,"Beaverton, Oregon",,https://nike.wd1.myworkdayjobs.com/en-US/nke/job/Beaverton-Oregon/Global-Director-Merchandising-Men-s-Running-Footwear_R-88860,Posted 7 Days Ago,2026-07-20,2026-07-27T17:59:53+00:00,2026-07-27 10:59 Mon,,false,,,,false,workday:Nike:/job/Beaverton-Oregon/Global-Director-Merchandising-Men-s-Running-Footwear_R-88860
Nike:/job/Beaverton-Oregon/Global-Intelligence-Analyst-II_R-91432,Nike,Global Intelligence Analyst II,"Beaverton, Oregon",,https://nike.wd1.myworkdayjobs.com/en-US/nke/job/Beaverton-Oregon/Global-Intelligence-Analyst-II_R-91432,Posted Yesterday,2026-09-03,2026-09-03T23:16:57+00:00,2026-09-03 16:16 Thu,Computer Vision,true,CLI,38,"The candidate has strong Python, SQL-adjacent data handling, predictive modeling, and cross-functional analytical experience, but lacks demonstrated business intelligence, forecasting, A/B testing, visualization, and executive insight communication in a non-technical corporate context.",false,workday:Nike:/job/Beaverton-Oregon/Global-Intelligence-Analyst-II_R-91432
Nike:/job/Beaverton-Oregon/Global-Process-Delivery-Analyst-I_R-90723,Nike,Global Process Delivery Analyst I,"Beaverton, Oregon",,https://nike.wd1.myworkdayjobs.com/en-US/nke/job/Beaverton-Oregon/Global-Process-Delivery-Analyst-I_R-90723,Posted Yesterday,2026-08-26,2026-08-25T20:42:07+00:00,2026-08-25 13:42 Tue,AI / ML,true,Keyword,43,keyword-only heuristic,false,workday:Nike:/job/Beaverton-Oregon/Global-Process-Delivery-Analyst-I_R-90723
Nike:/job/Hilversum-Netherlands/Global-Process-Delivery-Analyst-I--EMEA_R-87204,Nike,"Global Process Delivery Analyst I, EMEA","Hilversum, Netherlands",,https://nike.wd1.myworkdayjobs.com/en-US/nke/job/Hilversum-Netherlands/Global-Process-Delivery-Analyst-I--EMEA_R-87204,Posted Today,2026-08-27,2026-08-27T06:17:24+00:00,2026-08-26 23:17 Wed,,false,,,,false,workday:Nike:/job/Hilversum-Netherlands/Global-Process-Delivery-Analyst-I--EMEA_R-87204
Nike:/job/Beaverton-Oregon/Global-Retail-Marketing--Retail-Experience-Manager_R-88233,Nike,"Global Retail Marketing, Retail Experience Manager","Beaverton, Oregon",,https://nike.wd1.myworkdayjobs.com/en-US/nke/job/Beaverton-Oregon/Global-Retail-Marketing--Retail-Experience-Manager_R-88233,Posted Today,2026-07-20,2026-07-20T07:17:43+00:00,2026-07-20 00:17 Mon,,false,,,,false,workday:Nike:/job/Beaverton-Oregon/Global-Retail-Marketing--Retail-Experience-Manager_R-88233
Nike:/job/Beaverton-Oregon/Global-Senior-Director--Sport-Energy-Marketing_R-86116,Nike,"Global Senior Director, Energy Marketing","Beaverton, Oregon",,https://nike.wd1.myworkdayjobs.com/en-US/nke/job/Beaverton-Oregon/Global-Senior-Director--Sport-Energy-Marketing_R-86116,Posted 2 Days Ago,2026-08-18,2026-07-12T07:45:02+00:00,2026-07-12 00:45 Sun,,false,,,,false,workday:Nike:/job/Beaverton-Oregon/Global-Senior-Director--Sport-Energy-Marketing_R-86116
Nike:/job/Beaverton-Oregon/Global-Jordan-Visual-Merchandising-Lead_R-86031,Nike,"Global Visual Merchandising Lead, Jordan Brand","Beaverton, Oregon",,https://nike.wd1.myworkdayjobs.com/en-US/nke/job/Beaverton-Oregon/Global-Jordan-Visual-Merchandising-Lead_R-86031,Posted Yesterday,2026-08-26,2026-08-25T17:42:09+00:00,2026-08-25 10:42 Tue,,false,,,,false,workday:Nike:/job/Beaverton-Oregon/Global-Jordan-Visual-Merchandising-Lead_R-86031
Nike:/job/Shanghai-China-Mainland/GM--Jordan-Direct-GC_R-80338,Nike,"GM, Jordan Direct GC","Shanghai, China Mainland",,https://nike.wd1.myworkdayjobs.com/en-US/nke/job/Shanghai-China-Mainland/GM--Jordan-Direct-GC_R-80338,Posted 30+ Days Ago,2026-07-19,2026-08-18T12:10:51+00:00,2026-08-18 05:10 Tue,,false,,,,false,workday:Nike:/job/Shanghai-China-Mainland/GM--Jordan-Direct-GC_R-80338
Nike:/job/Hilversum-Netherlands/GTM-Strategy-and-Transformation-Lead-Commercial-Strategy---Transformation-Lead_R-90528,Nike,GTM Strategy and Transformation Lead,"Hilversum, Netherlands",,https://nike.wd1.myworkdayjobs.com/en-US/nke/job/Hilversum-Netherlands/GTM-Strategy-and-Transformation-Lead-Commercial-Strategy---Transformation-Lead_R-90528,Posted Yesterday,2026-09-03,2026-08-31T08:59:18+00:00,2026-08-31 01:59 Mon,,false,,,,false,workday:Nike:/job/Hilversum-Netherlands/GTM-Strategy-and-Transformation-Lead-Commercial-Strategy---Transformation-Lead_R-90528
Nike:/job/Guangzhou-China-Mainland/Head-Coach_R-88926,Nike,Head Coach,"Guangzhou, China Mainland",,https://nike.wd1.myworkdayjobs.com/en-US/nke/job/Guangzhou-China-Mainland/Head-Coach_R-88926,Posted Today,2026-08-04,2026-08-04T07:17:33+00:00,2026-08-04 00:17 Tue,,false,,,,false,workday:Nike:/job/Guangzhou-China-Mainland/Head-Coach_R-88926
Nike:/job/Foshan-China-Mainland/Head-Coach_R-82924-1,Nike,Head Coach,"Foshan, China Mainland",,https://nike.wd1.myworkdayjobs.com/en-US/nke/job/Foshan-China-Mainland/Head-Coach_R-82924-1,Posted 30+ Days Ago,2026-07-19,2026-08-18T12:10:51+00:00,2026-08-18 05:10 Tue,,false,,,,false,workday:Nike:/job/Foshan-China-Mainland/Head-Coach_R-82924-1
Nike:/job/Shenzhen-China-Mainland/Head-Coach_R-85867,Nike,Head Coach,"Shenzhen, China Mainland",,https://nike.wd1.myworkdayjobs.com/en-US/nke/job/Shenzhen-China-Mainland/Head-Coach_R-85867,Posted 30+ Days Ago,2026-07-19,2026-08-18T12:10:51+00:00,2026-08-18 05:10 Tue,,false,,,,false,workday:Nike:/job/Shenzhen-China-Mainland/Head-Coach_R-85867
Nike:/job/Sydney-New-South-Wales/Head-Coach--Store-Manager-----Nike--Liverpool_R-85126,Nike,"Head Coach (Store Manager)  - Nike, Liverpool","Sydney, New South Wales",,https://nike.wd1.myworkdayjobs.com/en-US/nke/job/Sydney-New-South-Wales/Head-Coach--Store-Manager-----Nike--Liverpool_R-85126,Posted Today,2026-09-02,2026-08-06T04:41:43+00:00,2026-08-05 21:41 Wed,,false,,,,false,workday:Nike:/job/Sydney-New-South-Wales/Head-Coach--Store-Manager-----Nike--Liverpool_R-85126
Nike:/job/Zapopan-Mexico/Head-Coach---Gerente-de-Tienda---Nike-Plaza-Patria---Guadalajara_R-87996,Nike,Head Coach / Gerente de Tienda | Nike Plaza Patria - Guadalajara,"Zapopan, Mexico",,https://nike.wd1.myworkdayjobs.com/en-US/nke/job/Zapopan-Mexico/Head-Coach---Gerente-de-Tienda---Nike-Plaza-Patria---Guadalajara_R-87996,Posted 4 Days Ago,2026-07-26,2026-07-30T21:17:31+00:00,2026-07-30 14:17 Thu,,false,,,,false,workday:Nike:/job/Zapopan-Mexico/Head-Coach---Gerente-de-Tienda---Nike-Plaza-Patria---Guadalajara_R-87996
Nike:/job/Ciudad-de-Mxico-Mexico/Head-Coach---Gerente-de-Tienda---Nike-Unite-Coapa_R-90258,Nike,Head Coach / Gerente de Tienda | Nike Unite Coapa,"Ciudad de México, Mexico",,https://nike.wd1.myworkdayjobs.com/en-US/nke/job/Ciudad-de-Mxico-Mexico/Head-Coach---Gerente-de-Tienda---Nike-Unite-Coapa_R-90258,Posted Yesterday,2026-08-20,2026-08-19T15:42:10+00:00,2026-08-19 08:42 Wed,,false,,,,false,workday:Nike:/job/Ciudad-de-Mxico-Mexico/Head-Coach---Gerente-de-Tienda---Nike-Unite-Coapa_R-90258
Nike:/job/Veracruz-Mexico/Head-Coach---Gerente-de-Tienda---Plaza-Las-Amricas---Veracruz_R-87180,Nike,Head Coach / Gerente de Tienda | Plaza Las Américas - Veracruz,"Veracruz, Mexico",,https://nike.wd1.myworkdayjobs.com/en-US/nke/job/Veracruz-Mexico/Head-Coach---Gerente-de-Tienda---Plaza-Las-Amricas---Veracruz_R-87180,Posted Today,2026-08-16,2026-08-16T21:34:21+00:00,2026-08-16 14:34 Sun,,false,,,,false,workday:Nike:/job/Veracruz-Mexico/Head-Coach---Gerente-de-Tienda---Plaza-Las-Amricas---Veracruz_R-87180
Nike:/job/Paris-France/Head-Coach-Nike--Directeur-de-magasin----H---F-CDI---Westfield-Forum-des-Halles_R-90668,Nike,Head Coach Nike (Directeur de magasin) – H / F CDI – Westfield Forum des Halles,"Paris, France",,https://nike.wd1.myworkdayjobs.com/en-US/nke/job/Paris-France/Head-Coach-Nike--Directeur-de-magasin----H---F-CDI---Westfield-Forum-des-Halles_R-90668,Posted Today,2026-08-26,2026-08-25T10:17:45+00:00,2026-08-25 03:17 Tue,,false,,,,false,workday:Nike:/job/Paris-France/Head-Coach-Nike--Directeur-de-magasin----H---F-CDI---Westfield-Forum-des-Halles_R-90668
Nike:/job/Paris-France/Head-Coach-Ops-Nike--Directeurice-des-oprations----H---F-CDI---House-of-Innovation-Paris_R-90678,Nike,Head Coach Ops Nike (Directeur.ice des opérations) – H / F CDI – House of Innovation Paris,"Paris, France",,https://nike.wd1.myworkdayjobs.com/en-US/nke/job/Paris-France/Head-Coach-Ops-Nike--Directeurice-des-oprations----H---F-CDI---House-of-Innovation-Paris_R-90678,Posted Today,2026-08-26,2026-08-25T12:42:02+00:00,2026-08-25 05:42 Tue,,false,,,,false,workday:Nike:/job/Paris-France/Head-Coach-Ops-Nike--Directeurice-des-oprations----H---F-CDI---House-of-Innovation-Paris_R-90678
Nike:/job/Kanagawa-Japan/Head-Coach--Nike-Yokohama-Vivre_R-90188,Nike,"Head Coach, Nike Yokohama Vivre","Kanagawa, Japan",,https://nike.wd1.myworkdayjobs.com/en-US/nke/job/Kanagawa-Japan/Head-Coach--Nike-Yokohama-Vivre_R-90188,Posted Yesterday,2026-08-19,2026-08-18T08:41:51+00:00,2026-08-18 01:41 Tue,,false,,,,false,workday:Nike:/job/Kanagawa-Japan/Head-Coach--Nike-Yokohama-Vivre_R-90188
Nike:/job/Paris-France/Headcoach--Directeur--Visual-Merchandising---Styling-HOI---H-F---CDI_R-90916,Nike,Headcoach (Directeur) Visual Merchandising & Styling HOI - H/F - CDI,"Paris, France",,https://nike.wd1.myworkdayjobs.com/en-US/nke/job/Paris-France/Headcoach--Directeur--Visual-Merchandising---Styling-HOI---H-F---CDI_R-90916,Posted Today,2026-09-04,2026-08-27T10:41:44+00:00,2026-08-27 03:41 Thu,,false,,,,false,workday:Nike:/job/Paris-France/Headcoach--Directeur--Visual-Merchandising---Styling-HOI---H-F---CDI_R-90916
Nike:/job/Paris-France/Headcoach-Retail-Brand-HOI---CDD-Stretch_R-90974,Nike,Headcoach Retail Brand HOI - CDD/Stretch,"Paris, France",,https://nike.wd1.myworkdayjobs.com/en-US/nke/job/Paris-France/Headcoach-Retail-Brand-HOI---CDD-Stretch_R-90974,Posted Today,2026-09-02,2026-09-01T09:42:02+00:00,2026-09-01 02:42 Tue,,false,,,,false,workday:Nike:/job/Paris-France/Headcoach-Retail-Brand-HOI---CDD-Stretch_R-90974
Nike:/job/Paris-France/Human-Resources-Partners-Specialist_R-90277,Nike,Human Resources Partners Specialist,"Paris, France",,https://nike.wd1.myworkdayjobs.com/en-US/nke/job/Paris-France/Human-Resources-Partners-Specialist_R-90277,Posted Today,2026-09-01,2026-08-31T08:41:42+00:00,2026-08-31 01:41 Mon,,false,,,,false,workday:Nike:/job/Paris-France/Human-Resources-Partners-Specialist_R-90277
Nike:/job/Ciudad-de-Mxico-Mexico/In-Store-Visual-Jordan---Nike-Mexico-City_R-90407,Nike,In Store Visual Jordan | Nike Mexico City,"Ciudad de México, Mexico",,https://nike.wd1.myworkdayjobs.com/en-US/nke/job/Ciudad-de-Mxico-Mexico/In-Store-Visual-Jordan---Nike-Mexico-City_R-90407,Posted 3 Days Ago,2026-08-22,2026-08-21T17:17:48+00:00,2026-08-21 10:17 Fri,,false,,,,false,workday:Nike:/job/Ciudad-de-Mxico-Mexico/In-Store-Visual-Jordan---Nike-Mexico-City_R-90407
Nike:/job/Zapopan-Mexico/In-Store-Trainer---Plaza-Patria---Guadalajara_R-87915,Nike,In-Store Trainer | Plaza Patria - Guadalajara,"Zapopan, Mexico",,https://nike.wd1.myworkdayjobs.com/en-US/nke/job/Zapopan-Mexico/In-Store-Trainer---Plaza-Patria---Guadalajara_R-87915,Posted 4 Days Ago,2026-07-26,2026-07-30T21:17:31+00:00,2026-07-30 14:17 Thu,,false,,,,false,workday:Nike:/job/Zapopan-Mexico/In-Store-Trainer---Plaza-Patria---Guadalajara_R-87915
Nike:/job/Tultepec-Mexico/Inbound-Cost-Analyst_R-87425,Nike,Inbound Cost Analyst,"Tultepec, Mexico",,https://nike.wd1.myworkdayjobs.com/en-US/nke/job/Tultepec-Mexico/Inbound-Cost-Analyst_R-87425,Posted 5 Days Ago,2026-07-07,2026-07-12T07:45:02+00:00,2026-07-12 00:45 Sun,,false,,,,false,workday:Nike:/job/Tultepec-Mexico/Inbound-Cost-Analyst_R-87425
Nike:/job/Karnataka-India/Information-Security-Analyst-I--ITC_R-88817-1,Nike,"Information Security Analyst I, ITC","Karnataka, India",,https://nike.wd1.myworkdayjobs.com/en-US/nke/job/Karnataka-India/Information-Security-Analyst-I--ITC_R-88817-1,Posted 3 Days Ago,2026-07-28,2026-07-31T07:41:15+00:00,2026-07-31 00:41 Fri,,false,,,,false,workday:Nike:/job/Karnataka-India/Information-Security-Analyst-I--ITC_R-88817-1
Nike:/job/London-United-Kingdom/Infrastructure-Engineer_R-85826,Nike,Infrastructure Engineer,"London, United Kingdom",,https://nike.wd1.myworkdayjobs.com/en-US/nke/job/London-United-Kingdom/Infrastructure-Engineer_R-85826,Posted 5 Days Ago,2026-07-07,2026-07-12T07:45:02+00:00,2026-07-12 00:45 Sun,,false,,,,false,workday:Nike:/job/London-United-Kingdom/Infrastructure-Engineer_R-85826
Nike:/job/NIKE-VIETNAM-HQ/Innovation-Engineer-II---Converse_R-87196-1,Nike,Innovation Engineer II - Converse,NIKE VIETNAM HQ,,https://nike.wd1.myworkdayjobs.com/en-US/nke/job/NIKE-VIETNAM-HQ/Innovation-Engineer-II---Converse_R-87196-1,Posted 2 Days Ago,2026-07-10,2026-07-12T07:45:02+00:00,2026-07-12 00:45 Sun,,false,,,,false,workday:Nike:/job/NIKE-VIETNAM-HQ/Innovation-Engineer-II---Converse_R-87196-1
Nike:/job/Gliwice-Poland/Kierownik-Dziau---Floor-Manager--Factory-Gliwice-_R-88063,Nike,Kierownik Działu / Floor Manager (Factory Gliwice),"Gliwice, Poland",,https://nike.wd1.myworkdayjobs.com/en-US/nke/job/Gliwice-Poland/Kierownik-Dziau---Floor-Manager--Factory-Gliwice-_R-88063,Posted Today,2026-07-16,2026-07-16T11:25:29+00:00,2026-07-16 04:25 Thu,,false,,,,false,workday:Nike:/job/Gliwice-Poland/Kierownik-Dziau---Floor-Manager--Factory-Gliwice-_R-88063
Nike:/job/Gliwice-Poland/Kierownik-Operacji-Sklepowych---Back-of-House--Factory-Gliwice-_R-88064,Nike,Kierownik Operacji Sklepowych - Back of House (Factory Gliwice),"Gliwice, Poland",,https://nike.wd1.myworkdayjobs.com/en-US/nke/job/Gliwice-Poland/Kierownik-Operacji-Sklepowych---Back-of-House--Factory-Gliwice-_R-88064,Posted Today,2026-07-16,2026-07-16T11:25:29+00:00,2026-07-16 04:25 Thu,,false,,,,false,workday:Nike:/job/Gliwice-Poland/Kierownik-Operacji-Sklepowych---Back-of-House--Factory-Gliwice-_R-88064
Nike:/job/Sandersdorf-Brehna-Germany/Lager-Mitarbeiter--Athlete---m-w-d----30h-Flex---NFS-Sandersdorf-Brehna_R-90063,Nike,Lager Mitarbeiter (Athlete) (m/w/d) - 30h Flex - NFS Sandersdorf-Brehna,"Sandersdorf-Brehna, Germany",,https://nike.wd1.myworkdayjobs.com/en-US/nke/job/Sandersdorf-Brehna-Germany/Lager-Mitarbeiter--Athlete---m-w-d----30h-Flex---NFS-Sandersdorf-Brehna_R-90063,Posted Today,2026-08-17,2026-08-17T11:17:29+00:00,2026-08-17 04:17 Mon,,false,,,,false,workday:Nike:/job/Sandersdorf-Brehna-Germany/Lager-Mitarbeiter--Athlete---m-w-d----30h-Flex---NFS-Sandersdorf-Brehna_R-90063
Nike:/job/Sandersdorf-Brehna-Germany/Lager-Mitarbeiter-BOH--Athlete---m-w-d----30h-Flex--Sandersdorf-Brehna_R-90064,Nike,Lager Mitarbeiter BOH (Athlete) (m/w/d) - 30h Flex -Sandersdorf-Brehna,"Sandersdorf-Brehna, Germany",,https://nike.wd1.myworkdayjobs.com/en-US/nke/job/Sandersdorf-Brehna-Germany/Lager-Mitarbeiter-BOH--Athlete---m-w-d----30h-Flex--Sandersdorf-Brehna_R-90064,Posted Today,2026-08-17,2026-08-17T11:47:06+00:00,2026-08-17 04:47 Mon,,false,,,,false,workday:Nike:/job/Sandersdorf-Brehna-Germany/Lager-Mitarbeiter-BOH--Athlete---m-w-d----30h-Flex--Sandersdorf-Brehna_R-90064
Nike:/job/Eiche-Germany/Lager-Mitarbeiter-BOH--Athlete---m-w-d----30h-Flex---EICHE_R-90098,Nike,Lager Mitarbeiter BOH (Athlete) (m/w/d) - 37.5h - EICHE,"Eiche, Germany",,https://nike.wd1.myworkdayjobs.com/en-US/nke/job/Eiche-Germany/Lager-Mitarbeiter-BOH--Athlete---m-w-d----30h-Flex---EICHE_R-90098,Posted 2 Days Ago,2026-08-18,2026-08-17T11:40:34+00:00,2026-08-17 04:40 Mon,,false,,,,false,workday:Nike:/job/Eiche-Germany/Lager-Mitarbeiter-BOH--Athlete---m-w-d----30h-Flex---EICHE_R-90098
Nike:/job/St-Charles-Missouri/Lead--Automation---Controls-Technician_R-91459,Nike,Lead  Automation & Controls Technician,"St. Charles, Missouri",,https://nike.wd1.myworkdayjobs.com/en-US/nke/job/St-Charles-Missouri/Lead--Automation---Controls-Technician_R-91459,Posted Today,2026-09-04,2026-09-04T16:25:54+00:00,2026-09-04 09:25 Fri,,false,,,,false,workday:Nike:/job/St-Charles-Missouri/Lead--Automation---Controls-Technician_R-91459
Nike:/job/Veracruz-Mexico/Lead--Stockroom---Gerente-de-Almacen---Nike-Plaza-Las-Amricas---Veracruz_R-87522-1,Nike,Lead  Stockroom / Gerente de Almacen | Nike Plaza Las Américas - Veracruz,"Veracruz, Mexico",,https://nike.wd1.myworkdayjobs.com/en-US/nke/job/Veracruz-Mexico/Lead--Stockroom---Gerente-de-Almacen---Nike-Plaza-Las-Amricas---Veracruz_R-87522-1,Posted Today,2026-08-16,2026-08-16T21:34:21+00:00,2026-08-16 14:34 Sun,,false,,,,false,workday:Nike:/job/Veracruz-Mexico/Lead--Stockroom---Gerente-de-Almacen---Nike-Plaza-Las-Amricas---Veracruz_R-87522-1
Nike:/job/Chiba-Japan/Lead---Service---Selling--Nike-Factory-Store-Makuhari_R-90081,Nike,"Lead - Service & Selling, Nike Factory Store Makuhari","Chiba, Japan",,https://nike.wd1.myworkdayjobs.com/en-US/nke/job/Chiba-Japan/Lead---Service---Selling--Nike-Factory-Store-Makuhari_R-90081,Posted Yesterday,2026-08-19,2026-08-18T08:17:30+00:00,2026-08-18 01:17 Tue,,false,,,,false,workday:Nike:/job/Chiba-Japan/Lead---Service---Selling--Nike-Factory-Store-Makuhari_R-90081
Nike:/job/Shisui-Japan/Lead---Service---Selling--Nike-Factory-Store-Shisui_R-90060,Nike,"Lead - Service & Selling, Nike Factory Store Shisui","Shisui, Japan",,https://nike.wd1.myworkdayjobs.com/en-US/nke/job/Shisui-Japan/Lead---Service---Selling--Nike-Factory-Store-Shisui_R-90060,Posted Yesterday,2026-08-19,2026-08-18T08:17:30+00:00,2026-08-18 01:17 Tue,,false,,,,false,workday:Nike:/job/Shisui-Japan/Lead---Service---Selling--Nike-Factory-Store-Shisui_R-90060
Nike:/job/Tokyo-Japan/Lead---Service-and-Selling--Nike-Harajuku_R-88412,Nike,"Lead - Service and Selling, Nike Harajuku","Tokyo, Japan",,https://nike.wd1.myworkdayjobs.com/en-US/nke/job/Tokyo-Japan/Lead---Service-and-Selling--Nike-Harajuku_R-88412,Posted Today,2026-07-21,2026-07-21T01:59:15+00:00,2026-07-20 18:59 Mon,,false,,,,false,workday:Nike:/job/Tokyo-Japan/Lead---Service-and-Selling--Nike-Harajuku_R-88412
Nike:/job/Beaverton-Oregon/Lead--3D-Designer_R-90707-1,Nike,"Lead 3D Footwear Designer, Digital Design","Beaverton, Oregon",,https://nike.wd1.myworkdayjobs.com/en-US/nke/job/Beaverton-Oregon/Lead--3D-Designer_R-90707-1,Posted Yesterday,2026-08-26,2026-08-25T18:41:50+00:00,2026-08-25 11:41 Tue,,false,,,,false,workday:Nike:/job/Beaverton-Oregon/Lead--3D-Designer_R-90707-1
Nike:/job/Hilversum-Netherlands/Lead-Assortment-Planner---EMEA_R-88667,Nike,Lead Assortment Planner - EMEA,"Hilversum, Netherlands",,https://nike.wd1.myworkdayjobs.com/en-US/nke/job/Hilversum-Netherlands/Lead-Assortment-Planner---EMEA_R-88667,Posted Today,2026-08-04,2026-08-04T07:41:13+00:00,2026-08-04 00:41 Tue,,false,,,,false,workday:Nike:/job/Hilversum-Netherlands/Lead-Assortment-Planner---EMEA_R-88667
Nike:/job/Pittsburgh-Pennsylvania/Lead-Assortment-Planner--Dicks-Sporting-Goods--Pittsburgh--NA_R-88700,Nike,"Lead Assortment Planner, Dicks Sporting Goods  Pittsburgh, NA","Pittsburgh, Pennsylvania",,https://nike.wd1.myworkdayjobs.com/en-US/nke/job/Pittsburgh-Pennsylvania/Lead-Assortment-Planner--Dicks-Sporting-Goods--Pittsburgh--NA_R-88700,Posted 6 Days Ago,2026-07-23,2026-07-29T00:59:36+00:00,2026-07-28 17:59 Tue,,false,,,,false,workday:Nike:/job/Pittsburgh-Pennsylvania/Lead-Assortment-Planner--Dicks-Sporting-Goods--Pittsburgh--NA_R-88700
Nike:/job/Jakarta-Raya-Indonesia/LEAD-ASSORTMENT-PLANNER--INDONESIA_R-90911,Nike,"LEAD ASSORTMENT PLANNER, INDONESIA","Jakarta Raya, Indonesia",,https://nike.wd1.myworkdayjobs.com/en-US/nke/job/Jakarta-Raya-Indonesia/LEAD-ASSORTMENT-PLANNER--INDONESIA_R-90911,Posted Today,2026-09-01,2026-08-31T06:59:23+00:00,2026-08-30 23:59 Sun,,false,,,,false,workday:Nike:/job/Jakarta-Raya-Indonesia/LEAD-ASSORTMENT-PLANNER--INDONESIA_R-90911
Nike:/job/Shenzhen-China-Mainland/Lead-Athlete_R-87060,Nike,Lead Athlete,"Shenzhen, China Mainland",,https://nike.wd1.myworkdayjobs.com/en-US/nke/job/Shenzhen-China-Mainland/Lead-Athlete_R-87060,Posted 6 Days Ago,2026-07-06,2026-07-12T07:45:02+00:00,2026-07-12 00:45 Sun,,false,,,,false,workday:Nike:/job/Shenzhen-China-Mainland/Lead-Athlete_R-87060
Nike:/job/Shenzhen-China-Mainland/Lead-Athlete_R-87065,Nike,Lead Athlete,"Shenzhen, China Mainland",,https://nike.wd1.myworkdayjobs.com/en-US/nke/job/Shenzhen-China-Mainland/Lead-Athlete_R-87065,Posted 6 Days Ago,2026-07-06,2026-07-12T07:45:02+00:00,2026-07-12 00:45 Sun,,false,,,,false,workday:Nike:/job/Shenzhen-China-Mainland/Lead-Athlete_R-87065
Nike:/job/Guangzhou-China-Mainland/Lead-Athlete_R-87291-1,Nike,Lead Athlete,"Guangzhou, China Mainland",,https://nike.wd1.myworkdayjobs.com/en-US/nke/job/Guangzhou-China-Mainland/Lead-Athlete_R-87291-1,Posted Today,2026-07-15,2026-07-15T05:59:40+00:00,2026-07-14 22:59 Tue,,false,,,,false,workday:Nike:/job/Guangzhou-China-Mainland/Lead-Athlete_R-87291-1
Nike:/job/Shanghai-China-Mainland/Lead-Athlete_R-88296,Nike,Lead Athlete,"Shanghai, China Mainland",,https://nike.wd1.myworkdayjobs.com/en-US/nke/job/Shanghai-China-Mainland/Lead-Athlete_R-88296,Posted Today,2026-07-20,2026-07-20T06:41:10+00:00,2026-07-19 23:41 Sun,,false,,,,false,workday:Nike:/job/Shanghai-China-Mainland/Lead-Athlete_R-88296
Nike:/job/Taiyuan-China-Mainland/Lead-Athlete_R-89223,Nike,Lead Athlete,"Taiyuan, China Mainland",,https://nike.wd1.myworkdayjobs.com/en-US/nke/job/Taiyuan-China-Mainland/Lead-Athlete_R-89223,Posted Today,2026-08-03,2026-08-03T08:41:32+00:00,2026-08-03 01:41 Mon,,false,,,,false,workday:Nike:/job/Taiyuan-China-Mainland/Lead-Athlete_R-89223
Nike:/job/Shanghai-China-Mainland/Lead-Athlete_R-89515,Nike,Lead Athlete,"Shanghai, China Mainland",,https://nike.wd1.myworkdayjobs.com/en-US/nke/job/Shanghai-China-Mainland/Lead-Athlete_R-89515,Posted Today,2026-08-11,2026-08-11T02:27:15+00:00,2026-08-10 19:27 Mon,,false,,,,false,workday:Nike:/job/Shanghai-China-Mainland/Lead-Athlete_R-89515
Nike:/job/Shanghai-China-Mainland/Lead-Athlete_R-89514,Nike,Lead Athlete,"Shanghai, China Mainland",,https://nike.wd1.myworkdayjobs.com/en-US/nke/job/Shanghai-China-Mainland/Lead-Athlete_R-89514,Posted Today,2026-08-20,2026-08-11T02:41:41+00:00,2026-08-10 19:41 Mon,,false,,,,false,workday:Nike:/job/Shanghai-China-Mainland/Lead-Athlete_R-89514
Nike:/job/Dalian-China-Mainland/Lead-Athlete_R-69122,Nike,Lead Athlete,"Dalian, China Mainland",,https://nike.wd1.myworkdayjobs.com/en-US/nke/job/Dalian-China-Mainland/Lead-Athlete_R-69122,Posted 30+ Days Ago,2026-07-19,2026-08-18T12:10:51+00:00,2026-08-18 05:10 Tue,,false,,,,false,workday:Nike:/job/Dalian-China-Mainland/Lead-Athlete_R-69122
Nike:/job/ShiJiaZhuang-China-Mainland/Lead-Athlete_R-83687,Nike,Lead Athlete,"ShiJiaZhuang, China Mainland",,https://nike.wd1.myworkdayjobs.com/en-US/nke/job/ShiJiaZhuang-China-Mainland/Lead-Athlete_R-83687,Posted 30+ Days Ago,2026-07-19,2026-08-18T12:10:51+00:00,2026-08-18 05:10 Tue,,false,,,,false,workday:Nike:/job/ShiJiaZhuang-China-Mainland/Lead-Athlete_R-83687
Nike:/job/Shanghai-China-Mainland/Lead-Athlete_R-90268-1,Nike,Lead Athlete,"Shanghai, China Mainland",,https://nike.wd1.myworkdayjobs.com/en-US/nke/job/Shanghai-China-Mainland/Lead-Athlete_R-90268-1,Posted Today,2026-08-20,2026-08-20T06:41:26+00:00,2026-08-19 23:41 Wed,,false,,,,false,workday:Nike:/job/Shanghai-China-Mainland/Lead-Athlete_R-90268-1
Nike:/job/Beijing-China-Mainland/Lead-Athlete_R-90764,Nike,Lead Athlete,"Beijing, China Mainland",,https://nike.wd1.myworkdayjobs.com/en-US/nke/job/Beijing-China-Mainland/Lead-Athlete_R-90764,Posted Today,2026-08-27,2026-08-26T06:59:24+00:00,2026-08-25 23:59 Tue,,false,,,,false,workday:Nike:/job/Beijing-China-Mainland/Lead-Athlete_R-90764
Nike:/job/St-Charles-Missouri/Lead-Automation---Controls-Technician_R-90288,Nike,Lead Automation & Controls Technician,"St. Charles, Missouri",,https://nike.wd1.myworkdayjobs.com/en-US/nke/job/St-Charles-Missouri/Lead-Automation---Controls-Technician_R-90288,Posted Today,2026-09-04,2026-09-04T16:25:54+00:00,2026-09-04 09:25 Fri,,false,,,,false,workday:Nike:/job/St-Charles-Missouri/Lead-Automation---Controls-Technician_R-90288
Nike:/job/Beaverton-Oregon/Lead-Basketball-Footwear-Product-Developer_R-87732,Nike,Lead Basketball Footwear Product Developer,"Beaverton, Oregon",,https://nike.wd1.myworkdayjobs.com/en-US/nke/job/Beaverton-Oregon/Lead-Basketball-Footwear-Product-Developer_R-87732,Posted Yesterday,2026-07-11,2026-07-12T07:45:02+00:00,2026-07-12 00:45 Sun,,false,,,,false,workday:Nike:/job/Beaverton-Oregon/Lead-Basketball-Footwear-Product-Developer_R-87732
Nike:/job/Shanghai-China-Mainland/Lead-Brand-Protection-Manager_R-88792,Nike,Lead Brand Protection Manager,"Shanghai, China Mainland",,https://nike.wd1.myworkdayjobs.com/en-US/nke/job/Shanghai-China-Mainland/Lead-Brand-Protection-Manager_R-88792,Posted 6 Days Ago,2026-07-22,2026-07-28T07:59:12+00:00,2026-07-28 00:59 Tue,,false,,,,false,workday:Nike:/job/Shanghai-China-Mainland/Lead-Brand-Protection-Manager_R-88792
Nike:/job/Hilversum-Netherlands/Lead-Business-Integration--Local-Creation-EMEA_R-86949,Nike,"Lead Business Integration, Local Creation EMEA","Hilversum, Netherlands",,https://nike.wd1.myworkdayjobs.com/en-US/nke/job/Hilversum-Netherlands/Lead-Business-Integration--Local-Creation-EMEA_R-86949,Posted 3 Days Ago,2026-07-09,2026-07-12T07:45:02+00:00,2026-07-12 00:45 Sun,,false,,,,false,workday:Nike:/job/Hilversum-Netherlands/Lead-Business-Integration--Local-Creation-EMEA_R-86949
Nike:/job/Beaverton-Oregon/Lead-Business-Planner_R-82230,Nike,Lead Business Planner,"Beaverton, Oregon",,https://nike.wd1.myworkdayjobs.com/en-US/nke/job/Beaverton-Oregon/Lead-Business-Planner_R-82230,Posted 30+ Days Ago,2026-07-19,2026-08-18T12:10:51+00:00,2026-08-18 05:10 Tue,,false,,,,false,workday:Nike:/job/Beaverton-Oregon/Lead-Business-Planner_R-82230
Nike:/job/Toronto-Ontario/Lead-Business-Planner---Nike-Canada_R-87590,Nike,Lead Business Planner - Nike Canada,"Toronto, Ontario",,https://nike.wd1.myworkdayjobs.com/en-US/nke/job/Toronto-Ontario/Lead-Business-Planner---Nike-Canada_R-87590,Posted 2 Days Ago,2026-07-10,2026-07-12T07:45:02+00:00,2026-07-12 00:45 Sun,,false,,,,false,workday:Nike:/job/Toronto-Ontario/Lead-Business-Planner---Nike-Canada_R-87590
Nike:/job/Beaverton-Oregon/Lead-Concept-Designer--Concept-Excellence-Design_R-90722,Nike,"Lead Concept Designer, Concept Excellence Design","Beaverton, Oregon",,https://nike.wd1.myworkdayjobs.com/en-US/nke/job/Beaverton-Oregon/Lead-Concept-Designer--Concept-Excellence-Design_R-90722,Posted Yesterday,2026-08-27,2026-08-26T18:59:59+00:00,2026-08-26 11:59 Wed,,false,,,,false,workday:Nike:/job/Beaverton-Oregon/Lead-Concept-Designer--Concept-Excellence-Design_R-90722
Nike:/job/Beaverton-Oregon/Lead-Costing-Manager_R-88478-1,Nike,Lead Costing Manager,"Beaverton, Oregon",,https://nike.wd1.myworkdayjobs.com/en-US/nke/job/Beaverton-Oregon/Lead-Costing-Manager_R-88478-1,Posted Today,2026-07-24,2026-07-24T17:41:33+00:00,2026-07-24 10:41 Fri,,false,,,,false,workday:Nike:/job/Beaverton-Oregon/Lead-Costing-Manager_R-88478-1
Nike:/job/Beaverton-Oregon/Lead-Data-Engineer_R-88272,Nike,Lead Data Engineer,"Beaverton, Oregon",,https://nike.wd1.myworkdayjobs.com/en-US/nke/job/Beaverton-Oregon/Lead-Data-Engineer_R-88272,Posted 2 Days Ago,2026-08-18,2026-07-23T20:41:29+00:00,2026-07-23 13:41 Thu,,false,,,,false,workday:Nike:/job/Beaverton-Oregon/Lead-Data-Engineer_R-88272
Nike:/job/Karnataka-India/Lead-Data-Engineer--ITC_R-80314,Nike,"Lead Data Engineer, ITC","Karnataka, India",,https://nike.wd1.myworkdayjobs.com/en-US/nke/job/Karnataka-India/Lead-Data-Engineer--ITC_R-80314,Posted Today,2026-08-03,2026-08-03T04:59:05+00:00,2026-08-02 21:59 Sun,,false,,,,false,workday:Nike:/job/Karnataka-India/Lead-Data-Engineer--ITC_R-80314
Nike:/job/Beaverton-Oregon/Lead-Demand-Planner--Global-Jordan_R-88479,Nike,"Lead Demand Planner, Global Jordan","Beaverton, Oregon",,https://nike.wd1.myworkdayjobs.com/en-US/nke/job/Beaverton-Oregon/Lead-Demand-Planner--Global-Jordan_R-88479,Posted Today,2026-07-23,2026-07-23T20:41:29+00:00,2026-07-23 13:41 Thu,,false,,,,false,workday:Nike:/job/Beaverton-Oregon/Lead-Demand-Planner--Global-Jordan_R-88479
Nike:/job/Beaverton-Oregon/Lead-Designer--Accessories-Graphic-Design_R-88089,Nike,"Lead Designer, Accessories Graphic Design","Beaverton, Oregon",,https://nike.wd1.myworkdayjobs.com/en-US/nke/job/Beaverton-Oregon/Lead-Designer--Accessories-Graphic-Design_R-88089,Posted Yesterday,2026-08-20,2026-07-21T18:59:37+00:00,2026-07-21 11:59 Tue,,false,,,,false,workday:Nike:/job/Beaverton-Oregon/Lead-Designer--Accessories-Graphic-Design_R-88089
Nike:/job/Beaverton-Oregon/Lead-Designer--Accessories-Product-Design--Bags_R-88135,Nike,"Lead Designer, Accessories Product Design, Bags","Beaverton, Oregon",,https://nike.wd1.myworkdayjobs.com/en-US/nke/job/Beaverton-Oregon/Lead-Designer--Accessories-Product-Design--Bags_R-88135,Posted Today,2026-07-17,2026-07-17T23:36:08+00:00,2026-07-17 16:36 Fri,,false,,,,false,workday:Nike:/job/Beaverton-Oregon/Lead-Designer--Accessories-Product-Design--Bags_R-88135
Nike:/job/Beaverton-Oregon/Lead-Designer--Accessories-Product-Design--Bags_R-88136,Nike,"Lead Designer, Accessories Product Design, Bags","Beaverton, Oregon",,https://nike.wd1.myworkdayjobs.com/en-US/nke/job/Beaverton-Oregon/Lead-Designer--Accessories-Product-Design--Bags_R-88136,Posted Yesterday,2026-09-03,2026-09-02T18:41:58+00:00,2026-09-02 11:41 Wed,,false,,,,false,workday:Nike:/job/Beaverton-Oregon/Lead-Designer--Accessories-Product-Design--Bags_R-88136
Nike:/job/Beaverton-Oregon/Lead-Designer--Accessories-Product-Design--Socks_R-88100,Nike,"Lead Designer, Accessories Product Design, Socks","Beaverton, Oregon",,https://nike.wd1.myworkdayjobs.com/en-US/nke/job/Beaverton-Oregon/Lead-Designer--Accessories-Product-Design--Socks_R-88100,Posted 6 Days Ago,2026-07-23,2026-07-29T03:17:24+00:00,2026-07-28 20:17 Tue,,false,,,,false,workday:Nike:/job/Beaverton-Oregon/Lead-Designer--Accessories-Product-Design--Socks_R-88100
Nike:/job/Beaverton-Oregon/Lead-Designer--Apparel-Graphics-Local-Creation-APLA_R-85908,Nike,"Lead Designer, Apparel Graphics Local Creation APLA","Beaverton, Oregon",,https://nike.wd1.myworkdayjobs.com/en-US/nke/job/Beaverton-Oregon/Lead-Designer--Apparel-Graphics-Local-Creation-APLA_R-85908,Posted 30+ Days Ago,2026-07-19,2026-08-18T12:10:51+00:00,2026-08-18 05:10 Tue,,false,,,,false,workday:Nike:/job/Beaverton-Oregon/Lead-Designer--Apparel-Graphics-Local-Creation-APLA_R-85908
Nike:/job/Hilversum-Netherlands/Lead-Designer--Apparel-Graphics--Local-Creation-EMEA_R-86938,Nike,"Lead Designer, Apparel Graphics, Local Creation EMEA","Hilversum, Netherlands",,https://nike.wd1.myworkdayjobs.com/en-US/nke/job/Hilversum-Netherlands/Lead-Designer--Apparel-Graphics--Local-Creation-EMEA_R-86938,Posted Today,2026-07-23,2026-07-23T13:41:34+00:00,2026-07-23 06:41 Thu,,false,,,,false,workday:Nike:/job/Hilversum-Netherlands/Lead-Designer--Apparel-Graphics--Local-Creation-EMEA_R-86938
Nike:/job/Beaverton-Oregon/Lead-Designer--Basketball-Apparel-Graphic-Design_R-90329,Nike,"Lead Designer, Basketball Apparel Graphic Design","Beaverton, Oregon",,https://nike.wd1.myworkdayjobs.com/en-US/nke/job/Beaverton-Oregon/Lead-Designer--Basketball-Apparel-Graphic-Design_R-90329,Posted Yesterday,2026-08-20,2026-08-19T20:07:23+00:00,2026-08-19 13:07 Wed,,false,,,,false,workday:Nike:/job/Beaverton-Oregon/Lead-Designer--Basketball-Apparel-Graphic-Design_R-90329
Nike:/job/Beaverton-Oregon/Lead-Designer--Core-Apparel-Product-Design--Global-Jordan_R-87855,Nike,"Lead Designer, Core Apparel Product Design, Global Jordan","Beaverton, Oregon",,https://nike.wd1.myworkdayjobs.com/en-US/nke/job/Beaverton-Oregon/Lead-Designer--Core-Apparel-Product-Design--Global-Jordan_R-87855,Posted Today,2026-08-10,2026-08-10T20:41:31+00:00,2026-08-10 13:41 Mon,,false,,,,false,workday:Nike:/job/Beaverton-Oregon/Lead-Designer--Core-Apparel-Product-Design--Global-Jordan_R-87855
Nike:/job/Beaverton-Oregon/Lead-Designer--Core-Studio-Footwear-Product-Design_R-87251,Nike,"Lead Designer, Core Studio Footwear Product Design","Beaverton, Oregon",,https://nike.wd1.myworkdayjobs.com/en-US/nke/job/Beaverton-Oregon/Lead-Designer--Core-Studio-Footwear-Product-Design_R-87251,Posted 3 Days Ago,2026-07-09,2026-07-12T07:45:02+00:00,2026-07-12 00:45 Sun,,false,,,,false,workday:Nike:/job/Beaverton-Oregon/Lead-Designer--Core-Studio-Footwear-Product-Design_R-87251
Nike:/job/Beaverton-Oregon/Lead-Designer--Footwear---Apparel-Expression--Nike-Basketball-Signature-Athlete_R-87385,Nike,"Lead Designer, Footwear & Apparel Expression, Nike Basketball Signature Athlete","Beaverton, Oregon",,https://nike.wd1.myworkdayjobs.com/en-US/nke/job/Beaverton-Oregon/Lead-Designer--Footwear---Apparel-Expression--Nike-Basketball-Signature-Athlete_R-87385,Posted 7 Days Ago,2026-07-20,2026-07-27T23:59:47+00:00,2026-07-27 16:59 Mon,,false,,,,false,workday:Nike:/job/Beaverton-Oregon/Lead-Designer--Footwear---Apparel-Expression--Nike-Basketball-Signature-Athlete_R-87385
Nike:/job/Beaverton-Oregon/Lead-Designer--Footwear-Color--Material---Graphics-Local-Creation-NA_R-82862,Nike,"Lead Designer, Footwear Color, Material & Graphics Local Creation NA","Beaverton, Oregon",,https://nike.wd1.myworkdayjobs.com/en-US/nke/job/Beaverton-Oregon/Lead-Designer--Footwear-Color--Material---Graphics-Local-Creation-NA_R-82862,Posted 3 Days Ago,2026-07-28,2026-07-31T17:04:47+00:00,2026-07-31 10:04 Fri,,false,,,,false,workday:Nike:/job/Beaverton-Oregon/Lead-Designer--Footwear-Color--Material---Graphics-Local-Creation-NA_R-82862
Nike:/job/Beaverton-Oregon/Lead-Designer--GFB-Footwear-Materials-Design_R-87528,Nike,"Lead Designer, GFB Footwear Materials Design","Beaverton, Oregon",,https://nike.wd1.myworkdayjobs.com/en-US/nke/job/Beaverton-Oregon/Lead-Designer--GFB-Footwear-Materials-Design_R-87528,Posted Today,2026-07-15,2026-07-15T19:17:12+00:00,2026-07-15 12:17 Wed,,false,,,,false,workday:Nike:/job/Beaverton-Oregon/Lead-Designer--GFB-Footwear-Materials-Design_R-87528
Nike:/job/Beaverton-Oregon/Lead-Designer--Champion-League-Accessories-Graphic-Design_R-87325,Nike,"Lead Designer, Global Football Accessories, Graphic Design","Beaverton, Oregon",,https://nike.wd1.myworkdayjobs.com/en-US/nke/job/Beaverton-Oregon/Lead-Designer--Champion-League-Accessories-Graphic-Design_R-87325,Posted 6 Days Ago,2026-07-06,2026-07-12T07:45:02+00:00,2026-07-12 00:45 Sun,,false,,,,false,workday:Nike:/job/Beaverton-Oregon/Lead-Designer--Champion-League-Accessories-Graphic-Design_R-87325
Nike:/job/Beaverton-Oregon/Lead-Designer--Golf-Footwear-Product-Design-Create_R-85673,Nike,"Lead Designer, Golf Footwear Product Design Create","Beaverton, Oregon",,https://nike.wd1.myworkdayjobs.com/en-US/nke/job/Beaverton-Oregon/Lead-Designer--Golf-Footwear-Product-Design-Create_R-85673,Posted Today,2026-07-21,2026-07-21T16:17:37+00:00,2026-07-21 09:17 Tue,,false,,,,false,workday:Nike:/job/Beaverton-Oregon/Lead-Designer--Golf-Footwear-Product-Design-Create_R-85673
Nike:/job/Beaverton-Oregon/Lead-Designer--Kids-NSW-Footwear-Product-Design-Create_R-87250,Nike,"Lead Designer, Kids NSW Footwear Product Design Create","Beaverton, Oregon",,https://nike.wd1.myworkdayjobs.com/en-US/nke/job/Beaverton-Oregon/Lead-Designer--Kids-NSW-Footwear-Product-Design-Create_R-87250,Posted 30+ Days Ago,2026-07-19,2026-08-18T12:10:51+00:00,2026-08-18 05:10 Tue,,false,,,,false,workday:Nike:/job/Beaverton-Oregon/Lead-Designer--Kids-NSW-Footwear-Product-Design-Create_R-87250
Nike:/job/Los-Angeles-California/Lead-Designer--NikeSKIMS-Apparel-Graphics-Design_R-88090,Nike,"Lead Designer, NikeSKIMS Apparel Graphics Design","Los Angeles, California",,https://nike.wd1.myworkdayjobs.com/en-US/nke/job/Los-Angeles-California/Lead-Designer--NikeSKIMS-Apparel-Graphics-Design_R-88090,Posted Today,2026-08-14,2026-08-14T17:41:35+00:00,2026-08-14 10:41 Fri,,false,,,,false,workday:Nike:/job/Los-Angeles-California/Lead-Designer--NikeSKIMS-Apparel-Graphics-Design_R-88090
Nike:/job/Los-Angeles-California/Lead-Designer--NikeSKIMS-Footwear---Apparel-Color-Design_R-87925,Nike,"Lead Designer, NikeSKIMS Footwear & Apparel Color Design","Los Angeles, California",,https://nike.wd1.myworkdayjobs.com/en-US/nke/job/Los-Angeles-California/Lead-Designer--NikeSKIMS-Footwear---Apparel-Color-Design_R-87925,Posted Today,2026-07-14,2026-07-14T20:41:35+00:00,2026-07-14 13:41 Tue,,false,,,,false,workday:Nike:/job/Los-Angeles-California/Lead-Designer--NikeSKIMS-Footwear---Apparel-Color-Design_R-87925
Nike:/job/Beaverton-Oregon/Lead-Designer--Running-Footwear-Materials-Design-Create---Expression_R-73231,Nike,"Lead Designer, Running Footwear Materials Design Create & Expression","Beaverton, Oregon",,https://nike.wd1.myworkdayjobs.com/en-US/nke/job/Beaverton-Oregon/Lead-Designer--Running-Footwear-Materials-Design-Create---Expression_R-73231,Posted Today,2026-08-12,2026-08-12T16:59:51+00:00,2026-08-12 09:59 Wed,,false,,,,false,workday:Nike:/job/Beaverton-Oregon/Lead-Designer--Running-Footwear-Materials-Design-Create---Expression_R-73231
Nike:/job/Beaverton-Oregon/Lead-Designer--Streetwear-Looks-Of-Footwear-Materials-Design--Global-Jordan_R-87446,Nike,"Lead Designer, Streetwear Looks Of Footwear Materials Design, Global Jordan","Beaverton, Oregon",,https://nike.wd1.myworkdayjobs.com/en-US/nke/job/Beaverton-Oregon/Lead-Designer--Streetwear-Looks-Of-Footwear-Materials-Design--Global-Jordan_R-87446,Posted Today,2026-07-20,2026-07-20T18:41:51+00:00,2026-07-20 11:41 Mon,,false,,,,false,workday:Nike:/job/Beaverton-Oregon/Lead-Designer--Streetwear-Looks-Of-Footwear-Materials-Design--Global-Jordan_R-87446
Nike:/job/Beaverton-Oregon/Lead-Designer--Tennis-Apparel-Color-Design_R-85683,Nike,"Lead Designer, Tennis Apparel Color Design","Beaverton, Oregon",,https://nike.wd1.myworkdayjobs.com/en-US/nke/job/Beaverton-Oregon/Lead-Designer--Tennis-Apparel-Color-Design_R-85683,Posted 30+ Days Ago,2026-07-19,2026-08-18T12:10:51+00:00,2026-08-18 05:10 Tue,,false,,,,false,workday:Nike:/job/Beaverton-Oregon/Lead-Designer--Tennis-Apparel-Color-Design_R-85683
Nike:/job/Beaverton-Oregon/Lead-Designer--Tennis-Apparel-Product-Design_R-75982-1,Nike,"Lead Designer, Tennis Apparel Product Design","Beaverton, Oregon",,https://nike.wd1.myworkdayjobs.com/en-US/nke/job/Beaverton-Oregon/Lead-Designer--Tennis-Apparel-Product-Design_R-75982-1,Posted 30+ Days Ago,2026-07-19,2026-08-18T12:10:51+00:00,2026-08-18 05:10 Tue,,false,,,,false,workday:Nike:/job/Beaverton-Oregon/Lead-Designer--Tennis-Apparel-Product-Design_R-75982-1
Nike:/job/Beaverton-Oregon/Lead-Designer--Training-Graphic-Design-Speed_R-83678,Nike,"Lead Designer, Training Graphic Design Speed","Beaverton, Oregon",,https://nike.wd1.myworkdayjobs.com/en-US/nke/job/Beaverton-Oregon/Lead-Designer--Training-Graphic-Design-Speed_R-83678,Posted Yesterday,2026-09-03,2026-09-04T00:41:10+00:00,2026-09-03 17:41 Thu,,false,,,,false,workday:Nike:/job/Beaverton-Oregon/Lead-Designer--Training-Graphic-Design-Speed_R-83678
Nike:/job/Beaverton-Oregon/Lead-Designer--Training-Womens-Apparel-Product-Design_R-86123,Nike,"Lead Designer, Training Womens Apparel Product Design","Beaverton, Oregon",,https://nike.wd1.myworkdayjobs.com/en-US/nke/job/Beaverton-Oregon/Lead-Designer--Training-Womens-Apparel-Product-Design_R-86123,Posted 6 Days Ago,2026-07-23,2026-07-29T00:17:32+00:00,2026-07-28 17:17 Tue,,false,,,,false,workday:Nike:/job/Beaverton-Oregon/Lead-Designer--Training-Womens-Apparel-Product-Design_R-86123
Nike:/job/Boston-Massachusetts/Lead-Developer--Kids-Chuck-Global---Converse_R-89415,Nike,"Lead Developer, Kids Chuck Global - Converse","Boston, Massachusetts",,https://nike.wd1.myworkdayjobs.com/en-US/nke/job/Boston-Massachusetts/Lead-Developer--Kids-Chuck-Global---Converse_R-89415,Posted Yesterday,2026-08-21,2026-08-20T21:42:14+00:00,2026-08-20 14:42 Thu,,false,,,,false,workday:Nike:/job/Boston-Massachusetts/Lead-Developer--Kids-Chuck-Global---Converse_R-89415
Nike:/job/Montebelluna-Italy/Lead-Developer--Womens-Chuck-Global---Converse_R-84457-1,Nike,"Lead Developer, Womens Chuck Global - Converse","Montebelluna, Italy",,https://nike.wd1.myworkdayjobs.com/en-US/nke/job/Montebelluna-Italy/Lead-Developer--Womens-Chuck-Global---Converse_R-84457-1,Posted Today,2026-07-14,2026-07-14T15:17:18+00:00,2026-07-14 08:17 Tue,,false,,,,false,workday:Nike:/job/Montebelluna-Italy/Lead-Developer--Womens-Chuck-Global---Converse_R-84457-1
Nike:/job/London-United-Kingdom/Lead-District-Loss-Prevention-Manager_R-88492,Nike,Lead District Loss Prevention Manager,"London, United Kingdom",,https://nike.wd1.myworkdayjobs.com/en-US/nke/job/London-United-Kingdom/Lead-District-Loss-Prevention-Manager_R-88492,Posted Today,2026-07-21,2026-07-21T20:17:41+00:00,2026-07-21 13:17 Tue,,false,,,,false,workday:Nike:/job/London-United-Kingdom/Lead-District-Loss-Prevention-Manager_R-88492
Nike:/job/Beaverton-Oregon/Lead-Engineer--Activity-Apps_R-87438-1,Nike,"Lead Engineer, Activity Apps","Beaverton, Oregon",,https://nike.wd1.myworkdayjobs.com/en-US/nke/job/Beaverton-Oregon/Lead-Engineer--Activity-Apps_R-87438-1,Posted Today,2026-08-03,2026-08-03T19:41:43+00:00,2026-08-03 12:41 Mon,,false,,,,false,workday:Nike:/job/Beaverton-Oregon/Lead-Engineer--Activity-Apps_R-87438-1
Nike:/job/Ciudad-de-Mxico-Mexico/Lead-Financial-Planning-LatAm_R-87229,Nike,Lead Financial Planning LatAm,"Ciudad de México, Mexico",,https://nike.wd1.myworkdayjobs.com/en-US/nke/job/Ciudad-de-Mxico-Mexico/Lead-Financial-Planning-LatAm_R-87229,Posted Today,2026-07-15,2026-07-15T20:17:47+00:00,2026-07-15 13:17 Wed,,false,,,,false,workday:Nike:/job/Ciudad-de-Mxico-Mexico/Lead-Financial-Planning-LatAm_R-87229
Nike:/job/Beaverton-Oregon/Lead-Footwear-Designer--Basketball-Signature-Athlete_R-87381,Nike,"Lead Footwear Designer, Basketball Signature Athlete","Beaverton, Oregon",,https://nike.wd1.myworkdayjobs.com/en-US/nke/job/Beaverton-Oregon/Lead-Footwear-Designer--Basketball-Signature-Athlete_R-87381,Posted 7 Days Ago,2026-07-20,2026-07-27T23:41:32+00:00,2026-07-27 16:41 Mon,,false,,,,false,workday:Nike:/job/Beaverton-Oregon/Lead-Footwear-Designer--Basketball-Signature-Athlete_R-87381
Nike:/job/Beaverton-Oregon/Lead-Footwear-Developer---Nike-by-You_R-90007,Nike,Lead Footwear Developer - Nike by You,"Beaverton, Oregon",,https://nike.wd1.myworkdayjobs.com/en-US/nke/job/Beaverton-Oregon/Lead-Footwear-Developer---Nike-by-You_R-90007,Posted Today,2026-08-14,2026-08-14T01:41:26+00:00,2026-08-13 18:41 Thu,,false,,,,false,workday:Nike:/job/Beaverton-Oregon/Lead-Footwear-Developer---Nike-by-You_R-90007
Nike:/job/Beaverton-Oregon/Lead-Global-Apparel-Product-Line-Manager--Signature-Basketball_R-87431-1,Nike,"Lead Global Apparel Product Line Manager, Signature Basketball","Beaverton, Oregon",,https://nike.wd1.myworkdayjobs.com/en-US/nke/job/Beaverton-Oregon/Lead-Global-Apparel-Product-Line-Manager--Signature-Basketball_R-87431-1,Posted 5 Days Ago,2026-07-07,2026-07-12T07:45:02+00:00,2026-07-12 00:45 Sun,,false,,,,false,workday:Nike:/job/Beaverton-Oregon/Lead-Global-Apparel-Product-Line-Manager--Signature-Basketball_R-87431-1
Nike:/job/Beaverton-Oregon/Lead-Designer--Visual-Graphic-Design_R-87910,Nike,"Lead Graphic Designer,  Nike Design Strategy & Initiatives","Beaverton, Oregon",,https://nike.wd1.myworkdayjobs.com/en-US/nke/job/Beaverton-Oregon/Lead-Designer--Visual-Graphic-Design_R-87910,Posted Today,2026-07-17,2026-07-17T12:50:43+00:00,2026-07-17 05:50 Fri,,false,,,,false,workday:Nike:/job/Beaverton-Oregon/Lead-Designer--Visual-Graphic-Design_R-87910
Nike:/job/Karnataka-India/Lead-Information-Security-Engineer--ITC_R-87399,Nike,"Lead Information Security Engineer, ITC","Karnataka, India",,https://nike.wd1.myworkdayjobs.com/en-US/nke/job/Karnataka-India/Lead-Information-Security-Engineer--ITC_R-87399,Posted 3 Days Ago,2026-08-21,2026-07-12T07:45:02+00:00,2026-07-12 00:45 Sun,,false,,,,false,workday:Nike:/job/Karnataka-India/Lead-Information-Security-Engineer--ITC_R-87399
Nike:/job/Karnataka-India/Lead-Infrastructure-Engineer_R-87206,Nike,Lead Infrastructure Engineer,"Karnataka, India",,https://nike.wd1.myworkdayjobs.com/en-US/nke/job/Karnataka-India/Lead-Infrastructure-Engineer_R-87206,Posted 4 Days Ago,2026-07-26,2026-07-30T04:41:15+00:00,2026-07-29 21:41 Wed,,false,,,,false,workday:Nike:/job/Karnataka-India/Lead-Infrastructure-Engineer_R-87206
Nike:/job/Beaverton-Oregon/Lead-Innovation-Engineer--Global-Accessories_R-82404,Nike,"Lead Innovation Engineer, Global Accessories","Beaverton, Oregon",,https://nike.wd1.myworkdayjobs.com/en-US/nke/job/Beaverton-Oregon/Lead-Innovation-Engineer--Global-Accessories_R-82404,Posted Today,2026-07-16,2026-07-16T20:42:02+00:00,2026-07-16 13:42 Thu,,false,,,,false,workday:Nike:/job/Beaverton-Oregon/Lead-Innovation-Engineer--Global-Accessories_R-82404
Nike:/job/Karnataka-India/Lead-Integrated-Media--India_R-87275,Nike,"Lead Integrated Media, India","Karnataka, India",,https://nike.wd1.myworkdayjobs.com/en-US/nke/job/Karnataka-India/Lead-Integrated-Media--India_R-87275,Posted 6 Days Ago,2026-07-06,2026-07-12T07:45:02+00:00,2026-07-12 00:45 Sun,,false,,,,false,workday:Nike:/job/Karnataka-India/Lead-Integrated-Media--India_R-87275
Nike:/job/South-Singapore-Singapore/Lead-Labor-Compliance-Consultant_R-85300,Nike,Lead Labor Compliance Consultant,"South, Singapore, Singapore",,https://nike.wd1.myworkdayjobs.com/en-US/nke/job/South-Singapore-Singapore/Lead-Labor-Compliance-Consultant_R-85300,Posted Today,2026-07-13,2026-07-13T07:16:47+00:00,2026-07-13 00:16 Mon,,false,,,,false,workday:Nike:/job/South-Singapore-Singapore/Lead-Labor-Compliance-Consultant_R-85300
Nike:/job/Karnataka-India/Lead-Machine-Learning-Engineer--AI-ML---ITC_R-90192,Nike,"Lead Machine Learning Engineer (AI/ML), ITC","Karnataka, India",,https://nike.wd1.myworkdayjobs.com/en-US/nke/job/Karnataka-India/Lead-Machine-Learning-Engineer--AI-ML---ITC_R-90192,Posted Yesterday,2026-08-19,2026-08-18T09:41:49+00:00,2026-08-18 02:41 Tue,,false,,,,false,workday:Nike:/job/Karnataka-India/Lead-Machine-Learning-Engineer--AI-ML---ITC_R-90192
Nike:/job/Boston-Massachusetts/Lead-Materials-Designer--Energy---Converse_R-89299,Nike,"Lead Materials Designer, Energy - Converse","Boston, Massachusetts",,https://nike.wd1.myworkdayjobs.com/en-US/nke/job/Boston-Massachusetts/Lead-Materials-Designer--Energy---Converse_R-89299,Posted Yesterday,2026-08-19,2026-08-18T18:12:26+00:00,2026-08-18 11:12 Tue,,false,,,,false,workday:Nike:/job/Boston-Massachusetts/Lead-Materials-Designer--Energy---Converse_R-89299
Nike:/job/Beaverton-Oregon/Lead-Merchant--Accessories--Global-Jordan_R-89857,Nike,"Lead Merchant, Accessories, Global Jordan","Beaverton, Oregon",,https://nike.wd1.myworkdayjobs.com/en-US/nke/job/Beaverton-Oregon/Lead-Merchant--Accessories--Global-Jordan_R-89857,Posted 3 Days Ago,2026-08-21,2026-08-11T21:17:54+00:00,2026-08-11 14:17 Tue,,false,,,,false,workday:Nike:/job/Beaverton-Oregon/Lead-Merchant--Accessories--Global-Jordan_R-89857
Nike:/job/Beaverton-Oregon/Lead-Merchant--ACG-Apparel_R-88901,Nike,"Lead Merchant, ACG Apparel","Beaverton, Oregon",,https://nike.wd1.myworkdayjobs.com/en-US/nke/job/Beaverton-Oregon/Lead-Merchant--ACG-Apparel_R-88901,Posted Yesterday,2026-08-28,2026-08-27T16:18:11+00:00,2026-08-27 09:18 Thu,,false,,,,false,workday:Nike:/job/Beaverton-Oregon/Lead-Merchant--ACG-Apparel_R-88901
Nike:/job/Hilversum-Netherlands/Lead-Merchant--Nike-Digital-Merchandising-Running-Footwear---ACG_R-88547,Nike,"Lead Merchant, Nike Digital Merchandising Running Footwear & ACG","Hilversum, Netherlands",,https://nike.wd1.myworkdayjobs.com/en-US/nke/job/Hilversum-Netherlands/Lead-Merchant--Nike-Digital-Merchandising-Running-Footwear---ACG_R-88547,Posted 3 Days Ago,2026-08-29,2026-08-28T09:41:47+00:00,2026-08-28 02:41 Fri,,false,,,,false,workday:Nike:/job/Hilversum-Netherlands/Lead-Merchant--Nike-Digital-Merchandising-Running-Footwear---ACG_R-88547
Nike:/job/Shanghai-China-Mainland/Lead-Merchant--Streetwear--FW-Icon--Jordan-GC_R-72733-1,Nike,"Lead Merchant, Streetwear, FW Icon, Jordan GC","Shanghai, China Mainland",,https://nike.wd1.myworkdayjobs.com/en-US/nke/job/Shanghai-China-Mainland/Lead-Merchant--Streetwear--FW-Icon--Jordan-GC_R-72733-1,Posted 30+ Days Ago,2026-07-19,2026-08-18T12:10:51+00:00,2026-08-18 05:10 Tue,,false,,,,false,workday:Nike:/job/Shanghai-China-Mainland/Lead-Merchant--Streetwear--FW-Icon--Jordan-GC_R-72733-1
Nike:/job/Beaverton-Oregon/Lead-Merchant--Training-Mens-Apparel_R-86498,Nike,"Lead Merchant, Training Mens Apparel","Beaverton, Oregon",,https://nike.wd1.myworkdayjobs.com/en-US/nke/job/Beaverton-Oregon/Lead-Merchant--Training-Mens-Apparel_R-86498,Posted 6 Days Ago,2026-07-06,2026-07-12T07:45:02+00:00,2026-07-12 00:45 Sun,,false,,,,false,workday:Nike:/job/Beaverton-Oregon/Lead-Merchant--Training-Mens-Apparel_R-86498
Nike:/job/Guangzhou-China-Mainland/Lead-Office-Administrator_R-82313,Nike,Lead Office Administrator,"Guangzhou, China Mainland",,https://nike.wd1.myworkdayjobs.com/en-US/nke/job/Guangzhou-China-Mainland/Lead-Office-Administrator_R-82313,Posted Today,2026-08-27,2026-08-26T05:41:22+00:00,2026-08-25 22:41 Tue,,false,,,,false,workday:Nike:/job/Guangzhou-China-Mainland/Lead-Office-Administrator_R-82313
Nike:/job/Pittsburgh-Pennsylvania/Lead--Sales-Rep--Dicks-Sporting-Goods-Apparel---Jordan-NA_R-84980,Nike,Lead Partner Rep (Dicks Sporting Goods Account),"Pittsburgh, Pennsylvania",,https://nike.wd1.myworkdayjobs.com/en-US/nke/job/Pittsburgh-Pennsylvania/Lead--Sales-Rep--Dicks-Sporting-Goods-Apparel---Jordan-NA_R-84980,Posted Today,2026-08-17,2026-08-17T16:00:03+00:00,2026-08-17 09:00 Mon,,false,,,,false,workday:Nike:/job/Pittsburgh-Pennsylvania/Lead--Sales-Rep--Dicks-Sporting-Goods-Apparel---Jordan-NA_R-84980
Nike:/job/Beaverton-Oregon/Lead-Process-Analyst_R-88191,Nike,Lead Process Analyst,"Beaverton, Oregon",,https://nike.wd1.myworkdayjobs.com/en-US/nke/job/Beaverton-Oregon/Lead-Process-Analyst_R-88191,Posted Today,2026-07-20,2026-07-20T07:17:43+00:00,2026-07-20 00:17 Mon,,false,,,,false,workday:Nike:/job/Beaverton-Oregon/Lead-Process-Analyst_R-88191
Nike:/job/Veracruz-Mexico/Lead-Product---Jefe-de-Producto---Nike-Plaza-Las-Amricas---Veracruz_R-87507,Nike,Lead Product / Jefe de Producto | Nike Plaza Las Américas - Veracruz,"Veracruz, Mexico",,https://nike.wd1.myworkdayjobs.com/en-US/nke/job/Veracruz-Mexico/Lead-Product---Jefe-de-Producto---Nike-Plaza-Las-Amricas---Veracruz_R-87507,Posted Today,2026-08-16,2026-08-16T21:34:21+00:00,2026-08-16 14:34 Sun,,false,,,,false,workday:Nike:/job/Veracruz-Mexico/Lead-Product---Jefe-de-Producto---Nike-Plaza-Las-Amricas---Veracruz_R-87507
Nike:/job/Zapopan-Mexico/Lead-Product---Jefe-de-Producto---Plaza-Patria---Guadalajara_R-87917,Nike,Lead Product / Jefe de Producto | Plaza Patria - Guadalajara,"Zapopan, Mexico",,https://nike.wd1.myworkdayjobs.com/en-US/nke/job/Zapopan-Mexico/Lead-Product---Jefe-de-Producto---Plaza-Patria---Guadalajara_R-87917,Posted Today,2026-08-19,2026-07-30T21:17:31+00:00,2026-07-30 14:17 Thu,,false,,,,false,workday:Nike:/job/Zapopan-Mexico/Lead-Product---Jefe-de-Producto---Plaza-Patria---Guadalajara_R-87917
Nike:/job/Shanghai-China-Mainland/Lead-Product-Developer-CTM---Converse_R-90627,Nike,Lead Product Developer CTM - Converse,"Shanghai, China Mainland",,https://nike.wd1.myworkdayjobs.com/en-US/nke/job/Shanghai-China-Mainland/Lead-Product-Developer-CTM---Converse_R-90627,Posted Today,2026-08-26,2026-08-25T07:57:42+00:00,2026-08-25 00:57 Tue,,false,,,,false,workday:Nike:/job/Shanghai-China-Mainland/Lead-Product-Developer-CTM---Converse_R-90627
Nike:/job/Beaverton-Oregon/Lead-Product-Developer---North-America-Local-Creation--Footwear_R-82861,Nike,"Lead Product Developer – North America Local Creation, Footwear","Beaverton, Oregon",,https://nike.wd1.myworkdayjobs.com/en-US/nke/job/Beaverton-Oregon/Lead-Product-Developer---North-America-Local-Creation--Footwear_R-82861,Posted 30+ Days Ago,2026-07-19,2026-08-18T12:10:51+00:00,2026-08-18 05:10 Tue,,false,,,,false,workday:Nike:/job/Beaverton-Oregon/Lead-Product-Developer---North-America-Local-Creation--Footwear_R-82861
Nike:/job/New-York-New-York/Lead-Product-Developer--Footwear-Local-Creation-NA_R-88623,Nike,"Lead Product Developer, Footwear Local Creation NA","New York, New York",,https://nike.wd1.myworkdayjobs.com/en-US/nke/job/New-York-New-York/Lead-Product-Developer--Footwear-Local-Creation-NA_R-88623,Posted Today,2026-07-23,2026-07-23T22:39:32+00:00,2026-07-23 15:39 Thu,,false,,,,false,workday:Nike:/job/New-York-New-York/Lead-Product-Developer--Footwear-Local-Creation-NA_R-88623
Nike:/job/Beaverton-Oregon/Lead-Product-Engineer_R-88193,Nike,Lead Product Engineer,"Beaverton, Oregon",,https://nike.wd1.myworkdayjobs.com/en-US/nke/job/Beaverton-Oregon/Lead-Product-Engineer_R-88193,Posted Today,2026-07-20,2026-07-20T07:17:43+00:00,2026-07-20 00:17 Mon,,false,,,,false,workday:Nike:/job/Beaverton-Oregon/Lead-Product-Engineer_R-88193
Nike:/job/Montebelluna-Italy/Lead-Product-Engineer--Womens-Chuck-Global---Converse_R-84451,Nike,"Lead Product Engineer, Womens Chuck Global - Converse","Montebelluna, Italy",,https://nike.wd1.myworkdayjobs.com/en-US/nke/job/Montebelluna-Italy/Lead-Product-Engineer--Womens-Chuck-Global---Converse_R-84451,Posted Today,2026-07-14,2026-07-14T15:41:54+00:00,2026-07-14 08:41 Tue,,false,,,,false,workday:Nike:/job/Montebelluna-Italy/Lead-Product-Engineer--Womens-Chuck-Global---Converse_R-84451
Nike:/job/Hilversum-Netherlands/Lead-Product-Line-Manager---Apparel--EMEA-Local-Creation_R-87315,Nike,"Lead Product Line Manager – Apparel, EMEA Local Creation","Hilversum, Netherlands",,https://nike.wd1.myworkdayjobs.com/en-US/nke/job/Hilversum-Netherlands/Lead-Product-Line-Manager---Apparel--EMEA-Local-Creation_R-87315,Posted 2 Days Ago,2026-07-10,2026-07-12T07:45:02+00:00,2026-07-12 00:45 Sun,,false,,,,false,workday:Nike:/job/Hilversum-Netherlands/Lead-Product-Line-Manager---Apparel--EMEA-Local-Creation_R-87315
Nike:/job/Beaverton-Oregon/Lead-Product-Line-Manager--Global-Apparel-Tennis_R-84271,Nike,"Lead Product Line Manager, Global Apparel Tennis","Beaverton, Oregon",,https://nike.wd1.myworkdayjobs.com/en-US/nke/job/Beaverton-Oregon/Lead-Product-Line-Manager--Global-Apparel-Tennis_R-84271,Posted Today,2026-07-14,2026-07-14T18:17:38+00:00,2026-07-14 11:17 Tue,,false,,,,false,workday:Nike:/job/Beaverton-Oregon/Lead-Product-Line-Manager--Global-Apparel-Tennis_R-84271
Nike:/job/Beaverton-Oregon/Lead-Product-Line-Manager--Global-Football-Accessories---Equipment_R-87634-1,Nike,"Lead Product Line Manager, Global Football Accessories & Equipment","Beaverton, Oregon",,https://nike.wd1.myworkdayjobs.com/en-US/nke/job/Beaverton-Oregon/Lead-Product-Line-Manager--Global-Football-Accessories---Equipment_R-87634-1,Posted 5 Days Ago,2026-07-10,2026-07-15T20:59:15+00:00,2026-07-15 13:59 Wed,,false,,,,false,workday:Nike:/job/Beaverton-Oregon/Lead-Product-Line-Manager--Global-Football-Accessories---Equipment_R-87634-1
Nike:/job/Beaverton-Oregon/Lead-Product-Line-Manager--Global-WNBA-Uniforms_R-87531,Nike,"Lead Product Line Manager, Global WNBA Uniforms","Beaverton, Oregon",,https://nike.wd1.myworkdayjobs.com/en-US/nke/job/Beaverton-Oregon/Lead-Product-Line-Manager--Global-WNBA-Uniforms_R-87531,Posted Today,2026-07-15,2026-07-15T20:17:47+00:00,2026-07-15 13:17 Wed,,false,,,,false,workday:Nike:/job/Beaverton-Oregon/Lead-Product-Line-Manager--Global-WNBA-Uniforms_R-87531
Nike:/job/Karnataka-India/Lead-Product-Supply-Chain-Manager--India_R-88827,Nike,"Lead Product Supply Chain Manager, India","Karnataka, India",,https://nike.wd1.myworkdayjobs.com/en-US/nke/job/Karnataka-India/Lead-Product-Supply-Chain-Manager--India_R-88827,Posted 7 Days Ago,2026-07-20,2026-07-27T11:41:26+00:00,2026-07-27 04:41 Mon,,false,,,,false,workday:Nike:/job/Karnataka-India/Lead-Product-Supply-Chain-Manager--India_R-88827
Nike:/job/Shanghai-China-Mainland/Lead-Professional--Brand-Creative-Design-GC_R-90755,Nike,"Lead Professional, Brand Creative Design GC","Shanghai, China Mainland",,https://nike.wd1.myworkdayjobs.com/en-US/nke/job/Shanghai-China-Mainland/Lead-Professional--Brand-Creative-Design-GC_R-90755,Posted Today,2026-08-27,2026-08-26T06:17:23+00:00,2026-08-25 23:17 Tue,,false,,,,false,workday:Nike:/job/Shanghai-China-Mainland/Lead-Professional--Brand-Creative-Design-GC_R-90755
Nike:/job/Shanghai-China-Mainland/Manager--Brand-Creative-Architecture-Design-GC_R-87003-1,Nike,"Lead Professional, Brand Creative Design, Retail GC","Shanghai, China Mainland",,https://nike.wd1.myworkdayjobs.com/en-US/nke/job/Shanghai-China-Mainland/Manager--Brand-Creative-Architecture-Design-GC_R-87003-1,Posted Today,2026-08-11,2026-08-11T02:41:41+00:00,2026-08-10 19:41 Mon,,false,,,,false,workday:Nike:/job/Shanghai-China-Mainland/Manager--Brand-Creative-Architecture-Design-GC_R-87003-1
Nike:/job/Shanghai-China-Mainland/Lead-Professional--Brand-Creative-Narrative-GC_R-87004,Nike,"Lead Professional, Brand Creative Narrative GC","Shanghai, China Mainland",,https://nike.wd1.myworkdayjobs.com/en-US/nke/job/Shanghai-China-Mainland/Lead-Professional--Brand-Creative-Narrative-GC_R-87004,Posted 4 Days Ago,2026-07-08,2026-07-12T07:45:02+00:00,2026-07-12 00:45 Sun,,false,,,,false,workday:Nike:/job/Shanghai-China-Mainland/Lead-Professional--Brand-Creative-Narrative-GC_R-87004
Nike:/job/London-United-Kingdom/Lead-Professional--Brand-Marketing--NSW--UK---Ireland_R-90279,Nike,"Lead Professional, Brand Marketing, NSW, UK & Ireland","London, United Kingdom",,https://nike.wd1.myworkdayjobs.com/en-US/nke/job/London-United-Kingdom/Lead-Professional--Brand-Marketing--NSW--UK---Ireland_R-90279,Posted 3 Days Ago,2026-08-22,2026-08-21T11:17:17+00:00,2026-08-21 04:17 Fri,,false,,,,false,workday:Nike:/job/London-United-Kingdom/Lead-Professional--Brand-Marketing--NSW--UK---Ireland_R-90279
Nike:/job/Seoul-Korea/Lead-Professional--Communications--Korea_R-83806,Nike,"Lead Professional, Communications, Korea","Seoul, Korea",,https://nike.wd1.myworkdayjobs.com/en-US/nke/job/Seoul-Korea/Lead-Professional--Communications--Korea_R-83806,Posted 30+ Days Ago,2026-07-19,2026-08-18T12:10:51+00:00,2026-08-18 05:10 Tue,,false,,,,false,workday:Nike:/job/Seoul-Korea/Lead-Professional--Communications--Korea_R-83806
Nike:/job/Paris-France/Lead-Professional--Energy--Paris---Converse_R-86861,Nike,"Lead Professional, Energy, Paris - Converse","Paris, France",,https://nike.wd1.myworkdayjobs.com/en-US/nke/job/Paris-France/Lead-Professional--Energy--Paris---Converse_R-86861,Posted Today,2026-08-12,2026-08-12T13:42:08+00:00,2026-08-12 06:42 Wed,,false,,,,false,workday:Nike:/job/Paris-France/Lead-Professional--Energy--Paris---Converse_R-86861
Nike:/job/Beaverton-Oregon/Lead-Professional--Jordan-Business-Communications_R-87515-1,Nike,"Lead Professional, Jordan Business Communications","Beaverton, Oregon",,https://nike.wd1.myworkdayjobs.com/en-US/nke/job/Beaverton-Oregon/Lead-Professional--Jordan-Business-Communications_R-87515-1,Posted Today,2026-07-13,2026-07-13T18:59:13+00:00,2026-07-13 11:59 Mon,,false,,,,false,workday:Nike:/job/Beaverton-Oregon/Lead-Professional--Jordan-Business-Communications_R-87515-1
Nike:/job/Rio-de-Janeiro-Brazil/Lead-Professional--Sports-Marketing--Global-Football--Brazil_R-89559,Nike,"Lead Professional, Sports Marketing, Global Football, Brazil","Rio de Janeiro, Brazil",,https://nike.wd1.myworkdayjobs.com/en-US/nke/job/Rio-de-Janeiro-Brazil/Lead-Professional--Sports-Marketing--Global-Football--Brazil_R-89559,Posted Today,2026-08-11,2026-08-11T12:17:24+00:00,2026-08-11 05:17 Tue,,false,,,,false,workday:Nike:/job/Rio-de-Janeiro-Brazil/Lead-Professional--Sports-Marketing--Global-Football--Brazil_R-89559
Nike:/job/Lisbon-Portugal/Lead-Retail-Associate_R-87416,Nike,Lead Retail Associate,"Lisbon, Portugal",,https://nike.wd1.myworkdayjobs.com/en-US/nke/job/Lisbon-Portugal/Lead-Retail-Associate_R-87416,Posted Today,2026-07-13,2026-07-13T08:16:44+00:00,2026-07-13 01:16 Mon,,false,,,,false,workday:Nike:/job/Lisbon-Portugal/Lead-Retail-Associate_R-87416
Nike:/job/Modivas---Vila-do-Conde-Portugal/Lead-Retail-Associate_R-88537,Nike,Lead Retail Associate,"Modivas - Vila do Conde, Portugal",,https://nike.wd1.myworkdayjobs.com/en-US/nke/job/Modivas---Vila-do-Conde-Portugal/Lead-Retail-Associate_R-88537,Posted Today,2026-07-23,2026-07-23T07:41:12+00:00,2026-07-23 00:41 Thu,,false,,,,false,workday:Nike:/job/Modivas---Vila-do-Conde-Portugal/Lead-Retail-Associate_R-88537
Nike:/job/Brescia-Italy/Lead-Retail-Associate_R-88644,Nike,Lead Retail Associate,"Brescia, Italy",,https://nike.wd1.myworkdayjobs.com/en-US/nke/job/Brescia-Italy/Lead-Retail-Associate_R-88644,Posted Today,2026-07-24,2026-07-24T07:41:35+00:00,2026-07-24 00:41 Fri,,false,,,,false,workday:Nike:/job/Brescia-Italy/Lead-Retail-Associate_R-88644
Nike:/job/Haikou-China-Mainland/Lead-Retail-Associate_R-85236,Nike,Lead Retail Associate,"Haikou, China Mainland",,https://nike.wd1.myworkdayjobs.com/en-US/nke/job/Haikou-China-Mainland/Lead-Retail-Associate_R-85236,Posted 30+ Days Ago,2026-07-19,2026-08-18T12:10:51+00:00,2026-08-18 05:10 Tue,,false,,,,false,workday:Nike:/job/Haikou-China-Mainland/Lead-Retail-Associate_R-85236
Nike:/job/Kualalumpur-Selangor/Lead-Retail-Associate---Nike--Mitsui-Outlet-Park-_R-82981,Nike,Lead Retail Associate - Nike (Mitsui Outlet Park),"Kualalumpur, Selangor",,https://nike.wd1.myworkdayjobs.com/en-US/nke/job/Kualalumpur-Selangor/Lead-Retail-Associate---Nike--Mitsui-Outlet-Park-_R-82981,Posted 30+ Days Ago,2026-07-19,2026-08-18T12:10:51+00:00,2026-08-18 05:10 Tue,,false,,,,false,workday:Nike:/job/Kualalumpur-Selangor/Lead-Retail-Associate---Nike--Mitsui-Outlet-Park-_R-82981
Nike:/job/Hilversum-Netherlands/Lead-Sales-Representative---Strategic-Digital-Partner_R-89797,Nike,Lead Sales Representative - Strategic Digital Partner,"Hilversum, Netherlands",,https://nike.wd1.myworkdayjobs.com/en-US/nke/job/Hilversum-Netherlands/Lead-Sales-Representative---Strategic-Digital-Partner_R-89797,Posted Today,2026-08-11,2026-08-11T08:17:33+00:00,2026-08-11 01:17 Tue,,false,,,,false,workday:Nike:/job/Hilversum-Netherlands/Lead-Sales-Representative---Strategic-Digital-Partner_R-89797
Nike:/job/Beaverton-Oregon/Lead-Software-Engineer_R-90232,Nike,Lead Software Engineer,"Beaverton, Oregon",,https://nike.wd1.myworkdayjobs.com/en-US/nke/job/Beaverton-Oregon/Lead-Software-Engineer_R-90232,Posted Yesterday,2026-08-19,2026-08-18T18:30:55+00:00,2026-08-18 11:30 Tue,,false,,,,false,workday:Nike:/job/Beaverton-Oregon/Lead-Software-Engineer_R-90232
Nike:/job/Karnataka-India/Lead-Software-Engineer--AI-ML---ITC_R-88919,Nike,"Lead Software Engineer (AI/ML), ITC","Karnataka, India",,https://nike.wd1.myworkdayjobs.com/en-US/nke/job/Karnataka-India/Lead-Software-Engineer--AI-ML---ITC_R-88919,Posted 6 Days Ago,2026-07-22,2026-07-28T06:59:30+00:00,2026-07-27 23:59 Mon,,false,,,,false,workday:Nike:/job/Karnataka-India/Lead-Software-Engineer--AI-ML---ITC_R-88919
Nike:/job/Karnataka-India/Lead-Software-Engineer---Forward-Deployed-Engineering--ITC_R-89325,Nike,"Lead Software Engineer - Forward Deployed Engineering, ITC","Karnataka, India",,https://nike.wd1.myworkdayjobs.com/en-US/nke/job/Karnataka-India/Lead-Software-Engineer---Forward-Deployed-Engineering--ITC_R-89325,Posted Today,2026-08-04,2026-08-04T09:41:34+00:00,2026-08-04 02:41 Tue,,false,,,,false,workday:Nike:/job/Karnataka-India/Lead-Software-Engineer---Forward-Deployed-Engineering--ITC_R-89325
Nike:/job/Karnataka-India/Lead-Software-Engineer---Forward-Deployed-Engineering--ITC_R-89326,Nike,"Lead Software Engineer - Forward Deployed Engineering, ITC","Karnataka, India",,https://nike.wd1.myworkdayjobs.com/en-US/nke/job/Karnataka-India/Lead-Software-Engineer---Forward-Deployed-Engineering--ITC_R-89326,Posted Today,2026-08-04,2026-08-04T09:41:34+00:00,2026-08-04 02:41 Tue,,false,,,,false,workday:Nike:/job/Karnataka-India/Lead-Software-Engineer---Forward-Deployed-Engineering--ITC_R-89326
Nike:/job/Karnataka-India/Lead-Software-Engineer---IBP-Solution---ITC_R-82588,Nike,"Lead Software Engineer - O9 , ITC","Karnataka, India",,https://nike.wd1.myworkdayjobs.com/en-US/nke/job/Karnataka-India/Lead-Software-Engineer---IBP-Solution---ITC_R-82588,Posted Today,2026-07-13,2026-07-13T08:58:43+00:00,2026-07-13 01:58 Mon,,false,,,,false,workday:Nike:/job/Karnataka-India/Lead-Software-Engineer---IBP-Solution---ITC_R-82588
Nike:/job/Karnataka-India/Lead-Software-Engineer--ITC_R-86254-1,Nike,"Lead Software Engineer UKG Pro, ITC","Karnataka, India",,https://nike.wd1.myworkdayjobs.com/en-US/nke/job/Karnataka-India/Lead-Software-Engineer--ITC_R-86254-1,Posted Today,2026-08-12,2026-08-12T09:59:17+00:00,2026-08-12 02:59 Wed,,false,,,,false,workday:Nike:/job/Karnataka-India/Lead-Software-Engineer--ITC_R-86254-1
Nike:/job/Karnataka-India/Lead-Software-Engineer_R-85869,Nike,"Lead Software Engineer, DevSecOps, ITC","Karnataka, India",,https://nike.wd1.myworkdayjobs.com/en-US/nke/job/Karnataka-India/Lead-Software-Engineer_R-85869,Posted Today,2026-07-24,2026-07-24T07:17:27+00:00,2026-07-24 00:17 Fri,,false,,,,false,workday:Nike:/job/Karnataka-India/Lead-Software-Engineer_R-85869
Nike:/job/Karnataka-India/Lead-Software-Engineer--Global-Converse--ITC_R-81647,Nike,"Lead Software Engineer, Global Converse, ITC","Karnataka, India",,https://nike.wd1.myworkdayjobs.com/en-US/nke/job/Karnataka-India/Lead-Software-Engineer--Global-Converse--ITC_R-81647,Posted Today,2026-08-14,2026-08-14T05:41:37+00:00,2026-08-13 22:41 Thu,,false,,,,false,workday:Nike:/job/Karnataka-India/Lead-Software-Engineer--Global-Converse--ITC_R-81647
Nike:/job/Karnataka-India/Lead-Software-Engineer-Global-Converse--ITC_R-81657,Nike,"Lead Software Engineer, Global Converse, ITC","Karnataka, India",,https://nike.wd1.myworkdayjobs.com/en-US/nke/job/Karnataka-India/Lead-Software-Engineer-Global-Converse--ITC_R-81657,Posted 30+ Days Ago,2026-07-19,2026-08-18T12:10:51+00:00,2026-08-18 05:10 Tue,,false,,,,false,workday:Nike:/job/Karnataka-India/Lead-Software-Engineer-Global-Converse--ITC_R-81657
Nike:/job/Karnataka-India/Lead-Software-Engineer--ITC_R-86316,Nike,"Lead Software Engineer, ITC","Karnataka, India",,https://nike.wd1.myworkdayjobs.com/en-US/nke/job/Karnataka-India/Lead-Software-Engineer--ITC_R-86316,Posted 6 Days Ago,2026-07-06,2026-07-12T07:45:02+00:00,2026-07-12 00:45 Sun,,false,,,,false,workday:Nike:/job/Karnataka-India/Lead-Software-Engineer--ITC_R-86316
Nike:/job/Karnataka-India/Lead-Software-Engineer--ITC_R-86493,Nike,"Lead Software Engineer, ITC","Karnataka, India",,https://nike.wd1.myworkdayjobs.com/en-US/nke/job/Karnataka-India/Lead-Software-Engineer--ITC_R-86493,Posted 2 Days Ago,2026-07-10,2026-07-12T07:45:02+00:00,2026-07-12 00:45 Sun,,false,,,,false,workday:Nike:/job/Karnataka-India/Lead-Software-Engineer--ITC_R-86493
Nike:/job/Karnataka-India/Lead-Software-Engineer--ITC_R-85383,Nike,"Lead Software Engineer, ITC","Karnataka, India",,https://nike.wd1.myworkdayjobs.com/en-US/nke/job/Karnataka-India/Lead-Software-Engineer--ITC_R-85383,Posted Today,2026-07-14,2026-07-14T06:47:06+00:00,2026-07-13 23:47 Mon,,false,,,,false,workday:Nike:/job/Karnataka-India/Lead-Software-Engineer--ITC_R-85383
Nike:/job/Karnataka-India/Lead-Software-Engineer--ITC_R-86411,Nike,"Lead Software Engineer, ITC","Karnataka, India",,https://nike.wd1.myworkdayjobs.com/en-US/nke/job/Karnataka-India/Lead-Software-Engineer--ITC_R-86411,Posted Today,2026-07-14,2026-07-14T07:41:11+00:00,2026-07-14 00:41 Tue,,false,,,,false,workday:Nike:/job/Karnataka-India/Lead-Software-Engineer--ITC_R-86411
Nike:/job/Karnataka-India/Lead-Software-Engineer--ITC_R-85496,Nike,"Lead Software Engineer, ITC","Karnataka, India",,https://nike.wd1.myworkdayjobs.com/en-US/nke/job/Karnataka-India/Lead-Software-Engineer--ITC_R-85496,Posted Today,2026-07-15,2026-07-15T18:17:51+00:00,2026-07-15 11:17 Wed,,false,,,,false,workday:Nike:/job/Karnataka-India/Lead-Software-Engineer--ITC_R-85496
Nike:/job/Karnataka-India/Lead-Software-Engineer--ITC_R-85492,Nike,"Lead Software Engineer, ITC","Karnataka, India",,https://nike.wd1.myworkdayjobs.com/en-US/nke/job/Karnataka-India/Lead-Software-Engineer--ITC_R-85492,Posted Today,2026-07-17,2026-07-17T03:41:31+00:00,2026-07-16 20:41 Thu,,false,,,,false,workday:Nike:/job/Karnataka-India/Lead-Software-Engineer--ITC_R-85492
Nike:/job/Karnataka-India/Lead-Software-Engineer--ITC_R-88292,Nike,"Lead Software Engineer, ITC","Karnataka, India",,https://nike.wd1.myworkdayjobs.com/en-US/nke/job/Karnataka-India/Lead-Software-Engineer--ITC_R-88292,Posted Today,2026-07-21,2026-07-21T06:41:20+00:00,2026-07-20 23:41 Mon,,false,,,,false,workday:Nike:/job/Karnataka-India/Lead-Software-Engineer--ITC_R-88292
Nike:/job/Karnataka-India/Lead-Software-Engineer--ITC_R-88522,Nike,"Lead Software Engineer, ITC","Karnataka, India",,https://nike.wd1.myworkdayjobs.com/en-US/nke/job/Karnataka-India/Lead-Software-Engineer--ITC_R-88522,Posted Today,2026-07-22,2026-07-22T05:17:09+00:00,2026-07-21 22:17 Tue,,false,,,,false,workday:Nike:/job/Karnataka-India/Lead-Software-Engineer--ITC_R-88522
Nike:/job/Karnataka-India/Lead-Software-Engineer--ITC_R-86275,Nike,"Lead Software Engineer, ITC","Karnataka, India",,https://nike.wd1.myworkdayjobs.com/en-US/nke/job/Karnataka-India/Lead-Software-Engineer--ITC_R-86275,Posted 7 Days Ago,2026-07-20,2026-07-27T12:40:16+00:00,2026-07-27 05:40 Mon,,false,,,,false,workday:Nike:/job/Karnataka-India/Lead-Software-Engineer--ITC_R-86275
Nike:/job/Karnataka-India/Lead-Software-Engineer--ITC_R-89036,Nike,"Lead Software Engineer, ITC","Karnataka, India",,https://nike.wd1.myworkdayjobs.com/en-US/nke/job/Karnataka-India/Lead-Software-Engineer--ITC_R-89036,Posted 5 Days Ago,2026-07-24,2026-07-29T12:44:19+00:00,2026-07-29 05:44 Wed,,false,,,,false,workday:Nike:/job/Karnataka-India/Lead-Software-Engineer--ITC_R-89036
Nike:/job/Karnataka-India/Lead-Software-Engineer--ITC_R-89088,Nike,"Lead Software Engineer, ITC","Karnataka, India",,https://nike.wd1.myworkdayjobs.com/en-US/nke/job/Karnataka-India/Lead-Software-Engineer--ITC_R-89088,Posted 4 Days Ago,2026-07-26,2026-07-30T11:59:45+00:00,2026-07-30 04:59 Thu,,false,,,,false,workday:Nike:/job/Karnataka-India/Lead-Software-Engineer--ITC_R-89088
Nike:/job/Karnataka-India/Lead-Software-Engineer--ITC_R-86857,Nike,"Lead Software Engineer, ITC","Karnataka, India",,https://nike.wd1.myworkdayjobs.com/en-US/nke/job/Karnataka-India/Lead-Software-Engineer--ITC_R-86857,Posted Today,2026-08-05,2026-08-05T06:41:21+00:00,2026-08-04 23:41 Tue,,false,,,,false,workday:Nike:/job/Karnataka-India/Lead-Software-Engineer--ITC_R-86857
Nike:/job/Karnataka-India/Lead-Software-Engineer--ITC_R-86320,Nike,"Lead Software Engineer, ITC","Karnataka, India",,https://nike.wd1.myworkdayjobs.com/en-US/nke/job/Karnataka-India/Lead-Software-Engineer--ITC_R-86320,Posted Today,2026-08-10,2026-08-10T08:59:26+00:00,2026-08-10 01:59 Mon,,false,,,,false,workday:Nike:/job/Karnataka-India/Lead-Software-Engineer--ITC_R-86320
Nike:/job/Karnataka-India/Lead-Software-Engineer--ITC_R-86858,Nike,"Lead Software Engineer, ITC","Karnataka, India",,https://nike.wd1.myworkdayjobs.com/en-US/nke/job/Karnataka-India/Lead-Software-Engineer--ITC_R-86858,Posted Today,2026-08-10,2026-08-10T09:17:19+00:00,2026-08-10 02:17 Mon,,false,,,,false,workday:Nike:/job/Karnataka-India/Lead-Software-Engineer--ITC_R-86858
Nike:/job/Karnataka-India/Lead-Software-Engineer--ITC_R-85878,Nike,"Lead Software Engineer, ITC","Karnataka, India",,https://nike.wd1.myworkdayjobs.com/en-US/nke/job/Karnataka-India/Lead-Software-Engineer--ITC_R-85878,Posted Today,2026-08-14,2026-08-14T05:41:37+00:00,2026-08-13 22:41 Thu,,false,,,,false,workday:Nike:/job/Karnataka-India/Lead-Software-Engineer--ITC_R-85878
Nike:/job/Karnataka-India/Lead-Software-Engineer--ITC_R-85495,Nike,"Lead Software Engineer, ITC","Karnataka, India",,https://nike.wd1.myworkdayjobs.com/en-US/nke/job/Karnataka-India/Lead-Software-Engineer--ITC_R-85495,Posted Yesterday,2026-08-19,2026-08-18T05:41:38+00:00,2026-08-17 22:41 Mon,,false,,,,false,workday:Nike:/job/Karnataka-India/Lead-Software-Engineer--ITC_R-85495
Nike:/job/Karnataka-India/Lead-Software-Engineer--ITC_R-85564,Nike,"Lead Software Engineer, ITC","Karnataka, India",,https://nike.wd1.myworkdayjobs.com/en-US/nke/job/Karnataka-India/Lead-Software-Engineer--ITC_R-85564,Posted 30+ Days Ago,2026-07-19,2026-08-18T12:10:51+00:00,2026-08-18 05:10 Tue,,false,,,,false,workday:Nike:/job/Karnataka-India/Lead-Software-Engineer--ITC_R-85564
Nike:/job/Karnataka-India/Lead-Software-Engineer--ITC_R-85884-1,Nike,"Lead Software Engineer, ITC","Karnataka, India",,https://nike.wd1.myworkdayjobs.com/en-US/nke/job/Karnataka-India/Lead-Software-Engineer--ITC_R-85884-1,Posted 30+ Days Ago,2026-07-19,2026-08-18T12:10:51+00:00,2026-08-18 05:10 Tue,,false,,,,false,workday:Nike:/job/Karnataka-India/Lead-Software-Engineer--ITC_R-85884-1
Nike:/job/Karnataka-India/Lead-Software-Engineer_R-51405,Nike,"Lead Software Engineer, ITC","Karnataka, India",,https://nike.wd1.myworkdayjobs.com/en-US/nke/job/Karnataka-India/Lead-Software-Engineer_R-51405,Posted 30+ Days Ago,2026-07-19,2026-08-18T12:10:51+00:00,2026-08-18 05:10 Tue,,false,,,,false,workday:Nike:/job/Karnataka-India/Lead-Software-Engineer_R-51405
Nike:/job/Karnataka-India/Lead-Software-Engineer--ITC_R-86247,Nike,"Lead Software Engineer, ITC","Karnataka, India",,https://nike.wd1.myworkdayjobs.com/en-US/nke/job/Karnataka-India/Lead-Software-Engineer--ITC_R-86247,Posted Today,2026-08-26,2026-08-25T06:41:45+00:00,2026-08-24 23:41 Mon,,false,,,,false,workday:Nike:/job/Karnataka-India/Lead-Software-Engineer--ITC_R-86247
Nike:/job/Karnataka-India/Lead-Software-Engineer--Managed-Database--ITC_R-86478,Nike,"Lead Software Engineer, Managed Database, ITC","Karnataka, India",,https://nike.wd1.myworkdayjobs.com/en-US/nke/job/Karnataka-India/Lead-Software-Engineer--Managed-Database--ITC_R-86478,Posted 30+ Days Ago,2026-07-19,2026-08-18T12:10:51+00:00,2026-08-18 05:10 Tue,,false,,,,false,workday:Nike:/job/Karnataka-India/Lead-Software-Engineer--Managed-Database--ITC_R-86478
Nike:/job/Karnataka-India/Lead-Software-Engineer--Anaplan--ITC_R-91415-1,Nike,"Lead Software Engineer_ Anaplan, ITC","Karnataka, India",,https://nike.wd1.myworkdayjobs.com/en-US/nke/job/Karnataka-India/Lead-Software-Engineer--Anaplan--ITC_R-91415-1,Posted Yesterday,2026-09-03,2026-09-03T17:41:42+00:00,2026-09-03 10:41 Thu,,false,,,,false,workday:Nike:/job/Karnataka-India/Lead-Software-Engineer--Anaplan--ITC_R-91415-1
Nike:/job/Karnataka-India/Lead-Sourcer--Talent-Acquisition---Nike-India_R-84858,Nike,"Lead Sourcer, Talent Acquisition - Nike India","Karnataka, India",,https://nike.wd1.myworkdayjobs.com/en-US/nke/job/Karnataka-India/Lead-Sourcer--Talent-Acquisition---Nike-India_R-84858,Posted Today,2026-08-14,2026-08-14T02:41:44+00:00,2026-08-13 19:41 Thu,,false,,,,false,workday:Nike:/job/Karnataka-India/Lead-Sourcer--Talent-Acquisition---Nike-India_R-84858
Nike:/job/Zapopan-Mexico/Lead-Stockroom---Jefe-de-Piso-de-Venta---Plaza-Patria---Guadalajara_R-87933,Nike,Lead Stockroom - Jefe de Piso de Venta | Plaza Patria - Guadalajara,"Zapopan, Mexico",,https://nike.wd1.myworkdayjobs.com/en-US/nke/job/Zapopan-Mexico/Lead-Stockroom---Jefe-de-Piso-de-Venta---Plaza-Patria---Guadalajara_R-87933,Posted Today,2026-08-20,2026-07-30T21:17:31+00:00,2026-07-30 14:17 Thu,,false,,,,false,workday:Nike:/job/Zapopan-Mexico/Lead-Stockroom---Jefe-de-Piso-de-Venta---Plaza-Patria---Guadalajara_R-87933
Nike:/job/Beaverton-Oregon/Lead-Supervising-Electrician_R-90901,Nike,Lead Supervising Electrician,"Beaverton, Oregon",,https://nike.wd1.myworkdayjobs.com/en-US/nke/job/Beaverton-Oregon/Lead-Supervising-Electrician_R-90901,Posted Today,2026-09-04,2026-09-04T16:25:54+00:00,2026-09-04 09:25 Fri,,false,,,,false,workday:Nike:/job/Beaverton-Oregon/Lead-Supervising-Electrician_R-90901
Nike:/job/Beaverton-Oregon/Lead-Technical-Designer--NikeSKIMS-Apparel_R-88459,Nike,"Lead Technical Designer, NikeSKIMS Apparel","Beaverton, Oregon",,https://nike.wd1.myworkdayjobs.com/en-US/nke/job/Beaverton-Oregon/Lead-Technical-Designer--NikeSKIMS-Apparel_R-88459,Posted 6 Days Ago,2026-07-22,2026-07-28T19:17:44+00:00,2026-07-28 12:17 Tue,,false,,,,false,workday:Nike:/job/Beaverton-Oregon/Lead-Technical-Designer--NikeSKIMS-Apparel_R-88459
Nike:/job/Beaverton-Oregon/Lead-Technical-Product-Manager_R-88273,Nike,Lead Technical Product Manager,"Beaverton, Oregon",,https://nike.wd1.myworkdayjobs.com/en-US/nke/job/Beaverton-Oregon/Lead-Technical-Product-Manager_R-88273,Posted Today,2026-07-23,2026-07-23T20:41:29+00:00,2026-07-23 13:41 Thu,,false,,,,false,workday:Nike:/job/Beaverton-Oregon/Lead-Technical-Product-Manager_R-88273
Nike:/job/Karnataka-India/Lead-Technical-Product-Manager---Demand-Planning-and-Pricing--ITC_R-87964,Nike,"Lead Technical Product Manager - Demand Planning and Pricing, ITC","Karnataka, India",,https://nike.wd1.myworkdayjobs.com/en-US/nke/job/Karnataka-India/Lead-Technical-Product-Manager---Demand-Planning-and-Pricing--ITC_R-87964,Posted Today,2026-08-25,2026-08-06T08:41:16+00:00,2026-08-06 01:41 Thu,,false,,,,false,workday:Nike:/job/Karnataka-India/Lead-Technical-Product-Manager---Demand-Planning-and-Pricing--ITC_R-87964
Nike:/job/Karnataka-India/Lead-Technical-Product-Manager-Finance--ITC_R-90514,Nike,"Lead Technical Product Manager Finance, ITC","Karnataka, India",,https://nike.wd1.myworkdayjobs.com/en-US/nke/job/Karnataka-India/Lead-Technical-Product-Manager-Finance--ITC_R-90514,Posted Today,2026-08-25,2026-08-24T09:32:28+00:00,2026-08-24 02:32 Mon,,false,,,,false,workday:Nike:/job/Karnataka-India/Lead-Technical-Product-Manager-Finance--ITC_R-90514
Nike:/job/Karnataka-India/Lead-Technical-Product-Manager--ITC_R-87422,Nike,"Lead Technical Product Manager, ITC","Karnataka, India",,https://nike.wd1.myworkdayjobs.com/en-US/nke/job/Karnataka-India/Lead-Technical-Product-Manager--ITC_R-87422,Posted 5 Days Ago,2026-07-07,2026-07-12T07:45:02+00:00,2026-07-12 00:45 Sun,,false,,,,false,workday:Nike:/job/Karnataka-India/Lead-Technical-Product-Manager--ITC_R-87422
Nike:/job/Karnataka-India/Lead-Technical-Product-Manager--ITC_R-88301,Nike,"Lead Technical Product Manager, ITC","Karnataka, India",,https://nike.wd1.myworkdayjobs.com/en-US/nke/job/Karnataka-India/Lead-Technical-Product-Manager--ITC_R-88301,Posted Today,2026-07-20,2026-07-20T09:17:54+00:00,2026-07-20 02:17 Mon,,false,,,,false,workday:Nike:/job/Karnataka-India/Lead-Technical-Product-Manager--ITC_R-88301
Nike:/job/Karnataka-India/Lead-Technical-Product-Manager--ITC_R-88302,Nike,"Lead Technical Product Manager, ITC","Karnataka, India",,https://nike.wd1.myworkdayjobs.com/en-US/nke/job/Karnataka-India/Lead-Technical-Product-Manager--ITC_R-88302,Posted Today,2026-07-20,2026-07-20T09:17:54+00:00,2026-07-20 02:17 Mon,,false,,,,false,workday:Nike:/job/Karnataka-India/Lead-Technical-Product-Manager--ITC_R-88302
Nike:/job/Karnataka-India/Lead-Technical-Product-Manager--ITC_R-89042,Nike,"Lead Technical Product Manager, ITC","Karnataka, India",,https://nike.wd1.myworkdayjobs.com/en-US/nke/job/Karnataka-India/Lead-Technical-Product-Manager--ITC_R-89042,Posted 5 Days Ago,2026-07-24,2026-07-29T11:17:33+00:00,2026-07-29 04:17 Wed,,false,,,,false,workday:Nike:/job/Karnataka-India/Lead-Technical-Product-Manager--ITC_R-89042
Nike:/job/PHK/Lead-Technical-Program-Manager_R-87696,Nike,Lead Technical Program Manager,PHK,,https://nike.wd1.myworkdayjobs.com/en-US/nke/job/PHK/Lead-Technical-Program-Manager_R-87696,Posted Today,2026-07-24,2026-07-24T15:41:48+00:00,2026-07-24 08:41 Fri,,false,,,,false,workday:Nike:/job/PHK/Lead-Technical-Program-Manager_R-87696
Nike:/job/Karnataka-India/Lead-Technical-Program-Manager--ITC_R-90112,Nike,"Lead Technical Program Manager, ITC","Karnataka, India",,https://nike.wd1.myworkdayjobs.com/en-US/nke/job/Karnataka-India/Lead-Technical-Program-Manager--ITC_R-90112,Posted Today,2026-09-04,2026-08-17T12:41:39+00:00,2026-08-17 05:41 Mon,,false,,,,false,workday:Nike:/job/Karnataka-India/Lead-Technical-Program-Manager--ITC_R-90112
Nike:/job/Karnataka-India/Lead-Technical-Program-Manager--ITC_R-90113,Nike,"Lead Technical Program Manager, ITC","Karnataka, India",,https://nike.wd1.myworkdayjobs.com/en-US/nke/job/Karnataka-India/Lead-Technical-Program-Manager--ITC_R-90113,Posted 2 Days Ago,2026-08-18,2026-08-17T12:41:39+00:00,2026-08-17 05:41 Mon,,false,,,,false,workday:Nike:/job/Karnataka-India/Lead-Technical-Program-Manager--ITC_R-90113
Nike:/job/Beaverton-Oregon/Lead-Technology-Asset-Management_R-89188,Nike,Lead Technology Asset Management,"Beaverton, Oregon",,https://nike.wd1.myworkdayjobs.com/en-US/nke/job/Beaverton-Oregon/Lead-Technology-Asset-Management_R-89188,Posted Today,2026-08-04,2026-08-04T18:24:17+00:00,2026-08-04 11:24 Tue,,false,,,,false,workday:Nike:/job/Beaverton-Oregon/Lead-Technology-Asset-Management_R-89188
Nike:/job/Karnataka-India/Lead-Technology-Business-Consultant--ITC_R-90109,Nike,"Lead Technology Business Consultant, ITC","Karnataka, India",,https://nike.wd1.myworkdayjobs.com/en-US/nke/job/Karnataka-India/Lead-Technology-Business-Consultant--ITC_R-90109,Posted Today,2026-08-17,2026-08-17T12:41:39+00:00,2026-08-17 05:41 Mon,,false,,,,false,workday:Nike:/job/Karnataka-India/Lead-Technology-Business-Consultant--ITC_R-90109
Nike:/job/Hilversum-Netherlands/Lead--Account-Manager-Digital-Marketplace_R-90644,Nike,"Lead, Account Manager Digital Marketplace","Hilversum, Netherlands",,https://nike.wd1.myworkdayjobs.com/en-US/nke/job/Hilversum-Netherlands/Lead--Account-Manager-Digital-Marketplace_R-90644,Posted Yesterday,2026-09-03,2026-09-02T13:41:56+00:00,2026-09-02 06:41 Wed,,false,,,,false,workday:Nike:/job/Hilversum-Netherlands/Lead--Account-Manager-Digital-Marketplace_R-90644
Nike:/job/Ciudad-de-Mxico-Mexico/Lead--Account-Marketing-Innova-Culto-LATAM_R-88499,Nike,"Lead, Account Marketing Innova/Culto LATAM","Ciudad de México, Mexico",,https://nike.wd1.myworkdayjobs.com/en-US/nke/job/Ciudad-de-Mxico-Mexico/Lead--Account-Marketing-Innova-Culto-LATAM_R-88499,Posted 6 Days Ago,2026-07-22,2026-07-28T19:41:49+00:00,2026-07-28 12:41 Tue,,false,,,,false,workday:Nike:/job/Ciudad-de-Mxico-Mexico/Lead--Account-Marketing-Innova-Culto-LATAM_R-88499
Nike:/job/Beaverton-Oregon/Lead--Activation-Analyst_R-88037,Nike,"Lead, Activation Analyst","Beaverton, Oregon",,https://nike.wd1.myworkdayjobs.com/en-US/nke/job/Beaverton-Oregon/Lead--Activation-Analyst_R-88037,Posted Today,2026-07-16,2026-07-16T22:59:02+00:00,2026-07-16 15:59 Thu,,false,,,,false,workday:Nike:/job/Beaverton-Oregon/Lead--Activation-Analyst_R-88037
Nike:/job/Shanghai-China-Mainland/Lead--Advanced-Manufacturing-Engineer_R-76944,Nike,"Lead, Advanced Manufacturing Engineer","Shanghai, China Mainland",,https://nike.wd1.myworkdayjobs.com/en-US/nke/job/Shanghai-China-Mainland/Lead--Advanced-Manufacturing-Engineer_R-76944,Posted 30+ Days Ago,2026-07-19,2026-08-18T12:10:51+00:00,2026-08-18 05:10 Tue,,false,,,,false,workday:Nike:/job/Shanghai-China-Mainland/Lead--Advanced-Manufacturing-Engineer_R-76944
Nike:/job/Beaverton-Oregon/Lead--Apparel-and-Textile-Quality-Engineer_R-88477,Nike,"Lead, Apparel and Textile Quality Engineer","Beaverton, Oregon",,https://nike.wd1.myworkdayjobs.com/en-US/nke/job/Beaverton-Oregon/Lead--Apparel-and-Textile-Quality-Engineer_R-88477,Posted 3 Days Ago,2026-07-28,2026-07-31T14:18:01+00:00,2026-07-31 07:18 Fri,,false,,,,false,workday:Nike:/job/Beaverton-Oregon/Lead--Apparel-and-Textile-Quality-Engineer_R-88477
Nike:/job/NIKE-VIETNAM-HQ/Lead--Apparel-MME_R-86090,Nike,"Lead, Apparel MME",NIKE VIETNAM HQ,,https://nike.wd1.myworkdayjobs.com/en-US/nke/job/NIKE-VIETNAM-HQ/Lead--Apparel-MME_R-86090,Posted 30+ Days Ago,2026-07-19,2026-08-18T12:10:51+00:00,2026-08-18 05:10 Tue,,false,,,,false,workday:Nike:/job/NIKE-VIETNAM-HQ/Lead--Apparel-MME_R-86090
Nike:/job/Beaverton-Oregon/Lead--Apparel-Product-Integration---Promo-Track---Field_R-87519,Nike,"Lead, Apparel Product Integration – Promo Track & Field","Beaverton, Oregon",,https://nike.wd1.myworkdayjobs.com/en-US/nke/job/Beaverton-Oregon/Lead--Apparel-Product-Integration---Promo-Track---Field_R-87519,Posted Today,2026-07-14,2026-07-14T17:59:49+00:00,2026-07-14 10:59 Tue,,false,,,,false,workday:Nike:/job/Beaverton-Oregon/Lead--Apparel-Product-Integration---Promo-Track---Field_R-87519
Nike:/job/Beaverton-Oregon/Lead--Brand-Creative-Planning-and-Operations--North-America_R-87529,Nike,"Lead, Brand Creative Planning and Operations, North America","Beaverton, Oregon",,https://nike.wd1.myworkdayjobs.com/en-US/nke/job/Beaverton-Oregon/Lead--Brand-Creative-Planning-and-Operations--North-America_R-87529,Posted 3 Days Ago,2026-07-09,2026-07-12T07:45:02+00:00,2026-07-12 00:45 Sun,,false,,,,false,workday:Nike:/job/Beaverton-Oregon/Lead--Brand-Creative-Planning-and-Operations--North-America_R-87529
Nike:/job/Beaverton-Oregon/Lead--Brand-Creative-Retail--Seasonless-Story-Design--NA_R-79788,Nike,"Lead, Brand Creative Retail, Seasonless Story Design, NA","Beaverton, Oregon",,https://nike.wd1.myworkdayjobs.com/en-US/nke/job/Beaverton-Oregon/Lead--Brand-Creative-Retail--Seasonless-Story-Design--NA_R-79788,Posted Today,2026-07-13,2026-07-13T20:17:15+00:00,2026-07-13 13:17 Mon,,false,,,,false,workday:Nike:/job/Beaverton-Oregon/Lead--Brand-Creative-Retail--Seasonless-Story-Design--NA_R-79788
Nike:/job/Shanghai-China-Mainland/Lead--Business-Integration-Transformation-GC_R-88915,Nike,"Lead, Business Integration Transformation GC","Shanghai, China Mainland",,https://nike.wd1.myworkdayjobs.com/en-US/nke/job/Shanghai-China-Mainland/Lead--Business-Integration-Transformation-GC_R-88915,Posted 6 Days Ago,2026-07-22,2026-07-28T05:59:09+00:00,2026-07-27 22:59 Mon,,false,,,,false,workday:Nike:/job/Shanghai-China-Mainland/Lead--Business-Integration-Transformation-GC_R-88915
Nike:/job/NIKE-VIETNAM-HQ/Lead--Chemical-Engineer_R-87107,Nike,"Lead, Chemical Engineer",NIKE VIETNAM HQ,,https://nike.wd1.myworkdayjobs.com/en-US/nke/job/NIKE-VIETNAM-HQ/Lead--Chemical-Engineer_R-87107,Posted Today,2026-07-20,2026-07-20T00:59:29+00:00,2026-07-19 17:59 Sun,,false,,,,false,workday:Nike:/job/NIKE-VIETNAM-HQ/Lead--Chemical-Engineer_R-87107
Nike:/job/Jakarta-Raya-Indonesia/Lead--Chemical-Engineer--Indonesia_R-87866,Nike,"Lead, Chemical Engineer, Indonesia","Jakarta Raya, Indonesia",,https://nike.wd1.myworkdayjobs.com/en-US/nke/job/Jakarta-Raya-Indonesia/Lead--Chemical-Engineer--Indonesia_R-87866,Posted Today,2026-07-23,2026-07-23T08:17:26+00:00,2026-07-23 01:17 Thu,,false,,,,false,workday:Nike:/job/Jakarta-Raya-Indonesia/Lead--Chemical-Engineer--Indonesia_R-87866
Nike:/job/Chiang-Mai-Thailand/Lead--Chiang-Mai-Plaza_R-85610-1,Nike,"Lead, Chiang Mai Plaza","Chiang Mai, Thailand",,https://nike.wd1.myworkdayjobs.com/en-US/nke/job/Chiang-Mai-Thailand/Lead--Chiang-Mai-Plaza_R-85610-1,Posted Today,2026-08-04,2026-08-04T04:17:35+00:00,2026-08-03 21:17 Mon,,false,,,,false,workday:Nike:/job/Chiang-Mai-Thailand/Lead--Chiang-Mai-Plaza_R-85610-1
Nike:/job/Shanghai-China-Mainland/Lead--Code-GC_R-89212,Nike,"Lead, Code GC","Shanghai, China Mainland",,https://nike.wd1.myworkdayjobs.com/en-US/nke/job/Shanghai-China-Mainland/Lead--Code-GC_R-89212,Posted Today,2026-08-03,2026-08-03T03:17:07+00:00,2026-08-02 20:17 Sun,,false,,,,false,workday:Nike:/job/Shanghai-China-Mainland/Lead--Code-GC_R-89212
Nike:/job/Beaverton-Oregon/Lead--College-Sports-Marketing--Blue-Ribbon-Elite-NIL-Field-Rep_R-88607,Nike,"Lead, College Sports Marketing, Blue Ribbon Elite NIL Field Rep","Beaverton, Oregon",,https://nike.wd1.myworkdayjobs.com/en-US/nke/job/Beaverton-Oregon/Lead--College-Sports-Marketing--Blue-Ribbon-Elite-NIL-Field-Rep_R-88607,Posted Today,2026-08-13,2026-08-13T23:58:30+00:00,2026-08-13 16:58 Thu,,false,,,,false,workday:Nike:/job/Beaverton-Oregon/Lead--College-Sports-Marketing--Blue-Ribbon-Elite-NIL-Field-Rep_R-88607
Nike:/job/Hilversum-Netherlands/Lead--Costing-Sourcing-Apparel-Local-Creation-EMEA_R-87048,Nike,"Lead, Costing/Sourcing Apparel Local Creation EMEA","Hilversum, Netherlands",,https://nike.wd1.myworkdayjobs.com/en-US/nke/job/Hilversum-Netherlands/Lead--Costing-Sourcing-Apparel-Local-Creation-EMEA_R-87048,Posted 4 Days Ago,2026-07-08,2026-07-12T07:45:02+00:00,2026-07-12 00:45 Sun,,false,,,,false,workday:Nike:/job/Hilversum-Netherlands/Lead--Costing-Sourcing-Apparel-Local-Creation-EMEA_R-87048
Nike:/job/Boston-Massachusetts/Lead--Data-Scientist---Converse_R-90321,Nike,"Lead, Data Scientist - Converse","Boston, Massachusetts",,https://nike.wd1.myworkdayjobs.com/en-US/nke/job/Boston-Massachusetts/Lead--Data-Scientist---Converse_R-90321,Posted Yesterday,2026-08-26,2026-08-25T19:42:09+00:00,2026-08-25 12:42 Tue,,false,,,,false,workday:Nike:/job/Boston-Massachusetts/Lead--Data-Scientist---Converse_R-90321
Nike:/job/Shanghai-China-Mainland/Lead--Digital-Innovation-BD_R-86153,Nike,"Lead, Digital Innovation/BD","Shanghai, China Mainland",,https://nike.wd1.myworkdayjobs.com/en-US/nke/job/Shanghai-China-Mainland/Lead--Digital-Innovation-BD_R-86153,Posted Today,2026-09-02,2026-09-01T07:41:30+00:00,2026-09-01 00:41 Tue,,false,,,,false,workday:Nike:/job/Shanghai-China-Mainland/Lead--Digital-Innovation-BD_R-86153
Nike:/job/Beaverton-Oregon/Lead--Digital-Marketing-Always-On-Brand-Manager-APLA_R-88756,Nike,"Lead, Digital Marketing Always On Brand Manager APLA","Beaverton, Oregon",,https://nike.wd1.myworkdayjobs.com/en-US/nke/job/Beaverton-Oregon/Lead--Digital-Marketing-Always-On-Brand-Manager-APLA_R-88756,Posted Today,2026-08-04,2026-08-04T21:41:51+00:00,2026-08-04 14:41 Tue,,false,,,,false,workday:Nike:/job/Beaverton-Oregon/Lead--Digital-Marketing-Always-On-Brand-Manager-APLA_R-88756
Nike:/job/New-York-New-York/Lead--Digital-Marketing-Creator--North-America_R-88892,Nike,"Lead, Digital Marketing Creator, North America","New York, New York",,https://nike.wd1.myworkdayjobs.com/en-US/nke/job/New-York-New-York/Lead--Digital-Marketing-Creator--North-America_R-88892,Posted Today,2026-08-06,2026-08-06T00:41:44+00:00,2026-08-05 17:41 Wed,,false,,,,false,workday:Nike:/job/New-York-New-York/Lead--Digital-Marketing-Creator--North-America_R-88892
Nike:/job/Beaverton-Oregon/Lead--Digital-Product-Design_R-87633,Nike,"Lead, Digital Product Design","Beaverton, Oregon",,https://nike.wd1.myworkdayjobs.com/en-US/nke/job/Beaverton-Oregon/Lead--Digital-Product-Design_R-87633,Posted 7 Days Ago,2026-07-07,2026-07-14T19:17:18+00:00,2026-07-14 12:17 Tue,,false,,,,false,workday:Nike:/job/Beaverton-Oregon/Lead--Digital-Product-Design_R-87633
Nike:/job/Boston-Massachusetts/Lead--Digital-Product-Manager--Converse-_R-89927,Nike,"Lead, Digital Product Manager (Converse)","Boston, Massachusetts",,https://nike.wd1.myworkdayjobs.com/en-US/nke/job/Boston-Massachusetts/Lead--Digital-Product-Manager--Converse-_R-89927,Posted Yesterday,2026-08-19,2026-08-18T18:53:47+00:00,2026-08-18 11:53 Tue,,false,,,,false,workday:Nike:/job/Boston-Massachusetts/Lead--Digital-Product-Manager--Converse-_R-89927
Nike:/job/Beaverton-Oregon/Lead-E-Commerce-Specialist_R-86780-1,Nike,"Lead, E-Commerce - Global O2O","Beaverton, Oregon",,https://nike.wd1.myworkdayjobs.com/en-US/nke/job/Beaverton-Oregon/Lead-E-Commerce-Specialist_R-86780-1,Posted 2 Days Ago,2026-07-10,2026-07-12T07:45:02+00:00,2026-07-12 00:45 Sun,,false,,,,false,workday:Nike:/job/Beaverton-Oregon/Lead-E-Commerce-Specialist_R-86780-1
Nike:/job/Beaverton-Oregon/Lead--Energy-Marketing-Operations--Global_R-89855,Nike,"Lead, Energy Marketing Operations, Global","Beaverton, Oregon",,https://nike.wd1.myworkdayjobs.com/en-US/nke/job/Beaverton-Oregon/Lead--Energy-Marketing-Operations--Global_R-89855,Posted Yesterday,2026-08-26,2026-08-11T17:59:53+00:00,2026-08-11 10:59 Tue,,false,,,,false,workday:Nike:/job/Beaverton-Oregon/Lead--Energy-Marketing-Operations--Global_R-89855
Nike:/job/Beaverton-Oregon/Lead--Energy-Marketing--North-America_R-86873-1,Nike,"Lead, Energy Marketing- North America","Beaverton, Oregon",,https://nike.wd1.myworkdayjobs.com/en-US/nke/job/Beaverton-Oregon/Lead--Energy-Marketing--North-America_R-86873-1,Posted Today,2026-08-05,2026-08-05T16:41:49+00:00,2026-08-05 09:41 Wed,,false,,,,false,workday:Nike:/job/Beaverton-Oregon/Lead--Energy-Marketing--North-America_R-86873-1
Nike:/job/Beaverton-Oregon/Lead--Footwear-Computational-Design_R-86514,Nike,"Lead, Footwear Computational Design","Beaverton, Oregon",,https://nike.wd1.myworkdayjobs.com/en-US/nke/job/Beaverton-Oregon/Lead--Footwear-Computational-Design_R-86514,Posted 30+ Days Ago,2026-07-19,2026-08-18T12:10:51+00:00,2026-08-18 05:10 Tue,,false,,,,false,workday:Nike:/job/Beaverton-Oregon/Lead--Footwear-Computational-Design_R-86514
Nike:/job/NIKE-VIETNAM-HQ/Lead--Footwear-Materials-Manufacturing-Engineering--MME-_R-85220,Nike,"Lead, Footwear Materials Manufacturing Engineering (MME)",NIKE VIETNAM HQ,,https://nike.wd1.myworkdayjobs.com/en-US/nke/job/NIKE-VIETNAM-HQ/Lead--Footwear-Materials-Manufacturing-Engineering--MME-_R-85220,Posted 30+ Days Ago,2026-07-19,2026-08-18T12:10:51+00:00,2026-08-18 05:10 Tue,,false,,,,false,workday:Nike:/job/NIKE-VIETNAM-HQ/Lead--Footwear-Materials-Manufacturing-Engineering--MME-_R-85220
Nike:/job/Beaverton-Oregon/Lead--Global-Brand-Art-Direction---Design_R-83934,Nike,"Lead, Global Brand Art Direction & Design","Beaverton, Oregon",,https://nike.wd1.myworkdayjobs.com/en-US/nke/job/Beaverton-Oregon/Lead--Global-Brand-Art-Direction---Design_R-83934,Posted Today,2026-08-29,2026-07-23T21:59:54+00:00,2026-07-23 14:59 Thu,,false,,,,false,workday:Nike:/job/Beaverton-Oregon/Lead--Global-Brand-Art-Direction---Design_R-83934
Nike:/job/Beaverton-Oregon/Lead--Global-Brand-Narrative---Writing_R-90160,Nike,"Lead, Global Brand Narrative & Writing","Beaverton, Oregon",,https://nike.wd1.myworkdayjobs.com/en-US/nke/job/Beaverton-Oregon/Lead--Global-Brand-Narrative---Writing_R-90160,Posted 3 Days Ago,2026-08-29,2026-08-20T23:40:09+00:00,2026-08-20 16:40 Thu,,false,,,,false,workday:Nike:/job/Beaverton-Oregon/Lead--Global-Brand-Narrative---Writing_R-90160
Nike:/job/Beaverton-Oregon/Lead--Global-Sales--Nikenet--New-Business_R-85929,Nike,"Lead, Global Sales, Nike.net, New Business","Beaverton, Oregon",,https://nike.wd1.myworkdayjobs.com/en-US/nke/job/Beaverton-Oregon/Lead--Global-Sales--Nikenet--New-Business_R-85929,Posted 6 Days Ago,2026-07-22,2026-07-28T17:17:35+00:00,2026-07-28 10:17 Tue,,false,,,,false,workday:Nike:/job/Beaverton-Oregon/Lead--Global-Sales--Nikenet--New-Business_R-85929
Nike:/job/Beaverton-Oregon/Lead--Global-Sales--Platform-Data-Management_R-90738-1,Nike,"Lead, Global Sales, Platform Data Management","Beaverton, Oregon",,https://nike.wd1.myworkdayjobs.com/en-US/nke/job/Beaverton-Oregon/Lead--Global-Sales--Platform-Data-Management_R-90738-1,Posted Yesterday,2026-08-27,2026-08-26T18:42:07+00:00,2026-08-26 11:42 Wed,,false,,,,false,workday:Nike:/job/Beaverton-Oregon/Lead--Global-Sales--Platform-Data-Management_R-90738-1
Nike:/job/Hong-Kong-Island-Hong-Kong/Lead--Hong-Kong-BI-GC_R-86931,Nike,"Lead, Hong Kong BI GC","Hong Kong Island, Hong Kong",,https://nike.wd1.myworkdayjobs.com/en-US/nke/job/Hong-Kong-Island-Hong-Kong/Lead--Hong-Kong-BI-GC_R-86931,Posted Today,2026-07-14,2026-07-14T08:16:59+00:00,2026-07-14 01:16 Tue,,false,,,,false,workday:Nike:/job/Hong-Kong-Island-Hong-Kong/Lead--Hong-Kong-BI-GC_R-86931
Nike:/job/Shanghai-China-Mainland/Lead--HQ-Operation-Support--Government-and-Public-Affairs--GC_R-89790,Nike,"Lead, HQ Operation Support, Government and Public Affairs, GC","Shanghai, China Mainland",,https://nike.wd1.myworkdayjobs.com/en-US/nke/job/Shanghai-China-Mainland/Lead--HQ-Operation-Support--Government-and-Public-Affairs--GC_R-89790,Posted Today,2026-08-11,2026-08-11T05:17:29+00:00,2026-08-10 22:17 Mon,,false,,,,false,workday:Nike:/job/Shanghai-China-Mainland/Lead--HQ-Operation-Support--Government-and-Public-Affairs--GC_R-89790
Nike:/job/Beaverton-Oregon/Lead--Implementation-Services_R-86786,Nike,"Lead, Implementation Services","Beaverton, Oregon",,https://nike.wd1.myworkdayjobs.com/en-US/nke/job/Beaverton-Oregon/Lead--Implementation-Services_R-86786,Posted 4 Days Ago,2026-07-08,2026-07-12T07:45:02+00:00,2026-07-12 00:45 Sun,,false,,,,false,workday:Nike:/job/Beaverton-Oregon/Lead--Implementation-Services_R-86786
Nike:/job/Beaverton-Oregon/Lead--Inventory-Control-Accounting-NA_R-89315,Nike,"Lead, Inventory Control Accounting NA","Beaverton, Oregon",,https://nike.wd1.myworkdayjobs.com/en-US/nke/job/Beaverton-Oregon/Lead--Inventory-Control-Accounting-NA_R-89315,Posted Yesterday,2026-08-26,2026-08-04T03:17:33+00:00,2026-08-03 20:17 Mon,,false,,,,false,workday:Nike:/job/Beaverton-Oregon/Lead--Inventory-Control-Accounting-NA_R-89315
Nike:/job/Beaverton-Oregon/Lead--Inventory-Controlling-NA--Business-Strategy-_R-89318-1,Nike,"Lead, Inventory Controlling NA (Business Strategy)","Beaverton, Oregon",,https://nike.wd1.myworkdayjobs.com/en-US/nke/job/Beaverton-Oregon/Lead--Inventory-Controlling-NA--Business-Strategy-_R-89318-1,Posted Yesterday,2026-08-26,2026-08-04T03:35:51+00:00,2026-08-03 20:35 Mon,,false,,,,false,workday:Nike:/job/Beaverton-Oregon/Lead--Inventory-Controlling-NA--Business-Strategy-_R-89318-1
Nike:/job/Beaverton-Oregon/Lead--Jordan-Sports-Marketing--Buyer---Athlete-Merchandising_R-88632,Nike,"Lead, Jordan Sports Marketing, Buyer & Athlete Merchandising","Beaverton, Oregon",,https://nike.wd1.myworkdayjobs.com/en-US/nke/job/Beaverton-Oregon/Lead--Jordan-Sports-Marketing--Buyer---Athlete-Merchandising_R-88632,Posted Today,2026-08-03,2026-08-03T20:59:45+00:00,2026-08-03 13:59 Mon,,false,,,,false,workday:Nike:/job/Beaverton-Oregon/Lead--Jordan-Sports-Marketing--Buyer---Athlete-Merchandising_R-88632
Nike:/job/Beaverton-Oregon/Lead--Jordan-Streetwear-Brand-Management--Global_R-89301,Nike,"Lead, Jordan Streetwear Brand Management, Global","Beaverton, Oregon",,https://nike.wd1.myworkdayjobs.com/en-US/nke/job/Beaverton-Oregon/Lead--Jordan-Streetwear-Brand-Management--Global_R-89301,Posted Today,2026-08-04,2026-08-04T23:41:17+00:00,2026-08-04 16:41 Tue,,false,,,,false,workday:Nike:/job/Beaverton-Oregon/Lead--Jordan-Streetwear-Brand-Management--Global_R-89301
Nike:/job/Shanghai-China-Mainland/Lead--Key-City---East-China--Government-and-Public-Affairs--GC_R-89789,Nike,"Lead, Key City & East China, Government and Public Affairs, GC","Shanghai, China Mainland",,https://nike.wd1.myworkdayjobs.com/en-US/nke/job/Shanghai-China-Mainland/Lead--Key-City---East-China--Government-and-Public-Affairs--GC_R-89789,Posted Today,2026-08-11,2026-08-11T05:17:29+00:00,2026-08-10 22:17 Mon,,false,,,,false,workday:Nike:/job/Shanghai-China-Mainland/Lead--Key-City---East-China--Government-and-Public-Affairs--GC_R-89789
Nike:/job/Hilversum-Netherlands/Lead--Labor-Relations-EMEA-Germany_R-86680,Nike,"Lead, Labor Relations, EMEA & Germany","Hilversum, Netherlands",,https://nike.wd1.myworkdayjobs.com/en-US/nke/job/Hilversum-Netherlands/Lead--Labor-Relations-EMEA-Germany_R-86680,Posted Today,2026-08-20,2026-07-13T15:40:57+00:00,2026-07-13 08:40 Mon,,false,,,,false,workday:Nike:/job/Hilversum-Netherlands/Lead--Labor-Relations-EMEA-Germany_R-86680
Nike:/job/Ciudad-de-Mxico-Mexico/Lead--Lead-Partner-Representative-Innovasport-Group--LATAM_R-89847,Nike,"Lead, Lead Partner Representative Innovasport Group, LATAM","Ciudad de México, Mexico",,https://nike.wd1.myworkdayjobs.com/en-US/nke/job/Ciudad-de-Mxico-Mexico/Lead--Lead-Partner-Representative-Innovasport-Group--LATAM_R-89847,Posted Today,2026-08-11,2026-08-11T16:34:03+00:00,2026-08-11 09:34 Tue,,false,,,,false,workday:Nike:/job/Ciudad-de-Mxico-Mexico/Lead--Lead-Partner-Representative-Innovasport-Group--LATAM_R-89847
Nike:/job/Bloomington-California/Lead--Logistics-Process-Manager_R-90248-1,Nike,"Lead, Logistics Process Manager",Bloomington-California,,https://nike.wd1.myworkdayjobs.com/en-US/nke/job/Bloomington-California/Lead--Logistics-Process-Manager_R-90248-1,Posted Yesterday,2026-08-28,2026-08-27T20:00:00+00:00,2026-08-27 13:00 Thu,,false,,,,false,workday:Nike:/job/Bloomington-California/Lead--Logistics-Process-Manager_R-90248-1
Nike:/job/Beaverton-Oregon/Lead--Manufacturing-Engineer-Automation-Solutions-Air_R-90254,Nike,"Lead, Manufacturing Engineer Automation Solutions Air, Air Manufacturing Innovation","Beaverton, Oregon",,https://nike.wd1.myworkdayjobs.com/en-US/nke/job/Beaverton-Oregon/Lead--Manufacturing-Engineer-Automation-Solutions-Air_R-90254,Posted Yesterday,2026-08-28,2026-08-27T16:18:11+00:00,2026-08-27 09:18 Thu,,false,,,,false,workday:Nike:/job/Beaverton-Oregon/Lead--Manufacturing-Engineer-Automation-Solutions-Air_R-90254
Nike:/job/St-Charles-Missouri/Lead--Manufacturing-Engineer-Process-Extrusion--Air-Manufacturing-Innovation_R-90267,Nike,"Lead, Manufacturing Engineer Process Extrusion, Air Manufacturing Innovation","St. Charles, Missouri",,https://nike.wd1.myworkdayjobs.com/en-US/nke/job/St-Charles-Missouri/Lead--Manufacturing-Engineer-Process-Extrusion--Air-Manufacturing-Innovation_R-90267,Posted 2 Days Ago,2026-08-28,2026-08-27T20:42:11+00:00,2026-08-27 13:42 Thu,,false,,,,false,workday:Nike:/job/St-Charles-Missouri/Lead--Manufacturing-Engineer-Process-Extrusion--Air-Manufacturing-Innovation_R-90267
Nike:/job/Jakarta-Raya-Indonesia/Lead--Manufacturing-Engineer--Indonesia_R-87863,Nike,"Lead, Manufacturing Engineer, Indonesia","Jakarta Raya, Indonesia",,https://nike.wd1.myworkdayjobs.com/en-US/nke/job/Jakarta-Raya-Indonesia/Lead--Manufacturing-Engineer--Indonesia_R-87863,Posted Today,2026-08-04,2026-08-04T05:41:17+00:00,2026-08-03 22:41 Mon,,false,,,,false,workday:Nike:/job/Jakarta-Raya-Indonesia/Lead--Manufacturing-Engineer--Indonesia_R-87863
Nike:/job/St-Charles-Missouri/Lead--Manufacturing-Process-Engineer--Air-Manufacturing-Innovation_R-88381,Nike,"Lead, Manufacturing Process Engineer, Air Manufacturing Innovation","St. Charles, Missouri",,https://nike.wd1.myworkdayjobs.com/en-US/nke/job/St-Charles-Missouri/Lead--Manufacturing-Process-Engineer--Air-Manufacturing-Innovation_R-88381,Posted 2 Days Ago,2026-08-18,2026-08-17T19:18:05+00:00,2026-08-17 12:18 Mon,,false,,,,false,workday:Nike:/job/St-Charles-Missouri/Lead--Manufacturing-Process-Engineer--Air-Manufacturing-Innovation_R-88381
Nike:/job/NIKE-VIETNAM-HQ/Lead--Manufacturing-Systems-Engineer_R-87109-1,Nike,"Lead, Manufacturing Systems Engineer",NIKE VIETNAM HQ,,https://nike.wd1.myworkdayjobs.com/en-US/nke/job/NIKE-VIETNAM-HQ/Lead--Manufacturing-Systems-Engineer_R-87109-1,Posted 3 Days Ago,2026-07-09,2026-07-12T07:45:02+00:00,2026-07-12 00:45 Sun,,false,,,,false,workday:Nike:/job/NIKE-VIETNAM-HQ/Lead--Manufacturing-Systems-Engineer_R-87109-1
Nike:/job/NIKE-VIETNAM-HQ/Lead--Manufacturing-Systems-Engineer_R-87539,Nike,"Lead, Manufacturing Systems Engineer",NIKE VIETNAM HQ,,https://nike.wd1.myworkdayjobs.com/en-US/nke/job/NIKE-VIETNAM-HQ/Lead--Manufacturing-Systems-Engineer_R-87539,Posted Today,2026-07-13,2026-07-13T03:40:50+00:00,2026-07-12 20:40 Sun,,false,,,,false,workday:Nike:/job/NIKE-VIETNAM-HQ/Lead--Manufacturing-Systems-Engineer_R-87539
Nike:/job/Beaverton-Oregon/Lead--Manufacturing-Systems-Engineer_R-85574,Nike,"Lead, Manufacturing Systems Engineer","Beaverton, Oregon",,https://nike.wd1.myworkdayjobs.com/en-US/nke/job/Beaverton-Oregon/Lead--Manufacturing-Systems-Engineer_R-85574,Posted Today,2026-07-30,2026-07-30T18:59:37+00:00,2026-07-30 11:59 Thu,,false,,,,false,workday:Nike:/job/Beaverton-Oregon/Lead--Manufacturing-Systems-Engineer_R-85574
Nike:/job/Hong-Kong-Island-Hong-Kong/Lead--Marketplace-Management_R-87295,Nike,"Lead, Marketplace Management","Hong Kong Island, Hong Kong",,https://nike.wd1.myworkdayjobs.com/en-US/nke/job/Hong-Kong-Island-Hong-Kong/Lead--Marketplace-Management_R-87295,Posted 6 Days Ago,2026-07-06,2026-07-12T07:45:02+00:00,2026-07-12 00:45 Sun,,false,,,,false,workday:Nike:/job/Hong-Kong-Island-Hong-Kong/Lead--Marketplace-Management_R-87295
Nike:/job/Taipei-Taiwan/Lead--Marketplace-Management_R-87302,Nike,"Lead, Marketplace Management","Taipei, Taiwan",,https://nike.wd1.myworkdayjobs.com/en-US/nke/job/Taipei-Taiwan/Lead--Marketplace-Management_R-87302,Posted 6 Days Ago,2026-07-06,2026-07-12T07:45:02+00:00,2026-07-12 00:45 Sun,,false,,,,false,workday:Nike:/job/Taipei-Taiwan/Lead--Marketplace-Management_R-87302
Nike:/job/Beaverton-Oregon/Lead--NBY-Footwear-Color-Design-Expression-Design_R-88509,Nike,"Lead, NBY Footwear Color Design Expression Design","Beaverton, Oregon",,https://nike.wd1.myworkdayjobs.com/en-US/nke/job/Beaverton-Oregon/Lead--NBY-Footwear-Color-Design-Expression-Design_R-88509,Posted 6 Days Ago,2026-07-22,2026-07-28T18:41:21+00:00,2026-07-28 11:41 Tue,,false,,,,false,workday:Nike:/job/Beaverton-Oregon/Lead--NBY-Footwear-Color-Design-Expression-Design_R-88509
Nike:/job/Beaverton-Oregon/Lead--NSW-Global-Digital-Marketing_R-89111,Nike,"Lead, NSW Global Digital Marketing","Beaverton, Oregon",,https://nike.wd1.myworkdayjobs.com/en-US/nke/job/Beaverton-Oregon/Lead--NSW-Global-Digital-Marketing_R-89111,Posted 3 Days Ago,2026-07-28,2026-07-31T17:41:24+00:00,2026-07-31 10:41 Fri,,false,,,,false,workday:Nike:/job/Beaverton-Oregon/Lead--NSW-Global-Digital-Marketing_R-89111
Nike:/job/Beaverton-Oregon/Lead--NSW-Womens-Concept-Design_R-89849-1,Nike,"Lead, NSW Womens Concept Design","Beaverton, Oregon",,https://nike.wd1.myworkdayjobs.com/en-US/nke/job/Beaverton-Oregon/Lead--NSW-Womens-Concept-Design_R-89849-1,Posted Today,2026-08-12,2026-08-12T16:11:51+00:00,2026-08-12 09:11 Wed,,false,,,,false,workday:Nike:/job/Beaverton-Oregon/Lead--NSW-Womens-Concept-Design_R-89849-1
Nike:/job/Hilversum-Netherlands/Lead--Performance-Management---EMEA_R-88672,Nike,"Lead, Performance Management - EMEA","Hilversum, Netherlands",,https://nike.wd1.myworkdayjobs.com/en-US/nke/job/Hilversum-Netherlands/Lead--Performance-Management---EMEA_R-88672,Posted Today,2026-07-27,2026-07-27T16:59:45+00:00,2026-07-27 09:59 Mon,,false,,,,false,workday:Nike:/job/Hilversum-Netherlands/Lead--Performance-Management---EMEA_R-88672
Nike:/job/Hilversum-Netherlands/Lead--Performance-Management---EMEA_R-91044,Nike,"Lead, Performance Management - EMEA","Hilversum, Netherlands",,https://nike.wd1.myworkdayjobs.com/en-US/nke/job/Hilversum-Netherlands/Lead--Performance-Management---EMEA_R-91044,Posted Today,2026-09-01,2026-08-31T09:59:27+00:00,2026-08-31 02:59 Mon,,false,,,,false,workday:Nike:/job/Hilversum-Netherlands/Lead--Performance-Management---EMEA_R-91044
Nike:/job/Boston-Massachusetts/Lead--Planning-Insights---Converse_R-90708,Nike,"Lead, Planning Insights - Converse","Boston, Massachusetts",,https://nike.wd1.myworkdayjobs.com/en-US/nke/job/Boston-Massachusetts/Lead--Planning-Insights---Converse_R-90708,Posted Yesterday,2026-09-02,2026-09-01T17:59:44+00:00,2026-09-01 10:59 Tue,,false,,,,false,workday:Nike:/job/Boston-Massachusetts/Lead--Planning-Insights---Converse_R-90708
Nike:/job/Beaverton-Oregon/Lead--Product-Development-Engineer-Design--Air-Manufacturing-Innovation_R-85267,Nike,"Lead, Product Development Engineer Design, Air Manufacturing Innovation","Beaverton, Oregon",,https://nike.wd1.myworkdayjobs.com/en-US/nke/job/Beaverton-Oregon/Lead--Product-Development-Engineer-Design--Air-Manufacturing-Innovation_R-85267,Posted Today,2026-07-16,2026-07-16T17:42:03+00:00,2026-07-16 10:42 Thu,,false,,,,false,workday:Nike:/job/Beaverton-Oregon/Lead--Product-Development-Engineer-Design--Air-Manufacturing-Innovation_R-85267
Nike:/job/Beaverton-Oregon/Lead--Product-Licensing-Manager---Global-Product-Licensing--GPL-_R-89146,Nike,"Lead, Product Licensing Manager – Global Product Licensing (GPL)","Beaverton, Oregon",,https://nike.wd1.myworkdayjobs.com/en-US/nke/job/Beaverton-Oregon/Lead--Product-Licensing-Manager---Global-Product-Licensing--GPL-_R-89146,Posted Today,2026-08-05,2026-08-05T22:59:00+00:00,2026-08-05 15:59 Wed,,false,,,,false,workday:Nike:/job/Beaverton-Oregon/Lead--Product-Licensing-Manager---Global-Product-Licensing--GPL-_R-89146
Nike:/job/Beaverton-Oregon/Lead--Revenue---Gross-Margin-Management_R-90217-1,Nike,"Lead, Revenue & Gross Margin Management","Beaverton, Oregon",,https://nike.wd1.myworkdayjobs.com/en-US/nke/job/Beaverton-Oregon/Lead--Revenue---Gross-Margin-Management_R-90217-1,Posted Yesterday,2026-08-26,2026-08-25T21:46:47+00:00,2026-08-25 14:46 Tue,,false,,,,false,workday:Nike:/job/Beaverton-Oregon/Lead--Revenue---Gross-Margin-Management_R-90217-1
Nike:/job/Los-Angeles-California/Lead--Running-Brand-Marketing--LA_R-86887,Nike,"Lead, Running Brand Marketing, LA","Los Angeles, California",,https://nike.wd1.myworkdayjobs.com/en-US/nke/job/Los-Angeles-California/Lead--Running-Brand-Marketing--LA_R-86887,Posted Yesterday,2026-08-25,2026-08-24T23:58:09+00:00,2026-08-24 16:58 Mon,,false,,,,false,workday:Nike:/job/Los-Angeles-California/Lead--Running-Brand-Marketing--LA_R-86887
Nike:/job/Beaverton-Oregon/Lead--Running-Business-Planning--Global_R-89173,Nike,"Lead, Running Business Planning, Global","Beaverton, Oregon",,https://nike.wd1.myworkdayjobs.com/en-US/nke/job/Beaverton-Oregon/Lead--Running-Business-Planning--Global_R-89173,Posted 3 Days Ago,2026-07-28,2026-07-31T18:41:45+00:00,2026-07-31 11:41 Fri,,false,,,,false,workday:Nike:/job/Beaverton-Oregon/Lead--Running-Business-Planning--Global_R-89173
Nike:/job/Beaverton-Oregon/Lead--Sales-Rep-Style-Specialty-NA_R-89551,Nike,"Lead, Sales Rep Style Specialty NA","Beaverton, Oregon",,https://nike.wd1.myworkdayjobs.com/en-US/nke/job/Beaverton-Oregon/Lead--Sales-Rep-Style-Specialty-NA_R-89551,Posted Today,2026-08-10,2026-08-10T16:31:56+00:00,2026-08-10 09:31 Mon,,false,,,,false,workday:Nike:/job/Beaverton-Oregon/Lead--Sales-Rep-Style-Specialty-NA_R-89551
Nike:/job/Beaverton-Oregon/Lead--Services-Growth---Development--NA_R-90048,Nike,"Lead, Services Growth & Development, NA","Beaverton, Oregon",,https://nike.wd1.myworkdayjobs.com/en-US/nke/job/Beaverton-Oregon/Lead--Services-Growth---Development--NA_R-90048,Posted Yesterday,2026-08-21,2026-08-20T18:41:58+00:00,2026-08-20 11:41 Thu,,false,,,,false,workday:Nike:/job/Beaverton-Oregon/Lead--Services-Growth---Development--NA_R-90048
Nike:/job/Beaverton-Oregon/Lead--Signature-Services-Operations--NA_R-90049,Nike,"Lead, Signature Services Operations, NA","Beaverton, Oregon",,https://nike.wd1.myworkdayjobs.com/en-US/nke/job/Beaverton-Oregon/Lead--Signature-Services-Operations--NA_R-90049,Posted Yesterday,2026-08-21,2026-08-20T18:41:58+00:00,2026-08-20 11:41 Thu,,false,,,,false,workday:Nike:/job/Beaverton-Oregon/Lead--Signature-Services-Operations--NA_R-90049
Nike:/job/Beaverton-Oregon/Lead--Sport-Marketing-Brand-Operations---Jordan-NA_R-90157,Nike,"Lead, Sports Brand Planning & Operations, Jordan NA","Beaverton, Oregon",,https://nike.wd1.myworkdayjobs.com/en-US/nke/job/Beaverton-Oregon/Lead--Sport-Marketing-Brand-Operations---Jordan-NA_R-90157,Posted Yesterday,2026-08-19,2026-08-17T21:59:37+00:00,2026-08-17 14:59 Mon,,false,,,,false,workday:Nike:/job/Beaverton-Oregon/Lead--Sport-Marketing-Brand-Operations---Jordan-NA_R-90157
Nike:/job/Beaverton-Oregon/Lead--Sports-Marketing--Girls-Basketball-Elite-Youth-Field-Rep_R-88685,Nike,"Lead, Sports Marketing, Girls Basketball Elite Youth Field Rep","Beaverton, Oregon",,https://nike.wd1.myworkdayjobs.com/en-US/nke/job/Beaverton-Oregon/Lead--Sports-Marketing--Girls-Basketball-Elite-Youth-Field-Rep_R-88685,Posted Yesterday,2026-08-26,2026-08-26T01:41:34+00:00,2026-08-25 18:41 Tue,,false,,,,false,workday:Nike:/job/Beaverton-Oregon/Lead--Sports-Marketing--Girls-Basketball-Elite-Youth-Field-Rep_R-88685
Nike:/job/Shanghai-China-Mainland/Lead--Store-Connection--Brand--NSO_R-81905,Nike,"Lead, Store Connection, Brand, NSO","Shanghai, China Mainland",,https://nike.wd1.myworkdayjobs.com/en-US/nke/job/Shanghai-China-Mainland/Lead--Store-Connection--Brand--NSO_R-81905,Posted 30+ Days Ago,2026-07-19,2026-08-18T12:10:51+00:00,2026-08-18 05:10 Tue,,false,,,,false,workday:Nike:/job/Shanghai-China-Mainland/Lead--Store-Connection--Brand--NSO_R-81905
Nike:/job/Beaverton-Oregon/Lead--Stores-Flow-Solution-Process-Analyst_R-86989,Nike,"Lead, Stores Flow Solution Process Analyst","Beaverton, Oregon",,https://nike.wd1.myworkdayjobs.com/en-US/nke/job/Beaverton-Oregon/Lead--Stores-Flow-Solution-Process-Analyst_R-86989,Posted Today,2026-07-24,2026-07-24T20:17:22+00:00,2026-07-24 13:17 Fri,,false,,,,false,workday:Nike:/job/Beaverton-Oregon/Lead--Stores-Flow-Solution-Process-Analyst_R-86989
Nike:/job/Beaverton-Oregon/Lead--Strategy-Manager--Corporate_R-86572,Nike,"Lead, Strategy Manager, Corporate","Beaverton, Oregon",,https://nike.wd1.myworkdayjobs.com/en-US/nke/job/Beaverton-Oregon/Lead--Strategy-Manager--Corporate_R-86572,Posted 7 Days Ago,2026-07-20,2026-07-27T19:08:39+00:00,2026-07-27 12:08 Mon,,false,,,,false,workday:Nike:/job/Beaverton-Oregon/Lead--Strategy-Manager--Corporate_R-86572
Nike:/job/Shanghai-China-Mainland/Lead--Strategy-Manager--GC_R-89226,Nike,"Lead, Strategy Manager, GC","Shanghai, China Mainland",,https://nike.wd1.myworkdayjobs.com/en-US/nke/job/Shanghai-China-Mainland/Lead--Strategy-Manager--GC_R-89226,Posted Today,2026-08-03,2026-08-03T06:41:44+00:00,2026-08-02 23:41 Sun,,false,,,,false,workday:Nike:/job/Shanghai-China-Mainland/Lead--Strategy-Manager--GC_R-89226
Nike:/job/Taipei-Taiwan/Lead--Taiwan-BI-GC_R-86930,Nike,"Lead, Taiwan BI GC","Taipei, Taiwan",,https://nike.wd1.myworkdayjobs.com/en-US/nke/job/Taipei-Taiwan/Lead--Taiwan-BI-GC_R-86930,Posted Today,2026-07-14,2026-07-14T08:16:59+00:00,2026-07-14 01:16 Tue,,false,,,,false,workday:Nike:/job/Taipei-Taiwan/Lead--Taiwan-BI-GC_R-86930
Nike:/job/Beaverton-Oregon/Lead--Talent-Acquisition-and-Talent-Management-Enablement_R-91123,Nike,"Lead, Talent Acquisition and Talent Management Enablement","Beaverton, Oregon",,https://nike.wd1.myworkdayjobs.com/en-US/nke/job/Beaverton-Oregon/Lead--Talent-Acquisition-and-Talent-Management-Enablement_R-91123,Posted Yesterday,2026-09-01,2026-08-31T19:18:03+00:00,2026-08-31 12:18 Mon,,false,,,,false,workday:Nike:/job/Beaverton-Oregon/Lead--Talent-Acquisition-and-Talent-Management-Enablement_R-91123
Nike:/job/Beaverton-Oregon/Lead--Talent-Acquisition-Enablement-Data-Analyst_R-91148,Nike,"Lead, Talent Acquisition Enablement Data Analyst","Beaverton, Oregon",,https://nike.wd1.myworkdayjobs.com/en-US/nke/job/Beaverton-Oregon/Lead--Talent-Acquisition-Enablement-Data-Analyst_R-91148,Posted Yesterday,2026-09-01,2026-09-01T00:41:57+00:00,2026-08-31 17:41 Mon,,false,,,,false,workday:Nike:/job/Beaverton-Oregon/Lead--Talent-Acquisition-Enablement-Data-Analyst_R-91148
Nike:/job/NIKE-VIETNAM-HQ/Lead--Technical-Developer---Converse_R-83989,Nike,"Lead, Technical Developer - Converse",NIKE VIETNAM HQ,,https://nike.wd1.myworkdayjobs.com/en-US/nke/job/NIKE-VIETNAM-HQ/Lead--Technical-Developer---Converse_R-83989,Posted 30+ Days Ago,2026-07-19,2026-08-18T12:10:51+00:00,2026-08-18 05:10 Tue,,false,,,,false,workday:Nike:/job/NIKE-VIETNAM-HQ/Lead--Technical-Developer---Converse_R-83989
Nike:/job/Beaverton-Oregon/Lead--Trade-and-Customs_R-87091,Nike,"Lead, Trade and Customs","Beaverton, Oregon",,https://nike.wd1.myworkdayjobs.com/en-US/nke/job/Beaverton-Oregon/Lead--Trade-and-Customs_R-87091,Posted 4 Days Ago,2026-07-08,2026-07-12T07:45:02+00:00,2026-07-12 00:45 Sun,,false,,,,false,workday:Nike:/job/Beaverton-Oregon/Lead--Trade-and-Customs_R-87091
Nike:/job/Beaverton-Oregon/Lead--Transformation-Analyst_R-88119,Nike,"Lead, Transformation Analyst","Beaverton, Oregon",,https://nike.wd1.myworkdayjobs.com/en-US/nke/job/Beaverton-Oregon/Lead--Transformation-Analyst_R-88119,Posted Today,2026-07-16,2026-07-16T22:59:02+00:00,2026-07-16 15:59 Thu,,false,,,,false,workday:Nike:/job/Beaverton-Oregon/Lead--Transformation-Analyst_R-88119
Nike:/job/Beaverton-Oregon/Lead--Apparel-Seasonal-Sourcing_R-88612,Nike,Lead: Apparel Seasonal Sourcing,"Beaverton, Oregon",,https://nike.wd1.myworkdayjobs.com/en-US/nke/job/Beaverton-Oregon/Lead--Apparel-Seasonal-Sourcing_R-88612,Posted 7 Days Ago,2026-07-21,2026-07-28T00:41:52+00:00,2026-07-27 17:41 Mon,,false,,,,false,workday:Nike:/job/Beaverton-Oregon/Lead--Apparel-Seasonal-Sourcing_R-88612
Nike:/job/Tijuana-Mexico/Lead-Product-I-Jefe-de-Piso-de-Venta----NFS-MX-Tijuana_R-83404,Nike,Lead Product I Jefe de Piso de Venta  - NFS MX Tijuana,"Tijuana, Mexico",,https://nike.wd1.myworkdayjobs.com/en-US/nke/job/Tijuana-Mexico/Lead-Product-I-Jefe-de-Piso-de-Venta----NFS-MX-Tijuana_R-83404,Posted Yesterday,2026-08-21,2026-08-04T22:17:20+00:00,2026-08-04 15:17 Tue,,false,,,,false,workday:Nike:/job/Tijuana-Mexico/Lead-Product-I-Jefe-de-Piso-de-Venta----NFS-MX-Tijuana_R-83404
Nike:/job/Puebla-Mexico/Lead-Stockroom---Jefe-de-Almacn---NFS-MX-Puebla_R-90882,Nike,Lead Stockroom - Jefe de Almacén – NFS MX Puebla,"Puebla, Mexico",,https://nike.wd1.myworkdayjobs.com/en-US/nke/job/Puebla-Mexico/Lead-Stockroom---Jefe-de-Almacn---NFS-MX-Puebla_R-90882,Posted Yesterday,2026-09-01,2026-08-31T19:51:03+00:00,2026-08-31 12:51 Mon,,false,,,,false,workday:Nike:/job/Puebla-Mexico/Lead-Stockroom---Jefe-de-Almacn---NFS-MX-Puebla_R-90882
Nike:/job/Hilversum-Netherlands/Liquidation-Value-Partners-Specialist-EMEA_R-87465,Nike,Liquidation Value Partners Specialist EMEA,"Hilversum, Netherlands",,https://nike.wd1.myworkdayjobs.com/en-US/nke/job/Hilversum-Netherlands/Liquidation-Value-Partners-Specialist-EMEA_R-87465,Posted 4 Days Ago,2026-07-08,2026-07-12T07:45:02+00:00,2026-07-12 00:45 Sun,,false,,,,false,workday:Nike:/job/Hilversum-Netherlands/Liquidation-Value-Partners-Specialist-EMEA_R-87465
Nike:/job/Beaverton-Oregon/Logistics-Analyst-II--CASA_R-90320,Nike,"Logistics Analyst II, CASA","Beaverton, Oregon",,https://nike.wd1.myworkdayjobs.com/en-US/nke/job/Beaverton-Oregon/Logistics-Analyst-II--CASA_R-90320,Posted Yesterday,2026-08-26,2026-08-25T16:41:35+00:00,2026-08-25 09:41 Tue,Computer Vision,true,Keyword,43,keyword-only heuristic,false,workday:Nike:/job/Beaverton-Oregon/Logistics-Analyst-II--CASA_R-90320
Nike:/job/NFS-GRAN-CANARIAS/Lder-de-equipo-de-Nike-Lead---Nike-Store-Gran-Canarias_R-90443,Nike,Líder de equipo de Nike/Lead - Nike Store Gran Canarias,NFS GRAN CANARIAS,,https://nike.wd1.myworkdayjobs.com/en-US/nke/job/NFS-GRAN-CANARIAS/Lder-de-equipo-de-Nike-Lead---Nike-Store-Gran-Canarias_R-90443,Posted Today,2026-08-25,2026-08-24T08:28:18+00:00,2026-08-24 01:28 Mon,,false,,,,false,workday:Nike:/job/NFS-GRAN-CANARIAS/Lder-de-equipo-de-Nike-Lead---Nike-Store-Gran-Canarias_R-90443
Nike:/job/Culleredo-Spain/Lder-de-equipo-de-Nike-Lead---Nike-Store-La-Coruna_R-90433,Nike,Líder de equipo de Nike/Lead - Nike Store La Coruna,"Culleredo, Spain",,https://nike.wd1.myworkdayjobs.com/en-US/nke/job/Culleredo-Spain/Lder-de-equipo-de-Nike-Lead---Nike-Store-La-Coruna_R-90433,Posted Today,2026-08-25,2026-08-24T08:28:18+00:00,2026-08-24 01:28 Mon,,false,,,,false,workday:Nike:/job/Culleredo-Spain/Lder-de-equipo-de-Nike-Lead---Nike-Store-La-Coruna_R-90433
Nike:fe7f1e7d-e361-4660-92ac-f496c022b980,Nike,Machine Learning Engineering Undergraduate Intern - Artificial Intelligence - Data,"Beaverton, OR",AI/ML/Data,https://nike.wd1.myworkdayjobs.com/nke/job/Beaverton-Oregon/NIKE--Inc-Artificial-Intelligence--Data----Machine-Learning-Engineering-Undergraduate-Internship_R-91110,2026-08-31,2026-08-31,2026-08-31T21:17:53+00:00,2026-08-31 14:17 Mon,Computer Vision,true,Keyword,70,keyword-only heuristic,true,simplify:Simplify Internships:fe7f1e7d-e361-4660-92ac-f496c022b980
Nike:/job/Incheon-Korea/Maintenance-Engineering-I_R-88420,Nike,Maintenance Engineering I,"Incheon, Korea",,https://nike.wd1.myworkdayjobs.com/en-US/nke/job/Incheon-Korea/Maintenance-Engineering-I_R-88420,Posted Today,2026-07-21,2026-07-21T07:41:31+00:00,2026-07-21 00:41 Tue,,false,,,,false,workday:Nike:/job/Incheon-Korea/Maintenance-Engineering-I_R-88420
Nike:/job/ICHEON-CUSTOMER-SERVICE-CENTER/Maintenance-Engineering-I_R-88420,Nike,Maintenance Engineering I,ICHEON CUSTOMER SERVICE CENTER,,https://nike.wd1.myworkdayjobs.com/en-US/nke/job/ICHEON-CUSTOMER-SERVICE-CENTER/Maintenance-Engineering-I_R-88420,Posted Today,2026-08-25,2026-08-24T06:18:38+00:00,2026-08-23 23:18 Sun,,false,,,,false,workday:Nike:/job/ICHEON-CUSTOMER-SERVICE-CENTER/Maintenance-Engineering-I_R-88420
Nike:/job/Laakdal-Belgium/Maintenance-Manager_R-91093,Nike,Maintenance Manager,"Laakdal, Belgium",,https://nike.wd1.myworkdayjobs.com/en-US/nke/job/Laakdal-Belgium/Maintenance-Manager_R-91093,Posted Today,2026-09-04,2026-09-03T07:41:42+00:00,2026-09-03 00:41 Thu,,false,,,,false,workday:Nike:/job/Laakdal-Belgium/Maintenance-Manager_R-91093
Nike:/job/St-Charles-Missouri/Manager--Head-Coach---Production-Operations--Night--Air-Manufacturing-Innovation_R-86630,Nike,"Manager (Head Coach), Production Operations, Night, Air Manufacturing Innovation","St. Charles, Missouri",,https://nike.wd1.myworkdayjobs.com/en-US/nke/job/St-Charles-Missouri/Manager--Head-Coach---Production-Operations--Night--Air-Manufacturing-Innovation_R-86630,Posted 5 Days Ago,2026-07-07,2026-07-12T07:45:02+00:00,2026-07-12 00:45 Sun,,false,,,,false,workday:Nike:/job/St-Charles-Missouri/Manager--Head-Coach---Production-Operations--Night--Air-Manufacturing-Innovation_R-86630
Nike:/job/Karnataka-India/Manager-Data-Engineering--ITC_R-87277,Nike,"Manager Data Engineering, ITC","Karnataka, India",,https://nike.wd1.myworkdayjobs.com/en-US/nke/job/Karnataka-India/Manager-Data-Engineering--ITC_R-87277,Posted 6 Days Ago,2026-07-06,2026-07-12T07:45:02+00:00,2026-07-12 00:45 Sun,,false,,,,false,workday:Nike:/job/Karnataka-India/Manager-Data-Engineering--ITC_R-87277
Nike:/job/Karnataka-India/Manager-Software-Engineering--ITC_R-85639,Nike,"Manager Software Engineering, ITC","Karnataka, India",,https://nike.wd1.myworkdayjobs.com/en-US/nke/job/Karnataka-India/Manager-Software-Engineering--ITC_R-85639,Posted 3 Days Ago,2026-07-09,2026-07-12T07:45:02+00:00,2026-07-12 00:45 Sun,,false,,,,false,workday:Nike:/job/Karnataka-India/Manager-Software-Engineering--ITC_R-85639
Nike:/job/Karnataka-India/Manager-Software-Engineering--ITC_R-85636,Nike,"Manager Software Engineering, ITC","Karnataka, India",,https://nike.wd1.myworkdayjobs.com/en-US/nke/job/Karnataka-India/Manager-Software-Engineering--ITC_R-85636,Posted Today,2026-08-05,2026-08-05T06:59:31+00:00,2026-08-04 23:59 Tue,,false,,,,false,workday:Nike:/job/Karnataka-India/Manager-Software-Engineering--ITC_R-85636
Nike:/job/Karnataka-India/Manager-Software-Engineering--ITC_R-52964,Nike,"Manager Software Engineering, ITC","Karnataka, India",,https://nike.wd1.myworkdayjobs.com/en-US/nke/job/Karnataka-India/Manager-Software-Engineering--ITC_R-52964,Posted 30+ Days Ago,2026-07-19,2026-08-18T12:10:51+00:00,2026-08-18 05:10 Tue,,false,,,,false,workday:Nike:/job/Karnataka-India/Manager-Software-Engineering--ITC_R-52964
Nike:/job/Karnataka-India/Manager-Software-Engineering--ITC_R-85569,Nike,"Manager Software Engineering, ITC","Karnataka, India",,https://nike.wd1.myworkdayjobs.com/en-US/nke/job/Karnataka-India/Manager-Software-Engineering--ITC_R-85569,Posted 30+ Days Ago,2026-07-19,2026-08-18T12:10:51+00:00,2026-08-18 05:10 Tue,,false,,,,false,workday:Nike:/job/Karnataka-India/Manager-Software-Engineering--ITC_R-85569
Nike:/job/Shanghai-China-Mainland/Manager-Technical-Design--Apparel--Global-Jordan-PCC_R-90628,Nike,"Manager Technical Design, Apparel, Global Jordan PCC","Shanghai, China Mainland",,https://nike.wd1.myworkdayjobs.com/en-US/nke/job/Shanghai-China-Mainland/Manager-Technical-Design--Apparel--Global-Jordan-PCC_R-90628,Posted Today,2026-08-26,2026-08-25T10:17:45+00:00,2026-08-25 03:17 Tue,,false,,,,false,workday:Nike:/job/Shanghai-China-Mainland/Manager-Technical-Design--Apparel--Global-Jordan-PCC_R-90628
Nike:/job/Hong-Kong-Island-Hong-Kong/Manager--Account-Management--HK_R-88349,Nike,"Manager, Account Management, HK","Hong Kong Island, Hong Kong",,https://nike.wd1.myworkdayjobs.com/en-US/nke/job/Hong-Kong-Island-Hong-Kong/Manager--Account-Management--HK_R-88349,Posted Today,2026-07-20,2026-07-20T14:58:38+00:00,2026-07-20 07:58 Mon,,false,,,,false,workday:Nike:/job/Hong-Kong-Island-Hong-Kong/Manager--Account-Management--HK_R-88349
Nike:/job/Tokyo-Japan/Manager--Basketball-Sports-Marketing--Japan_R-87390-1,Nike,"Manager, Basketball Sports Marketing, Japan","Tokyo, Japan",,https://nike.wd1.myworkdayjobs.com/en-US/nke/job/Tokyo-Japan/Manager--Basketball-Sports-Marketing--Japan_R-87390-1,Posted Today,2026-07-21,2026-07-21T02:17:49+00:00,2026-07-20 19:17 Mon,,false,,,,false,workday:Nike:/job/Tokyo-Japan/Manager--Basketball-Sports-Marketing--Japan_R-87390-1
Nike:/job/Hilversum-Netherlands/Manager--Brand-Creative--Production_R-90524,Nike,"Manager, Brand Creative, Production","Hilversum, Netherlands",,https://nike.wd1.myworkdayjobs.com/en-US/nke/job/Hilversum-Netherlands/Manager--Brand-Creative--Production_R-90524,Posted Yesterday,2026-08-27,2026-08-26T10:42:06+00:00,2026-08-26 03:42 Wed,,false,,,,false,workday:Nike:/job/Hilversum-Netherlands/Manager--Brand-Creative--Production_R-90524
Nike:/job/London-United-Kingdom/Manager--Brand-Marketing--Running--UK---Ireland_R-89738,Nike,"Manager, Brand Marketing, Running, UK & Ireland","London, United Kingdom",,https://nike.wd1.myworkdayjobs.com/en-US/nke/job/London-United-Kingdom/Manager--Brand-Marketing--Running--UK---Ireland_R-89738,Posted Today,2026-08-21,2026-08-20T11:17:35+00:00,2026-08-20 04:17 Thu,,false,,,,false,workday:Nike:/job/London-United-Kingdom/Manager--Brand-Marketing--Running--UK---Ireland_R-89738
Nike:/job/Shanghai-China-Mainland/Manager--City-Marketing--Running--Training---ACG--Shanghai--GSH---GBY-GC_R-81602,Nike,"Manager, City Marketing, Running, Training & ACG, Shanghai, GSH & GBY GC","Shanghai, China Mainland",,https://nike.wd1.myworkdayjobs.com/en-US/nke/job/Shanghai-China-Mainland/Manager--City-Marketing--Running--Training---ACG--Shanghai--GSH---GBY-GC_R-81602,Posted 30+ Days Ago,2026-07-19,2026-08-18T12:10:51+00:00,2026-08-18 05:10 Tue,,false,,,,false,workday:Nike:/job/Shanghai-China-Mainland/Manager--City-Marketing--Running--Training---ACG--Shanghai--GSH---GBY-GC_R-81602
Nike:/job/Shanghai-China-Mainland/Manager--City-Marketing--Sportswear--Shanghai--GSH---GBY-GC_R-90349,Nike,"Manager, City Marketing, Sportswear, Shanghai, GSH & GBY GC","Shanghai, China Mainland",,https://nike.wd1.myworkdayjobs.com/en-US/nke/job/Shanghai-China-Mainland/Manager--City-Marketing--Sportswear--Shanghai--GSH---GBY-GC_R-90349,Posted Today,2026-08-21,2026-08-20T06:59:15+00:00,2026-08-19 23:59 Wed,,false,,,,false,workday:Nike:/job/Shanghai-China-Mainland/Manager--City-Marketing--Sportswear--Shanghai--GSH---GBY-GC_R-90349
Nike:/job/Tokyo-Japan/Manager--Corporate-Accounting-Japan_R-91068,Nike,"Manager, Corporate Accounting Japan","Tokyo, Japan",,https://nike.wd1.myworkdayjobs.com/en-US/nke/job/Tokyo-Japan/Manager--Corporate-Accounting-Japan_R-91068,Posted Yesterday,2026-09-03,2026-09-02T05:59:22+00:00,2026-09-01 22:59 Tue,,false,,,,false,workday:Nike:/job/Tokyo-Japan/Manager--Corporate-Accounting-Japan_R-91068
Nike:/job/Karnataka-India/Manager--Customs---Trade--India_R-88642,Nike,"Manager, Customs & Trade, India","Karnataka, India",,https://nike.wd1.myworkdayjobs.com/en-US/nke/job/Karnataka-India/Manager--Customs---Trade--India_R-88642,Posted Today,2026-07-23,2026-07-23T07:17:20+00:00,2026-07-23 00:17 Thu,,false,,,,false,workday:Nike:/job/Karnataka-India/Manager--Customs---Trade--India_R-88642
Nike:/job/South-Singapore-Singapore/Manager--Digital-Consumer-Services-Operations-SEA-I_R-90340,Nike,"Manager, Digital Consumer Services Operations SEA&I","South, Singapore, Singapore",,https://nike.wd1.myworkdayjobs.com/en-US/nke/job/South-Singapore-Singapore/Manager--Digital-Consumer-Services-Operations-SEA-I_R-90340,Posted 3 Days Ago,2026-08-21,2026-08-21T01:57:06+00:00,2026-08-20 18:57 Thu,,false,,,,false,workday:Nike:/job/South-Singapore-Singapore/Manager--Digital-Consumer-Services-Operations-SEA-I_R-90340
Nike:/job/Boston-Massachusetts/Manager--Digital-User-Experience---Converse_R-89566,Nike,"Manager, Digital User Experience - Converse","Boston, Massachusetts",,https://nike.wd1.myworkdayjobs.com/en-US/nke/job/Boston-Massachusetts/Manager--Digital-User-Experience---Converse_R-89566,Posted Yesterday,2026-09-01,2026-08-06T20:17:17+00:00,2026-08-06 13:17 Thu,,false,,,,false,workday:Nike:/job/Boston-Massachusetts/Manager--Digital-User-Experience---Converse_R-89566
Nike:/job/Hilversum-Netherlands/Manager--Direct-Merch----Converse_R-87889,Nike,"Manager, Direct Merch  - Converse","Hilversum, Netherlands",,https://nike.wd1.myworkdayjobs.com/en-US/nke/job/Hilversum-Netherlands/Manager--Direct-Merch----Converse_R-87889,Posted Today,2026-08-11,2026-08-11T09:41:27+00:00,2026-08-11 02:41 Tue,,false,,,,false,workday:Nike:/job/Hilversum-Netherlands/Manager--Direct-Merch----Converse_R-87889
Nike:/job/St-Charles-Missouri/Manager--Manufacturing-Engineering-Automation-Integration--Air-Manufacturing-Innovation_R-90253,Nike,"Manager, Manufacturing Engineering Automation Integration, Air Manufacturing Innovation","St. Charles, Missouri",,https://nike.wd1.myworkdayjobs.com/en-US/nke/job/St-Charles-Missouri/Manager--Manufacturing-Engineering-Automation-Integration--Air-Manufacturing-Innovation_R-90253,Posted Yesterday,2026-08-28,2026-08-27T16:00:01+00:00,2026-08-27 09:00 Thu,,false,,,,false,workday:Nike:/job/St-Charles-Missouri/Manager--Manufacturing-Engineering-Automation-Integration--Air-Manufacturing-Innovation_R-90253
Nike:/job/Seoul-Korea/Manager--Marketplace-Supply-Chain-Sales--Korea_R-87096,Nike,"Manager, Marketplace Supply Chain Sales, Korea","Seoul, Korea",,https://nike.wd1.myworkdayjobs.com/en-US/nke/job/Seoul-Korea/Manager--Marketplace-Supply-Chain-Sales--Korea_R-87096,Posted 4 Days Ago,2026-07-08,2026-07-12T07:45:02+00:00,2026-07-12 00:45 Sun,,false,,,,false,workday:Nike:/job/Seoul-Korea/Manager--Marketplace-Supply-Chain-Sales--Korea_R-87096
Nike:/job/Hilversum-Netherlands/Manager--Retail-Asset-Management_R-76364-1,Nike,"Manager, Retail Asset Management","Hilversum, Netherlands",,https://nike.wd1.myworkdayjobs.com/en-US/nke/job/Hilversum-Netherlands/Manager--Retail-Asset-Management_R-76364-1,Posted Yesterday,2026-08-29,2026-08-05T16:17:54+00:00,2026-08-05 09:17 Wed,,false,,,,false,workday:Nike:/job/Hilversum-Netherlands/Manager--Retail-Asset-Management_R-76364-1
Nike:/job/Shanghai-China-Mainland/Manager--Retail-Marketing--EKIN--East---South-GC_R-87285,Nike,"Manager, Retail Marketing, EKIN, East & South GC","Shanghai, China Mainland",,https://nike.wd1.myworkdayjobs.com/en-US/nke/job/Shanghai-China-Mainland/Manager--Retail-Marketing--EKIN--East---South-GC_R-87285,Posted 3 Days Ago,2026-07-09,2026-07-12T07:45:02+00:00,2026-07-12 00:45 Sun,,false,,,,false,workday:Nike:/job/Shanghai-China-Mainland/Manager--Retail-Marketing--EKIN--East---South-GC_R-87285
Nike:/job/Tokyo-Japan/Manager--Revenue-Accounting-Japan_R-86307,Nike,"Manager, Revenue Accounting Japan","Tokyo, Japan",,https://nike.wd1.myworkdayjobs.com/en-US/nke/job/Tokyo-Japan/Manager--Revenue-Accounting-Japan_R-86307,Posted 30+ Days Ago,2026-07-19,2026-08-18T12:10:51+00:00,2026-08-18 05:10 Tue,,false,,,,false,workday:Nike:/job/Tokyo-Japan/Manager--Revenue-Accounting-Japan_R-86307
Nike:/job/Beaverton-Oregon/Manager--Software-Engineering_R-88690,Nike,"Manager, Software Engineering","Beaverton, Oregon",,https://nike.wd1.myworkdayjobs.com/en-US/nke/job/Beaverton-Oregon/Manager--Software-Engineering_R-88690,Posted 6 Days Ago,2026-07-17,2026-07-23T22:17:40+00:00,2026-07-23 15:17 Thu,Software Engineering,true,Keyword,40,keyword-only heuristic,false,workday:Nike:/job/Beaverton-Oregon/Manager--Software-Engineering_R-88690
Nike:/job/Beaverton-Oregon/Manager--Software-Engineering_R-88270-1,Nike,"Manager, Software Engineering","Beaverton, Oregon",,https://nike.wd1.myworkdayjobs.com/en-US/nke/job/Beaverton-Oregon/Manager--Software-Engineering_R-88270-1,Posted 5 Days Ago,2026-07-24,2026-07-29T19:41:58+00:00,2026-07-29 12:41 Wed,Software Engineering,true,Keyword,40,keyword-only heuristic,false,workday:Nike:/job/Beaverton-Oregon/Manager--Software-Engineering_R-88270-1
Nike:/job/Karnataka-India/Manager--Software-Engineering_R-85642,Nike,"Manager, Software Engineering","Karnataka, India",,https://nike.wd1.myworkdayjobs.com/en-US/nke/job/Karnataka-India/Manager--Software-Engineering_R-85642,Posted 30+ Days Ago,2026-07-19,2026-08-18T12:10:51+00:00,2026-08-18 05:10 Tue,,false,,,,false,workday:Nike:/job/Karnataka-India/Manager--Software-Engineering_R-85642
Nike:/job/Karnataka-India/Manager--Software-Engineering--ITC_R-87770,Nike,"Manager, Software Engineering, ITC","Karnataka, India",,https://nike.wd1.myworkdayjobs.com/en-US/nke/job/Karnataka-India/Manager--Software-Engineering--ITC_R-87770,Posted Today,2026-07-14,2026-07-14T08:40:54+00:00,2026-07-14 01:40 Tue,,false,,,,false,workday:Nike:/job/Karnataka-India/Manager--Software-Engineering--ITC_R-87770
Nike:/job/Karnataka-India/Manager--Software-Engineering--ITC_R-88174,Nike,"Manager, Software Engineering, ITC","Karnataka, India",,https://nike.wd1.myworkdayjobs.com/en-US/nke/job/Karnataka-India/Manager--Software-Engineering--ITC_R-88174,Posted Today,2026-07-17,2026-07-17T14:56:49+00:00,2026-07-17 07:56 Fri,,false,,,,false,workday:Nike:/job/Karnataka-India/Manager--Software-Engineering--ITC_R-88174
Nike:/job/Karnataka-India/Manager--Software-Engineering--ITC_R-85514,Nike,"Manager, Software Engineering, ITC","Karnataka, India",,https://nike.wd1.myworkdayjobs.com/en-US/nke/job/Karnataka-India/Manager--Software-Engineering--ITC_R-85514,Posted Today,2026-08-28,2026-07-20T11:41:43+00:00,2026-07-20 04:41 Mon,,false,,,,false,workday:Nike:/job/Karnataka-India/Manager--Software-Engineering--ITC_R-85514
Nike:/job/Karnataka-India/Manager--Software-Engineering--ITC_R-70609,Nike,"Manager, Software Engineering, ITC","Karnataka, India",,https://nike.wd1.myworkdayjobs.com/en-US/nke/job/Karnataka-India/Manager--Software-Engineering--ITC_R-70609,Posted Today,2026-08-03,2026-08-03T10:17:50+00:00,2026-08-03 03:17 Mon,,false,,,,false,workday:Nike:/job/Karnataka-India/Manager--Software-Engineering--ITC_R-70609
Nike:/job/Karnataka-India/Manager--Software-Engineering--ITC_R-90067,Nike,"Manager, Software Engineering, ITC","Karnataka, India",,https://nike.wd1.myworkdayjobs.com/en-US/nke/job/Karnataka-India/Manager--Software-Engineering--ITC_R-90067,Posted Today,2026-09-04,2026-08-15T14:38:29+00:00,2026-08-15 07:38 Sat,,false,,,,false,workday:Nike:/job/Karnataka-India/Manager--Software-Engineering--ITC_R-90067
Nike:/job/Paris-France/Manager--Sports-Marketing--Athlete-Development---Services--France_R-89533,Nike,"Manager, Sports Marketing, Athlete Development & Services, France","Paris, France",,https://nike.wd1.myworkdayjobs.com/en-US/nke/job/Paris-France/Manager--Sports-Marketing--Athlete-Development---Services--France_R-89533,Posted Today,2026-08-25,2026-08-24T10:59:19+00:00,2026-08-24 03:59 Mon,,false,,,,false,workday:Nike:/job/Paris-France/Manager--Sports-Marketing--Athlete-Development---Services--France_R-89533
Nike:/job/Tokyo-Japan/Manager--Supply-Chain-and-Inventory-Accounting-Japan_R-91069,Nike,"Manager, Supply Chain and Inventory Accounting Japan","Tokyo, Japan",,https://nike.wd1.myworkdayjobs.com/en-US/nke/job/Tokyo-Japan/Manager--Supply-Chain-and-Inventory-Accounting-Japan_R-91069,Posted Today,2026-09-02,2026-09-01T06:59:20+00:00,2026-08-31 23:59 Mon,,false,,,,false,workday:Nike:/job/Tokyo-Japan/Manager--Supply-Chain-and-Inventory-Accounting-Japan_R-91069
Nike:/job/Melbourne-Victoria/Manager--Solution-Delivery--Pacific_R-86138,Nike,"Manager, Supply Chain Solution Delivery, Pacific","Melbourne, Victoria",,https://nike.wd1.myworkdayjobs.com/en-US/nke/job/Melbourne-Victoria/Manager--Solution-Delivery--Pacific_R-86138,Posted 30+ Days Ago,2026-07-19,2026-08-18T12:10:51+00:00,2026-08-18 05:10 Tue,,false,,,,false,workday:Nike:/job/Melbourne-Victoria/Manager--Solution-Delivery--Pacific_R-86138
Nike:/job/Hilversum-Netherlands/Manager--Supply-Chain--Benelux-Nordics_R-87873,Nike,"Manager, Supply Chain, Benelux/Nordics","Hilversum, Netherlands",,https://nike.wd1.myworkdayjobs.com/en-US/nke/job/Hilversum-Netherlands/Manager--Supply-Chain--Benelux-Nordics_R-87873,Posted Today,2026-07-14,2026-07-14T22:17:13+00:00,2026-07-14 15:17 Tue,,false,,,,false,workday:Nike:/job/Hilversum-Netherlands/Manager--Supply-Chain--Benelux-Nordics_R-87873
Nike:/job/Taipei-Taiwan/Manager--TW-Sales-Planning-GC_R-87114,Nike,"Manager, TW Sales Planning GC","Taipei, Taiwan",,https://nike.wd1.myworkdayjobs.com/en-US/nke/job/Taipei-Taiwan/Manager--TW-Sales-Planning-GC_R-87114,Posted 30+ Days Ago,2026-07-19,2026-08-18T12:10:51+00:00,2026-08-18 05:10 Tue,,false,,,,false,workday:Nike:/job/Taipei-Taiwan/Manager--TW-Sales-Planning-GC_R-87114
Nike:/job/Jakarta-Raya-Indonesia/Manufacturing-Systems-Engineer---Nike-Indonesia_R-87254,Nike,Manufacturing Systems Engineer - Nike Indonesia,"Jakarta Raya, Indonesia",,https://nike.wd1.myworkdayjobs.com/en-US/nke/job/Jakarta-Raya-Indonesia/Manufacturing-Systems-Engineer---Nike-Indonesia_R-87254,Posted 5 Days Ago,2026-07-07,2026-07-12T07:45:02+00:00,2026-07-12 00:45 Sun,,false,,,,false,workday:Nike:/job/Jakarta-Raya-Indonesia/Manufacturing-Systems-Engineer---Nike-Indonesia_R-87254
Nike:/job/NIKE-VIETNAM-HQ/Manufacturing-Systems-Engineer-II---Converse_R-87197,Nike,Manufacturing Systems Engineer II - Converse,NIKE VIETNAM HQ,,https://nike.wd1.myworkdayjobs.com/en-US/nke/job/NIKE-VIETNAM-HQ/Manufacturing-Systems-Engineer-II---Converse_R-87197,Posted 3 Days Ago,2026-07-09,2026-07-12T07:45:02+00:00,2026-07-12 00:45 Sun,,false,,,,false,workday:Nike:/job/NIKE-VIETNAM-HQ/Manufacturing-Systems-Engineer-II---Converse_R-87197
Nike:/job/Beaverton-Oregon/Marketplace-Investigative-Analyst-II_R-90701,Nike,Marketplace Investigative Analyst II,"Beaverton, Oregon",,https://nike.wd1.myworkdayjobs.com/en-US/nke/job/Beaverton-Oregon/Marketplace-Investigative-Analyst-II_R-90701,Posted Yesterday,2026-08-26,2026-08-25T23:17:41+00:00,2026-08-25 16:17 Tue,,false,,,,false,workday:Nike:/job/Beaverton-Oregon/Marketplace-Investigative-Analyst-II_R-90701
Nike:/job/Beaverton-Oregon/Merchant-II--Global-Accessories_R-87947,Nike,"Merchant II, Global Accessories","Beaverton, Oregon",,https://nike.wd1.myworkdayjobs.com/en-US/nke/job/Beaverton-Oregon/Merchant-II--Global-Accessories_R-87947,Posted Today,2026-07-23,2026-07-23T15:59:39+00:00,2026-07-23 08:59 Thu,,false,,,,false,workday:Nike:/job/Beaverton-Oregon/Merchant-II--Global-Accessories_R-87947
Nike:/job/Beaverton-Oregon/Merchant-II--Jordan-Brand_R-89941,Nike,"Merchant II, Jordan Brand","Beaverton, Oregon",,https://nike.wd1.myworkdayjobs.com/en-US/nke/job/Beaverton-Oregon/Merchant-II--Jordan-Brand_R-89941,Posted Today,2026-08-12,2026-08-12T22:59:44+00:00,2026-08-12 15:59 Wed,,false,,,,false,workday:Nike:/job/Beaverton-Oregon/Merchant-II--Jordan-Brand_R-89941
Nike:/job/Beaverton-Oregon/Merchant-II--Kids-Footwear-NA_R-87101,Nike,"Merchant II, Kids Footwear NA","Beaverton, Oregon",,https://nike.wd1.myworkdayjobs.com/en-US/nke/job/Beaverton-Oregon/Merchant-II--Kids-Footwear-NA_R-87101,Posted Today,2026-08-11,2026-08-11T00:41:50+00:00,2026-08-10 17:41 Mon,,false,,,,false,workday:Nike:/job/Beaverton-Oregon/Merchant-II--Kids-Footwear-NA_R-87101
Nike:/job/Shanghai-China-Mainland/Merchant-II--Women-s-Running-Footwear-GC_R-80228,Nike,"Merchant II, Women’s Running Footwear GC","Shanghai, China Mainland",,https://nike.wd1.myworkdayjobs.com/en-US/nke/job/Shanghai-China-Mainland/Merchant-II--Women-s-Running-Footwear-GC_R-80228,Posted 30+ Days Ago,2026-07-19,2026-08-18T12:10:51+00:00,2026-08-18 05:10 Tue,,false,,,,false,workday:Nike:/job/Shanghai-China-Mainland/Merchant-II--Women-s-Running-Footwear-GC_R-80228
Nike:/job/Neumunster-Germany/Mitarbeiter--m-w-d--im-Lager---30h-Flex---Neumuenster_R-84127-1,Nike,Mitarbeiter (m/w/d) im Lager - 30h Flex - Neumuenster,"Neumunster, Germany",,https://nike.wd1.myworkdayjobs.com/en-US/nke/job/Neumunster-Germany/Mitarbeiter--m-w-d--im-Lager---30h-Flex---Neumuenster_R-84127-1,Posted Today,2026-08-11,2026-08-11T11:41:44+00:00,2026-08-11 04:41 Tue,,false,,,,false,workday:Nike:/job/Neumunster-Germany/Mitarbeiter--m-w-d--im-Lager---30h-Flex---Neumuenster_R-84127-1
Nike:/job/Neumunster-Germany/Nike-Abteilungsleiter--Coach---w-m-d----37-5h-week---Neumnster_R-85989,Nike,"Nike Abteilungsleiter (Coach) (w/m/d) – 37,5h/week – Neumünster","Neumunster, Germany",,https://nike.wd1.myworkdayjobs.com/en-US/nke/job/Neumunster-Germany/Nike-Abteilungsleiter--Coach---w-m-d----37-5h-week---Neumnster_R-85989,Posted 30+ Days Ago,2026-07-19,2026-08-18T12:10:51+00:00,2026-08-18 05:10 Tue,,false,,,,false,workday:Nike:/job/Neumunster-Germany/Nike-Abteilungsleiter--Coach---w-m-d----37-5h-week---Neumnster_R-85989
Nike:/job/Radolfzell-Germany/Nike-Abteilungsleiter-in--Coach----375-H---Radolfzell-am-Bodensee--m-w-d-_R-89713-1,Nike,Nike Abteilungsleiter/in (Coach) - 37.5 H - Radolfzell am Bodensee (m/w/d),"Radolfzell, Germany",,https://nike.wd1.myworkdayjobs.com/en-US/nke/job/Radolfzell-Germany/Nike-Abteilungsleiter-in--Coach----375-H---Radolfzell-am-Bodensee--m-w-d-_R-89713-1,Posted Today,2026-08-16,2026-08-16T22:17:07+00:00,2026-08-16 15:17 Sun,,false,,,,false,workday:Nike:/job/Radolfzell-Germany/Nike-Abteilungsleiter-in--Coach----375-H---Radolfzell-am-Bodensee--m-w-d-_R-89713-1
Nike:/job/Parndorf-Burgenland/Retail-Associate-II_R-85891,Nike,Nike Apparel Teamleiter (Lead) (w/m/d) – 38.5(h) – NFS Parndorf,"Parndorf, Burgenland",,https://nike.wd1.myworkdayjobs.com/en-US/nke/job/Parndorf-Burgenland/Retail-Associate-II_R-85891,Posted 30+ Days Ago,2026-07-19,2026-08-18T12:10:51+00:00,2026-08-18 05:10 Tue,,false,,,,false,workday:Nike:/job/Parndorf-Burgenland/Retail-Associate-II_R-85891
Nike:/job/Brunnthal-Munich-Germany/Nike-Assistant-Store-Manager--Assistant-Head-Coach---w-m-d----375H---NFS-Mnchen-Brunnthal_R-78723,Nike,Nike Assistant Store Manager (Assistant Head Coach) (w/m/d) – 37.5H – NFS München Brunnthal,"Brunnthal, Munich, Germany",,https://nike.wd1.myworkdayjobs.com/en-US/nke/job/Brunnthal-Munich-Germany/Nike-Assistant-Store-Manager--Assistant-Head-Coach---w-m-d----375H---NFS-Mnchen-Brunnthal_R-78723,Posted 30+ Days Ago,2026-07-19,2026-08-18T12:10:51+00:00,2026-08-18 05:10 Tue,,false,,,,false,workday:Nike:/job/Brunnthal-Munich-Germany/Nike-Assistant-Store-Manager--Assistant-Head-Coach---w-m-d----375H---NFS-Mnchen-Brunnthal_R-78723
Nike:/job/Jerez-De-La-Frontera-Spain/Nike-Department-Manager--Coach----Nike-JEREZ---Full-Time_R-89241,Nike,Nike Department Manager (Coach) - Nike JEREZ - Full Time,"Jerez De La Frontera, Spain",,https://nike.wd1.myworkdayjobs.com/en-US/nke/job/Jerez-De-La-Frontera-Spain/Nike-Department-Manager--Coach----Nike-JEREZ---Full-Time_R-89241,Posted Today,2026-08-03,2026-08-03T11:17:31+00:00,2026-08-03 04:17 Mon,,false,,,,false,workday:Nike:/job/Jerez-De-La-Frontera-Spain/Nike-Department-Manager--Coach----Nike-JEREZ---Full-Time_R-89241
Nike:/job/Hilversum-Netherlands/Nike-Direct-Merch-Operations-Specialist_R-88707,Nike,Nike Direct Merch Operations Specialist,"Hilversum, Netherlands",,https://nike.wd1.myworkdayjobs.com/en-US/nke/job/Hilversum-Netherlands/Nike-Direct-Merch-Operations-Specialist_R-88707,Posted Today,2026-07-27,2026-07-27T12:59:13+00:00,2026-07-27 05:59 Mon,,false,,,,false,workday:Nike:/job/Hilversum-Netherlands/Nike-Direct-Merch-Operations-Specialist_R-88707
Nike:/job/Lisbon-Portugal/Coach--Alcochete_R-88660,Nike,Nike Floor Manager (Coach) - Nike Store Alcochete - Full Time,"Lisbon, Portugal",,https://nike.wd1.myworkdayjobs.com/en-US/nke/job/Lisbon-Portugal/Coach--Alcochete_R-88660,Posted Today,2026-07-23,2026-07-23T10:17:38+00:00,2026-07-23 03:17 Thu,,false,,,,false,workday:Nike:/job/Lisbon-Portugal/Coach--Alcochete_R-88660
Nike:/job/Salzburg-Austria/Nike-Operational-Teamleiter--Lead---w-m-d----385--h----NFS-Salzburg_R-82384,Nike,Nike Operational Teamleiter (Lead) (w/m/d) – 38.5 (h) – NFS Salzburg,"Salzburg, Austria",,https://nike.wd1.myworkdayjobs.com/en-US/nke/job/Salzburg-Austria/Nike-Operational-Teamleiter--Lead---w-m-d----385--h----NFS-Salzburg_R-82384,Posted 30+ Days Ago,2026-07-19,2026-08-18T12:10:51+00:00,2026-08-18 05:10 Tue,,false,,,,false,workday:Nike:/job/Salzburg-Austria/Nike-Operational-Teamleiter--Lead---w-m-d----385--h----NFS-Salzburg_R-82384
Nike:/job/Castel-Guelfo-Italy/Nike-Responsabile-Vendite--Athlete----Nike-Store-Castel-Guelfo---Job-On-Call_R-86474,Nike,Nike Responsabile Vendite (Athlete) - Nike Store Castel Guelfo - Job On Call,"Castel Guelfo, Italy",,https://nike.wd1.myworkdayjobs.com/en-US/nke/job/Castel-Guelfo-Italy/Nike-Responsabile-Vendite--Athlete----Nike-Store-Castel-Guelfo---Job-On-Call_R-86474,Posted 30+ Days Ago,2026-07-19,2026-08-18T12:10:51+00:00,2026-08-18 05:10 Tue,,false,,,,false,workday:Nike:/job/Castel-Guelfo-Italy/Nike-Responsabile-Vendite--Athlete----Nike-Store-Castel-Guelfo---Job-On-Call_R-86474
Nike:/job/Castel-Guelfo-Italy/Nike-Responsabile-Vendite--Athlete----Nike-Store-CASTEL-GUELFO---Part-Time-20h_R-89680,Nike,Nike Responsabile Vendite (Athlete) - Nike Store CASTEL GUELFO - Part Time 20h,"Castel Guelfo, Italy",,https://nike.wd1.myworkdayjobs.com/en-US/nke/job/Castel-Guelfo-Italy/Nike-Responsabile-Vendite--Athlete----Nike-Store-CASTEL-GUELFO---Part-Time-20h_R-89680,Posted Today,2026-08-10,2026-08-10T10:59:19+00:00,2026-08-10 03:59 Mon,,false,,,,false,workday:Nike:/job/Castel-Guelfo-Italy/Nike-Responsabile-Vendite--Athlete----Nike-Store-CASTEL-GUELFO---Part-Time-20h_R-89680
Nike:/job/Castel-Romano-Italy/Nike-Responsabile-Vendite--Athlete----Nike-Store-CASTEL-ROMANO---Job-On-Call_R-89663,Nike,Nike Responsabile Vendite (Athlete) - Nike Store CASTEL ROMANO - Job On Call,"Castel Romano, Italy",,https://nike.wd1.myworkdayjobs.com/en-US/nke/job/Castel-Romano-Italy/Nike-Responsabile-Vendite--Athlete----Nike-Store-CASTEL-ROMANO---Job-On-Call_R-89663,Posted Today,2026-08-17,2026-08-17T09:17:30+00:00,2026-08-17 02:17 Mon,,false,,,,false,workday:Nike:/job/Castel-Romano-Italy/Nike-Responsabile-Vendite--Athlete----Nike-Store-CASTEL-ROMANO---Job-On-Call_R-89663
Nike:/job/Castel-Romano-Italy/Nike-Responsabile-Vendite--Athlete----Nike-Store-CASTEL-ROMANO---Part-Time-20H_R-89662,Nike,Nike Responsabile Vendite (Athlete) - Nike Store CASTEL ROMANO - Part Time 20H,"Castel Romano, Italy",,https://nike.wd1.myworkdayjobs.com/en-US/nke/job/Castel-Romano-Italy/Nike-Responsabile-Vendite--Athlete----Nike-Store-CASTEL-ROMANO---Part-Time-20H_R-89662,Posted Today,2026-08-17,2026-08-17T09:17:30+00:00,2026-08-17 02:17 Mon,,false,,,,false,workday:Nike:/job/Castel-Romano-Italy/Nike-Responsabile-Vendite--Athlete----Nike-Store-CASTEL-ROMANO---Part-Time-20H_R-89662
Nike:/job/Fidenza-Italy/Nike-Responsabile-Vendite--Athlete----Nike-Store-FIDENZA---Job-On-Call_R-90125,Nike,Nike Responsabile Vendite (Athlete) - Nike Store FIDENZA - Job On Call,"Fidenza, Italy",,https://nike.wd1.myworkdayjobs.com/en-US/nke/job/Fidenza-Italy/Nike-Responsabile-Vendite--Athlete----Nike-Store-FIDENZA---Job-On-Call_R-90125,Posted Yesterday,2026-08-19,2026-08-18T07:41:45+00:00,2026-08-18 00:41 Tue,,false,,,,false,workday:Nike:/job/Fidenza-Italy/Nike-Responsabile-Vendite--Athlete----Nike-Store-FIDENZA---Job-On-Call_R-90125
Nike:/job/Florence-Italy/Nike-Responsabile-Vendite--Athlete----Nike-Store-Leccio-Reggello--FI----Job-On-Call_R-90353,Nike,Nike Responsabile Vendite (Athlete) - Nike Store Leccio Reggello (FI) - Job On Call,"Florence, Italy",,https://nike.wd1.myworkdayjobs.com/en-US/nke/job/Florence-Italy/Nike-Responsabile-Vendite--Athlete----Nike-Store-Leccio-Reggello--FI----Job-On-Call_R-90353,Posted Today,2026-08-21,2026-08-20T08:56:18+00:00,2026-08-20 01:56 Thu,,false,,,,false,workday:Nike:/job/Florence-Italy/Nike-Responsabile-Vendite--Athlete----Nike-Store-Leccio-Reggello--FI----Job-On-Call_R-90353
Nike:/job/Florence-Italy/Nike-Responsabile-Vendite--Athlete----Nike-Store-Leccio-Reggello---Part-Time-20H_R-90351,Nike,Nike Responsabile Vendite (Athlete) - Nike Store Leccio Reggello - Part Time 20H,"Florence, Italy",,https://nike.wd1.myworkdayjobs.com/en-US/nke/job/Florence-Italy/Nike-Responsabile-Vendite--Athlete----Nike-Store-Leccio-Reggello---Part-Time-20H_R-90351,Posted Today,2026-08-21,2026-08-20T08:56:18+00:00,2026-08-20 01:56 Thu,,false,,,,false,workday:Nike:/job/Florence-Italy/Nike-Responsabile-Vendite--Athlete----Nike-Store-Leccio-Reggello---Part-Time-20H_R-90351
Nike:/job/Mantova-Italy/Nike-Responsabile-Vendite--Athlete----Nike-Store-MANTOVA---Job-On-Call_R-87470,Nike,Nike Responsabile Vendite (Athlete) - Nike Store MANTOVA - Job On Call,"Mantova, Italy",,https://nike.wd1.myworkdayjobs.com/en-US/nke/job/Mantova-Italy/Nike-Responsabile-Vendite--Athlete----Nike-Store-MANTOVA---Job-On-Call_R-87470,Posted 4 Days Ago,2026-07-08,2026-07-12T07:45:02+00:00,2026-07-12 00:45 Sun,,false,,,,false,workday:Nike:/job/Mantova-Italy/Nike-Responsabile-Vendite--Athlete----Nike-Store-MANTOVA---Job-On-Call_R-87470
Nike:/job/Mantova-Italy/Nike-Responsabile-Vendite--Athlete----Nike-Store-MANTOVA---Part-Time-20h_R-89172-1,Nike,Nike Responsabile Vendite (Athlete) - Nike Store MANTOVA - Part Time 20h,"Mantova, Italy",,https://nike.wd1.myworkdayjobs.com/en-US/nke/job/Mantova-Italy/Nike-Responsabile-Vendite--Athlete----Nike-Store-MANTOVA---Part-Time-20h_R-89172-1,Posted Today,2026-08-03,2026-08-03T08:41:32+00:00,2026-08-03 01:41 Mon,,false,,,,false,workday:Nike:/job/Mantova-Italy/Nike-Responsabile-Vendite--Athlete----Nike-Store-MANTOVA---Part-Time-20h_R-89172-1
Nike:/job/Noventa-di-Piave-Italy/Nike-Responsabile-Vendite--Athlete----Nike-Store-NOVENTA---Part-Time-24H-18H_R-89970,Nike,Nike Responsabile Vendite (Athlete) - Nike Store NOVENTA - Part Time 24H,"Noventa di Piave, Italy",,https://nike.wd1.myworkdayjobs.com/en-US/nke/job/Noventa-di-Piave-Italy/Nike-Responsabile-Vendite--Athlete----Nike-Store-NOVENTA---Part-Time-24H-18H_R-89970,Posted Today,2026-08-25,2026-08-14T08:41:16+00:00,2026-08-14 01:41 Fri,,false,,,,false,workday:Nike:/job/Noventa-di-Piave-Italy/Nike-Responsabile-Vendite--Athlete----Nike-Store-NOVENTA---Part-Time-24H-18H_R-89970
Nike:/job/Palma-Nova-Italy/Nike-Responsabile-Vendite--Athlete----Nike-Store-PALMANOVA---Job-On-Call_R-89098,Nike,Nike Responsabile Vendite (Athlete) - Nike Store PALMANOVA - Job On Call,"Palma Nova, Italy",,https://nike.wd1.myworkdayjobs.com/en-US/nke/job/Palma-Nova-Italy/Nike-Responsabile-Vendite--Athlete----Nike-Store-PALMANOVA---Job-On-Call_R-89098,Posted 4 Days Ago,2026-07-26,2026-07-30T16:59:45+00:00,2026-07-30 09:59 Thu,,false,,,,false,workday:Nike:/job/Palma-Nova-Italy/Nike-Responsabile-Vendite--Athlete----Nike-Store-PALMANOVA---Job-On-Call_R-89098
Nike:/job/Palma-Nova-Italy/Nike-Responsabile-Vendite--Athlete----Nike-Store-PALMANOVA---Part-Time-20h_R-89698,Nike,Nike Responsabile Vendite (Athlete) - Nike Store PALMANOVA - Part Time 20h,"Palma Nova, Italy",,https://nike.wd1.myworkdayjobs.com/en-US/nke/job/Palma-Nova-Italy/Nike-Responsabile-Vendite--Athlete----Nike-Store-PALMANOVA---Part-Time-20h_R-89698,Posted Today,2026-08-10,2026-08-10T14:17:37+00:00,2026-08-10 07:17 Mon,,false,,,,false,workday:Nike:/job/Palma-Nova-Italy/Nike-Responsabile-Vendite--Athlete----Nike-Store-PALMANOVA---Part-Time-20h_R-89698
Nike:/job/NFS-ROMA-da-VINCI/Nike-Responsabile-Vendite--Athlete----Nike-Store-ROMA-FIUMICINO---Job-On-Call_R-90777,Nike,Nike Responsabile Vendite (Athlete) - Nike Store ROMA FIUMICINO - Job On Call,NFS ROMA da VINCI,,https://nike.wd1.myworkdayjobs.com/en-US/nke/job/NFS-ROMA-da-VINCI/Nike-Responsabile-Vendite--Athlete----Nike-Store-ROMA-FIUMICINO---Job-On-Call_R-90777,Posted Today,2026-08-28,2026-08-27T07:59:22+00:00,2026-08-27 00:59 Thu,,false,,,,false,workday:Nike:/job/NFS-ROMA-da-VINCI/Nike-Responsabile-Vendite--Athlete----Nike-Store-ROMA-FIUMICINO---Job-On-Call_R-90777
Nike:/job/NFS-VALMONTONE/Nike-Responsabile-Vendite--Athlete----Nike-Store-VALMONTONE---Part-Time-20h_R-87958,Nike,Nike Responsabile Vendite (Athlete) - Nike Store VALMONTONE - Part Time 20h,NFS VALMONTONE,,https://nike.wd1.myworkdayjobs.com/en-US/nke/job/NFS-VALMONTONE/Nike-Responsabile-Vendite--Athlete----Nike-Store-VALMONTONE---Part-Time-20h_R-87958,Posted Today,2026-07-15,2026-07-15T10:41:22+00:00,2026-07-15 03:41 Wed,,false,,,,false,workday:Nike:/job/NFS-VALMONTONE/Nike-Responsabile-Vendite--Athlete----Nike-Store-VALMONTONE---Part-Time-20h_R-87958
Nike:/job/Fidenza-Italy/Nike-Responsabile-Vendite---Nike-Store-FIDENZA---Part-Time-20H_R-90295,Nike,Nike Responsabile Vendite - Nike Store FIDENZA - Part Time 20H,"Fidenza, Italy",,https://nike.wd1.myworkdayjobs.com/en-US/nke/job/Fidenza-Italy/Nike-Responsabile-Vendite---Nike-Store-FIDENZA---Part-Time-20H_R-90295,Posted Yesterday,2026-08-20,2026-08-19T12:23:11+00:00,2026-08-19 05:23 Wed,,false,,,,false,workday:Nike:/job/Fidenza-Italy/Nike-Responsabile-Vendite---Nike-Store-FIDENZA---Part-Time-20H_R-90295
Nike:/job/Madrid-Spain/Nike-Retail-Associate--Athlete----Contrato-a-media-jornada-12H-16H---Nike-Factory-Store-H2O-Rivas_R-86001,Nike,Nike Retail Associate (Athlete) - Contrato a media jornada 12H/16H - Nike Factory Store H2O Rivas,"Madrid, Spain",,https://nike.wd1.myworkdayjobs.com/en-US/nke/job/Madrid-Spain/Nike-Retail-Associate--Athlete----Contrato-a-media-jornada-12H-16H---Nike-Factory-Store-H2O-Rivas_R-86001,Posted Today,2026-07-17,2026-07-17T07:41:33+00:00,2026-07-17 00:41 Fri,,false,,,,false,workday:Nike:/job/Madrid-Spain/Nike-Retail-Associate--Athlete----Contrato-a-media-jornada-12H-16H---Nike-Factory-Store-H2O-Rivas_R-86001
Nike:/job/Culleredo-Spain/Nike-Retail-Associate--Athlete----Contrato-Duracin-Determinada---Nike-Store-La-Coruna_R-91166,Nike,Nike Retail Associate (Athlete) - Contrato Duración Determinada - Nike Store La Coruna,"Culleredo, Spain",,https://nike.wd1.myworkdayjobs.com/en-US/nke/job/Culleredo-Spain/Nike-Retail-Associate--Athlete----Contrato-Duracin-Determinada---Nike-Store-La-Coruna_R-91166,Posted Today,2026-09-02,2026-09-01T12:41:31+00:00,2026-09-01 05:41 Tue,,false,,,,false,workday:Nike:/job/Culleredo-Spain/Nike-Retail-Associate--Athlete----Contrato-Duracin-Determinada---Nike-Store-La-Coruna_R-91166
Nike:/job/Madrid-Spain/Nike-Retail-Associate--Athlete----Contrato-Duracin-Determinada---Nike-Store-Madrid-Las-Rozas_R-88444-1,Nike,Nike Retail Associate (Athlete) - Contrato Duración Determinada - Nike Store Madrid Las Rozas,"Madrid, Spain",,https://nike.wd1.myworkdayjobs.com/en-US/nke/job/Madrid-Spain/Nike-Retail-Associate--Athlete----Contrato-Duracin-Determinada---Nike-Store-Madrid-Las-Rozas_R-88444-1,Posted Today,2026-07-21,2026-07-21T12:41:35+00:00,2026-07-21 05:41 Tue,,false,,,,false,workday:Nike:/job/Madrid-Spain/Nike-Retail-Associate--Athlete----Contrato-Duracin-Determinada---Nike-Store-Madrid-Las-Rozas_R-88444-1
Nike:/job/Madrid-Spain/Nike-Retail-Associate--Athlete----Contrato-Duracin-Determinada-20H---Nike-Store-Madrid-Las-Rozas_R-90189-1,Nike,Nike Retail Associate (Athlete) - Contrato Duración Determinada 20H - Nike Store Madrid Las Rozas,"Madrid, Spain",,https://nike.wd1.myworkdayjobs.com/en-US/nke/job/Madrid-Spain/Nike-Retail-Associate--Athlete----Contrato-Duracin-Determinada-20H---Nike-Store-Madrid-Las-Rozas_R-90189-1,Posted Yesterday,2026-08-19,2026-08-18T13:11:57+00:00,2026-08-18 06:11 Tue,,false,,,,false,workday:Nike:/job/Madrid-Spain/Nike-Retail-Associate--Athlete----Contrato-Duracin-Determinada-20H---Nike-Store-Madrid-Las-Rozas_R-90189-1
Nike:/job/Madrid-Spain/Nike-Retail-Associate--Athlete----Contrato-Duracin-Determinada-24H---Nike-Store-Madrid-Parque-Oeste_R-88731,Nike,Nike Retail Associate (Athlete) - Contrato Duración Determinada 24H - Nike Store Madrid Parque Oeste,"Madrid, Spain",,https://nike.wd1.myworkdayjobs.com/en-US/nke/job/Madrid-Spain/Nike-Retail-Associate--Athlete----Contrato-Duracin-Determinada-24H---Nike-Store-Madrid-Parque-Oeste_R-88731,Posted Today,2026-07-27,2026-07-27T08:41:16+00:00,2026-07-27 01:41 Mon,,false,,,,false,workday:Nike:/job/Madrid-Spain/Nike-Retail-Associate--Athlete----Contrato-Duracin-Determinada-24H---Nike-Store-Madrid-Parque-Oeste_R-88731
Nike:/job/Valladolid-Spain/Nike-Retail-Associate--Athlete----Contrato-Duracin-Determinada--16-horas---Nike-Store-Valladolid_R-85339,Nike,"Nike Retail Associate (Athlete) - Contrato Duración Determinada, 16 horas - Nike Store Valladolid","Valladolid, Spain",,https://nike.wd1.myworkdayjobs.com/en-US/nke/job/Valladolid-Spain/Nike-Retail-Associate--Athlete----Contrato-Duracin-Determinada--16-horas---Nike-Store-Valladolid_R-85339,Posted 4 Days Ago,2026-07-08,2026-07-12T07:45:02+00:00,2026-07-12 00:45 Sun,,false,,,,false,workday:Nike:/job/Valladolid-Spain/Nike-Retail-Associate--Athlete----Contrato-Duracin-Determinada--16-horas---Nike-Store-Valladolid_R-85339
Nike:/job/Baleares-Spain/Nike-Retail-Associate--Athlete--NFS-MALLORCA--Duracion-determinada---Part-Time--18h-_R-91011,Nike,Nike Retail Associate (Athlete) NFS MALLORCA  Duracion determinada - Part Time (18h),"Baleares, Spain",,https://nike.wd1.myworkdayjobs.com/en-US/nke/job/Baleares-Spain/Nike-Retail-Associate--Athlete--NFS-MALLORCA--Duracion-determinada---Part-Time--18h-_R-91011,Posted Today,2026-09-01,2026-08-31T07:41:34+00:00,2026-08-31 00:41 Mon,,false,,,,false,workday:Nike:/job/Baleares-Spain/Nike-Retail-Associate--Athlete--NFS-MALLORCA--Duracion-determinada---Part-Time--18h-_R-91011
Nike:/job/Zaragoza-Spain/Nike-Retail-Associate--Athlete--NIKE-UNITE-ZARAGOZA---Contrato-Permanente---Part-Time--12h-_R-91188,Nike,Nike Retail Associate (Athlete) NIKE UNITE ZARAGOZA - Contrato Permanente - Part Time (12h),"Zaragoza, Spain",,https://nike.wd1.myworkdayjobs.com/en-US/nke/job/Zaragoza-Spain/Nike-Retail-Associate--Athlete--NIKE-UNITE-ZARAGOZA---Contrato-Permanente---Part-Time--12h-_R-91188,Posted Today,2026-09-02,2026-09-01T14:41:49+00:00,2026-09-01 07:41 Tue,,false,,,,false,workday:Nike:/job/Zaragoza-Spain/Nike-Retail-Associate--Athlete--NIKE-UNITE-ZARAGOZA---Contrato-Permanente---Part-Time--12h-_R-91188
Nike:/job/Zaragoza-Spain/Nike-Retail-Associate--Athlete--NIKE-UNITE-ZARAGOZA---Contrato-Permanente---Part-Time--16h-_R-91184,Nike,Nike Retail Associate (Athlete) NIKE UNITE ZARAGOZA - Contrato Permanente - Part Time (16h),"Zaragoza, Spain",,https://nike.wd1.myworkdayjobs.com/en-US/nke/job/Zaragoza-Spain/Nike-Retail-Associate--Athlete--NIKE-UNITE-ZARAGOZA---Contrato-Permanente---Part-Time--16h-_R-91184,Posted Today,2026-09-02,2026-09-01T15:00:18+00:00,2026-09-01 08:00 Tue,,false,,,,false,workday:Nike:/job/Zaragoza-Spain/Nike-Retail-Associate--Athlete--NIKE-UNITE-ZARAGOZA---Contrato-Permanente---Part-Time--16h-_R-91184
Nike:/job/NFS-MADRID-SSRR/Nike-Retail-Store-Associate--Athlete----15H---Nike-Store-Madrid-San-Sebastian-de-los-Reyes_R-89114,Nike,Nike Retail Store Associate (Athlete) - 15H - Nike Store Madrid San Sebastian de los Reyes,NFS MADRID SSRR,,https://nike.wd1.myworkdayjobs.com/en-US/nke/job/NFS-MADRID-SSRR/Nike-Retail-Store-Associate--Athlete----15H---Nike-Store-Madrid-San-Sebastian-de-los-Reyes_R-89114,Posted 3 Days Ago,2026-07-28,2026-07-31T07:41:15+00:00,2026-07-31 00:41 Fri,,false,,,,false,workday:Nike:/job/NFS-MADRID-SSRR/Nike-Retail-Store-Associate--Athlete----15H---Nike-Store-Madrid-San-Sebastian-de-los-Reyes_R-89114
Nike:/job/NFS-GRAN-CANARIAS/Nike-Retail-Store-Associate--Athlete----Contrato-a-media-jornada--15H---Nike-Store-Gran-Canarias_R-89545,Nike,"Nike Retail Store Associate (Athlete) - Contrato a media jornada, 15H - Nike Store Gran Canarias",NFS GRAN CANARIAS,,https://nike.wd1.myworkdayjobs.com/en-US/nke/job/NFS-GRAN-CANARIAS/Nike-Retail-Store-Associate--Athlete----Contrato-a-media-jornada--15H---Nike-Store-Gran-Canarias_R-89545,Posted Today,2026-08-06,2026-08-06T14:18:05+00:00,2026-08-06 07:18 Thu,,false,,,,false,workday:Nike:/job/NFS-GRAN-CANARIAS/Nike-Retail-Store-Associate--Athlete----Contrato-a-media-jornada--15H---Nike-Store-Gran-Canarias_R-89545
Nike:/job/Durban-South-Africa/Nike-Retail-Store-Associate--Athlete----Part-Time----Nike-Store-Durban_R-82325,Nike,Nike Retail Store Associate (Athlete) - Part-Time  - Nike Store Durban,"Durban, South Africa",,https://nike.wd1.myworkdayjobs.com/en-US/nke/job/Durban-South-Africa/Nike-Retail-Store-Associate--Athlete----Part-Time----Nike-Store-Durban_R-82325,Posted Today,2026-08-25,2026-07-20T08:17:22+00:00,2026-07-20 01:17 Mon,,false,,,,false,workday:Nike:/job/Durban-South-Africa/Nike-Retail-Store-Associate--Athlete----Part-Time----Nike-Store-Durban_R-82325
Nike:/job/Pretoria-South-Africa/Nike-Retail-Store-Associate--Athlete----Part-Time---Nike-Store-Atterbury_R-85244,Nike,Nike Retail Store Associate (Athlete) - Part-Time - Nike Store Atterbury,"Pretoria, South Africa",,https://nike.wd1.myworkdayjobs.com/en-US/nke/job/Pretoria-South-Africa/Nike-Retail-Store-Associate--Athlete----Part-Time---Nike-Store-Atterbury_R-85244,Posted Today,2026-07-23,2026-07-23T07:41:12+00:00,2026-07-23 00:41 Thu,,false,,,,false,workday:Nike:/job/Pretoria-South-Africa/Nike-Retail-Store-Associate--Athlete----Part-Time---Nike-Store-Atterbury_R-85244
Nike:/job/Pretoria-South-Africa/Nike-Retail-Store-Associate--Athlete----Part-Time---Nike-Store-Atterbury_R-89850,Nike,Nike Retail Store Associate (Athlete) - Part-Time - Nike Store Atterbury,"Pretoria, South Africa",,https://nike.wd1.myworkdayjobs.com/en-US/nke/job/Pretoria-South-Africa/Nike-Retail-Store-Associate--Athlete----Part-Time---Nike-Store-Atterbury_R-89850,Posted Today,2026-08-11,2026-08-11T16:59:46+00:00,2026-08-11 09:59 Tue,,false,,,,false,workday:Nike:/job/Pretoria-South-Africa/Nike-Retail-Store-Associate--Athlete----Part-Time---Nike-Store-Atterbury_R-89850
Nike:/job/Johannesburg-South-Africa/Nike-Retail-Store-Associate--Athlete----Part-Time---Nike-Store-Eastpoint_R-85246,Nike,Nike Retail Store Associate (Athlete) - Part-Time - Nike Store Eastpoint,"Johannesburg, South Africa",,https://nike.wd1.myworkdayjobs.com/en-US/nke/job/Johannesburg-South-Africa/Nike-Retail-Store-Associate--Athlete----Part-Time---Nike-Store-Eastpoint_R-85246,Posted Today,2026-07-13,2026-07-13T09:40:48+00:00,2026-07-13 02:40 Mon,,false,,,,false,workday:Nike:/job/Johannesburg-South-Africa/Nike-Retail-Store-Associate--Athlete----Part-Time---Nike-Store-Eastpoint_R-85246
Nike:/job/Cape-Town-South-Africa/Nike-Retail-Store-Associate--Athlete----Part-Time---Nike-Store-Kenilworth_R-90025,Nike,Nike Retail Store Associate (Athlete) - Part-Time - Nike Store Kenilworth,"Cape Town, South Africa",,https://nike.wd1.myworkdayjobs.com/en-US/nke/job/Cape-Town-South-Africa/Nike-Retail-Store-Associate--Athlete----Part-Time---Nike-Store-Kenilworth_R-90025,Posted Today,2026-09-01,2026-08-14T12:59:40+00:00,2026-08-14 05:59 Fri,,false,,,,false,workday:Nike:/job/Cape-Town-South-Africa/Nike-Retail-Store-Associate--Athlete----Part-Time---Nike-Store-Kenilworth_R-90025
Nike:/job/Johannesburg-South-Africa/Nike-Retail-Store-Associate--Athlete----Part-Time---Nike-Store-Woodmead_R-85240,Nike,Nike Retail Store Associate (Athlete) - Part-Time - Nike Store Woodmead,"Johannesburg, South Africa",,https://nike.wd1.myworkdayjobs.com/en-US/nke/job/Johannesburg-South-Africa/Nike-Retail-Store-Associate--Athlete----Part-Time---Nike-Store-Woodmead_R-85240,Posted Today,2026-07-13,2026-07-13T08:58:43+00:00,2026-07-13 01:58 Mon,,false,,,,false,workday:Nike:/job/Johannesburg-South-Africa/Nike-Retail-Store-Associate--Athlete----Part-Time---Nike-Store-Woodmead_R-85240
Nike:/job/Madrid-Spain/Nike-Retail-Store-Associate--Athlete---Contrato-a-media-jornada-16H---Nike-Store-Madrid-Parque-Oeste_R-88266,Nike,Nike Retail Store Associate (Athlete)- Contrato a media jornada 16H - Nike Store Madrid Parque Oeste,"Madrid, Spain",,https://nike.wd1.myworkdayjobs.com/en-US/nke/job/Madrid-Spain/Nike-Retail-Store-Associate--Athlete---Contrato-a-media-jornada-16H---Nike-Store-Madrid-Parque-Oeste_R-88266,Posted Today,2026-07-20,2026-07-20T07:59:30+00:00,2026-07-20 00:59 Mon,,false,,,,false,workday:Nike:/job/Madrid-Spain/Nike-Retail-Store-Associate--Athlete---Contrato-a-media-jornada-16H---Nike-Store-Madrid-Parque-Oeste_R-88266
Nike:/job/Madrid-Spain/Nike-Retail-Store-Associate--Athlete---Contrato-a-media-jornada-16H---Nike-Store-Madrid-Parque-Oeste_R-91070-1,Nike,Nike Retail Store Associate (Athlete)- Contrato a media jornada 16H - Nike Store Madrid Parque Oeste,"Madrid, Spain",,https://nike.wd1.myworkdayjobs.com/en-US/nke/job/Madrid-Spain/Nike-Retail-Store-Associate--Athlete---Contrato-a-media-jornada-16H---Nike-Store-Madrid-Parque-Oeste_R-91070-1,Posted Today,2026-09-01,2026-08-31T08:41:42+00:00,2026-08-31 01:41 Mon,,false,,,,false,workday:Nike:/job/Madrid-Spain/Nike-Retail-Store-Associate--Athlete---Contrato-a-media-jornada-16H---Nike-Store-Madrid-Parque-Oeste_R-91070-1
Nike:/job/Madrid-Spain/Nike-Retail-Store-Associate--Athlete---Contrato-a-media-jornada-16H---Nike-Store-Madrid-Torrejon_R-86923,Nike,Nike Retail Store Associate (Athlete)- Contrato a media jornada 16H - Nike Store Madrid Torrejon,"Madrid, Spain",,https://nike.wd1.myworkdayjobs.com/en-US/nke/job/Madrid-Spain/Nike-Retail-Store-Associate--Athlete---Contrato-a-media-jornada-16H---Nike-Store-Madrid-Torrejon_R-86923,Posted Today,2026-08-03,2026-08-03T14:41:22+00:00,2026-08-03 07:41 Mon,,false,,,,false,workday:Nike:/job/Madrid-Spain/Nike-Retail-Store-Associate--Athlete---Contrato-a-media-jornada-16H---Nike-Store-Madrid-Torrejon_R-86923
Nike:/job/Barcelona-Spain/NIKE-Retail-Supervisor--Team-Coach----La-Roca-del-Valles--BCN---Tiempo-Completo_R-87902,Nike,"NIKE Retail Supervisor (Team Coach) - La Roca del Valles, BCN - Tiempo Completo","Barcelona, Spain",,https://nike.wd1.myworkdayjobs.com/en-US/nke/job/Barcelona-Spain/NIKE-Retail-Supervisor--Team-Coach----La-Roca-del-Valles--BCN---Tiempo-Completo_R-87902,Posted Today,2026-07-15,2026-07-15T12:59:12+00:00,2026-07-15 05:59 Wed,,false,,,,false,workday:Nike:/job/Barcelona-Spain/NIKE-Retail-Supervisor--Team-Coach----La-Roca-del-Valles--BCN---Tiempo-Completo_R-87902
Nike:/job/Seoul-Korea/Nike-Seoul-Store-Service-Coach_R-87759,Nike,Nike Seoul Store Service Coach,"Seoul, Korea",,https://nike.wd1.myworkdayjobs.com/en-US/nke/job/Seoul-Korea/Nike-Seoul-Store-Service-Coach_R-87759,Posted Today,2026-07-16,2026-07-16T06:17:31+00:00,2026-07-15 23:17 Wed,,false,,,,false,workday:Nike:/job/Seoul-Korea/Nike-Seoul-Store-Service-Coach_R-87759
Nike:/job/Beaverton-Oregon/Nike-Sportswear--Lead-Graphic-Designer--NSW-Women-s-Apparel_R-85585,Nike,"Nike Sportswear, Lead Graphic Designer, NSW Women’s Apparel","Beaverton, Oregon",,https://nike.wd1.myworkdayjobs.com/en-US/nke/job/Beaverton-Oregon/Nike-Sportswear--Lead-Graphic-Designer--NSW-Women-s-Apparel_R-85585,Posted 30+ Days Ago,2026-07-19,2026-08-18T12:10:51+00:00,2026-08-18 05:10 Tue,,false,,,,false,workday:Nike:/job/Beaverton-Oregon/Nike-Sportswear--Lead-Graphic-Designer--NSW-Women-s-Apparel_R-85585
Nike:/job/Montabaur-Germany/Nike-Stellvertretender-Abteilungsleiter--Lead---w-m-d----375--h----Montabaur_R-83530,Nike,Nike Stellvertretender Abteilungsleiter (Lead) (w/m/d) – 37.5 (h) – Montabaur,"Montabaur, Germany",,https://nike.wd1.myworkdayjobs.com/en-US/nke/job/Montabaur-Germany/Nike-Stellvertretender-Abteilungsleiter--Lead---w-m-d----375--h----Montabaur_R-83530,Posted 30+ Days Ago,2026-07-19,2026-08-18T12:10:51+00:00,2026-08-18 05:10 Tue,,false,,,,false,workday:Nike:/job/Montabaur-Germany/Nike-Stellvertretender-Abteilungsleiter--Lead---w-m-d----375--h----Montabaur_R-83530
Nike:/job/La-Jonquera-Spain/Nike-Store-Associate--Athlete----LA-JONQUERA---Contrato-Duracin-Determinada---Part-Time--20hs-_R-90300,Nike,Nike Store Associate (Athlete) - LA JONQUERA - Contrato Duración Determinada - Part Time (20hs),"La Jonquera, Spain",,https://nike.wd1.myworkdayjobs.com/en-US/nke/job/La-Jonquera-Spain/Nike-Store-Associate--Athlete----LA-JONQUERA---Contrato-Duracin-Determinada---Part-Time--20hs-_R-90300,Posted Yesterday,2026-08-20,2026-08-19T13:36:53+00:00,2026-08-19 06:36 Wed,,false,,,,false,workday:Nike:/job/La-Jonquera-Spain/Nike-Store-Associate--Athlete----LA-JONQUERA---Contrato-Duracin-Determinada---Part-Time--20hs-_R-90300
Nike:/job/Viladecans-Barcelona/Nike-Store-Associate--Athlete----NIKE-VILADECANS--BCN---Contrato-Duracin-Determinada---Part-Time_R-89165,Nike,"Nike Store Associate (Athlete) - NIKE VILADECANS, BCN - Contrato Permanente - Part Time","Viladecans, Barcelona",,https://nike.wd1.myworkdayjobs.com/en-US/nke/job/Viladecans-Barcelona/Nike-Store-Associate--Athlete----NIKE-VILADECANS--BCN---Contrato-Duracin-Determinada---Part-Time_R-89165,Posted Today,2026-08-21,2026-07-31T13:41:58+00:00,2026-07-31 06:41 Fri,,false,,,,false,workday:Nike:/job/Viladecans-Barcelona/Nike-Store-Associate--Athlete----NIKE-VILADECANS--BCN---Contrato-Duracin-Determinada---Part-Time_R-89165
Nike:/job/NFS-PARC-VALLES/Nike-Store-Associate--Athlete----PARC-VALLES--BCN---Contrato-Duracin-Determinada---Part-Time--15hs-_R-89719,Nike,"Nike Store Associate (Athlete) - PARC VALLES, BCN - Contrato Duración Determinada - Part Time (15hs)",NFS PARC VALLES,,https://nike.wd1.myworkdayjobs.com/en-US/nke/job/NFS-PARC-VALLES/Nike-Store-Associate--Athlete----PARC-VALLES--BCN---Contrato-Duracin-Determinada---Part-Time--15hs-_R-89719,Posted Today,2026-08-10,2026-08-10T16:42:06+00:00,2026-08-10 09:42 Mon,,false,,,,false,workday:Nike:/job/NFS-PARC-VALLES/Nike-Store-Associate--Athlete----PARC-VALLES--BCN---Contrato-Duracin-Determinada---Part-Time--15hs-_R-89719
Nike:/job/Barcelona-Spain/Nike-Store-Associate--Athlete----PARQUE-MONTIGALA--BADALONA--BCN---16hs---Contrato-Permanente_R-89835,Nike,"Nike Store Associate (Athlete) - PARQUE MONTIGALA, BADALONA, BCN - 16hs - Contrato Permanente","Barcelona, Spain",,https://nike.wd1.myworkdayjobs.com/en-US/nke/job/Barcelona-Spain/Nike-Store-Associate--Athlete----PARQUE-MONTIGALA--BADALONA--BCN---16hs---Contrato-Permanente_R-89835,Posted Today,2026-08-11,2026-08-11T15:00:02+00:00,2026-08-11 08:00 Tue,,false,,,,false,workday:Nike:/job/Barcelona-Spain/Nike-Store-Associate--Athlete----PARQUE-MONTIGALA--BADALONA--BCN---16hs---Contrato-Permanente_R-89835
Nike:/job/Zaragoza-Spain/Nike-Store-Associate--Athlete----ZARAGOZA---16hs---Contrato-Permanente_R-89816,Nike,Nike Store Associate (Athlete) - ZARAGOZA - 16hs - Contrato Permanente,"Zaragoza, Spain",,https://nike.wd1.myworkdayjobs.com/en-US/nke/job/Zaragoza-Spain/Nike-Store-Associate--Athlete----ZARAGOZA---16hs---Contrato-Permanente_R-89816,Posted Today,2026-08-11,2026-08-11T13:18:00+00:00,2026-08-11 06:18 Tue,,false,,,,false,workday:Nike:/job/Zaragoza-Spain/Nike-Store-Associate--Athlete----ZARAGOZA---16hs---Contrato-Permanente_R-89816
Nike:/job/Barcelona-Spain/Nike-Store-Associate--Athlete--LA-ROCA-DEL-VALLES--BCN-Contrato-Duracin-Determinada--15-20hs-semana_R-90416,Nike,"Nike Store Associate (Athlete) LA ROCA DEL VALLES, BCN Contrato Duración Determinada: 15/20hs semana","Barcelona, Spain",,https://nike.wd1.myworkdayjobs.com/en-US/nke/job/Barcelona-Spain/Nike-Store-Associate--Athlete--LA-ROCA-DEL-VALLES--BCN-Contrato-Duracin-Determinada--15-20hs-semana_R-90416,Posted Yesterday,2026-09-03,2026-08-21T10:00:09+00:00,2026-08-21 03:00 Fri,,false,,,,false,workday:Nike:/job/Barcelona-Spain/Nike-Store-Associate--Athlete--LA-ROCA-DEL-VALLES--BCN-Contrato-Duracin-Determinada--15-20hs-semana_R-90416
Nike:/job/Barcelona-Spain/Nike-Store-Associate-Athlete--PARQUE-MONTIGALA--BADALONA--BCN-16hs-Contrato-Permanente_R-91092,Nike,"Nike Store Associate(Athlete)-PARQUE MONTIGALA, BADALONA, BCN-16hs-Contrato Permanente","Barcelona, Spain",,https://nike.wd1.myworkdayjobs.com/en-US/nke/job/Barcelona-Spain/Nike-Store-Associate-Athlete--PARQUE-MONTIGALA--BADALONA--BCN-16hs-Contrato-Permanente_R-91092,Posted Today,2026-09-02,2026-09-01T07:48:09+00:00,2026-09-01 00:48 Tue,,false,,,,false,workday:Nike:/job/Barcelona-Spain/Nike-Store-Associate-Athlete--PARQUE-MONTIGALA--BADALONA--BCN-16hs-Contrato-Permanente_R-91092
Nike:/job/Piding-Germany/Nike-Store-Manager--Head-Coach---w-m-d---375-H---NFS-Piding_R-82943,Nike,Nike Store Manager (Head Coach) (w/m/d)– 37.5 H – NFS Piding,"Piding, Germany",,https://nike.wd1.myworkdayjobs.com/en-US/nke/job/Piding-Germany/Nike-Store-Manager--Head-Coach---w-m-d---375-H---NFS-Piding_R-82943,Posted 30+ Days Ago,2026-07-19,2026-08-18T12:10:51+00:00,2026-08-18 05:10 Tue,,false,,,,false,workday:Nike:/job/Piding-Germany/Nike-Store-Manager--Head-Coach---w-m-d---375-H---NFS-Piding_R-82943
Nike:/job/Piding-Germany/Nike-Teamleiter--Lead---w-m-d----375H---NFS-Piding_R-85158,Nike,Nike Teamleiter (Lead) (w/m/d) – 37.5H – NFS Piding,"Piding, Germany",,https://nike.wd1.myworkdayjobs.com/en-US/nke/job/Piding-Germany/Nike-Teamleiter--Lead---w-m-d----375H---NFS-Piding_R-85158,Posted Today,2026-07-22,2026-07-22T14:41:50+00:00,2026-07-22 07:41 Wed,,false,,,,false,workday:Nike:/job/Piding-Germany/Nike-Teamleiter--Lead---w-m-d----375H---NFS-Piding_R-85158
Nike:/job/Wolfsburg-Germany/Nike-Teamleiter--Lead--Apparel--w-m-d----37-5--h----NVS-Wolfsburg_R-86827-1,Nike,"Nike Teamleiter (Lead) Apparel (w/m/d) – 37,5 (h) – NVS Wolfsburg","Wolfsburg, Germany",,https://nike.wd1.myworkdayjobs.com/en-US/nke/job/Wolfsburg-Germany/Nike-Teamleiter--Lead--Apparel--w-m-d----37-5--h----NVS-Wolfsburg_R-86827-1,Posted 30+ Days Ago,2026-07-19,2026-08-18T12:10:51+00:00,2026-08-18 05:10 Tue,,false,,,,false,workday:Nike:/job/Wolfsburg-Germany/Nike-Teamleiter--Lead--Apparel--w-m-d----37-5--h----NVS-Wolfsburg_R-86827-1
Nike:/job/Parndorf-Burgenland/Nike-Teamleiter-Service---Training--Lead---w-m-d----385--h----NFS-Parndorf_R-88346,Nike,Nike Teamleiter Service & Training (Lead) (w/m/d) – 38.5 (h) – NFS Parndorf,"Parndorf, Burgenland",,https://nike.wd1.myworkdayjobs.com/en-US/nke/job/Parndorf-Burgenland/Nike-Teamleiter-Service---Training--Lead---w-m-d----385--h----NFS-Parndorf_R-88346,Posted Today,2026-08-14,2026-08-14T07:50:33+00:00,2026-08-14 00:50 Fri,,false,,,,false,workday:Nike:/job/Parndorf-Burgenland/Nike-Teamleiter-Service---Training--Lead---w-m-d----385--h----NFS-Parndorf_R-88346
Nike:/job/Gyeonggi-do-Korea/Nike-Unite-Siheung-Store-Operation-Coach_R-88290,Nike,Nike Unite Siheung Store Operation Coach,"Gyeonggi-do, Korea",,https://nike.wd1.myworkdayjobs.com/en-US/nke/job/Gyeonggi-do-Korea/Nike-Unite-Siheung-Store-Operation-Coach_R-88290,Posted Today,2026-07-20,2026-07-20T05:17:23+00:00,2026-07-19 22:17 Sun,,false,,,,false,workday:Nike:/job/Gyeonggi-do-Korea/Nike-Unite-Siheung-Store-Operation-Coach_R-88290
Nike:/job/Beaverton-Oregon/NIKE--Inc-Air-MI-Engineering-Undergraduate-Internship_R-91417-1,Nike,"NIKE, Inc. Air MI Engineering Undergraduate Internship","Beaverton, Oregon",,https://nike.wd1.myworkdayjobs.com/en-US/nke/job/Beaverton-Oregon/NIKE--Inc-Air-MI-Engineering-Undergraduate-Internship_R-91417-1,Posted Yesterday,2026-09-03,2026-09-03T17:41:42+00:00,2026-09-03 10:41 Thu,Computer Vision,true,CLI,22,"The candidate has strong software, computer vision, automation, and data-analysis skills, but lacks the required undergraduate enrollment, manufacturing-focused engineering background, and hands-on footwear production, tooling, process-development, or Lean/Six Sigma experience.",false,workday:Nike:/job/Beaverton-Oregon/NIKE--Inc-Air-MI-Engineering-Undergraduate-Internship_R-91417-1
Nike:/job/Beaverton-Oregon/NIKE--Inc-Apparel-Development--Global-Apparel-Materials--Undergraduate-Internship_R-91228,Nike,"NIKE, Inc. Apparel Development, Global Apparel Materials, Undergraduate Internship","Beaverton, Oregon",,https://nike.wd1.myworkdayjobs.com/en-US/nke/job/Beaverton-Oregon/NIKE--Inc-Apparel-Development--Global-Apparel-Materials--Undergraduate-Internship_R-91228,Posted Yesterday,2026-09-03,2026-09-01T19:18:20+00:00,2026-09-01 12:18 Tue,Computer Vision,true,Keyword,46,keyword-only heuristic,false,workday:Nike:/job/Beaverton-Oregon/NIKE--Inc-Apparel-Development--Global-Apparel-Materials--Undergraduate-Internship_R-91228
Nike:/job/Beaverton-Oregon/NIKE--Inc-Apparel-Development--Technical-Design--Undergraduate-Internship_R-91227,Nike,"NIKE, Inc. Apparel Development, Technical Design, Undergraduate Internship","Beaverton, Oregon",,https://nike.wd1.myworkdayjobs.com/en-US/nke/job/Beaverton-Oregon/NIKE--Inc-Apparel-Development--Technical-Design--Undergraduate-Internship_R-91227,Posted Today,2026-09-04,2026-09-01T19:18:20+00:00,2026-09-01 12:18 Tue,Computer Vision,true,Keyword,43,keyword-only heuristic,false,workday:Nike:/job/Beaverton-Oregon/NIKE--Inc-Apparel-Development--Technical-Design--Undergraduate-Internship_R-91227
Nike:/job/Beaverton-Oregon/NIKE--Inc-Artificial-Intelligence--Data----Machine-Learning-Engineering-Undergraduate-Internship_R-91110,Nike,"NIKE, Inc. Artificial Intelligence, Data, & Machine Learning Engineering Undergraduate Internship","Beaverton, Oregon",,https://nike.wd1.myworkdayjobs.com/en-US/nke/job/Beaverton-Oregon/NIKE--Inc-Artificial-Intelligence--Data----Machine-Learning-Engineering-Undergraduate-Internship_R-91110,Posted Yesterday,2026-09-03,2026-08-31T17:18:07+00:00,2026-08-31 10:18 Mon,Computer Vision,true,Keyword,70,keyword-only heuristic,true,workday:Nike:/job/Beaverton-Oregon/NIKE--Inc-Artificial-Intelligence--Data----Machine-Learning-Engineering-Undergraduate-Internship_R-91110|speedyapply:SpeedyApply AI:https://nike.wd1.myworkdayjobs.com/en-US/nke/job/Beaverton-Oregon/NIKE--Inc-Artificial-Intelligence--Data----Machine-Learning-Engineering-Undergraduate-Internship_R-91110
Nike:/job/Beaverton-Oregon/NIKE--Inc-Finance-Graduate-Internship_R-91119,Nike,"NIKE, Inc. Finance Graduate Internship","Beaverton, Oregon",,https://nike.wd1.myworkdayjobs.com/en-US/nke/job/Beaverton-Oregon/NIKE--Inc-Finance-Graduate-Internship_R-91119,Posted 2 Days Ago,2026-09-02,2026-08-31T18:17:43+00:00,2026-08-31 11:17 Mon,,false,,,,false,workday:Nike:/job/Beaverton-Oregon/NIKE--Inc-Finance-Graduate-Internship_R-91119
Nike:/job/Beaverton-Oregon/NIKE--Inc-Marketing-Vanguard-Program--MVP--Graduate-Internship_R-91139,Nike,"NIKE, Inc. Marketing Vanguard Program (MVP) Graduate Internship","Beaverton, Oregon",,https://nike.wd1.myworkdayjobs.com/en-US/nke/job/Beaverton-Oregon/NIKE--Inc-Marketing-Vanguard-Program--MVP--Graduate-Internship_R-91139,Posted 2 Days Ago,2026-09-02,2026-08-31T22:18:10+00:00,2026-08-31 15:18 Mon,,false,,,,false,workday:Nike:/job/Beaverton-Oregon/NIKE--Inc-Marketing-Vanguard-Program--MVP--Graduate-Internship_R-91139
Nike:/job/Memphis-Tennessee/NIKE--Inc-North-America-Distribution-Centers--NADC--Operations-Undergraduate-Internship_R-91419,Nike,"NIKE, Inc. North America Distribution Centers (NADC) Operations Undergraduate Internship","Memphis, Tennessee",,https://nike.wd1.myworkdayjobs.com/en-US/nke/job/Memphis-Tennessee/NIKE--Inc-North-America-Distribution-Centers--NADC--Operations-Undergraduate-Internship_R-91419,Posted Today,2026-09-03,2026-09-03T17:41:42+00:00,2026-09-03 10:41 Thu,Computer Vision,true,CLI,18,"The candidate demonstrates strong technical analytics, automation, optimization, and coaching experience, but lacks the required undergraduate enrollment, supply-chain or distribution-center background, and preferred tools such as Tableau, Alteryx, and Excel.",false,workday:Nike:/job/Memphis-Tennessee/NIKE--Inc-North-America-Distribution-Centers--NADC--Operations-Undergraduate-Internship_R-91419
Nike:/job/Memphis-Tennessee/NIKE--Inc-North-America-Distribution-Centers--NADC--Operations-Undergraduate-Internship_R-91460,Nike,"NIKE, Inc. North America Distribution Centers (NADC) Operations Undergraduate Internship","Memphis, Tennessee",,https://nike.wd1.myworkdayjobs.com/en-US/nke/job/Memphis-Tennessee/NIKE--Inc-North-America-Distribution-Centers--NADC--Operations-Undergraduate-Internship_R-91460,Posted Today,2026-09-04,2026-09-04T15:58:47+00:00,2026-09-04 08:58 Fri,Computer Vision,true,CLI,18,"Although the candidate has strong analytical, automation, data, and process-improvement experience, their background is primarily computer vision and software engineering rather than supply chain operations, logistics, or distribution-center work, and they are pursuing a master's rather than the required undergraduate program.",false,workday:Nike:/job/Memphis-Tennessee/NIKE--Inc-North-America-Distribution-Centers--NADC--Operations-Undergraduate-Internship_R-91460
Nike:/job/Beaverton-Oregon/NIKE--Inc-Software-Engineering-Undergraduate-Internship_R-91111,Nike,"NIKE, Inc. Software Engineering Undergraduate Internship","Beaverton, Oregon",,https://nike.wd1.myworkdayjobs.com/en-US/nke/job/Beaverton-Oregon/NIKE--Inc-Software-Engineering-Undergraduate-Internship_R-91111,Posted Yesterday,2026-09-03,2026-08-31T17:42:10+00:00,2026-08-31 10:42 Mon,Computer Vision,true,Keyword,73,keyword-only heuristic,true,workday:Nike:/job/Beaverton-Oregon/NIKE--Inc-Software-Engineering-Undergraduate-Internship_R-91111|speedyapply:SpeedyApply SWE:https://nike.wd1.myworkdayjobs.com/en-US/nke/job/Beaverton-Oregon/NIKE--Inc-Software-Engineering-Undergraduate-Internship_R-91111
Nike:/job/Beaverton-Oregon/NIKE--Inc-Strategic-Planning-Graduate-Internship_R-91142,Nike,"NIKE, Inc. Strategic Planning Graduate Internship","Beaverton, Oregon",,https://nike.wd1.myworkdayjobs.com/en-US/nke/job/Beaverton-Oregon/NIKE--Inc-Strategic-Planning-Graduate-Internship_R-91142,Posted Today,2026-09-04,2026-08-31T22:18:10+00:00,2026-08-31 15:18 Mon,Computer Vision,true,Keyword,49,keyword-only heuristic,false,workday:Nike:/job/Beaverton-Oregon/NIKE--Inc-Strategic-Planning-Graduate-Internship_R-91142
Nike:/job/Montabaur-Germany/Nike-Abteilungsleiter--FTW-Coach---w-m-d----37-5--h-----NFS-MONTABAUR_R-82467,Nike,"Nike Abteilungsleiter (Coach) (w/m/d) – 37,5 (h) –  NFS MONTABAUR","Montabaur, Germany",,https://nike.wd1.myworkdayjobs.com/en-US/nke/job/Montabaur-Germany/Nike-Abteilungsleiter--FTW-Coach---w-m-d----37-5--h-----NFS-MONTABAUR_R-82467,Posted 30+ Days Ago,2026-07-19,2026-08-18T12:10:51+00:00,2026-08-18 05:10 Tue,,false,,,,false,workday:Nike:/job/Montabaur-Germany/Nike-Abteilungsleiter--FTW-Coach---w-m-d----37-5--h-----NFS-MONTABAUR_R-82467
Nike:/job/Jettingen-Scheppach-Germany/Nike-Abteilungsleiter--Coach---w-m-d----375h---Jettingen-Scheppach_R-88523-1,Nike,Nike Abteilungsleiter (Coach) (w/m/d) – 37.5h – Jettingen-Scheppach,"Jettingen-Scheppach, Germany",,https://nike.wd1.myworkdayjobs.com/en-US/nke/job/Jettingen-Scheppach-Germany/Nike-Abteilungsleiter--Coach---w-m-d----375h---Jettingen-Scheppach_R-88523-1,Posted 5 Days Ago,2026-07-23,2026-07-28T23:56:06+00:00,2026-07-28 16:56 Tue,,false,,,,false,workday:Nike:/job/Jettingen-Scheppach-Germany/Nike-Abteilungsleiter--Coach---w-m-d----375h---Jettingen-Scheppach_R-88523-1
Nike:/job/Metzingen-Baden-Wrttemberg/Nike-Abteilungsleiter--Coach---w-m-d----375h---NFS-Metzingen_R-90129,Nike,Nike Abteilungsleiter (Coach) (w/m/d) – 37.5h – NFS Metzingen,"Metzingen, Baden Württemberg",,https://nike.wd1.myworkdayjobs.com/en-US/nke/job/Metzingen-Baden-Wrttemberg/Nike-Abteilungsleiter--Coach---w-m-d----375h---NFS-Metzingen_R-90129,Posted Today,2026-09-02,2026-09-01T15:42:02+00:00,2026-09-01 08:42 Tue,,false,,,,false,workday:Nike:/job/Metzingen-Baden-Wrttemberg/Nike-Abteilungsleiter--Coach---w-m-d----375h---NFS-Metzingen_R-90129
Nike:/job/Salzburg-Austria/Nike-Service-Teamleiter--Lead---w-m-d----385--h----NFS-Salzburg_R-82385,Nike,Nike Service Teamleiter (Lead) (w/m/d) – 38.5 (h) – NFS Salzburg,"Salzburg, Austria",,https://nike.wd1.myworkdayjobs.com/en-US/nke/job/Salzburg-Austria/Nike-Service-Teamleiter--Lead---w-m-d----385--h----NFS-Salzburg_R-82385,Posted 30+ Days Ago,2026-07-19,2026-08-18T12:10:51+00:00,2026-08-18 05:10 Tue,,false,,,,false,workday:Nike:/job/Salzburg-Austria/Nike-Service-Teamleiter--Lead---w-m-d----385--h----NFS-Salzburg_R-82385
Nike:/job/Biggera-Waters-Australia/Operations-Coach-Retail-Supervisor--Nike-Goldcoast_R-89323,Nike,"Operations Coach/Retail Supervisor, Nike Goldcoast","Biggera Waters, Australia",,https://nike.wd1.myworkdayjobs.com/en-US/nke/job/Biggera-Waters-Australia/Operations-Coach-Retail-Supervisor--Nike-Goldcoast_R-89323,Posted Today,2026-08-12,2026-08-12T02:17:54+00:00,2026-08-11 19:17 Tue,,false,,,,false,workday:Nike:/job/Biggera-Waters-Australia/Operations-Coach-Retail-Supervisor--Nike-Goldcoast_R-89323
Nike:/job/Adelaide-South-Australia/Part-Time-Athlete--Retail-Associate----Nike--Adelaide_R-87124,Nike,"Part Time Athlete (Retail Associate) - Nike, Adelaide","Adelaide, South Australia",,https://nike.wd1.myworkdayjobs.com/en-US/nke/job/Adelaide-South-Australia/Part-Time-Athlete--Retail-Associate----Nike--Adelaide_R-87124,Posted Today,2026-09-02,2026-08-10T06:59:07+00:00,2026-08-09 23:59 Sun,,false,,,,false,workday:Nike:/job/Adelaide-South-Australia/Part-Time-Athlete--Retail-Associate----Nike--Adelaide_R-87124
Nike:/job/Sydney-New-South-Wales/Part-Time-Athlete---Nike--Liverpool_R-87267,Nike,"Part Time Athlete - Nike, Liverpool","Sydney, New South Wales",,https://nike.wd1.myworkdayjobs.com/en-US/nke/job/Sydney-New-South-Wales/Part-Time-Athlete---Nike--Liverpool_R-87267,Posted Today,2026-07-21,2026-07-21T21:27:02+00:00,2026-07-21 14:27 Tue,,false,,,,false,workday:Nike:/job/Sydney-New-South-Wales/Part-Time-Athlete---Nike--Liverpool_R-87267
Nike:/job/NFS-AU-MELBOURNE-SOUTHWHARF/Part-Time-Athlete---Retail-Associate--225-hrs--Nike--South-Wharf_R-89011,Nike,"Part Time Athlete | Retail Associate (22.5 hrs) Nike, South Wharf",NFS AU MELBOURNE SOUTHWHARF,,https://nike.wd1.myworkdayjobs.com/en-US/nke/job/NFS-AU-MELBOURNE-SOUTHWHARF/Part-Time-Athlete---Retail-Associate--225-hrs--Nike--South-Wharf_R-89011,Posted 5 Days Ago,2026-07-24,2026-07-29T06:17:31+00:00,2026-07-28 23:17 Tue,,false,,,,false,workday:Nike:/job/NFS-AU-MELBOURNE-SOUTHWHARF/Part-Time-Athlete---Retail-Associate--225-hrs--Nike--South-Wharf_R-89011
Nike:/job/NFS-AU-MELBOURNE-SOUTHWHARF/Part-Time-Athlete---Retail-Associate----Nike--South-Wharf_R-89010,Nike,"Part Time Athlete | Retail Associate -  Nike, South Wharf",NFS AU MELBOURNE SOUTHWHARF,,https://nike.wd1.myworkdayjobs.com/en-US/nke/job/NFS-AU-MELBOURNE-SOUTHWHARF/Part-Time-Athlete---Retail-Associate----Nike--South-Wharf_R-89010,Posted 5 Days Ago,2026-07-24,2026-07-29T06:17:31+00:00,2026-07-28 23:17 Tue,,false,,,,false,workday:Nike:/job/NFS-AU-MELBOURNE-SOUTHWHARF/Part-Time-Athlete---Retail-Associate----Nike--South-Wharf_R-89010
Nike:/job/New-South-Wales-Australia/Part-Time-Athlete---Retail-Associate---Nike--Birkenhead-Point_R-89007,Nike,"Part Time Athlete | Retail Associate - Nike, Birkenhead Point","New South Wales, Australia",,https://nike.wd1.myworkdayjobs.com/en-US/nke/job/New-South-Wales-Australia/Part-Time-Athlete---Retail-Associate---Nike--Birkenhead-Point_R-89007,Posted 5 Days Ago,2026-07-24,2026-07-29T09:17:18+00:00,2026-07-29 02:17 Wed,,false,,,,false,workday:Nike:/job/New-South-Wales-Australia/Part-Time-Athlete---Retail-Associate---Nike--Birkenhead-Point_R-89007
Nike:/job/Biggera-Waters-Australia/Part-Time-Athlete---Retail-Associate--Nike-Goldcoast_R-89321,Nike,"Part Time Athlete | Retail Associate, Nike Goldcoast","Biggera Waters, Australia",,https://nike.wd1.myworkdayjobs.com/en-US/nke/job/Biggera-Waters-Australia/Part-Time-Athlete---Retail-Associate--Nike-Goldcoast_R-89321,Posted Today,2026-08-11,2026-08-11T06:59:12+00:00,2026-08-10 23:59 Mon,,false,,,,false,workday:Nike:/job/Biggera-Waters-Australia/Part-Time-Athlete---Retail-Associate--Nike-Goldcoast_R-89321
Nike:/job/Biggera-Waters-Australia/Part-Time-Athlete---Retail-Associate--Nike-Goldcoast_R-89442,Nike,"Part Time Athlete | Retail Associate, Nike Goldcoast","Biggera Waters, Australia",,https://nike.wd1.myworkdayjobs.com/en-US/nke/job/Biggera-Waters-Australia/Part-Time-Athlete---Retail-Associate--Nike-Goldcoast_R-89442,Posted Today,2026-08-14,2026-08-14T06:17:27+00:00,2026-08-13 23:17 Thu,,false,,,,false,workday:Nike:/job/Biggera-Waters-Australia/Part-Time-Athlete---Retail-Associate--Nike-Goldcoast_R-89442
Nike:/job/Auckland-New-Zealand/Part-Time-Athlete---Store-Associate---Nike--Westgate_R-90746,Nike,"Part Time Athlete | Store Associate - Nike, Westgate","Auckland, New Zealand",,https://nike.wd1.myworkdayjobs.com/en-US/nke/job/Auckland-New-Zealand/Part-Time-Athlete---Store-Associate---Nike--Westgate_R-90746,Posted Today,2026-09-02,2026-08-31T23:59:47+00:00,2026-08-31 16:59 Mon,,false,,,,false,workday:Nike:/job/Auckland-New-Zealand/Part-Time-Athlete---Store-Associate---Nike--Westgate_R-90746
Nike:/job/NFS-AU-BRISBANE-AIRPORT/Part-Time-Athlete-Retail-Associate--Nike-Brisbane-Airport-DFO_R-89896,Nike,"Part Time Athlete/Retail Associate, Nike Brisbane Airport DFO",NFS AU BRISBANE AIRPORT,,https://nike.wd1.myworkdayjobs.com/en-US/nke/job/NFS-AU-BRISBANE-AIRPORT/Part-Time-Athlete-Retail-Associate--Nike-Brisbane-Airport-DFO_R-89896,Posted Today,2026-08-13,2026-08-13T07:59:23+00:00,2026-08-13 00:59 Thu,,false,,,,false,workday:Nike:/job/NFS-AU-BRISBANE-AIRPORT/Part-Time-Athlete-Retail-Associate--Nike-Brisbane-Airport-DFO_R-89896
Nike:/job/Ankara-Turkey/Part-Time-Magaza-Satis-Danismani--Ankara-_R-90198,Nike,Part Time Magaza Satis Danismani (Ankara),"Ankara, Turkey",,https://nike.wd1.myworkdayjobs.com/en-US/nke/job/Ankara-Turkey/Part-Time-Magaza-Satis-Danismani--Ankara-_R-90198,Posted Yesterday,2026-08-20,2026-08-19T12:23:11+00:00,2026-08-19 05:23 Wed,,false,,,,false,workday:Nike:/job/Ankara-Turkey/Part-Time-Magaza-Satis-Danismani--Ankara-_R-90198
Nike:/job/Jindalee-Australia/Retail-Associate-III_R-86147,Nike,Part Time Retail Athlete,"Jindalee, Australia",,https://nike.wd1.myworkdayjobs.com/en-US/nke/job/Jindalee-Australia/Retail-Associate-III_R-86147,Posted 4 Days Ago,2026-07-08,2026-07-12T07:45:02+00:00,2026-07-12 00:45 Sun,,false,,,,false,workday:Nike:/job/Jindalee-Australia/Retail-Associate-III_R-86147
Nike:/job/Muratpasa-Turkey/Part-time-Magaza-Satis-Danismani--Antalya-Beka-AVM-_R-87316,Nike,Part-time Magaza Satis Danismani (Antalya Beka AVM),"Muratpasa, Turkey",,https://nike.wd1.myworkdayjobs.com/en-US/nke/job/Muratpasa-Turkey/Part-time-Magaza-Satis-Danismani--Antalya-Beka-AVM-_R-87316,Posted 6 Days Ago,2026-07-06,2026-07-12T07:45:02+00:00,2026-07-12 00:45 Sun,,false,,,,false,workday:Nike:/job/Muratpasa-Turkey/Part-time-Magaza-Satis-Danismani--Antalya-Beka-AVM-_R-87316
Nike:/job/NFS-Bolu/Part-time-Magaza-Satis-Danismani--Bolu-_R-87793,Nike,Part-time Magaza Satis Danismani (Bolu),NFS Bolu,,https://nike.wd1.myworkdayjobs.com/en-US/nke/job/NFS-Bolu/Part-time-Magaza-Satis-Danismani--Bolu-_R-87793,Posted Today,2026-07-13,2026-07-13T14:16:56+00:00,2026-07-13 07:16 Mon,,false,,,,false,workday:Nike:/job/NFS-Bolu/Part-time-Magaza-Satis-Danismani--Bolu-_R-87793
Nike:/job/Elmalik-Turkey/Part-time-Magaza-Satis-Danismani--Bolu-_R-88832,Nike,Part-time Magaza Satis Danismani (Bolu),"Elmalik, Turkey",,https://nike.wd1.myworkdayjobs.com/en-US/nke/job/Elmalik-Turkey/Part-time-Magaza-Satis-Danismani--Bolu-_R-88832,Posted Today,2026-07-27,2026-07-27T12:17:15+00:00,2026-07-27 05:17 Mon,,false,,,,false,workday:Nike:/job/Elmalik-Turkey/Part-time-Magaza-Satis-Danismani--Bolu-_R-88832
Nike:/job/Ankara-Turkey/Part-time-Magaza-Satis-Danismani--Nata-Vega-_R-87417,Nike,Part-time Magaza Satis Danismani (Nata Vega),"Ankara, Turkey",,https://nike.wd1.myworkdayjobs.com/en-US/nke/job/Ankara-Turkey/Part-time-Magaza-Satis-Danismani--Nata-Vega-_R-87417,Posted 5 Days Ago,2026-07-07,2026-07-12T07:45:02+00:00,2026-07-12 00:45 Sun,,false,,,,false,workday:Nike:/job/Ankara-Turkey/Part-time-Magaza-Satis-Danismani--Nata-Vega-_R-87417
Nike:/job/Istanbul-Turkey/Part-time-Magaza-Satis-Danismani--Olivium-_R-87712,Nike,Part-time Magaza Satis Danismani (Olivium),"Istanbul, Turkey",,https://nike.wd1.myworkdayjobs.com/en-US/nke/job/Istanbul-Turkey/Part-time-Magaza-Satis-Danismani--Olivium-_R-87712,Posted 2 Days Ago,2026-07-10,2026-07-12T07:45:02+00:00,2026-07-12 00:45 Sun,,false,,,,false,workday:Nike:/job/Istanbul-Turkey/Part-time-Magaza-Satis-Danismani--Olivium-_R-87712
Nike:/job/Istanbul-Turkey/Part-time-Magaza-Satis-Danismani--Olivium-_R-89716,Nike,Part-time Magaza Satis Danismani (Olivium),"Istanbul, Turkey",,https://nike.wd1.myworkdayjobs.com/en-US/nke/job/Istanbul-Turkey/Part-time-Magaza-Satis-Danismani--Olivium-_R-89716,Posted Today,2026-08-11,2026-08-11T08:41:38+00:00,2026-08-11 01:41 Tue,,false,,,,false,workday:Nike:/job/Istanbul-Turkey/Part-time-Magaza-Satis-Danismani--Olivium-_R-89716
Nike:/job/zmir-Turkey/Part-time-Magaza-Satis-Danismani--Optimum-AVM-_R-87426,Nike,Part-time Magaza Satis Danismani (Optimum AVM),"İzmir, Turkey",,https://nike.wd1.myworkdayjobs.com/en-US/nke/job/zmir-Turkey/Part-time-Magaza-Satis-Danismani--Optimum-AVM-_R-87426,Posted 5 Days Ago,2026-07-07,2026-07-12T07:45:02+00:00,2026-07-12 00:45 Sun,,false,,,,false,workday:Nike:/job/zmir-Turkey/Part-time-Magaza-Satis-Danismani--Optimum-AVM-_R-87426
Nike:/job/zmir-Turkey/Part-time-Magaza-Satis-Danismani--Optimum-AVM-_R-90772-1,Nike,Part-time Magaza Satis Danismani (Optimum AVM),"İzmir, Turkey",,https://nike.wd1.myworkdayjobs.com/en-US/nke/job/zmir-Turkey/Part-time-Magaza-Satis-Danismani--Optimum-AVM-_R-90772-1,Posted Today,2026-08-28,2026-08-27T10:17:36+00:00,2026-08-27 03:17 Thu,,false,,,,false,workday:Nike:/job/zmir-Turkey/Part-time-Magaza-Satis-Danismani--Optimum-AVM-_R-90772-1
Nike:/job/Izmit-Turkey/Part-time-Magaza-Satis-Danismani--Outlet-Center-zmit-_R-91378,Nike,Part-time Magaza Satis Danismani (Outlet Center İzmit),"Izmit, Turkey",,https://nike.wd1.myworkdayjobs.com/en-US/nke/job/Izmit-Turkey/Part-time-Magaza-Satis-Danismani--Outlet-Center-zmit-_R-91378,Posted Today,2026-09-04,2026-09-04T07:40:36+00:00,2026-09-04 00:40 Fri,,false,,,,false,workday:Nike:/job/Izmit-Turkey/Part-time-Magaza-Satis-Danismani--Outlet-Center-zmit-_R-91378
Nike:/job/Izmit-Turkey/Part-time-Magaza-Satis-Danismani--Outlet-Center-zmit-_R-91381,Nike,Part-time Magaza Satis Danismani (Outlet Center İzmit),"Izmit, Turkey",,https://nike.wd1.myworkdayjobs.com/en-US/nke/job/Izmit-Turkey/Part-time-Magaza-Satis-Danismani--Outlet-Center-zmit-_R-91381,Posted Today,2026-09-04,2026-09-04T09:40:50+00:00,2026-09-04 02:40 Fri,,false,,,,false,workday:Nike:/job/Izmit-Turkey/Part-time-Magaza-Satis-Danismani--Outlet-Center-zmit-_R-91381
Nike:/job/Istanbul-Turkey/Part-time-Magaza-Satis-Danismani--Venezia-Outlet-_R-87711,Nike,Part-time Magaza Satis Danismani (Venezia Outlet),"Istanbul, Turkey",,https://nike.wd1.myworkdayjobs.com/en-US/nke/job/Istanbul-Turkey/Part-time-Magaza-Satis-Danismani--Venezia-Outlet-_R-87711,Posted 2 Days Ago,2026-07-10,2026-07-12T07:45:02+00:00,2026-07-12 00:45 Sun,,false,,,,false,workday:Nike:/job/Istanbul-Turkey/Part-time-Magaza-Satis-Danismani--Venezia-Outlet-_R-87711
Nike:/job/Istanbul-Turkey/Part-time-Magaza-Satis-Danismani--Venezia-_R-89745,Nike,Part-time Magaza Satis Danismani (Venezia),"Istanbul, Turkey",,https://nike.wd1.myworkdayjobs.com/en-US/nke/job/Istanbul-Turkey/Part-time-Magaza-Satis-Danismani--Venezia-_R-89745,Posted Today,2026-08-11,2026-08-11T08:41:38+00:00,2026-08-11 01:41 Tue,,false,,,,false,workday:Nike:/job/Istanbul-Turkey/Part-time-Magaza-Satis-Danismani--Venezia-_R-89745
Nike:/job/Istanbul-Turkey/Part-time-Magaza-Satis-Danismani--Viaport-Pendik-_R-87679,Nike,Part-time Magaza Satis Danismani (Viaport Pendik),"Istanbul, Turkey",,https://nike.wd1.myworkdayjobs.com/en-US/nke/job/Istanbul-Turkey/Part-time-Magaza-Satis-Danismani--Viaport-Pendik-_R-87679,Posted 2 Days Ago,2026-07-10,2026-07-12T07:45:02+00:00,2026-07-12 00:45 Sun,,false,,,,false,workday:Nike:/job/Istanbul-Turkey/Part-time-Magaza-Satis-Danismani--Viaport-Pendik-_R-87679
Nike:/job/Istanbul-Turkey/Part-time-Magaza-Satis-Danismani--Viaport-Pendik-_R-90933,Nike,Part-time Magaza Satis Danismani (Viaport Pendik),"Istanbul, Turkey",,https://nike.wd1.myworkdayjobs.com/en-US/nke/job/Istanbul-Turkey/Part-time-Magaza-Satis-Danismani--Viaport-Pendik-_R-90933,Posted Yesterday,2026-08-28,2026-08-27T15:42:04+00:00,2026-08-27 08:42 Thu,,false,,,,false,workday:Nike:/job/Istanbul-Turkey/Part-time-Magaza-Satis-Danismani--Viaport-Pendik-_R-90933
Nike:/job/Kualalumpur-Selangor/Part-time-Retail-Associate--16h-week----Nike-Mitsui-Outlet-Park_R-87189-1,Nike,Part-time Retail Associate (16h/week) - Nike Mitsui Outlet Park,"Kualalumpur, Selangor",,https://nike.wd1.myworkdayjobs.com/en-US/nke/job/Kualalumpur-Selangor/Part-time-Retail-Associate--16h-week----Nike-Mitsui-Outlet-Park_R-87189-1,Posted 6 Days Ago,2026-07-06,2026-07-12T07:45:02+00:00,2026-07-12 00:45 Sun,,false,,,,false,workday:Nike:/job/Kualalumpur-Selangor/Part-time-Retail-Associate--16h-week----Nike-Mitsui-Outlet-Park_R-87189-1
Nike:/job/Johor-Malaysia/Part-time-Retail-Associate--24h-week----Nike--Johor-Premium-Outlet-_R-89236,Nike,Part-time Retail Associate (24h/week) - Nike (Johor Premium Outlet),"Johor, Malaysia",,https://nike.wd1.myworkdayjobs.com/en-US/nke/job/Johor-Malaysia/Part-time-Retail-Associate--24h-week----Nike--Johor-Premium-Outlet-_R-89236,Posted Today,2026-08-06,2026-08-06T05:41:14+00:00,2026-08-05 22:41 Wed,,false,,,,false,workday:Nike:/job/Johor-Malaysia/Part-time-Retail-Associate--24h-week----Nike--Johor-Premium-Outlet-_R-89236
Nike:/job/Istanbul-Turkey/Lead--Partner-Business-Management_R-89082,Nike,Partner Account Executive,"Istanbul, Turkey",,https://nike.wd1.myworkdayjobs.com/en-US/nke/job/Istanbul-Turkey/Lead--Partner-Business-Management_R-89082,Posted Today,2026-08-21,2026-08-04T08:59:30+00:00,2026-08-04 01:59 Tue,,false,,,,false,workday:Nike:/job/Istanbul-Turkey/Lead--Partner-Business-Management_R-89082
Nike:/job/Hilversum-Netherlands/Partner-Account-Executive_R-89160,Nike,Partner Account Executive,"Hilversum, Netherlands",,https://nike.wd1.myworkdayjobs.com/en-US/nke/job/Hilversum-Netherlands/Partner-Account-Executive_R-89160,Posted Today,2026-08-04,2026-08-04T09:59:55+00:00,2026-08-04 02:59 Tue,,false,,,,false,workday:Nike:/job/Hilversum-Netherlands/Partner-Account-Executive_R-89160
Nike:/job/Hilversum-Netherlands/Partner-Account-Executive_R-89239,Nike,Partner Account Executive,"Hilversum, Netherlands",,https://nike.wd1.myworkdayjobs.com/en-US/nke/job/Hilversum-Netherlands/Partner-Account-Executive_R-89239,Posted Today,2026-08-04,2026-08-04T10:17:05+00:00,2026-08-04 03:17 Tue,,false,,,,false,workday:Nike:/job/Hilversum-Netherlands/Partner-Account-Executive_R-89239
Nike:/job/Johannesburg-South-Africa/Partner-Account-Executive_R-89350,Nike,Partner Account Executive,"Johannesburg, South Africa",,https://nike.wd1.myworkdayjobs.com/en-US/nke/job/Johannesburg-South-Africa/Partner-Account-Executive_R-89350,Posted Today,2026-08-07,2026-08-07T08:41:19+00:00,2026-08-07 01:41 Fri,,false,,,,false,workday:Nike:/job/Johannesburg-South-Africa/Partner-Account-Executive_R-89350
Nike:/job/Hilversum-Netherlands/Payroll-Analyst-II--EMEA_R-89113,Nike,"Payroll Analyst II, EMEA","Hilversum, Netherlands",,https://nike.wd1.myworkdayjobs.com/en-US/nke/job/Hilversum-Netherlands/Payroll-Analyst-II--EMEA_R-89113,Posted 4 Days Ago,2026-07-26,2026-07-30T17:42:04+00:00,2026-07-30 10:42 Thu,,false,,,,false,workday:Nike:/job/Hilversum-Netherlands/Payroll-Analyst-II--EMEA_R-89113
Nike:/job/Hilversum-Netherlands/People-Solutions-Advisor-I--EMEA_R-90214,Nike,"People Solutions Advisor I, EMEA","Hilversum, Netherlands",,https://nike.wd1.myworkdayjobs.com/en-US/nke/job/Hilversum-Netherlands/People-Solutions-Advisor-I--EMEA_R-90214,Posted Yesterday,2026-08-19,2026-08-18T14:12:13+00:00,2026-08-18 07:12 Tue,,false,,,,false,workday:Nike:/job/Hilversum-Netherlands/People-Solutions-Advisor-I--EMEA_R-90214
Nike:/job/Laakdal-Belgium/People-Solutions-Advisor-I--EMEA_R-90286,Nike,"People Solutions Advisor I, EMEA","Laakdal, Belgium",,https://nike.wd1.myworkdayjobs.com/en-US/nke/job/Laakdal-Belgium/People-Solutions-Advisor-I--EMEA_R-90286,Posted Yesterday,2026-08-20,2026-08-19T09:57:05+00:00,2026-08-19 02:57 Wed,,false,,,,false,workday:Nike:/job/Laakdal-Belgium/People-Solutions-Advisor-I--EMEA_R-90286
Nike:/job/Berlin-Germany/People-Solutions-Consultant-II--EMEA_R-88449-1,Nike,"People Solutions Consultant Germany, EMEA","Berlin, Germany",,https://nike.wd1.myworkdayjobs.com/en-US/nke/job/Berlin-Germany/People-Solutions-Consultant-II--EMEA_R-88449-1,Posted 6 Days Ago,2026-07-22,2026-07-28T14:59:45+00:00,2026-07-28 07:59 Tue,,false,,,,false,workday:Nike:/job/Berlin-Germany/People-Solutions-Consultant-II--EMEA_R-88449-1
Nike:/job/Seoul-Korea/People-Solutions-Consultant-II_R-86702,Nike,People Solutions Consultant II,"Seoul, Korea",,https://nike.wd1.myworkdayjobs.com/en-US/nke/job/Seoul-Korea/People-Solutions-Consultant-II_R-86702,Posted Today,2026-07-14,2026-07-14T01:41:15+00:00,2026-07-13 18:41 Mon,,false,,,,false,workday:Nike:/job/Seoul-Korea/People-Solutions-Consultant-II_R-86702
Nike:/job/Milano-Italy/People-Solutions-Consultant-II--EMEA_R-88451,Nike,"People Solutions Consultant II, EMEA","Milano, Italy",,https://nike.wd1.myworkdayjobs.com/en-US/nke/job/Milano-Italy/People-Solutions-Consultant-II--EMEA_R-88451,Posted Today,2026-07-27,2026-07-27T10:41:27+00:00,2026-07-27 03:41 Mon,,false,,,,false,workday:Nike:/job/Milano-Italy/People-Solutions-Consultant-II--EMEA_R-88451
Nike:/job/Phoenix-Arizona/Performance-Running-EKIN--PRE---Phoenix_R-88888,Nike,"Performance Running EKIN (PRE), Phoenix","Phoenix, Arizona",,https://nike.wd1.myworkdayjobs.com/en-US/nke/job/Phoenix-Arizona/Performance-Running-EKIN--PRE---Phoenix_R-88888,Posted 5 Days Ago,2026-07-24,2026-07-29T15:41:44+00:00,2026-07-29 08:41 Wed,,false,,,,false,workday:Nike:/job/Phoenix-Arizona/Performance-Running-EKIN--PRE---Phoenix_R-88888
Nike:/job/Taipei-Taiwan/Planner-I--TW-Sales-Business-Planning-GC_R-90184,Nike,"Planner I, TW Sales Business Planning GC","Taipei, Taiwan",,https://nike.wd1.myworkdayjobs.com/en-US/nke/job/Taipei-Taiwan/Planner-I--TW-Sales-Business-Planning-GC_R-90184,Posted Yesterday,2026-08-19,2026-08-18T06:41:26+00:00,2026-08-17 23:41 Mon,,false,,,,false,workday:Nike:/job/Taipei-Taiwan/Planner-I--TW-Sales-Business-Planning-GC_R-90184
Nike:/job/Hong-Kong-Island-Hong-Kong/Planner-II--HK-Nike-Direct-Planning-GC_R-90749-1,Nike,"Planner II, HK Nike Direct Planning GC","Hong Kong Island, Hong Kong",,https://nike.wd1.myworkdayjobs.com/en-US/nke/job/Hong-Kong-Island-Hong-Kong/Planner-II--HK-Nike-Direct-Planning-GC_R-90749-1,Posted Today,2026-08-27,2026-08-26T03:17:26+00:00,2026-08-25 20:17 Tue,,false,,,,false,workday:Nike:/job/Hong-Kong-Island-Hong-Kong/Planner-II--HK-Nike-Direct-Planning-GC_R-90749-1
Nike:/job/Taipei-Taiwan/Planner-II--TW-Sales-Assortment-Planning-GC_R-90186,Nike,"Planner II, TW Sales Assortment Planning GC","Taipei, Taiwan",,https://nike.wd1.myworkdayjobs.com/en-US/nke/job/Taipei-Taiwan/Planner-II--TW-Sales-Assortment-Planning-GC_R-90186,Posted Today,2026-08-20,2026-08-19T03:11:06+00:00,2026-08-18 20:11 Tue,,false,,,,false,workday:Nike:/job/Taipei-Taiwan/Planner-II--TW-Sales-Assortment-Planning-GC_R-90186
Nike:/job/Beaverton-Oregon/Planner--NA_R-88692,Nike,"Planner, NA","Beaverton, Oregon",,https://nike.wd1.myworkdayjobs.com/en-US/nke/job/Beaverton-Oregon/Planner--NA_R-88692,Posted Today,2026-08-05,2026-08-05T20:17:18+00:00,2026-08-05 13:17 Wed,,false,,,,false,workday:Nike:/job/Beaverton-Oregon/Planner--NA_R-88692
Nike:/job/Memphis-Tennessee/PMV-Athlete-I--Forklift-Operator----N3_R-90333,Nike,PMV Athlete I (Forklift Operator) - N3,"Memphis, Tennessee",,https://nike.wd1.myworkdayjobs.com/en-US/nke/job/Memphis-Tennessee/PMV-Athlete-I--Forklift-Operator----N3_R-90333,Posted 2 Days Ago,2026-08-28,2026-08-20T19:59:26+00:00,2026-08-20 12:59 Thu,,false,,,,false,workday:Nike:/job/Memphis-Tennessee/PMV-Athlete-I--Forklift-Operator----N3_R-90333
Nike:/job/Hilversum-Netherlands/Pricing-Ops-Specialist--Nike-Direct-_R-90290,Nike,Pricing Ops Specialist (Nike Direct),"Hilversum, Netherlands",,https://nike.wd1.myworkdayjobs.com/en-US/nke/job/Hilversum-Netherlands/Pricing-Ops-Specialist--Nike-Direct-_R-90290,Posted Today,2026-08-26,2026-08-25T06:41:45+00:00,2026-08-24 23:41 Mon,,false,,,,false,workday:Nike:/job/Hilversum-Netherlands/Pricing-Ops-Specialist--Nike-Direct-_R-90290
Nike:/job/Beaverton-Oregon/Principal-Data-Scientist--Global-Audit---Risk-Management_R-85773-1,Nike,"Principal Data Scientist, Global Audit & Risk Management","Beaverton, Oregon",,https://nike.wd1.myworkdayjobs.com/en-US/nke/job/Beaverton-Oregon/Principal-Data-Scientist--Global-Audit---Risk-Management_R-85773-1,Posted Today,2026-07-22,2026-07-22T22:17:15+00:00,2026-07-22 15:17 Wed,,false,,,,false,workday:Nike:/job/Beaverton-Oregon/Principal-Data-Scientist--Global-Audit---Risk-Management_R-85773-1
Nike:/job/Beaverton-Oregon/Principal-Engineer--Identity---Authorization_R-90323,Nike,"Principal Engineer, Identity & Authorization","Beaverton, Oregon",,https://nike.wd1.myworkdayjobs.com/en-US/nke/job/Beaverton-Oregon/Principal-Engineer--Identity---Authorization_R-90323,Posted Yesterday,2026-08-20,2026-08-19T23:57:43+00:00,2026-08-19 16:57 Wed,,false,,,,false,workday:Nike:/job/Beaverton-Oregon/Principal-Engineer--Identity---Authorization_R-90323
Nike:/job/Karnataka-India/Principal-Machine-Learning-Engineer--ITC_R-86601,Nike,"Principal Machine Learning Engineer, ITC","Karnataka, India",,https://nike.wd1.myworkdayjobs.com/en-US/nke/job/Karnataka-India/Principal-Machine-Learning-Engineer--ITC_R-86601,Posted Today,2026-08-04,2026-08-04T13:59:51+00:00,2026-08-04 06:59 Tue,,false,,,,false,workday:Nike:/job/Karnataka-India/Principal-Machine-Learning-Engineer--ITC_R-86601
Nike:/job/Beaverton-Oregon/Principal-Neuroscience-Researcher--Sensory-Explore_R-84899,Nike,"Principal Neuroscience Researcher, Sensory Explore","Beaverton, Oregon",,https://nike.wd1.myworkdayjobs.com/en-US/nke/job/Beaverton-Oregon/Principal-Neuroscience-Researcher--Sensory-Explore_R-84899,Posted 30+ Days Ago,2026-07-19,2026-08-18T12:10:51+00:00,2026-08-18 05:10 Tue,,false,,,,false,workday:Nike:/job/Beaverton-Oregon/Principal-Neuroscience-Researcher--Sensory-Explore_R-84899
Nike:/job/Karnataka-India/Principal-Software-Engineer--AI--ITC_R-86382-1,Nike,"Principal Software Engineer - AIML, ITC","Karnataka, India",,https://nike.wd1.myworkdayjobs.com/en-US/nke/job/Karnataka-India/Principal-Software-Engineer--AI--ITC_R-86382-1,Posted 30+ Days Ago,2026-07-19,2026-08-18T12:10:51+00:00,2026-08-18 05:10 Tue,,false,,,,false,workday:Nike:/job/Karnataka-India/Principal-Software-Engineer--AI--ITC_R-86382-1
Nike:/job/Karnataka-India/Principal-Software-Engineer--ITC_R-49508,Nike,"Principal Software Engineer, ITC","Karnataka, India",,https://nike.wd1.myworkdayjobs.com/en-US/nke/job/Karnataka-India/Principal-Software-Engineer--ITC_R-49508,Posted Today,2026-08-26,2026-07-12T07:45:02+00:00,2026-07-12 00:45 Sun,,false,,,,false,workday:Nike:/job/Karnataka-India/Principal-Software-Engineer--ITC_R-49508
Nike:/job/Karnataka-India/Principal-Software-Engineer--ITC_R-86691,Nike,"Principal Software Engineer, ITC","Karnataka, India",,https://nike.wd1.myworkdayjobs.com/en-US/nke/job/Karnataka-India/Principal-Software-Engineer--ITC_R-86691,Posted 6 Days Ago,2026-07-06,2026-07-12T07:45:02+00:00,2026-07-12 00:45 Sun,,false,,,,false,workday:Nike:/job/Karnataka-India/Principal-Software-Engineer--ITC_R-86691
Nike:/job/Karnataka-India/Principal-Software-Engineer--ITC_R-87684,Nike,"Principal Software Engineer, ITC","Karnataka, India",,https://nike.wd1.myworkdayjobs.com/en-US/nke/job/Karnataka-India/Principal-Software-Engineer--ITC_R-87684,Posted 2 Days Ago,2026-07-10,2026-07-12T07:45:02+00:00,2026-07-12 00:45 Sun,,false,,,,false,workday:Nike:/job/Karnataka-India/Principal-Software-Engineer--ITC_R-87684
Nike:/job/Karnataka-India/Principal-Software-Engineer--ITC_R-86458,Nike,"Principal Software Engineer, ITC","Karnataka, India",,https://nike.wd1.myworkdayjobs.com/en-US/nke/job/Karnataka-India/Principal-Software-Engineer--ITC_R-86458,Posted Yesterday,2026-08-20,2026-07-24T16:41:39+00:00,2026-07-24 09:41 Fri,,false,,,,false,workday:Nike:/job/Karnataka-India/Principal-Software-Engineer--ITC_R-86458
Nike:/job/Karnataka-India/Principal-Software-Engineer--ITC_R-85376,Nike,"Principal Software Engineer, ITC","Karnataka, India",,https://nike.wd1.myworkdayjobs.com/en-US/nke/job/Karnataka-India/Principal-Software-Engineer--ITC_R-85376,Posted Today,2026-08-12,2026-08-12T13:17:43+00:00,2026-08-12 06:17 Wed,,false,,,,false,workday:Nike:/job/Karnataka-India/Principal-Software-Engineer--ITC_R-85376
Nike:/job/Karnataka-India/Principal-Software-Engineer--ITC_R-90034-1,Nike,"Principal Software Engineer, ITC","Karnataka, India",,https://nike.wd1.myworkdayjobs.com/en-US/nke/job/Karnataka-India/Principal-Software-Engineer--ITC_R-90034-1,Posted Today,2026-08-14,2026-08-14T16:00:10+00:00,2026-08-14 09:00 Fri,,false,,,,false,workday:Nike:/job/Karnataka-India/Principal-Software-Engineer--ITC_R-90034-1
Nike:/job/Karnataka-India/Principal-Software-Engineer--ITC_R-86477,Nike,"Principal Software Engineer, ITC","Karnataka, India",,https://nike.wd1.myworkdayjobs.com/en-US/nke/job/Karnataka-India/Principal-Software-Engineer--ITC_R-86477,Posted 30+ Days Ago,2026-07-19,2026-08-18T12:10:51+00:00,2026-08-18 05:10 Tue,,false,,,,false,workday:Nike:/job/Karnataka-India/Principal-Software-Engineer--ITC_R-86477
Nike:/job/Karnataka-India/Principal-Software-Engineer--Managed-Database--ITC_R-86479,Nike,"Principal Software Engineer, Managed Database, ITC","Karnataka, India",,https://nike.wd1.myworkdayjobs.com/en-US/nke/job/Karnataka-India/Principal-Software-Engineer--Managed-Database--ITC_R-86479,Posted 30+ Days Ago,2026-07-19,2026-08-18T12:10:51+00:00,2026-08-18 05:10 Tue,,false,,,,false,workday:Nike:/job/Karnataka-India/Principal-Software-Engineer--Managed-Database--ITC_R-86479
Nike:/job/Beaverton-Oregon/Principal-Technical-Product-Manager_R-88278,Nike,Principal Technical Product Manager,"Beaverton, Oregon",,https://nike.wd1.myworkdayjobs.com/en-US/nke/job/Beaverton-Oregon/Principal-Technical-Product-Manager_R-88278,Posted 5 Days Ago,2026-07-24,2026-07-29T17:57:54+00:00,2026-07-29 10:57 Wed,,false,,,,false,workday:Nike:/job/Beaverton-Oregon/Principal-Technical-Product-Manager_R-88278
Nike:/job/Beaverton-Oregon/Principal-Technical-Program-Manager_R-88766,Nike,Principal Technical Program Manager,"Beaverton, Oregon",,https://nike.wd1.myworkdayjobs.com/en-US/nke/job/Beaverton-Oregon/Principal-Technical-Program-Manager_R-88766,Posted 4 Days Ago,2026-07-26,2026-07-30T17:59:21+00:00,2026-07-30 10:59 Thu,,false,,,,false,workday:Nike:/job/Beaverton-Oregon/Principal-Technical-Program-Manager_R-88766
Nike:/job/NIKE-VIETNAM-HQ/Principal--Apparel-MME_R-85786-1,Nike,"Principal, Apparel Materials Manufacturing Engineering (MME)",NIKE VIETNAM HQ,,https://nike.wd1.myworkdayjobs.com/en-US/nke/job/NIKE-VIETNAM-HQ/Principal--Apparel-MME_R-85786-1,Posted 3 Days Ago,2026-07-09,2026-07-12T07:45:02+00:00,2026-07-12 00:45 Sun,,false,,,,false,workday:Nike:/job/NIKE-VIETNAM-HQ/Principal--Apparel-MME_R-85786-1
Nike:/job/Beaverton-Oregon/Principal--Basketball-Kobe-Sales-NA_R-88907-1,Nike,"Principal, Basketball/Kobe Sales NA","Beaverton, Oregon",,https://nike.wd1.myworkdayjobs.com/en-US/nke/job/Beaverton-Oregon/Principal--Basketball-Kobe-Sales-NA_R-88907-1,Posted Today,2026-08-07,2026-08-07T21:41:51+00:00,2026-08-07 14:41 Fri,,false,,,,false,workday:Nike:/job/Beaverton-Oregon/Principal--Basketball-Kobe-Sales-NA_R-88907-1
Nike:/job/Beijing-China-Mainland/Principal--City-BI--North---West-GC_R-89076,Nike,"Principal, City BI, North & West GC","Beijing, China Mainland",,https://nike.wd1.myworkdayjobs.com/en-US/nke/job/Beijing-China-Mainland/Principal--City-BI--North---West-GC_R-89076,Posted 4 Days Ago,2026-07-26,2026-07-30T02:17:34+00:00,2026-07-29 19:17 Wed,,false,,,,false,workday:Nike:/job/Beijing-China-Mainland/Principal--City-BI--North---West-GC_R-89076
Nike:/job/Beaverton-Oregon/Principal--College-Sports-Marketing--College---NIL-Relationships_R-88628,Nike,"Principal, College Sports Marketing, College & NIL Relationships","Beaverton, Oregon",,https://nike.wd1.myworkdayjobs.com/en-US/nke/job/Beaverton-Oregon/Principal--College-Sports-Marketing--College---NIL-Relationships_R-88628,Posted Today,2026-08-14,2026-08-14T00:05:37+00:00,2026-08-13 17:05 Thu,,false,,,,false,workday:Nike:/job/Beaverton-Oregon/Principal--College-Sports-Marketing--College---NIL-Relationships_R-88628
Nike:/job/Beaverton-Oregon/Principal--Flow-Mitigation---Preparedness_R-86990-1,Nike,"Principal, Flow Mitigation & Preparedness","Beaverton, Oregon",,https://nike.wd1.myworkdayjobs.com/en-US/nke/job/Beaverton-Oregon/Principal--Flow-Mitigation---Preparedness_R-86990-1,Posted Today,2026-07-21,2026-07-21T00:59:23+00:00,2026-07-20 17:59 Mon,,false,,,,false,workday:Nike:/job/Beaverton-Oregon/Principal--Flow-Mitigation---Preparedness_R-86990-1
Nike:/job/Los-Angeles-California/Principal--Footwear-Designer--Energy_R-89499,Nike,"Principal, Footwear Designer, Energy","Los Angeles, California",,https://nike.wd1.myworkdayjobs.com/en-US/nke/job/Los-Angeles-California/Principal--Footwear-Designer--Energy_R-89499,Posted 3 Days Ago,2026-08-29,2026-08-18T22:26:59+00:00,2026-08-18 15:26 Tue,,false,,,,false,workday:Nike:/job/Los-Angeles-California/Principal--Footwear-Designer--Energy_R-89499
Nike:/job/Beaverton-Oregon/Principal--Global-Mobility-Tax--Americas_R-89625,Nike,"Principal, Global Mobility Tax, Americas","Beaverton, Oregon",,https://nike.wd1.myworkdayjobs.com/en-US/nke/job/Beaverton-Oregon/Principal--Global-Mobility-Tax--Americas_R-89625,Posted Today,2026-08-10,2026-08-10T21:41:40+00:00,2026-08-10 14:41 Mon,,false,,,,false,workday:Nike:/job/Beaverton-Oregon/Principal--Global-Mobility-Tax--Americas_R-89625
Nike:/job/Hilversum-Netherlands/Principal--HRBP--Converse--EMEA_R-88324-1,Nike,"Principal, HRBP, Converse, EMEA","Hilversum, Netherlands",,https://nike.wd1.myworkdayjobs.com/en-US/nke/job/Hilversum-Netherlands/Principal--HRBP--Converse--EMEA_R-88324-1,Posted Today,2026-07-27,2026-07-27T08:17:06+00:00,2026-07-27 01:17 Mon,,false,,,,false,workday:Nike:/job/Hilversum-Netherlands/Principal--HRBP--Converse--EMEA_R-88324-1
Nike:/job/Karnataka-India/Principal--Human-Resource-Business-Partner---Global-Technology_R-88140,Nike,"Principal, Human Resource Business Partner - Global Technology","Karnataka, India",,https://nike.wd1.myworkdayjobs.com/en-US/nke/job/Karnataka-India/Principal--Human-Resource-Business-Partner---Global-Technology_R-88140,Posted Today,2026-07-20,2026-07-20T08:17:22+00:00,2026-07-20 01:17 Mon,,false,,,,false,workday:Nike:/job/Karnataka-India/Principal--Human-Resource-Business-Partner---Global-Technology_R-88140
Nike:/job/NIKE-INDIA-HQ/Principal--Manufacturing-Engineer--India_R-88647,Nike,"Principal, Manufacturing Engineer, India",NIKE INDIA HQ,,https://nike.wd1.myworkdayjobs.com/en-US/nke/job/NIKE-INDIA-HQ/Principal--Manufacturing-Engineer--India_R-88647,Posted 6 Days Ago,2026-07-17,2026-07-23T07:41:12+00:00,2026-07-23 00:41 Thu,,false,,,,false,workday:Nike:/job/NIKE-INDIA-HQ/Principal--Manufacturing-Engineer--India_R-88647
Nike:/job/Istanbul-Turkey/Principal--Manufacturing-Systems-Engineer-EMEA_R-87043,Nike,"Principal, Manufacturing Systems Engineer EMEA","Istanbul, Turkey",,https://nike.wd1.myworkdayjobs.com/en-US/nke/job/Istanbul-Turkey/Principal--Manufacturing-Systems-Engineer-EMEA_R-87043,Posted Today,2026-07-16,2026-07-16T13:10:36+00:00,2026-07-16 06:10 Thu,,false,,,,false,workday:Nike:/job/Istanbul-Turkey/Principal--Manufacturing-Systems-Engineer-EMEA_R-87043
Nike:/job/Beaverton-Oregon/Principal--NikeSKIMS-Product-Business-Integration_R-87520,Nike,"Principal, NikeSKIMS Product Business Integration","Beaverton, Oregon",,https://nike.wd1.myworkdayjobs.com/en-US/nke/job/Beaverton-Oregon/Principal--NikeSKIMS-Product-Business-Integration_R-87520,Posted 3 Days Ago,2026-07-09,2026-07-12T07:45:02+00:00,2026-07-12 00:45 Sun,,false,,,,false,workday:Nike:/job/Beaverton-Oregon/Principal--NikeSKIMS-Product-Business-Integration_R-87520
Nike:/job/Barcelona-Spain/Principal--Operations-Spain_R-91046,Nike,"Principal, Operations Spain","Barcelona, Spain",,https://nike.wd1.myworkdayjobs.com/en-US/nke/job/Barcelona-Spain/Principal--Operations-Spain_R-91046,Posted 2 Days Ago,2026-08-29,2026-08-29T11:59:25+00:00,2026-08-29 04:59 Sat,,false,,,,false,workday:Nike:/job/Barcelona-Spain/Principal--Operations-Spain_R-91046
Nike:/job/Beaverton-Oregon/Principal--Partner-Management-Manager_R-89570,Nike,"Principal, Partner Management Manager","Beaverton, Oregon",,https://nike.wd1.myworkdayjobs.com/en-US/nke/job/Beaverton-Oregon/Principal--Partner-Management-Manager_R-89570,Posted Today,2026-08-07,2026-08-07T20:15:53+00:00,2026-08-07 13:15 Fri,,false,,,,false,workday:Nike:/job/Beaverton-Oregon/Principal--Partner-Management-Manager_R-89570
Nike:/job/Beaverton-Oregon/Principal--Pre-Order--Fulfillment---Service_R-86132-1,Nike,"Principal, Pre-Order, Fulfillment & Service","Beaverton, Oregon",,https://nike.wd1.myworkdayjobs.com/en-US/nke/job/Beaverton-Oregon/Principal--Pre-Order--Fulfillment---Service_R-86132-1,Posted 30+ Days Ago,2026-07-19,2026-08-18T12:10:51+00:00,2026-08-18 05:10 Tue,,false,,,,false,workday:Nike:/job/Beaverton-Oregon/Principal--Pre-Order--Fulfillment---Service_R-86132-1
Nike:/job/Beaverton-Oregon/Principal--Software-Engineer_R-87367-1,Nike,"Principal, Software Engineer","Beaverton, Oregon",,https://nike.wd1.myworkdayjobs.com/en-US/nke/job/Beaverton-Oregon/Principal--Software-Engineer_R-87367-1,Posted Yesterday,2026-09-03,2026-07-12T07:45:02+00:00,2026-07-12 00:45 Sun,,false,,,,false,workday:Nike:/job/Beaverton-Oregon/Principal--Software-Engineer_R-87367-1
Nike:/job/Karnataka-India/Principal--Software-Engineering--ITC_R-69679,Nike,"Principal, Software Engineering, ITC","Karnataka, India",,https://nike.wd1.myworkdayjobs.com/en-US/nke/job/Karnataka-India/Principal--Software-Engineering--ITC_R-69679,Posted Today,2026-08-28,2026-07-12T07:45:02+00:00,2026-07-12 00:45 Sun,,false,,,,false,workday:Nike:/job/Karnataka-India/Principal--Software-Engineering--ITC_R-69679
Nike:/job/Karnataka-India/Principal--Software-Engineering--ITC_R-86309,Nike,"Principal, Software Engineering, ITC","Karnataka, India",,https://nike.wd1.myworkdayjobs.com/en-US/nke/job/Karnataka-India/Principal--Software-Engineering--ITC_R-86309,Posted 30+ Days Ago,2026-07-19,2026-08-18T12:10:51+00:00,2026-08-18 05:10 Tue,,false,,,,false,workday:Nike:/job/Karnataka-India/Principal--Software-Engineering--ITC_R-86309
Nike:/job/Hilversum-Netherlands/Principal--Sports-Marketing--Global-Football--UEFA-Partnerships_R-88655,Nike,"Principal, Sports Marketing, Global Football, League Partnerships","Hilversum, Netherlands",,https://nike.wd1.myworkdayjobs.com/en-US/nke/job/Hilversum-Netherlands/Principal--Sports-Marketing--Global-Football--UEFA-Partnerships_R-88655,Posted 4 Days Ago,2026-07-24,2026-07-28T12:17:44+00:00,2026-07-28 05:17 Tue,,false,,,,false,workday:Nike:/job/Hilversum-Netherlands/Principal--Sports-Marketing--Global-Football--UEFA-Partnerships_R-88655
Nike:/job/Beaverton-Oregon/Principal--Sports-Marketing--Team-Athlete-Men-s-Basketball_R-89619,Nike,"Principal, Sports Marketing, Team/Athlete Men's Basketball","Beaverton, Oregon",,https://nike.wd1.myworkdayjobs.com/en-US/nke/job/Beaverton-Oregon/Principal--Sports-Marketing--Team-Athlete-Men-s-Basketball_R-89619,Posted Today,2026-08-12,2026-08-12T00:41:43+00:00,2026-08-11 17:41 Tue,,false,,,,false,workday:Nike:/job/Beaverton-Oregon/Principal--Sports-Marketing--Team-Athlete-Men-s-Basketball_R-89619
Nike:/job/Shanghai-China-Mainland/Principal--Store-Connection--Product--NSO_R-81906,Nike,"Principal, Store Connection, Product, NSO","Shanghai, China Mainland",,https://nike.wd1.myworkdayjobs.com/en-US/nke/job/Shanghai-China-Mainland/Principal--Store-Connection--Product--NSO_R-81906,Posted 30+ Days Ago,2026-07-19,2026-08-18T12:10:51+00:00,2026-08-18 05:10 Tue,,false,,,,false,workday:Nike:/job/Shanghai-China-Mainland/Principal--Store-Connection--Product--NSO_R-81906
Nike:/job/Shanghai-China-Mainland/Principal--Store-Connection--Product--NVS_R-81908,Nike,"Principal, Store Connection, Product, NVS","Shanghai, China Mainland",,https://nike.wd1.myworkdayjobs.com/en-US/nke/job/Shanghai-China-Mainland/Principal--Store-Connection--Product--NVS_R-81908,Posted 30+ Days Ago,2026-07-19,2026-08-18T12:10:51+00:00,2026-08-18 05:10 Tue,,false,,,,false,workday:Nike:/job/Shanghai-China-Mainland/Principal--Store-Connection--Product--NVS_R-81908
Nike:/job/Shanghai-China-Mainland/Principal--Store-Development---Operations--NSO_R-81907-1,Nike,"Principal, Store Development & Operations, NSO","Shanghai, China Mainland",,https://nike.wd1.myworkdayjobs.com/en-US/nke/job/Shanghai-China-Mainland/Principal--Store-Development---Operations--NSO_R-81907-1,Posted 30+ Days Ago,2026-07-19,2026-08-18T12:10:51+00:00,2026-08-18 05:10 Tue,,false,,,,false,workday:Nike:/job/Shanghai-China-Mainland/Principal--Store-Development---Operations--NSO_R-81907-1
Nike:/job/Beaverton-Oregon/Principal--Tax-External-Reporting_R-84098,Nike,"Principal, Tax External Reporting","Beaverton, Oregon",,https://nike.wd1.myworkdayjobs.com/en-US/nke/job/Beaverton-Oregon/Principal--Tax-External-Reporting_R-84098,Posted 2 Days Ago,2026-09-02,2026-08-18T12:10:51+00:00,2026-08-18 05:10 Tue,,false,,,,false,workday:Nike:/job/Beaverton-Oregon/Principal--Tax-External-Reporting_R-84098
Nike:/job/Shanghai-China-Mainland/PRINCIPAL--TENNIS-BRAND-IMPACT-SMD_R-86527,Nike,"PRINCIPAL, TENNIS/BRAND IMPACT SMD","Shanghai, China Mainland",,https://nike.wd1.myworkdayjobs.com/en-US/nke/job/Shanghai-China-Mainland/PRINCIPAL--TENNIS-BRAND-IMPACT-SMD_R-86527,Posted 30+ Days Ago,2026-07-19,2026-08-18T12:10:51+00:00,2026-08-18 05:10 Tue,,false,,,,false,workday:Nike:/job/Shanghai-China-Mainland/PRINCIPAL--TENNIS-BRAND-IMPACT-SMD_R-86527
Nike:/job/Berlin-Germany/Principal--Territory-Business-Integration-Germany--m-f-d-_R-89382,Nike,"Principal, Territory Business Integration Germany (m/f/d)","Berlin, Germany",,https://nike.wd1.myworkdayjobs.com/en-US/nke/job/Berlin-Germany/Principal--Territory-Business-Integration-Germany--m-f-d-_R-89382,Posted Today,2026-08-21,2026-08-20T13:10:56+00:00,2026-08-20 06:10 Thu,,false,,,,false,workday:Nike:/job/Berlin-Germany/Principal--Territory-Business-Integration-Germany--m-f-d-_R-89382
Nike:/job/London-United-Kingdom/Principal--Territory-Business-Integration-UK_R-89381,Nike,"Principal, Territory Business Integration UK","London, United Kingdom",,https://nike.wd1.myworkdayjobs.com/en-US/nke/job/London-United-Kingdom/Principal--Territory-Business-Integration-UK_R-89381,Posted Today,2026-08-21,2026-08-20T13:18:58+00:00,2026-08-20 06:18 Thu,,false,,,,false,workday:Nike:/job/London-United-Kingdom/Principal--Territory-Business-Integration-UK_R-89381
Nike:/job/Shanghai-China-Mainland/PRINCIPAL--TRAINING-SMD_R-87012,Nike,"PRINCIPAL, TRAINING SMD","Shanghai, China Mainland",,https://nike.wd1.myworkdayjobs.com/en-US/nke/job/Shanghai-China-Mainland/PRINCIPAL--TRAINING-SMD_R-87012,Posted 30+ Days Ago,2026-07-19,2026-08-18T12:10:51+00:00,2026-08-18 05:10 Tue,,false,,,,false,workday:Nike:/job/Shanghai-China-Mainland/PRINCIPAL--TRAINING-SMD_R-87012
Nike:/job/Beaverton-Oregon/Principal--Women-s-Basketball-Sports-Marketing-Field-Rep_R-88686,Nike,"Principal, Women’s Basketball Sports Marketing Field Rep","Beaverton, Oregon",,https://nike.wd1.myworkdayjobs.com/en-US/nke/job/Beaverton-Oregon/Principal--Women-s-Basketball-Sports-Marketing-Field-Rep_R-88686,Posted 7 Days Ago,2026-07-20,2026-07-27T23:48:20+00:00,2026-07-27 16:48 Mon,,false,,,,false,workday:Nike:/job/Beaverton-Oregon/Principal--Women-s-Basketball-Sports-Marketing-Field-Rep_R-88686
Nike:/job/Beaverton-Oregon/Principle--Merchandising-Jordan-Streetwear-Footwear_R-85841,Nike,"Principle, Merchandising Jordan Streetwear Footwear","Beaverton, Oregon",,https://nike.wd1.myworkdayjobs.com/en-US/nke/job/Beaverton-Oregon/Principle--Merchandising-Jordan-Streetwear-Footwear_R-85841,Posted 30+ Days Ago,2026-07-19,2026-08-18T12:10:51+00:00,2026-08-18 05:10 Tue,,false,,,,false,workday:Nike:/job/Beaverton-Oregon/Principle--Merchandising-Jordan-Streetwear-Footwear_R-85841
Nike:/job/Beaverton-Oregon/Product-Developer-II---Kids-Footwear_R-90953,Nike,Product Developer II - Kids Footwear,"Beaverton, Oregon",,https://nike.wd1.myworkdayjobs.com/en-US/nke/job/Beaverton-Oregon/Product-Developer-II---Kids-Footwear_R-90953,Posted 2 Days Ago,2026-08-28,2026-08-28T04:17:34+00:00,2026-08-27 21:17 Thu,Computer Vision,true,Keyword,46,keyword-only heuristic,false,workday:Nike:/job/Beaverton-Oregon/Product-Developer-II---Kids-Footwear_R-90953
Nike:/job/Hilversum-Netherlands/Product-Information-Analyst-II---Local-Creation--EMEA_R-86951,Nike,"Product Information Analyst II – Local Creation, EMEA","Hilversum, Netherlands",,https://nike.wd1.myworkdayjobs.com/en-US/nke/job/Hilversum-Netherlands/Product-Information-Analyst-II---Local-Creation--EMEA_R-86951,Posted 3 Days Ago,2026-07-09,2026-07-12T07:45:02+00:00,2026-07-12 00:45 Sun,,false,,,,false,workday:Nike:/job/Hilversum-Netherlands/Product-Information-Analyst-II---Local-Creation--EMEA_R-86951
Nike:/job/Beaverton-Oregon/Product-Line-Manager-II--Global-Accessories_R-88014,Nike,"Product Line Manager II, Global Accessories","Beaverton, Oregon",,https://nike.wd1.myworkdayjobs.com/en-US/nke/job/Beaverton-Oregon/Product-Line-Manager-II--Global-Accessories_R-88014,Posted Today,2026-07-16,2026-07-16T22:38:12+00:00,2026-07-16 15:38 Thu,,false,,,,false,workday:Nike:/job/Beaverton-Oregon/Product-Line-Manager-II--Global-Accessories_R-88014
Nike:/job/Dallas-Texas/Product-Test-Analyst-II---Running-Golf-Footwear_R-90585-1,Nike,Product Test Analyst II - Running/Golf Footwear,"Dallas, Texas",,https://nike.wd1.myworkdayjobs.com/en-US/nke/job/Dallas-Texas/Product-Test-Analyst-II---Running-Golf-Footwear_R-90585-1,Posted 3 Days Ago,2026-08-29,2026-08-28T16:18:10+00:00,2026-08-28 09:18 Fri,,false,,,,false,workday:Nike:/job/Dallas-Texas/Product-Test-Analyst-II---Running-Golf-Footwear_R-90585-1
Nike:/job/Dallas-Texas/Product-Test-Analyst-II---Tennis-Footwear_R-86988,Nike,Product Test Analyst II - Tennis Footwear,"Dallas, Texas",,https://nike.wd1.myworkdayjobs.com/en-US/nke/job/Dallas-Texas/Product-Test-Analyst-II---Tennis-Footwear_R-86988,Posted 3 Days Ago,2026-07-09,2026-07-12T07:45:02+00:00,2026-07-12 00:45 Sun,,false,,,,false,workday:Nike:/job/Dallas-Texas/Product-Test-Analyst-II---Tennis-Footwear_R-86988
Nike:/job/Hilversum-Netherlands/Assistant-Production-Artist--Apparel--Local-Creation-EMEA_R-87148,Nike,"Production Artist, Apparel, Local Creation EMEA","Hilversum, Netherlands",,https://nike.wd1.myworkdayjobs.com/en-US/nke/job/Hilversum-Netherlands/Assistant-Production-Artist--Apparel--Local-Creation-EMEA_R-87148,Posted 4 Days Ago,2026-07-08,2026-07-12T07:45:02+00:00,2026-07-12 00:45 Sun,,false,,,,false,workday:Nike:/job/Hilversum-Netherlands/Assistant-Production-Artist--Apparel--Local-Creation-EMEA_R-87148
Nike:/job/Seoul-Korea/Professional-II--Brand-Marketing---Converse_R-89334,Nike,"Professional II, Brand Marketing - Converse","Seoul, Korea",,https://nike.wd1.myworkdayjobs.com/en-US/nke/job/Seoul-Korea/Professional-II--Brand-Marketing---Converse_R-89334,Posted Today,2026-08-07,2026-08-07T00:35:02+00:00,2026-08-06 17:35 Thu,,false,,,,false,workday:Nike:/job/Seoul-Korea/Professional-II--Brand-Marketing---Converse_R-89334
Nike:/job/Beaverton-Oregon/Professional--Sports-Marketing--Account-Specialist--Jordan_R-88630,Nike,"Professional, Sports Marketing, Account Specialist, Jordan","Beaverton, Oregon",,https://nike.wd1.myworkdayjobs.com/en-US/nke/job/Beaverton-Oregon/Professional--Sports-Marketing--Account-Specialist--Jordan_R-88630,Posted Today,2026-08-03,2026-08-03T21:17:44+00:00,2026-08-03 14:17 Mon,,false,,,,false,workday:Nike:/job/Beaverton-Oregon/Professional--Sports-Marketing--Account-Specialist--Jordan_R-88630
Nike:/job/Ontario-Canada/R-66206-Retail-Associate--PT---Niagara-On-The-Lake_R-90044,Nike,"R-66206 Retail Associate, PT - Niagara On The Lake","Ontario, Canada",,https://nike.wd1.myworkdayjobs.com/en-US/nke/job/Ontario-Canada/R-66206-Retail-Associate--PT---Niagara-On-The-Lake_R-90044,Posted Today,2026-08-14,2026-08-14T18:17:50+00:00,2026-08-14 11:17 Fri,,false,,,,false,workday:Nike:/job/Ontario-Canada/R-66206-Retail-Associate--PT---Niagara-On-The-Lake_R-90044
Nike:/job/Mendrisio-Switzerland/Retail-Supervisor--COACH----40h---NFS-Mendrisio_R-87141,Nike,Responsabile di reparto (COACH) - 40h - NFS Mendrisio,"Mendrisio, Switzerland",,https://nike.wd1.myworkdayjobs.com/en-US/nke/job/Mendrisio-Switzerland/Retail-Supervisor--COACH----40h---NFS-Mendrisio_R-87141,Posted 2 Days Ago,2026-07-10,2026-07-12T07:45:02+00:00,2026-07-12 00:45 Sun,,false,,,,false,workday:Nike:/job/Mendrisio-Switzerland/Retail-Supervisor--COACH----40h---NFS-Mendrisio_R-87141
Nike:/job/Castel-Romano-Italy/Responsabile-Vendite---Categoria-Protetta-21H---Castel-Romano_R-91041,Nike,Responsabile Vendite - Categoria Protetta 21H - Castel Romano,"Castel Romano, Italy",,https://nike.wd1.myworkdayjobs.com/en-US/nke/job/Castel-Romano-Italy/Responsabile-Vendite---Categoria-Protetta-21H---Castel-Romano_R-91041,Posted Today,2026-09-01,2026-08-31T08:17:40+00:00,2026-08-31 01:17 Mon,,false,,,,false,workday:Nike:/job/Castel-Romano-Italy/Responsabile-Vendite---Categoria-Protetta-21H---Castel-Romano_R-91041
Nike:/job/Foiano-della-Chiana-Italy/Responsabile-Vendite---Contratto-a-Chiamata---Valdichiana-Outlet-Village_R-83902,Nike,Responsabile Vendite - Contratto a Chiamata - Valdichiana Outlet Village,"Foiano della Chiana, Italy",,https://nike.wd1.myworkdayjobs.com/en-US/nke/job/Foiano-della-Chiana-Italy/Responsabile-Vendite---Contratto-a-Chiamata---Valdichiana-Outlet-Village_R-83902,Posted Today,2026-08-03,2026-08-03T08:56:36+00:00,2026-08-03 01:56 Mon,,false,,,,false,workday:Nike:/job/Foiano-della-Chiana-Italy/Responsabile-Vendite---Contratto-a-Chiamata---Valdichiana-Outlet-Village_R-83902
Nike:/job/Florence-Italy/Responsabile-Vendite---Job-On-Call---Florence-The-Mall-Leccio-Reggello--FI-_R-87486,Nike,Responsabile Vendite - Job On Call - Florence The Mall/Leccio Reggello (FI),"Florence, Italy",,https://nike.wd1.myworkdayjobs.com/en-US/nke/job/Florence-Italy/Responsabile-Vendite---Job-On-Call---Florence-The-Mall-Leccio-Reggello--FI-_R-87486,Posted 4 Days Ago,2026-07-08,2026-07-12T07:45:02+00:00,2026-07-12 00:45 Sun,,false,,,,false,workday:Nike:/job/Florence-Italy/Responsabile-Vendite---Job-On-Call---Florence-The-Mall-Leccio-Reggello--FI-_R-87486
Nike:/job/NFS-ROMA-da-VINCI/Responsabile-Vendite---JOC---Nike-Fiumicino_R-84579,Nike,Responsabile Vendite - JOC - Nike Fiumicino,NFS ROMA da VINCI,,https://nike.wd1.myworkdayjobs.com/en-US/nke/job/NFS-ROMA-da-VINCI/Responsabile-Vendite---JOC---Nike-Fiumicino_R-84579,Posted 30+ Days Ago,2026-07-19,2026-08-18T12:10:51+00:00,2026-08-18 05:10 Tue,,false,,,,false,workday:Nike:/job/NFS-ROMA-da-VINCI/Responsabile-Vendite---JOC---Nike-Fiumicino_R-84579
Nike:/job/NFS-VALMONTONE/Responsabile-Vendite---JOC---Valmontone-Outlet_R-84865,Nike,Responsabile Vendite - JOC - Valmontone Outlet,NFS VALMONTONE,,https://nike.wd1.myworkdayjobs.com/en-US/nke/job/NFS-VALMONTONE/Responsabile-Vendite---JOC---Valmontone-Outlet_R-84865,Posted Today,2026-09-04,2026-09-03T11:17:16+00:00,2026-09-03 04:17 Thu,,false,,,,false,workday:Nike:/job/NFS-VALMONTONE/Responsabile-Vendite---JOC---Valmontone-Outlet_R-84865
Nike:/job/Castel-Guelfo-Italy/Responsabile-vendite---Athlete-NIKE-Castel-Guelfo--BO----Job-On-Call_R-82025,Nike,Responsabile vendite / Athlete NIKE Castel Guelfo (BO) - Job On Call,"Castel Guelfo, Italy",,https://nike.wd1.myworkdayjobs.com/en-US/nke/job/Castel-Guelfo-Italy/Responsabile-vendite---Athlete-NIKE-Castel-Guelfo--BO----Job-On-Call_R-82025,Posted 30+ Days Ago,2026-07-19,2026-08-18T12:10:51+00:00,2026-08-18 05:10 Tue,,false,,,,false,workday:Nike:/job/Castel-Guelfo-Italy/Responsabile-vendite---Athlete-NIKE-Castel-Guelfo--BO----Job-On-Call_R-82025
Nike:/job/Milano-Italy/Responsabile-vendite---Athlete-NIKE-Milano-Scalo---Part-Time-20h_R-84088,Nike,Responsabile vendite / Athlete NIKE Milano Scalo - Part Time 20h,"Milano, Italy",,https://nike.wd1.myworkdayjobs.com/en-US/nke/job/Milano-Italy/Responsabile-vendite---Athlete-NIKE-Milano-Scalo---Part-Time-20h_R-84088,Posted 5 Days Ago,2026-07-07,2026-07-12T07:45:02+00:00,2026-07-12 00:45 Sun,,false,,,,false,workday:Nike:/job/Milano-Italy/Responsabile-vendite---Athlete-NIKE-Milano-Scalo---Part-Time-20h_R-84088
Nike:/job/Florence-Italy/Responsabile-Vendite-PT-21h---Categoria-Protetta-L68-99---Nike-Leccio-Outlet---Reggello--Firenze-_R-89812,Nike,Responsabile Vendite PT 21h - Categoria Protetta L.68/99 - Nike Leccio Outlet - Reggello (Firenze),"Florence, Italy",,https://nike.wd1.myworkdayjobs.com/en-US/nke/job/Florence-Italy/Responsabile-Vendite-PT-21h---Categoria-Protetta-L68-99---Nike-Leccio-Outlet---Reggello--Firenze-_R-89812,Posted Today,2026-08-11,2026-08-11T13:41:52+00:00,2026-08-11 06:41 Tue,,false,,,,false,workday:Nike:/job/Florence-Italy/Responsabile-Vendite-PT-21h---Categoria-Protetta-L68-99---Nike-Leccio-Outlet---Reggello--Firenze-_R-89812
Nike:/job/Brescia-Italy/Responsabile-vendite-Athlete-NIKE-Factory-Store-Brescia---Job-On-Call_R-85757,Nike,Responsabile vendite/Athlete NIKE Factory Store Brescia - Job On Call,"Brescia, Italy",,https://nike.wd1.myworkdayjobs.com/en-US/nke/job/Brescia-Italy/Responsabile-vendite-Athlete-NIKE-Factory-Store-Brescia---Job-On-Call_R-85757,Posted Today,2026-07-15,2026-07-15T08:59:02+00:00,2026-07-15 01:59 Wed,,false,,,,false,workday:Nike:/job/Brescia-Italy/Responsabile-vendite-Athlete-NIKE-Factory-Store-Brescia---Job-On-Call_R-85757
Nike:/job/La-Reggia-Italy/Responsabile-vendite-Athlete-NIKE-Factory-Store-La-Reggia---20H_R-84570,Nike,Responsabile vendite/Athlete NIKE Factory Store La Reggia - 20H,"La Reggia, Italy",,https://nike.wd1.myworkdayjobs.com/en-US/nke/job/La-Reggia-Italy/Responsabile-vendite-Athlete-NIKE-Factory-Store-La-Reggia---20H_R-84570,Posted Today,2026-07-14,2026-07-14T08:16:59+00:00,2026-07-14 01:16 Tue,,false,,,,false,workday:Nike:/job/La-Reggia-Italy/Responsabile-vendite-Athlete-NIKE-Factory-Store-La-Reggia---20H_R-84570
Nike:/job/La-Reggia-Italy/Responsabile-vendite-Athlete-NIKE-Factory-Store-La-Reggia---Job-On-Call-_R-90122,Nike,Responsabile vendite/Athlete NIKE Factory Store La Reggia - Job On Call ,"La Reggia, Italy",,https://nike.wd1.myworkdayjobs.com/en-US/nke/job/La-Reggia-Italy/Responsabile-vendite-Athlete-NIKE-Factory-Store-La-Reggia---Job-On-Call-_R-90122,Posted Yesterday,2026-08-19,2026-08-18T08:17:30+00:00,2026-08-18 01:17 Tue,,false,,,,false,workday:Nike:/job/La-Reggia-Italy/Responsabile-vendite-Athlete-NIKE-Factory-Store-La-Reggia---Job-On-Call-_R-90122
Nike:/job/NFS-IT-TORINO/Responsabile-vendite-Athlete-NIKE-Factory-Store-Settimo-Torinese---20H-_R-86407,Nike,Responsabile vendite/Athlete NIKE Factory Store Settimo Torinese - 20H ,NFS IT TORINO,,https://nike.wd1.myworkdayjobs.com/en-US/nke/job/NFS-IT-TORINO/Responsabile-vendite-Athlete-NIKE-Factory-Store-Settimo-Torinese---20H-_R-86407,Posted 30+ Days Ago,2026-07-19,2026-08-18T12:10:51+00:00,2026-08-18 05:10 Tue,,false,,,,false,workday:Nike:/job/NFS-IT-TORINO/Responsabile-vendite-Athlete-NIKE-Factory-Store-Settimo-Torinese---20H-_R-86407
Nike:/job/Vicolungo-Italy/Responsabile-vendite-Athlete-NIKE-Factory-Store-Vicolungo---PT20h-_R-89371,Nike,Responsabile vendite/Athlete NIKE Factory Store Vicolungo - PT20h ,"Vicolungo, Italy",,https://nike.wd1.myworkdayjobs.com/en-US/nke/job/Vicolungo-Italy/Responsabile-vendite-Athlete-NIKE-Factory-Store-Vicolungo---PT20h-_R-89371,Posted Today,2026-08-05,2026-08-05T08:17:17+00:00,2026-08-05 01:17 Wed,,false,,,,false,workday:Nike:/job/Vicolungo-Italy/Responsabile-vendite-Athlete-NIKE-Factory-Store-Vicolungo---PT20h-_R-89371
Nike:/job/Milano-Italy/Responsabile-vendite-Athlete-NIKE-Milano-Scalo---Job-On-Call_R-84089,Nike,Responsabile vendite/Athlete NIKE Milano Scalo - Job On Call,"Milano, Italy",,https://nike.wd1.myworkdayjobs.com/en-US/nke/job/Milano-Italy/Responsabile-vendite-Athlete-NIKE-Milano-Scalo---Job-On-Call_R-84089,Posted 30+ Days Ago,2026-07-19,2026-08-18T12:10:51+00:00,2026-08-18 05:10 Tue,,false,,,,false,workday:Nike:/job/Milano-Italy/Responsabile-vendite-Athlete-NIKE-Milano-Scalo---Job-On-Call_R-84089
Nike:/job/NFS-MILANO-SCALO/Responsabile-vendite-Athlete-Nike-Milano-Scalo---Job-On-Call_R-90800-1,Nike,Responsabile vendite/Athlete Nike Milano Scalo - Job On Call,NFS MILANO SCALO,,https://nike.wd1.myworkdayjobs.com/en-US/nke/job/NFS-MILANO-SCALO/Responsabile-vendite-Athlete-Nike-Milano-Scalo---Job-On-Call_R-90800-1,Posted Today,2026-09-02,2026-09-01T10:18:11+00:00,2026-09-01 03:18 Tue,,false,,,,false,workday:Nike:/job/NFS-MILANO-SCALO/Responsabile-vendite-Athlete-Nike-Milano-Scalo---Job-On-Call_R-90800-1
Nike:/job/Barberino-di-Mugello-Italy/Responsabile-vendite-Athlete-NIKE-Store-Barberino---Job-On-Call_R-84136,Nike,Responsabile vendite/Athlete NIKE Store Barberino - Job On Call,"Barberino di Mugello, Italy",,https://nike.wd1.myworkdayjobs.com/en-US/nke/job/Barberino-di-Mugello-Italy/Responsabile-vendite-Athlete-NIKE-Store-Barberino---Job-On-Call_R-84136,Posted 30+ Days Ago,2026-07-19,2026-08-18T12:10:51+00:00,2026-08-18 05:10 Tue,,false,,,,false,workday:Nike:/job/Barberino-di-Mugello-Italy/Responsabile-vendite-Athlete-NIKE-Store-Barberino---Job-On-Call_R-84136
Nike:/job/Barberino-di-Mugello-Italy/Responsabile-vendite-Athlete-NIKE-Store-Barberino---PT20h_R-85415,Nike,Responsabile vendite/Athlete NIKE Store Barberino - PT20h,"Barberino di Mugello, Italy",,https://nike.wd1.myworkdayjobs.com/en-US/nke/job/Barberino-di-Mugello-Italy/Responsabile-vendite-Athlete-NIKE-Store-Barberino---PT20h_R-85415,Posted 30+ Days Ago,2026-07-19,2026-08-18T12:10:51+00:00,2026-08-18 05:10 Tue,,false,,,,false,workday:Nike:/job/Barberino-di-Mugello-Italy/Responsabile-vendite-Athlete-NIKE-Store-Barberino---PT20h_R-85415
Nike:/job/NFS-Roma-Outlet/Responsabile-vendite-Athlete-20H---NEW-OPENING-Nike-Roma-Outlet_R-89808,Nike,Responsabile vendite/Athlete 20H - NEW OPENING Nike Roma Outlet,NFS Roma Outlet,,https://nike.wd1.myworkdayjobs.com/en-US/nke/job/NFS-Roma-Outlet/Responsabile-vendite-Athlete-20H---NEW-OPENING-Nike-Roma-Outlet_R-89808,Posted Today,2026-08-12,2026-08-12T06:59:27+00:00,2026-08-11 23:59 Tue,,false,,,,false,workday:Nike:/job/NFS-Roma-Outlet/Responsabile-vendite-Athlete-20H---NEW-OPENING-Nike-Roma-Outlet_R-89808
Nike:/job/Salerno-Italy/Responsabile-vendite-Athlete-20H-NIKE--Clearance-Store-Salerno--_R-89900,Nike,Responsabile vendite/Athlete 20H NIKE  Clearance Store Salerno  ,"Salerno, Italy",,https://nike.wd1.myworkdayjobs.com/en-US/nke/job/Salerno-Italy/Responsabile-vendite-Athlete-20H-NIKE--Clearance-Store-Salerno--_R-89900,Posted Today,2026-08-12,2026-08-12T14:48:50+00:00,2026-08-12 07:48 Wed,,false,,,,false,workday:Nike:/job/Salerno-Italy/Responsabile-vendite-Athlete-20H-NIKE--Clearance-Store-Salerno--_R-89900
Nike:/job/Catania-Italy/Responsabile-vendite-Athlete-NIKE-Clearance-Store-Catania---Maternity-Cover-20H_R-89390-1,Nike,Responsabile vendite/Athlete NIKE Clearance Store Catania - Maternity Cover 20H,"Catania, Italy",,https://nike.wd1.myworkdayjobs.com/en-US/nke/job/Catania-Italy/Responsabile-vendite-Athlete-NIKE-Clearance-Store-Catania---Maternity-Cover-20H_R-89390-1,Posted Today,2026-08-05,2026-08-05T08:41:09+00:00,2026-08-05 01:41 Wed,,false,,,,false,workday:Nike:/job/Catania-Italy/Responsabile-vendite-Athlete-NIKE-Clearance-Store-Catania---Maternity-Cover-20H_R-89390-1
Nike:/job/Catania-Italy/Responsabile-vendite-Athlete-NIKE-Clearance-Store-Catania---Permanent-20H_R-89388,Nike,Responsabile vendite/Athlete NIKE Clearance Store Catania - Permanent 20H,"Catania, Italy",,https://nike.wd1.myworkdayjobs.com/en-US/nke/job/Catania-Italy/Responsabile-vendite-Athlete-NIKE-Clearance-Store-Catania---Permanent-20H_R-89388,Posted Today,2026-08-05,2026-08-05T08:59:24+00:00,2026-08-05 01:59 Wed,,false,,,,false,workday:Nike:/job/Catania-Italy/Responsabile-vendite-Athlete-NIKE-Clearance-Store-Catania---Permanent-20H_R-89388
Nike:/job/Salerno-Italy/Responsabile-vendite-Athlete-NIKE-Clearance-Store-Salerno---Job-On-Call_R-86322,Nike,Responsabile vendite/Athlete NIKE Clearance Store Salerno - Job On Call,"Salerno, Italy",,https://nike.wd1.myworkdayjobs.com/en-US/nke/job/Salerno-Italy/Responsabile-vendite-Athlete-NIKE-Clearance-Store-Salerno---Job-On-Call_R-86322,Posted 4 Days Ago,2026-07-08,2026-07-12T07:45:02+00:00,2026-07-12 00:45 Sun,,false,,,,false,workday:Nike:/job/Salerno-Italy/Responsabile-vendite-Athlete-NIKE-Clearance-Store-Salerno---Job-On-Call_R-86322
Nike:/job/NFS-SERRAVALLE/Retail-Associate-II_R-91049,Nike,Responsabile vendite/Athlete NIKE Factory Store - Job On Call,NFS SERRAVALLE,,https://nike.wd1.myworkdayjobs.com/en-US/nke/job/NFS-SERRAVALLE/Retail-Associate-II_R-91049,Posted Yesterday,2026-09-03,2026-09-01T08:41:50+00:00,2026-09-01 01:41 Tue,,false,,,,false,workday:Nike:/job/NFS-SERRAVALLE/Retail-Associate-II_R-91049
Nike:/job/Brescia-Italy/Responsabile-vendite-Athlete-NIKE-Factory-Store-Brescia---PT-20H_R-84188-1,Nike,Responsabile vendite/Athlete NIKE Factory Store Brescia - PT 20H,"Brescia, Italy",,https://nike.wd1.myworkdayjobs.com/en-US/nke/job/Brescia-Italy/Responsabile-vendite-Athlete-NIKE-Factory-Store-Brescia---PT-20H_R-84188-1,Posted 30+ Days Ago,2026-07-19,2026-08-18T12:10:51+00:00,2026-08-18 05:10 Tue,,false,,,,false,workday:Nike:/job/Brescia-Italy/Responsabile-vendite-Athlete-NIKE-Factory-Store-Brescia---PT-20H_R-84188-1
Nike:/job/Catania-Italy/Responsabile-vendite-Athlete-NIKE-Factory-Store-Catania---Job-On-Call_R-87805,Nike,Responsabile vendite/Athlete NIKE Factory Store Catania - Job On Call,"Catania, Italy",,https://nike.wd1.myworkdayjobs.com/en-US/nke/job/Catania-Italy/Responsabile-vendite-Athlete-NIKE-Factory-Store-Catania---Job-On-Call_R-87805,Posted Today,2026-07-14,2026-07-14T13:58:58+00:00,2026-07-14 06:58 Tue,,false,,,,false,workday:Nike:/job/Catania-Italy/Responsabile-vendite-Athlete-NIKE-Factory-Store-Catania---Job-On-Call_R-87805
Nike:/job/Catania-Italy/Responsabile-vendite-Athlete-NIKE-Factory-Store-Catania---PT20H-_R-87801,Nike,Responsabile vendite/Athlete NIKE Factory Store Catania - PT20H ,"Catania, Italy",,https://nike.wd1.myworkdayjobs.com/en-US/nke/job/Catania-Italy/Responsabile-vendite-Athlete-NIKE-Factory-Store-Catania---PT20H-_R-87801,Posted Today,2026-07-14,2026-07-14T13:58:58+00:00,2026-07-14 06:58 Tue,,false,,,,false,workday:Nike:/job/Catania-Italy/Responsabile-vendite-Athlete-NIKE-Factory-Store-Catania---PT20H-_R-87801
Nike:/job/La-Reggia-Italy/Responsabile-vendite-Athlete-NIKE-Factory-Store-La-Reggia---PT20H-_R-90480,Nike,Responsabile vendite/Athlete NIKE Factory Store La Reggia - PT20H ,"La Reggia, Italy",,https://nike.wd1.myworkdayjobs.com/en-US/nke/job/La-Reggia-Italy/Responsabile-vendite-Athlete-NIKE-Factory-Store-La-Reggia---PT20H-_R-90480,Posted Today,2026-09-02,2026-09-01T10:18:11+00:00,2026-09-01 03:18 Tue,,false,,,,false,workday:Nike:/job/La-Reggia-Italy/Responsabile-vendite-Athlete-NIKE-Factory-Store-La-Reggia---PT20H-_R-90480
Nike:/job/NFS-SERRAVALLE/Responsabile-vendite-Athlete-NIKE-Factory-Store-Serravalle---24-H_R-87514,Nike,Responsabile vendite/Athlete NIKE Factory Store Serravalle - 24 H,NFS SERRAVALLE,,https://nike.wd1.myworkdayjobs.com/en-US/nke/job/NFS-SERRAVALLE/Responsabile-vendite-Athlete-NIKE-Factory-Store-Serravalle---24-H_R-87514,Posted 3 Days Ago,2026-07-28,2026-07-31T08:41:21+00:00,2026-07-31 01:41 Fri,,false,,,,false,workday:Nike:/job/NFS-SERRAVALLE/Responsabile-vendite-Athlete-NIKE-Factory-Store-Serravalle---24-H_R-87514
Nike:/job/Sicilia-Italy/Responsabile-vendite-Athlete-NIKE-Factory-Store-Sicily--Enna-_R-87753,Nike,Responsabile vendite/Athlete NIKE Factory Store Sicily (Enna),"Sicilia, Italy",,https://nike.wd1.myworkdayjobs.com/en-US/nke/job/Sicilia-Italy/Responsabile-vendite-Athlete-NIKE-Factory-Store-Sicily--Enna-_R-87753,Posted Today,2026-07-14,2026-07-14T08:16:59+00:00,2026-07-14 01:16 Tue,,false,,,,false,workday:Nike:/job/Sicilia-Italy/Responsabile-vendite-Athlete-NIKE-Factory-Store-Sicily--Enna-_R-87753
Nike:/job/Vicolungo-Italy/Responsabile-vendite-Athlete-NIKE-Factory-Store-Vicolungo---Job-On-Call_R-89394,Nike,Responsabile vendite/Athlete NIKE Factory Store Vicolungo - Job On Call,"Vicolungo, Italy",,https://nike.wd1.myworkdayjobs.com/en-US/nke/job/Vicolungo-Italy/Responsabile-vendite-Athlete-NIKE-Factory-Store-Vicolungo---Job-On-Call_R-89394,Posted Today,2026-08-05,2026-08-05T09:17:21+00:00,2026-08-05 02:17 Wed,,false,,,,false,workday:Nike:/job/Vicolungo-Italy/Responsabile-vendite-Athlete-NIKE-Factory-Store-Vicolungo---Job-On-Call_R-89394
Nike:/job/NFS-IT-TORINO/Retail-Associate-II_R-89051,Nike,Responsabile vendite/Athlete NIKE NFS Torino - Job On Call,NFS IT TORINO,,https://nike.wd1.myworkdayjobs.com/en-US/nke/job/NFS-IT-TORINO/Retail-Associate-II_R-89051,Posted 5 Days Ago,2026-07-24,2026-07-29T15:06:08+00:00,2026-07-29 08:06 Wed,,false,,,,false,workday:Nike:/job/NFS-IT-TORINO/Retail-Associate-II_R-89051
Nike:/job/Braintree-United-Kingdom/Retail-Assistant--Athlete-----8HR-PT---FTC---Braintree_R-89828,Nike,Retail Assistant (Athlete) -  8HR PT - FTC - Braintree,"Braintree, United Kingdom",,https://nike.wd1.myworkdayjobs.com/en-US/nke/job/Braintree-United-Kingdom/Retail-Assistant--Athlete-----8HR-PT---FTC---Braintree_R-89828,Posted 2 Days Ago,2026-08-18,2026-08-11T13:18:00+00:00,2026-08-11 06:18 Tue,,false,,,,false,workday:Nike:/job/Braintree-United-Kingdom/Retail-Assistant--Athlete-----8HR-PT---FTC---Braintree_R-89828
Nike:/job/Dublin-Ireland/Retail-Assistant--Athlete----FT-40hrs---Blanchardstown_R-86484,Nike,Retail Assistant (Athlete) - FT 40hrs - Blanchardstown,"Dublin, Ireland",,https://nike.wd1.myworkdayjobs.com/en-US/nke/job/Dublin-Ireland/Retail-Assistant--Athlete----FT-40hrs---Blanchardstown_R-86484,Posted Today,2026-07-23,2026-07-23T11:42:05+00:00,2026-07-23 04:42 Thu,,false,,,,false,workday:Nike:/job/Dublin-Ireland/Retail-Assistant--Athlete----FT-40hrs---Blanchardstown_R-86484
Nike:/job/Kildare-Ireland/Retail-Assistant--Athlete----FT-40hrs---Kildare_R-90920,Nike,Retail Assistant (Athlete) - FT 40hrs - Kildare,"Kildare, Ireland",,https://nike.wd1.myworkdayjobs.com/en-US/nke/job/Kildare-Ireland/Retail-Assistant--Athlete----FT-40hrs---Kildare_R-90920,Posted Yesterday,2026-08-29,2026-08-28T05:59:31+00:00,2026-08-27 22:59 Thu,,false,,,,false,workday:Nike:/job/Kildare-Ireland/Retail-Assistant--Athlete----FT-40hrs---Kildare_R-90920
Nike:/job/Utrecht-Overvecht-Netherlands/Retail-Assistant--Athlete----FULL-TIME--NIKE-UTRECHT-OVERVECHT_R-89524,Nike,Retail Assistant (Athlete) - FULL TIME- NIKE UTRECHT OVERVECHT,"Utrecht Overvecht, Netherlands",,https://nike.wd1.myworkdayjobs.com/en-US/nke/job/Utrecht-Overvecht-Netherlands/Retail-Assistant--Athlete----FULL-TIME--NIKE-UTRECHT-OVERVECHT_R-89524,Posted Today,2026-08-06,2026-08-06T14:59:28+00:00,2026-08-06 07:59 Thu,,false,,,,false,workday:Nike:/job/Utrecht-Overvecht-Netherlands/Retail-Assistant--Athlete----FULL-TIME--NIKE-UTRECHT-OVERVECHT_R-89524
Nike:/job/Kings-Cross-United-Kingdom/Retail-Assistant--Athlete----Full-Time-40-hours---King-s-Cross_R-90194,Nike,Retail Assistant (Athlete) - Full-Time 40 hours - King's Cross,"Kings Cross, United Kingdom",,https://nike.wd1.myworkdayjobs.com/en-US/nke/job/Kings-Cross-United-Kingdom/Retail-Assistant--Athlete----Full-Time-40-hours---King-s-Cross_R-90194,Posted Yesterday,2026-08-19,2026-08-18T09:59:44+00:00,2026-08-18 02:59 Tue,,false,,,,false,workday:Nike:/job/Kings-Cross-United-Kingdom/Retail-Assistant--Athlete----Full-Time-40-hours---King-s-Cross_R-90194
Nike:/job/Gretna-Green-United-Kingdom/Retail-Assistant--Athlete----PT-14H---Gretna-Green_R-88666,Nike,Retail Assistant (Athlete) - PT 14H - Gretna Green,"Gretna Green, United Kingdom",,https://nike.wd1.myworkdayjobs.com/en-US/nke/job/Gretna-Green-United-Kingdom/Retail-Assistant--Athlete----PT-14H---Gretna-Green_R-88666,Posted Today,2026-07-27,2026-07-27T08:41:16+00:00,2026-07-27 01:41 Mon,,false,,,,false,workday:Nike:/job/Gretna-Green-United-Kingdom/Retail-Assistant--Athlete----PT-14H---Gretna-Green_R-88666
Nike:/job/Maasmechelen-Belgium/Retail-Assistant--Athlete----PT-16-HRS---NIKE-MAASMECHELEN_R-89604,Nike,Retail Assistant (Athlete) - PT 16 HRS - NIKE MAASMECHELEN,"Maasmechelen, Belgium",,https://nike.wd1.myworkdayjobs.com/en-US/nke/job/Maasmechelen-Belgium/Retail-Assistant--Athlete----PT-16-HRS---NIKE-MAASMECHELEN_R-89604,Posted Today,2026-08-07,2026-08-07T11:59:33+00:00,2026-08-07 04:59 Fri,,false,,,,false,workday:Nike:/job/Maasmechelen-Belgium/Retail-Assistant--Athlete----PT-16-HRS---NIKE-MAASMECHELEN_R-89604
Nike:/job/Amsterdam-Netherlands/Retail-Assistant--Athlete----PT-16-HRS---NIKE-SUGAR-CITY_R-86201,Nike,Retail Assistant (Athlete) - PT 16 HRS - NIKE SUGAR CITY,"Amsterdam, Netherlands",,https://nike.wd1.myworkdayjobs.com/en-US/nke/job/Amsterdam-Netherlands/Retail-Assistant--Athlete----PT-16-HRS---NIKE-SUGAR-CITY_R-86201,Posted Today,2026-07-15,2026-07-15T13:59:19+00:00,2026-07-15 06:59 Wed,,false,,,,false,workday:Nike:/job/Amsterdam-Netherlands/Retail-Assistant--Athlete----PT-16-HRS---NIKE-SUGAR-CITY_R-86201
Nike:/job/Amsterdam-Netherlands/Retail-Assistant--Athlete----PT-16-HRS---NIKE-SUGAR-CITY_R-88551,Nike,Retail Assistant (Athlete) - PT 16 HRS - NIKE SUGAR CITY,"Amsterdam, Netherlands",,https://nike.wd1.myworkdayjobs.com/en-US/nke/job/Amsterdam-Netherlands/Retail-Assistant--Athlete----PT-16-HRS---NIKE-SUGAR-CITY_R-88551,Posted Today,2026-07-22,2026-07-22T14:59:53+00:00,2026-07-22 07:59 Wed,,false,,,,false,workday:Nike:/job/Amsterdam-Netherlands/Retail-Assistant--Athlete----PT-16-HRS---NIKE-SUGAR-CITY_R-88551
Nike:/job/Utrecht-Overvecht-Netherlands/Retail-Assistant--Athlete----PT-16-HRS---NIKE-Utrecht-Overvecht_R-86473,Nike,Retail Assistant (Athlete) - PT 16 HRS - NIKE Utrecht Overvecht,"Utrecht Overvecht, Netherlands",,https://nike.wd1.myworkdayjobs.com/en-US/nke/job/Utrecht-Overvecht-Netherlands/Retail-Assistant--Athlete----PT-16-HRS---NIKE-Utrecht-Overvecht_R-86473,Posted Today,2026-07-13,2026-07-13T09:40:48+00:00,2026-07-13 02:40 Mon,,false,,,,false,workday:Nike:/job/Utrecht-Overvecht-Netherlands/Retail-Assistant--Athlete----PT-16-HRS---NIKE-Utrecht-Overvecht_R-86473
Nike:/job/Wembley-London/R-79256-Retail-Assistant--Athlete----PT-20H-FTC---Wembley_R-85758,Nike,Retail Assistant (Athlete) - PT 20H - FTC - Wembley,"Wembley, London",,https://nike.wd1.myworkdayjobs.com/en-US/nke/job/Wembley-London/R-79256-Retail-Assistant--Athlete----PT-20H-FTC---Wembley_R-85758,Posted Today,2026-08-11,2026-08-11T13:41:52+00:00,2026-08-11 06:41 Tue,,false,,,,false,workday:Nike:/job/Wembley-London/R-79256-Retail-Assistant--Athlete----PT-20H-FTC---Wembley_R-85758
Nike:/job/Gretna-Green-United-Kingdom/Retail-Assistant--Athlete----PT-20H---Gretna-Green_R-86106,Nike,Retail Assistant (Athlete) - PT 20H - Gretna Green,"Gretna Green, United Kingdom",,https://nike.wd1.myworkdayjobs.com/en-US/nke/job/Gretna-Green-United-Kingdom/Retail-Assistant--Athlete----PT-20H---Gretna-Green_R-86106,Posted 30+ Days Ago,2026-07-19,2026-08-18T12:10:51+00:00,2026-08-18 05:10 Tue,,false,,,,false,workday:Nike:/job/Gretna-Green-United-Kingdom/Retail-Assistant--Athlete----PT-20H---Gretna-Green_R-86106
Nike:/job/Antrim-United-Kingdom/Retail-Assistant--Athlete----PT-20H---Junction-One_R-88733,Nike,Retail Assistant (Athlete) - PT 20H - Junction One,"Antrim, United Kingdom",,https://nike.wd1.myworkdayjobs.com/en-US/nke/job/Antrim-United-Kingdom/Retail-Assistant--Athlete----PT-20H---Junction-One_R-88733,Posted 6 Days Ago,2026-07-22,2026-07-28T09:26:10+00:00,2026-07-28 02:26 Tue,,false,,,,false,workday:Nike:/job/Antrim-United-Kingdom/Retail-Assistant--Athlete----PT-20H---Junction-One_R-88733
Nike:/job/Kildare-Ireland/Retail-Assistant--Athlete----PT-20H---Kildare_R-88959,Nike,Retail Assistant (Athlete) - PT 20H - Kildare,"Kildare, Ireland",,https://nike.wd1.myworkdayjobs.com/en-US/nke/job/Kildare-Ireland/Retail-Assistant--Athlete----PT-20H---Kildare_R-88959,Posted Today,2026-09-04,2026-07-29T11:17:33+00:00,2026-07-29 04:17 Wed,,false,,,,false,workday:Nike:/job/Kildare-Ireland/Retail-Assistant--Athlete----PT-20H---Kildare_R-88959
Nike:/job/Maasmechelen-Belgium/Retail-Assistant--Athlete----PT-24-HRS---NIKE-MAASMECHELEN_R-89605,Nike,Retail Assistant (Athlete) - PT 24 HRS - NIKE MAASMECHELEN,"Maasmechelen, Belgium",,https://nike.wd1.myworkdayjobs.com/en-US/nke/job/Maasmechelen-Belgium/Retail-Assistant--Athlete----PT-24-HRS---NIKE-MAASMECHELEN_R-89605,Posted Today,2026-08-07,2026-08-07T12:17:31+00:00,2026-08-07 05:17 Fri,,false,,,,false,workday:Nike:/job/Maasmechelen-Belgium/Retail-Assistant--Athlete----PT-24-HRS---NIKE-MAASMECHELEN_R-89605
Nike:/job/Roermond-Netherlands/Retail-Assistant--Athlete----PT-24-HRS---NIKE-ROERMOND_R-89979,Nike,Retail Assistant (Athlete) - PT 24 HRS - NIKE ROERMOND,"Roermond, Netherlands",,https://nike.wd1.myworkdayjobs.com/en-US/nke/job/Roermond-Netherlands/Retail-Assistant--Athlete----PT-24-HRS---NIKE-ROERMOND_R-89979,Posted Today,2026-08-14,2026-08-14T09:59:36+00:00,2026-08-14 02:59 Fri,,false,,,,false,workday:Nike:/job/Roermond-Netherlands/Retail-Assistant--Athlete----PT-24-HRS---NIKE-ROERMOND_R-89979
Nike:/job/Antwerpen-Belgium/Retail-Assistant--Athlete----PT-24-HRS---NIKE-SCHELLE--Antwerp-_R-83999,Nike,Retail Assistant (Athlete) - PT 24 HRS - NIKE SCHELLE (Antwerp),"Antwerpen, Belgium",,https://nike.wd1.myworkdayjobs.com/en-US/nke/job/Antwerpen-Belgium/Retail-Assistant--Athlete----PT-24-HRS---NIKE-SCHELLE--Antwerp-_R-83999,Posted Today,2026-07-13,2026-07-13T08:58:43+00:00,2026-07-13 01:58 Mon,,false,,,,false,workday:Nike:/job/Antwerpen-Belgium/Retail-Assistant--Athlete----PT-24-HRS---NIKE-SCHELLE--Antwerp-_R-83999
Nike:/job/Amsterdam-Netherlands/Retail-Assistant--Athlete----PT-24-HRS---NIKE-SUGAR-CITY_R-90923,Nike,Retail Assistant (Athlete) - PT 24 HRS - NIKE SUGAR CITY,"Amsterdam, Netherlands",,https://nike.wd1.myworkdayjobs.com/en-US/nke/job/Amsterdam-Netherlands/Retail-Assistant--Athlete----PT-24-HRS---NIKE-SUGAR-CITY_R-90923,Posted Yesterday,2026-08-28,2026-08-27T16:00:01+00:00,2026-08-27 09:00 Thu,,false,,,,false,workday:Nike:/job/Amsterdam-Netherlands/Retail-Assistant--Athlete----PT-24-HRS---NIKE-SUGAR-CITY_R-90923
Nike:/job/Mansfield-United-Kingdom/Retail-Assistant--Athlete----PT-24H---Mansfield_R-86013,Nike,Retail Assistant (Athlete) - PT 24H - Mansfield,"Mansfield, United Kingdom",,https://nike.wd1.myworkdayjobs.com/en-US/nke/job/Mansfield-United-Kingdom/Retail-Assistant--Athlete----PT-24H---Mansfield_R-86013,Posted 6 Days Ago,2026-07-06,2026-07-12T07:45:02+00:00,2026-07-12 00:45 Sun,,false,,,,false,workday:Nike:/job/Mansfield-United-Kingdom/Retail-Assistant--Athlete----PT-24H---Mansfield_R-86013
Nike:/job/Mansfield-United-Kingdom/Retail-Assistant--Athlete----PT-24H---Mansfield_R-90470,Nike,Retail Assistant (Athlete) - PT 24H - Mansfield,"Mansfield, United Kingdom",,https://nike.wd1.myworkdayjobs.com/en-US/nke/job/Mansfield-United-Kingdom/Retail-Assistant--Athlete----PT-24H---Mansfield_R-90470,Posted Today,2026-08-25,2026-08-25T08:41:34+00:00,2026-08-25 01:41 Tue,,false,,,,false,workday:Nike:/job/Mansfield-United-Kingdom/Retail-Assistant--Athlete----PT-24H---Mansfield_R-90470
Nike:/job/Copenhagen-Denmark/Retail-Assistant--Athlete----PT-8-HRS---NIKE-DISA_R-89170,Nike,Retail Assistant (Athlete) - PT 8 HRS - NIKE DISA,"Copenhagen, Denmark",,https://nike.wd1.myworkdayjobs.com/en-US/nke/job/Copenhagen-Denmark/Retail-Assistant--Athlete----PT-8-HRS---NIKE-DISA_R-89170,Posted Today,2026-08-04,2026-08-04T09:29:20+00:00,2026-08-04 02:29 Tue,,false,,,,false,workday:Nike:/job/Copenhagen-Denmark/Retail-Assistant--Athlete----PT-8-HRS---NIKE-DISA_R-89170
Nike:/job/Copenhagen-Denmark/Retail-Assistant--Athlete----PT-8-HRS---NIKE-DISA_R-90778,Nike,Retail Assistant (Athlete) - PT 8 HRS - NIKE DISA,"Copenhagen, Denmark",,https://nike.wd1.myworkdayjobs.com/en-US/nke/job/Copenhagen-Denmark/Retail-Assistant--Athlete----PT-8-HRS---NIKE-DISA_R-90778,Posted Yesterday,2026-08-28,2026-08-27T15:18:17+00:00,2026-08-27 08:18 Thu,,false,,,,false,workday:Nike:/job/Copenhagen-Denmark/Retail-Assistant--Athlete----PT-8-HRS---NIKE-DISA_R-90778
Nike:/job/Roosendaal-Netherlands/Retail-Assistant--Athlete----PT-8-HRS---NIKE-ROOSENDAAL_R-85263,Nike,Retail Assistant (Athlete) - PT 8 HRS - NIKE ROOSENDAAL,"Roosendaal, Netherlands",,https://nike.wd1.myworkdayjobs.com/en-US/nke/job/Roosendaal-Netherlands/Retail-Assistant--Athlete----PT-8-HRS---NIKE-ROOSENDAAL_R-85263,Posted 6 Days Ago,2026-07-22,2026-07-28T09:59:18+00:00,2026-07-28 02:59 Tue,,false,,,,false,workday:Nike:/job/Roosendaal-Netherlands/Retail-Assistant--Athlete----PT-8-HRS---NIKE-ROOSENDAAL_R-85263
Nike:/job/Dublin-Ireland/Retail-Assistant--Athlete----PT-8H---Blanchardstown_R-87807,Nike,Retail Assistant (Athlete) - PT 8H - Blanchardstown,"Dublin, Ireland",,https://nike.wd1.myworkdayjobs.com/en-US/nke/job/Dublin-Ireland/Retail-Assistant--Athlete----PT-8H---Blanchardstown_R-87807,Posted Today,2026-07-13,2026-07-13T16:41:06+00:00,2026-07-13 09:41 Mon,,false,,,,false,workday:Nike:/job/Dublin-Ireland/Retail-Assistant--Athlete----PT-8H---Blanchardstown_R-87807
Nike:/job/Castleford-United-Kingdom/Retail-Assistant--Athlete----PT-8H---Castleford_R-86550,Nike,Retail Assistant (Athlete) - PT 8H - Castleford,"Castleford, United Kingdom",,https://nike.wd1.myworkdayjobs.com/en-US/nke/job/Castleford-United-Kingdom/Retail-Assistant--Athlete----PT-8H---Castleford_R-86550,Posted Today,2026-07-16,2026-07-16T13:10:36+00:00,2026-07-16 06:10 Thu,,false,,,,false,workday:Nike:/job/Castleford-United-Kingdom/Retail-Assistant--Athlete----PT-8H---Castleford_R-86550
Nike:/job/Braintree-United-Kingdom/Retail-Assistant--Athlete----PT-8H---FTC---Braintree_R-88173,Nike,Retail Assistant (Athlete) - PT 8H - FTC - Braintree,"Braintree, United Kingdom",,https://nike.wd1.myworkdayjobs.com/en-US/nke/job/Braintree-United-Kingdom/Retail-Assistant--Athlete----PT-8H---FTC---Braintree_R-88173,Posted Today,2026-07-17,2026-07-17T15:59:22+00:00,2026-07-17 08:59 Fri,,false,,,,false,workday:Nike:/job/Braintree-United-Kingdom/Retail-Assistant--Athlete----PT-8H---FTC---Braintree_R-88173
Nike:/job/Gretna-Green-United-Kingdom/Retail-Assistant--Athlete----PT-8H---Gretna-Green_R-88665,Nike,Retail Assistant (Athlete) - PT 8H - Gretna Green,"Gretna Green, United Kingdom",,https://nike.wd1.myworkdayjobs.com/en-US/nke/job/Gretna-Green-United-Kingdom/Retail-Assistant--Athlete----PT-8H---Gretna-Green_R-88665,Posted Today,2026-07-27,2026-07-27T09:17:14+00:00,2026-07-27 02:17 Mon,,false,,,,false,workday:Nike:/job/Gretna-Green-United-Kingdom/Retail-Assistant--Athlete----PT-8H---Gretna-Green_R-88665
Nike:/job/Kildare-Ireland/Retail-Assistant--Athlete----PT-8H---Kildare_R-88961,Nike,Retail Assistant (Athlete) - PT 8H - Kildare,"Kildare, Ireland",,https://nike.wd1.myworkdayjobs.com/en-US/nke/job/Kildare-Ireland/Retail-Assistant--Athlete----PT-8H---Kildare_R-88961,Posted Today,2026-09-04,2026-07-29T11:17:33+00:00,2026-07-29 04:17 Wed,,false,,,,false,workday:Nike:/job/Kildare-Ireland/Retail-Assistant--Athlete----PT-8H---Kildare_R-88961
Nike:/job/Muiden-Netherlands/Retail-Assistant--Athlete----PT-8HRS---NIKE-MUIDEN_R-88850,Nike,Retail Assistant (Athlete) - PT 8HRS - NIKE MUIDEN,"Muiden, Netherlands",,https://nike.wd1.myworkdayjobs.com/en-US/nke/job/Muiden-Netherlands/Retail-Assistant--Athlete----PT-8HRS---NIKE-MUIDEN_R-88850,Posted Today,2026-09-04,2026-07-28T09:17:17+00:00,2026-07-28 02:17 Tue,,false,,,,false,workday:Nike:/job/Muiden-Netherlands/Retail-Assistant--Athlete----PT-8HRS---NIKE-MUIDEN_R-88850
Nike:/job/Amsterdam-Netherlands/Retail-Assistant--Athlete----PT-FLEX-HRS---NIKE-AMSTERDAM-OSDORP_R-88344,Nike,Retail Assistant (Athlete) - PT FLEX HRS - NIKE AMSTERDAM OSDORP,"Amsterdam, Netherlands",,https://nike.wd1.myworkdayjobs.com/en-US/nke/job/Amsterdam-Netherlands/Retail-Assistant--Athlete----PT-FLEX-HRS---NIKE-AMSTERDAM-OSDORP_R-88344,Posted Today,2026-07-21,2026-07-21T12:59:40+00:00,2026-07-21 05:59 Tue,,false,,,,false,workday:Nike:/job/Amsterdam-Netherlands/Retail-Assistant--Athlete----PT-FLEX-HRS---NIKE-AMSTERDAM-OSDORP_R-88344
Nike:/job/Amsterdam-Netherlands/Retail-Assistant--Athlete----PT-FLEX-HRS---NIKE-AMSTERDAM-OSDORP_R-90523-1,Nike,Retail Assistant (Athlete) - PT FLEX HRS - NIKE AMSTERDAM OSDORP,"Amsterdam, Netherlands",,https://nike.wd1.myworkdayjobs.com/en-US/nke/job/Amsterdam-Netherlands/Retail-Assistant--Athlete----PT-FLEX-HRS---NIKE-AMSTERDAM-OSDORP_R-90523-1,Posted Today,2026-08-25,2026-08-24T11:48:27+00:00,2026-08-24 04:48 Mon,,false,,,,false,workday:Nike:/job/Amsterdam-Netherlands/Retail-Assistant--Athlete----PT-FLEX-HRS---NIKE-AMSTERDAM-OSDORP_R-90523-1
Nike:/job/Utrecht-Overvecht-Netherlands/Retail-Assistant--Athlete----PT-8-HRS---NIKE-Utrecht-Overvecht_R-87415-1,Nike,Retail Assistant (Athlete) - PT FLEX HRS - NIKE Utrecht Overvecht,"Utrecht Overvecht, Netherlands",,https://nike.wd1.myworkdayjobs.com/en-US/nke/job/Utrecht-Overvecht-Netherlands/Retail-Assistant--Athlete----PT-8-HRS---NIKE-Utrecht-Overvecht_R-87415-1,Posted 6 Days Ago,2026-07-07,2026-07-13T09:40:48+00:00,2026-07-13 02:40 Mon,,false,,,,false,workday:Nike:/job/Utrecht-Overvecht-Netherlands/Retail-Assistant--Athlete----PT-8-HRS---NIKE-Utrecht-Overvecht_R-87415-1
Nike:/job/Cheshire-Oaks-Ellesmere-Port-United-Kingdom/Retail-Assistant--Athlete----TEMP---PT---Cheshire-Oaks_R-87891,Nike,Retail Assistant (Athlete) - TEMP - PT - Cheshire Oaks,"Cheshire Oaks, Ellesmere Port, United Kingdom",,https://nike.wd1.myworkdayjobs.com/en-US/nke/job/Cheshire-Oaks-Ellesmere-Port-United-Kingdom/Retail-Assistant--Athlete----TEMP---PT---Cheshire-Oaks_R-87891,Posted Today,2026-07-14,2026-07-14T14:17:06+00:00,2026-07-14 07:17 Tue,,false,,,,false,workday:Nike:/job/Cheshire-Oaks-Ellesmere-Port-United-Kingdom/Retail-Assistant--Athlete----TEMP---PT---Cheshire-Oaks_R-87891
Nike:/job/Ashford-United-Kingdom/Retail-Assistant--Athlete----Temp---PT-12H---Ashford_R-88185,Nike,Retail Assistant (Athlete) - Temp - PT 12H - Ashford,"Ashford, United Kingdom",,https://nike.wd1.myworkdayjobs.com/en-US/nke/job/Ashford-United-Kingdom/Retail-Assistant--Athlete----Temp---PT-12H---Ashford_R-88185,Posted Today,2026-07-21,2026-07-21T14:24:19+00:00,2026-07-21 07:24 Tue,,false,,,,false,workday:Nike:/job/Ashford-United-Kingdom/Retail-Assistant--Athlete----Temp---PT-12H---Ashford_R-88185
Nike:/job/Cheshire-Oaks-Ellesmere-Port-United-Kingdom/Retail-Assistant--Athlete----TEMP---PT-14H---Cheshire-Oaks_R-87892,Nike,Retail Assistant (Athlete) - TEMP - PT 14H - Cheshire Oaks,"Cheshire Oaks, Ellesmere Port, United Kingdom",,https://nike.wd1.myworkdayjobs.com/en-US/nke/job/Cheshire-Oaks-Ellesmere-Port-United-Kingdom/Retail-Assistant--Athlete----TEMP---PT-14H---Cheshire-Oaks_R-87892,Posted Today,2026-08-12,2026-08-12T10:41:34+00:00,2026-08-12 03:41 Wed,,false,,,,false,workday:Nike:/job/Cheshire-Oaks-Ellesmere-Port-United-Kingdom/Retail-Assistant--Athlete----TEMP---PT-14H---Cheshire-Oaks_R-87892
Nike:/job/Banbridge-The-Boulevard-Retail-Park-United-Kingdom/Retail-Assistant--Athlete----TEMP---PT-20H---Bridgewater_R-89372,Nike,Retail Assistant (Athlete) - TEMP - PT 20H - Bridgewater,"Banbridge, The Boulevard Retail Park, United Kingdom",,https://nike.wd1.myworkdayjobs.com/en-US/nke/job/Banbridge-The-Boulevard-Retail-Park-United-Kingdom/Retail-Assistant--Athlete----TEMP---PT-20H---Bridgewater_R-89372,Posted Today,2026-08-04,2026-08-04T14:17:39+00:00,2026-08-04 07:17 Tue,,false,,,,false,workday:Nike:/job/Banbridge-The-Boulevard-Retail-Park-United-Kingdom/Retail-Assistant--Athlete----TEMP---PT-20H---Bridgewater_R-89372
Nike:/job/NFS-BIRMINGHAM-OUTLET/Retail-Assistant--Athlete----Temp---PT-8H---Birmingham-Outlet-Resorts-World_R-88156,Nike,Retail Assistant (Athlete) - Temp - PT 8H - Birmingham Outlet Resorts World,NFS BIRMINGHAM OUTLET,,https://nike.wd1.myworkdayjobs.com/en-US/nke/job/NFS-BIRMINGHAM-OUTLET/Retail-Assistant--Athlete----Temp---PT-8H---Birmingham-Outlet-Resorts-World_R-88156,Posted Today,2026-07-22,2026-07-22T13:41:40+00:00,2026-07-22 06:41 Wed,,false,,,,false,workday:Nike:/job/NFS-BIRMINGHAM-OUTLET/Retail-Assistant--Athlete----Temp---PT-8H---Birmingham-Outlet-Resorts-World_R-88156
Nike:/job/Banbridge-The-Boulevard-Retail-Park-United-Kingdom/Retail-Assistant--Athlete----TEMP---PT-8H---Bridgewater_R-89373,Nike,Retail Assistant (Athlete) - TEMP - PT 8H - Bridgewater,"Banbridge, The Boulevard Retail Park, United Kingdom",,https://nike.wd1.myworkdayjobs.com/en-US/nke/job/Banbridge-The-Boulevard-Retail-Park-United-Kingdom/Retail-Assistant--Athlete----TEMP---PT-8H---Bridgewater_R-89373,Posted Today,2026-08-04,2026-08-04T14:17:39+00:00,2026-08-04 07:17 Tue,,false,,,,false,workday:Nike:/job/Banbridge-The-Boulevard-Retail-Park-United-Kingdom/Retail-Assistant--Athlete----TEMP---PT-8H---Bridgewater_R-89373
Nike:/job/Portsmouth-United-Kingdom/Retail-Assistant--Athlete----Temp---PT-8H---Portsmouth_R-88164,Nike,Retail Assistant (Athlete) - Temp - PT 8H - Portsmouth,"Portsmouth, United Kingdom",,https://nike.wd1.myworkdayjobs.com/en-US/nke/job/Portsmouth-United-Kingdom/Retail-Assistant--Athlete----Temp---PT-8H---Portsmouth_R-88164,Posted Today,2026-07-17,2026-07-17T11:59:24+00:00,2026-07-17 04:59 Fri,,false,,,,false,workday:Nike:/job/Portsmouth-United-Kingdom/Retail-Assistant--Athlete----Temp---PT-8H---Portsmouth_R-88164
Nike:/job/Portsmouth-United-Kingdom/Retail-Assistant--Athlete----Temp---PT-8H---Portsmouth_R-90218-1,Nike,Retail Assistant (Athlete) - Temp - PT 8H - Portsmouth,"Portsmouth, United Kingdom",,https://nike.wd1.myworkdayjobs.com/en-US/nke/job/Portsmouth-United-Kingdom/Retail-Assistant--Athlete----Temp---PT-8H---Portsmouth_R-90218-1,Posted Yesterday,2026-08-19,2026-08-18T14:31:10+00:00,2026-08-18 07:31 Tue,,false,,,,false,workday:Nike:/job/Portsmouth-United-Kingdom/Retail-Assistant--Athlete----Temp---PT-8H---Portsmouth_R-90218-1
Nike:/job/Swindon-United-Kingdom/Retail-Assistant--Athlete----Temp---PT-8hrs---Swindon_R-90783,Nike,Retail Assistant (Athlete) - Temp – PT 8hrs – Swindon,"Swindon, United Kingdom",,https://nike.wd1.myworkdayjobs.com/en-US/nke/job/Swindon-United-Kingdom/Retail-Assistant--Athlete----Temp---PT-8hrs---Swindon_R-90783,Posted 3 Days Ago,2026-08-29,2026-08-28T12:17:31+00:00,2026-08-28 05:17 Fri,,false,,,,false,workday:Nike:/job/Swindon-United-Kingdom/Retail-Assistant--Athlete----Temp---PT-8hrs---Swindon_R-90783
Nike:/job/NFS-LIEGE/Retail-Assistant--Athlete---PT-24-HRS---NIKE-LIEGE_R-89637,Nike,Retail Assistant (Athlete) -PT 24 HRS - NIKE LIEGE,NFS LIEGE,,https://nike.wd1.myworkdayjobs.com/en-US/nke/job/NFS-LIEGE/Retail-Assistant--Athlete---PT-24-HRS---NIKE-LIEGE_R-89637,Posted Today,2026-08-11,2026-08-11T11:17:56+00:00,2026-08-11 04:17 Tue,,false,,,,false,workday:Nike:/job/NFS-LIEGE/Retail-Assistant--Athlete---PT-24-HRS---NIKE-LIEGE_R-89637
Nike:/job/Battersea-United-Kingdom/Retail-Assistant--Athlete--16hrs---Battersea_R-86869,Nike,Retail Assistant (Athlete) 16hrs - Battersea,"Battersea, United Kingdom",,https://nike.wd1.myworkdayjobs.com/en-US/nke/job/Battersea-United-Kingdom/Retail-Assistant--Athlete--16hrs---Battersea_R-86869,Posted Today,2026-07-18,2026-07-18T17:59:07+00:00,2026-07-18 10:59 Sat,,false,,,,false,workday:Nike:/job/Battersea-United-Kingdom/Retail-Assistant--Athlete--16hrs---Battersea_R-86869
Nike:/job/Battersea-United-Kingdom/Retail-Assistant--Athlete--20hrs---Battersea_R-88157,Nike,Retail Assistant (Athlete) 20hrs - Battersea,"Battersea, United Kingdom",,https://nike.wd1.myworkdayjobs.com/en-US/nke/job/Battersea-United-Kingdom/Retail-Assistant--Athlete--20hrs---Battersea_R-88157,Posted Today,2026-07-18,2026-07-18T17:59:07+00:00,2026-07-18 10:59 Sat,,false,,,,false,workday:Nike:/job/Battersea-United-Kingdom/Retail-Assistant--Athlete--20hrs---Battersea_R-88157
Nike:/job/Kingston-Kingston-Upon-Thames-United-Kingdom/Retail-Assistant--Athlete--30hrs---Kingston_R-91289,Nike,Retail Assistant (Athlete) 30hrs - Kingston,"Kingston, Kingston Upon Thames, United Kingdom",,https://nike.wd1.myworkdayjobs.com/en-US/nke/job/Kingston-Kingston-Upon-Thames-United-Kingdom/Retail-Assistant--Athlete--30hrs---Kingston_R-91289,Posted Yesterday,2026-09-03,2026-09-02T09:41:49+00:00,2026-09-02 02:41 Wed,,false,,,,false,workday:Nike:/job/Kingston-Kingston-Upon-Thames-United-Kingdom/Retail-Assistant--Athlete--30hrs---Kingston_R-91289
Nike:/job/Oxford-Street-London/Retail-Assistant--Athlete--Temp-20H-Nike-Oxford-Circus_R-90206-1,Nike,Retail Assistant (Athlete) OPERATIONS 20H Nike Oxford Circus,"Oxford Street, London",,https://nike.wd1.myworkdayjobs.com/en-US/nke/job/Oxford-Street-London/Retail-Assistant--Athlete--Temp-20H-Nike-Oxford-Circus_R-90206-1,Posted Yesterday,2026-08-25,2026-08-18T13:11:57+00:00,2026-08-18 06:11 Tue,,false,,,,false,workday:Nike:/job/Oxford-Street-London/Retail-Assistant--Athlete--Temp-20H-Nike-Oxford-Circus_R-90206-1
Nike:/job/Oxford-Street-London/Retail-Assistant--Athlete--Temp-40H-FTC-Nike-Oxford-Circus_R-90208,Nike,Retail Assistant (Athlete) OPERATIONS 40H Nike Oxford Circus,"Oxford Street, London",,https://nike.wd1.myworkdayjobs.com/en-US/nke/job/Oxford-Street-London/Retail-Assistant--Athlete--Temp-40H-FTC-Nike-Oxford-Circus_R-90208,Posted Yesterday,2026-08-25,2026-08-18T13:30:15+00:00,2026-08-18 06:30 Tue,,false,,,,false,workday:Nike:/job/Oxford-Street-London/Retail-Assistant--Athlete--Temp-40H-FTC-Nike-Oxford-Circus_R-90208
Nike:/job/Mansfield-United-Kingdom/Retail-Assistant--Athlete--PT-14H---Mansfield_R-90654,Nike,Retail Assistant (Athlete) PT 14H - Mansfield,"Mansfield, United Kingdom",,https://nike.wd1.myworkdayjobs.com/en-US/nke/job/Mansfield-United-Kingdom/Retail-Assistant--Athlete--PT-14H---Mansfield_R-90654,Posted Today,2026-08-28,2026-08-25T08:41:34+00:00,2026-08-25 01:41 Tue,,false,,,,false,workday:Nike:/job/Mansfield-United-Kingdom/Retail-Assistant--Athlete--PT-14H---Mansfield_R-90654
Nike:/job/Bicester-United-Kingdom/Retail-Assistant--Athlete--PT-20H---Bicester_R-88929,Nike,Retail Assistant (Athlete) PT 20H - Bicester,"Bicester, United Kingdom",,https://nike.wd1.myworkdayjobs.com/en-US/nke/job/Bicester-United-Kingdom/Retail-Assistant--Athlete--PT-20H---Bicester_R-88929,Posted 6 Days Ago,2026-07-22,2026-07-28T08:59:15+00:00,2026-07-28 01:59 Tue,,false,,,,false,workday:Nike:/job/Bicester-United-Kingdom/Retail-Assistant--Athlete--PT-20H---Bicester_R-88929
Nike:/job/Birmingham-United-Kingdom/Retail-Assistant--Athlete--PT-20H---Birmingham-Rise_R-88714-1,Nike,Retail Assistant (Athlete) PT 20H - Birmingham Rise,"Birmingham, United Kingdom",,https://nike.wd1.myworkdayjobs.com/en-US/nke/job/Birmingham-United-Kingdom/Retail-Assistant--Athlete--PT-20H---Birmingham-Rise_R-88714-1,Posted Today,2026-07-24,2026-07-24T14:41:30+00:00,2026-07-24 07:41 Fri,,false,,,,false,workday:Nike:/job/Birmingham-United-Kingdom/Retail-Assistant--Athlete--PT-20H---Birmingham-Rise_R-88714-1
Nike:/job/Loanhead-United-Kingdom/Retail-Assistant--Athlete--PT-20H---Edinburgh-Loanhead_R-90697,Nike,Retail Assistant (Athlete) PT 20H - Edinburgh Loanhead,"Loanhead, United Kingdom",,https://nike.wd1.myworkdayjobs.com/en-US/nke/job/Loanhead-United-Kingdom/Retail-Assistant--Athlete--PT-20H---Edinburgh-Loanhead_R-90697,Posted Today,2026-09-04,2026-08-31T14:42:08+00:00,2026-08-31 07:42 Mon,,false,,,,false,workday:Nike:/job/Loanhead-United-Kingdom/Retail-Assistant--Athlete--PT-20H---Edinburgh-Loanhead_R-90697
Nike:/job/Livingston-United-Kingdom/Retail-Assistant--Athlete--PT-20H---Livingston_R-87985,Nike,Retail Assistant (Athlete) PT 20H - Livingston,"Livingston, United Kingdom",,https://nike.wd1.myworkdayjobs.com/en-US/nke/job/Livingston-United-Kingdom/Retail-Assistant--Athlete--PT-20H---Livingston_R-87985,Posted Today,2026-07-16,2026-07-16T12:41:19+00:00,2026-07-16 05:41 Thu,,false,,,,false,workday:Nike:/job/Livingston-United-Kingdom/Retail-Assistant--Athlete--PT-20H---Livingston_R-87985
Nike:/job/Stockton-United-Kingdom/Retail-Assistant--Athlete--PT-20H---Teesside_R-90525,Nike,Retail Assistant (Athlete) PT 20H - Teesside,"Stockton, United Kingdom",,https://nike.wd1.myworkdayjobs.com/en-US/nke/job/Stockton-United-Kingdom/Retail-Assistant--Athlete--PT-20H---Teesside_R-90525,Posted Today,2026-08-27,2026-08-26T08:05:48+00:00,2026-08-26 01:05 Wed,,false,,,,false,workday:Nike:/job/Stockton-United-Kingdom/Retail-Assistant--Athlete--PT-20H---Teesside_R-90525
Nike:/job/Tillicoultry-Clackmannanshire/Retail-Assistant--Athlete--PT-20H---Tillicoultry_R-89242-1,Nike,Retail Assistant (Athlete) PT 20H - Tillicoultry,"Tillicoultry, Clackmannanshire",,https://nike.wd1.myworkdayjobs.com/en-US/nke/job/Tillicoultry-Clackmannanshire/Retail-Assistant--Athlete--PT-20H---Tillicoultry_R-89242-1,Posted Today,2026-08-04,2026-08-04T06:23:22+00:00,2026-08-03 23:23 Mon,,false,,,,false,workday:Nike:/job/Tillicoultry-Clackmannanshire/Retail-Assistant--Athlete--PT-20H---Tillicoultry_R-89242-1
Nike:/job/Tillicoultry-Clackmannanshire/Retail-Assistant--Athlete--PT-20H---Tillicoultry_R-90762,Nike,Retail Assistant (Athlete) PT 20H - Tillicoultry,"Tillicoultry, Clackmannanshire",,https://nike.wd1.myworkdayjobs.com/en-US/nke/job/Tillicoultry-Clackmannanshire/Retail-Assistant--Athlete--PT-20H---Tillicoultry_R-90762,Posted Today,2026-08-27,2026-08-26T08:59:32+00:00,2026-08-26 01:59 Wed,,false,,,,false,workday:Nike:/job/Tillicoultry-Clackmannanshire/Retail-Assistant--Athlete--PT-20H---Tillicoultry_R-90762
Nike:/job/Livingston-United-Kingdom/Retail-Assistant--Athlete--PT-30H---Livingston_R-87983,Nike,Retail Assistant (Athlete) PT 30H - Livingston,"Livingston, United Kingdom",,https://nike.wd1.myworkdayjobs.com/en-US/nke/job/Livingston-United-Kingdom/Retail-Assistant--Athlete--PT-30H---Livingston_R-87983,Posted Today,2026-07-16,2026-07-16T12:41:19+00:00,2026-07-16 05:41 Thu,,false,,,,false,workday:Nike:/job/Livingston-United-Kingdom/Retail-Assistant--Athlete--PT-30H---Livingston_R-87983
Nike:/job/Loanhead-United-Kingdom/Retail-Assistant--Athlete--PT-35H---Loanhead_R-86335,Nike,Retail Assistant (Athlete) PT 35H - Loanhead,"Loanhead, United Kingdom",,https://nike.wd1.myworkdayjobs.com/en-US/nke/job/Loanhead-United-Kingdom/Retail-Assistant--Athlete--PT-35H---Loanhead_R-86335,Posted 30+ Days Ago,2026-07-19,2026-08-18T12:10:51+00:00,2026-08-18 05:10 Tue,,false,,,,false,workday:Nike:/job/Loanhead-United-Kingdom/Retail-Assistant--Athlete--PT-35H---Loanhead_R-86335
Nike:/job/Bicester-United-Kingdom/Retail-Assistant--Athlete--PT-8H---Bicester_R-88931,Nike,Retail Assistant (Athlete) PT 8H - Bicester,"Bicester, United Kingdom",,https://nike.wd1.myworkdayjobs.com/en-US/nke/job/Bicester-United-Kingdom/Retail-Assistant--Athlete--PT-8H---Bicester_R-88931,Posted 6 Days Ago,2026-07-22,2026-07-28T08:59:15+00:00,2026-07-28 01:59 Tue,,false,,,,false,workday:Nike:/job/Bicester-United-Kingdom/Retail-Assistant--Athlete--PT-8H---Bicester_R-88931
Nike:/job/Birmingham-United-Kingdom/Retail-Assistant--Athlete--PT-8H---Birmingham-Rise_R-88715,Nike,Retail Assistant (Athlete) PT 8H - Birmingham Rise,"Birmingham, United Kingdom",,https://nike.wd1.myworkdayjobs.com/en-US/nke/job/Birmingham-United-Kingdom/Retail-Assistant--Athlete--PT-8H---Birmingham-Rise_R-88715,Posted Today,2026-07-24,2026-07-24T14:41:30+00:00,2026-07-24 07:41 Fri,,false,,,,false,workday:Nike:/job/Birmingham-United-Kingdom/Retail-Assistant--Athlete--PT-8H---Birmingham-Rise_R-88715
Nike:/job/Glasgow-Bishopbriggs-Lanarkshire/Retail-Assistant--Athlete--PT-8H---Bishopbriggs_R-90942,Nike,Retail Assistant (Athlete) PT 8H - Bishopbriggs,"Glasgow, Bishopbriggs, Lanarkshire",,https://nike.wd1.myworkdayjobs.com/en-US/nke/job/Glasgow-Bishopbriggs-Lanarkshire/Retail-Assistant--Athlete--PT-8H---Bishopbriggs_R-90942,Posted 3 Days Ago,2026-08-29,2026-08-28T10:59:33+00:00,2026-08-28 03:59 Fri,,false,,,,false,workday:Nike:/job/Glasgow-Bishopbriggs-Lanarkshire/Retail-Assistant--Athlete--PT-8H---Bishopbriggs_R-90942
Nike:/job/Loanhead-United-Kingdom/Retail-Assistant--Athlete--PT-8H---Edinburgh-Loanhead_R-90124-1,Nike,Retail Assistant (Athlete) PT 8H - Edinburgh Loanhead,"Loanhead, United Kingdom",,https://nike.wd1.myworkdayjobs.com/en-US/nke/job/Loanhead-United-Kingdom/Retail-Assistant--Athlete--PT-8H---Edinburgh-Loanhead_R-90124-1,Posted Yesterday,2026-08-25,2026-08-24T13:21:47+00:00,2026-08-24 06:21 Mon,,false,,,,false,workday:Nike:/job/Loanhead-United-Kingdom/Retail-Assistant--Athlete--PT-8H---Edinburgh-Loanhead_R-90124-1
Nike:/job/Glasgow-United-Kingdom/Retail-Assistant--Athlete--PT-8H---Glasgow_R-86733,Nike,Retail Assistant (Athlete) PT 8H - Glasgow,"Glasgow, United Kingdom",,https://nike.wd1.myworkdayjobs.com/en-US/nke/job/Glasgow-United-Kingdom/Retail-Assistant--Athlete--PT-8H---Glasgow_R-86733,Posted Today,2026-07-31,2026-07-31T08:17:08+00:00,2026-07-31 01:17 Fri,,false,,,,false,workday:Nike:/job/Glasgow-United-Kingdom/Retail-Assistant--Athlete--PT-8H---Glasgow_R-86733
Nike:/job/Leeds-United-Kingdom/Retail-Assistant--Athlete--PT-8H---Leeds-City-Centre_R-89802,Nike,Retail Assistant (Athlete) PT 8H - Leeds City Centre,"Leeds, United Kingdom",,https://nike.wd1.myworkdayjobs.com/en-US/nke/job/Leeds-United-Kingdom/Retail-Assistant--Athlete--PT-8H---Leeds-City-Centre_R-89802,Posted Today,2026-08-11,2026-08-11T08:17:33+00:00,2026-08-11 01:17 Tue,,false,,,,false,workday:Nike:/job/Leeds-United-Kingdom/Retail-Assistant--Athlete--PT-8H---Leeds-City-Centre_R-89802
Nike:/job/Stockton-United-Kingdom/Retail-Assistant--Athlete--PT-8H---Teesside_R-90766,Nike,Retail Assistant (Athlete) PT 8H - Teesside,"Stockton, United Kingdom",,https://nike.wd1.myworkdayjobs.com/en-US/nke/job/Stockton-United-Kingdom/Retail-Assistant--Athlete--PT-8H---Teesside_R-90766,Posted Today,2026-08-27,2026-08-26T08:17:36+00:00,2026-08-26 01:17 Wed,,false,,,,false,workday:Nike:/job/Stockton-United-Kingdom/Retail-Assistant--Athlete--PT-8H---Teesside_R-90766
Nike:/job/Tillicoultry-Clackmannanshire/Retail-Assistant--Athlete--PT-8H---Tillicoultry_R-87886,Nike,Retail Assistant (Athlete) PT 8H - Tillicoultry,"Tillicoultry, Clackmannanshire",,https://nike.wd1.myworkdayjobs.com/en-US/nke/job/Tillicoultry-Clackmannanshire/Retail-Assistant--Athlete--PT-8H---Tillicoultry_R-87886,Posted Today,2026-07-22,2026-07-22T13:17:24+00:00,2026-07-22 06:17 Wed,,false,,,,false,workday:Nike:/job/Tillicoultry-Clackmannanshire/Retail-Assistant--Athlete--PT-8H---Tillicoultry_R-87886
Nike:/job/York-United-Kingdom/Retail-Assistant--Athlete----PT---York_R-82638,Nike,Retail Assistant (Athlete) PT 8H - York,"York, United Kingdom",,https://nike.wd1.myworkdayjobs.com/en-US/nke/job/York-United-Kingdom/Retail-Assistant--Athlete----PT---York_R-82638,Posted Today,2026-07-22,2026-07-22T11:41:13+00:00,2026-07-22 04:41 Wed,,false,,,,false,workday:Nike:/job/York-United-Kingdom/Retail-Assistant--Athlete----PT---York_R-82638
Nike:/job/Antrim-United-Kingdom/Retail-Assistant--Athlete--TEMP---PT-8H---Junction-One_R-88060,Nike,Retail Assistant (Athlete) TEMP - PT 8H - Junction One,"Antrim, United Kingdom",,https://nike.wd1.myworkdayjobs.com/en-US/nke/job/Antrim-United-Kingdom/Retail-Assistant--Athlete--TEMP---PT-8H---Junction-One_R-88060,Posted Today,2026-07-17,2026-07-17T12:50:43+00:00,2026-07-17 05:50 Fri,,false,,,,false,workday:Nike:/job/Antrim-United-Kingdom/Retail-Assistant--Athlete--TEMP---PT-8H---Junction-One_R-88060
Nike:/job/Oxford-Street-London/Retail-Assistant--Athlete--Temp-20H-FTC-Nike-Oxford-Circus_R-88532,Nike,Retail Assistant (Athlete) Temp 20H FTC Nike Oxford Circus,"Oxford Street, London",,https://nike.wd1.myworkdayjobs.com/en-US/nke/job/Oxford-Street-London/Retail-Assistant--Athlete--Temp-20H-FTC-Nike-Oxford-Circus_R-88532,Posted Today,2026-07-22,2026-07-22T11:41:13+00:00,2026-07-22 04:41 Wed,,false,,,,false,workday:Nike:/job/Oxford-Street-London/Retail-Assistant--Athlete--Temp-20H-FTC-Nike-Oxford-Circus_R-88532
Nike:/job/Oxford-Street-London/Retail-Assistant--Athlete--Temp-30H-FTC-Nike-Oxford-Circus_R-88531,Nike,Retail Assistant (Athlete) Temp 30H FTC Nike Oxford Circus,"Oxford Street, London",,https://nike.wd1.myworkdayjobs.com/en-US/nke/job/Oxford-Street-London/Retail-Assistant--Athlete--Temp-30H-FTC-Nike-Oxford-Circus_R-88531,Posted Today,2026-07-22,2026-07-22T11:41:13+00:00,2026-07-22 04:41 Wed,,false,,,,false,workday:Nike:/job/Oxford-Street-London/Retail-Assistant--Athlete--Temp-30H-FTC-Nike-Oxford-Circus_R-88531
Nike:/job/Oxford-Street-London/Retail-Assistant--Athlete--Temp-40H-FTC-Nike-Oxford-Circus_R-84870,Nike,Retail Assistant (Athlete) Temp 40H FTC Nike Oxford Circus,"Oxford Street, London",,https://nike.wd1.myworkdayjobs.com/en-US/nke/job/Oxford-Street-London/Retail-Assistant--Athlete--Temp-40H-FTC-Nike-Oxford-Circus_R-84870,Posted Today,2026-07-22,2026-07-22T11:41:13+00:00,2026-07-22 04:41 Wed,,false,,,,false,workday:Nike:/job/Oxford-Street-London/Retail-Assistant--Athlete--Temp-40H-FTC-Nike-Oxford-Circus_R-84870
Nike:/job/Bicester-United-Kingdom/Retail-Assistant--Athlete--TEMP-PT-8H---Bicester_R-88932,Nike,Retail Assistant (Athlete) TEMP PT 8H - Bicester,"Bicester, United Kingdom",,https://nike.wd1.myworkdayjobs.com/en-US/nke/job/Bicester-United-Kingdom/Retail-Assistant--Athlete--TEMP-PT-8H---Bicester_R-88932,Posted 6 Days Ago,2026-07-22,2026-07-28T08:59:15+00:00,2026-07-28 01:59 Tue,,false,,,,false,workday:Nike:/job/Bicester-United-Kingdom/Retail-Assistant--Athlete--TEMP-PT-8H---Bicester_R-88932
Nike:/job/Cannock-United-Kingdom/Retail-Assistant--Athlete--TEMP-PT-8H---Cannock_R-89249,Nike,Retail Assistant (Athlete) TEMP PT 8H - Cannock,"Cannock, United Kingdom",,https://nike.wd1.myworkdayjobs.com/en-US/nke/job/Cannock-United-Kingdom/Retail-Assistant--Athlete--TEMP-PT-8H---Cannock_R-89249,Posted Today,2026-08-13,2026-08-13T13:42:07+00:00,2026-08-13 06:42 Thu,,false,,,,false,workday:Nike:/job/Cannock-United-Kingdom/Retail-Assistant--Athlete--TEMP-PT-8H---Cannock_R-89249
Nike:/job/Cheshire-Oaks-Ellesmere-Port-United-Kingdom/Retail-Assistant--Athlete--TEMP-PT-8H---Cheshire-Oaks_R-90776,Nike,Retail Assistant (Athlete) TEMP PT 8H - Cheshire Oaks,"Cheshire Oaks, Ellesmere Port, United Kingdom",,https://nike.wd1.myworkdayjobs.com/en-US/nke/job/Cheshire-Oaks-Ellesmere-Port-United-Kingdom/Retail-Assistant--Athlete--TEMP-PT-8H---Cheshire-Oaks_R-90776,Posted Today,2026-08-28,2026-08-27T09:59:41+00:00,2026-08-27 02:59 Thu,,false,,,,false,workday:Nike:/job/Cheshire-Oaks-Ellesmere-Port-United-Kingdom/Retail-Assistant--Athlete--TEMP-PT-8H---Cheshire-Oaks_R-90776
Nike:/job/Mansfield-United-Kingdom/Retail-Assistant--Athlete--TEMP-PT-8H---Mansfield_R-90907,Nike,Retail Assistant (Athlete) TEMP PT 8H - Mansfield,"Mansfield, United Kingdom",,https://nike.wd1.myworkdayjobs.com/en-US/nke/job/Mansfield-United-Kingdom/Retail-Assistant--Athlete--TEMP-PT-8H---Mansfield_R-90907,Posted Yesterday,2026-08-29,2026-08-28T05:59:31+00:00,2026-08-27 22:59 Thu,,false,,,,false,workday:Nike:/job/Mansfield-United-Kingdom/Retail-Assistant--Athlete--TEMP-PT-8H---Mansfield_R-90907
Nike:/job/Rugby-United-Kingdom/Retail-Assistant--Athlete--TEMP-PT-8H---Rugby_R-89246,Nike,Retail Assistant (Athlete) TEMP PT 8H - Rugby,"Rugby, United Kingdom",,https://nike.wd1.myworkdayjobs.com/en-US/nke/job/Rugby-United-Kingdom/Retail-Assistant--Athlete--TEMP-PT-8H---Rugby_R-89246,Posted Today,2026-08-04,2026-08-04T10:59:21+00:00,2026-08-04 03:59 Tue,,false,,,,false,workday:Nike:/job/Rugby-United-Kingdom/Retail-Assistant--Athlete--TEMP-PT-8H---Rugby_R-89246
Nike:/job/St-Helens-United-Kingdom/Retail-Assistant--Athlete--TEMP-PT-8H---St-Helens_R-90303-1,Nike,Retail Assistant (Athlete) TEMP PT 8H - St Helens,"St Helens, United Kingdom",,https://nike.wd1.myworkdayjobs.com/en-US/nke/job/St-Helens-United-Kingdom/Retail-Assistant--Athlete--TEMP-PT-8H---St-Helens_R-90303-1,Posted Today,2026-08-21,2026-08-20T11:59:35+00:00,2026-08-20 04:59 Thu,,false,,,,false,workday:Nike:/job/St-Helens-United-Kingdom/Retail-Assistant--Athlete--TEMP-PT-8H---St-Helens_R-90303-1
Nike:/job/Perry-Bar-Birmingham-United-Kingdom/Retail-Assistant--Athlete----FT-40H---Birmingham-One-Stop-Perry-Barr_R-90972,Nike,Retail Assistant (Athlete) – FT 40H – Birmingham One Stop Perry Barr,"Perry Bar Birmingham, United Kingdom",,https://nike.wd1.myworkdayjobs.com/en-US/nke/job/Perry-Bar-Birmingham-United-Kingdom/Retail-Assistant--Athlete----FT-40H---Birmingham-One-Stop-Perry-Barr_R-90972,Posted Yesterday,2026-08-29,2026-08-28T08:41:40+00:00,2026-08-28 01:41 Fri,,false,,,,false,workday:Nike:/job/Perry-Bar-Birmingham-United-Kingdom/Retail-Assistant--Athlete----FT-40H---Birmingham-One-Stop-Perry-Barr_R-90972
Nike:/job/Bicester-United-Kingdom/Retail-Assistant--Athlete----PT-12H---Bicester_R-88178,Nike,Retail Assistant (Athlete) – PT 12H – Bicester,"Bicester, United Kingdom",,https://nike.wd1.myworkdayjobs.com/en-US/nke/job/Bicester-United-Kingdom/Retail-Assistant--Athlete----PT-12H---Bicester_R-88178,Posted Today,2026-07-23,2026-07-23T08:17:26+00:00,2026-07-23 01:17 Thu,,false,,,,false,workday:Nike:/job/Bicester-United-Kingdom/Retail-Assistant--Athlete----PT-12H---Bicester_R-88178
Nike:/job/Perry-Bar-Birmingham-United-Kingdom/Retail-Assistant--Athlete----PT-16H---Birmingham-One-Stop-Perry-Barr_R-90970,Nike,Retail Assistant (Athlete) – PT 16H – Birmingham One Stop Perry Barr,"Perry Bar Birmingham, United Kingdom",,https://nike.wd1.myworkdayjobs.com/en-US/nke/job/Perry-Bar-Birmingham-United-Kingdom/Retail-Assistant--Athlete----PT-16H---Birmingham-One-Stop-Perry-Barr_R-90970,Posted Yesterday,2026-08-29,2026-08-28T08:17:41+00:00,2026-08-28 01:17 Fri,,false,,,,false,workday:Nike:/job/Perry-Bar-Birmingham-United-Kingdom/Retail-Assistant--Athlete----PT-16H---Birmingham-One-Stop-Perry-Barr_R-90970
Nike:/job/Perry-Bar-Birmingham-United-Kingdom/Retail-Assistant--Athlete----PT-20H---Birmingham-One-Stop-Perry-Barr_R-90971,Nike,Retail Assistant (Athlete) – PT 20H – Birmingham One Stop Perry Barr,"Perry Bar Birmingham, United Kingdom",,https://nike.wd1.myworkdayjobs.com/en-US/nke/job/Perry-Bar-Birmingham-United-Kingdom/Retail-Assistant--Athlete----PT-20H---Birmingham-One-Stop-Perry-Barr_R-90971,Posted Yesterday,2026-08-29,2026-08-28T08:41:40+00:00,2026-08-28 01:41 Fri,,false,,,,false,workday:Nike:/job/Perry-Bar-Birmingham-United-Kingdom/Retail-Assistant--Athlete----PT-20H---Birmingham-One-Stop-Perry-Barr_R-90971
Nike:/job/Perry-Bar-Birmingham-United-Kingdom/Retail-Assistant--Athlete----PT-30H---Birmingham-One-Stop-Perry-Barr_R-86943,Nike,Retail Assistant (Athlete) – PT 30H – Birmingham One Stop Perry Barr,"Perry Bar Birmingham, United Kingdom",,https://nike.wd1.myworkdayjobs.com/en-US/nke/job/Perry-Bar-Birmingham-United-Kingdom/Retail-Assistant--Athlete----PT-30H---Birmingham-One-Stop-Perry-Barr_R-86943,Posted Yesterday,2026-08-29,2026-08-28T08:17:41+00:00,2026-08-28 01:17 Fri,,false,,,,false,workday:Nike:/job/Perry-Bar-Birmingham-United-Kingdom/Retail-Assistant--Athlete----PT-30H---Birmingham-One-Stop-Perry-Barr_R-86943
Nike:/job/Talke-United-Kingdom/Retail-Assistant--Athlete----PT-30H---Talk_R-87053,Nike,Retail Assistant (Athlete) – PT 30H – Talk,"Talke, United Kingdom",,https://nike.wd1.myworkdayjobs.com/en-US/nke/job/Talke-United-Kingdom/Retail-Assistant--Athlete----PT-30H---Talk_R-87053,Posted 30+ Days Ago,2026-07-19,2026-08-18T12:10:51+00:00,2026-08-18 05:10 Tue,,false,,,,false,workday:Nike:/job/Talke-United-Kingdom/Retail-Assistant--Athlete----PT-30H---Talk_R-87053
Nike:/job/York-United-Kingdom/Retail-Assistant--Athlete----PT-32H---York_R-87874,Nike,Retail Assistant (Athlete) – PT 32H – York,"York, United Kingdom",,https://nike.wd1.myworkdayjobs.com/en-US/nke/job/York-United-Kingdom/Retail-Assistant--Athlete----PT-32H---York_R-87874,Posted Today,2026-07-17,2026-07-17T08:59:20+00:00,2026-07-17 01:59 Fri,,false,,,,false,workday:Nike:/job/York-United-Kingdom/Retail-Assistant--Athlete----PT-32H---York_R-87874
Nike:/job/Perry-Bar-Birmingham-United-Kingdom/Retail-Assistant--Athlete----PT---Birmingham-One-Stop-Perry-Barr_R-86947-1,Nike,Retail Assistant (Athlete) – PT 8H – Birmingham One Stop Perry Barr,"Perry Bar Birmingham, United Kingdom",,https://nike.wd1.myworkdayjobs.com/en-US/nke/job/Perry-Bar-Birmingham-United-Kingdom/Retail-Assistant--Athlete----PT---Birmingham-One-Stop-Perry-Barr_R-86947-1,Posted Yesterday,2026-08-29,2026-08-28T08:17:41+00:00,2026-08-28 01:17 Fri,,false,,,,false,workday:Nike:/job/Perry-Bar-Birmingham-United-Kingdom/Retail-Assistant--Athlete----PT---Birmingham-One-Stop-Perry-Barr_R-86947-1
Nike:/job/Chelsea-Kings-Road-United-Kingdom/Retail-Assistant--Athlete----PT14---Chelsea-Kings-Road_R-90091,Nike,Retail Assistant (Athlete) – PT14 – Chelsea Kings Road,"Chelsea, Kings Road, United Kingdom",,https://nike.wd1.myworkdayjobs.com/en-US/nke/job/Chelsea-Kings-Road-United-Kingdom/Retail-Assistant--Athlete----PT14---Chelsea-Kings-Road_R-90091,Posted Today,2026-08-17,2026-08-17T07:59:13+00:00,2026-08-17 00:59 Mon,,false,,,,false,workday:Nike:/job/Chelsea-Kings-Road-United-Kingdom/Retail-Assistant--Athlete----PT14---Chelsea-Kings-Road_R-90091
Nike:/job/Westfield-White-City-Shepherds-Bush-London/Retail-Assistant--Athlete----PT20---West-London_R-90141,Nike,Retail Assistant (Athlete) – PT20 – West London,"Westfield White City, Shepherds Bush, London",,https://nike.wd1.myworkdayjobs.com/en-US/nke/job/Westfield-White-City-Shepherds-Bush-London/Retail-Assistant--Athlete----PT20---West-London_R-90141,Posted Yesterday,2026-08-19,2026-08-18T10:41:52+00:00,2026-08-18 03:41 Tue,,false,,,,false,workday:Nike:/job/Westfield-White-City-Shepherds-Bush-London/Retail-Assistant--Athlete----PT20---West-London_R-90141
Nike:/job/Roosendaal-Netherlands/Retail-Assistant--Athlete---Full-Time---NIKE-ROOSENDAAL_R-90326,Nike,Retail Assistant (Athlete)- Full Time - NIKE ROOSENDAAL,"Roosendaal, Netherlands",,https://nike.wd1.myworkdayjobs.com/en-US/nke/job/Roosendaal-Netherlands/Retail-Assistant--Athlete---Full-Time---NIKE-ROOSENDAAL_R-90326,Posted Today,2026-09-04,2026-08-20T15:49:33+00:00,2026-08-20 08:49 Thu,,false,,,,false,workday:Nike:/job/Roosendaal-Netherlands/Retail-Assistant--Athlete---Full-Time---NIKE-ROOSENDAAL_R-90326
Nike:/job/Roermond-Netherlands/Retail-Assistant--Athlete---Full-Time--NIKE-ROERMOND_R-89978-1,Nike,Retail Assistant (Athlete)- Full Time- NIKE ROERMOND,"Roermond, Netherlands",,https://nike.wd1.myworkdayjobs.com/en-US/nke/job/Roermond-Netherlands/Retail-Assistant--Athlete---Full-Time--NIKE-ROERMOND_R-89978-1,Posted Today,2026-09-04,2026-08-14T09:59:36+00:00,2026-08-14 02:59 Fri,,false,,,,false,workday:Nike:/job/Roermond-Netherlands/Retail-Assistant--Athlete---Full-Time--NIKE-ROERMOND_R-89978-1
Nike:/job/Kingston-Kingston-Upon-Thames-United-Kingdom/Retail-Assistant-Operations--Athlete--30hrs---Kingston_R-87740,Nike,Retail Assistant Operations (Athlete) 30hrs - Kingston,"Kingston, Kingston Upon Thames, United Kingdom",,https://nike.wd1.myworkdayjobs.com/en-US/nke/job/Kingston-Kingston-Upon-Thames-United-Kingdom/Retail-Assistant-Operations--Athlete--30hrs---Kingston_R-87740,Posted Yesterday,2026-07-11,2026-07-12T07:45:02+00:00,2026-07-12 00:45 Sun,,false,,,,false,workday:Nike:/job/Kingston-Kingston-Upon-Thames-United-Kingdom/Retail-Assistant-Operations--Athlete--30hrs---Kingston_R-87740
Nike:/job/Kingston-Kingston-Upon-Thames-United-Kingdom/Retail-Assistant-Visual-Merchandiser--Athlete--20hrs---Kingston_R-88555-1,Nike,Retail Assistant Visual Merchandiser (Athlete) 20hrs - Kingston,"Kingston, Kingston Upon Thames, United Kingdom",,https://nike.wd1.myworkdayjobs.com/en-US/nke/job/Kingston-Kingston-Upon-Thames-United-Kingdom/Retail-Assistant-Visual-Merchandiser--Athlete--20hrs---Kingston_R-88555-1,Posted Today,2026-07-22,2026-07-22T15:59:48+00:00,2026-07-22 08:59 Wed,,false,,,,false,workday:Nike:/job/Kingston-Kingston-Upon-Thames-United-Kingdom/Retail-Assistant-Visual-Merchandiser--Athlete--20hrs---Kingston_R-88555-1
Nike:/job/Kualalumpur-Selangor/Retail-Associate--Part-time--24h-week----Nike--Mitsui-Outlet-Park-_R-80934,Nike,"Retail Associate (Part-time, 24h/week) - Nike (Mitsui Outlet Park)","Kualalumpur, Selangor",,https://nike.wd1.myworkdayjobs.com/en-US/nke/job/Kualalumpur-Selangor/Retail-Associate--Part-time--24h-week----Nike--Mitsui-Outlet-Park-_R-80934,Posted Today,2026-07-14,2026-07-14T01:41:15+00:00,2026-07-13 18:41 Mon,,false,,,,false,workday:Nike:/job/Kualalumpur-Selangor/Retail-Associate--Part-time--24h-week----Nike--Mitsui-Outlet-Park-_R-80934
Nike:/job/Pahang-Malaysia/Retail-Associate---Nike--Genting-Premium-Outlet--Malaysia_R-89341,Nike,Retail Associate - Nike (Genting Premium Outlet) Malaysia,"Pahang, Malaysia",,https://nike.wd1.myworkdayjobs.com/en-US/nke/job/Pahang-Malaysia/Retail-Associate---Nike--Genting-Premium-Outlet--Malaysia_R-89341,Posted Today,2026-08-11,2026-08-11T04:41:42+00:00,2026-08-10 21:41 Mon,,false,,,,false,workday:Nike:/job/Pahang-Malaysia/Retail-Associate---Nike--Genting-Premium-Outlet--Malaysia_R-89341
Nike:/job/Pahang-Malaysia/Retail-Associate---Nike--Genting-Premium-Outlets-_R-87459,Nike,Retail Associate - Nike (Genting Premium Outlets),"Pahang, Malaysia",,https://nike.wd1.myworkdayjobs.com/en-US/nke/job/Pahang-Malaysia/Retail-Associate---Nike--Genting-Premium-Outlets-_R-87459,Posted 3 Days Ago,2026-07-09,2026-07-12T07:45:02+00:00,2026-07-12 00:45 Sun,,false,,,,false,workday:Nike:/job/Pahang-Malaysia/Retail-Associate---Nike--Genting-Premium-Outlets-_R-87459
Nike:/job/Murthal-Haryana/Retail-Associate---Nike--Murthal-_R-84191,Nike,Retail Associate - Nike (Murthal),"Murthal, Haryana",,https://nike.wd1.myworkdayjobs.com/en-US/nke/job/Murthal-Haryana/Retail-Associate---Nike--Murthal-_R-84191,Posted 30+ Days Ago,2026-07-19,2026-08-18T12:10:51+00:00,2026-08-18 05:10 Tue,,false,,,,false,workday:Nike:/job/Murthal-Haryana/Retail-Associate---Nike--Murthal-_R-84191
Nike:/job/Dahisar-Mumbai/Retail-Associate---Nike--Mumbai--Dahisar-_R-91064,Nike,"Retail Associate - Nike, Mumbai (Dahisar)","Dahisar, Mumbai",,https://nike.wd1.myworkdayjobs.com/en-US/nke/job/Dahisar-Mumbai/Retail-Associate---Nike--Mumbai--Dahisar-_R-91064,Posted Today,2026-09-01,2026-08-31T03:59:21+00:00,2026-08-30 20:59 Sun,,false,,,,false,workday:Nike:/job/Dahisar-Mumbai/Retail-Associate---Nike--Mumbai--Dahisar-_R-91064
Nike:/job/Foshan-China-Mainland/Retail-Associate-I_R-86785,Nike,Retail Associate I,"Foshan, China Mainland",,https://nike.wd1.myworkdayjobs.com/en-US/nke/job/Foshan-China-Mainland/Retail-Associate-I_R-86785,Posted Today,2026-07-13,2026-07-13T01:40:44+00:00,2026-07-12 18:40 Sun,,false,,,,false,workday:Nike:/job/Foshan-China-Mainland/Retail-Associate-I_R-86785
Nike:/job/Sydney-New-South-Wales/Retail-Associate-I_R-87268,Nike,Retail Associate I,"Sydney, New South Wales",,https://nike.wd1.myworkdayjobs.com/en-US/nke/job/Sydney-New-South-Wales/Retail-Associate-I_R-87268,Posted Today,2026-07-21,2026-07-21T21:41:37+00:00,2026-07-21 14:41 Tue,,false,,,,false,workday:Nike:/job/Sydney-New-South-Wales/Retail-Associate-I_R-87268
Nike:/job/Taichung-Taiwan/Retail-Associate-I_R-87464-1,Nike,Retail Associate I,"Taichung, Taiwan",,https://nike.wd1.myworkdayjobs.com/en-US/nke/job/Taichung-Taiwan/Retail-Associate-I_R-87464-1,Posted Today,2026-07-22,2026-07-22T02:59:08+00:00,2026-07-21 19:59 Tue,,false,,,,false,workday:Nike:/job/Taichung-Taiwan/Retail-Associate-I_R-87464-1
Nike:/job/Biggera-Waters-Australia/Retail-Associate-I-Full-Time-Athlete---Nike--Gold-Coast-Harbourtown_R-87261,Nike,"Retail Associate I Full Time Athlete - Nike, Gold Coast Harbourtown","Biggera Waters, Australia",,https://nike.wd1.myworkdayjobs.com/en-US/nke/job/Biggera-Waters-Australia/Retail-Associate-I-Full-Time-Athlete---Nike--Gold-Coast-Harbourtown_R-87261,Posted Today,2026-07-20,2026-07-20T07:17:43+00:00,2026-07-20 00:17 Mon,,false,,,,false,workday:Nike:/job/Biggera-Waters-Australia/Retail-Associate-I-Full-Time-Athlete---Nike--Gold-Coast-Harbourtown_R-87261
Nike:/job/Melbourne-Victoria/Retail-Associate-I-Full-Time-Athlete_R-86461,Nike,"Retail Associate I Full Time Athlete - Nike, Uni Hill","Melbourne, Victoria",,https://nike.wd1.myworkdayjobs.com/en-US/nke/job/Melbourne-Victoria/Retail-Associate-I-Full-Time-Athlete_R-86461,Posted Yesterday,2026-08-29,2026-08-27T23:41:54+00:00,2026-08-27 16:41 Thu,,false,,,,false,workday:Nike:/job/Melbourne-Victoria/Retail-Associate-I-Full-Time-Athlete_R-86461
Nike:/job/Biggera-Waters-Australia/Retail-Associate-I-Part-Time-Athlete---Nike--Gold-Coast-Harbourtown_R-87269,Nike,"Retail Associate I Part Time Athlete - Nike, Gold Coast Harbourtown","Biggera Waters, Australia",,https://nike.wd1.myworkdayjobs.com/en-US/nke/job/Biggera-Waters-Australia/Retail-Associate-I-Part-Time-Athlete---Nike--Gold-Coast-Harbourtown_R-87269,Posted 4 Days Ago,2026-07-08,2026-07-12T07:45:02+00:00,2026-07-12 00:45 Sun,,false,,,,false,workday:Nike:/job/Biggera-Waters-Australia/Retail-Associate-I-Part-Time-Athlete---Nike--Gold-Coast-Harbourtown_R-87269
Nike:/job/Noida-Uttar-Pradesh/Retail-Associate-II_R-84941,Nike,Retail Associate II,"Noida, Uttar Pradesh",,https://nike.wd1.myworkdayjobs.com/en-US/nke/job/Noida-Uttar-Pradesh/Retail-Associate-II_R-84941,Posted 6 Days Ago,2026-07-06,2026-07-12T07:45:02+00:00,2026-07-12 00:45 Sun,,false,,,,false,workday:Nike:/job/Noida-Uttar-Pradesh/Retail-Associate-II_R-84941
Nike:/job/Foshan-China-Mainland/Retail-Associate-II_R-85985-1,Nike,Retail Associate II,"Foshan, China Mainland",,https://nike.wd1.myworkdayjobs.com/en-US/nke/job/Foshan-China-Mainland/Retail-Associate-II_R-85985-1,Posted Today,2026-07-13,2026-07-13T01:58:57+00:00,2026-07-12 18:58 Sun,,false,,,,false,workday:Nike:/job/Foshan-China-Mainland/Retail-Associate-II_R-85985-1
Nike:/job/Zweibrcken-Germany/Retail-Associate-II_R-87893,Nike,Retail Associate II,"Zweibrücken, Germany",,https://nike.wd1.myworkdayjobs.com/en-US/nke/job/Zweibrcken-Germany/Retail-Associate-II_R-87893,Posted Today,2026-07-14,2026-07-14T13:41:04+00:00,2026-07-14 06:41 Tue,,false,,,,false,workday:Nike:/job/Zweibrcken-Germany/Retail-Associate-II_R-87893
Nike:/job/Madrid-Spain/Retail-Associate-II_R-86775,Nike,Retail Associate II,"Madrid, Spain",,https://nike.wd1.myworkdayjobs.com/en-US/nke/job/Madrid-Spain/Retail-Associate-II_R-86775,Posted Today,2026-07-16,2026-07-16T13:41:30+00:00,2026-07-16 06:41 Thu,,false,,,,false,workday:Nike:/job/Madrid-Spain/Retail-Associate-II_R-86775
Nike:/job/Madrid-Spain/Retail-Associate-II_R-86776-1,Nike,Retail Associate II,"Madrid, Spain",,https://nike.wd1.myworkdayjobs.com/en-US/nke/job/Madrid-Spain/Retail-Associate-II_R-86776-1,Posted Today,2026-07-16,2026-07-16T13:41:30+00:00,2026-07-16 06:41 Thu,,false,,,,false,workday:Nike:/job/Madrid-Spain/Retail-Associate-II_R-86776-1
Nike:/job/NFS-SG-IMM/Retail-Associate-II_R-87243,Nike,Retail Associate II,NFS SG IMM,,https://nike.wd1.myworkdayjobs.com/en-US/nke/job/NFS-SG-IMM/Retail-Associate-II_R-87243,Posted Today,2026-07-21,2026-07-21T01:59:15+00:00,2026-07-20 18:59 Mon,,false,,,,false,workday:Nike:/job/NFS-SG-IMM/Retail-Associate-II_R-87243
Nike:/job/Jerez-De-La-Frontera-Spain/Retail-Associate-II_R-88441,Nike,Retail Associate II,"Jerez De La Frontera, Spain",,https://nike.wd1.myworkdayjobs.com/en-US/nke/job/Jerez-De-La-Frontera-Spain/Retail-Associate-II_R-88441,Posted Today,2026-07-21,2026-07-21T09:59:15+00:00,2026-07-21 02:59 Tue,,false,,,,false,workday:Nike:/job/Jerez-De-La-Frontera-Spain/Retail-Associate-II_R-88441
Nike:/job/Serravalle-Italy/Retail-Associate-II_R-88342,Nike,Retail Associate II,"Serravalle, Italy",,https://nike.wd1.myworkdayjobs.com/en-US/nke/job/Serravalle-Italy/Retail-Associate-II_R-88342,Posted Today,2026-07-21,2026-07-21T12:41:35+00:00,2026-07-21 05:41 Tue,,false,,,,false,workday:Nike:/job/Serravalle-Italy/Retail-Associate-II_R-88342
Nike:/job/New-Taipei-City-Taiwan/Retail-Associate-II_R-88334-1,Nike,Retail Associate II,"New Taipei City, Taiwan",,https://nike.wd1.myworkdayjobs.com/en-US/nke/job/New-Taipei-City-Taiwan/Retail-Associate-II_R-88334-1,Posted Today,2026-07-22,2026-07-22T02:59:08+00:00,2026-07-21 19:59 Tue,,false,,,,false,workday:Nike:/job/New-Taipei-City-Taiwan/Retail-Associate-II_R-88334-1
Nike:/job/Serravalle-Italy/Retail-Associate-II_R-88847,Nike,Retail Associate II,"Serravalle, Italy",,https://nike.wd1.myworkdayjobs.com/en-US/nke/job/Serravalle-Italy/Retail-Associate-II_R-88847,Posted Today,2026-08-06,2026-08-06T08:41:16+00:00,2026-08-06 01:41 Thu,,false,,,,false,workday:Nike:/job/Serravalle-Italy/Retail-Associate-II_R-88847
Nike:/job/Bangkok-Thailand/Retail-Associate-II_R-90177,Nike,Retail Associate II,"Bangkok, Thailand",,https://nike.wd1.myworkdayjobs.com/en-US/nke/job/Bangkok-Thailand/Retail-Associate-II_R-90177,Posted Yesterday,2026-08-19,2026-08-18T01:59:16+00:00,2026-08-17 18:59 Mon,,false,,,,false,workday:Nike:/job/Bangkok-Thailand/Retail-Associate-II_R-90177
Nike:/job/Viladecans-Barcelona/Retail-Associate-II_R-90135,Nike,Retail Associate II,"Viladecans, Barcelona",,https://nike.wd1.myworkdayjobs.com/en-US/nke/job/Viladecans-Barcelona/Retail-Associate-II_R-90135,Posted Yesterday,2026-08-19,2026-08-18T09:41:49+00:00,2026-08-18 02:41 Tue,,false,,,,false,workday:Nike:/job/Viladecans-Barcelona/Retail-Associate-II_R-90135
Nike:/job/Bangkok-Thailand/Retail-Associate-II_R-85488,Nike,Retail Associate II,"Bangkok, Thailand",,https://nike.wd1.myworkdayjobs.com/en-US/nke/job/Bangkok-Thailand/Retail-Associate-II_R-85488,Posted Today,2026-08-21,2026-08-20T01:41:52+00:00,2026-08-19 18:41 Wed,,false,,,,false,workday:Nike:/job/Bangkok-Thailand/Retail-Associate-II_R-85488
Nike:/job/CONVERSE-RETAIL-TORINO/Retail-Associate-II_R-84731,Nike,Retail Associate II,CONVERSE RETAIL TORINO,,https://nike.wd1.myworkdayjobs.com/en-US/nke/job/CONVERSE-RETAIL-TORINO/Retail-Associate-II_R-84731,Posted Today,2026-08-25,2026-08-24T09:59:15+00:00,2026-08-24 02:59 Mon,,false,,,,false,workday:Nike:/job/CONVERSE-RETAIL-TORINO/Retail-Associate-II_R-84731
Nike:/job/Central-Singapore-Singapore/Retail-Associate-II_R-91061,Nike,Retail Associate II,"Central Singapore, Singapore",,https://nike.wd1.myworkdayjobs.com/en-US/nke/job/Central-Singapore-Singapore/Retail-Associate-II_R-91061,Posted Today,2026-09-01,2026-08-31T01:41:34+00:00,2026-08-30 18:41 Sun,,false,,,,false,workday:Nike:/job/Central-Singapore-Singapore/Retail-Associate-II_R-91061
Nike:/job/Merignac-France/Retail-Associate-II_R-91191-1,Nike,Retail Associate II,"Merignac, France",,https://nike.wd1.myworkdayjobs.com/en-US/nke/job/Merignac-France/Retail-Associate-II_R-91191-1,Posted Today,2026-09-02,2026-09-01T14:17:38+00:00,2026-09-01 07:17 Tue,,false,,,,false,workday:Nike:/job/Merignac-France/Retail-Associate-II_R-91191-1
Nike:/job/Pont-St-Marie-France/Retail-Associate-II_R-91300,Nike,Retail Associate II,"Pont St. Marie, France",,https://nike.wd1.myworkdayjobs.com/en-US/nke/job/Pont-St-Marie-France/Retail-Associate-II_R-91300,Posted Yesterday,2026-09-03,2026-09-02T12:42:13+00:00,2026-09-02 05:42 Wed,,false,,,,false,workday:Nike:/job/Pont-St-Marie-France/Retail-Associate-II_R-91300
Nike:/job/Villefontaine-France/Retail-Associate-II_R-90926-1,Nike,Retail Associate II,"Villefontaine, France",,https://nike.wd1.myworkdayjobs.com/en-US/nke/job/Villefontaine-France/Retail-Associate-II_R-90926-1,Posted Today,2026-09-04,2026-09-03T14:42:11+00:00,2026-09-03 07:42 Thu,,false,,,,false,workday:Nike:/job/Villefontaine-France/Retail-Associate-II_R-90926-1
Nike:/job/Samut-Prakan-Thailand/Retail-Associate-II--Central-Village-Outlet-_R-90178,Nike,Retail Associate II (Central Village Outlet),"Samut Prakan, Thailand",,https://nike.wd1.myworkdayjobs.com/en-US/nke/job/Samut-Prakan-Thailand/Retail-Associate-II--Central-Village-Outlet-_R-90178,Posted Today,2026-08-21,2026-08-20T01:41:52+00:00,2026-08-19 18:41 Wed,,false,,,,false,workday:Nike:/job/Samut-Prakan-Thailand/Retail-Associate-II--Central-Village-Outlet-_R-90178
Nike:/job/Edmonton-Alberta/Retail-Associate--FT---Edmonton-South-Common_R-89862,Nike,"Retail Associate, FT - Edmonton South Common","Edmonton, Alberta",,https://nike.wd1.myworkdayjobs.com/en-US/nke/job/Edmonton-Alberta/Retail-Associate--FT---Edmonton-South-Common_R-89862,Posted Today,2026-08-11,2026-08-11T18:17:51+00:00,2026-08-11 11:17 Tue,,false,,,,false,workday:Nike:/job/Edmonton-Alberta/Retail-Associate--FT---Edmonton-South-Common_R-89862
Nike:/job/Rocky-View-Canada/Retail-Associate--FT---Nike-Crossiron-Mills_R-77589,Nike,"Retail Associate, FT - Nike Crossiron Mills","Rocky View, Canada",,https://nike.wd1.myworkdayjobs.com/en-US/nke/job/Rocky-View-Canada/Retail-Associate--FT---Nike-Crossiron-Mills_R-77589,Posted 30+ Days Ago,2026-07-19,2026-08-18T12:10:51+00:00,2026-08-18 05:10 Tue,,false,,,,false,workday:Nike:/job/Rocky-View-Canada/Retail-Associate--FT---Nike-Crossiron-Mills_R-77589
Nike:/job/Ottawa-Ontario/Retail-Associate--FT---Nike-Kanata_R-89768,Nike,"Retail Associate, FT - Nike Kanata","Ottawa, Ontario",,https://nike.wd1.myworkdayjobs.com/en-US/nke/job/Ottawa-Ontario/Retail-Associate--FT---Nike-Kanata_R-89768,Posted Today,2026-08-10,2026-08-10T22:22:39+00:00,2026-08-10 15:22 Mon,,false,,,,false,workday:Nike:/job/Ottawa-Ontario/Retail-Associate--FT---Nike-Kanata_R-89768
Nike:/job/Kitchener-Ontario/Retail-Associate--FT---Nike-Kitchener_R-90331,Nike,"Retail Associate, FT - Nike Kitchener","Kitchener, Ontario",,https://nike.wd1.myworkdayjobs.com/en-US/nke/job/Kitchener-Ontario/Retail-Associate--FT---Nike-Kitchener_R-90331,Posted Yesterday,2026-08-20,2026-08-19T21:40:32+00:00,2026-08-19 14:40 Wed,,false,,,,false,workday:Nike:/job/Kitchener-Ontario/Retail-Associate--FT---Nike-Kitchener_R-90331
Nike:/job/Montreal-Quebec/Retail-Associate--FT---Nike-Marche-Central_R-89560,Nike,"Retail Associate, FT - Nike Marche Central","Montreal, Quebec",,https://nike.wd1.myworkdayjobs.com/en-US/nke/job/Montreal-Quebec/Retail-Associate--FT---Nike-Marche-Central_R-89560,Posted Today,2026-08-06,2026-08-06T19:26:51+00:00,2026-08-06 12:26 Thu,,false,,,,false,workday:Nike:/job/Montreal-Quebec/Retail-Associate--FT---Nike-Marche-Central_R-89560
Nike:/job/Mirabel-Canada/Retail-Associate--FT---Nike-Mirabel_R-76934,Nike,"Retail Associate, FT - Nike Mirabel","Mirabel, Canada",,https://nike.wd1.myworkdayjobs.com/en-US/nke/job/Mirabel-Canada/Retail-Associate--FT---Nike-Mirabel_R-76934,Posted 30+ Days Ago,2026-07-19,2026-08-18T12:10:51+00:00,2026-08-18 05:10 Tue,,false,,,,false,workday:Nike:/job/Mirabel-Canada/Retail-Associate--FT---Nike-Mirabel_R-76934
Nike:/job/Tswwassen-Canada/Retail-Associate--FT---Nike-Tsawwassen-Mills_R-91254,Nike,"Retail Associate, FT - Nike Tsawwassen Mills","Tswwassen, Canada",,https://nike.wd1.myworkdayjobs.com/en-US/nke/job/Tswwassen-Canada/Retail-Associate--FT---Nike-Tsawwassen-Mills_R-91254,Posted 2 Days Ago,2026-09-02,2026-09-01T23:17:49+00:00,2026-09-01 16:17 Tue,,false,,,,false,workday:Nike:/job/Tswwassen-Canada/Retail-Associate--FT---Nike-Tsawwassen-Mills_R-91254
Nike:/job/Concord--Ontario/Retail-Associate--FT---Nike-Vaughan-Mills_R-88977-1,Nike,"Retail Associate, FT - Nike Vaughan Mills","Concord , Ontario",,https://nike.wd1.myworkdayjobs.com/en-US/nke/job/Concord--Ontario/Retail-Associate--FT---Nike-Vaughan-Mills_R-88977-1,Posted 6 Days Ago,2026-07-22,2026-07-28T18:41:21+00:00,2026-07-28 11:41 Tue,,false,,,,false,workday:Nike:/job/Concord--Ontario/Retail-Associate--FT---Nike-Vaughan-Mills_R-88977-1
Nike:/job/Winnipeg-Manitoba/Retail-Associate--FT---Nike-Winnipeg_R-89494,Nike,"Retail Associate, FT - Nike Winnipeg","Winnipeg, Manitoba",,https://nike.wd1.myworkdayjobs.com/en-US/nke/job/Winnipeg-Manitoba/Retail-Associate--FT---Nike-Winnipeg_R-89494,Posted Today,2026-08-05,2026-08-05T19:41:59+00:00,2026-08-05 12:41 Wed,,false,,,,false,workday:Nike:/job/Winnipeg-Manitoba/Retail-Associate--FT---Nike-Winnipeg_R-89494
Nike:/job/Edmonton-Alberta/Retail-Associate--PT---Edmonton-South-Common_R-87442-1,Nike,"Retail Associate, PT - Edmonton South Common","Edmonton, Alberta",,https://nike.wd1.myworkdayjobs.com/en-US/nke/job/Edmonton-Alberta/Retail-Associate--PT---Edmonton-South-Common_R-87442-1,Posted Today,2026-07-22,2026-07-22T00:41:33+00:00,2026-07-21 17:41 Tue,,false,,,,false,workday:Nike:/job/Edmonton-Alberta/Retail-Associate--PT---Edmonton-South-Common_R-87442-1
Nike:/job/Rocky-View-Canada/Retail-Associate--PT---Nike-Crossiron-Mills_R-90739,Nike,"Retail Associate, PT - Nike Crossiron Mills","Rocky View, Canada",,https://nike.wd1.myworkdayjobs.com/en-US/nke/job/Rocky-View-Canada/Retail-Associate--PT---Nike-Crossiron-Mills_R-90739,Posted Today,2026-08-26,2026-08-25T23:17:41+00:00,2026-08-25 16:17 Tue,,false,,,,false,workday:Nike:/job/Rocky-View-Canada/Retail-Associate--PT---Nike-Crossiron-Mills_R-90739
Nike:/job/Edmonton-Alberta/Retail-Associate--PT---Nike-Edmonton_R-90001-1,Nike,"Retail Associate, PT - Nike Edmonton","Edmonton, Alberta",,https://nike.wd1.myworkdayjobs.com/en-US/nke/job/Edmonton-Alberta/Retail-Associate--PT---Nike-Edmonton_R-90001-1,Posted Today,2026-09-04,2026-09-03T16:41:58+00:00,2026-09-03 09:41 Thu,,false,,,,false,workday:Nike:/job/Edmonton-Alberta/Retail-Associate--PT---Nike-Edmonton_R-90001-1
Nike:/job/Halton-Hills-Ontario/Retail-Associate--PT---Nike-Halton-Hills_R-89755-1,Nike,"Retail Associate, PT - Nike Halton Hills","Halton Hills, Ontario",,https://nike.wd1.myworkdayjobs.com/en-US/nke/job/Halton-Hills-Ontario/Retail-Associate--PT---Nike-Halton-Hills_R-89755-1,Posted Yesterday,2026-08-28,2026-08-27T17:59:56+00:00,2026-08-27 10:59 Thu,,false,,,,false,workday:Nike:/job/Halton-Hills-Ontario/Retail-Associate--PT---Nike-Halton-Hills_R-89755-1
Nike:/job/Ottawa-Ontario/Retail-Associate--PT---Nike-Kanata_R-83112,Nike,"Retail Associate, PT - Nike Kanata","Ottawa, Ontario",,https://nike.wd1.myworkdayjobs.com/en-US/nke/job/Ottawa-Ontario/Retail-Associate--PT---Nike-Kanata_R-83112,Posted Today,2026-08-10,2026-08-10T22:15:47+00:00,2026-08-10 15:15 Mon,,false,,,,false,workday:Nike:/job/Ottawa-Ontario/Retail-Associate--PT---Nike-Kanata_R-83112
Nike:/job/Ottawa-Ontario/Retail-Associate--PT---Nike-Kanata_R-90584,Nike,"Retail Associate, PT - Nike Kanata","Ottawa, Ontario",,https://nike.wd1.myworkdayjobs.com/en-US/nke/job/Ottawa-Ontario/Retail-Associate--PT---Nike-Kanata_R-90584,Posted 2 Days Ago,2026-09-02,2026-08-24T23:06:18+00:00,2026-08-24 16:06 Mon,,false,,,,false,workday:Nike:/job/Ottawa-Ontario/Retail-Associate--PT---Nike-Kanata_R-90584
Nike:/job/Montreal-Quebec/Retail-Associate--PT---Nike-Marche-Central_R-89769,Nike,"Retail Associate, PT - Nike Marche Central","Montreal, Quebec",,https://nike.wd1.myworkdayjobs.com/en-US/nke/job/Montreal-Quebec/Retail-Associate--PT---Nike-Marche-Central_R-89769,Posted Today,2026-08-10,2026-08-10T22:41:33+00:00,2026-08-10 15:41 Mon,,false,,,,false,workday:Nike:/job/Montreal-Quebec/Retail-Associate--PT---Nike-Marche-Central_R-89769
Nike:/job/Vancouver-Canada/Retail-Associate--PT---Nike-McArthurglen_R-91255,Nike,"Retail Associate, PT - Nike McArthurglen","Vancouver, Canada",,https://nike.wd1.myworkdayjobs.com/en-US/nke/job/Vancouver-Canada/Retail-Associate--PT---Nike-McArthurglen_R-91255,Posted Yesterday,2026-09-03,2026-09-02T21:59:43+00:00,2026-09-02 14:59 Wed,,false,,,,false,workday:Nike:/job/Vancouver-Canada/Retail-Associate--PT---Nike-McArthurglen_R-91255
Nike:/job/Mirabel-Canada/Retail-Associate--PT---Nike-Mirabel_R-77017-1,Nike,"Retail Associate, PT - Nike Mirabel","Mirabel, Canada",,https://nike.wd1.myworkdayjobs.com/en-US/nke/job/Mirabel-Canada/Retail-Associate--PT---Nike-Mirabel_R-77017-1,Posted 30+ Days Ago,2026-07-19,2026-08-18T12:10:51+00:00,2026-08-18 05:10 Tue,,false,,,,false,workday:Nike:/job/Mirabel-Canada/Retail-Associate--PT---Nike-Mirabel_R-77017-1
Nike:/job/Tswwassen-Canada/Job-Posting-Title-Retail-Associate--PT---Nike-Tsawwassen-Mills_R-91348,Nike,"Retail Associate, PT - Nike Tsawwassen Mills","Tswwassen, Canada",,https://nike.wd1.myworkdayjobs.com/en-US/nke/job/Tswwassen-Canada/Job-Posting-Title-Retail-Associate--PT---Nike-Tsawwassen-Mills_R-91348,Posted Yesterday,2026-09-03,2026-09-02T23:59:43+00:00,2026-09-02 16:59 Wed,,false,,,,false,workday:Nike:/job/Tswwassen-Canada/Job-Posting-Title-Retail-Associate--PT---Nike-Tsawwassen-Mills_R-91348
Nike:/job/Edmonton-Alberta/Retail-Associate--SEAS---Nike-Edmonton_R-91135,Nike,"Retail Associate, SEAS - Nike Edmonton","Edmonton, Alberta",,https://nike.wd1.myworkdayjobs.com/en-US/nke/job/Edmonton-Alberta/Retail-Associate--SEAS---Nike-Edmonton_R-91135,Posted Yesterday,2026-09-03,2026-09-02T22:42:12+00:00,2026-09-02 15:42 Wed,,false,,,,false,workday:Nike:/job/Edmonton-Alberta/Retail-Associate--SEAS---Nike-Edmonton_R-91135
Nike:/job/Kitchener-Ontario/Retail-Associate--SEAS---Nike-Kitchener_R-91407,Nike,"Retail Associate, SEAS - Nike Kitchener","Kitchener, Ontario",,https://nike.wd1.myworkdayjobs.com/en-US/nke/job/Kitchener-Ontario/Retail-Associate--SEAS---Nike-Kitchener_R-91407,Posted Yesterday,2026-09-03,2026-09-03T16:59:42+00:00,2026-09-03 09:59 Thu,,false,,,,false,workday:Nike:/job/Kitchener-Ontario/Retail-Associate--SEAS---Nike-Kitchener_R-91407
Nike:/job/Concord--Ontario/Retail-Associate--SEAS---Nike-Vaughan-Mills_R-90394,Nike,"Retail Associate, SEAS - Nike Vaughan Mills","Concord , Ontario",,https://nike.wd1.myworkdayjobs.com/en-US/nke/job/Concord--Ontario/Retail-Associate--SEAS---Nike-Vaughan-Mills_R-90394,Posted Yesterday,2026-08-21,2026-08-20T21:50:24+00:00,2026-08-20 14:50 Thu,,false,,,,false,workday:Nike:/job/Concord--Ontario/Retail-Associate--SEAS---Nike-Vaughan-Mills_R-90394
Nike:/job/Dahisar-Mumbai/Retail-Department-Manager---Nike--Mumbai-_R-89219,Nike,"Retail Department Manager - Nike (Dahisar, Mumbai)","Dahisar, Mumbai",,https://nike.wd1.myworkdayjobs.com/en-US/nke/job/Dahisar-Mumbai/Retail-Department-Manager---Nike--Mumbai-_R-89219,Posted Yesterday,2026-08-19,2026-08-03T06:41:44+00:00,2026-08-02 23:41 Sun,,false,,,,false,workday:Nike:/job/Dahisar-Mumbai/Retail-Department-Manager---Nike--Mumbai-_R-89219
Nike:/job/Beijing-China-Mainland/Retail-District-Director_R-89893-1,Nike,Retail District Director,"Beijing, China Mainland",,https://nike.wd1.myworkdayjobs.com/en-US/nke/job/Beijing-China-Mainland/Retail-District-Director_R-89893-1,Posted Today,2026-08-12,2026-08-12T06:41:44+00:00,2026-08-11 23:41 Tue,,false,,,,false,workday:Nike:/job/Beijing-China-Mainland/Retail-District-Director_R-89893-1
Nike:/job/Cleveland-Ohio/Retail-District-Director---Ohio--D31_R-89785,Nike,"Retail District Director - Ohio, D31","Cleveland, Ohio",,https://nike.wd1.myworkdayjobs.com/en-US/nke/job/Cleveland-Ohio/Retail-District-Director---Ohio--D31_R-89785,Posted Today,2026-08-11,2026-08-11T03:17:30+00:00,2026-08-10 20:17 Mon,,false,,,,false,workday:Nike:/job/Cleveland-Ohio/Retail-District-Director---Ohio--D31_R-89785
Nike:/job/Savannah-Georgia/Retail-District-Director--Georgia_R-88880,Nike,"Retail District Director, Georgia D19","Savannah, Georgia",,https://nike.wd1.myworkdayjobs.com/en-US/nke/job/Savannah-Georgia/Retail-District-Director--Georgia_R-88880,Posted 5 Days Ago,2026-07-22,2026-07-27T20:59:20+00:00,2026-07-27 13:59 Mon,,false,,,,false,workday:Nike:/job/Savannah-Georgia/Retail-District-Director--Georgia_R-88880
Nike:/job/Atlanta-Georgia/Retail-District-Director--Georgia_R-88880,Nike,"Retail District Director, Georgia D19","Atlanta, Georgia",,https://nike.wd1.myworkdayjobs.com/en-US/nke/job/Atlanta-Georgia/Retail-District-Director--Georgia_R-88880,Posted Yesterday,2026-08-19,2026-08-18T23:57:28+00:00,2026-08-18 16:57 Tue,,false,,,,false,workday:Nike:/job/Atlanta-Georgia/Retail-District-Director--Georgia_R-88880
Nike:/job/Cheshire-United-Kingdom/Retail-Lead_R-89689,Nike,Retail Lead,"Cheshire, United Kingdom",,https://nike.wd1.myworkdayjobs.com/en-US/nke/job/Cheshire-United-Kingdom/Retail-Lead_R-89689,Posted Today,2026-08-10,2026-08-10T07:41:41+00:00,2026-08-10 00:41 Mon,,false,,,,false,workday:Nike:/job/Cheshire-United-Kingdom/Retail-Lead_R-89689
Nike:/job/Antrim-United-Kingdom/Retail-Lead--Service--Junction-One-Antrim_R-86000,Nike,Retail Lead (Service) Junction One Antrim,"Antrim, United Kingdom",,https://nike.wd1.myworkdayjobs.com/en-US/nke/job/Antrim-United-Kingdom/Retail-Lead--Service--Junction-One-Antrim_R-86000,Posted Today,2026-09-04,2026-08-18T12:10:51+00:00,2026-08-18 05:10 Tue,,false,,,,false,workday:Nike:/job/Antrim-United-Kingdom/Retail-Lead--Service--Junction-One-Antrim_R-86000
Nike:/job/Bicester-United-Kingdom/Retail-Lead---Bicester_R-82606,Nike,Retail Lead - Bicester,"Bicester, United Kingdom",,https://nike.wd1.myworkdayjobs.com/en-US/nke/job/Bicester-United-Kingdom/Retail-Lead---Bicester_R-82606,Posted 30+ Days Ago,2026-07-19,2026-08-18T12:10:51+00:00,2026-08-18 05:10 Tue,,false,,,,false,workday:Nike:/job/Bicester-United-Kingdom/Retail-Lead---Bicester_R-82606
Nike:/job/Kildare-Ireland/Retail-Lead---Kildare_R-89392,Nike,Retail Lead - Kildare,"Kildare, Ireland",,https://nike.wd1.myworkdayjobs.com/en-US/nke/job/Kildare-Ireland/Retail-Lead---Kildare_R-89392,Posted Today,2026-08-05,2026-08-05T12:17:24+00:00,2026-08-05 05:17 Wed,,false,,,,false,workday:Nike:/job/Kildare-Ireland/Retail-Lead---Kildare_R-89392
Nike:/job/Mansfield-United-Kingdom/Retail-Lead---Mansfield_R-89541,Nike,Retail Lead - Mansfield,"Mansfield, United Kingdom",,https://nike.wd1.myworkdayjobs.com/en-US/nke/job/Mansfield-United-Kingdom/Retail-Lead---Mansfield_R-89541,Posted 3 Days Ago,2026-08-29,2026-08-06T13:41:53+00:00,2026-08-06 06:41 Thu,,false,,,,false,workday:Nike:/job/Mansfield-United-Kingdom/Retail-Lead---Mansfield_R-89541
Nike:/job/Wembley-London/Retail-Lead---Operations---40HR---Nike-Wembley_R-88842,Nike,Retail Lead - Operations - 40HR - Nike Wembley,"Wembley, London",,https://nike.wd1.myworkdayjobs.com/en-US/nke/job/Wembley-London/Retail-Lead---Operations---40HR---Nike-Wembley_R-88842,Posted Today,2026-08-04,2026-08-04T14:17:39+00:00,2026-08-04 07:17 Tue,,false,,,,false,workday:Nike:/job/Wembley-London/Retail-Lead---Operations---40HR---Nike-Wembley_R-88842
Nike:/job/Portsmouth-United-Kingdom/Retail-Lead---Portsmouth_R-88738,Nike,Retail Lead - Portsmouth,"Portsmouth, United Kingdom",,https://nike.wd1.myworkdayjobs.com/en-US/nke/job/Portsmouth-United-Kingdom/Retail-Lead---Portsmouth_R-88738,Posted Today,2026-08-31,2026-07-24T14:59:41+00:00,2026-07-24 07:59 Fri,,false,,,,false,workday:Nike:/job/Portsmouth-United-Kingdom/Retail-Lead---Portsmouth_R-88738
Nike:/job/Swindon-United-Kingdom/Retail-Lead---Swindon_R-87050-1,Nike,Retail Lead - Swindon,"Swindon, United Kingdom",,https://nike.wd1.myworkdayjobs.com/en-US/nke/job/Swindon-United-Kingdom/Retail-Lead---Swindon_R-87050-1,Posted 30+ Days Ago,2026-07-19,2026-08-18T12:10:51+00:00,2026-08-18 05:10 Tue,,false,,,,false,workday:Nike:/job/Swindon-United-Kingdom/Retail-Lead---Swindon_R-87050-1
Nike:/job/Toronto-Ontario/Retail-Marketing-Specialist-II--Canada--Toronto-HQ-_R-86779,Nike,"Retail Marketing Specialist II, Canada (Toronto HQ)","Toronto, Ontario",,https://nike.wd1.myworkdayjobs.com/en-US/nke/job/Toronto-Ontario/Retail-Marketing-Specialist-II--Canada--Toronto-HQ-_R-86779,Posted 3 Days Ago,2026-07-09,2026-07-12T07:45:02+00:00,2026-07-12 00:45 Sun,,false,,,,false,workday:Nike:/job/Toronto-Ontario/Retail-Marketing-Specialist-II--Canada--Toronto-HQ-_R-86779
Nike:/job/South-Singapore-Singapore/Retail-Supervisor_R-89153,Nike,Retail Supervisor,"South, Singapore, Singapore",,https://nike.wd1.myworkdayjobs.com/en-US/nke/job/South-Singapore-Singapore/Retail-Supervisor_R-89153,Posted 3 Days Ago,2026-07-28,2026-07-31T06:41:18+00:00,2026-07-30 23:41 Thu,,false,,,,false,workday:Nike:/job/South-Singapore-Singapore/Retail-Supervisor_R-89153
Nike:/job/Eilat-Israel/Retail-Supervisor----_R-87768,Nike,Retail Supervisor (מנהל מחלקה),"Eilat, Israel",,https://nike.wd1.myworkdayjobs.com/en-US/nke/job/Eilat-Israel/Retail-Supervisor----_R-87768,Posted Today,2026-07-13,2026-07-13T09:40:48+00:00,2026-07-13 02:40 Mon,,false,,,,false,workday:Nike:/job/Eilat-Israel/Retail-Supervisor----_R-87768
Nike:/job/Bilu-Israel/Retail-Supervisor----_R-91360,Nike,Retail Supervisor (מנהל מחלקה),"Bilu, Israel",,https://nike.wd1.myworkdayjobs.com/en-US/nke/job/Bilu-Israel/Retail-Supervisor----_R-91360,Posted Today,2026-09-04,2026-09-03T08:41:21+00:00,2026-09-03 01:41 Thu,,false,,,,false,workday:Nike:/job/Bilu-Israel/Retail-Supervisor----_R-91360
Nike:/job/Mirabel-Canada/Retail-Supervisor---Nike-Mirabel_R-88483,Nike,Retail Supervisor - Nike Mirabel,"Mirabel, Canada",,https://nike.wd1.myworkdayjobs.com/en-US/nke/job/Mirabel-Canada/Retail-Supervisor---Nike-Mirabel_R-88483,Posted Today,2026-08-04,2026-08-04T19:17:43+00:00,2026-08-04 12:17 Tue,,false,,,,false,workday:Nike:/job/Mirabel-Canada/Retail-Supervisor---Nike-Mirabel_R-88483
Nike:/job/Montreal-Quebec/Retail-Supervisor---Nike-Montreal_R-88237,Nike,Retail Supervisor - Nike Montreal,"Montreal, Quebec",,https://nike.wd1.myworkdayjobs.com/en-US/nke/job/Montreal-Quebec/Retail-Supervisor---Nike-Montreal_R-88237,Posted Yesterday,2026-08-21,2026-07-17T18:59:46+00:00,2026-07-17 11:59 Fri,,false,,,,false,workday:Nike:/job/Montreal-Quebec/Retail-Supervisor---Nike-Montreal_R-88237
Nike:/job/Mississauga-Ontario/Retail-Supervisor-Nike-Mississauga-Dixie-Outlet_R-89126,Nike,Retail Supervisor-Nike Mississauga Dixie Outlet,"Mississauga, Ontario",,https://nike.wd1.myworkdayjobs.com/en-US/nke/job/Mississauga-Ontario/Retail-Supervisor-Nike-Mississauga-Dixie-Outlet_R-89126,Posted Yesterday,2026-09-03,2026-08-04T20:42:04+00:00,2026-08-04 13:42 Tue,,false,,,,false,workday:Nike:/job/Mississauga-Ontario/Retail-Supervisor-Nike-Mississauga-Dixie-Outlet_R-89126
Nike:/job/Halton-Hills-Ontario/Retail-Supervisor-Nike-Toronto-Premium-Outlet_R-90213,Nike,Retail Supervisor-Nike Toronto Premium Outlet,"Halton Hills, Ontario",,https://nike.wd1.myworkdayjobs.com/en-US/nke/job/Halton-Hills-Ontario/Retail-Supervisor-Nike-Toronto-Premium-Outlet_R-90213,Posted Yesterday,2026-08-27,2026-08-26T19:41:47+00:00,2026-08-26 12:41 Wed,,false,,,,false,workday:Nike:/job/Halton-Hills-Ontario/Retail-Supervisor-Nike-Toronto-Premium-Outlet_R-90213
Nike:/job/Holon-Israel/Retail-Team-Lead_R-87802,Nike,Retail Team Lead,"Holon, Israel",,https://nike.wd1.myworkdayjobs.com/en-US/nke/job/Holon-Israel/Retail-Team-Lead_R-87802,Posted Today,2026-07-13,2026-07-13T14:59:08+00:00,2026-07-13 07:59 Mon,,false,,,,false,workday:Nike:/job/Holon-Israel/Retail-Team-Lead_R-87802
Nike:/job/Bilu-Israel/Retail-Team-Lead_R-90299,Nike,Retail Team Lead,"Bilu, Israel",,https://nike.wd1.myworkdayjobs.com/en-US/nke/job/Bilu-Israel/Retail-Team-Lead_R-90299,Posted Today,2026-08-25,2026-08-24T09:32:28+00:00,2026-08-24 02:32 Mon,,false,,,,false,workday:Nike:/job/Bilu-Israel/Retail-Team-Lead_R-90299
Nike:/job/zmir-Turkey/Retail-Team-Lead--Optimum-_R-89031,Nike,Retail Team Lead (Optimum),"İzmir, Turkey",,https://nike.wd1.myworkdayjobs.com/en-US/nke/job/zmir-Turkey/Retail-Team-Lead--Optimum-_R-89031,Posted 5 Days Ago,2026-07-24,2026-07-29T08:59:15+00:00,2026-07-29 01:59 Wed,,false,,,,false,workday:Nike:/job/zmir-Turkey/Retail-Team-Lead--Optimum-_R-89031
Nike:/job/Berlin-Germany/Retail-Visual-Merchandiser--VM-Athlete---m-w-d----30H----Berlin-Ku-Damm_R-90082,Nike,Retail Visual Merchandiser (VM Athlete) (m/w/d) – 30H –  Berlin Ku'Damm,"Berlin, Germany",,https://nike.wd1.myworkdayjobs.com/en-US/nke/job/Berlin-Germany/Retail-Visual-Merchandiser--VM-Athlete---m-w-d----30H----Berlin-Ku-Damm_R-90082,Posted 2 Days Ago,2026-08-18,2026-08-17T13:41:23+00:00,2026-08-17 06:41 Mon,,false,,,,false,workday:Nike:/job/Berlin-Germany/Retail-Visual-Merchandiser--VM-Athlete---m-w-d----30H----Berlin-Ku-Damm_R-90082
Nike:/job/Laakdal-Belgium/Safety-Advisor_R-87795,Nike,Safety Advisor,"Laakdal, Belgium",,https://nike.wd1.myworkdayjobs.com/en-US/nke/job/Laakdal-Belgium/Safety-Advisor_R-87795,Posted 3 Days Ago,2026-08-29,2026-08-13T10:41:44+00:00,2026-08-13 03:41 Thu,,false,,,,false,workday:Nike:/job/Laakdal-Belgium/Safety-Advisor_R-87795
Nike:/job/Wembley-London/Sales-Associate---40hours-Converse-Wembley_R-89993,Nike,Sales Associate - 40hours Converse Wembley,"Wembley, London",,https://nike.wd1.myworkdayjobs.com/en-US/nke/job/Wembley-London/Sales-Associate---40hours-Converse-Wembley_R-89993,Posted Today,2026-08-13,2026-08-13T16:59:49+00:00,2026-08-13 09:59 Thu,,false,,,,false,workday:Nike:/job/Wembley-London/Sales-Associate---40hours-Converse-Wembley_R-89993
Nike:/job/Thessaloniki-Greece/Sales-Consultant---20H---One-Salonica-Outlet_R-85616,Nike,Sales Consultant - 20H - One Salonica Outlet,"Thessaloniki, Greece",,https://nike.wd1.myworkdayjobs.com/en-US/nke/job/Thessaloniki-Greece/Sales-Consultant---20H---One-Salonica-Outlet_R-85616,Posted 30+ Days Ago,2026-07-19,2026-08-18T12:10:51+00:00,2026-08-18 05:10 Tue,,false,,,,false,workday:Nike:/job/Thessaloniki-Greece/Sales-Consultant---20H---One-Salonica-Outlet_R-85616
Nike:/job/Athens-Greece/Sales-Consultant---20H-Part-Time---Nike-Pireos_R-89827,Nike,Sales Consultant - 20H Part Time - Nike Pireos,"Athens, Greece",,https://nike.wd1.myworkdayjobs.com/en-US/nke/job/Athens-Greece/Sales-Consultant---20H-Part-Time---Nike-Pireos_R-89827,Posted Today,2026-09-04,2026-08-11T13:18:00+00:00,2026-08-11 06:18 Tue,,false,,,,false,workday:Nike:/job/Athens-Greece/Sales-Consultant---20H-Part-Time---Nike-Pireos_R-89827
Nike:/job/Iraklion-Greece/Sales-Consultant---20H-Part-Time---Crete_R-90216,Nike,Sales Consultant - 20H Part-Time - Crete,"Iraklion, Greece",,https://nike.wd1.myworkdayjobs.com/en-US/nke/job/Iraklion-Greece/Sales-Consultant---20H-Part-Time---Crete_R-90216,Posted Yesterday,2026-08-19,2026-08-18T15:11:45+00:00,2026-08-18 08:11 Tue,,false,,,,false,workday:Nike:/job/Iraklion-Greece/Sales-Consultant---20H-Part-Time---Crete_R-90216
Nike:/job/Attica-Greece/Sales-Consultant---Part-time--Full-Time----Designer-Outlet-Spata-_R-88321-1,Nike,Sales Consultant - Part-time/ Full Time - (Designer Outlet Spata),"Attica, Greece",,https://nike.wd1.myworkdayjobs.com/en-US/nke/job/Attica-Greece/Sales-Consultant---Part-time--Full-Time----Designer-Outlet-Spata-_R-88321-1,Posted Today,2026-07-20,2026-07-20T09:17:54+00:00,2026-07-20 02:17 Mon,,false,,,,false,workday:Nike:/job/Attica-Greece/Sales-Consultant---Part-time--Full-Time----Designer-Outlet-Spata-_R-88321-1
Nike:/job/Hilversum-Netherlands/Sales-Director-Sportswear-Speciality-Energy-EMEA_R-90305,Nike,Sales Director Sportswear Specialty/Energy EMEA,"Hilversum, Netherlands",,https://nike.wd1.myworkdayjobs.com/en-US/nke/job/Hilversum-Netherlands/Sales-Director-Sportswear-Speciality-Energy-EMEA_R-90305,Posted Today,2026-08-26,2026-08-24T16:05:16+00:00,2026-08-24 09:05 Mon,,false,,,,false,workday:Nike:/job/Hilversum-Netherlands/Sales-Director-Sportswear-Speciality-Energy-EMEA_R-90305
Nike:/job/St-Louis-Missouri/Sales-Rep-Soccer-Specialty-NA_R-86874,Nike,Sales Rep Soccer Specialty NA,"St. Louis, Missouri",,https://nike.wd1.myworkdayjobs.com/en-US/nke/job/St-Louis-Missouri/Sales-Rep-Soccer-Specialty-NA_R-86874,Posted 2 Days Ago,2026-07-10,2026-07-12T07:45:02+00:00,2026-07-12 00:45 Sun,,false,,,,false,workday:Nike:/job/St-Louis-Missouri/Sales-Rep-Soccer-Specialty-NA_R-86874
Nike:/job/Toronto-Ontario/Sales-Rep--Key---General-Canada_R-86963,Nike,"Sales Rep, Key & General Canada","Toronto, Ontario",,https://nike.wd1.myworkdayjobs.com/en-US/nke/job/Toronto-Ontario/Sales-Rep--Key---General-Canada_R-86963,Posted Today,2026-09-02,2026-07-12T07:45:02+00:00,2026-07-12 00:45 Sun,,false,,,,false,workday:Nike:/job/Toronto-Ontario/Sales-Rep--Key---General-Canada_R-86963
Nike:/job/Sydney-New-South-Wales/Selling-and-Service-Specialist----Nike--Homebush_R-84983,Nike,"Selling and Service Specialist  - Nike, Homebush","Sydney, New South Wales",,https://nike.wd1.myworkdayjobs.com/en-US/nke/job/Sydney-New-South-Wales/Selling-and-Service-Specialist----Nike--Homebush_R-84983,Posted 30+ Days Ago,2026-07-19,2026-08-18T12:10:51+00:00,2026-08-18 05:10 Tue,,false,,,,false,workday:Nike:/job/Sydney-New-South-Wales/Selling-and-Service-Specialist----Nike--Homebush_R-84983
Nike:/job/Melbourne-Victoria/Selling-and-Service-Specialist--Nike-Uni-Hill_R-86914-1,Nike,"Selling and Service Specialist, Nike Uni Hill","Melbourne, Victoria",,https://nike.wd1.myworkdayjobs.com/en-US/nke/job/Melbourne-Victoria/Selling-and-Service-Specialist--Nike-Uni-Hill_R-86914-1,Posted Today,2026-08-06,2026-08-06T06:59:28+00:00,2026-08-05 23:59 Wed,,false,,,,false,workday:Nike:/job/Melbourne-Victoria/Selling-and-Service-Specialist--Nike-Uni-Hill_R-86914-1
Nike:/job/Bury-United-Kingdom/Senior-Account-Management-Representative---JD---Size--Retail-Partners----Converse-UK_R-84516,Nike,"Senior Account Management Representative - JD & Size (Retail Partners) - Converse (Bury, U.K)","Bury, United Kingdom",,https://nike.wd1.myworkdayjobs.com/en-US/nke/job/Bury-United-Kingdom/Senior-Account-Management-Representative---JD---Size--Retail-Partners----Converse-UK_R-84516,Posted 3 Days Ago,2026-07-09,2026-07-12T07:45:02+00:00,2026-07-12 00:45 Sun,,false,,,,false,workday:Nike:/job/Bury-United-Kingdom/Senior-Account-Management-Representative---JD---Size--Retail-Partners----Converse-UK_R-84516
Nike:/job/Tokyo-Japan/Senior-Accountant--Supply-Chain-and-Inventory-Japan_R-86388,Nike,"Senior Accountant, Supply Chain and Inventory Japan","Tokyo, Japan",,https://nike.wd1.myworkdayjobs.com/en-US/nke/job/Tokyo-Japan/Senior-Accountant--Supply-Chain-and-Inventory-Japan_R-86388,Posted 30+ Days Ago,2026-07-19,2026-08-18T12:10:51+00:00,2026-08-18 05:10 Tue,,false,,,,false,workday:Nike:/job/Tokyo-Japan/Senior-Accountant--Supply-Chain-and-Inventory-Japan_R-86388
Nike:/job/Beaverton-Oregon/Senior-Administrative-Assistant_R-89073,Nike,Senior Administrative Assistant,"Beaverton, Oregon",,https://nike.wd1.myworkdayjobs.com/en-US/nke/job/Beaverton-Oregon/Senior-Administrative-Assistant_R-89073,Posted 5 Days Ago,2026-07-29,2026-08-03T09:21:28+00:00,2026-08-03 02:21 Mon,,false,,,,false,workday:Nike:/job/Beaverton-Oregon/Senior-Administrative-Assistant_R-89073
Nike:/job/Shanghai-China-Mainland/Senior-Administrative-Assistant_R-89895-1,Nike,Senior Administrative Assistant,"Shanghai, China Mainland",,https://nike.wd1.myworkdayjobs.com/en-US/nke/job/Shanghai-China-Mainland/Senior-Administrative-Assistant_R-89895-1,Posted Today,2026-08-12,2026-08-12T06:41:44+00:00,2026-08-11 23:41 Tue,,false,,,,false,workday:Nike:/job/Shanghai-China-Mainland/Senior-Administrative-Assistant_R-89895-1
Nike:/job/Beaverton-Oregon/Senior-Administrative-Assistant---APLA-Sales_R-89279,Nike,Senior Administrative Assistant - APLA Sales,"Beaverton, Oregon",,https://nike.wd1.myworkdayjobs.com/en-US/nke/job/Beaverton-Oregon/Senior-Administrative-Assistant---APLA-Sales_R-89279,Posted Today,2026-08-04,2026-08-04T23:17:23+00:00,2026-08-04 16:17 Tue,,false,,,,false,workday:Nike:/job/Beaverton-Oregon/Senior-Administrative-Assistant---APLA-Sales_R-89279
Nike:/job/Boston-Massachusetts/Senior-Administrative-Assistant---Converse_R-91137,Nike,Senior Administrative Assistant - Converse,"Boston, Massachusetts",,https://nike.wd1.myworkdayjobs.com/en-US/nke/job/Boston-Massachusetts/Senior-Administrative-Assistant---Converse_R-91137,Posted 2 Days Ago,2026-09-02,2026-09-01T23:41:43+00:00,2026-09-01 16:41 Tue,,false,,,,false,workday:Nike:/job/Boston-Massachusetts/Senior-Administrative-Assistant---Converse_R-91137
Nike:/job/Beaverton-Oregon/Senior-Administrative-Assistant---Nike-Sportswear-Brand-Management---Global_R-89063,Nike,Senior Administrative Assistant - Nike Sportswear Brand Management - Global,"Beaverton, Oregon",,https://nike.wd1.myworkdayjobs.com/en-US/nke/job/Beaverton-Oregon/Senior-Administrative-Assistant---Nike-Sportswear-Brand-Management---Global_R-89063,Posted Today,2026-08-03,2026-08-03T20:17:45+00:00,2026-08-03 13:17 Mon,,false,,,,false,workday:Nike:/job/Beaverton-Oregon/Senior-Administrative-Assistant---Nike-Sportswear-Brand-Management---Global_R-89063
Nike:/job/New-York-New-York/Senior-Administrative-Assistant--NYC_R-88910,Nike,"Senior Administrative Assistant, NYC","New York, New York",,https://nike.wd1.myworkdayjobs.com/en-US/nke/job/New-York-New-York/Senior-Administrative-Assistant--NYC_R-88910,Posted 3 Days Ago,2026-07-28,2026-07-31T22:17:29+00:00,2026-07-31 15:17 Fri,,false,,,,false,workday:Nike:/job/New-York-New-York/Senior-Administrative-Assistant--NYC_R-88910
Nike:/job/Jakarta-Raya-Indonesia/Senior-Analyst--Delivery---Capacity---Nike-Indonesia_R-87865,Nike,"Senior Analyst, Delivery & Capacity - Nike Indonesia","Jakarta Raya, Indonesia",,https://nike.wd1.myworkdayjobs.com/en-US/nke/job/Jakarta-Raya-Indonesia/Senior-Analyst--Delivery---Capacity---Nike-Indonesia_R-87865,Posted Today,2026-08-28,2026-08-27T03:37:36+00:00,2026-08-26 20:37 Wed,,false,,,,false,workday:Nike:/job/Jakarta-Raya-Indonesia/Senior-Analyst--Delivery---Capacity---Nike-Indonesia_R-87865
Nike:/job/Beaverton-Oregon/Senior-Analyst--Finance-Data-Governance_R-91273,Nike,"Senior Analyst, Finance Data Governance","Beaverton, Oregon",,https://nike.wd1.myworkdayjobs.com/en-US/nke/job/Beaverton-Oregon/Senior-Analyst--Finance-Data-Governance_R-91273,Posted Yesterday,2026-09-03,2026-09-02T13:41:56+00:00,2026-09-02 06:41 Wed,,false,,,,false,workday:Nike:/job/Beaverton-Oregon/Senior-Analyst--Finance-Data-Governance_R-91273
Nike:/job/Beaverton-Oregon/Senior-Analyst--Finance-Supply-Chain--APLA_R-89413,Nike,"Senior Analyst, Finance Supply Chain, APLA","Beaverton, Oregon",,https://nike.wd1.myworkdayjobs.com/en-US/nke/job/Beaverton-Oregon/Senior-Analyst--Finance-Supply-Chain--APLA_R-89413,Posted 2 Days Ago,2026-08-27,2026-08-04T20:42:04+00:00,2026-08-04 13:42 Tue,,false,,,,false,workday:Nike:/job/Beaverton-Oregon/Senior-Analyst--Finance-Supply-Chain--APLA_R-89413
Nike:/job/South-Singapore-Singapore/Senior-Analyst--Footwear-Costing-Data---Operations_R-87106,Nike,"Senior Analyst, Footwear Costing Data & Operations","South, Singapore, Singapore",,https://nike.wd1.myworkdayjobs.com/en-US/nke/job/South-Singapore-Singapore/Senior-Analyst--Footwear-Costing-Data---Operations_R-87106,Posted 5 Days Ago,2026-07-07,2026-07-12T07:45:02+00:00,2026-07-12 00:45 Sun,,false,,,,false,workday:Nike:/job/South-Singapore-Singapore/Senior-Analyst--Footwear-Costing-Data---Operations_R-87106
Nike:/job/Beaverton-Oregon/Senior-Analyst--Product-Finance_R-88347-1,Nike,"Senior Analyst, Product Finance","Beaverton, Oregon",,https://nike.wd1.myworkdayjobs.com/en-US/nke/job/Beaverton-Oregon/Senior-Analyst--Product-Finance_R-88347-1,Posted 2 Days Ago,2026-08-18,2026-07-20T20:41:43+00:00,2026-07-20 13:41 Mon,,false,,,,false,workday:Nike:/job/Beaverton-Oregon/Senior-Analyst--Product-Finance_R-88347-1
Nike:/job/Beaverton-Oregon/Senior-Analyst--Product-Finance_R-89937,Nike,"Senior Analyst, Product Finance","Beaverton, Oregon",,https://nike.wd1.myworkdayjobs.com/en-US/nke/job/Beaverton-Oregon/Senior-Analyst--Product-Finance_R-89937,Posted 2 Days Ago,2026-08-18,2026-08-17T21:40:45+00:00,2026-08-17 14:40 Mon,,false,,,,false,workday:Nike:/job/Beaverton-Oregon/Senior-Analyst--Product-Finance_R-89937
Nike:/job/Beaverton-Oregon/Senior-Analyst--Product-Finance_R-91106,Nike,"Senior Analyst, Product Finance","Beaverton, Oregon",,https://nike.wd1.myworkdayjobs.com/en-US/nke/job/Beaverton-Oregon/Senior-Analyst--Product-Finance_R-91106,Posted Yesterday,2026-09-02,2026-09-01T16:42:10+00:00,2026-09-01 09:42 Tue,,false,,,,false,workday:Nike:/job/Beaverton-Oregon/Senior-Analyst--Product-Finance_R-91106
Nike:/job/Beaverton-Oregon/Senior-Apparel-Designer--Global-Football--Training---Golf--Global-Jordan_R-84834,Nike,"Senior Apparel Designer, Global Football, Training & Golf, Global Jordan","Beaverton, Oregon",,https://nike.wd1.myworkdayjobs.com/en-US/nke/job/Beaverton-Oregon/Senior-Apparel-Designer--Global-Football--Training---Golf--Global-Jordan_R-84834,Posted Today,2026-07-17,2026-07-17T22:59:23+00:00,2026-07-17 15:59 Fri,,false,,,,false,workday:Nike:/job/Beaverton-Oregon/Senior-Apparel-Designer--Global-Football--Training---Golf--Global-Jordan_R-84834
Nike:/job/Beaverton-Oregon/Senior-Applied-Analytics-Manager_R-89428-1,Nike,Senior Applied Analytics Manager,"Beaverton, Oregon",,https://nike.wd1.myworkdayjobs.com/en-US/nke/job/Beaverton-Oregon/Senior-Applied-Analytics-Manager_R-89428-1,Posted Today,2026-09-01,2026-08-31T13:38:32+00:00,2026-08-31 06:38 Mon,,false,,,,false,workday:Nike:/job/Beaverton-Oregon/Senior-Applied-Analytics-Manager_R-89428-1
Nike:/job/Beaverton-Oregon/Senior-Assistant-General-Counsel--Executive-Compensation--Corporate-Governance---Securities_R-86637,Nike,"Senior Assistant General Counsel, Executive Compensation, Corporate Governance & Securities","Beaverton, Oregon",,https://nike.wd1.myworkdayjobs.com/en-US/nke/job/Beaverton-Oregon/Senior-Assistant-General-Counsel--Executive-Compensation--Corporate-Governance---Securities_R-86637,Posted 30+ Days Ago,2026-07-19,2026-08-18T12:10:51+00:00,2026-08-18 05:10 Tue,,false,,,,false,workday:Nike:/job/Beaverton-Oregon/Senior-Assistant-General-Counsel--Executive-Compensation--Corporate-Governance---Securities_R-86637
Nike:/job/Hilversum-Netherlands/Senior-Assortment-Planner---Nike-SKIMS---EMEA_R-90508,Nike,"Senior Assortment Planner - Nike SKIMS , EMEA","Hilversum, Netherlands",,https://nike.wd1.myworkdayjobs.com/en-US/nke/job/Hilversum-Netherlands/Senior-Assortment-Planner---Nike-SKIMS---EMEA_R-90508,Posted Today,2026-09-02,2026-09-01T14:17:38+00:00,2026-09-01 07:17 Tue,,false,,,,false,workday:Nike:/job/Hilversum-Netherlands/Senior-Assortment-Planner---Nike-SKIMS---EMEA_R-90508
Nike:/job/Beaverton-Oregon/Senior-Assortment-Planner--Accessories--Global_R-89661,Nike,"Senior Assortment Planner, Accessories, Global","Beaverton, Oregon",,https://nike.wd1.myworkdayjobs.com/en-US/nke/job/Beaverton-Oregon/Senior-Assortment-Planner--Accessories--Global_R-89661,Posted Today,2026-08-11,2026-08-11T18:35:00+00:00,2026-08-11 11:35 Tue,,false,,,,false,workday:Nike:/job/Beaverton-Oregon/Senior-Assortment-Planner--Accessories--Global_R-89661
Nike:/job/Hilversum-Netherlands/Senior-Assortment-Planner--EMEA_R-87472,Nike,"Senior Assortment Planner, EMEA","Hilversum, Netherlands",,https://nike.wd1.myworkdayjobs.com/en-US/nke/job/Hilversum-Netherlands/Senior-Assortment-Planner--EMEA_R-87472,Posted 2 Days Ago,2026-07-10,2026-07-12T07:45:02+00:00,2026-07-12 00:45 Sun,,false,,,,false,workday:Nike:/job/Hilversum-Netherlands/Senior-Assortment-Planner--EMEA_R-87472
Nike:/job/Hilversum-Netherlands/Senior-Assortment-Planner--EMEA_R-90428,Nike,"Senior Assortment Planner, EMEA","Hilversum, Netherlands",,https://nike.wd1.myworkdayjobs.com/en-US/nke/job/Hilversum-Netherlands/Senior-Assortment-Planner--EMEA_R-90428,Posted 3 Days Ago,2026-08-22,2026-08-21T13:41:54+00:00,2026-08-21 06:41 Fri,,false,,,,false,workday:Nike:/job/Hilversum-Netherlands/Senior-Assortment-Planner--EMEA_R-90428
Nike:/job/Beaverton-Oregon/Senior-Assortment-Planner--NA_R-89079,Nike,"Senior Assortment Planner, NA","Beaverton, Oregon",,https://nike.wd1.myworkdayjobs.com/en-US/nke/job/Beaverton-Oregon/Senior-Assortment-Planner--NA_R-89079,Posted 5 Days Ago,2026-07-25,2026-07-30T05:59:45+00:00,2026-07-29 22:59 Wed,,false,,,,false,workday:Nike:/job/Beaverton-Oregon/Senior-Assortment-Planner--NA_R-89079
Nike:/job/Shanghai-China-Mainland/Senior-Athlete_R-89516,Nike,Senior Athlete,"Shanghai, China Mainland",,https://nike.wd1.myworkdayjobs.com/en-US/nke/job/Shanghai-China-Mainland/Senior-Athlete_R-89516,Posted Today,2026-08-11,2026-08-11T02:59:53+00:00,2026-08-10 19:59 Mon,,false,,,,false,workday:Nike:/job/Shanghai-China-Mainland/Senior-Athlete_R-89516
Nike:/job/Dalian-China-Mainland/Senior-Athlete_R-48656,Nike,Senior Athlete,"Dalian, China Mainland",,https://nike.wd1.myworkdayjobs.com/en-US/nke/job/Dalian-China-Mainland/Senior-Athlete_R-48656,Posted 30+ Days Ago,2026-07-19,2026-08-18T12:10:51+00:00,2026-08-18 05:10 Tue,,false,,,,false,workday:Nike:/job/Dalian-China-Mainland/Senior-Athlete_R-48656
Nike:/job/Foshan-China-Mainland/Senior-Athlete_R-85984,Nike,Senior Athlete,"Foshan, China Mainland",,https://nike.wd1.myworkdayjobs.com/en-US/nke/job/Foshan-China-Mainland/Senior-Athlete_R-85984,Posted 30+ Days Ago,2026-07-19,2026-08-18T12:10:51+00:00,2026-08-18 05:10 Tue,,false,,,,false,workday:Nike:/job/Foshan-China-Mainland/Senior-Athlete_R-85984
Nike:/job/Beaverton-Oregon/Senior-Auditor--Global-Audit-and-Risk-Management_R-88978,Nike,"Senior Auditor, Global Audit and Risk Management","Beaverton, Oregon",,https://nike.wd1.myworkdayjobs.com/en-US/nke/job/Beaverton-Oregon/Senior-Auditor--Global-Audit-and-Risk-Management_R-88978,Posted 6 Days Ago,2026-07-22,2026-07-28T23:56:06+00:00,2026-07-28 16:56 Tue,,false,,,,false,workday:Nike:/job/Beaverton-Oregon/Senior-Auditor--Global-Audit-and-Risk-Management_R-88978
Nike:/job/Melbourne-Victoria/Senior-Brand-Specialist--Nike-Football---Team-Sports--Pacific_R-87952-1,Nike,"Senior Brand Specialist, Nike Football & Team Sports, Pacific","Melbourne, Victoria",,https://nike.wd1.myworkdayjobs.com/en-US/nke/job/Melbourne-Victoria/Senior-Brand-Specialist--Nike-Football---Team-Sports--Pacific_R-87952-1,Posted Today,2026-07-15,2026-07-15T23:41:03+00:00,2026-07-15 16:41 Wed,,false,,,,false,workday:Nike:/job/Melbourne-Victoria/Senior-Brand-Specialist--Nike-Football---Team-Sports--Pacific_R-87952-1
Nike:/job/Hilversum-Netherlands/Senior-Business-Integration--Local-Creation-EMEA_R-86950,Nike,"Senior Business Integration, Local Creation EMEA","Hilversum, Netherlands",,https://nike.wd1.myworkdayjobs.com/en-US/nke/job/Hilversum-Netherlands/Senior-Business-Integration--Local-Creation-EMEA_R-86950,Posted 3 Days Ago,2026-07-09,2026-07-12T07:45:02+00:00,2026-07-12 00:45 Sun,,false,,,,false,workday:Nike:/job/Hilversum-Netherlands/Senior-Business-Integration--Local-Creation-EMEA_R-86950
Nike:/job/Hilversum-Netherlands/Senior-Business-Support-Assistant_R-85829-1,Nike,Senior Business Support Assistant,"Hilversum, Netherlands",,https://nike.wd1.myworkdayjobs.com/en-US/nke/job/Hilversum-Netherlands/Senior-Business-Support-Assistant_R-85829-1,Posted Today,2026-07-21,2026-07-21T08:41:21+00:00,2026-07-21 01:41 Tue,,false,,,,false,workday:Nike:/job/Hilversum-Netherlands/Senior-Business-Support-Assistant_R-85829-1
Nike:/job/Beaverton-Oregon/Senior-Buyer--NDDC-Merchandising---Field-Sports_R-88909,Nike,"Senior Buyer, NDDC Merchandising - Field Sports","Beaverton, Oregon",,https://nike.wd1.myworkdayjobs.com/en-US/nke/job/Beaverton-Oregon/Senior-Buyer--NDDC-Merchandising---Field-Sports_R-88909,Posted Today,2026-08-10,2026-08-10T19:48:52+00:00,2026-08-10 12:48 Mon,,false,,,,false,workday:Nike:/job/Beaverton-Oregon/Senior-Buyer--NDDC-Merchandising---Field-Sports_R-88909
Nike:/job/Busan-Korea/Senior-Chemical-Engineer--Korea_R-87086-1,Nike,"Senior Chemical Engineer, Korea","Busan, Korea",,https://nike.wd1.myworkdayjobs.com/en-US/nke/job/Busan-Korea/Senior-Chemical-Engineer--Korea_R-87086-1,Posted 5 Days Ago,2026-07-07,2026-07-12T07:45:02+00:00,2026-07-12 00:45 Sun,,false,,,,false,workday:Nike:/job/Busan-Korea/Senior-Chemical-Engineer--Korea_R-87086-1
Nike:/job/Boston-Massachusetts/Senior-Concept-Designer_R-87376,Nike,Senior Concept Designer,"Boston, Massachusetts",,https://nike.wd1.myworkdayjobs.com/en-US/nke/job/Boston-Massachusetts/Senior-Concept-Designer_R-87376,Posted Today,2026-07-20,2026-07-20T20:41:43+00:00,2026-07-20 13:41 Mon,,false,,,,false,workday:Nike:/job/Boston-Massachusetts/Senior-Concept-Designer_R-87376
Nike:/job/Beaverton-Oregon/Senior-Contracting-Specialist--Global-Contracting-Services_R-91149,Nike,"Senior Contracting Specialist, Global Contracting Services","Beaverton, Oregon",,https://nike.wd1.myworkdayjobs.com/en-US/nke/job/Beaverton-Oregon/Senior-Contracting-Specialist--Global-Contracting-Services_R-91149,Posted Yesterday,2026-09-03,2026-09-02T19:42:26+00:00,2026-09-02 12:42 Wed,,false,,,,false,workday:Nike:/job/Beaverton-Oregon/Senior-Contracting-Specialist--Global-Contracting-Services_R-91149
Nike:/job/Hilversum-Netherlands/Senior-Costing---Sourcing-Analyst--Local-Creation-EMEA_R-87149,Nike,"Senior Costing & Sourcing Analyst, Local Creation EMEA","Hilversum, Netherlands",,https://nike.wd1.myworkdayjobs.com/en-US/nke/job/Hilversum-Netherlands/Senior-Costing---Sourcing-Analyst--Local-Creation-EMEA_R-87149,Posted 4 Days Ago,2026-07-08,2026-07-12T07:45:02+00:00,2026-07-12 00:45 Sun,,false,,,,false,workday:Nike:/job/Hilversum-Netherlands/Senior-Costing---Sourcing-Analyst--Local-Creation-EMEA_R-87149
Nike:/job/Beaverton-Oregon/Senior-Creative-Director--Energy--Global-Jordan_R-83455,Nike,"Senior Creative Director, Energy, Global Jordan","Beaverton, Oregon",,https://nike.wd1.myworkdayjobs.com/en-US/nke/job/Beaverton-Oregon/Senior-Creative-Director--Energy--Global-Jordan_R-83455,Posted Yesterday,2026-08-19,2026-08-18T17:31:44+00:00,2026-08-18 10:31 Tue,,false,,,,false,workday:Nike:/job/Beaverton-Oregon/Senior-Creative-Director--Energy--Global-Jordan_R-83455
Nike:/job/Karnataka-India/Senior-Data-Engineer--ITC_R-89039,Nike,"Senior Data Engineer, ITC","Karnataka, India",,https://nike.wd1.myworkdayjobs.com/en-US/nke/job/Karnataka-India/Senior-Data-Engineer--ITC_R-89039,Posted Today,2026-09-02,2026-07-29T10:41:26+00:00,2026-07-29 03:41 Wed,,false,,,,false,workday:Nike:/job/Karnataka-India/Senior-Data-Engineer--ITC_R-89039
Nike:/job/Beaverton-Oregon/Senior-Data-Scientist_R-89671,Nike,Senior Data Scientist,"Beaverton, Oregon",,https://nike.wd1.myworkdayjobs.com/en-US/nke/job/Beaverton-Oregon/Senior-Data-Scientist_R-89671,Posted Today,2026-08-14,2026-08-14T18:07:01+00:00,2026-08-14 11:07 Fri,,false,,,,false,workday:Nike:/job/Beaverton-Oregon/Senior-Data-Scientist_R-89671
Nike:/job/Karnataka-India/Senior-Data-Scientist--ITC_R-87980,Nike,"Senior Data Scientist, ITC","Karnataka, India",,https://nike.wd1.myworkdayjobs.com/en-US/nke/job/Karnataka-India/Senior-Data-Scientist--ITC_R-87980,Posted Today,2026-07-15,2026-07-15T12:17:43+00:00,2026-07-15 05:17 Wed,,false,,,,false,workday:Nike:/job/Karnataka-India/Senior-Data-Scientist--ITC_R-87980
Nike:/job/Karnataka-India/Senior-Data-Scientist--ITC_R-87981-1,Nike,"Senior Data Scientist, ITC","Karnataka, India",,https://nike.wd1.myworkdayjobs.com/en-US/nke/job/Karnataka-India/Senior-Data-Scientist--ITC_R-87981-1,Posted Today,2026-07-15,2026-07-15T12:17:43+00:00,2026-07-15 05:17 Wed,,false,,,,false,workday:Nike:/job/Karnataka-India/Senior-Data-Scientist--ITC_R-87981-1
Nike:/job/Karnataka-India/Senior-Data-Scientist--ITC_R-88739,Nike,"Senior Data Scientist, ITC","Karnataka, India",,https://nike.wd1.myworkdayjobs.com/en-US/nke/job/Karnataka-India/Senior-Data-Scientist--ITC_R-88739,Posted Today,2026-07-24,2026-07-24T15:41:48+00:00,2026-07-24 08:41 Fri,,false,,,,false,workday:Nike:/job/Karnataka-India/Senior-Data-Scientist--ITC_R-88739
Nike:/job/Karnataka-India/Senior-Data-Scientist--ITC_R-88740,Nike,"Senior Data Scientist, ITC","Karnataka, India",,https://nike.wd1.myworkdayjobs.com/en-US/nke/job/Karnataka-India/Senior-Data-Scientist--ITC_R-88740,Posted Today,2026-07-24,2026-07-24T15:41:48+00:00,2026-07-24 08:41 Fri,,false,,,,false,workday:Nike:/job/Karnataka-India/Senior-Data-Scientist--ITC_R-88740
Nike:/job/Karnataka-India/Senior-Delivery---Capacity-Analyst--India_R-91067,Nike,"Senior Delivery & Capacity Analyst, India","Karnataka, India",,https://nike.wd1.myworkdayjobs.com/en-US/nke/job/Karnataka-India/Senior-Delivery---Capacity-Analyst--India_R-91067,Posted Today,2026-09-01,2026-08-31T06:41:30+00:00,2026-08-30 23:41 Sun,,false,,,,false,workday:Nike:/job/Karnataka-India/Senior-Delivery---Capacity-Analyst--India_R-91067
Nike:/job/Beaverton-Oregon/Senior-Design-Manager--Footwear---Apparel-Expression--Nike-Basketball-Signature-Athlete_R-89186,Nike,"Senior Design Manager, Footwear & Apparel Expression, Nike Basketball Signature Athlete","Beaverton, Oregon",,https://nike.wd1.myworkdayjobs.com/en-US/nke/job/Beaverton-Oregon/Senior-Design-Manager--Footwear---Apparel-Expression--Nike-Basketball-Signature-Athlete_R-89186,Posted 3 Days Ago,2026-07-28,2026-07-31T18:41:45+00:00,2026-07-31 11:41 Fri,,false,,,,false,workday:Nike:/job/Beaverton-Oregon/Senior-Design-Manager--Footwear---Apparel-Expression--Nike-Basketball-Signature-Athlete_R-89186
Nike:/job/Beaverton-Oregon/Senior-Designer--Accessories-Innovation-Design_R-88131,Nike,"Senior Designer, Accessories Innovation Design","Beaverton, Oregon",,https://nike.wd1.myworkdayjobs.com/en-US/nke/job/Beaverton-Oregon/Senior-Designer--Accessories-Innovation-Design_R-88131,Posted Today,2026-07-21,2026-07-21T04:17:06+00:00,2026-07-20 21:17 Mon,,false,,,,false,workday:Nike:/job/Beaverton-Oregon/Senior-Designer--Accessories-Innovation-Design_R-88131
Nike:/job/Beaverton-Oregon/Senior-Designer--Accessories-Product-Design--Socks_R-88137,Nike,"Senior Designer, Accessories Product Design, Socks","Beaverton, Oregon",,https://nike.wd1.myworkdayjobs.com/en-US/nke/job/Beaverton-Oregon/Senior-Designer--Accessories-Product-Design--Socks_R-88137,Posted 6 Days Ago,2026-07-23,2026-07-29T03:41:22+00:00,2026-07-28 20:41 Tue,,false,,,,false,workday:Nike:/job/Beaverton-Oregon/Senior-Designer--Accessories-Product-Design--Socks_R-88137
Nike:/job/Beaverton-Oregon/Senior-Designer--ACG-Apparel---Accessories-Product-Design_R-90240,Nike,"Senior Designer, ACG Apparel & Accessories Product Design","Beaverton, Oregon",,https://nike.wd1.myworkdayjobs.com/en-US/nke/job/Beaverton-Oregon/Senior-Designer--ACG-Apparel---Accessories-Product-Design_R-90240,Posted Yesterday,2026-08-20,2026-08-20T02:59:25+00:00,2026-08-19 19:59 Wed,,false,,,,false,workday:Nike:/job/Beaverton-Oregon/Senior-Designer--ACG-Apparel---Accessories-Product-Design_R-90240
Nike:/job/Hilversum-Netherlands/Senior-Designer--Apparel--Local-Creation-EMEA_R-87146-1,Nike,"Senior Designer, Apparel, Local Creation EMEA","Hilversum, Netherlands",,https://nike.wd1.myworkdayjobs.com/en-US/nke/job/Hilversum-Netherlands/Senior-Designer--Apparel--Local-Creation-EMEA_R-87146-1,Posted Today,2026-07-14,2026-07-14T14:31:55+00:00,2026-07-14 07:31 Tue,,false,,,,false,workday:Nike:/job/Hilversum-Netherlands/Senior-Designer--Apparel--Local-Creation-EMEA_R-87146-1
Nike:/job/Shanghai-China-Mainland/Senior-Designer--Color---Materials--Local-Creation-GC_R-88332,Nike,"Senior Designer, Color & Materials, Local Creation GC","Shanghai, China Mainland",,https://nike.wd1.myworkdayjobs.com/en-US/nke/job/Shanghai-China-Mainland/Senior-Designer--Color---Materials--Local-Creation-GC_R-88332,Posted Today,2026-07-20,2026-07-20T09:59:12+00:00,2026-07-20 02:59 Mon,,false,,,,false,workday:Nike:/job/Shanghai-China-Mainland/Senior-Designer--Color---Materials--Local-Creation-GC_R-88332
Nike:/job/Beaverton-Oregon/Senior-Designer--Digital-Design-Excellence--3D-Footwear-Design-_R-78750,Nike,"Senior Designer, Digital Design Excellence (3D Footwear Design)","Beaverton, Oregon",,https://nike.wd1.myworkdayjobs.com/en-US/nke/job/Beaverton-Oregon/Senior-Designer--Digital-Design-Excellence--3D-Footwear-Design-_R-78750,Posted 30+ Days Ago,2026-07-19,2026-08-18T12:10:51+00:00,2026-08-18 05:10 Tue,,false,,,,false,workday:Nike:/job/Beaverton-Oregon/Senior-Designer--Digital-Design-Excellence--3D-Footwear-Design-_R-78750
Nike:/job/Beaverton-Oregon/Senior-Designer--Field-Sports---Color-Design_R-87073,Nike,"Senior Designer, Field Sports , Color Design","Beaverton, Oregon",,https://nike.wd1.myworkdayjobs.com/en-US/nke/job/Beaverton-Oregon/Senior-Designer--Field-Sports---Color-Design_R-87073,Posted Today,2026-07-16,2026-07-16T17:59:45+00:00,2026-07-16 10:59 Thu,,false,,,,false,workday:Nike:/job/Beaverton-Oregon/Senior-Designer--Field-Sports---Color-Design_R-87073
Nike:/job/Beaverton-Oregon/Senior-Designer--Field-Sports-Apparel-Graphic-Design_R-89247,Nike,"Senior Designer, Field Sports Apparel Graphic Design","Beaverton, Oregon",,https://nike.wd1.myworkdayjobs.com/en-US/nke/job/Beaverton-Oregon/Senior-Designer--Field-Sports-Apparel-Graphic-Design_R-89247,Posted Today,2026-08-05,2026-08-05T23:17:09+00:00,2026-08-05 16:17 Wed,,false,,,,false,workday:Nike:/job/Beaverton-Oregon/Senior-Designer--Field-Sports-Apparel-Graphic-Design_R-89247
Nike:/job/Beaverton-Oregon/Senior-Designer--Field-Sports-Apparel-Product-Design_R-87913,Nike,"Senior Designer, Field Sports Apparel Product Design","Beaverton, Oregon",,https://nike.wd1.myworkdayjobs.com/en-US/nke/job/Beaverton-Oregon/Senior-Designer--Field-Sports-Apparel-Product-Design_R-87913,Posted Today,2026-07-21,2026-07-21T04:17:06+00:00,2026-07-20 21:17 Mon,,false,,,,false,workday:Nike:/job/Beaverton-Oregon/Senior-Designer--Field-Sports-Apparel-Product-Design_R-87913
Nike:/job/Beaverton-Oregon/Senior-Designer--Field-Sports-Footwear-Graphic-Design_R-89248,Nike,"Senior Designer, Field Sports Footwear Graphic Design","Beaverton, Oregon",,https://nike.wd1.myworkdayjobs.com/en-US/nke/job/Beaverton-Oregon/Senior-Designer--Field-Sports-Footwear-Graphic-Design_R-89248,Posted Today,2026-08-03,2026-08-03T16:41:48+00:00,2026-08-03 09:41 Mon,,false,,,,false,workday:Nike:/job/Beaverton-Oregon/Senior-Designer--Field-Sports-Footwear-Graphic-Design_R-89248
Nike:/job/Beaverton-Oregon/Senior-Designer--Field-Sports-Footwear-Product-Design_R-78406,Nike,"Senior Designer, Field Sports Footwear Product Design","Beaverton, Oregon",,https://nike.wd1.myworkdayjobs.com/en-US/nke/job/Beaverton-Oregon/Senior-Designer--Field-Sports-Footwear-Product-Design_R-78406,Posted Today,2026-08-10,2026-08-10T14:59:56+00:00,2026-08-10 07:59 Mon,,false,,,,false,workday:Nike:/job/Beaverton-Oregon/Senior-Designer--Field-Sports-Footwear-Product-Design_R-78406
Nike:/job/Hilversum-Netherlands/Senior-Designer--Footwear-Graphics--Local-Creation-EMEA_R-86936,Nike,"Senior Designer, Footwear Graphics, Local Creation EMEA","Hilversum, Netherlands",,https://nike.wd1.myworkdayjobs.com/en-US/nke/job/Hilversum-Netherlands/Senior-Designer--Footwear-Graphics--Local-Creation-EMEA_R-86936,Posted Yesterday,2026-08-27,2026-07-15T22:17:31+00:00,2026-07-15 15:17 Wed,,false,,,,false,workday:Nike:/job/Hilversum-Netherlands/Senior-Designer--Footwear-Graphics--Local-Creation-EMEA_R-86936
Nike:/job/Beaverton-Oregon/Senior-Designer--Golf-Footwear-Product-Design-Expression_R-71326,Nike,"Senior Designer, Footwear Product Design , Nike Golf","Beaverton, Oregon",,https://nike.wd1.myworkdayjobs.com/en-US/nke/job/Beaverton-Oregon/Senior-Designer--Golf-Footwear-Product-Design-Expression_R-71326,Posted Today,2026-07-21,2026-07-21T19:17:38+00:00,2026-07-21 12:17 Tue,,false,,,,false,workday:Nike:/job/Beaverton-Oregon/Senior-Designer--Golf-Footwear-Product-Design-Expression_R-71326
Nike:/job/Beaverton-Oregon/Senior-Designer--GFB-Footwear-Color---Graphics-Design_R-88091,Nike,"Senior Designer, GFB Footwear Color & Graphics Design","Beaverton, Oregon",,https://nike.wd1.myworkdayjobs.com/en-US/nke/job/Beaverton-Oregon/Senior-Designer--GFB-Footwear-Color---Graphics-Design_R-88091,Posted Yesterday,2026-08-25,2026-07-23T16:42:01+00:00,2026-07-23 09:42 Thu,,false,,,,false,workday:Nike:/job/Beaverton-Oregon/Senior-Designer--GFB-Footwear-Color---Graphics-Design_R-88091
Nike:/job/Beaverton-Oregon/Senior-Designer--Kids-NSW---Tee-Apparel-Graphic-Design_R-85586-1,Nike,"Senior Designer, Kids NSW & Tee Apparel Graphic Design","Beaverton, Oregon",,https://nike.wd1.myworkdayjobs.com/en-US/nke/job/Beaverton-Oregon/Senior-Designer--Kids-NSW---Tee-Apparel-Graphic-Design_R-85586-1,Posted 30+ Days Ago,2026-07-19,2026-08-18T12:10:51+00:00,2026-08-18 05:10 Tue,,false,,,,false,workday:Nike:/job/Beaverton-Oregon/Senior-Designer--Kids-NSW---Tee-Apparel-Graphic-Design_R-85586-1
Nike:/job/Los-Angeles-California/Senior-Designer--NikeSKIMS-Apparel-Product-Design_R-87612,Nike,"Senior Designer, NikeSKIMS Apparel Product Design","Los Angeles, California",,https://nike.wd1.myworkdayjobs.com/en-US/nke/job/Los-Angeles-California/Senior-Designer--NikeSKIMS-Apparel-Product-Design_R-87612,Posted Today,2026-07-22,2026-07-22T00:17:35+00:00,2026-07-21 17:17 Tue,,false,,,,false,workday:Nike:/job/Los-Angeles-California/Senior-Designer--NikeSKIMS-Apparel-Product-Design_R-87612
Nike:/job/Beaverton-Oregon/Senior-Designer--NSW-Icons-Footwear-Product-Design_R-90702,Nike,"Senior Designer, NSW Footwear Product Design","Beaverton, Oregon",,https://nike.wd1.myworkdayjobs.com/en-US/nke/job/Beaverton-Oregon/Senior-Designer--NSW-Icons-Footwear-Product-Design_R-90702,Posted Yesterday,2026-09-03,2026-09-02T01:06:51+00:00,2026-09-01 18:06 Tue,,false,,,,false,workday:Nike:/job/Beaverton-Oregon/Senior-Designer--NSW-Icons-Footwear-Product-Design_R-90702
Nike:/job/Beaverton-Oregon/Senior-Designer--Streetwear-Icons-Footwear-Materials-Design--Global-Jordan_R-78673,Nike,"Senior Designer, Streetwear Icons Footwear Materials Design, Global Jordan","Beaverton, Oregon",,https://nike.wd1.myworkdayjobs.com/en-US/nke/job/Beaverton-Oregon/Senior-Designer--Streetwear-Icons-Footwear-Materials-Design--Global-Jordan_R-78673,Posted Today,2026-07-21,2026-07-21T18:41:53+00:00,2026-07-21 11:41 Tue,,false,,,,false,workday:Nike:/job/Beaverton-Oregon/Senior-Designer--Streetwear-Icons-Footwear-Materials-Design--Global-Jordan_R-78673
Nike:/job/Beaverton-Oregon/Senior-Designer--Tennis-Apparel-Color-Design_R-76184,Nike,"Senior Designer, Tennis Apparel Color Design","Beaverton, Oregon",,https://nike.wd1.myworkdayjobs.com/en-US/nke/job/Beaverton-Oregon/Senior-Designer--Tennis-Apparel-Color-Design_R-76184,Posted Today,2026-07-14,2026-07-14T22:17:13+00:00,2026-07-14 15:17 Tue,,false,,,,false,workday:Nike:/job/Beaverton-Oregon/Senior-Designer--Tennis-Apparel-Color-Design_R-76184
Nike:/job/Shanghai-China-Mainland/SENIOR-DIRECTOR-NSW-SB-SMD_R-86466,Nike,SENIOR DIRECTOR NSW/SB SMD,"Shanghai, China Mainland",,https://nike.wd1.myworkdayjobs.com/en-US/nke/job/Shanghai-China-Mainland/SENIOR-DIRECTOR-NSW-SB-SMD_R-86466,Posted 30+ Days Ago,2026-07-19,2026-08-18T12:10:51+00:00,2026-08-18 05:10 Tue,,false,,,,false,workday:Nike:/job/Shanghai-China-Mainland/SENIOR-DIRECTOR-NSW-SB-SMD_R-86466
Nike:/job/Karnataka-India/Senior-Director-of-Observability-Engineering---ITC_R-85914,Nike,"Senior Director of Observability Engineering , ITC","Karnataka, India",,https://nike.wd1.myworkdayjobs.com/en-US/nke/job/Karnataka-India/Senior-Director-of-Observability-Engineering---ITC_R-85914,Posted 30+ Days Ago,2026-07-19,2026-08-18T12:10:51+00:00,2026-08-18 05:10 Tue,,false,,,,false,workday:Nike:/job/Karnataka-India/Senior-Director-of-Observability-Engineering---ITC_R-85914
Nike:/job/Karnataka-India/Senior-Director-of-Software-Engineering---Marketing-Technology--ITC_R-85442,Nike,"Senior Director of Software Engineering - Marketing Technology, ITC","Karnataka, India",,https://nike.wd1.myworkdayjobs.com/en-US/nke/job/Karnataka-India/Senior-Director-of-Software-Engineering---Marketing-Technology--ITC_R-85442,Posted 30+ Days Ago,2026-07-19,2026-08-18T12:10:51+00:00,2026-08-18 05:10 Tue,,false,,,,false,workday:Nike:/job/Karnataka-India/Senior-Director-of-Software-Engineering---Marketing-Technology--ITC_R-85442
Nike:/job/Shanghai-China-Mainland/Senior-Director--Apparel-Local-Creation-GC_R-88050,Nike,"Senior Director, Apparel Local Creation GC","Shanghai, China Mainland",,https://nike.wd1.myworkdayjobs.com/en-US/nke/job/Shanghai-China-Mainland/Senior-Director--Apparel-Local-Creation-GC_R-88050,Posted Today,2026-07-16,2026-07-16T06:17:31+00:00,2026-07-15 23:17 Wed,,false,,,,false,workday:Nike:/job/Shanghai-China-Mainland/Senior-Director--Apparel-Local-Creation-GC_R-88050
Nike:/job/Seoul-Korea/Senior-Director--Assistant-General-Counsel--Korea_R-87117,Nike,"Senior Director, Assistant General Counsel, Korea","Seoul, Korea",,https://nike.wd1.myworkdayjobs.com/en-US/nke/job/Seoul-Korea/Senior-Director--Assistant-General-Counsel--Korea_R-87117,Posted 30+ Days Ago,2026-07-19,2026-08-18T12:10:51+00:00,2026-08-18 05:10 Tue,,false,,,,false,workday:Nike:/job/Seoul-Korea/Senior-Director--Assistant-General-Counsel--Korea_R-87117
Nike:/job/Shanghai-China-Mainland/Senior-Director--ED-AI--GC_R-90410-1,Nike,"Senior Director, ED&AI, GC","Shanghai, China Mainland",,https://nike.wd1.myworkdayjobs.com/en-US/nke/job/Shanghai-China-Mainland/Senior-Director--ED-AI--GC_R-90410-1,Posted 3 Days Ago,2026-08-21,2026-08-21T04:41:28+00:00,2026-08-20 21:41 Thu,,false,,,,false,workday:Nike:/job/Shanghai-China-Mainland/Senior-Director--ED-AI--GC_R-90410-1
Nike:/job/Beaverton-Oregon/Senior-Director--Global-Athlete-Business--SGA_R-86905,Nike,"Senior Director, Global Athlete Business, SGA","Beaverton, Oregon",,https://nike.wd1.myworkdayjobs.com/en-US/nke/job/Beaverton-Oregon/Senior-Director--Global-Athlete-Business--SGA_R-86905,Posted 3 Days Ago,2026-07-09,2026-07-12T07:45:02+00:00,2026-07-12 00:45 Sun,,false,,,,false,workday:Nike:/job/Beaverton-Oregon/Senior-Director--Global-Athlete-Business--SGA_R-86905
Nike:/job/Hilversum-Netherlands/Senior-Director--GPS-EMEA_R-89462,Nike,"Senior Director, GPS EMEA","Hilversum, Netherlands",,https://nike.wd1.myworkdayjobs.com/en-US/nke/job/Hilversum-Netherlands/Senior-Director--GPS-EMEA_R-89462,Posted Today,2026-08-06,2026-08-06T07:26:27+00:00,2026-08-06 00:26 Thu,,false,,,,false,workday:Nike:/job/Hilversum-Netherlands/Senior-Director--GPS-EMEA_R-89462
Nike:/job/Guangzhou-China-Mainland/Senior-Director--Manufacturing-Engineering-Modernization_R-89080,Nike,"Senior Director, Manufacturing Engineering Modernization","Guangzhou, China Mainland",,https://nike.wd1.myworkdayjobs.com/en-US/nke/job/Guangzhou-China-Mainland/Senior-Director--Manufacturing-Engineering-Modernization_R-89080,Posted Today,2026-08-03,2026-08-03T08:00:42+00:00,2026-08-03 01:00 Mon,,false,,,,false,workday:Nike:/job/Guangzhou-China-Mainland/Senior-Director--Manufacturing-Engineering-Modernization_R-89080
Nike:/job/Berlin-Germany/Senior-Director--Multi-Store-Management_R-89902,Nike,"Senior Director, Multi-Store Management (m/f/x)","Berlin, Germany",,https://nike.wd1.myworkdayjobs.com/en-US/nke/job/Berlin-Germany/Senior-Director--Multi-Store-Management_R-89902,Posted 3 Days Ago,2026-08-21,2026-08-12T08:41:19+00:00,2026-08-12 01:41 Wed,,false,,,,false,workday:Nike:/job/Berlin-Germany/Senior-Director--Multi-Store-Management_R-89902
Nike:/job/Tokyo-Japan/Senior-Director--NDDC-Japan_R-88520,Nike,"Senior Director, NDDC Japan","Tokyo, Japan",,https://nike.wd1.myworkdayjobs.com/en-US/nke/job/Tokyo-Japan/Senior-Director--NDDC-Japan_R-88520,Posted Today,2026-08-14,2026-08-14T03:41:40+00:00,2026-08-13 20:41 Thu,,false,,,,false,workday:Nike:/job/Tokyo-Japan/Senior-Director--NDDC-Japan_R-88520
Nike:/job/Beaverton-Oregon/Senior-Director--Sports-Marketing-Strategy_R-88627,Nike,"Senior Director, Sports Marketing Strategy","Beaverton, Oregon",,https://nike.wd1.myworkdayjobs.com/en-US/nke/job/Beaverton-Oregon/Senior-Director--Sports-Marketing-Strategy_R-88627,Posted 7 Days Ago,2026-07-20,2026-07-27T15:17:47+00:00,2026-07-27 08:17 Mon,,false,,,,false,workday:Nike:/job/Beaverton-Oregon/Senior-Director--Sports-Marketing-Strategy_R-88627
Nike:/job/Beaverton-Oregon/Senior-Director--Supply-Chain-Nike-Direct--NA_R-89288,Nike,"Senior Director, Supply Chain Nike Direct, NA","Beaverton, Oregon",,https://nike.wd1.myworkdayjobs.com/en-US/nke/job/Beaverton-Oregon/Senior-Director--Supply-Chain-Nike-Direct--NA_R-89288,Posted Today,2026-08-04,2026-08-04T18:59:45+00:00,2026-08-04 11:59 Tue,,false,,,,false,workday:Nike:/job/Beaverton-Oregon/Senior-Director--Supply-Chain-Nike-Direct--NA_R-89288
Nike:/job/Guangzhou-China-Mainland/Senior-Engineer--Footwear-Cost-Engineering_R-87002,Nike,"Senior Engineer, Footwear Cost Engineering","Guangzhou, China Mainland",,https://nike.wd1.myworkdayjobs.com/en-US/nke/job/Guangzhou-China-Mainland/Senior-Engineer--Footwear-Cost-Engineering_R-87002,Posted 30+ Days Ago,2026-07-19,2026-08-18T12:10:51+00:00,2026-08-18 05:10 Tue,,false,,,,false,workday:Nike:/job/Guangzhou-China-Mainland/Senior-Engineer--Footwear-Cost-Engineering_R-87002
Nike:/job/Busan-Korea/Senior-Engineer--Footwear-Cost-Engineering--Korea_R-87090,Nike,"Senior Engineer, Footwear Cost Engineering, Korea","Busan, Korea",,https://nike.wd1.myworkdayjobs.com/en-US/nke/job/Busan-Korea/Senior-Engineer--Footwear-Cost-Engineering--Korea_R-87090,Posted 5 Days Ago,2026-07-07,2026-07-12T07:45:02+00:00,2026-07-12 00:45 Sun,,false,,,,false,workday:Nike:/job/Busan-Korea/Senior-Engineer--Footwear-Cost-Engineering--Korea_R-87090
Nike:/job/St-Charles-Missouri/Senior-Engineer--Quality--Air-Manufacturing-Innovation_R-89142,Nike,"Senior Engineer, Quality, Air Manufacturing Innovation","St. Charles, Missouri",,https://nike.wd1.myworkdayjobs.com/en-US/nke/job/St-Charles-Missouri/Senior-Engineer--Quality--Air-Manufacturing-Innovation_R-89142,Posted 2 Days Ago,2026-08-18,2026-08-17T20:06:49+00:00,2026-08-17 13:06 Mon,,false,,,,false,workday:Nike:/job/St-Charles-Missouri/Senior-Engineer--Quality--Air-Manufacturing-Innovation_R-89142
Nike:/job/Beaverton-Oregon/Senior-Expert-Designer--Nike-Basketball-Signature-Apparel_R-86978,Nike,"Senior Expert Designer, Nike Basketball Signature Apparel","Beaverton, Oregon",,https://nike.wd1.myworkdayjobs.com/en-US/nke/job/Beaverton-Oregon/Senior-Expert-Designer--Nike-Basketball-Signature-Apparel_R-86978,Posted 7 Days Ago,2026-07-20,2026-07-27T14:17:41+00:00,2026-07-27 07:17 Mon,,false,,,,false,workday:Nike:/job/Beaverton-Oregon/Senior-Expert-Designer--Nike-Basketball-Signature-Apparel_R-86978
Nike:/job/Los-Angeles-California/Senior-Expert--Apparel---Accessories-Design--Energy_R-89060,Nike,"Senior Expert, Apparel & Accessories Design, Energy","Los Angeles, California",,https://nike.wd1.myworkdayjobs.com/en-US/nke/job/Los-Angeles-California/Senior-Expert--Apparel---Accessories-Design--Energy_R-89060,Posted 5 Days Ago,2026-07-24,2026-07-29T18:17:38+00:00,2026-07-29 11:17 Wed,,false,,,,false,workday:Nike:/job/Los-Angeles-California/Senior-Expert--Apparel---Accessories-Design--Energy_R-89060
Nike:/job/Beaverton-Oregon/Senior-Expert--Nike-GFB-Brand-Management--Global_R-85592,Nike,"Senior Expert, Nike GFB Brand Management, Global","Beaverton, Oregon",,https://nike.wd1.myworkdayjobs.com/en-US/nke/job/Beaverton-Oregon/Senior-Expert--Nike-GFB-Brand-Management--Global_R-85592,Posted Today,2026-07-23,2026-07-23T23:17:14+00:00,2026-07-23 16:17 Thu,,false,,,,false,workday:Nike:/job/Beaverton-Oregon/Senior-Expert--Nike-GFB-Brand-Management--Global_R-85592
Nike:/job/Beaverton-Oregon/Senior-Expert--Nike-Sportswear-Brand-Management--Global_R-87503,Nike,"Senior Expert, Nike Sportswear Brand Management, Global","Beaverton, Oregon",,https://nike.wd1.myworkdayjobs.com/en-US/nke/job/Beaverton-Oregon/Senior-Expert--Nike-Sportswear-Brand-Management--Global_R-87503,Posted Today,2026-07-22,2026-07-22T18:18:09+00:00,2026-07-22 11:18 Wed,,false,,,,false,workday:Nike:/job/Beaverton-Oregon/Senior-Expert--Nike-Sportswear-Brand-Management--Global_R-87503
Nike:/job/Boston-Massachusetts/Senior-Financial-Analyst--Global-Finance---Converse_R-87078-1,Nike,"Senior Financial Analyst, Global Finance - Converse","Boston, Massachusetts",,https://nike.wd1.myworkdayjobs.com/en-US/nke/job/Boston-Massachusetts/Senior-Financial-Analyst--Global-Finance---Converse_R-87078-1,Posted Today,2026-07-15,2026-07-15T20:59:15+00:00,2026-07-15 13:59 Wed,,false,,,,false,workday:Nike:/job/Boston-Massachusetts/Senior-Financial-Analyst--Global-Finance---Converse_R-87078-1
Nike:/job/Hilversum-Netherlands/Senior-Financial-Planning-Analyst_R-88669,Nike,Senior Financial Planning Analyst,"Hilversum, Netherlands",,https://nike.wd1.myworkdayjobs.com/en-US/nke/job/Hilversum-Netherlands/Senior-Financial-Planning-Analyst_R-88669,Posted 5 Days Ago,2026-07-24,2026-07-29T15:41:44+00:00,2026-07-29 08:41 Wed,,false,,,,false,workday:Nike:/job/Hilversum-Netherlands/Senior-Financial-Planning-Analyst_R-88669
Nike:/job/Beaverton-Oregon/Senior-Footwear-Developer_R-88115-1,Nike,Senior Footwear Developer,"Beaverton, Oregon",,https://nike.wd1.myworkdayjobs.com/en-US/nke/job/Beaverton-Oregon/Senior-Footwear-Developer_R-88115-1,Posted Today,2026-07-20,2026-07-20T07:17:43+00:00,2026-07-20 00:17 Mon,,false,,,,false,workday:Nike:/job/Beaverton-Oregon/Senior-Footwear-Developer_R-88115-1
Nike:/job/Beaverton-Oregon/Senior-FW-Product-Manager---Basketball_R-89414,Nike,Senior FW Product Manager - Basketball,"Beaverton, Oregon",,https://nike.wd1.myworkdayjobs.com/en-US/nke/job/Beaverton-Oregon/Senior-FW-Product-Manager---Basketball_R-89414,Posted Yesterday,2026-08-25,2026-08-24T22:59:24+00:00,2026-08-24 15:59 Mon,,false,,,,false,workday:Nike:/job/Beaverton-Oregon/Senior-FW-Product-Manager---Basketball_R-89414
Nike:/job/Beijing-China-Mainland/Senior-Government---Public-Affairs-Director--GC_R-85372,Nike,"Senior Government & Public Affairs Director, GC","Beijing, China Mainland",,https://nike.wd1.myworkdayjobs.com/en-US/nke/job/Beijing-China-Mainland/Senior-Government---Public-Affairs-Director--GC_R-85372,Posted 30+ Days Ago,2026-07-19,2026-08-18T12:10:51+00:00,2026-08-18 05:10 Tue,,false,,,,false,workday:Nike:/job/Beijing-China-Mainland/Senior-Government---Public-Affairs-Director--GC_R-85372
Nike:/job/Karnataka-India/Senior-Information-Security-Platform-Engineer-ITC_R-74213,Nike,"Senior Information Security Platform Engineer,ITC","Karnataka, India",,https://nike.wd1.myworkdayjobs.com/en-US/nke/job/Karnataka-India/Senior-Information-Security-Platform-Engineer-ITC_R-74213,Posted Today,2026-08-04,2026-08-04T06:41:28+00:00,2026-08-03 23:41 Mon,,false,,,,false,workday:Nike:/job/Karnataka-India/Senior-Information-Security-Platform-Engineer-ITC_R-74213
Nike:/job/London-United-Kingdom/Senior-Infrastructure-Engineer_R-85828,Nike,Senior Infrastructure Engineer,"London, United Kingdom",,https://nike.wd1.myworkdayjobs.com/en-US/nke/job/London-United-Kingdom/Senior-Infrastructure-Engineer_R-85828,Posted 5 Days Ago,2026-07-07,2026-07-12T07:45:02+00:00,2026-07-12 00:45 Sun,,false,,,,false,workday:Nike:/job/London-United-Kingdom/Senior-Infrastructure-Engineer_R-85828
Nike:/job/Karnataka-India/Senior-Infrastructure-Engineer_R-87209,Nike,Senior Infrastructure Engineer,"Karnataka, India",,https://nike.wd1.myworkdayjobs.com/en-US/nke/job/Karnataka-India/Senior-Infrastructure-Engineer_R-87209,Posted 4 Days Ago,2026-07-26,2026-07-30T04:41:15+00:00,2026-07-29 21:41 Wed,,false,,,,false,workday:Nike:/job/Karnataka-India/Senior-Infrastructure-Engineer_R-87209
Nike:/job/Beaverton-Oregon/Senior-Leave---Accomodations-Global-Process-Delivery-Analyst_R-89183-1,Nike,Senior Leave & Accomodations Global Process Delivery Analyst,"Beaverton, Oregon",,https://nike.wd1.myworkdayjobs.com/en-US/nke/job/Beaverton-Oregon/Senior-Leave---Accomodations-Global-Process-Delivery-Analyst_R-89183-1,Posted Today,2026-08-04,2026-08-04T01:06:40+00:00,2026-08-03 18:06 Mon,,false,,,,false,workday:Nike:/job/Beaverton-Oregon/Senior-Leave---Accomodations-Global-Process-Delivery-Analyst_R-89183-1
Nike:/job/Melbourne-Victoria/Senior-Logistics-Planning-Analyst--Pacific_R-86569,Nike,"Senior Logistics Planning Analyst, Pacific","Melbourne, Victoria",,https://nike.wd1.myworkdayjobs.com/en-US/nke/job/Melbourne-Victoria/Senior-Logistics-Planning-Analyst--Pacific_R-86569,Posted 30+ Days Ago,2026-07-19,2026-08-18T12:10:51+00:00,2026-08-18 05:10 Tue,,false,,,,false,workday:Nike:/job/Melbourne-Victoria/Senior-Logistics-Planning-Analyst--Pacific_R-86569
Nike:/job/Karnataka-India/Senior-Machine-Learning-Engineer--AI-ML---ITC_R-90193,Nike,"Senior Machine Learning Engineer (AI/ML), ITC","Karnataka, India",,https://nike.wd1.myworkdayjobs.com/en-US/nke/job/Karnataka-India/Senior-Machine-Learning-Engineer--AI-ML---ITC_R-90193,Posted Yesterday,2026-08-19,2026-08-18T09:59:44+00:00,2026-08-18 02:59 Tue,,false,,,,false,workday:Nike:/job/Karnataka-India/Senior-Machine-Learning-Engineer--AI-ML---ITC_R-90193
Nike:/job/Karnataka-India/Senior-Machine-Learning-Engineer--ITC_R-90114,Nike,"Senior Machine Learning Engineer, ITC","Karnataka, India",,https://nike.wd1.myworkdayjobs.com/en-US/nke/job/Karnataka-India/Senior-Machine-Learning-Engineer--ITC_R-90114,Posted Today,2026-08-26,2026-08-25T10:41:39+00:00,2026-08-25 03:41 Tue,,false,,,,false,workday:Nike:/job/Karnataka-India/Senior-Machine-Learning-Engineer--ITC_R-90114
Nike:/job/St-Charles-Missouri/Senior-Maintenance-Technician_R-85409,Nike,Senior Maintenance Technician,"St. Charles, Missouri",,https://nike.wd1.myworkdayjobs.com/en-US/nke/job/St-Charles-Missouri/Senior-Maintenance-Technician_R-85409,Posted 30+ Days Ago,2026-07-19,2026-08-18T12:10:51+00:00,2026-08-18 05:10 Tue,,false,,,,false,workday:Nike:/job/St-Charles-Missouri/Senior-Maintenance-Technician_R-85409
Nike:/job/Beaverton-Oregon/Senior-Maintenance-Technician---F-S-SU--every-other-Monday-5-30am---5-30pm--_R-86968-1,Nike,"Senior Maintenance Technician - F/S/SU, every other Monday 5:30am – 5:30pm  ","Beaverton, Oregon",,https://nike.wd1.myworkdayjobs.com/en-US/nke/job/Beaverton-Oregon/Senior-Maintenance-Technician---F-S-SU--every-other-Monday-5-30am---5-30pm--_R-86968-1,Posted 30+ Days Ago,2026-07-19,2026-08-18T12:10:51+00:00,2026-08-18 05:10 Tue,,false,,,,false,workday:Nike:/job/Beaverton-Oregon/Senior-Maintenance-Technician---F-S-SU--every-other-Monday-5-30am---5-30pm--_R-86968-1
Nike:/job/Beaverton-Oregon/Senior-Maintenance-Technician---F-S-Sun-and-every-other-Monday---5-30-pm---5-30-am_R-90246,Nike,Senior Maintenance Technician - F/S/Sun and every other Monday - 5:30 pm - 5:30 am,"Beaverton, Oregon",,https://nike.wd1.myworkdayjobs.com/en-US/nke/job/Beaverton-Oregon/Senior-Maintenance-Technician---F-S-Sun-and-every-other-Monday---5-30-pm---5-30-am_R-90246,Posted Yesterday,2026-08-19,2026-08-18T19:52:16+00:00,2026-08-18 12:52 Tue,,false,,,,false,workday:Nike:/job/Beaverton-Oregon/Senior-Maintenance-Technician---F-S-Sun-and-every-other-Monday---5-30-pm---5-30-am_R-90246
Nike:/job/Beaverton-Oregon/Senior-Maintenance-Technician---T-W-TH-and-every-other-Monday---5-30-pm---5-30-am_R-90245,Nike,Senior Maintenance Technician - T/W/TH and every other Monday - 5:30 pm – 5:30 am,"Beaverton, Oregon",,https://nike.wd1.myworkdayjobs.com/en-US/nke/job/Beaverton-Oregon/Senior-Maintenance-Technician---T-W-TH-and-every-other-Monday---5-30-pm---5-30-am_R-90245,Posted Yesterday,2026-08-19,2026-08-18T19:52:16+00:00,2026-08-18 12:52 Tue,,false,,,,false,workday:Nike:/job/Beaverton-Oregon/Senior-Maintenance-Technician---T-W-TH-and-every-other-Monday---5-30-pm---5-30-am_R-90245
Nike:/job/Boston-Massachusetts/Senior-Manager-Design--Brand-Concepts_R-88106,Nike,"Senior Manager Design, Brand Concepts","Boston, Massachusetts",,https://nike.wd1.myworkdayjobs.com/en-US/nke/job/Boston-Massachusetts/Senior-Manager-Design--Brand-Concepts_R-88106,Posted Today,2026-07-20,2026-07-20T20:17:28+00:00,2026-07-20 13:17 Mon,,false,,,,false,workday:Nike:/job/Boston-Massachusetts/Senior-Manager-Design--Brand-Concepts_R-88106
Nike:/job/Karnataka-India/Senior-Manager-Engineering--Global-Converse--ITC_R-81665,Nike,"Senior Manager Engineering, Global Converse, ITC","Karnataka, India",,https://nike.wd1.myworkdayjobs.com/en-US/nke/job/Karnataka-India/Senior-Manager-Engineering--Global-Converse--ITC_R-81665,Posted 5 Days Ago,2026-07-07,2026-07-12T07:45:02+00:00,2026-07-12 00:45 Sun,,false,,,,false,workday:Nike:/job/Karnataka-India/Senior-Manager-Engineering--Global-Converse--ITC_R-81665
Nike:/job/Beaverton-Oregon/Senior-Manager--Accessories-Product-Design--Bags_R-88132,Nike,"Senior Manager, Accessories Product Design, Bags","Beaverton, Oregon",,https://nike.wd1.myworkdayjobs.com/en-US/nke/job/Beaverton-Oregon/Senior-Manager--Accessories-Product-Design--Bags_R-88132,Posted Today,2026-07-17,2026-07-17T23:17:19+00:00,2026-07-17 16:17 Fri,,false,,,,false,workday:Nike:/job/Beaverton-Oregon/Senior-Manager--Accessories-Product-Design--Bags_R-88132
Nike:/job/Beaverton-Oregon/Senior-Manager--Accessories-Product-Design--Headwear_R-88133,Nike,"Senior Manager, Accessories Product Design, Headwear","Beaverton, Oregon",,https://nike.wd1.myworkdayjobs.com/en-US/nke/job/Beaverton-Oregon/Senior-Manager--Accessories-Product-Design--Headwear_R-88133,Posted Today,2026-07-17,2026-07-17T23:36:08+00:00,2026-07-17 16:36 Fri,,false,,,,false,workday:Nike:/job/Beaverton-Oregon/Senior-Manager--Accessories-Product-Design--Headwear_R-88133
Nike:/job/Hong-Kong-Island-Hong-Kong/Senior-Manager--Account-Management--HK_R-90675,Nike,"Senior Manager, Account Management, HK","Hong Kong Island, Hong Kong",,https://nike.wd1.myworkdayjobs.com/en-US/nke/job/Hong-Kong-Island-Hong-Kong/Senior-Manager--Account-Management--HK_R-90675,Posted Today,2026-08-26,2026-08-25T10:41:39+00:00,2026-08-25 03:41 Tue,,false,,,,false,workday:Nike:/job/Hong-Kong-Island-Hong-Kong/Senior-Manager--Account-Management--HK_R-90675
Nike:/job/Beaverton-Oregon/Senior-Manager--Basketball-Signature-Athlete-Footwear---Apparel-CMG-Design_R-91426,Nike,"Senior Manager, Basketball Signature Athlete Footwear & Apparel CMG Design","Beaverton, Oregon",,https://nike.wd1.myworkdayjobs.com/en-US/nke/job/Beaverton-Oregon/Senior-Manager--Basketball-Signature-Athlete-Footwear---Apparel-CMG-Design_R-91426,Posted Yesterday,2026-09-03,2026-09-03T20:59:55+00:00,2026-09-03 13:59 Thu,,false,,,,false,workday:Nike:/job/Beaverton-Oregon/Senior-Manager--Basketball-Signature-Athlete-Footwear---Apparel-CMG-Design_R-91426
Nike:/job/Hilversum-Netherlands/Senior-Manager--Brand-Creative--Retail--Storytelling-Seasonal_R-86612,Nike,"Senior Manager, Brand Creative, Retail, Storytelling Seasonal","Hilversum, Netherlands",,https://nike.wd1.myworkdayjobs.com/en-US/nke/job/Hilversum-Netherlands/Senior-Manager--Brand-Creative--Retail--Storytelling-Seasonal_R-86612,Posted Today,2026-08-06,2026-08-06T09:41:27+00:00,2026-08-06 02:41 Thu,,false,,,,false,workday:Nike:/job/Hilversum-Netherlands/Senior-Manager--Brand-Creative--Retail--Storytelling-Seasonal_R-86612
Nike:/job/Paris-France/Senior-Manager--Brand-Marketing--France---Converse_R-86617,Nike,"Senior Manager, Brand Marketing, France - Converse","Paris, France",,https://nike.wd1.myworkdayjobs.com/en-US/nke/job/Paris-France/Senior-Manager--Brand-Marketing--France---Converse_R-86617,Posted 6 Days Ago,2026-07-06,2026-07-12T07:45:02+00:00,2026-07-12 00:45 Sun,,false,,,,false,workday:Nike:/job/Paris-France/Senior-Manager--Brand-Marketing--France---Converse_R-86617
Nike:/job/Paris-France/Senior-Manager--Brand-Marketing--Sportswear--France_R-87061-1,Nike,"Senior Manager, Brand Marketing, Sportswear, France","Paris, France",,https://nike.wd1.myworkdayjobs.com/en-US/nke/job/Paris-France/Senior-Manager--Brand-Marketing--Sportswear--France_R-87061-1,Posted 5 Days Ago,2026-07-07,2026-07-12T07:45:02+00:00,2026-07-12 00:45 Sun,,false,,,,false,workday:Nike:/job/Paris-France/Senior-Manager--Brand-Marketing--Sportswear--France_R-87061-1
Nike:/job/Beaverton-Oregon/Senior-Manager--Brand-Planning-and-Operations--Product-Management--Global_R-87811,Nike,"Senior Manager, Brand Planning and Operations, Product Management, Global","Beaverton, Oregon",,https://nike.wd1.myworkdayjobs.com/en-US/nke/job/Beaverton-Oregon/Senior-Manager--Brand-Planning-and-Operations--Product-Management--Global_R-87811,Posted Today,2026-07-13,2026-07-13T16:59:04+00:00,2026-07-13 09:59 Mon,,false,,,,false,workday:Nike:/job/Beaverton-Oregon/Senior-Manager--Brand-Planning-and-Operations--Product-Management--Global_R-87811
Nike:/job/Beaverton-Oregon/Senior-Manager--Bras---Leggings-Apparel-Product-Design_R-74763,Nike,"Senior Manager, Bras & Leggings Apparel Product Design","Beaverton, Oregon",,https://nike.wd1.myworkdayjobs.com/en-US/nke/job/Beaverton-Oregon/Senior-Manager--Bras---Leggings-Apparel-Product-Design_R-74763,Posted Today,2026-07-20,2026-07-20T20:41:43+00:00,2026-07-20 13:41 Mon,,false,,,,false,workday:Nike:/job/Beaverton-Oregon/Senior-Manager--Bras---Leggings-Apparel-Product-Design_R-74763
Nike:/job/NIKE-VIETNAM-HQ/Senior-Manager--Chemical-Engineering_R-83567,Nike,"Senior Manager, Chemical Engineering",NIKE VIETNAM HQ,,https://nike.wd1.myworkdayjobs.com/en-US/nke/job/NIKE-VIETNAM-HQ/Senior-Manager--Chemical-Engineering_R-83567,Posted 4 Days Ago,2026-07-08,2026-07-12T07:45:02+00:00,2026-07-12 00:45 Sun,,false,,,,false,workday:Nike:/job/NIKE-VIETNAM-HQ/Senior-Manager--Chemical-Engineering_R-83567
Nike:/job/Boston-Massachusetts/Senior-Manager--Color-Design-Global---Converse_R-89421,Nike,"Senior Manager, Color Design Global - Converse","Boston, Massachusetts",,https://nike.wd1.myworkdayjobs.com/en-US/nke/job/Boston-Massachusetts/Senior-Manager--Color-Design-Global---Converse_R-89421,Posted Yesterday,2026-08-19,2026-08-18T18:30:55+00:00,2026-08-18 11:30 Tue,,false,,,,false,workday:Nike:/job/Boston-Massachusetts/Senior-Manager--Color-Design-Global---Converse_R-89421
Nike:/job/Hilversum-Netherlands/Senior-Manager--Digital-Account-Marketing_R-88820-1,Nike,"Senior Manager, Digital Account Marketing","Hilversum, Netherlands",,https://nike.wd1.myworkdayjobs.com/en-US/nke/job/Hilversum-Netherlands/Senior-Manager--Digital-Account-Marketing_R-88820-1,Posted 4 Days Ago,2026-07-26,2026-07-30T08:17:10+00:00,2026-07-30 01:17 Thu,,false,,,,false,workday:Nike:/job/Hilversum-Netherlands/Senior-Manager--Digital-Account-Marketing_R-88820-1
Nike:/job/Shanghai-China-Mainland/Senior-Manager--Digital-Merch--Jordan-GC_R-88830,Nike,"Senior Manager, Digital Merch, Jordan GC","Shanghai, China Mainland",,https://nike.wd1.myworkdayjobs.com/en-US/nke/job/Shanghai-China-Mainland/Senior-Manager--Digital-Merch--Jordan-GC_R-88830,Posted 7 Days Ago,2026-07-20,2026-07-27T11:41:26+00:00,2026-07-27 04:41 Mon,,false,,,,false,workday:Nike:/job/Shanghai-China-Mainland/Senior-Manager--Digital-Merch--Jordan-GC_R-88830
Nike:/job/Boston-Massachusetts/Senior-Manager--Digital-Site-Merchandising---Converse_R-87098,Nike,"Senior Manager, Digital Site Merchandising - Converse","Boston, Massachusetts",,https://nike.wd1.myworkdayjobs.com/en-US/nke/job/Boston-Massachusetts/Senior-Manager--Digital-Site-Merchandising---Converse_R-87098,Posted 4 Days Ago,2026-07-08,2026-07-12T07:45:02+00:00,2026-07-12 00:45 Sun,,false,,,,false,workday:Nike:/job/Boston-Massachusetts/Senior-Manager--Digital-Site-Merchandising---Converse_R-87098
Nike:/job/Beaverton-Oregon/Expert-Designer--Energy-Sub-Label---BP-Apparel-Product-Design--Global-Jordan_R-75820,Nike,"Senior Manager, Energy Sub-Label & BP Apparel Product Design, Global Jordan","Beaverton, Oregon",,https://nike.wd1.myworkdayjobs.com/en-US/nke/job/Beaverton-Oregon/Expert-Designer--Energy-Sub-Label---BP-Apparel-Product-Design--Global-Jordan_R-75820,Posted 30+ Days Ago,2026-07-19,2026-08-18T12:10:51+00:00,2026-08-18 05:10 Tue,,false,,,,false,workday:Nike:/job/Beaverton-Oregon/Expert-Designer--Energy-Sub-Label---BP-Apparel-Product-Design--Global-Jordan_R-75820
Nike:/job/Beaverton-Oregon/Senior-Manager--Global-Finance-Operations---O2C---Cash--Collections---Dispute-Management_R-85918-1,Nike,"Senior Manager, Global Finance Operations – O2C - Cash, Collections & Dispute Management","Beaverton, Oregon",,https://nike.wd1.myworkdayjobs.com/en-US/nke/job/Beaverton-Oregon/Senior-Manager--Global-Finance-Operations---O2C---Cash--Collections---Dispute-Management_R-85918-1,Posted Today,2026-07-13,2026-07-13T22:59:02+00:00,2026-07-13 15:59 Mon,,false,,,,false,workday:Nike:/job/Beaverton-Oregon/Senior-Manager--Global-Finance-Operations---O2C---Cash--Collections---Dispute-Management_R-85918-1
Nike:/job/Beaverton-Oregon/Senior-Manager--Global-Finance-Operations---O2C---Credit---Risk_R-85917-1,Nike,"Senior Manager, Global Finance Operations – O2C - Credit & Risk","Beaverton, Oregon",,https://nike.wd1.myworkdayjobs.com/en-US/nke/job/Beaverton-Oregon/Senior-Manager--Global-Finance-Operations---O2C---Credit---Risk_R-85917-1,Posted Today,2026-07-13,2026-07-13T22:59:02+00:00,2026-07-13 15:59 Mon,,false,,,,false,workday:Nike:/job/Beaverton-Oregon/Senior-Manager--Global-Finance-Operations---O2C---Credit---Risk_R-85917-1
Nike:/job/Beaverton-Oregon/Senior-Manager--Global-Football-Footwear-Product-Developer_R-87530,Nike,"Senior Manager, Global Football Footwear Product Developer","Beaverton, Oregon",,https://nike.wd1.myworkdayjobs.com/en-US/nke/job/Beaverton-Oregon/Senior-Manager--Global-Football-Footwear-Product-Developer_R-87530,Posted 2 Days Ago,2026-07-10,2026-07-12T07:45:02+00:00,2026-07-12 00:45 Sun,,false,,,,false,workday:Nike:/job/Beaverton-Oregon/Senior-Manager--Global-Football-Footwear-Product-Developer_R-87530
Nike:/job/Karnataka-India/Senior-Manager--Infrastructure-Engineering_R-86792,Nike,"Senior Manager, Infrastructure Engineering, ITC","Karnataka, India",,https://nike.wd1.myworkdayjobs.com/en-US/nke/job/Karnataka-India/Senior-Manager--Infrastructure-Engineering_R-86792,Posted Today,2026-09-02,2026-08-04T05:17:07+00:00,2026-08-03 22:17 Mon,,false,,,,false,workday:Nike:/job/Karnataka-India/Senior-Manager--Infrastructure-Engineering_R-86792
Nike:/job/Tokyo-Japan/Senior-Manager--Jordan-Brand-Marketing--Japan_R-84555,Nike,"Senior Manager, Jordan Brand Marketing, Japan","Tokyo, Japan",,https://nike.wd1.myworkdayjobs.com/en-US/nke/job/Tokyo-Japan/Senior-Manager--Jordan-Brand-Marketing--Japan_R-84555,Posted 30+ Days Ago,2026-07-19,2026-08-18T12:10:51+00:00,2026-08-18 05:10 Tue,,false,,,,false,workday:Nike:/job/Tokyo-Japan/Senior-Manager--Jordan-Brand-Marketing--Japan_R-84555
Nike:/job/Beaverton-Oregon/Senior-Manager--Kids-NSW-Apparel-Graphic-Design_R-71293,Nike,"Senior Manager, Kids NSW Apparel Graphic Design","Beaverton, Oregon",,https://nike.wd1.myworkdayjobs.com/en-US/nke/job/Beaverton-Oregon/Senior-Manager--Kids-NSW-Apparel-Graphic-Design_R-71293,Posted 30+ Days Ago,2026-07-19,2026-08-18T12:10:51+00:00,2026-08-18 05:10 Tue,,false,,,,false,workday:Nike:/job/Beaverton-Oregon/Senior-Manager--Kids-NSW-Apparel-Graphic-Design_R-71293
Nike:/job/NIKE-VIETNAM-HQ/Senior-Manager--Manufacturing-Systems-Engineering---Apparel---Accessories_R-87538,Nike,"Senior Manager, Manufacturing Systems Engineering - Apparel & Accessories",NIKE VIETNAM HQ,,https://nike.wd1.myworkdayjobs.com/en-US/nke/job/NIKE-VIETNAM-HQ/Senior-Manager--Manufacturing-Systems-Engineering---Apparel---Accessories_R-87538,Posted Today,2026-07-13,2026-07-13T03:16:37+00:00,2026-07-12 20:16 Sun,,false,,,,false,workday:Nike:/job/NIKE-VIETNAM-HQ/Senior-Manager--Manufacturing-Systems-Engineering---Apparel---Accessories_R-87538
Nike:/job/Ciudad-de-Mxico-Mexico/Senior-Manager--Manufacturing-Systems-Engineering-LATAM_R-87803,Nike,"Senior Manager, Manufacturing Systems Engineering LATAM","Ciudad de México, Mexico",,https://nike.wd1.myworkdayjobs.com/en-US/nke/job/Ciudad-de-Mxico-Mexico/Senior-Manager--Manufacturing-Systems-Engineering-LATAM_R-87803,Posted 3 Days Ago,2026-07-10,2026-07-13T15:17:05+00:00,2026-07-13 08:17 Mon,,false,,,,false,workday:Nike:/job/Ciudad-de-Mxico-Mexico/Senior-Manager--Manufacturing-Systems-Engineering-LATAM_R-87803
Nike:/job/Beaverton-Oregon/Senior-Manager--Materials-Sourcing_R-87916-1,Nike,"Senior Manager, Materials Sourcing","Beaverton, Oregon",,https://nike.wd1.myworkdayjobs.com/en-US/nke/job/Beaverton-Oregon/Senior-Manager--Materials-Sourcing_R-87916-1,Posted Today,2026-07-17,2026-07-17T18:41:51+00:00,2026-07-17 11:41 Fri,,false,,,,false,workday:Nike:/job/Beaverton-Oregon/Senior-Manager--Materials-Sourcing_R-87916-1
Nike:/job/Beaverton-Oregon/Senior-Manager--NBY-Sourcing---Manufacturing_R-88124-1,Nike,"Senior Manager, NBY Sourcing & Manufacturing","Beaverton, Oregon",,https://nike.wd1.myworkdayjobs.com/en-US/nke/job/Beaverton-Oregon/Senior-Manager--NBY-Sourcing---Manufacturing_R-88124-1,Posted Today,2026-07-23,2026-07-23T23:37:59+00:00,2026-07-23 16:37 Thu,,false,,,,false,workday:Nike:/job/Beaverton-Oregon/Senior-Manager--NBY-Sourcing---Manufacturing_R-88124-1
Nike:/job/Beaverton-Oregon/Senior-Manager--NFL---MLB-Apparel-Graphic-Design_R-78672,Nike,"Senior Manager, NFL & MLB Apparel Graphic Design","Beaverton, Oregon",,https://nike.wd1.myworkdayjobs.com/en-US/nke/job/Beaverton-Oregon/Senior-Manager--NFL---MLB-Apparel-Graphic-Design_R-78672,Posted 6 Days Ago,2026-07-22,2026-07-28T23:56:06+00:00,2026-07-28 16:56 Tue,,false,,,,false,workday:Nike:/job/Beaverton-Oregon/Senior-Manager--NFL---MLB-Apparel-Graphic-Design_R-78672
Nike:/job/Los-Angeles-California/Senior-Manager--NikeSKIMS-Materials-Design_R-88911,Nike,"Senior Manager, NikeSKIMS Materials Design","Los Angeles, California",,https://nike.wd1.myworkdayjobs.com/en-US/nke/job/Los-Angeles-California/Senior-Manager--NikeSKIMS-Materials-Design_R-88911,Posted 7 Days Ago,2026-07-21,2026-07-28T00:41:52+00:00,2026-07-27 17:41 Mon,,false,,,,false,workday:Nike:/job/Los-Angeles-California/Senior-Manager--NikeSKIMS-Materials-Design_R-88911
Nike:/job/Seoul-Korea/Senior-Manager--NSO-NSP-Excellence-Korea_R-90181,Nike,"Senior Manager, NSO/NSP Excellence Korea","Seoul, Korea",,https://nike.wd1.myworkdayjobs.com/en-US/nke/job/Seoul-Korea/Senior-Manager--NSO-NSP-Excellence-Korea_R-90181,Posted Yesterday,2026-08-19,2026-08-18T04:05:50+00:00,2026-08-17 21:05 Mon,,false,,,,false,workday:Nike:/job/Seoul-Korea/Senior-Manager--NSO-NSP-Excellence-Korea_R-90181
Nike:/job/Beaverton-Oregon/Senior-Manager--Olympics-Footwear---Apparel-Color---Materials-Design_R-86210,Nike,"Senior Manager, Olympics Footwear & Apparel Color & Materials Design","Beaverton, Oregon",,https://nike.wd1.myworkdayjobs.com/en-US/nke/job/Beaverton-Oregon/Senior-Manager--Olympics-Footwear---Apparel-Color---Materials-Design_R-86210,Posted 2 Days Ago,2026-09-02,2026-08-18T12:10:51+00:00,2026-08-18 05:10 Tue,,false,,,,false,workday:Nike:/job/Beaverton-Oregon/Senior-Manager--Olympics-Footwear---Apparel-Color---Materials-Design_R-86210
Nike:/job/Hilversum-Netherlands/Senior-Manager--Partner-Management---Energy---Neighborhood---Converse_R-87890,Nike,"Senior Manager, Partner Management - Energy & Neighborhood - Converse","Hilversum, Netherlands",,https://nike.wd1.myworkdayjobs.com/en-US/nke/job/Hilversum-Netherlands/Senior-Manager--Partner-Management---Energy---Neighborhood---Converse_R-87890,Posted 6 Days Ago,2026-07-16,2026-07-22T08:17:05+00:00,2026-07-22 01:17 Wed,,false,,,,false,workday:Nike:/job/Hilversum-Netherlands/Senior-Manager--Partner-Management---Energy---Neighborhood---Converse_R-87890
Nike:/job/Hilversum-Netherlands/Senior-Manager--People-Solutions-Advisory_R-89692,Nike,"Senior Manager, People Solutions Advisory","Hilversum, Netherlands",,https://nike.wd1.myworkdayjobs.com/en-US/nke/job/Hilversum-Netherlands/Senior-Manager--People-Solutions-Advisory_R-89692,Posted Today,2026-08-12,2026-08-12T15:17:28+00:00,2026-08-12 08:17 Wed,,false,,,,false,workday:Nike:/job/Hilversum-Netherlands/Senior-Manager--People-Solutions-Advisory_R-89692
Nike:/job/Shanghai-China-Mainland/Senior-Manager--Product-Design-CTM---Converse_R-84998,Nike,"Senior Manager, Product Design CTM - Converse","Shanghai, China Mainland",,https://nike.wd1.myworkdayjobs.com/en-US/nke/job/Shanghai-China-Mainland/Senior-Manager--Product-Design-CTM---Converse_R-84998,Posted 30+ Days Ago,2026-07-19,2026-08-18T12:10:51+00:00,2026-08-18 05:10 Tue,,false,,,,false,workday:Nike:/job/Shanghai-China-Mainland/Senior-Manager--Product-Design-CTM---Converse_R-84998
Nike:/job/Beaverton-Oregon/Senior-Manager--Product-Integrity-Issue-Management_R-88122,Nike,"Senior Manager, Product Integrity Issue Management","Beaverton, Oregon",,https://nike.wd1.myworkdayjobs.com/en-US/nke/job/Beaverton-Oregon/Senior-Manager--Product-Integrity-Issue-Management_R-88122,Posted Today,2026-07-18,2026-07-18T14:41:32+00:00,2026-07-18 07:41 Sat,,false,,,,false,workday:Nike:/job/Beaverton-Oregon/Senior-Manager--Product-Integrity-Issue-Management_R-88122
Nike:/job/Shanghai-China-Mainland/Senior-Manager--Retail-Excellence-Converse-China_R-88636,Nike,"Senior Manager, Retail Excellence Converse China","Shanghai, China Mainland",,https://nike.wd1.myworkdayjobs.com/en-US/nke/job/Shanghai-China-Mainland/Senior-Manager--Retail-Excellence-Converse-China_R-88636,Posted Today,2026-07-23,2026-07-23T03:59:45+00:00,2026-07-22 20:59 Wed,,false,,,,false,workday:Nike:/job/Shanghai-China-Mainland/Senior-Manager--Retail-Excellence-Converse-China_R-88636
Nike:/job/Hong-Kong-Island-Hong-Kong/Senior-Manager--Retail-Marketing--HK-GC_R-90344,Nike,"Senior Manager, Retail Marketing, HK GC","Hong Kong Island, Hong Kong",,https://nike.wd1.myworkdayjobs.com/en-US/nke/job/Hong-Kong-Island-Hong-Kong/Senior-Manager--Retail-Marketing--HK-GC_R-90344,Posted Yesterday,2026-09-03,2026-09-02T06:59:25+00:00,2026-09-01 23:59 Tue,,false,,,,false,workday:Nike:/job/Hong-Kong-Island-Hong-Kong/Senior-Manager--Retail-Marketing--HK-GC_R-90344
Nike:/job/Beijing-China-Mainland/Senior-Manager--Retail-Marketing--Visual-Merchandising--North-GC_R-90350,Nike,"Senior Manager, Retail Marketing, Visual Merchandising, North GC","Beijing, China Mainland",,https://nike.wd1.myworkdayjobs.com/en-US/nke/job/Beijing-China-Mainland/Senior-Manager--Retail-Marketing--Visual-Merchandising--North-GC_R-90350,Posted Today,2026-08-21,2026-08-20T08:17:37+00:00,2026-08-20 01:17 Thu,,false,,,,false,workday:Nike:/job/Beijing-China-Mainland/Senior-Manager--Retail-Marketing--Visual-Merchandising--North-GC_R-90350
Nike:/job/Beaverton-Oregon/Senior-Manager--Running---ACG-Merchandising---Nike-Direct-Stores-North-America_R-88984,Nike,"Senior Manager, Running & ACG Merchandising - Nike Direct Stores North America","Beaverton, Oregon",,https://nike.wd1.myworkdayjobs.com/en-US/nke/job/Beaverton-Oregon/Senior-Manager--Running---ACG-Merchandising---Nike-Direct-Stores-North-America_R-88984,Posted Yesterday,2026-09-01,2026-08-31T22:59:16+00:00,2026-08-31 15:59 Mon,,false,,,,false,workday:Nike:/job/Beaverton-Oregon/Senior-Manager--Running---ACG-Merchandising---Nike-Direct-Stores-North-America_R-88984
Nike:/job/Ciudad-de-Mxico-Mexico/Senior-Manager--Sales-Business-Manager-Department-Stores--LATAM_R-89845,Nike,"Senior Manager, Sales Business Manager Department Stores, LATAM","Ciudad de México, Mexico",,https://nike.wd1.myworkdayjobs.com/en-US/nke/job/Ciudad-de-Mxico-Mexico/Senior-Manager--Sales-Business-Manager-Department-Stores--LATAM_R-89845,Posted Today,2026-08-11,2026-08-11T16:34:03+00:00,2026-08-11 09:34 Tue,,false,,,,false,workday:Nike:/job/Ciudad-de-Mxico-Mexico/Senior-Manager--Sales-Business-Manager-Department-Stores--LATAM_R-89845
Nike:/job/Beaverton-Oregon/Senior-Manager--Security-PMO-Governance---Delivery_R-90947,Nike,"Senior Manager, Security PMO Governance & Delivery","Beaverton, Oregon",,https://nike.wd1.myworkdayjobs.com/en-US/nke/job/Beaverton-Oregon/Senior-Manager--Security-PMO-Governance---Delivery_R-90947,Posted Yesterday,2026-08-28,2026-08-27T18:41:50+00:00,2026-08-27 11:41 Thu,,false,,,,false,workday:Nike:/job/Beaverton-Oregon/Senior-Manager--Security-PMO-Governance---Delivery_R-90947
Nike:/job/Karnataka-India/Senior-Manager--Software-Engineer---ITC_R-89149,Nike,"Senior Manager, Software Engineer , ITC","Karnataka, India",,https://nike.wd1.myworkdayjobs.com/en-US/nke/job/Karnataka-India/Senior-Manager--Software-Engineer---ITC_R-89149,Posted Today,2026-08-03,2026-08-03T12:40:03+00:00,2026-08-03 05:40 Mon,,false,,,,false,workday:Nike:/job/Karnataka-India/Senior-Manager--Software-Engineer---ITC_R-89149
Nike:/job/Karnataka-India/Senior-Manager--Software-Engineer---ITC_R-89161-1,Nike,"Senior Manager, Software Engineer , ITC","Karnataka, India",,https://nike.wd1.myworkdayjobs.com/en-US/nke/job/Karnataka-India/Senior-Manager--Software-Engineer---ITC_R-89161-1,Posted Today,2026-08-03,2026-08-03T12:40:03+00:00,2026-08-03 05:40 Mon,,false,,,,false,workday:Nike:/job/Karnataka-India/Senior-Manager--Software-Engineer---ITC_R-89161-1
Nike:/job/Karnataka-India/Senior-Manager--Software-Engineer---ITC_R-89162,Nike,"Senior Manager, Software Engineer , ITC","Karnataka, India",,https://nike.wd1.myworkdayjobs.com/en-US/nke/job/Karnataka-India/Senior-Manager--Software-Engineer---ITC_R-89162,Posted Today,2026-08-03,2026-08-03T12:40:03+00:00,2026-08-03 05:40 Mon,,false,,,,false,workday:Nike:/job/Karnataka-India/Senior-Manager--Software-Engineer---ITC_R-89162
Nike:/job/Karnataka-India/Senior-Manager--Software-Engineer---Merchandise-Financial-Planning---ITC_R-85791,Nike,"Senior Manager, Software Engineer - Merchandise Financial Planning , ITC","Karnataka, India",,https://nike.wd1.myworkdayjobs.com/en-US/nke/job/Karnataka-India/Senior-Manager--Software-Engineer---Merchandise-Financial-Planning---ITC_R-85791,Posted 4 Days Ago,2026-07-26,2026-07-30T12:06:33+00:00,2026-07-30 05:06 Thu,,false,,,,false,workday:Nike:/job/Karnataka-India/Senior-Manager--Software-Engineer---Merchandise-Financial-Planning---ITC_R-85791
Nike:/job/Beaverton-Oregon/Senior-Manager--Software-Engineering_R-88277,Nike,"Senior Manager, Software Engineering","Beaverton, Oregon",,https://nike.wd1.myworkdayjobs.com/en-US/nke/job/Beaverton-Oregon/Senior-Manager--Software-Engineering_R-88277,Posted Today,2026-07-25,2026-07-25T01:41:10+00:00,2026-07-24 18:41 Fri,,false,,,,false,workday:Nike:/job/Beaverton-Oregon/Senior-Manager--Software-Engineering_R-88277
Nike:/job/Beaverton-Oregon/Senior-Manager--Software-Engineering_R-88767,Nike,"Senior Manager, Software Engineering","Beaverton, Oregon",,https://nike.wd1.myworkdayjobs.com/en-US/nke/job/Beaverton-Oregon/Senior-Manager--Software-Engineering_R-88767,Posted Today,2026-08-12,2026-08-12T22:59:44+00:00,2026-08-12 15:59 Wed,,false,,,,false,workday:Nike:/job/Beaverton-Oregon/Senior-Manager--Software-Engineering_R-88767
Nike:/job/Karnataka-India/Senior-Manager--Software-Engineering_R-85641,Nike,"Senior Manager, Software Engineering","Karnataka, India",,https://nike.wd1.myworkdayjobs.com/en-US/nke/job/Karnataka-India/Senior-Manager--Software-Engineering_R-85641,Posted 30+ Days Ago,2026-07-19,2026-08-18T12:10:51+00:00,2026-08-18 05:10 Tue,,false,,,,false,workday:Nike:/job/Karnataka-India/Senior-Manager--Software-Engineering_R-85641
Nike:/job/Beaverton-Oregon/Senior-Manager--Software-Engineering_R-90322,Nike,"Senior Manager, Software Engineering","Beaverton, Oregon",,https://nike.wd1.myworkdayjobs.com/en-US/nke/job/Beaverton-Oregon/Senior-Manager--Software-Engineering_R-90322,Posted Today,2026-08-19,2026-08-19T19:48:08+00:00,2026-08-19 12:48 Wed,,false,,,,false,workday:Nike:/job/Beaverton-Oregon/Senior-Manager--Software-Engineering_R-90322
Nike:/job/Karnataka-India/Senior-Manager--Software-Engineering---ITC_R-85521,Nike,"Senior Manager, Software Engineering , ITC","Karnataka, India",,https://nike.wd1.myworkdayjobs.com/en-US/nke/job/Karnataka-India/Senior-Manager--Software-Engineering---ITC_R-85521,Posted Yesterday,2026-09-02,2026-09-02T05:17:47+00:00,2026-09-01 22:17 Tue,,false,,,,false,workday:Nike:/job/Karnataka-India/Senior-Manager--Software-Engineering---ITC_R-85521
Nike:/job/Karnataka-India/Senior-Manager--Software-Engineering--ITC_R-87278-1,Nike,"Senior Manager, Software Engineering, ITC","Karnataka, India",,https://nike.wd1.myworkdayjobs.com/en-US/nke/job/Karnataka-India/Senior-Manager--Software-Engineering--ITC_R-87278-1,Posted Today,2026-07-21,2026-07-21T10:41:13+00:00,2026-07-21 03:41 Tue,,false,,,,false,workday:Nike:/job/Karnataka-India/Senior-Manager--Software-Engineering--ITC_R-87278-1
Nike:/job/Karnataka-India/Senior-Manager--Software-Engineering--Product-Catalog---CPA_R-86855,Nike,"Senior Manager, Software Engineering, Product Catalog - CPA, ITC","Karnataka, India",,https://nike.wd1.myworkdayjobs.com/en-US/nke/job/Karnataka-India/Senior-Manager--Software-Engineering--Product-Catalog---CPA_R-86855,Posted Today,2026-07-24,2026-07-24T16:41:39+00:00,2026-07-24 09:41 Fri,,false,,,,false,workday:Nike:/job/Karnataka-India/Senior-Manager--Software-Engineering--Product-Catalog---CPA_R-86855
Nike:/job/Karnataka-India/Senior-Manager--Software-Engineering--ITC_R-86256,Nike,"Senior Manager, Software Engineering_UKG Pro, ITC","Karnataka, India",,https://nike.wd1.myworkdayjobs.com/en-US/nke/job/Karnataka-India/Senior-Manager--Software-Engineering--ITC_R-86256,Posted 30+ Days Ago,2026-07-19,2026-08-18T12:10:51+00:00,2026-08-18 05:10 Tue,,false,,,,false,workday:Nike:/job/Karnataka-India/Senior-Manager--Software-Engineering--ITC_R-86256
Nike:/job/Ciudad-de-Mxico-Mexico/Senior-Manager--Sportwear-Specialty---NHBD---Sport-Specialty--LATAM_R-89848,Nike,"Senior Manager, Sportwear Specialty / NHBD / Sport Specialty, LATAM","Ciudad de México, Mexico",,https://nike.wd1.myworkdayjobs.com/en-US/nke/job/Ciudad-de-Mxico-Mexico/Senior-Manager--Sportwear-Specialty---NHBD---Sport-Specialty--LATAM_R-89848,Posted Today,2026-08-11,2026-08-11T16:34:03+00:00,2026-08-11 09:34 Tue,,false,,,,false,workday:Nike:/job/Ciudad-de-Mxico-Mexico/Senior-Manager--Sportwear-Specialty---NHBD---Sport-Specialty--LATAM_R-89848
Nike:/job/NIKE-VIETNAM-HQ/Senior-Manufacturing-Systems-Engineer_R-83566,Nike,Senior Manufacturing Systems Engineer,NIKE VIETNAM HQ,,https://nike.wd1.myworkdayjobs.com/en-US/nke/job/NIKE-VIETNAM-HQ/Senior-Manufacturing-Systems-Engineer_R-83566,Posted 30+ Days Ago,2026-07-19,2026-08-18T12:10:51+00:00,2026-08-18 05:10 Tue,,false,,,,false,workday:Nike:/job/NIKE-VIETNAM-HQ/Senior-Manufacturing-Systems-Engineer_R-83566
Nike:/job/Jakarta-Raya-Indonesia/Senior-Manufacturing-Systems-Engineer---Nike-Indonesia_R-87253-1,Nike,Senior Manufacturing Systems Engineer - Nike Indonesia,"Jakarta Raya, Indonesia",,https://nike.wd1.myworkdayjobs.com/en-US/nke/job/Jakarta-Raya-Indonesia/Senior-Manufacturing-Systems-Engineer---Nike-Indonesia_R-87253-1,Posted 5 Days Ago,2026-07-07,2026-07-12T07:45:02+00:00,2026-07-12 00:45 Sun,,false,,,,false,workday:Nike:/job/Jakarta-Raya-Indonesia/Senior-Manufacturing-Systems-Engineer---Nike-Indonesia_R-87253-1
Nike:/job/NIKE-PHILIPPINES-HQ/Senior-Marketplace-Supply-Chain--MSC--Business-Analyst_R-82252,Nike,Senior Marketplace Supply Chain (MSC) Business Analyst,NIKE PHILIPPINES HQ,,https://nike.wd1.myworkdayjobs.com/en-US/nke/job/NIKE-PHILIPPINES-HQ/Senior-Marketplace-Supply-Chain--MSC--Business-Analyst_R-82252,Posted 3 Days Ago,2026-08-21,2026-08-21T04:17:16+00:00,2026-08-20 21:17 Thu,,false,,,,false,workday:Nike:/job/NIKE-PHILIPPINES-HQ/Senior-Marketplace-Supply-Chain--MSC--Business-Analyst_R-82252
Nike:/job/Beaverton-Oregon/Senior-Designer--Core-Studio-Footwear-Materials-Design-Expression_R-74799,Nike,"SENIOR MATERIAL DESIGNER, CORE FOOTWEAR, NIKE INC.","Beaverton, Oregon",,https://nike.wd1.myworkdayjobs.com/en-US/nke/job/Beaverton-Oregon/Senior-Designer--Core-Studio-Footwear-Materials-Design-Expression_R-74799,Posted 30+ Days Ago,2026-07-19,2026-08-18T12:10:51+00:00,2026-08-18 05:10 Tue,,false,,,,false,workday:Nike:/job/Beaverton-Oregon/Senior-Designer--Core-Studio-Footwear-Materials-Design-Expression_R-74799
Nike:/job/Beaverton-Oregon/Senior-Material-Designer--Global-Tennis-Footwear--Nike_R-74792,Nike,"Senior Material Designer, Global Tennis Footwear, Nike","Beaverton, Oregon",,https://nike.wd1.myworkdayjobs.com/en-US/nke/job/Beaverton-Oregon/Senior-Material-Designer--Global-Tennis-Footwear--Nike_R-74792,Posted 3 Days Ago,2026-08-22,2026-08-21T12:59:44+00:00,2026-08-21 05:59 Fri,,false,,,,false,workday:Nike:/job/Beaverton-Oregon/Senior-Material-Designer--Global-Tennis-Footwear--Nike_R-74792
Nike:/job/Beaverton-Oregon/Senior-Materials-Developer--Global-Accessories_R-87639,Nike,"Senior Materials Developer, Global Accessories","Beaverton, Oregon",,https://nike.wd1.myworkdayjobs.com/en-US/nke/job/Beaverton-Oregon/Senior-Materials-Developer--Global-Accessories_R-87639,Posted Today,2026-07-16,2026-07-16T19:41:41+00:00,2026-07-16 12:41 Thu,,false,,,,false,workday:Nike:/job/Beaverton-Oregon/Senior-Materials-Developer--Global-Accessories_R-87639
Nike:/job/Montebelluna-Italy/Senior-Materials-Developer--Womens-Chuck-Global---Converse_R-84454-1,Nike,"Senior Materials Developer, Womens Chuck Global - Converse","Montebelluna, Italy",,https://nike.wd1.myworkdayjobs.com/en-US/nke/job/Montebelluna-Italy/Senior-Materials-Developer--Womens-Chuck-Global---Converse_R-84454-1,Posted Today,2026-07-13,2026-07-13T11:58:49+00:00,2026-07-13 04:58 Mon,,false,,,,false,workday:Nike:/job/Montebelluna-Italy/Senior-Materials-Developer--Womens-Chuck-Global---Converse_R-84454-1
Nike:/job/Beaverton-Oregon/Senior-Merchant--Direct-Sport---Global-Jordan_R-91145,Nike,"Senior Merchant, Direct Sport - Global Jordan","Beaverton, Oregon",,https://nike.wd1.myworkdayjobs.com/en-US/nke/job/Beaverton-Oregon/Senior-Merchant--Direct-Sport---Global-Jordan_R-91145,Posted Yesterday,2026-09-03,2026-09-02T20:42:04+00:00,2026-09-02 13:42 Wed,,false,,,,false,workday:Nike:/job/Beaverton-Oregon/Senior-Merchant--Direct-Sport---Global-Jordan_R-91145
Nike:/job/Beaverton-Oregon/Senior-Merchant--Golf---Tennis---APLA_R-88473-1,Nike,"Senior Merchant, Golf & Tennis - APLA","Beaverton, Oregon",,https://nike.wd1.myworkdayjobs.com/en-US/nke/job/Beaverton-Oregon/Senior-Merchant--Golf---Tennis---APLA_R-88473-1,Posted 7 Days Ago,2026-07-20,2026-07-27T21:41:44+00:00,2026-07-27 14:41 Mon,,false,,,,false,workday:Nike:/job/Beaverton-Oregon/Senior-Merchant--Golf---Tennis---APLA_R-88473-1
Nike:/job/Beaverton-Oregon/Senior-Merchant--NVS---Global-Jordan_R-90957,Nike,"Senior Merchant, NVS - Global Jordan","Beaverton, Oregon",,https://nike.wd1.myworkdayjobs.com/en-US/nke/job/Beaverton-Oregon/Senior-Merchant--NVS---Global-Jordan_R-90957,Posted 3 Days Ago,2026-08-29,2026-08-28T17:59:47+00:00,2026-08-28 10:59 Fri,,false,,,,false,workday:Nike:/job/Beaverton-Oregon/Senior-Merchant--NVS---Global-Jordan_R-90957
Nike:/job/Beaverton-Oregon/Senior-Merchant--Streetwear-Footwear-DNA---Global-Jordan_R-90956,Nike,"Senior Merchant, Streetwear Footwear DNA - Global Jordan","Beaverton, Oregon",,https://nike.wd1.myworkdayjobs.com/en-US/nke/job/Beaverton-Oregon/Senior-Merchant--Streetwear-Footwear-DNA---Global-Jordan_R-90956,Posted 3 Days Ago,2026-08-29,2026-08-28T17:59:47+00:00,2026-08-28 10:59 Fri,,false,,,,false,workday:Nike:/job/Beaverton-Oregon/Senior-Merchant--Streetwear-Footwear-DNA---Global-Jordan_R-90956
Nike:/job/Beaverton-Oregon/Senior-Merchant--Training-Footwear_R-88895,Nike,"Senior Merchant, Training Footwear","Beaverton, Oregon",,https://nike.wd1.myworkdayjobs.com/en-US/nke/job/Beaverton-Oregon/Senior-Merchant--Training-Footwear_R-88895,Posted Today,2026-08-10,2026-08-10T21:41:40+00:00,2026-08-10 14:41 Mon,,false,,,,false,workday:Nike:/job/Beaverton-Oregon/Senior-Merchant--Training-Footwear_R-88895
Nike:/job/Ciudad-de-Mxico-Mexico/Senior-Omni-Channel-Marketplace-Supply-Chain-Specialist_R-89770,Nike,Senior Omni Channel Marketplace Supply Chain Specialist,"Ciudad de México, Mexico",,https://nike.wd1.myworkdayjobs.com/en-US/nke/job/Ciudad-de-Mxico-Mexico/Senior-Omni-Channel-Marketplace-Supply-Chain-Specialist_R-89770,Posted Today,2026-08-10,2026-08-10T23:21:47+00:00,2026-08-10 16:21 Mon,,false,,,,false,workday:Nike:/job/Ciudad-de-Mxico-Mexico/Senior-Omni-Channel-Marketplace-Supply-Chain-Specialist_R-89770
Nike:/job/Beaverton-Oregon/Senior-Payroll-Analyst---Canada_R-86454,Nike,Senior Payroll Analyst - Canada,"Beaverton, Oregon",,https://nike.wd1.myworkdayjobs.com/en-US/nke/job/Beaverton-Oregon/Senior-Payroll-Analyst---Canada_R-86454,Posted 30+ Days Ago,2026-07-19,2026-08-18T12:10:51+00:00,2026-08-18 05:10 Tue,,false,,,,false,workday:Nike:/job/Beaverton-Oregon/Senior-Payroll-Analyst---Canada_R-86454
Nike:/job/Toronto-Ontario/Senior-Planner---Nike-Canada_R-88467,Nike,Senior Planner - Nike Canada,"Toronto, Ontario",,https://nike.wd1.myworkdayjobs.com/en-US/nke/job/Toronto-Ontario/Senior-Planner---Nike-Canada_R-88467,Posted Today,2026-07-24,2026-07-24T17:59:26+00:00,2026-07-24 10:59 Fri,,false,,,,false,workday:Nike:/job/Toronto-Ontario/Senior-Planner---Nike-Canada_R-88467
Nike:/job/Seoul-Korea/Senior-Planner--Korea---Converse_R-86661,Nike,"Senior Planner, Korea - Converse","Seoul, Korea",,https://nike.wd1.myworkdayjobs.com/en-US/nke/job/Seoul-Korea/Senior-Planner--Korea---Converse_R-86661,Posted 30+ Days Ago,2026-07-19,2026-08-18T12:10:51+00:00,2026-08-18 05:10 Tue,,false,,,,false,workday:Nike:/job/Seoul-Korea/Senior-Planner--Korea---Converse_R-86661
Nike:/job/Beaverton-Oregon/Senior-Principal-Software-Engineer_R-87635,Nike,Senior Principal Software Engineer,"Beaverton, Oregon",,https://nike.wd1.myworkdayjobs.com/en-US/nke/job/Beaverton-Oregon/Senior-Principal-Software-Engineer_R-87635,Posted Today,2026-07-23,2026-07-23T16:42:01+00:00,2026-07-23 09:42 Thu,,false,,,,false,workday:Nike:/job/Beaverton-Oregon/Senior-Principal-Software-Engineer_R-87635
Nike:/job/Beaverton-Oregon/Senior-Principal-Software-Engineer_R-88271,Nike,Senior Principal Software Engineer,"Beaverton, Oregon",,https://nike.wd1.myworkdayjobs.com/en-US/nke/job/Beaverton-Oregon/Senior-Principal-Software-Engineer_R-88271,Posted Today,2026-07-24,2026-07-24T18:17:43+00:00,2026-07-24 11:17 Fri,,false,,,,false,workday:Nike:/job/Beaverton-Oregon/Senior-Principal-Software-Engineer_R-88271
Nike:/job/Karnataka-India/Senior-Principal-Software-Engineer---Full-stack--ITC_R-85264,Nike,"Senior Principal Software Engineer, ITC","Karnataka, India",,https://nike.wd1.myworkdayjobs.com/en-US/nke/job/Karnataka-India/Senior-Principal-Software-Engineer---Full-stack--ITC_R-85264,Posted Today,2026-09-04,2026-07-21T08:41:21+00:00,2026-07-21 01:41 Tue,,false,,,,false,workday:Nike:/job/Karnataka-India/Senior-Principal-Software-Engineer---Full-stack--ITC_R-85264
Nike:/job/Shanghai-China-Mainland/SENIOR-PRINCIPAL--BASKETBALL-SMD_R-87867,Nike,"SENIOR PRINCIPAL, BASKETBALL SMD","Shanghai, China Mainland",,https://nike.wd1.myworkdayjobs.com/en-US/nke/job/Shanghai-China-Mainland/SENIOR-PRINCIPAL--BASKETBALL-SMD_R-87867,Posted Today,2026-07-14,2026-07-14T04:17:23+00:00,2026-07-13 21:17 Mon,,false,,,,false,workday:Nike:/job/Shanghai-China-Mainland/SENIOR-PRINCIPAL--BASKETBALL-SMD_R-87867
Nike:/job/Seoul-Korea/Senior-Principal--Brand-Marketing_R-89901,Nike,"Senior Principal, Brand Marketing","Seoul, Korea",,https://nike.wd1.myworkdayjobs.com/en-US/nke/job/Seoul-Korea/Senior-Principal--Brand-Marketing_R-89901,Posted Today,2026-08-25,2026-08-24T06:12:21+00:00,2026-08-23 23:12 Sun,,false,,,,false,workday:Nike:/job/Seoul-Korea/Senior-Principal--Brand-Marketing_R-89901
Nike:/job/Beaverton-Oregon/Senior-Principal--Digital-Product-Design_R-87632,Nike,"Senior Principal, Digital Product Design","Beaverton, Oregon",,https://nike.wd1.myworkdayjobs.com/en-US/nke/job/Beaverton-Oregon/Senior-Principal--Digital-Product-Design_R-87632,Posted 5 Days Ago,2026-07-08,2026-07-13T17:17:02+00:00,2026-07-13 10:17 Mon,,false,,,,false,workday:Nike:/job/Beaverton-Oregon/Senior-Principal--Digital-Product-Design_R-87632
Nike:/job/Seoul-Korea/Senior-Principal--NVS-Korea_R-90358,Nike,"Senior Principal, NVS Korea","Seoul, Korea",,https://nike.wd1.myworkdayjobs.com/en-US/nke/job/Seoul-Korea/Senior-Principal--NVS-Korea_R-90358,Posted Today,2026-08-26,2026-08-25T00:41:57+00:00,2026-08-24 17:41 Mon,,false,,,,false,workday:Nike:/job/Seoul-Korea/Senior-Principal--NVS-Korea_R-90358
Nike:/job/Beaverton-Oregon/Senior-Principal--Sports-Marketing-Investments_R-88631,Nike,"Senior Principal, Sports Marketing Investments","Beaverton, Oregon",,https://nike.wd1.myworkdayjobs.com/en-US/nke/job/Beaverton-Oregon/Senior-Principal--Sports-Marketing-Investments_R-88631,Posted Yesterday,2026-08-27,2026-08-26T17:42:16+00:00,2026-08-26 10:42 Wed,,false,,,,false,workday:Nike:/job/Beaverton-Oregon/Senior-Principal--Sports-Marketing-Investments_R-88631
Nike:/job/Beaverton-Oregon/Senior-Principal--Strategic-Planning_R-86516,Nike,"Senior Principal, Strategic Planning","Beaverton, Oregon",,https://nike.wd1.myworkdayjobs.com/en-US/nke/job/Beaverton-Oregon/Senior-Principal--Strategic-Planning_R-86516,Posted 30+ Days Ago,2026-07-19,2026-08-18T12:10:51+00:00,2026-08-18 05:10 Tue,,false,,,,false,workday:Nike:/job/Beaverton-Oregon/Senior-Principal--Strategic-Planning_R-86516
Nike:/job/Beaverton-Oregon/Senior-Product-Developer--Apparel--Jordan-North-America-Local-Creation_R-82858,Nike,Senior Product Developer - Jordan Apparel North America Local Creation,"Beaverton, Oregon",,https://nike.wd1.myworkdayjobs.com/en-US/nke/job/Beaverton-Oregon/Senior-Product-Developer--Apparel--Jordan-North-America-Local-Creation_R-82858,Posted Today,2026-07-21,2026-07-21T22:42:22+00:00,2026-07-21 15:42 Tue,,false,,,,false,workday:Nike:/job/Beaverton-Oregon/Senior-Product-Developer--Apparel--Jordan-North-America-Local-Creation_R-82858
Nike:/job/Beaverton-Oregon/Senior-Product-Developer---NikeSKIMS-Footwear_R-86294,Nike,Senior Product Developer - NikeSKIMS Footwear,"Beaverton, Oregon",,https://nike.wd1.myworkdayjobs.com/en-US/nke/job/Beaverton-Oregon/Senior-Product-Developer---NikeSKIMS-Footwear_R-86294,Posted Today,2026-07-14,2026-07-14T18:17:38+00:00,2026-07-14 11:17 Tue,,false,,,,false,workday:Nike:/job/Beaverton-Oregon/Senior-Product-Developer---NikeSKIMS-Footwear_R-86294
Nike:/job/Beaverton-Oregon/Senior-Product-Developer--Footwear-Local-Creation-North-America_R-88624,Nike,"Senior Product Developer, Footwear Local Creation North America","Beaverton, Oregon",,https://nike.wd1.myworkdayjobs.com/en-US/nke/job/Beaverton-Oregon/Senior-Product-Developer--Footwear-Local-Creation-North-America_R-88624,Posted Today,2026-07-24,2026-07-24T17:41:33+00:00,2026-07-24 10:41 Fri,,false,,,,false,workday:Nike:/job/Beaverton-Oregon/Senior-Product-Developer--Footwear-Local-Creation-North-America_R-88624
Nike:/job/Hong-Kong-Island-Hong-Kong/Senior-Product-Developer--Global-Apparel-PCC_R-89531,Nike,"Senior Product Developer, Global Apparel PCC","Hong Kong Island, Hong Kong",,https://nike.wd1.myworkdayjobs.com/en-US/nke/job/Hong-Kong-Island-Hong-Kong/Senior-Product-Developer--Global-Apparel-PCC_R-89531,Posted Today,2026-08-06,2026-08-06T12:17:56+00:00,2026-08-06 05:17 Thu,,false,,,,false,workday:Nike:/job/Hong-Kong-Island-Hong-Kong/Senior-Product-Developer--Global-Apparel-PCC_R-89531
Nike:/job/Beaverton-Oregon/Senior-Product-Developer--Promo-Footwear--Global-Jordan_R-89995,Nike,"Senior Product Developer, Promo Footwear, Global Jordan","Beaverton, Oregon",,https://nike.wd1.myworkdayjobs.com/en-US/nke/job/Beaverton-Oregon/Senior-Product-Developer--Promo-Footwear--Global-Jordan_R-89995,Posted Yesterday,2026-08-20,2026-08-19T19:39:52+00:00,2026-08-19 12:39 Wed,,false,,,,false,workday:Nike:/job/Beaverton-Oregon/Senior-Product-Developer--Promo-Footwear--Global-Jordan_R-89995
Nike:/job/Shanghai-China-Mainland/Senior-Product-Developer--Streetwear-Apparel--Global-Jordan-PCC_R-87871,Nike,"Senior Product Developer, Streetwear Apparel, Global Jordan PCC","Shanghai, China Mainland",,https://nike.wd1.myworkdayjobs.com/en-US/nke/job/Shanghai-China-Mainland/Senior-Product-Developer--Streetwear-Apparel--Global-Jordan-PCC_R-87871,Posted Today,2026-07-14,2026-07-14T08:16:59+00:00,2026-07-14 01:16 Tue,,false,,,,false,workday:Nike:/job/Shanghai-China-Mainland/Senior-Product-Developer--Streetwear-Apparel--Global-Jordan-PCC_R-87871
Nike:/job/Beaverton-Oregon/Senior-Product-Engineer---NikeSKIMS-Footwear_R-86293,Nike,Senior Product Engineer - NikeSKIMS Footwear,"Beaverton, Oregon",,https://nike.wd1.myworkdayjobs.com/en-US/nke/job/Beaverton-Oregon/Senior-Product-Engineer---NikeSKIMS-Footwear_R-86293,Posted Today,2026-07-14,2026-07-14T18:17:38+00:00,2026-07-14 11:17 Tue,,false,,,,false,workday:Nike:/job/Beaverton-Oregon/Senior-Product-Engineer---NikeSKIMS-Footwear_R-86293
Nike:/job/Beaverton-Oregon/Senior-Product-Line-Manager---Core-Running-Footwear_R-86986,Nike,Senior Product Line Manager - Core Running Footwear,"Beaverton, Oregon",,https://nike.wd1.myworkdayjobs.com/en-US/nke/job/Beaverton-Oregon/Senior-Product-Line-Manager---Core-Running-Footwear_R-86986,Posted Today,2026-07-27,2026-07-27T04:41:14+00:00,2026-07-26 21:41 Sun,,false,,,,false,workday:Nike:/job/Beaverton-Oregon/Senior-Product-Line-Manager---Core-Running-Footwear_R-86986
Nike:/job/Beaverton-Oregon/Senior-Product-Line-Manager--Nike-Socks_R-87636,Nike,"Senior Product Line Manager, Nike Socks","Beaverton, Oregon",,https://nike.wd1.myworkdayjobs.com/en-US/nke/job/Beaverton-Oregon/Senior-Product-Line-Manager--Nike-Socks_R-87636,Posted Today,2026-07-20,2026-07-20T16:17:21+00:00,2026-07-20 09:17 Mon,,false,,,,false,workday:Nike:/job/Beaverton-Oregon/Senior-Product-Line-Manager--Nike-Socks_R-87636
Nike:/job/Beaverton-Oregon/Senior-Product-Manager_R-87623,Nike,Senior Product Manager,"Beaverton, Oregon",,https://nike.wd1.myworkdayjobs.com/en-US/nke/job/Beaverton-Oregon/Senior-Product-Manager_R-87623,Posted Today,2026-07-14,2026-07-14T01:41:15+00:00,2026-07-13 18:41 Mon,,false,,,,false,workday:Nike:/job/Beaverton-Oregon/Senior-Product-Manager_R-87623
Nike:/job/Beaverton-Oregon/Senior-Production-Artist--Accessories-Digital-Design_R-87934,Nike,"Senior Production Artist, Accessories Digital Design","Beaverton, Oregon",,https://nike.wd1.myworkdayjobs.com/en-US/nke/job/Beaverton-Oregon/Senior-Production-Artist--Accessories-Digital-Design_R-87934,Posted Today,2026-07-16,2026-07-16T18:17:25+00:00,2026-07-16 11:17 Thu,,false,,,,false,workday:Nike:/job/Beaverton-Oregon/Senior-Production-Artist--Accessories-Digital-Design_R-87934
Nike:/job/Los-Angeles-California/Senior-Production-Artist--NikeSKIMS-Digital-Design_R-88092,Nike,"Senior Production Artist, NikeSKIMS Digital Design","Los Angeles, California",,https://nike.wd1.myworkdayjobs.com/en-US/nke/job/Los-Angeles-California/Senior-Production-Artist--NikeSKIMS-Digital-Design_R-88092,Posted Today,2026-07-16,2026-07-16T18:41:38+00:00,2026-07-16 11:41 Thu,,false,,,,false,workday:Nike:/job/Los-Angeles-California/Senior-Production-Artist--NikeSKIMS-Digital-Design_R-88092
Nike:/job/Hilversum-Netherlands/Senior-Professional---Retail-Experiences-Services-EMEA_R-90190,Nike,Senior Professional - Retail Experiences Services EMEA,"Hilversum, Netherlands",,https://nike.wd1.myworkdayjobs.com/en-US/nke/job/Hilversum-Netherlands/Senior-Professional---Retail-Experiences-Services-EMEA_R-90190,Posted Yesterday,2026-08-29,2026-08-20T13:41:54+00:00,2026-08-20 06:41 Thu,,false,,,,false,workday:Nike:/job/Hilversum-Netherlands/Senior-Professional---Retail-Experiences-Services-EMEA_R-90190
Nike:/job/Shanghai-China-Mainland/Senior-Professional--Brand-Creative-Narrative_R-90894,Nike,"Senior Professional, Brand Creative Narrative","Shanghai, China Mainland",,https://nike.wd1.myworkdayjobs.com/en-US/nke/job/Shanghai-China-Mainland/Senior-Professional--Brand-Creative-Narrative_R-90894,Posted Today,2026-08-28,2026-08-27T02:17:33+00:00,2026-08-26 19:17 Wed,,false,,,,false,workday:Nike:/job/Shanghai-China-Mainland/Senior-Professional--Brand-Creative-Narrative_R-90894
Nike:/job/Hilversum-Netherlands/Senior-Professional--Brand-Creative--Retail--Storytelling-Seasonal_R-90369,Nike,"Senior Professional, Brand Creative, Retail, Storytelling Seasonal","Hilversum, Netherlands",,https://nike.wd1.myworkdayjobs.com/en-US/nke/job/Hilversum-Netherlands/Senior-Professional--Brand-Creative--Retail--Storytelling-Seasonal_R-90369,Posted Yesterday,2026-08-27,2026-08-26T12:42:12+00:00,2026-08-26 05:42 Wed,,false,,,,false,workday:Nike:/job/Hilversum-Netherlands/Senior-Professional--Brand-Creative--Retail--Storytelling-Seasonal_R-90369
Nike:/job/Shanghai-China-Mainland/Senior-Professional--Brand-Marketing--Energy---Sport--GC---Converse_R-88795,Nike,"Senior Professional, Brand Marketing, Energy & Sport, GC - Converse","Shanghai, China Mainland",,https://nike.wd1.myworkdayjobs.com/en-US/nke/job/Shanghai-China-Mainland/Senior-Professional--Brand-Marketing--Energy---Sport--GC---Converse_R-88795,Posted Today,2026-07-27,2026-07-27T07:59:05+00:00,2026-07-27 00:59 Mon,,false,,,,false,workday:Nike:/job/Shanghai-China-Mainland/Senior-Professional--Brand-Marketing--Energy---Sport--GC---Converse_R-88795
Nike:/job/Beaverton-Oregon/Senior-Professional--Core-Operations--OGC-Operations_R-90966,Nike,"Senior Professional, Core Operations, OGC Operations","Beaverton, Oregon",,https://nike.wd1.myworkdayjobs.com/en-US/nke/job/Beaverton-Oregon/Senior-Professional--Core-Operations--OGC-Operations_R-90966,Posted 3 Days Ago,2026-08-29,2026-08-28T20:17:45+00:00,2026-08-28 13:17 Fri,,false,,,,false,workday:Nike:/job/Beaverton-Oregon/Senior-Professional--Core-Operations--OGC-Operations_R-90966
Nike:/job/Hilversum-Netherlands/Senior-Professional--Digital-Account-Marketing_R-88821,Nike,"Senior Professional, Digital Account Marketing","Hilversum, Netherlands",,https://nike.wd1.myworkdayjobs.com/en-US/nke/job/Hilversum-Netherlands/Senior-Professional--Digital-Account-Marketing_R-88821,Posted 4 Days Ago,2026-07-26,2026-07-30T08:17:10+00:00,2026-07-30 01:17 Thu,,false,,,,false,workday:Nike:/job/Hilversum-Netherlands/Senior-Professional--Digital-Account-Marketing_R-88821
Nike:/job/Hong-Kong-Island-Hong-Kong/Senior-Professional--Energy-Marketing--HK-GC_R-86946,Nike,"Senior Professional, Energy Marketing, HK GC","Hong Kong Island, Hong Kong",,https://nike.wd1.myworkdayjobs.com/en-US/nke/job/Hong-Kong-Island-Hong-Kong/Senior-Professional--Energy-Marketing--HK-GC_R-86946,Posted 30+ Days Ago,2026-07-19,2026-08-18T12:10:51+00:00,2026-08-18 05:10 Tue,,false,,,,false,workday:Nike:/job/Hong-Kong-Island-Hong-Kong/Senior-Professional--Energy-Marketing--HK-GC_R-86946
Nike:/job/Milano-Italy/Senior-Professional--Energy-Marketing--Relationship-Management--Jordan-Italy_R-87975,Nike,"Senior Professional, Energy Marketing, Relationship Management, Jordan Italy","Milano, Italy",,https://nike.wd1.myworkdayjobs.com/en-US/nke/job/Milano-Italy/Senior-Professional--Energy-Marketing--Relationship-Management--Jordan-Italy_R-87975,Posted Yesterday,2026-08-19,2026-08-18T15:11:45+00:00,2026-08-18 08:11 Tue,,false,,,,false,workday:Nike:/job/Milano-Italy/Senior-Professional--Energy-Marketing--Relationship-Management--Jordan-Italy_R-87975
Nike:/job/London-United-Kingdom/Senior-Professional--Energy-Marketing--Relationship-Management--Jordan-UK---Ireland_R-89271,Nike,"Senior Professional, Energy Marketing, Relationship Management, Jordan UK & Ireland","London, United Kingdom",,https://nike.wd1.myworkdayjobs.com/en-US/nke/job/London-United-Kingdom/Senior-Professional--Energy-Marketing--Relationship-Management--Jordan-UK---Ireland_R-89271,Posted Yesterday,2026-08-19,2026-08-18T14:12:13+00:00,2026-08-18 07:12 Tue,,false,,,,false,workday:Nike:/job/London-United-Kingdom/Senior-Professional--Energy-Marketing--Relationship-Management--Jordan-UK---Ireland_R-89271
Nike:/job/Hilversum-Netherlands/Senior-Professional--Global-Stores-Training---Experience----Converse_R-87888,Nike,"Senior Professional, Global Stores Training & Experience  - Converse","Hilversum, Netherlands",,https://nike.wd1.myworkdayjobs.com/en-US/nke/job/Hilversum-Netherlands/Senior-Professional--Global-Stores-Training---Experience----Converse_R-87888,Posted Today,2026-08-20,2026-08-12T07:41:25+00:00,2026-08-12 00:41 Wed,,false,,,,false,workday:Nike:/job/Hilversum-Netherlands/Senior-Professional--Global-Stores-Training---Experience----Converse_R-87888
Nike:/job/Paris-France/Senior-Professional--Integrated-Retail-Marketing--France_R-87491,Nike,"Senior Professional, Integrated Retail Marketing, France","Paris, France",,https://nike.wd1.myworkdayjobs.com/en-US/nke/job/Paris-France/Senior-Professional--Integrated-Retail-Marketing--France_R-87491,Posted 5 Days Ago,2026-07-24,2026-07-29T08:17:27+00:00,2026-07-29 01:17 Wed,,false,,,,false,workday:Nike:/job/Paris-France/Senior-Professional--Integrated-Retail-Marketing--France_R-87491
Nike:/job/Berlin-Germany/Senior-Professional--Media-Relations---Employee-Communications--Germany_R-87132,Nike,"Senior Professional, Media Relations & Employee Communications (m/f/d)","Berlin, Germany",,https://nike.wd1.myworkdayjobs.com/en-US/nke/job/Berlin-Germany/Senior-Professional--Media-Relations---Employee-Communications--Germany_R-87132,Posted 4 Days Ago,2026-07-12,2026-07-16T13:10:36+00:00,2026-07-16 06:10 Thu,,false,,,,false,workday:Nike:/job/Berlin-Germany/Senior-Professional--Media-Relations---Employee-Communications--Germany_R-87132
Nike:/job/Beaverton-Oregon/Senior-Professional--NA-Employee-Communications---Experiences_R-87840,Nike,"Senior Professional, NA Employee Communications & Experiences","Beaverton, Oregon",,https://nike.wd1.myworkdayjobs.com/en-US/nke/job/Beaverton-Oregon/Senior-Professional--NA-Employee-Communications---Experiences_R-87840,Posted Today,2026-07-17,2026-07-17T16:28:19+00:00,2026-07-17 09:28 Fri,,false,,,,false,workday:Nike:/job/Beaverton-Oregon/Senior-Professional--NA-Employee-Communications---Experiences_R-87840
Nike:/job/Shanghai-China-Mainland/Senior-Professional--Region---City-Marketing--Running--Training---ACG--East---South--GC_R-87283,Nike,"Senior Professional, Region & City Marketing, Running, Training & ACG, East & South, GC","Shanghai, China Mainland",,https://nike.wd1.myworkdayjobs.com/en-US/nke/job/Shanghai-China-Mainland/Senior-Professional--Region---City-Marketing--Running--Training---ACG--East---South--GC_R-87283,Posted 5 Days Ago,2026-07-07,2026-07-12T07:45:02+00:00,2026-07-12 00:45 Sun,,false,,,,false,workday:Nike:/job/Shanghai-China-Mainland/Senior-Professional--Region---City-Marketing--Running--Training---ACG--East---South--GC_R-87283
Nike:/job/Shanghai-China-Mainland/Senior-Professional--Retail-Brand-Marketing--East-GC_R-87282,Nike,"Senior Professional, Retail Brand Marketing, East GC","Shanghai, China Mainland",,https://nike.wd1.myworkdayjobs.com/en-US/nke/job/Shanghai-China-Mainland/Senior-Professional--Retail-Brand-Marketing--East-GC_R-87282,Posted 3 Days Ago,2026-07-09,2026-07-12T07:45:02+00:00,2026-07-12 00:45 Sun,,false,,,,false,workday:Nike:/job/Shanghai-China-Mainland/Senior-Professional--Retail-Brand-Marketing--East-GC_R-87282
Nike:/job/Tokyo-Japan/Senior-Professional--Running--Training---Yoga--Japan_R-77304,Nike,"Senior Professional, Running, Training & Yoga, Japan","Tokyo, Japan",,https://nike.wd1.myworkdayjobs.com/en-US/nke/job/Tokyo-Japan/Senior-Professional--Running--Training---Yoga--Japan_R-77304,Posted 30+ Days Ago,2026-07-19,2026-08-18T12:10:51+00:00,2026-08-18 05:10 Tue,,false,,,,false,workday:Nike:/job/Tokyo-Japan/Senior-Professional--Running--Training---Yoga--Japan_R-77304
Nike:/job/Hilversum-Netherlands/Senior-Professional--Sports-Marketing-Operations--Track---Field-_R-88653,Nike,"Senior Professional, Sports Marketing Operations (Track & Field)","Hilversum, Netherlands",,https://nike.wd1.myworkdayjobs.com/en-US/nke/job/Hilversum-Netherlands/Senior-Professional--Sports-Marketing-Operations--Track---Field-_R-88653,Posted Today,2026-08-17,2026-08-17T07:16:52+00:00,2026-08-17 00:16 Mon,,false,,,,false,workday:Nike:/job/Hilversum-Netherlands/Senior-Professional--Sports-Marketing-Operations--Track---Field-_R-88653
Nike:/job/London-United-Kingdom/Senior-Professional--Sports-Marketing--Athlete-Performance-Services--UK---Ireland-_R-88552,Nike,"Senior Professional, Sports Marketing, Athlete Performance Services, UK & Ireland ","London, United Kingdom",,https://nike.wd1.myworkdayjobs.com/en-US/nke/job/London-United-Kingdom/Senior-Professional--Sports-Marketing--Athlete-Performance-Services--UK---Ireland-_R-88552,Posted Today,2026-08-06,2026-08-06T13:59:29+00:00,2026-08-06 06:59 Thu,,false,,,,false,workday:Nike:/job/London-United-Kingdom/Senior-Professional--Sports-Marketing--Athlete-Performance-Services--UK---Ireland-_R-88552
Nike:/job/Hilversum-Netherlands/Senior-Professional--Sports-Marketing--Football-Clubs--Federations---Leagues-Servicing_R-88654,Nike,"Senior Professional, Sports Marketing, Football Clubs, Federations & Leagues Servicing","Hilversum, Netherlands",,https://nike.wd1.myworkdayjobs.com/en-US/nke/job/Hilversum-Netherlands/Senior-Professional--Sports-Marketing--Football-Clubs--Federations---Leagues-Servicing_R-88654,Posted Today,2026-07-27,2026-07-27T08:41:16+00:00,2026-07-27 01:41 Mon,,false,,,,false,workday:Nike:/job/Hilversum-Netherlands/Senior-Professional--Sports-Marketing--Football-Clubs--Federations---Leagues-Servicing_R-88654
Nike:/job/Hilversum-Netherlands/Senior-Professional--Sports-Marketing--Operations-Specialist--Clubs---Federations-_R-88553,Nike,"Senior Professional, Sports Marketing, Operations Specialist (Clubs & Federations)","Hilversum, Netherlands",,https://nike.wd1.myworkdayjobs.com/en-US/nke/job/Hilversum-Netherlands/Senior-Professional--Sports-Marketing--Operations-Specialist--Clubs---Federations-_R-88553,Posted Today,2026-07-24,2026-07-24T06:41:28+00:00,2026-07-23 23:41 Thu,,false,,,,false,workday:Nike:/job/Hilversum-Netherlands/Senior-Professional--Sports-Marketing--Operations-Specialist--Clubs---Federations-_R-88553
Nike:/job/Beaverton-Oregon/Senior-Professional--Sports-Marketing--Signature-Athlete-Account-Specialist_R-88629,Nike,"Senior Professional, Sports Marketing, Signature Athlete Account Specialist","Beaverton, Oregon",,https://nike.wd1.myworkdayjobs.com/en-US/nke/job/Beaverton-Oregon/Senior-Professional--Sports-Marketing--Signature-Athlete-Account-Specialist_R-88629,Posted 4 Days Ago,2026-07-26,2026-07-30T21:17:31+00:00,2026-07-30 14:17 Thu,,false,,,,false,workday:Nike:/job/Beaverton-Oregon/Senior-Professional--Sports-Marketing--Signature-Athlete-Account-Specialist_R-88629
Nike:/job/Dahisar-Mumbai/Senior-Retail-Associate---Nike--Mumbai-_R-89224,Nike,"Senior Retail Associate - Nike (Dahisar, Mumbai)","Dahisar, Mumbai",,https://nike.wd1.myworkdayjobs.com/en-US/nke/job/Dahisar-Mumbai/Senior-Retail-Associate---Nike--Mumbai-_R-89224,Posted Today,2026-09-02,2026-08-03T06:41:44+00:00,2026-08-02 23:41 Sun,,false,,,,false,workday:Nike:/job/Dahisar-Mumbai/Senior-Retail-Associate---Nike--Mumbai-_R-89224
Nike:/job/Murthal-Haryana/Lead-Operations_R-84431,Nike,Senior Retail Associate - Nike (Murthal),"Murthal, Haryana",,https://nike.wd1.myworkdayjobs.com/en-US/nke/job/Murthal-Haryana/Lead-Operations_R-84431,Posted 30+ Days Ago,2026-07-19,2026-08-18T12:10:51+00:00,2026-08-18 05:10 Tue,,false,,,,false,workday:Nike:/job/Murthal-Haryana/Lead-Operations_R-84431
Nike:/job/Tel-Aviv-Israel/Senior-Retail-Manager---Israel_R-87564,Nike,Senior Retail Manager - Israel,"Tel Aviv, Israel",,https://nike.wd1.myworkdayjobs.com/en-US/nke/job/Tel-Aviv-Israel/Senior-Retail-Manager---Israel_R-87564,Posted Today,2026-07-13,2026-07-13T21:13:56+00:00,2026-07-13 14:13 Mon,,false,,,,false,workday:Nike:/job/Tel-Aviv-Israel/Senior-Retail-Manager---Israel_R-87564
Nike:/job/Samut-Prakan-Thailand/Senior-Retail-Supervisor_R-68168,Nike,Senior Retail Supervisor,"Samut Prakan, Thailand",,https://nike.wd1.myworkdayjobs.com/en-US/nke/job/Samut-Prakan-Thailand/Senior-Retail-Supervisor_R-68168,Posted 30+ Days Ago,2026-07-19,2026-08-18T12:10:51+00:00,2026-08-18 05:10 Tue,,false,,,,false,workday:Nike:/job/Samut-Prakan-Thailand/Senior-Retail-Supervisor_R-68168
Nike:/job/West-Singapore-Singapore/Senior-Sales-Associate_R-89154,Nike,Senior Sales Associate,"West, Singapore, Singapore",,https://nike.wd1.myworkdayjobs.com/en-US/nke/job/West-Singapore-Singapore/Senior-Sales-Associate_R-89154,Posted 3 Days Ago,2026-07-28,2026-07-31T06:41:18+00:00,2026-07-30 23:41 Thu,,false,,,,false,workday:Nike:/job/West-Singapore-Singapore/Senior-Sales-Associate_R-89154
Nike:/job/Hilversum-Netherlands/Senior-Sales-Rep--CE---Intersport--CEMEA_R-87122,Nike,"Senior Sales Rep, CE & Intersport, CEMEA","Hilversum, Netherlands",,https://nike.wd1.myworkdayjobs.com/en-US/nke/job/Hilversum-Netherlands/Senior-Sales-Rep--CE---Intersport--CEMEA_R-87122,Posted Yesterday,2026-07-11,2026-07-12T07:45:02+00:00,2026-07-12 00:45 Sun,,false,,,,false,workday:Nike:/job/Hilversum-Netherlands/Senior-Sales-Rep--CE---Intersport--CEMEA_R-87122
Nike:/job/Jakarta-Raya-Indonesia/Senior-Sales-Representative--Jordan---Indonesia_R-88788,Nike,"Senior Sales Representative, Jordan - Indonesia","Jakarta Raya, Indonesia",,https://nike.wd1.myworkdayjobs.com/en-US/nke/job/Jakarta-Raya-Indonesia/Senior-Sales-Representative--Jordan---Indonesia_R-88788,Posted Today,2026-08-04,2026-08-04T03:17:33+00:00,2026-08-03 20:17 Mon,,false,,,,false,workday:Nike:/job/Jakarta-Raya-Indonesia/Senior-Sales-Representative--Jordan---Indonesia_R-88788
Nike:/job/Tokyo-Japan/Senior-Sales-Representative--Sporting-Goods-Japan_R-86530,Nike,"Senior Sales Representative, Sporting Goods Japan","Tokyo, Japan",,https://nike.wd1.myworkdayjobs.com/en-US/nke/job/Tokyo-Japan/Senior-Sales-Representative--Sporting-Goods-Japan_R-86530,Posted 6 Days Ago,2026-07-06,2026-07-12T07:45:02+00:00,2026-07-12 00:45 Sun,,false,,,,false,workday:Nike:/job/Tokyo-Japan/Senior-Sales-Representative--Sporting-Goods-Japan_R-86530
Nike:/job/South-Singapore-Singapore/Senior-Sales-Rep--Sports-Channels---SEA-I_R-86537,Nike,"Senior Sales Representative, Sports Channels - SEA&I","South, Singapore, Singapore",,https://nike.wd1.myworkdayjobs.com/en-US/nke/job/South-Singapore-Singapore/Senior-Sales-Rep--Sports-Channels---SEA-I_R-86537,Posted 3 Days Ago,2026-07-09,2026-07-12T07:45:02+00:00,2026-07-12 00:45 Sun,,false,,,,false,workday:Nike:/job/South-Singapore-Singapore/Senior-Sales-Rep--Sports-Channels---SEA-I_R-86537
Nike:/job/Beaverton-Oregon/Senior-Software-Engineer_R-88279,Nike,Senior Software Engineer,"Beaverton, Oregon",,https://nike.wd1.myworkdayjobs.com/en-US/nke/job/Beaverton-Oregon/Senior-Software-Engineer_R-88279,Posted Today,2026-07-24,2026-07-24T16:41:39+00:00,2026-07-24 09:41 Fri,,false,,,,false,workday:Nike:/job/Beaverton-Oregon/Senior-Software-Engineer_R-88279
Nike:/job/Beaverton-Oregon/Senior-Software-Engineer_R-88868,Nike,Senior Software Engineer,"Beaverton, Oregon",,https://nike.wd1.myworkdayjobs.com/en-US/nke/job/Beaverton-Oregon/Senior-Software-Engineer_R-88868,Posted 6 Days Ago,2026-07-22,2026-07-28T17:17:35+00:00,2026-07-28 10:17 Tue,,false,,,,false,workday:Nike:/job/Beaverton-Oregon/Senior-Software-Engineer_R-88868
Nike:/job/Karnataka-India/Senior-Software-Engineer---ITC_R-88936,Nike,"Senior Software Engineer , ITC","Karnataka, India",,https://nike.wd1.myworkdayjobs.com/en-US/nke/job/Karnataka-India/Senior-Software-Engineer---ITC_R-88936,Posted 5 Days Ago,2026-07-24,2026-07-29T08:17:27+00:00,2026-07-29 01:17 Wed,,false,,,,false,workday:Nike:/job/Karnataka-India/Senior-Software-Engineer---ITC_R-88936
Nike:/job/Karnataka-India/Senior-Software-Engineer--Global-Converse--ITC_R-86795,Nike,"Senior Software Engineer, Global Converse, ITC","Karnataka, India",,https://nike.wd1.myworkdayjobs.com/en-US/nke/job/Karnataka-India/Senior-Software-Engineer--Global-Converse--ITC_R-86795,Posted Today,2026-07-14,2026-07-14T09:40:52+00:00,2026-07-14 02:40 Tue,,false,,,,false,workday:Nike:/job/Karnataka-India/Senior-Software-Engineer--Global-Converse--ITC_R-86795
Nike:/job/Karnataka-India/Senior-Software-Engineer--Global-Converse--ITC_R-83502,Nike,"Senior Software Engineer, Global Converse, ITC","Karnataka, India",,https://nike.wd1.myworkdayjobs.com/en-US/nke/job/Karnataka-India/Senior-Software-Engineer--Global-Converse--ITC_R-83502,Posted Today,2026-08-06,2026-08-06T06:41:36+00:00,2026-08-05 23:41 Wed,,false,,,,false,workday:Nike:/job/Karnataka-India/Senior-Software-Engineer--Global-Converse--ITC_R-83502
Nike:/job/Karnataka-India/Senior-Software-Engineer--Global-Converse--ITC_R-81648,Nike,"Senior Software Engineer, Global Converse, ITC","Karnataka, India",,https://nike.wd1.myworkdayjobs.com/en-US/nke/job/Karnataka-India/Senior-Software-Engineer--Global-Converse--ITC_R-81648,Posted 30+ Days Ago,2026-07-19,2026-08-18T12:10:51+00:00,2026-08-18 05:10 Tue,,false,,,,false,workday:Nike:/job/Karnataka-India/Senior-Software-Engineer--Global-Converse--ITC_R-81648
Nike:/job/Karnataka-India/Senior-Software-Engineer--ITC_R-86692,Nike,"Senior Software Engineer, ITC","Karnataka, India",,https://nike.wd1.myworkdayjobs.com/en-US/nke/job/Karnataka-India/Senior-Software-Engineer--ITC_R-86692,Posted 5 Days Ago,2026-07-07,2026-07-12T07:45:02+00:00,2026-07-12 00:45 Sun,,false,,,,false,workday:Nike:/job/Karnataka-India/Senior-Software-Engineer--ITC_R-86692
Nike:/job/Karnataka-India/Senior-Software-Engineer--ITC_R-87294,Nike,"Senior Software Engineer, ITC","Karnataka, India",,https://nike.wd1.myworkdayjobs.com/en-US/nke/job/Karnataka-India/Senior-Software-Engineer--ITC_R-87294,Posted 3 Days Ago,2026-07-09,2026-07-12T07:45:02+00:00,2026-07-12 00:45 Sun,,false,,,,false,workday:Nike:/job/Karnataka-India/Senior-Software-Engineer--ITC_R-87294
Nike:/job/Karnataka-India/Senior-Software-Engineer--ITC_R-87298-1,Nike,"Senior Software Engineer, ITC","Karnataka, India",,https://nike.wd1.myworkdayjobs.com/en-US/nke/job/Karnataka-India/Senior-Software-Engineer--ITC_R-87298-1,Posted 6 Days Ago,2026-07-06,2026-07-12T07:45:02+00:00,2026-07-12 00:45 Sun,,false,,,,false,workday:Nike:/job/Karnataka-India/Senior-Software-Engineer--ITC_R-87298-1
Nike:/job/Karnataka-India/Senior-Software-Engineer--ITC_R-87299,Nike,"Senior Software Engineer, ITC","Karnataka, India",,https://nike.wd1.myworkdayjobs.com/en-US/nke/job/Karnataka-India/Senior-Software-Engineer--ITC_R-87299,Posted 6 Days Ago,2026-07-06,2026-07-12T07:45:02+00:00,2026-07-12 00:45 Sun,,false,,,,false,workday:Nike:/job/Karnataka-India/Senior-Software-Engineer--ITC_R-87299
Nike:/job/Karnataka-India/Senior-Software-Engineer--ITC_R-87311,Nike,"Senior Software Engineer, ITC","Karnataka, India",,https://nike.wd1.myworkdayjobs.com/en-US/nke/job/Karnataka-India/Senior-Software-Engineer--ITC_R-87311,Posted 6 Days Ago,2026-07-06,2026-07-12T07:45:02+00:00,2026-07-12 00:45 Sun,,false,,,,false,workday:Nike:/job/Karnataka-India/Senior-Software-Engineer--ITC_R-87311
Nike:/job/Karnataka-India/Senior-Software-Engineer--ITC_R-87481,Nike,"Senior Software Engineer, ITC","Karnataka, India",,https://nike.wd1.myworkdayjobs.com/en-US/nke/job/Karnataka-India/Senior-Software-Engineer--ITC_R-87481,Posted 2 Days Ago,2026-07-10,2026-07-12T07:45:02+00:00,2026-07-12 00:45 Sun,,false,,,,false,workday:Nike:/job/Karnataka-India/Senior-Software-Engineer--ITC_R-87481
Nike:/job/Karnataka-India/Senior-Software-Engineer--ITC_R-87489,Nike,"Senior Software Engineer, ITC","Karnataka, India",,https://nike.wd1.myworkdayjobs.com/en-US/nke/job/Karnataka-India/Senior-Software-Engineer--ITC_R-87489,Posted 4 Days Ago,2026-07-08,2026-07-12T07:45:02+00:00,2026-07-12 00:45 Sun,,false,,,,false,workday:Nike:/job/Karnataka-India/Senior-Software-Engineer--ITC_R-87489
Nike:/job/Karnataka-India/Senior-Software-Engineer--ITC_R-88293-1,Nike,"Senior Software Engineer, ITC","Karnataka, India",,https://nike.wd1.myworkdayjobs.com/en-US/nke/job/Karnataka-India/Senior-Software-Engineer--ITC_R-88293-1,Posted Today,2026-07-21,2026-07-21T06:41:20+00:00,2026-07-20 23:41 Mon,,false,,,,false,workday:Nike:/job/Karnataka-India/Senior-Software-Engineer--ITC_R-88293-1
Nike:/job/Karnataka-India/Senior-Software-Engineer--ITC_R-88446-1,Nike,"Senior Software Engineer, ITC","Karnataka, India",,https://nike.wd1.myworkdayjobs.com/en-US/nke/job/Karnataka-India/Senior-Software-Engineer--ITC_R-88446-1,Posted Today,2026-07-23,2026-07-23T06:41:31+00:00,2026-07-22 23:41 Wed,,false,,,,false,workday:Nike:/job/Karnataka-India/Senior-Software-Engineer--ITC_R-88446-1
Nike:/job/Karnataka-India/Senior-Software-Engineer--ITC_R-86838,Nike,"Senior Software Engineer, ITC","Karnataka, India",,https://nike.wd1.myworkdayjobs.com/en-US/nke/job/Karnataka-India/Senior-Software-Engineer--ITC_R-86838,Posted Today,2026-07-27,2026-07-27T05:59:17+00:00,2026-07-26 22:59 Sun,,false,,,,false,workday:Nike:/job/Karnataka-India/Senior-Software-Engineer--ITC_R-86838
Nike:/job/Karnataka-India/Senior-Software-Engineer--ITC_R-88923,Nike,"Senior Software Engineer, ITC","Karnataka, India",,https://nike.wd1.myworkdayjobs.com/en-US/nke/job/Karnataka-India/Senior-Software-Engineer--ITC_R-88923,Posted 6 Days Ago,2026-07-22,2026-07-28T07:41:38+00:00,2026-07-28 00:41 Tue,,false,,,,false,workday:Nike:/job/Karnataka-India/Senior-Software-Engineer--ITC_R-88923
Nike:/job/Karnataka-India/Senior-Software-Engineer--ITC_R-88924-1,Nike,"Senior Software Engineer, ITC","Karnataka, India",,https://nike.wd1.myworkdayjobs.com/en-US/nke/job/Karnataka-India/Senior-Software-Engineer--ITC_R-88924-1,Posted Today,2026-07-28,2026-07-28T07:41:38+00:00,2026-07-28 00:41 Tue,,false,,,,false,workday:Nike:/job/Karnataka-India/Senior-Software-Engineer--ITC_R-88924-1
Nike:/job/Karnataka-India/Senior-Software-Engineer--ITC_R-89041,Nike,"Senior Software Engineer, ITC","Karnataka, India",,https://nike.wd1.myworkdayjobs.com/en-US/nke/job/Karnataka-India/Senior-Software-Engineer--ITC_R-89041,Posted 5 Days Ago,2026-07-24,2026-07-29T12:38:04+00:00,2026-07-29 05:38 Wed,,false,,,,false,workday:Nike:/job/Karnataka-India/Senior-Software-Engineer--ITC_R-89041
Nike:/job/Karnataka-India/Senior-Software-Engineer--ITC_R-89037-1,Nike,"Senior Software Engineer, ITC","Karnataka, India",,https://nike.wd1.myworkdayjobs.com/en-US/nke/job/Karnataka-India/Senior-Software-Engineer--ITC_R-89037-1,Posted 5 Days Ago,2026-07-24,2026-07-29T12:44:19+00:00,2026-07-29 05:44 Wed,,false,,,,false,workday:Nike:/job/Karnataka-India/Senior-Software-Engineer--ITC_R-89037-1
Nike:/job/Karnataka-India/Senior-Software-Engineer--ITC_R-89040,Nike,"Senior Software Engineer, ITC","Karnataka, India",,https://nike.wd1.myworkdayjobs.com/en-US/nke/job/Karnataka-India/Senior-Software-Engineer--ITC_R-89040,Posted 4 Days Ago,2026-07-26,2026-07-30T03:41:26+00:00,2026-07-29 20:41 Wed,,false,,,,false,workday:Nike:/job/Karnataka-India/Senior-Software-Engineer--ITC_R-89040
Nike:/job/Karnataka-India/Senior-Software-Engineer--ITC_R-86725,Nike,"Senior Software Engineer, ITC","Karnataka, India",,https://nike.wd1.myworkdayjobs.com/en-US/nke/job/Karnataka-India/Senior-Software-Engineer--ITC_R-86725,Posted Today,2026-08-10,2026-08-10T09:17:19+00:00,2026-08-10 02:17 Mon,,false,,,,false,workday:Nike:/job/Karnataka-India/Senior-Software-Engineer--ITC_R-86725
Nike:/job/Karnataka-India/Senior-Software-Engineer--ITC_R-86177,Nike,"Senior Software Engineer, ITC","Karnataka, India",,https://nike.wd1.myworkdayjobs.com/en-US/nke/job/Karnataka-India/Senior-Software-Engineer--ITC_R-86177,Posted Today,2026-08-11,2026-08-11T10:59:43+00:00,2026-08-11 03:59 Tue,,false,,,,false,workday:Nike:/job/Karnataka-India/Senior-Software-Engineer--ITC_R-86177
Nike:/job/Karnataka-India/Senior-Software-Engineer--ITC_R-89038,Nike,"Senior Software Engineer, ITC","Karnataka, India",,https://nike.wd1.myworkdayjobs.com/en-US/nke/job/Karnataka-India/Senior-Software-Engineer--ITC_R-89038,Posted Today,2026-09-04,2026-09-04T06:58:52+00:00,2026-09-03 23:58 Thu,,false,,,,false,workday:Nike:/job/Karnataka-India/Senior-Software-Engineer--ITC_R-89038
Nike:/job/Karnataka-India/Senior-Software-Engineer--ITC_R-86288,Nike,"Senior Software Engineer_ Anaplan, ITC","Karnataka, India",,https://nike.wd1.myworkdayjobs.com/en-US/nke/job/Karnataka-India/Senior-Software-Engineer--ITC_R-86288,Posted 30+ Days Ago,2026-07-19,2026-08-18T12:10:51+00:00,2026-08-18 05:10 Tue,,false,,,,false,workday:Nike:/job/Karnataka-India/Senior-Software-Engineer--ITC_R-86288
Nike:/job/Karnataka-India/Senior-Software-Engineer--ITC_R-86290,Nike,"Senior Software Engineer_ Anaplan, ITC","Karnataka, India",,https://nike.wd1.myworkdayjobs.com/en-US/nke/job/Karnataka-India/Senior-Software-Engineer--ITC_R-86290,Posted 30+ Days Ago,2026-07-19,2026-08-18T12:10:51+00:00,2026-08-18 05:10 Tue,,false,,,,false,workday:Nike:/job/Karnataka-India/Senior-Software-Engineer--ITC_R-86290
Nike:/job/Beaverton-Oregon/Senior-Sourcing-Analyst--GSA--Licensed-Basketball_R-87997,Nike,"Senior Sourcing Analyst, GSA- Licensed Basketball","Beaverton, Oregon",,https://nike.wd1.myworkdayjobs.com/en-US/nke/job/Beaverton-Oregon/Senior-Sourcing-Analyst--GSA--Licensed-Basketball_R-87997,Posted Today,2026-07-15,2026-07-15T17:59:55+00:00,2026-07-15 10:59 Wed,,false,,,,false,workday:Nike:/job/Beaverton-Oregon/Senior-Sourcing-Analyst--GSA--Licensed-Basketball_R-87997
Nike:/job/Melbourne-Victoria/Senior-Specialist--DC-Operations-Pacific_R-87380,Nike,"Senior Specialist, DC Operations Pacific","Melbourne, Victoria",,https://nike.wd1.myworkdayjobs.com/en-US/nke/job/Melbourne-Victoria/Senior-Specialist--DC-Operations-Pacific_R-87380,Posted Today,2026-07-17,2026-07-17T04:59:20+00:00,2026-07-16 21:59 Thu,,false,,,,false,workday:Nike:/job/Melbourne-Victoria/Senior-Specialist--DC-Operations-Pacific_R-87380
Nike:/job/Melbourne-Victoria/Senior-Specialist--Marketplace-Supply-Chain-Pacific_R-88515,Nike,"Senior Specialist, Marketplace Supply Chain Pacific","Melbourne, Victoria",,https://nike.wd1.myworkdayjobs.com/en-US/nke/job/Melbourne-Victoria/Senior-Specialist--Marketplace-Supply-Chain-Pacific_R-88515,Posted Today,2026-07-23,2026-07-23T05:17:27+00:00,2026-07-22 22:17 Wed,,false,,,,false,workday:Nike:/job/Melbourne-Victoria/Senior-Specialist--Marketplace-Supply-Chain-Pacific_R-88515
Nike:/job/Shanghai-China-Mainland/Senior-Specialist--Merchandising-Business-Integration--Product-Data_R-79740,Nike,"Senior Specialist, Merchandising Business Integration, Product Data","Shanghai, China Mainland",,https://nike.wd1.myworkdayjobs.com/en-US/nke/job/Shanghai-China-Mainland/Senior-Specialist--Merchandising-Business-Integration--Product-Data_R-79740,Posted Today,2026-08-03,2026-08-03T09:59:21+00:00,2026-08-03 02:59 Mon,,false,,,,false,workday:Nike:/job/Shanghai-China-Mainland/Senior-Specialist--Merchandising-Business-Integration--Product-Data_R-79740
Nike:/job/Hilversum-Netherlands/Senior-Specialist--Supply-Chain_R-87551,Nike,"Senior Specialist, Supply Chain","Hilversum, Netherlands",,https://nike.wd1.myworkdayjobs.com/en-US/nke/job/Hilversum-Netherlands/Senior-Specialist--Supply-Chain_R-87551,Posted Today,2026-09-04,2026-09-04T11:16:38+00:00,2026-09-04 04:16 Fri,,false,,,,false,workday:Nike:/job/Hilversum-Netherlands/Senior-Specialist--Supply-Chain_R-87551
Nike:/job/London-United-Kingdom/Senior-Store-Manager--Senior-Head-Coach----NEW-NIKE-LONDON-FLAGSHIP_R-87350,Nike,Senior Store Manager (Experience and Commercial Performance) - NEW NIKE LONDON FLAGSHIP,"London, United Kingdom",,https://nike.wd1.myworkdayjobs.com/en-US/nke/job/London-United-Kingdom/Senior-Store-Manager--Senior-Head-Coach----NEW-NIKE-LONDON-FLAGSHIP_R-87350,Posted Today,2026-07-26,2026-07-26T17:59:26+00:00,2026-07-26 10:59 Sun,,false,,,,false,workday:Nike:/job/London-United-Kingdom/Senior-Store-Manager--Senior-Head-Coach----NEW-NIKE-LONDON-FLAGSHIP_R-87350
Nike:/job/Halton-Hills-Ontario/Senior-Store-Manager--Toronto-Premium-Oultet-_R-88028-1,Nike,Senior Store Manager (Toronto Premium Oultet),"Halton Hills, Ontario",,https://nike.wd1.myworkdayjobs.com/en-US/nke/job/Halton-Hills-Ontario/Senior-Store-Manager--Toronto-Premium-Oultet-_R-88028-1,Posted Today,2026-07-20,2026-07-20T19:18:01+00:00,2026-07-20 12:18 Mon,,false,,,,false,workday:Nike:/job/Halton-Hills-Ontario/Senior-Store-Manager--Toronto-Premium-Oultet-_R-88028-1
Nike:/job/Beaverton-Oregon/Senior-Stores-Flow-Solution-Process-Analyst_R-89061,Nike,Senior Stores Flow Solution Process Analyst,"Beaverton, Oregon",,https://nike.wd1.myworkdayjobs.com/en-US/nke/job/Beaverton-Oregon/Senior-Stores-Flow-Solution-Process-Analyst_R-89061,Posted 3 Days Ago,2026-07-28,2026-07-31T20:31:21+00:00,2026-07-31 13:31 Fri,,false,,,,false,workday:Nike:/job/Beaverton-Oregon/Senior-Stores-Flow-Solution-Process-Analyst_R-89061
Nike:/job/Beaverton-Oregon/Senior-Strategic-Sourcing-General-Analyst_R-86981,Nike,Senior Strategic Sourcing General Analyst,"Beaverton, Oregon",,https://nike.wd1.myworkdayjobs.com/en-US/nke/job/Beaverton-Oregon/Senior-Strategic-Sourcing-General-Analyst_R-86981,Posted 5 Days Ago,2026-07-07,2026-07-12T07:45:02+00:00,2026-07-12 00:45 Sun,,false,,,,false,workday:Nike:/job/Beaverton-Oregon/Senior-Strategic-Sourcing-General-Analyst_R-86981
Nike:/job/Shanghai-China-Mainland/Senior-Supervisor--Retail-Marketing--EKIN--East-GC_R-90347,Nike,"Senior Supervisor, Retail Marketing, EKIN, East GC","Shanghai, China Mainland",,https://nike.wd1.myworkdayjobs.com/en-US/nke/job/Shanghai-China-Mainland/Senior-Supervisor--Retail-Marketing--EKIN--East-GC_R-90347,Posted Today,2026-08-21,2026-08-20T07:17:18+00:00,2026-08-20 00:17 Thu,,false,,,,false,workday:Nike:/job/Shanghai-China-Mainland/Senior-Supervisor--Retail-Marketing--EKIN--East-GC_R-90347
Nike:/job/Hilversum-Netherlands/Senior-Supply-Chain-Specialist_R-87493,Nike,Senior Supply Chain Specialist,"Hilversum, Netherlands",,https://nike.wd1.myworkdayjobs.com/en-US/nke/job/Hilversum-Netherlands/Senior-Supply-Chain-Specialist_R-87493,Posted 4 Days Ago,2026-07-08,2026-07-12T07:45:02+00:00,2026-07-12 00:45 Sun,,false,,,,false,workday:Nike:/job/Hilversum-Netherlands/Senior-Supply-Chain-Specialist_R-87493
Nike:/job/Beaverton-Oregon/Senior-Technical-Analyst--Employee-Listening_R-87715,Nike,"Senior Technical Analyst, Employee Listening","Beaverton, Oregon",,https://nike.wd1.myworkdayjobs.com/en-US/nke/job/Beaverton-Oregon/Senior-Technical-Analyst--Employee-Listening_R-87715,Posted 2 Days Ago,2026-07-10,2026-07-12T07:45:02+00:00,2026-07-12 00:45 Sun,,false,,,,false,workday:Nike:/job/Beaverton-Oregon/Senior-Technical-Analyst--Employee-Listening_R-87715
Nike:/job/Beaverton-Oregon/Senior-Technical-Designer--Nike-Sports-Apparel_R-84266-1,Nike,"Senior Technical Designer, Nike Sports Apparel","Beaverton, Oregon",,https://nike.wd1.myworkdayjobs.com/en-US/nke/job/Beaverton-Oregon/Senior-Technical-Designer--Nike-Sports-Apparel_R-84266-1,Posted 30+ Days Ago,2026-07-19,2026-08-18T12:10:51+00:00,2026-08-18 05:10 Tue,,false,,,,false,workday:Nike:/job/Beaverton-Oregon/Senior-Technical-Designer--Nike-Sports-Apparel_R-84266-1
Nike:/job/Beaverton-Oregon/Senior-Technical-Designer--NikeSKIMS_R-88458,Nike,"Senior Technical Designer, NikeSKIMS","Beaverton, Oregon",,https://nike.wd1.myworkdayjobs.com/en-US/nke/job/Beaverton-Oregon/Senior-Technical-Designer--NikeSKIMS_R-88458,Posted 6 Days Ago,2026-07-22,2026-07-28T19:17:44+00:00,2026-07-28 12:17 Tue,,false,,,,false,workday:Nike:/job/Beaverton-Oregon/Senior-Technical-Designer--NikeSKIMS_R-88458
Nike:/job/Beaverton-Oregon/Senior-Technical-Developer---Global-Accessories_R-87640-1,Nike,Senior Technical Developer - Global Accessories,"Beaverton, Oregon",,https://nike.wd1.myworkdayjobs.com/en-US/nke/job/Beaverton-Oregon/Senior-Technical-Developer---Global-Accessories_R-87640-1,Posted Today,2026-07-21,2026-07-21T19:41:56+00:00,2026-07-21 12:41 Tue,,false,,,,false,workday:Nike:/job/Beaverton-Oregon/Senior-Technical-Developer---Global-Accessories_R-87640-1
Nike:/job/Karnataka-India/Senior-Technical-Product-Manager--ITC_R-88048,Nike,"Senior Technical Product Manager, ITC","Karnataka, India",,https://nike.wd1.myworkdayjobs.com/en-US/nke/job/Karnataka-India/Senior-Technical-Product-Manager--ITC_R-88048,Posted Today,2026-07-20,2026-07-20T09:17:54+00:00,2026-07-20 02:17 Mon,,false,,,,false,workday:Nike:/job/Karnataka-India/Senior-Technical-Product-Manager--ITC_R-88048
Nike:/job/Karnataka-India/Senior-Technical-Product-Manager--ITC_R-88295,Nike,"Senior Technical Product Manager, ITC","Karnataka, India",,https://nike.wd1.myworkdayjobs.com/en-US/nke/job/Karnataka-India/Senior-Technical-Product-Manager--ITC_R-88295,Posted Today,2026-07-20,2026-07-20T09:41:54+00:00,2026-07-20 02:41 Mon,,false,,,,false,workday:Nike:/job/Karnataka-India/Senior-Technical-Product-Manager--ITC_R-88295
Nike:/job/Karnataka-India/Senior-Technical-Product-Manager--ITC_R-88300,Nike,"Senior Technical Product Manager, ITC","Karnataka, India",,https://nike.wd1.myworkdayjobs.com/en-US/nke/job/Karnataka-India/Senior-Technical-Product-Manager--ITC_R-88300,Posted Today,2026-07-20,2026-07-20T09:41:54+00:00,2026-07-20 02:41 Mon,,false,,,,false,workday:Nike:/job/Karnataka-India/Senior-Technical-Product-Manager--ITC_R-88300
Nike:/job/Jakarta-Raya-Indonesia/Senior-Tooling-Engineer--Indonesia_R-87862,Nike,"Senior Tooling Engineer, Indonesia","Jakarta Raya, Indonesia",,https://nike.wd1.myworkdayjobs.com/en-US/nke/job/Jakarta-Raya-Indonesia/Senior-Tooling-Engineer--Indonesia_R-87862,Posted Today,2026-08-17,2026-08-17T03:14:03+00:00,2026-08-16 20:14 Sun,,false,,,,false,workday:Nike:/job/Jakarta-Raya-Indonesia/Senior-Tooling-Engineer--Indonesia_R-87862
Nike:/job/Beaverton-Oregon/Senior--Brand-Creative-Retail--Seasonless-Story-Design--NA_R-79789,Nike,"Senior, Brand Creative Retail, Seasonless Story Design, NA","Beaverton, Oregon",,https://nike.wd1.myworkdayjobs.com/en-US/nke/job/Beaverton-Oregon/Senior--Brand-Creative-Retail--Seasonless-Story-Design--NA_R-79789,Posted Today,2026-07-13,2026-07-13T20:41:15+00:00,2026-07-13 13:41 Mon,,false,,,,false,workday:Nike:/job/Beaverton-Oregon/Senior--Brand-Creative-Retail--Seasonless-Story-Design--NA_R-79789
Nike:/job/New-York-New-York/Senior--Brand-Marketing-NYC-East---Jordan-NA_R-86885,Nike,"Senior, Brand Marketing NYC/East - Jordan NA","New York, New York",,https://nike.wd1.myworkdayjobs.com/en-US/nke/job/New-York-New-York/Senior--Brand-Marketing-NYC-East---Jordan-NA_R-86885,Posted 4 Days Ago,2026-07-08,2026-07-12T07:45:02+00:00,2026-07-12 00:45 Sun,,false,,,,false,workday:Nike:/job/New-York-New-York/Senior--Brand-Marketing-NYC-East---Jordan-NA_R-86885
Nike:/job/Beaverton-Oregon/Senior--Business-Integration-Merchandising---APLA_R-88474,Nike,"Senior, Business Integration Merchandising - APLA","Beaverton, Oregon",,https://nike.wd1.myworkdayjobs.com/en-US/nke/job/Beaverton-Oregon/Senior--Business-Integration-Merchandising---APLA_R-88474,Posted Today,2026-07-21,2026-07-21T21:59:21+00:00,2026-07-21 14:59 Tue,,false,,,,false,workday:Nike:/job/Beaverton-Oregon/Senior--Business-Integration-Merchandising---APLA_R-88474
Nike:/job/Beijing-China-Mainland/Senior--City-Marketing--Beijing---GBJ-CY--Jordan-GC_R-86919,Nike,"Senior, City Marketing, Beijing & GBJ/CY, Jordan GC","Beijing, China Mainland",,https://nike.wd1.myworkdayjobs.com/en-US/nke/job/Beijing-China-Mainland/Senior--City-Marketing--Beijing---GBJ-CY--Jordan-GC_R-86919,Posted Today,2026-07-17,2026-07-17T04:17:27+00:00,2026-07-16 21:17 Thu,,false,,,,false,workday:Nike:/job/Beijing-China-Mainland/Senior--City-Marketing--Beijing---GBJ-CY--Jordan-GC_R-86919
Nike:/job/Beaverton-Oregon/Senior--Core-FW-Product-Engineer_R-87364,Nike,"Senior, Core FW Product Engineer","Beaverton, Oregon",,https://nike.wd1.myworkdayjobs.com/en-US/nke/job/Beaverton-Oregon/Senior--Core-FW-Product-Engineer_R-87364,Posted 4 Days Ago,2026-07-08,2026-07-12T07:45:02+00:00,2026-07-12 00:45 Sun,,false,,,,false,workday:Nike:/job/Beaverton-Oregon/Senior--Core-FW-Product-Engineer_R-87364
Nike:/job/Beaverton-Oregon/Senior--Creative-Producer---North-America_R-87102,Nike,"Senior, Creative Producer - North America","Beaverton, Oregon",,https://nike.wd1.myworkdayjobs.com/en-US/nke/job/Beaverton-Oregon/Senior--Creative-Producer---North-America_R-87102,Posted 3 Days Ago,2026-07-09,2026-07-12T07:45:02+00:00,2026-07-12 00:45 Sun,,false,,,,false,workday:Nike:/job/Beaverton-Oregon/Senior--Creative-Producer---North-America_R-87102
Nike:/job/Boston-Massachusetts/Senior--Data-Analytics---BI--Global--Converse_R-87901,Nike,"Senior, Data Analytics & BI, Global, Converse","Boston, Massachusetts",,https://nike.wd1.myworkdayjobs.com/en-US/nke/job/Boston-Massachusetts/Senior--Data-Analytics---BI--Global--Converse_R-87901,Posted Today,2026-07-17,2026-07-17T15:59:22+00:00,2026-07-17 08:59 Fri,,false,,,,false,workday:Nike:/job/Boston-Massachusetts/Senior--Data-Analytics---BI--Global--Converse_R-87901
Nike:/job/Beaverton-Oregon/Senior--Demand-Planner-Global--Air-Manufacturing-Innovation_R-90252,Nike,"Senior, Demand Planner Global, Air Manufacturing Innovation","Beaverton, Oregon",,https://nike.wd1.myworkdayjobs.com/en-US/nke/job/Beaverton-Oregon/Senior--Demand-Planner-Global--Air-Manufacturing-Innovation_R-90252,Posted Yesterday,2026-08-26,2026-08-25T21:46:47+00:00,2026-08-25 14:46 Tue,,false,,,,false,workday:Nike:/job/Beaverton-Oregon/Senior--Demand-Planner-Global--Air-Manufacturing-Innovation_R-90252
Nike:/job/Shanghai-China-Mainland/Senior--FW-Product-Testing-Analyst--Local-Creation-GC_R-91195-1,Nike,"Senior, FW Product Testing Analyst, Local Creation GC","Shanghai, China Mainland",,https://nike.wd1.myworkdayjobs.com/en-US/nke/job/Shanghai-China-Mainland/Senior--FW-Product-Testing-Analyst--Local-Creation-GC_R-91195-1,Posted Today,2026-09-02,2026-09-01T13:41:40+00:00,2026-09-01 06:41 Tue,,false,,,,false,workday:Nike:/job/Shanghai-China-Mainland/Senior--FW-Product-Testing-Analyst--Local-Creation-GC_R-91195-1
Nike:/job/Hong-Kong-Island-Hong-Kong/Senior--HK-Nike-Direct-Planning-GC_R-87402,Nike,"Senior, HK Nike Direct Planning GC","Hong Kong Island, Hong Kong",,https://nike.wd1.myworkdayjobs.com/en-US/nke/job/Hong-Kong-Island-Hong-Kong/Senior--HK-Nike-Direct-Planning-GC_R-87402,Posted 4 Days Ago,2026-07-08,2026-07-12T07:45:02+00:00,2026-07-12 00:45 Sun,,false,,,,false,workday:Nike:/job/Hong-Kong-Island-Hong-Kong/Senior--HK-Nike-Direct-Planning-GC_R-87402
Nike:/job/Hong-Kong-Island-Hong-Kong/Senior--HK-Sales-Business-Planning-GC_R-90753,Nike,"Senior, HK Sales Business Planning GC","Hong Kong Island, Hong Kong",,https://nike.wd1.myworkdayjobs.com/en-US/nke/job/Hong-Kong-Island-Hong-Kong/Senior--HK-Sales-Business-Planning-GC_R-90753,Posted Today,2026-08-27,2026-08-26T03:41:26+00:00,2026-08-25 20:41 Tue,,false,,,,false,workday:Nike:/job/Hong-Kong-Island-Hong-Kong/Senior--HK-Sales-Business-Planning-GC_R-90753
Nike:/job/NIKE-VIETNAM-HQ/Senior--Industrial-Engineer---Converse_R-84200,Nike,"Senior, Industrial Engineer - Converse (Ninh Binh)",NIKE VIETNAM HQ,,https://nike.wd1.myworkdayjobs.com/en-US/nke/job/NIKE-VIETNAM-HQ/Senior--Industrial-Engineer---Converse_R-84200,Posted Today,2026-07-16,2026-07-16T03:41:18+00:00,2026-07-15 20:41 Wed,,false,,,,false,workday:Nike:/job/NIKE-VIETNAM-HQ/Senior--Industrial-Engineer---Converse_R-84200
Nike:/job/Taipei-Taiwan/Senior--Material-Developer-MSO_R-87111,Nike,"Senior, Material Developer MSO","Taipei, Taiwan",,https://nike.wd1.myworkdayjobs.com/en-US/nke/job/Taipei-Taiwan/Senior--Material-Developer-MSO_R-87111,Posted 30+ Days Ago,2026-07-19,2026-08-18T12:10:51+00:00,2026-08-18 05:10 Tue,,false,,,,false,workday:Nike:/job/Taipei-Taiwan/Senior--Material-Developer-MSO_R-87111
Nike:/job/Beaverton-Oregon/Senior--Partner-Events---North-America_R-89930,Nike,"Senior, Partner Events - North America","Beaverton, Oregon",,https://nike.wd1.myworkdayjobs.com/en-US/nke/job/Beaverton-Oregon/Senior--Partner-Events---North-America_R-89930,Posted Today,2026-08-12,2026-08-12T18:36:04+00:00,2026-08-12 11:36 Wed,,false,,,,false,workday:Nike:/job/Beaverton-Oregon/Senior--Partner-Events---North-America_R-89930
Nike:/job/Beaverton-Oregon/Senior--Product-Designer--Apparel--Energy-Sportswear--Collaborations-_R-72485,Nike,"Senior, Product Designer, Apparel, Energy Sportswear (Collaborations)","Beaverton, Oregon",,https://nike.wd1.myworkdayjobs.com/en-US/nke/job/Beaverton-Oregon/Senior--Product-Designer--Apparel--Energy-Sportswear--Collaborations-_R-72485,Posted Today,2026-07-17,2026-07-17T21:41:36+00:00,2026-07-17 14:41 Fri,,false,,,,false,workday:Nike:/job/Beaverton-Oregon/Senior--Product-Designer--Apparel--Energy-Sportswear--Collaborations-_R-72485
Nike:/job/NIKE-VIETNAM-HQ/Senior--Product-Engineering---Converse_R-84202,Nike,"Senior, Product Engineering - Converse",NIKE VIETNAM HQ,,https://nike.wd1.myworkdayjobs.com/en-US/nke/job/NIKE-VIETNAM-HQ/Senior--Product-Engineering---Converse_R-84202,Posted 4 Days Ago,2026-07-08,2026-07-12T07:45:02+00:00,2026-07-12 00:45 Sun,,false,,,,false,workday:Nike:/job/NIKE-VIETNAM-HQ/Senior--Product-Engineering---Converse_R-84202
Nike:/job/Beaverton-Oregon/Senior--Product-Operations-Pre-Order-GTM_R-86133,Nike,"Senior, Product Operations Pre-Order GTM","Beaverton, Oregon",,https://nike.wd1.myworkdayjobs.com/en-US/nke/job/Beaverton-Oregon/Senior--Product-Operations-Pre-Order-GTM_R-86133,Posted 30+ Days Ago,2026-07-19,2026-08-18T12:10:51+00:00,2026-08-18 05:10 Tue,,false,,,,false,workday:Nike:/job/Beaverton-Oregon/Senior--Product-Operations-Pre-Order-GTM_R-86133
Nike:/job/Seoul-Korea/Senior--RN--TR--SKIMS-Retail-Brand-Experience_R-83807,Nike,"Senior, RN/ TR/ SKIMS Retail Brand/Experience","Seoul, Korea",,https://nike.wd1.myworkdayjobs.com/en-US/nke/job/Seoul-Korea/Senior--RN--TR--SKIMS-Retail-Brand-Experience_R-83807,Posted 30+ Days Ago,2026-07-19,2026-08-18T12:10:51+00:00,2026-08-18 05:10 Tue,,false,,,,false,workday:Nike:/job/Seoul-Korea/Senior--RN--TR--SKIMS-Retail-Brand-Experience_R-83807
Nike:/job/Melbourne-Victoria/Senior--Sportswear-Specialty-Sales-Pacific_R-74980-1,Nike,"Senior, Sportswear Specialty Sales Pacific","Melbourne, Victoria",,https://nike.wd1.myworkdayjobs.com/en-US/nke/job/Melbourne-Victoria/Senior--Sportswear-Specialty-Sales-Pacific_R-74980-1,Posted Today,2026-07-21,2026-07-21T05:17:23+00:00,2026-07-20 22:17 Mon,,false,,,,false,workday:Nike:/job/Melbourne-Victoria/Senior--Sportswear-Specialty-Sales-Pacific_R-74980-1
Nike:/job/Beaverton-Oregon/Senior--Supply-Planning-Analyst_R-86982,Nike,"Senior, Supply Planner","Beaverton, Oregon",,https://nike.wd1.myworkdayjobs.com/en-US/nke/job/Beaverton-Oregon/Senior--Supply-Planning-Analyst_R-86982,Posted 4 Days Ago,2026-07-08,2026-07-12T07:45:02+00:00,2026-07-12 00:45 Sun,,false,,,,false,workday:Nike:/job/Beaverton-Oregon/Senior--Supply-Planning-Analyst_R-86982
Nike:/job/Taipei-Taiwan/Senior--TW-Nike-Direct-Planning-GC_R-87401,Nike,"Senior, TW Nike Direct Planning GC","Taipei, Taiwan",,https://nike.wd1.myworkdayjobs.com/en-US/nke/job/Taipei-Taiwan/Senior--TW-Nike-Direct-Planning-GC_R-87401,Posted 5 Days Ago,2026-07-07,2026-07-12T07:45:02+00:00,2026-07-12 00:45 Sun,,false,,,,false,workday:Nike:/job/Taipei-Taiwan/Senior--TW-Nike-Direct-Planning-GC_R-87401
Nike:/job/Beaverton-Oregon/Senior--Visual-Merchandising-Nike-Value-Stores--North-America_R-88905-1,Nike,"Senior, Visual Merchandising Nike Value Stores, North America","Beaverton, Oregon",,https://nike.wd1.myworkdayjobs.com/en-US/nke/job/Beaverton-Oregon/Senior--Visual-Merchandising-Nike-Value-Stores--North-America_R-88905-1,Posted 4 Days Ago,2026-07-27,2026-07-31T00:41:20+00:00,2026-07-30 17:41 Thu,,false,,,,false,workday:Nike:/job/Beaverton-Oregon/Senior--Visual-Merchandising-Nike-Value-Stores--North-America_R-88905-1
Nike:/job/Shanghai-China-Mainland/Senior-Product-Line-Manager--JP-SportStyle-Global---Converse_R-88637,Nike,"Senior,Product Line Manager, JP/SportStyle Global - Converse","Shanghai, China Mainland",,https://nike.wd1.myworkdayjobs.com/en-US/nke/job/Shanghai-China-Mainland/Senior-Product-Line-Manager--JP-SportStyle-Global---Converse_R-88637,Posted Today,2026-08-03,2026-08-03T03:41:21+00:00,2026-08-02 20:41 Sun,,false,,,,false,workday:Nike:/job/Shanghai-China-Mainland/Senior-Product-Line-Manager--JP-SportStyle-Global---Converse_R-88637
Nike:/job/Ciudad-de-Mxico-Mexico/Social---Community-Impact-Lead--LatAm_R-87903,Nike,"Social & Community Impact Lead, LatAm","Ciudad de México, Mexico",,https://nike.wd1.myworkdayjobs.com/en-US/nke/job/Ciudad-de-Mxico-Mexico/Social---Community-Impact-Lead--LatAm_R-87903,Posted Today,2026-07-14,2026-07-14T16:42:13+00:00,2026-07-14 09:42 Tue,,false,,,,false,workday:Nike:/job/Ciudad-de-Mxico-Mexico/Social---Community-Impact-Lead--LatAm_R-87903
Nike:https://nike.wd1.myworkdayjobs.com/en-US/nke/job/Beaverton-Oregon/Software-Engineer_R-86521-1,Nike,Software Engineer,"Beaverton, OR",,https://nike.wd1.myworkdayjobs.com/en-US/nke/job/Beaverton-Oregon/Software-Engineer_R-86521-1,,,2026-08-05T14:41:47+00:00,2026-08-05 07:41 Wed,Software Engineering,true,CLI,65,"The candidate has strong software engineering experience in Python, C++, backend systems, automation, Docker, databases, and performance optimization, but the unspecified Nike role may require domain or technologies not demonstrated in the resume.",true,speedyapply:SpeedyApply SWE:https://nike.wd1.myworkdayjobs.com/en-US/nke/job/Beaverton-Oregon/Software-Engineer_R-86521-1|workday:Nike:/job/Beaverton-Oregon/Software-Engineer_R-86521-1
Nike:/job/Beaverton-Oregon/Software-Engineer_R-82625,Nike,Software Engineer,"Beaverton, Oregon",,https://nike.wd1.myworkdayjobs.com/en-US/nke/job/Beaverton-Oregon/Software-Engineer_R-82625,Posted 30+ Days Ago,2026-07-19,2026-08-18T12:10:51+00:00,2026-08-18 05:10 Tue,Software Engineering,true,Keyword,40,keyword-only heuristic (title only),false,workday:Nike:/job/Beaverton-Oregon/Software-Engineer_R-82625
Nike:/job/Karnataka-India/Software-Engineer--II--ITC_R-49963,Nike,"Software Engineer -II, ITC","Karnataka, India",,https://nike.wd1.myworkdayjobs.com/en-US/nke/job/Karnataka-India/Software-Engineer--II--ITC_R-49963,Posted Today,2026-08-25,2026-07-27T06:17:27+00:00,2026-07-26 23:17 Sun,,false,,,,false,workday:Nike:/job/Karnataka-India/Software-Engineer--II--ITC_R-49963
Nike:/job/Karnataka-India/Software-Engineer--III--ITC_R-49969-1,Nike,"Software Engineer -III, ITC","Karnataka, India",,https://nike.wd1.myworkdayjobs.com/en-US/nke/job/Karnataka-India/Software-Engineer--III--ITC_R-49969-1,Posted Today,2026-08-25,2026-07-29T10:41:26+00:00,2026-07-29 03:41 Wed,,false,,,,false,workday:Nike:/job/Karnataka-India/Software-Engineer--III--ITC_R-49969-1
Nike:/job/Beaverton-Oregon/Software-Engineer-2---Android-Engineering_R-88501,Nike,Software Engineer 2 - Android Engineering,"Beaverton, Oregon",,https://nike.wd1.myworkdayjobs.com/en-US/nke/job/Beaverton-Oregon/Software-Engineer-2---Android-Engineering_R-88501,Posted Today,2026-07-21,2026-07-21T22:17:51+00:00,2026-07-21 15:17 Tue,Software Engineering,true,Keyword,40,keyword-only heuristic,false,workday:Nike:/job/Beaverton-Oregon/Software-Engineer-2---Android-Engineering_R-88501
Nike:/job/Beaverton-Oregon/Software-Engineer-2---iOS-Engineering_R-88505,Nike,Software Engineer 2 - iOS Engineering,"Beaverton, Oregon",,https://nike.wd1.myworkdayjobs.com/en-US/nke/job/Beaverton-Oregon/Software-Engineer-2---iOS-Engineering_R-88505,Posted Today,2026-07-21,2026-07-21T23:39:40+00:00,2026-07-21 16:39 Tue,Software Engineering,true,Keyword,40,keyword-only heuristic,false,workday:Nike:/job/Beaverton-Oregon/Software-Engineer-2---iOS-Engineering_R-88505
Nike:/job/Karnataka-India/Software-Engineer-I--ITC_R-85379-1,Nike,"Software Engineer I, ITC","Karnataka, India",,https://nike.wd1.myworkdayjobs.com/en-US/nke/job/Karnataka-India/Software-Engineer-I--ITC_R-85379-1,Posted Today,2026-08-24,2026-07-13T18:41:20+00:00,2026-07-13 11:41 Mon,,false,,,,false,workday:Nike:/job/Karnataka-India/Software-Engineer-I--ITC_R-85379-1
Nike:/job/Karnataka-India/Software-Engineer-I--ITC_R-87868,Nike,"Software Engineer I, ITC","Karnataka, India",,https://nike.wd1.myworkdayjobs.com/en-US/nke/job/Karnataka-India/Software-Engineer-I--ITC_R-87868,Posted Today,2026-07-16,2026-07-16T10:59:47+00:00,2026-07-16 03:59 Thu,,false,,,,false,workday:Nike:/job/Karnataka-India/Software-Engineer-I--ITC_R-87868
Nike:/job/Karnataka-India/Software-Engineer-I--ITC_R-88528-1,Nike,"Software Engineer I, ITC","Karnataka, India",,https://nike.wd1.myworkdayjobs.com/en-US/nke/job/Karnataka-India/Software-Engineer-I--ITC_R-88528-1,Posted Today,2026-07-22,2026-07-22T07:41:16+00:00,2026-07-22 00:41 Wed,,false,,,,false,workday:Nike:/job/Karnataka-India/Software-Engineer-I--ITC_R-88528-1
Nike:/job/Karnataka-India/Software-Engineer-I--ITC_R-88725,Nike,"Software Engineer I, ITC","Karnataka, India",,https://nike.wd1.myworkdayjobs.com/en-US/nke/job/Karnataka-India/Software-Engineer-I--ITC_R-88725,Posted Today,2026-07-24,2026-07-24T11:41:31+00:00,2026-07-24 04:41 Fri,,false,,,,false,workday:Nike:/job/Karnataka-India/Software-Engineer-I--ITC_R-88725
Nike:/job/Karnataka-India/Software-Engineer-I--ITC_R-51404,Nike,"Software Engineer I, ITC","Karnataka, India",,https://nike.wd1.myworkdayjobs.com/en-US/nke/job/Karnataka-India/Software-Engineer-I--ITC_R-51404,Posted Today,2026-07-24,2026-07-24T13:41:30+00:00,2026-07-24 06:41 Fri,,false,,,,false,workday:Nike:/job/Karnataka-India/Software-Engineer-I--ITC_R-51404
Nike:/job/Karnataka-India/Software-Engineer-I--ITC_R-89081,Nike,"Software Engineer I, ITC","Karnataka, India",,https://nike.wd1.myworkdayjobs.com/en-US/nke/job/Karnataka-India/Software-Engineer-I--ITC_R-89081,Posted Today,2026-08-19,2026-07-31T07:17:20+00:00,2026-07-31 00:17 Fri,,false,,,,false,workday:Nike:/job/Karnataka-India/Software-Engineer-I--ITC_R-89081
Nike:/job/Karnataka-India/Software-Engineer-I--ServiceNow_R-90283,Nike,"Software Engineer I, ServiceNow","Karnataka, India",,https://nike.wd1.myworkdayjobs.com/en-US/nke/job/Karnataka-India/Software-Engineer-I--ServiceNow_R-90283,Posted Today,2026-08-20,2026-08-19T09:39:21+00:00,2026-08-19 02:39 Wed,,false,,,,false,workday:Nike:/job/Karnataka-India/Software-Engineer-I--ServiceNow_R-90283
Nike:/job/Beaverton-Oregon/Software-Engineer-II_R-88276,Nike,Software Engineer II,"Beaverton, Oregon",,https://nike.wd1.myworkdayjobs.com/en-US/nke/job/Beaverton-Oregon/Software-Engineer-II_R-88276,Posted Today,2026-07-25,2026-07-25T01:41:10+00:00,2026-07-24 18:41 Fri,Software Engineering,true,Keyword,40,keyword-only heuristic,false,workday:Nike:/job/Beaverton-Oregon/Software-Engineer-II_R-88276
Nike:/job/Beaverton-Oregon/Software-Engineer-II_R-88765,Nike,Software Engineer II,"Beaverton, Oregon",,https://nike.wd1.myworkdayjobs.com/en-US/nke/job/Beaverton-Oregon/Software-Engineer-II_R-88765,Posted Yesterday,2026-08-28,2026-07-28T23:56:06+00:00,2026-07-28 16:56 Tue,Software Engineering,true,Keyword,40,keyword-only heuristic,false,workday:Nike:/job/Beaverton-Oregon/Software-Engineer-II_R-88765
Nike:/job/Beaverton-Oregon/Software-Engineer-II_R-88267,Nike,Software Engineer II,"Beaverton, Oregon",,https://nike.wd1.myworkdayjobs.com/en-US/nke/job/Beaverton-Oregon/Software-Engineer-II_R-88267,Posted Today,2026-08-06,2026-08-06T23:59:36+00:00,2026-08-06 16:59 Thu,Software Engineering,true,CLI,62,"The candidate has strong Python/C++ development, backend systems, Docker, testing, and performance-optimization experience, but the unspecified Software Engineer II role at Nike provides no evidence of a direct product-domain or technology match.",true,workday:Nike:/job/Beaverton-Oregon/Software-Engineer-II_R-88267
Nike:/job/Karnataka-India/Software-Engineer-II---ITC_R-89032,Nike,"Software Engineer II , ITC","Karnataka, India",,https://nike.wd1.myworkdayjobs.com/en-US/nke/job/Karnataka-India/Software-Engineer-II---ITC_R-89032,Posted 5 Days Ago,2026-07-24,2026-07-29T08:41:25+00:00,2026-07-29 01:41 Wed,,false,,,,false,workday:Nike:/job/Karnataka-India/Software-Engineer-II---ITC_R-89032
Nike:/job/Karnataka-India/Software-Engineer-II--Active-Directory--ITC_R-88838,Nike,"Software Engineer II, Active Directory, ITC","Karnataka, India",,https://nike.wd1.myworkdayjobs.com/en-US/nke/job/Karnataka-India/Software-Engineer-II--Active-Directory--ITC_R-88838,Posted 5 Days Ago,2026-07-24,2026-07-29T12:38:04+00:00,2026-07-29 05:38 Wed,,false,,,,false,workday:Nike:/job/Karnataka-India/Software-Engineer-II--Active-Directory--ITC_R-88838
Nike:/job/Karnataka-India/Software-Engineer-II--Cloud-Networking-Control-Plane--ITC_R-88841,Nike,"Software Engineer II, Cloud Networking Control Plane, ITC","Karnataka, India",,https://nike.wd1.myworkdayjobs.com/en-US/nke/job/Karnataka-India/Software-Engineer-II--Cloud-Networking-Control-Plane--ITC_R-88841,Posted 5 Days Ago,2026-07-24,2026-07-29T12:38:04+00:00,2026-07-29 05:38 Wed,,false,,,,false,workday:Nike:/job/Karnataka-India/Software-Engineer-II--Cloud-Networking-Control-Plane--ITC_R-88841
Nike:/job/Karnataka-India/Software-Engineer-II--Commerce-Edge-Platform--ITC_R-88826,Nike,"Software Engineer II, Commerce Edge Platform, ITC","Karnataka, India",,https://nike.wd1.myworkdayjobs.com/en-US/nke/job/Karnataka-India/Software-Engineer-II--Commerce-Edge-Platform--ITC_R-88826,Posted 5 Days Ago,2026-07-24,2026-07-29T12:38:04+00:00,2026-07-29 05:38 Wed,,false,,,,false,workday:Nike:/job/Karnataka-India/Software-Engineer-II--Commerce-Edge-Platform--ITC_R-88826
Nike:/job/Karnataka-India/Software-Engineer-II--Global-Converse--ITC_R-86717,Nike,"Software Engineer II, Global Converse, ITC","Karnataka, India",,https://nike.wd1.myworkdayjobs.com/en-US/nke/job/Karnataka-India/Software-Engineer-II--Global-Converse--ITC_R-86717,Posted Today,2026-07-14,2026-07-14T09:40:52+00:00,2026-07-14 02:40 Tue,,false,,,,false,workday:Nike:/job/Karnataka-India/Software-Engineer-II--Global-Converse--ITC_R-86717
Nike:/job/Karnataka-India/Software-Engineer-II--ITC_R-86688,Nike,"Software Engineer II, ITC","Karnataka, India",,https://nike.wd1.myworkdayjobs.com/en-US/nke/job/Karnataka-India/Software-Engineer-II--ITC_R-86688,Posted 5 Days Ago,2026-07-07,2026-07-12T07:45:02+00:00,2026-07-12 00:45 Sun,,false,,,,false,workday:Nike:/job/Karnataka-India/Software-Engineer-II--ITC_R-86688
Nike:/job/Karnataka-India/Software-Engineer-II--ITC_R-86690,Nike,"Software Engineer II, ITC","Karnataka, India",,https://nike.wd1.myworkdayjobs.com/en-US/nke/job/Karnataka-India/Software-Engineer-II--ITC_R-86690,Posted 5 Days Ago,2026-07-07,2026-07-12T07:45:02+00:00,2026-07-12 00:45 Sun,,false,,,,false,workday:Nike:/job/Karnataka-India/Software-Engineer-II--ITC_R-86690
Nike:/job/Karnataka-India/Software-Engineer-II--ITC_R-87292,Nike,"Software Engineer II, ITC","Karnataka, India",,https://nike.wd1.myworkdayjobs.com/en-US/nke/job/Karnataka-India/Software-Engineer-II--ITC_R-87292,Posted 3 Days Ago,2026-07-09,2026-07-12T07:45:02+00:00,2026-07-12 00:45 Sun,,false,,,,false,workday:Nike:/job/Karnataka-India/Software-Engineer-II--ITC_R-87292
Nike:/job/Karnataka-India/Software-Engineer-II--ITC_R-85380,Nike,"Software Engineer II, ITC","Karnataka, India",,https://nike.wd1.myworkdayjobs.com/en-US/nke/job/Karnataka-India/Software-Engineer-II--ITC_R-85380,Posted Today,2026-07-14,2026-07-14T17:59:49+00:00,2026-07-14 10:59 Tue,,false,,,,false,workday:Nike:/job/Karnataka-India/Software-Engineer-II--ITC_R-85380
Nike:/job/Karnataka-India/Software-Engineer-II--ITC_R-85381,Nike,"Software Engineer II, ITC","Karnataka, India",,https://nike.wd1.myworkdayjobs.com/en-US/nke/job/Karnataka-India/Software-Engineer-II--ITC_R-85381,Posted Today,2026-07-14,2026-07-14T17:59:49+00:00,2026-07-14 10:59 Tue,,false,,,,false,workday:Nike:/job/Karnataka-India/Software-Engineer-II--ITC_R-85381
Nike:/job/Karnataka-India/Software-Engineer-II--ITC_R-88046,Nike,"Software Engineer II, ITC","Karnataka, India",,https://nike.wd1.myworkdayjobs.com/en-US/nke/job/Karnataka-India/Software-Engineer-II--ITC_R-88046,Posted Today,2026-07-16,2026-07-16T05:17:19+00:00,2026-07-15 22:17 Wed,,false,,,,false,workday:Nike:/job/Karnataka-India/Software-Engineer-II--ITC_R-88046
Nike:/job/Karnataka-India/Software-Engineer-II--ITC_R-85410,Nike,"Software Engineer II, ITC","Karnataka, India",,https://nike.wd1.myworkdayjobs.com/en-US/nke/job/Karnataka-India/Software-Engineer-II--ITC_R-85410,Posted Today,2026-07-16,2026-07-16T08:59:22+00:00,2026-07-16 01:59 Thu,,false,,,,false,workday:Nike:/job/Karnataka-India/Software-Engineer-II--ITC_R-85410
Nike:/job/Karnataka-India/Software-Engineer-II--ITC_R-86672,Nike,"Software Engineer II, ITC","Karnataka, India",,https://nike.wd1.myworkdayjobs.com/en-US/nke/job/Karnataka-India/Software-Engineer-II--ITC_R-86672,Posted Today,2026-07-16,2026-07-16T11:25:29+00:00,2026-07-16 04:25 Thu,,false,,,,false,workday:Nike:/job/Karnataka-India/Software-Engineer-II--ITC_R-86672
Nike:/job/Karnataka-India/Software-Engineer-II--ITC_R-87968,Nike,"Software Engineer II, ITC","Karnataka, India",,https://nike.wd1.myworkdayjobs.com/en-US/nke/job/Karnataka-India/Software-Engineer-II--ITC_R-87968,Posted Today,2026-07-22,2026-07-22T08:59:08+00:00,2026-07-22 01:59 Wed,,false,,,,false,workday:Nike:/job/Karnataka-India/Software-Engineer-II--ITC_R-87968
Nike:/job/Karnataka-India/Software-Engineer-II--ITC_R-86549,Nike,"Software Engineer II, ITC","Karnataka, India",,https://nike.wd1.myworkdayjobs.com/en-US/nke/job/Karnataka-India/Software-Engineer-II--ITC_R-86549,Posted Today,2026-07-23,2026-07-23T05:59:22+00:00,2026-07-22 22:59 Wed,,false,,,,false,workday:Nike:/job/Karnataka-India/Software-Engineer-II--ITC_R-86549
Nike:/job/Karnataka-India/Software-Engineer-II--ITC_R-88724-1,Nike,"Software Engineer II, ITC","Karnataka, India",,https://nike.wd1.myworkdayjobs.com/en-US/nke/job/Karnataka-India/Software-Engineer-II--ITC_R-88724-1,Posted Today,2026-07-24,2026-07-24T11:17:15+00:00,2026-07-24 04:17 Fri,,false,,,,false,workday:Nike:/job/Karnataka-India/Software-Engineer-II--ITC_R-88724-1
Nike:/job/Karnataka-India/Software-Engineer-II--ITC_R-86824-1,Nike,"Software Engineer II, ITC","Karnataka, India",,https://nike.wd1.myworkdayjobs.com/en-US/nke/job/Karnataka-India/Software-Engineer-II--ITC_R-86824-1,Posted Today,2026-07-25,2026-07-25T04:59:27+00:00,2026-07-24 21:59 Fri,,false,,,,false,workday:Nike:/job/Karnataka-India/Software-Engineer-II--ITC_R-86824-1
Nike:/job/Karnataka-India/Software-Engineer-II--ITC_R-86854-1,Nike,"Software Engineer II, ITC","Karnataka, India",,https://nike.wd1.myworkdayjobs.com/en-US/nke/job/Karnataka-India/Software-Engineer-II--ITC_R-86854-1,Posted Today,2026-07-25,2026-07-25T05:17:31+00:00,2026-07-24 22:17 Fri,,false,,,,false,workday:Nike:/job/Karnataka-India/Software-Engineer-II--ITC_R-86854-1
Nike:/job/Karnataka-India/Software-Engineer-II--ITC_R-86716,Nike,"Software Engineer II, ITC","Karnataka, India",,https://nike.wd1.myworkdayjobs.com/en-US/nke/job/Karnataka-India/Software-Engineer-II--ITC_R-86716,Posted Today,2026-08-04,2026-08-04T10:41:33+00:00,2026-08-04 03:41 Tue,,false,,,,false,workday:Nike:/job/Karnataka-India/Software-Engineer-II--ITC_R-86716
Nike:/job/Karnataka-India/Software-Engineer-II--ITC_R-85529,Nike,"Software Engineer II, ITC","Karnataka, India",,https://nike.wd1.myworkdayjobs.com/en-US/nke/job/Karnataka-India/Software-Engineer-II--ITC_R-85529,Posted Yesterday,2026-08-29,2026-08-12T06:59:27+00:00,2026-08-11 23:59 Tue,,false,,,,false,workday:Nike:/job/Karnataka-India/Software-Engineer-II--ITC_R-85529
Nike:/job/Karnataka-India/Software-Engineer-II--ITC_R-85389,Nike,"Software Engineer II, ITC","Karnataka, India",,https://nike.wd1.myworkdayjobs.com/en-US/nke/job/Karnataka-India/Software-Engineer-II--ITC_R-85389,Posted Today,2026-08-12,2026-08-12T09:17:15+00:00,2026-08-12 02:17 Wed,,false,,,,false,workday:Nike:/job/Karnataka-India/Software-Engineer-II--ITC_R-85389
Nike:/job/Karnataka-India/Software-Engineer-II--ITC_R-86164,Nike,"Software Engineer II, ITC","Karnataka, India",,https://nike.wd1.myworkdayjobs.com/en-US/nke/job/Karnataka-India/Software-Engineer-II--ITC_R-86164,Posted Today,2026-09-02,2026-08-12T09:41:25+00:00,2026-08-12 02:41 Wed,,false,,,,false,workday:Nike:/job/Karnataka-India/Software-Engineer-II--ITC_R-86164
Nike:/job/Karnataka-India/Software-Engineer-II--ITC_R-89916,Nike,"Software Engineer II, ITC","Karnataka, India",,https://nike.wd1.myworkdayjobs.com/en-US/nke/job/Karnataka-India/Software-Engineer-II--ITC_R-89916,Posted Today,2026-08-12,2026-08-12T12:17:41+00:00,2026-08-12 05:17 Wed,,false,,,,false,workday:Nike:/job/Karnataka-India/Software-Engineer-II--ITC_R-89916
Nike:/job/Karnataka-India/Software-Engineer-II--ITC_R-89917,Nike,"Software Engineer II, ITC","Karnataka, India",,https://nike.wd1.myworkdayjobs.com/en-US/nke/job/Karnataka-India/Software-Engineer-II--ITC_R-89917,Posted Today,2026-08-12,2026-08-12T12:17:41+00:00,2026-08-12 05:17 Wed,,false,,,,false,workday:Nike:/job/Karnataka-India/Software-Engineer-II--ITC_R-89917
Nike:/job/Karnataka-India/Software-Engineer-II--ITC_R-77036,Nike,"Software Engineer II, ITC","Karnataka, India",,https://nike.wd1.myworkdayjobs.com/en-US/nke/job/Karnataka-India/Software-Engineer-II--ITC_R-77036,Posted Today,2026-08-13,2026-08-13T05:59:15+00:00,2026-08-12 22:59 Wed,,false,,,,false,workday:Nike:/job/Karnataka-India/Software-Engineer-II--ITC_R-77036
Nike:/job/Karnataka-India/Software-Engineer-II--ITC_R-90011,Nike,"Software Engineer II, ITC","Karnataka, India",,https://nike.wd1.myworkdayjobs.com/en-US/nke/job/Karnataka-India/Software-Engineer-II--ITC_R-90011,Posted Today,2026-08-14,2026-08-14T05:41:37+00:00,2026-08-13 22:41 Thu,,false,,,,false,workday:Nike:/job/Karnataka-India/Software-Engineer-II--ITC_R-90011
Nike:/job/Karnataka-India/Software-Engineer-II--ITC_R-90623,Nike,"Software Engineer II, ITC","Karnataka, India",,https://nike.wd1.myworkdayjobs.com/en-US/nke/job/Karnataka-India/Software-Engineer-II--ITC_R-90623,Posted Today,2026-08-28,2026-08-27T09:17:42+00:00,2026-08-27 02:17 Thu,,false,,,,false,workday:Nike:/job/Karnataka-India/Software-Engineer-II--ITC_R-90623
Nike:/job/Karnataka-India/Software-Engineer-II--ITC---Anaplan_R-91412,Nike,"Software Engineer II, ITC - Anaplan","Karnataka, India",,https://nike.wd1.myworkdayjobs.com/en-US/nke/job/Karnataka-India/Software-Engineer-II--ITC---Anaplan_R-91412,Posted Yesterday,2026-09-03,2026-09-03T17:17:38+00:00,2026-09-03 10:17 Thu,,false,,,,false,workday:Nike:/job/Karnataka-India/Software-Engineer-II--ITC---Anaplan_R-91412
Nike:/job/Karnataka-India/Software-Engineer-II--ITC---Anaplan_R-91413,Nike,"Software Engineer II, ITC - Anaplan","Karnataka, India",,https://nike.wd1.myworkdayjobs.com/en-US/nke/job/Karnataka-India/Software-Engineer-II--ITC---Anaplan_R-91413,Posted Yesterday,2026-09-03,2026-09-03T17:17:38+00:00,2026-09-03 10:17 Thu,,false,,,,false,workday:Nike:/job/Karnataka-India/Software-Engineer-II--ITC---Anaplan_R-91413
Nike:/job/Karnataka-India/Software-Engineer-II--ITC---Anaplan_R-91414,Nike,"Software Engineer II, ITC - TM1","Karnataka, India",,https://nike.wd1.myworkdayjobs.com/en-US/nke/job/Karnataka-India/Software-Engineer-II--ITC---Anaplan_R-91414,Posted Today,2026-09-04,2026-09-03T17:41:42+00:00,2026-09-03 10:41 Thu,,false,,,,false,workday:Nike:/job/Karnataka-India/Software-Engineer-II--ITC---Anaplan_R-91414
Nike:/job/Beaverton-Oregon/Software-Engineer-III_R-88280,Nike,Software Engineer III,"Beaverton, Oregon",,https://nike.wd1.myworkdayjobs.com/en-US/nke/job/Beaverton-Oregon/Software-Engineer-III_R-88280,Posted Yesterday,2026-08-25,2026-08-13T00:17:56+00:00,2026-08-12 17:17 Wed,Software Engineering,true,Keyword,40,keyword-only heuristic (title only),false,workday:Nike:/job/Beaverton-Oregon/Software-Engineer-III_R-88280
Nike:/job/Karnataka-India/Software-Engineer-III---ITC_R-85501-1,Nike,"Software Engineer III , ITC","Karnataka, India",,https://nike.wd1.myworkdayjobs.com/en-US/nke/job/Karnataka-India/Software-Engineer-III---ITC_R-85501-1,Posted 3 Days Ago,2026-07-24,2026-07-27T11:41:26+00:00,2026-07-27 04:41 Mon,,false,,,,false,workday:Nike:/job/Karnataka-India/Software-Engineer-III---ITC_R-85501-1
Nike:/job/Karnataka-India/Software-Engineer-III---Backend--ITC_R-76246-1,Nike,"Software Engineer III - Backend, ITC","Karnataka, India",,https://nike.wd1.myworkdayjobs.com/en-US/nke/job/Karnataka-India/Software-Engineer-III---Backend--ITC_R-76246-1,Posted Today,2026-07-20,2026-07-20T10:17:29+00:00,2026-07-20 03:17 Mon,,false,,,,false,workday:Nike:/job/Karnataka-India/Software-Engineer-III---Backend--ITC_R-76246-1
Nike:/job/Karnataka-India/Software-Engineer-III---Data-Engineering---ITC_R-85756,Nike,"Software Engineer III - Data Engineering , ITC","Karnataka, India",,https://nike.wd1.myworkdayjobs.com/en-US/nke/job/Karnataka-India/Software-Engineer-III---Data-Engineering---ITC_R-85756,Posted Today,2026-08-13,2026-08-13T10:41:44+00:00,2026-08-13 03:41 Thu,,false,,,,false,workday:Nike:/job/Karnataka-India/Software-Engineer-III---Data-Engineering---ITC_R-85756
Nike:/job/Karnataka-India/Software-Engineer-III---Data-Engineering---ITC_R-89328,Nike,"Software Engineer III - Data Engineering , ITC","Karnataka, India",,https://nike.wd1.myworkdayjobs.com/en-US/nke/job/Karnataka-India/Software-Engineer-III---Data-Engineering---ITC_R-89328,Posted Today,2026-08-13,2026-08-13T10:48:38+00:00,2026-08-13 03:48 Thu,,false,,,,false,workday:Nike:/job/Karnataka-India/Software-Engineer-III---Data-Engineering---ITC_R-89328
Nike:/job/Karnataka-India/Software-Engineer-III---Fullstack--ITC_R-78554,Nike,"Software Engineer III - Fullstack, ITC","Karnataka, India",,https://nike.wd1.myworkdayjobs.com/en-US/nke/job/Karnataka-India/Software-Engineer-III---Fullstack--ITC_R-78554,Posted Yesterday,2026-08-20,2026-07-20T10:17:29+00:00,2026-07-20 03:17 Mon,,false,,,,false,workday:Nike:/job/Karnataka-India/Software-Engineer-III---Fullstack--ITC_R-78554
Nike:/job/Karnataka-India/Software-Engineer-III---Fullstack--ITC_R-86937,Nike,"Software Engineer III - Fullstack, ITC","Karnataka, India",,https://nike.wd1.myworkdayjobs.com/en-US/nke/job/Karnataka-India/Software-Engineer-III---Fullstack--ITC_R-86937,Posted Today,2026-09-02,2026-07-30T08:41:30+00:00,2026-07-30 01:41 Thu,,false,,,,false,workday:Nike:/job/Karnataka-India/Software-Engineer-III---Fullstack--ITC_R-86937
Nike:/job/Karnataka-India/Software-Engineer-III--ITC_R-85392,Nike,"Software Engineer III, ITC","Karnataka, India",,https://nike.wd1.myworkdayjobs.com/en-US/nke/job/Karnataka-India/Software-Engineer-III--ITC_R-85392,Posted Today,2026-08-24,2026-07-12T07:45:02+00:00,2026-07-12 00:45 Sun,,false,,,,false,workday:Nike:/job/Karnataka-India/Software-Engineer-III--ITC_R-85392
Nike:/job/Karnataka-India/Software-Engineer-III--ITC_R-86410,Nike,"Software Engineer III, ITC","Karnataka, India",,https://nike.wd1.myworkdayjobs.com/en-US/nke/job/Karnataka-India/Software-Engineer-III--ITC_R-86410,Posted Today,2026-07-13,2026-07-13T09:40:48+00:00,2026-07-13 02:40 Mon,,false,,,,false,workday:Nike:/job/Karnataka-India/Software-Engineer-III--ITC_R-86410
Nike:/job/Karnataka-India/Software-Engineer-III--ITC_R-77956-1,Nike,"Software Engineer III, ITC","Karnataka, India",,https://nike.wd1.myworkdayjobs.com/en-US/nke/job/Karnataka-India/Software-Engineer-III--ITC_R-77956-1,Posted Today,2026-07-15,2026-07-15T04:17:12+00:00,2026-07-14 21:17 Tue,,false,,,,false,workday:Nike:/job/Karnataka-India/Software-Engineer-III--ITC_R-77956-1
Nike:/job/Karnataka-India/Software-Engineer-III--ITC_R-85239,Nike,"Software Engineer III, ITC","Karnataka, India",,https://nike.wd1.myworkdayjobs.com/en-US/nke/job/Karnataka-India/Software-Engineer-III--ITC_R-85239,Posted Today,2026-07-17,2026-07-17T03:41:31+00:00,2026-07-16 20:41 Thu,,false,,,,false,workday:Nike:/job/Karnataka-India/Software-Engineer-III--ITC_R-85239
Nike:/job/Karnataka-India/Software-Engineer-III--ITC_R-85667,Nike,"Software Engineer III, ITC","Karnataka, India",,https://nike.wd1.myworkdayjobs.com/en-US/nke/job/Karnataka-India/Software-Engineer-III--ITC_R-85667,Posted Today,2026-07-20,2026-07-20T05:59:01+00:00,2026-07-19 22:59 Sun,,false,,,,false,workday:Nike:/job/Karnataka-India/Software-Engineer-III--ITC_R-85667
Nike:/job/Karnataka-India/Software-Engineer-III--ITC_R-85411,Nike,"Software Engineer III, ITC","Karnataka, India",,https://nike.wd1.myworkdayjobs.com/en-US/nke/job/Karnataka-India/Software-Engineer-III--ITC_R-85411,Posted Today,2026-07-22,2026-07-22T07:23:10+00:00,2026-07-22 00:23 Wed,,false,,,,false,workday:Nike:/job/Karnataka-India/Software-Engineer-III--ITC_R-85411
Nike:/job/Karnataka-India/Software-Engineer-III--ITC_R-86818,Nike,"Software Engineer III, ITC","Karnataka, India",,https://nike.wd1.myworkdayjobs.com/en-US/nke/job/Karnataka-India/Software-Engineer-III--ITC_R-86818,Posted Today,2026-07-25,2026-07-25T05:17:31+00:00,2026-07-24 22:17 Fri,,false,,,,false,workday:Nike:/job/Karnataka-India/Software-Engineer-III--ITC_R-86818
Nike:/job/Karnataka-India/Software-Engineer-III--ITC_R-85388,Nike,"Software Engineer III, ITC","Karnataka, India",,https://nike.wd1.myworkdayjobs.com/en-US/nke/job/Karnataka-India/Software-Engineer-III--ITC_R-85388,Posted Today,2026-07-27,2026-07-27T05:59:17+00:00,2026-07-26 22:59 Sun,,false,,,,false,workday:Nike:/job/Karnataka-India/Software-Engineer-III--ITC_R-85388
Nike:/job/Karnataka-India/Software-Engineer-III--ITC_R-85386,Nike,"Software Engineer III, ITC","Karnataka, India",,https://nike.wd1.myworkdayjobs.com/en-US/nke/job/Karnataka-India/Software-Engineer-III--ITC_R-85386,Posted Today,2026-07-31,2026-07-31T06:17:19+00:00,2026-07-30 23:17 Thu,,false,,,,false,workday:Nike:/job/Karnataka-India/Software-Engineer-III--ITC_R-85386
Nike:/job/Karnataka-India/Software-Engineer-III--ITC_R-85513,Nike,"Software Engineer III, ITC","Karnataka, India",,https://nike.wd1.myworkdayjobs.com/en-US/nke/job/Karnataka-India/Software-Engineer-III--ITC_R-85513,Posted Today,2026-08-04,2026-08-04T16:59:26+00:00,2026-08-04 09:59 Tue,,false,,,,false,workday:Nike:/job/Karnataka-India/Software-Engineer-III--ITC_R-85513
Nike:/job/Karnataka-India/Software-Engineer-III--ITC_R-86317,Nike,"Software Engineer III, ITC","Karnataka, India",,https://nike.wd1.myworkdayjobs.com/en-US/nke/job/Karnataka-India/Software-Engineer-III--ITC_R-86317,Posted Today,2026-08-11,2026-08-11T07:17:25+00:00,2026-08-11 00:17 Tue,,false,,,,false,workday:Nike:/job/Karnataka-India/Software-Engineer-III--ITC_R-86317
Nike:/job/Karnataka-India/Software-Engineer-III--ITC_R-89918,Nike,"Software Engineer III, ITC","Karnataka, India",,https://nike.wd1.myworkdayjobs.com/en-US/nke/job/Karnataka-India/Software-Engineer-III--ITC_R-89918,Posted Today,2026-08-12,2026-08-12T12:42:00+00:00,2026-08-12 05:42 Wed,,false,,,,false,workday:Nike:/job/Karnataka-India/Software-Engineer-III--ITC_R-89918
Nike:/job/Karnataka-India/Software-Engineer-III--ITC_R-77058,Nike,"Software Engineer III, ITC","Karnataka, India",,https://nike.wd1.myworkdayjobs.com/en-US/nke/job/Karnataka-India/Software-Engineer-III--ITC_R-77058,Posted Today,2026-08-17,2026-08-17T05:41:33+00:00,2026-08-16 22:41 Sun,,false,,,,false,workday:Nike:/job/Karnataka-India/Software-Engineer-III--ITC_R-77058
Nike:/job/Karnataka-India/Software-Engineer-III--ITC_R-85705,Nike,"Software Engineer III, ITC","Karnataka, India",,https://nike.wd1.myworkdayjobs.com/en-US/nke/job/Karnataka-India/Software-Engineer-III--ITC_R-85705,Posted Yesterday,2026-08-19,2026-08-18T07:53:18+00:00,2026-08-18 00:53 Tue,,false,,,,false,workday:Nike:/job/Karnataka-India/Software-Engineer-III--ITC_R-85705
Nike:/job/Karnataka-India/Software-Engineer-III-ITC_R-85807,Nike,"Software Engineer III,ITC","Karnataka, India",,https://nike.wd1.myworkdayjobs.com/en-US/nke/job/Karnataka-India/Software-Engineer-III-ITC_R-85807,Posted 30+ Days Ago,2026-07-19,2026-08-18T12:10:51+00:00,2026-08-18 05:10 Tue,,false,,,,false,workday:Nike:/job/Karnataka-India/Software-Engineer-III-ITC_R-85807
Nike:/job/Karnataka-India/Software-Engineer-III-ITC_R-85373,Nike,Software Engineer III. ITC,"Karnataka, India",,https://nike.wd1.myworkdayjobs.com/en-US/nke/job/Karnataka-India/Software-Engineer-III-ITC_R-85373,Posted Today,2026-07-29,2026-07-29T08:17:27+00:00,2026-07-29 01:17 Wed,,false,,,,false,workday:Nike:/job/Karnataka-India/Software-Engineer-III-ITC_R-85373
Nike:1d9f2320-07f1-4deb-bce1-02d20684e4e9,Nike,Software Engineer Intern,"Beaverton, OR",Software,https://nike.wd1.myworkdayjobs.com/nke/job/Beaverton-Oregon/NIKE--Inc-Software-Engineering-Undergraduate-Internship_R-91111,2026-08-31,2026-08-31,2026-08-31T21:17:53+00:00,2026-08-31 14:17 Mon,Computer Vision,true,Keyword,76,keyword-only heuristic,true,simplify:Simplify Internships:1d9f2320-07f1-4deb-bce1-02d20684e4e9
Nike:/job/Beaverton-Oregon/Software-Engineer-Manager---Merchandising_R-66190,Nike,Software Engineer Manager - Merchandising,"Beaverton, Oregon",,https://nike.wd1.myworkdayjobs.com/en-US/nke/job/Beaverton-Oregon/Software-Engineer-Manager---Merchandising_R-66190,Posted 30+ Days Ago,2026-07-19,2026-08-18T12:10:51+00:00,2026-08-18 05:10 Tue,,false,,,,false,workday:Nike:/job/Beaverton-Oregon/Software-Engineer-Manager---Merchandising_R-66190
Nike:/job/Shanghai-China-Mainland/Specialist-Contract-Management_R-89951,Nike,Specialist Contract Management,"Shanghai, China Mainland",,https://nike.wd1.myworkdayjobs.com/en-US/nke/job/Shanghai-China-Mainland/Specialist-Contract-Management_R-89951,Posted Today,2026-08-13,2026-08-13T05:17:58+00:00,2026-08-12 22:17 Wed,,false,,,,false,workday:Nike:/job/Shanghai-China-Mainland/Specialist-Contract-Management_R-89951
Nike:/job/Paris-France/Specialist-I--Integrated-Retail--Visual-Merchandising---Styling--France_R-90310,Nike,"Specialist I, Integrated Retail, Visual Merchandising & Styling, France","Paris, France",,https://nike.wd1.myworkdayjobs.com/en-US/nke/job/Paris-France/Specialist-I--Integrated-Retail--Visual-Merchandising---Styling--France_R-90310,Posted Yesterday,2026-09-03,2026-09-02T15:59:41+00:00,2026-09-02 08:59 Wed,,false,,,,false,workday:Nike:/job/Paris-France/Specialist-I--Integrated-Retail--Visual-Merchandising---Styling--France_R-90310
Nike:/job/Shanghai-China-Mainland/Specialist-I--Retail-Marketing--EKIN--East-GC_R-87284,Nike,"Specialist I, Retail Marketing, EKIN, East GC","Shanghai, China Mainland",,https://nike.wd1.myworkdayjobs.com/en-US/nke/job/Shanghai-China-Mainland/Specialist-I--Retail-Marketing--EKIN--East-GC_R-87284,Posted 3 Days Ago,2026-07-09,2026-07-12T07:45:02+00:00,2026-07-12 00:45 Sun,,false,,,,false,workday:Nike:/job/Shanghai-China-Mainland/Specialist-I--Retail-Marketing--EKIN--East-GC_R-87284
Nike:/job/Taipei-Taiwan/Specialist-I--Retail-Marketing--EKIN--TW-GC_R-87393-1,Nike,"Specialist I, Retail Marketing, EKIN, TW GC","Taipei, Taiwan",,https://nike.wd1.myworkdayjobs.com/en-US/nke/job/Taipei-Taiwan/Specialist-I--Retail-Marketing--EKIN--TW-GC_R-87393-1,Posted 4 Days Ago,2026-07-08,2026-07-12T07:45:02+00:00,2026-07-12 00:45 Sun,,false,,,,false,workday:Nike:/job/Taipei-Taiwan/Specialist-I--Retail-Marketing--EKIN--TW-GC_R-87393-1
Nike:/job/Hong-Kong-Island-Hong-Kong/Specialist-I--Retail-Marketing--Visual-Merchandising--HK-GC_R-87389,Nike,"Specialist I, Retail Marketing, Visual Merchandising, HK GC","Hong Kong Island, Hong Kong",,https://nike.wd1.myworkdayjobs.com/en-US/nke/job/Hong-Kong-Island-Hong-Kong/Specialist-I--Retail-Marketing--Visual-Merchandising--HK-GC_R-87389,Posted 3 Days Ago,2026-07-09,2026-07-12T07:45:02+00:00,2026-07-12 00:45 Sun,,false,,,,false,workday:Nike:/job/Hong-Kong-Island-Hong-Kong/Specialist-I--Retail-Marketing--Visual-Merchandising--HK-GC_R-87389
Nike:/job/Taipei-Taiwan/Specialist-I--Retail-Marketing--Visual-Merchandising--TW-GC_R-90342,Nike,"Specialist I, Retail Marketing, Visual Merchandising, TW GC","Taipei, Taiwan",,https://nike.wd1.myworkdayjobs.com/en-US/nke/job/Taipei-Taiwan/Specialist-I--Retail-Marketing--Visual-Merchandising--TW-GC_R-90342,Posted 2 Days Ago,2026-08-23,2026-08-22T04:59:32+00:00,2026-08-21 21:59 Fri,,false,,,,false,workday:Nike:/job/Taipei-Taiwan/Specialist-I--Retail-Marketing--Visual-Merchandising--TW-GC_R-90342
Nike:/job/Hong-Kong-Island-Hong-Kong/Specialist-I--Sales-Representative--HK_R-90671,Nike,"Specialist I, Sales Representative, HK","Hong Kong Island, Hong Kong",,https://nike.wd1.myworkdayjobs.com/en-US/nke/job/Hong-Kong-Island-Hong-Kong/Specialist-I--Sales-Representative--HK_R-90671,Posted Today,2026-08-26,2026-08-25T10:17:45+00:00,2026-08-25 03:17 Tue,,false,,,,false,workday:Nike:/job/Hong-Kong-Island-Hong-Kong/Specialist-I--Sales-Representative--HK_R-90671
Nike:/job/London-United-Kingdom/Specialist-II---Integrated-Retail-Marketing--Accounts-_R-90771,Nike,Specialist II – Integrated Retail Marketing (Accounts),"London, United Kingdom",,https://nike.wd1.myworkdayjobs.com/en-US/nke/job/London-United-Kingdom/Specialist-II---Integrated-Retail-Marketing--Accounts-_R-90771,Posted 3 Days Ago,2026-08-29,2026-08-26T09:58:12+00:00,2026-08-26 02:58 Wed,,false,,,,false,workday:Nike:/job/London-United-Kingdom/Specialist-II---Integrated-Retail-Marketing--Accounts-_R-90771
Nike:/job/London-United-Kingdom/Specialist-II---Integrated-Retail-Marketing--Nike-Direct-_R-90357,Nike,Specialist II – Integrated Retail Marketing (Nike Direct),"London, United Kingdom",,https://nike.wd1.myworkdayjobs.com/en-US/nke/job/London-United-Kingdom/Specialist-II---Integrated-Retail-Marketing--Nike-Direct-_R-90357,Posted Yesterday,2026-08-27,2026-08-26T09:41:24+00:00,2026-08-26 02:41 Wed,,false,,,,false,workday:Nike:/job/London-United-Kingdom/Specialist-II---Integrated-Retail-Marketing--Nike-Direct-_R-90357
Nike:/job/New-York-New-York/Specialist-II--Basketball-Brand-Marketing--NYC_R-84357,Nike,"Specialist II, Basketball Brand Marketing, NYC","New York, New York",,https://nike.wd1.myworkdayjobs.com/en-US/nke/job/New-York-New-York/Specialist-II--Basketball-Brand-Marketing--NYC_R-84357,Posted Today,2026-07-28,2026-07-28T00:59:23+00:00,2026-07-27 17:59 Mon,,false,,,,false,workday:Nike:/job/New-York-New-York/Specialist-II--Basketball-Brand-Marketing--NYC_R-84357
Nike:/job/Paris-France/Professional-II--Brand-Marketing---Converse_R-88336,Nike,"Specialist II, Brand Marketing, Converse, France","Paris, France",,https://nike.wd1.myworkdayjobs.com/en-US/nke/job/Paris-France/Professional-II--Brand-Marketing---Converse_R-88336,Posted 4 Days Ago,2026-07-26,2026-07-30T15:59:57+00:00,2026-07-30 08:59 Thu,,false,,,,false,workday:Nike:/job/Paris-France/Professional-II--Brand-Marketing---Converse_R-88336
Nike:/job/Taipei-Taiwan/Specialist-II--Brand-Marketing--TW-GC_R-90343,Nike,"Specialist II, Brand Marketing, TW GC","Taipei, Taiwan",,https://nike.wd1.myworkdayjobs.com/en-US/nke/job/Taipei-Taiwan/Specialist-II--Brand-Marketing--TW-GC_R-90343,Posted 2 Days Ago,2026-08-23,2026-08-22T05:17:36+00:00,2026-08-21 22:17 Fri,,false,,,,false,workday:Nike:/job/Taipei-Taiwan/Specialist-II--Brand-Marketing--TW-GC_R-90343
Nike:/job/Guangzhou-China-Mainland/Specialist-II--City-Marketing--Shanghai---GSH-GBY--Jordan-GC_R-87858,Nike,"Specialist II, City Marketing, Shanghai & GSH/GBY, Jordan GC","Guangzhou, China Mainland",,https://nike.wd1.myworkdayjobs.com/en-US/nke/job/Guangzhou-China-Mainland/Specialist-II--City-Marketing--Shanghai---GSH-GBY--Jordan-GC_R-87858,Posted Today,2026-07-21,2026-07-21T06:41:20+00:00,2026-07-20 23:41 Mon,,false,,,,false,workday:Nike:/job/Guangzhou-China-Mainland/Specialist-II--City-Marketing--Shanghai---GSH-GBY--Jordan-GC_R-87858
Nike:/job/Shanghai-China-Mainland/Specialist-II--City-Marketing--Shanghai---GSH-GBY--Jordan-GC_R-88530,Nike,"Specialist II, City Marketing, Shanghai & GSH/GBY, Jordan GC","Shanghai, China Mainland",,https://nike.wd1.myworkdayjobs.com/en-US/nke/job/Shanghai-China-Mainland/Specialist-II--City-Marketing--Shanghai---GSH-GBY--Jordan-GC_R-88530,Posted Today,2026-07-22,2026-07-22T16:10:34+00:00,2026-07-22 09:10 Wed,,false,,,,false,workday:Nike:/job/Shanghai-China-Mainland/Specialist-II--City-Marketing--Shanghai---GSH-GBY--Jordan-GC_R-88530
Nike:/job/Beaverton-Oregon/Digital-Operations-Specialist_R-88985,Nike,"Specialist II, Digital Content Operations - NA Digital Operations","Beaverton, Oregon",,https://nike.wd1.myworkdayjobs.com/en-US/nke/job/Beaverton-Oregon/Digital-Operations-Specialist_R-88985,Posted Today,2026-08-05,2026-08-05T21:41:30+00:00,2026-08-05 14:41 Wed,,false,,,,false,workday:Nike:/job/Beaverton-Oregon/Digital-Operations-Specialist_R-88985
Nike:/job/Beaverton-Oregon/Specialist-II--Energy-Marketing--North-America_R-88897,Nike,"Specialist II, Energy Marketing, North America","Beaverton, Oregon",,https://nike.wd1.myworkdayjobs.com/en-US/nke/job/Beaverton-Oregon/Specialist-II--Energy-Marketing--North-America_R-88897,Posted Today,2026-08-03,2026-08-03T15:59:41+00:00,2026-08-03 08:59 Mon,,false,,,,false,workday:Nike:/job/Beaverton-Oregon/Specialist-II--Energy-Marketing--North-America_R-88897
Nike:/job/New-York-New-York/Specialist-II--Energy-Marketing--NYC_R-83133,Nike,"Specialist II, Energy Marketing, NYC","New York, New York",,https://nike.wd1.myworkdayjobs.com/en-US/nke/job/New-York-New-York/Specialist-II--Energy-Marketing--NYC_R-83133,Posted Today,2026-07-25,2026-07-25T00:41:06+00:00,2026-07-24 17:41 Fri,,false,,,,false,workday:Nike:/job/New-York-New-York/Specialist-II--Energy-Marketing--NYC_R-83133
Nike:/job/Paris-France/Specialist-II--Integrated-Retail--EKIN--Football--France_R-88165,Nike,"Specialist II, Integrated Retail, EKIN, Football, France","Paris, France",,https://nike.wd1.myworkdayjobs.com/en-US/nke/job/Paris-France/Specialist-II--Integrated-Retail--EKIN--Football--France_R-88165,Posted Today,2026-07-26,2026-07-26T22:17:02+00:00,2026-07-26 15:17 Sun,,false,,,,false,workday:Nike:/job/Paris-France/Specialist-II--Integrated-Retail--EKIN--Football--France_R-88165
Nike:/job/London-United-Kingdom/Specialist-II--Integrated-Retail--EKIN--UK---Ireland_R-90311,Nike,"Specialist II, Integrated Retail, EKIN, UK & Ireland","London, United Kingdom",,https://nike.wd1.myworkdayjobs.com/en-US/nke/job/London-United-Kingdom/Specialist-II--Integrated-Retail--EKIN--UK---Ireland_R-90311,Posted Yesterday,2026-09-03,2026-09-01T11:17:41+00:00,2026-09-01 04:17 Tue,,false,,,,false,workday:Nike:/job/London-United-Kingdom/Specialist-II--Integrated-Retail--EKIN--UK---Ireland_R-90311
Nike:/job/London-United-Kingdom/Specialist-II--Media-Relations---Consumer-Insights--UK---Ireland_R-88831,Nike,"Specialist II, Media Relations & Consumer Insights, UK & Ireland","London, United Kingdom",,https://nike.wd1.myworkdayjobs.com/en-US/nke/job/London-United-Kingdom/Specialist-II--Media-Relations---Consumer-Insights--UK---Ireland_R-88831,Posted 4 Days Ago,2026-07-26,2026-07-30T18:17:18+00:00,2026-07-30 11:17 Thu,,false,,,,false,workday:Nike:/job/London-United-Kingdom/Specialist-II--Media-Relations---Consumer-Insights--UK---Ireland_R-88831
Nike:/job/Shanghai-China-Mainland/Specialist-II--Region---City-Marketing--BI---Kids--East---South--GC_R-90348,Nike,"Specialist II, Region & City Marketing, BI & Kids, East & South, GC","Shanghai, China Mainland",,https://nike.wd1.myworkdayjobs.com/en-US/nke/job/Shanghai-China-Mainland/Specialist-II--Region---City-Marketing--BI---Kids--East---South--GC_R-90348,Posted Today,2026-08-21,2026-08-20T06:17:12+00:00,2026-08-19 23:17 Wed,,false,,,,false,workday:Nike:/job/Shanghai-China-Mainland/Specialist-II--Region---City-Marketing--BI---Kids--East---South--GC_R-90348
Nike:/job/Beaverton-Oregon/Specialist-II--Retail-Experience-Channel-365_R-88979,Nike,"Specialist II, Retail Experience Channel-365","Beaverton, Oregon",,https://nike.wd1.myworkdayjobs.com/en-US/nke/job/Beaverton-Oregon/Specialist-II--Retail-Experience-Channel-365_R-88979,Posted Today,2026-08-13,2026-08-13T16:19:27+00:00,2026-08-13 09:19 Thu,,false,,,,false,workday:Nike:/job/Beaverton-Oregon/Specialist-II--Retail-Experience-Channel-365_R-88979
Nike:/job/Beaverton-Oregon/Specialist-II--Retail-Experience-Channel-365_R-61898,Nike,"Specialist II, Retail Experience Channel-365","Beaverton, Oregon",,https://nike.wd1.myworkdayjobs.com/en-US/nke/job/Beaverton-Oregon/Specialist-II--Retail-Experience-Channel-365_R-61898,Posted 3 Days Ago,2026-08-29,2026-08-13T23:41:59+00:00,2026-08-13 16:41 Thu,,false,,,,false,workday:Nike:/job/Beaverton-Oregon/Specialist-II--Retail-Experience-Channel-365_R-61898
Nike:/job/Hilversum-Netherlands/Specialist-II--Retail-Marketing--EKIN_R-90307,Nike,"Specialist II, Retail Marketing, EKIN","Hilversum, Netherlands",,https://nike.wd1.myworkdayjobs.com/en-US/nke/job/Hilversum-Netherlands/Specialist-II--Retail-Marketing--EKIN_R-90307,Posted Yesterday,2026-09-03,2026-08-31T13:17:33+00:00,2026-08-31 06:17 Mon,,false,,,,false,workday:Nike:/job/Hilversum-Netherlands/Specialist-II--Retail-Marketing--EKIN_R-90307
Nike:/job/Barcelona-Spain/Specialist-II--Retail-Marketing--EKIN--Spain---Portugal_R-88848,Nike,"Specialist II, Retail Marketing, EKIN, Spain & Portugal","Barcelona, Spain",,https://nike.wd1.myworkdayjobs.com/en-US/nke/job/Barcelona-Spain/Specialist-II--Retail-Marketing--EKIN--Spain---Portugal_R-88848,Posted Yesterday,2026-08-19,2026-08-18T08:55:07+00:00,2026-08-18 01:55 Tue,,false,,,,false,workday:Nike:/job/Barcelona-Spain/Specialist-II--Retail-Marketing--EKIN--Spain---Portugal_R-88848
Nike:/job/Beaverton-Oregon/Specialist-II--Site-Experience-Jordan-NA_R-88899-1,Nike,"Specialist II, Site Experience Jordan NA","Beaverton, Oregon",,https://nike.wd1.myworkdayjobs.com/en-US/nke/job/Beaverton-Oregon/Specialist-II--Site-Experience-Jordan-NA_R-88899-1,Posted Today,2026-08-03,2026-08-03T19:22:07+00:00,2026-08-03 12:22 Mon,,false,,,,false,workday:Nike:/job/Beaverton-Oregon/Specialist-II--Site-Experience-Jordan-NA_R-88899-1
Nike:/job/Beaverton-Oregon/Specialist-II--Sport-Brand-Marketing-NA_R-86886,Nike,"Specialist II, Sport Brand Marketing NA","Beaverton, Oregon",,https://nike.wd1.myworkdayjobs.com/en-US/nke/job/Beaverton-Oregon/Specialist-II--Sport-Brand-Marketing-NA_R-86886,Posted Today,2026-07-23,2026-07-23T19:18:06+00:00,2026-07-23 12:18 Thu,,false,,,,false,workday:Nike:/job/Beaverton-Oregon/Specialist-II--Sport-Brand-Marketing-NA_R-86886
Nike:/job/New-York-New-York/Specialist--Associate-Producer--Experiences-Team--NA_R-88980,Nike,"Specialist, Associate Producer, Experiences Team, NA","New York, New York",,https://nike.wd1.myworkdayjobs.com/en-US/nke/job/New-York-New-York/Specialist--Associate-Producer--Experiences-Team--NA_R-88980,Posted Today,2026-08-07,2026-08-07T17:09:50+00:00,2026-08-07 10:09 Fri,,false,,,,false,workday:Nike:/job/New-York-New-York/Specialist--Associate-Producer--Experiences-Team--NA_R-88980
Nike:/job/Hilversum-Netherlands/Specialist--GPS-Services-Operations-EMEA_R-90633,Nike,"Specialist, GPS Services Operations EMEA","Hilversum, Netherlands",,https://nike.wd1.myworkdayjobs.com/en-US/nke/job/Hilversum-Netherlands/Specialist--GPS-Services-Operations-EMEA_R-90633,Posted 3 Days Ago,2026-08-29,2026-08-28T09:17:37+00:00,2026-08-28 02:17 Fri,,false,,,,false,workday:Nike:/job/Hilversum-Netherlands/Specialist--GPS-Services-Operations-EMEA_R-90633
Nike:/job/Melbourne-Victoria/Specialist--Logistics-Planning-Pacific_R-90264,Nike,"Specialist, Logistics Planning Pacific","Melbourne, Victoria",,https://nike.wd1.myworkdayjobs.com/en-US/nke/job/Melbourne-Victoria/Specialist--Logistics-Planning-Pacific_R-90264,Posted Today,2026-08-26,2026-08-24T23:58:09+00:00,2026-08-24 16:58 Mon,,false,,,,false,workday:Nike:/job/Melbourne-Victoria/Specialist--Logistics-Planning-Pacific_R-90264
Nike:/job/Ciudad-de-Mxico-Mexico/Sr-Partner-Representative--Department-Stores--LATAM_R-88205,Nike,"Sr Partner Representative, Department Stores, LATAM","Ciudad de México, Mexico",,https://nike.wd1.myworkdayjobs.com/en-US/nke/job/Ciudad-de-Mxico-Mexico/Sr-Partner-Representative--Department-Stores--LATAM_R-88205,Posted Today,2026-07-17,2026-07-17T17:17:33+00:00,2026-07-17 10:17 Fri,,false,,,,false,workday:Nike:/job/Ciudad-de-Mxico-Mexico/Sr-Partner-Representative--Department-Stores--LATAM_R-88205
Nike:/job/Beaverton-Oregon/Sr-Financial-Analyst--Finance-Operations-Governance--Performance-and-Enablement_R-90959,Nike,"Sr. Analyst, Finance Operations Governance, Performance and Enablement","Beaverton, Oregon",,https://nike.wd1.myworkdayjobs.com/en-US/nke/job/Beaverton-Oregon/Sr-Financial-Analyst--Finance-Operations-Governance--Performance-and-Enablement_R-90959,Posted Yesterday,2026-09-03,2026-09-01T15:00:18+00:00,2026-09-01 08:00 Tue,,false,,,,false,workday:Nike:/job/Beaverton-Oregon/Sr-Financial-Analyst--Finance-Operations-Governance--Performance-and-Enablement_R-90959
Nike:/job/Beaverton-Oregon/Sr-Analyst--Product-Finance_R-91389,Nike,"Sr. Analyst, Product Finance","Beaverton, Oregon",,https://nike.wd1.myworkdayjobs.com/en-US/nke/job/Beaverton-Oregon/Sr-Analyst--Product-Finance_R-91389,Posted Today,2026-09-04,2026-09-03T13:56:30+00:00,2026-09-03 06:56 Thu,,false,,,,false,workday:Nike:/job/Beaverton-Oregon/Sr-Analyst--Product-Finance_R-91389
Nike:/job/Beaverton-Oregon/Senior-Manager--Inventory-Controlling_R-89314,Nike,"Sr. Manager, Inventory Control Accounting NA","Beaverton, Oregon",,https://nike.wd1.myworkdayjobs.com/en-US/nke/job/Beaverton-Oregon/Senior-Manager--Inventory-Controlling_R-89314,Posted Today,2026-08-11,2026-08-11T13:59:39+00:00,2026-08-11 06:59 Tue,,false,,,,false,workday:Nike:/job/Beaverton-Oregon/Senior-Manager--Inventory-Controlling_R-89314
Nike:/job/Memphis-Tennessee/Sr-Manager--Network-Planning-Insights_R-89393-1,Nike,"Sr. Manager, Network Planning Insights","Memphis, Tennessee",,https://nike.wd1.myworkdayjobs.com/en-US/nke/job/Memphis-Tennessee/Sr-Manager--Network-Planning-Insights_R-89393-1,Posted Yesterday,2026-08-25,2026-08-24T14:42:02+00:00,2026-08-24 07:42 Mon,,false,,,,false,workday:Nike:/job/Memphis-Tennessee/Sr-Manager--Network-Planning-Insights_R-89393-1
Nike:/job/Wroclaw-Poland/Retail-Team-Lead_R-91200,Nike,Starszy Pracownik Back of House,"Wroclaw, Poland",,https://nike.wd1.myworkdayjobs.com/en-US/nke/job/Wroclaw-Poland/Retail-Team-Lead_R-91200,Posted Today,2026-09-04,2026-09-01T14:41:49+00:00,2026-09-01 07:41 Tue,,false,,,,false,workday:Nike:/job/Wroclaw-Poland/Retail-Team-Lead_R-91200
Nike:/job/Gliwice-Poland/Starszy-Sprzedawca--Factory-Gliwice-_R-88945,Nike,Starszy Sprzedawca (Factory Gliwice),"Gliwice, Poland",,https://nike.wd1.myworkdayjobs.com/en-US/nke/job/Gliwice-Poland/Starszy-Sprzedawca--Factory-Gliwice-_R-88945,Posted 5 Days Ago,2026-07-24,2026-07-29T07:59:22+00:00,2026-07-29 00:59 Wed,,false,,,,false,workday:Nike:/job/Gliwice-Poland/Starszy-Sprzedawca--Factory-Gliwice-_R-88945
Nike:/job/Zweibrucken-Germany/Lead-Retail-Associate_R-89203,Nike,Stellvertretender Abteilungsleiter (Lead) (w/m/d) - 37.5H - Converse Zweibrücken,"Zweibrucken, Germany",,https://nike.wd1.myworkdayjobs.com/en-US/nke/job/Zweibrucken-Germany/Lead-Retail-Associate_R-89203,Posted Today,2026-09-02,2026-08-10T12:59:40+00:00,2026-08-10 05:59 Mon,,false,,,,false,workday:Nike:/job/Zweibrucken-Germany/Lead-Retail-Associate_R-89203
Nike:/job/Leipzig-Germany/Stellvertretung-Abteilungsleiter--LEAD---w-m-d----375H-Woche_R-87765,Nike,Stellvertretung Abteilungsleiter (LEAD) (w/m/d) - 37.5H-Woche,"Leipzig, Germany",,https://nike.wd1.myworkdayjobs.com/en-US/nke/job/Leipzig-Germany/Stellvertretung-Abteilungsleiter--LEAD---w-m-d----375H-Woche_R-87765,Posted Today,2026-07-13,2026-07-13T10:58:59+00:00,2026-07-13 03:58 Mon,,false,,,,false,workday:Nike:/job/Leipzig-Germany/Stellvertretung-Abteilungsleiter--LEAD---w-m-d----375H-Woche_R-87765
Nike:/job/Schwarzheide-Germany/Stellvertretung-Abteilungsleiter--LEAD---w-m-d----375H-Woche----DE-DRESDEN-SEENLAND_R-85054,Nike,Stellvertretung Abteilungsleiter (LEAD) (w/m/d) - 37.5H-Woche - SCHWARZHEIDE,"Schwarzheide, Germany",,https://nike.wd1.myworkdayjobs.com/en-US/nke/job/Schwarzheide-Germany/Stellvertretung-Abteilungsleiter--LEAD---w-m-d----375H-Woche----DE-DRESDEN-SEENLAND_R-85054,Posted Yesterday,2026-08-25,2026-08-18T12:10:51+00:00,2026-08-18 05:10 Tue,,false,,,,false,workday:Nike:/job/Schwarzheide-Germany/Stellvertretung-Abteilungsleiter--LEAD---w-m-d----375H-Woche----DE-DRESDEN-SEENLAND_R-85054
Nike:/job/Brunnthal-Munich-Germany/Stellvertretung-Abteilungsleiter--LEAD---w-m-d----375H-Woche---Mnchen-Brunnthal----_R-76262,Nike,Stellvertretung Abteilungsleiter (LEAD) (w/m/d) - 37.5H/Woche - München Brunnthal    ,"Brunnthal, Munich, Germany",,https://nike.wd1.myworkdayjobs.com/en-US/nke/job/Brunnthal-Munich-Germany/Stellvertretung-Abteilungsleiter--LEAD---w-m-d----375H-Woche---Mnchen-Brunnthal----_R-76262,Posted 30+ Days Ago,2026-07-19,2026-08-18T12:10:51+00:00,2026-08-18 05:10 Tue,,false,,,,false,workday:Nike:/job/Brunnthal-Munich-Germany/Stellvertretung-Abteilungsleiter--LEAD---w-m-d----375H-Woche---Mnchen-Brunnthal----_R-76262
Nike:/job/Roermond-Netherlands/Stockroom-Retail-Assistant--Athlete----Full-Time----NIKE-ROERMOND_R-89980,Nike,Stockroom Retail Assistant (Athlete) - Full Time -  NIKE ROERMOND,"Roermond, Netherlands",,https://nike.wd1.myworkdayjobs.com/en-US/nke/job/Roermond-Netherlands/Stockroom-Retail-Assistant--Athlete----Full-Time----NIKE-ROERMOND_R-89980,Posted Today,2026-08-14,2026-08-14T09:59:36+00:00,2026-08-14 02:59 Fri,,false,,,,false,workday:Nike:/job/Roermond-Netherlands/Stockroom-Retail-Assistant--Athlete----Full-Time----NIKE-ROERMOND_R-89980
Nike:/job/Roosendaal-Netherlands/Stockroom-Retail-Assistant--Athlete----PT-32-HRS---NIKE-ROOSENDAAL_R-90325,Nike,Stockroom Retail Assistant (Athlete) - PT 32 HRS - NIKE ROOSENDAAL,"Roosendaal, Netherlands",,https://nike.wd1.myworkdayjobs.com/en-US/nke/job/Roosendaal-Netherlands/Stockroom-Retail-Assistant--Athlete----PT-32-HRS---NIKE-ROOSENDAAL_R-90325,Posted Yesterday,2026-08-21,2026-08-20T15:49:33+00:00,2026-08-20 08:49 Thu,,false,,,,false,workday:Nike:/job/Roosendaal-Netherlands/Stockroom-Retail-Assistant--Athlete----PT-32-HRS---NIKE-ROOSENDAAL_R-90325
Nike:/job/Flevoland-Netherlands/Stockroom-Retail-Assistant--Athlete----PT-32HRS--NIKE-LELYSTAD_R-86559,Nike,Stockroom Retail Assistant (Athlete) - PT 32HRS -NIKE LELYSTAD,"Flevoland, Netherlands",,https://nike.wd1.myworkdayjobs.com/en-US/nke/job/Flevoland-Netherlands/Stockroom-Retail-Assistant--Athlete----PT-32HRS--NIKE-LELYSTAD_R-86559,Posted Today,2026-07-14,2026-07-14T14:31:55+00:00,2026-07-14 07:31 Tue,,false,,,,false,workday:Nike:/job/Flevoland-Netherlands/Stockroom-Retail-Assistant--Athlete----PT-32HRS--NIKE-LELYSTAD_R-86559
Nike:/job/Zhengzhou-China-Mainland/Store-Associate-I_R-89909-1,Nike,Store Associate I,"Zhengzhou, China Mainland",,https://nike.wd1.myworkdayjobs.com/en-US/nke/job/Zhengzhou-China-Mainland/Store-Associate-I_R-89909-1,Posted Today,2026-08-12,2026-08-12T09:17:15+00:00,2026-08-12 02:17 Wed,,false,,,,false,workday:Nike:/job/Zhengzhou-China-Mainland/Store-Associate-I_R-89909-1
Nike:/job/Beijing-China-Mainland/Store-Associate-I_R-80390,Nike,Store Associate I,"Beijing, China Mainland",,https://nike.wd1.myworkdayjobs.com/en-US/nke/job/Beijing-China-Mainland/Store-Associate-I_R-80390,Posted 30+ Days Ago,2026-07-19,2026-08-18T12:10:51+00:00,2026-08-18 05:10 Tue,,false,,,,false,workday:Nike:/job/Beijing-China-Mainland/Store-Associate-I_R-80390
Nike:/job/Hangzhou-China-Mainland/Store-Associate-I_R-66048,Nike,Store Associate I,"Hangzhou, China Mainland",,https://nike.wd1.myworkdayjobs.com/en-US/nke/job/Hangzhou-China-Mainland/Store-Associate-I_R-66048,Posted 30+ Days Ago,2026-07-19,2026-08-18T12:10:51+00:00,2026-08-18 05:10 Tue,,false,,,,false,workday:Nike:/job/Hangzhou-China-Mainland/Store-Associate-I_R-66048
Nike:/job/Shenzhen-China-Mainland/Store-Associate-I_R-90491,Nike,Store Associate I,"Shenzhen, China Mainland",,https://nike.wd1.myworkdayjobs.com/en-US/nke/job/Shenzhen-China-Mainland/Store-Associate-I_R-90491,Posted Yesterday,2026-08-25,2026-08-24T15:17:39+00:00,2026-08-24 08:17 Mon,,false,,,,false,workday:Nike:/job/Shenzhen-China-Mainland/Store-Associate-I_R-90491
Nike:/job/Beijing-China-Mainland/Store-Associate-I_R-90494,Nike,Store Associate I,"Beijing, China Mainland",,https://nike.wd1.myworkdayjobs.com/en-US/nke/job/Beijing-China-Mainland/Store-Associate-I_R-90494,Posted Yesterday,2026-08-25,2026-08-24T15:56:32+00:00,2026-08-24 08:56 Mon,,false,,,,false,workday:Nike:/job/Beijing-China-Mainland/Store-Associate-I_R-90494
Nike:/job/Tianjin-China-Mainland/Store-Associate-I_R-90773-1,Nike,Store Associate I,"Tianjin, China Mainland",,https://nike.wd1.myworkdayjobs.com/en-US/nke/job/Tianjin-China-Mainland/Store-Associate-I_R-90773-1,Posted Yesterday,2026-08-27,2026-08-26T15:59:48+00:00,2026-08-26 08:59 Wed,,false,,,,false,workday:Nike:/job/Tianjin-China-Mainland/Store-Associate-I_R-90773-1
Nike:/job/Wuhan-China-Mainland/Store-Associate-I_R-91278,Nike,Store Associate I,"Wuhan, China Mainland",,https://nike.wd1.myworkdayjobs.com/en-US/nke/job/Wuhan-China-Mainland/Store-Associate-I_R-91278,Posted Yesterday,2026-09-03,2026-09-02T08:17:35+00:00,2026-09-02 01:17 Wed,,false,,,,false,workday:Nike:/job/Wuhan-China-Mainland/Store-Associate-I_R-91278
Nike:/job/Suzhou-China-Mainland/Store-Associate-II_R-89967,Nike,Store Associate II,"Suzhou, China Mainland",,https://nike.wd1.myworkdayjobs.com/en-US/nke/job/Suzhou-China-Mainland/Store-Associate-II_R-89967,Posted Today,2026-08-13,2026-08-13T09:26:48+00:00,2026-08-13 02:26 Thu,,false,,,,false,workday:Nike:/job/Suzhou-China-Mainland/Store-Associate-II_R-89967
Nike:/job/Shanghai-China-Mainland/Store-Associate-II_R-90752,Nike,Store Associate II,"Shanghai, China Mainland",,https://nike.wd1.myworkdayjobs.com/en-US/nke/job/Shanghai-China-Mainland/Store-Associate-II_R-90752,Posted Today,2026-08-27,2026-08-26T03:59:15+00:00,2026-08-25 20:59 Tue,,false,,,,false,workday:Nike:/job/Shanghai-China-Mainland/Store-Associate-II_R-90752
Nike:/job/Kisarazu-Japan/Store-Manager_R-87767-1,Nike,Store Manager,"Kisarazu, Japan",,https://nike.wd1.myworkdayjobs.com/en-US/nke/job/Kisarazu-Japan/Store-Manager_R-87767-1,Posted Today,2026-07-15,2026-07-15T00:17:09+00:00,2026-07-14 17:17 Tue,,false,,,,false,workday:Nike:/job/Kisarazu-Japan/Store-Manager_R-87767-1
Nike:/job/Madrid-Spain/Store-Manager_R-90672,Nike,Store Manager,"Madrid, Spain",,https://nike.wd1.myworkdayjobs.com/en-US/nke/job/Madrid-Spain/Store-Manager_R-90672,Posted Today,2026-08-26,2026-08-25T12:06:32+00:00,2026-08-25 05:06 Tue,,false,,,,false,workday:Nike:/job/Madrid-Spain/Store-Manager_R-90672
Nike:/job/Giliwice-Poland/Store-Manager--Factory-Gliwice-_R-87782,Nike,Store Manager (Factory Gliwice),"Giliwice, Poland",,https://nike.wd1.myworkdayjobs.com/en-US/nke/job/Giliwice-Poland/Store-Manager--Factory-Gliwice-_R-87782,Posted Today,2026-07-13,2026-07-13T10:46:41+00:00,2026-07-13 03:46 Mon,,false,,,,false,workday:Nike:/job/Giliwice-Poland/Store-Manager--Factory-Gliwice-_R-87782
Nike:/job/Gliwice-Poland/Store-Manager--Factory-Gliwice-_R-87782,Nike,Store Manager (Factory Gliwice),"Gliwice, Poland",,https://nike.wd1.myworkdayjobs.com/en-US/nke/job/Gliwice-Poland/Store-Manager--Factory-Gliwice-_R-87782,Posted 30+ Days Ago,2026-07-19,2026-08-18T12:10:51+00:00,2026-08-18 05:10 Tue,,false,,,,false,workday:Nike:/job/Gliwice-Poland/Store-Manager--Factory-Gliwice-_R-87782
Nike:/job/Prague-Czech-Republic/Store-Manager--Fashion-Arena-Prague-Outlet-_R-84520,Nike,Store Manager (Fashion Arena Prague Outlet),"Prague, Czech Republic",,https://nike.wd1.myworkdayjobs.com/en-US/nke/job/Prague-Czech-Republic/Store-Manager--Fashion-Arena-Prague-Outlet-_R-84520,Posted Today,2026-08-03,2026-08-03T11:17:31+00:00,2026-08-03 04:17 Mon,,false,,,,false,workday:Nike:/job/Prague-Czech-Republic/Store-Manager--Fashion-Arena-Prague-Outlet-_R-84520
Nike:/job/Berlin-Germany/Store-Manager--Head-Coach---w-m-d---37-5h-week---Berlin-Ku-damm_R-85719,Nike,"Store Manager (Head Coach) (w/m/d)– 37,5h/week – Berlin Ku´damm","Berlin, Germany",,https://nike.wd1.myworkdayjobs.com/en-US/nke/job/Berlin-Germany/Store-Manager--Head-Coach---w-m-d---37-5h-week---Berlin-Ku-damm_R-85719,Posted 30+ Days Ago,2026-07-19,2026-08-18T12:10:51+00:00,2026-08-18 05:10 Tue,,false,,,,false,workday:Nike:/job/Berlin-Germany/Store-Manager--Head-Coach---w-m-d---37-5h-week---Berlin-Ku-damm_R-85719
Nike:/job/Zweibrcken-Germany/Store-Manager--Head-Coach---w-m-d---37-5h-Woche---Zweibrcken_R-77439,Nike,"Store Manager (Head Coach) (w/m/d)– 37,5h/Woche – Zweibrücken","Zweibrücken, Germany",,https://nike.wd1.myworkdayjobs.com/en-US/nke/job/Zweibrcken-Germany/Store-Manager--Head-Coach---w-m-d---37-5h-Woche---Zweibrcken_R-77439,Posted 30+ Days Ago,2026-07-19,2026-08-18T12:10:51+00:00,2026-08-18 05:10 Tue,,false,,,,false,workday:Nike:/job/Zweibrcken-Germany/Store-Manager--Head-Coach---w-m-d---37-5h-Woche---Zweibrcken_R-77439
Nike:/job/LONDON-OFFICE/Store-Manager--Head-Coach----NEW-NIKE-LONDON-FLAGSHIP_R-87339,Nike,Store Manager (Head Coach) - NEW NIKE LONDON FLAGSHIP,LONDON OFFICE,,https://nike.wd1.myworkdayjobs.com/en-US/nke/job/LONDON-OFFICE/Store-Manager--Head-Coach----NEW-NIKE-LONDON-FLAGSHIP_R-87339,Posted 6 Days Ago,2026-07-06,2026-07-12T07:45:02+00:00,2026-07-12 00:45 Sun,,false,,,,false,workday:Nike:/job/LONDON-OFFICE/Store-Manager--Head-Coach----NEW-NIKE-LONDON-FLAGSHIP_R-87339
Nike:/job/Utrecht-Overvecht-Netherlands/Store-Manager--Head-Coach----NIKE-UTRECHT-OVERVECHT_R-89920-1,Nike,Store Manager (Head Coach) - NIKE UTRECHT OVERVECHT,"Utrecht Overvecht, Netherlands",,https://nike.wd1.myworkdayjobs.com/en-US/nke/job/Utrecht-Overvecht-Netherlands/Store-Manager--Head-Coach----NIKE-UTRECHT-OVERVECHT_R-89920-1,Posted Today,2026-08-12,2026-08-12T12:42:00+00:00,2026-08-12 05:42 Wed,,false,,,,false,workday:Nike:/job/Utrecht-Overvecht-Netherlands/Store-Manager--Head-Coach----NIKE-UTRECHT-OVERVECHT_R-89920-1
Nike:/job/Westfield-White-City-Shepherds-Bush-London/Store-Manager--Head-Coach----Nike-West-London_R-90094,Nike,Store Manager (Head Coach) - Nike West London,"Westfield White City, Shepherds Bush, London",,https://nike.wd1.myworkdayjobs.com/en-US/nke/job/Westfield-White-City-Shepherds-Bush-London/Store-Manager--Head-Coach----Nike-West-London_R-90094,Posted Today,2026-08-17,2026-08-17T08:41:28+00:00,2026-08-17 01:41 Mon,,false,,,,false,workday:Nike:/job/Westfield-White-City-Shepherds-Bush-London/Store-Manager--Head-Coach----Nike-West-London_R-90094
Nike:/job/Wembley-London/Store-Manager--Head-Coach----Wembley_R-88437,Nike,Store Manager (Head Coach) - Wembley,"Wembley, London",,https://nike.wd1.myworkdayjobs.com/en-US/nke/job/Wembley-London/Store-Manager--Head-Coach----Wembley_R-88437,Posted Today,2026-08-25,2026-07-21T08:17:28+00:00,2026-07-21 01:17 Tue,,false,,,,false,workday:Nike:/job/Wembley-London/Store-Manager--Head-Coach----Wembley_R-88437
Nike:/job/Rzgw-Poland/Store-Manager--Ptak-_R-77766,Nike,Store Manager (Rzgów),"Rzgów, Poland",,https://nike.wd1.myworkdayjobs.com/en-US/nke/job/Rzgw-Poland/Store-Manager--Ptak-_R-77766,Posted 30+ Days Ago,2026-07-19,2026-08-18T12:10:51+00:00,2026-08-18 05:10 Tue,,false,,,,false,workday:Nike:/job/Rzgw-Poland/Store-Manager--Ptak-_R-77766
Nike:/job/LONDON-OFFICE/Store-Manager---Brand---Services--Head-Coach----NEW-NIKE-LONDON-FLAGSHIP_R-87500,Nike,Store Manager - Brand & Services (Head Coach) - NEW NIKE LONDON FLAGSHIP,LONDON OFFICE,,https://nike.wd1.myworkdayjobs.com/en-US/nke/job/LONDON-OFFICE/Store-Manager---Brand---Services--Head-Coach----NEW-NIKE-LONDON-FLAGSHIP_R-87500,Posted Today,2026-07-27,2026-07-27T12:59:13+00:00,2026-07-27 05:59 Mon,,false,,,,false,workday:Nike:/job/LONDON-OFFICE/Store-Manager---Brand---Services--Head-Coach----NEW-NIKE-LONDON-FLAGSHIP_R-87500
Nike:/job/Dahisar-Mumbai/Store-Manager---Nike--Mumbai-_R-89218,Nike,"Store Manager - Nike (Dahisar, Mumbai)","Dahisar, Mumbai",,https://nike.wd1.myworkdayjobs.com/en-US/nke/job/Dahisar-Mumbai/Store-Manager---Nike--Mumbai-_R-89218,Posted Yesterday,2026-08-19,2026-08-03T06:41:44+00:00,2026-08-02 23:41 Sun,,false,,,,false,workday:Nike:/job/Dahisar-Mumbai/Store-Manager---Nike--Mumbai-_R-89218
Nike:/job/Solna-Sweden/Store-Manager---NIKE-Barkarby_R-86414,Nike,Store Manager - NIKE Barkarby,"Solna, Sweden",,https://nike.wd1.myworkdayjobs.com/en-US/nke/job/Solna-Sweden/Store-Manager---NIKE-Barkarby_R-86414,Posted Today,2026-07-13,2026-07-13T08:16:44+00:00,2026-07-13 01:16 Mon,,false,,,,false,workday:Nike:/job/Solna-Sweden/Store-Manager---NIKE-Barkarby_R-86414
Nike:/job/NFS-GRAN-CANARIAS/Store-manager-adjunto-de-NIKE---Assistant-Head-Coach---Nike-Store-Gran-Canaria_R-89549,Nike,Store manager adjunto de NIKE / Assistant Head Coach - Nike Store Gran Canaria,NFS GRAN CANARIAS,,https://nike.wd1.myworkdayjobs.com/en-US/nke/job/NFS-GRAN-CANARIAS/Store-manager-adjunto-de-NIKE---Assistant-Head-Coach---Nike-Store-Gran-Canaria_R-89549,Posted Today,2026-08-06,2026-08-06T15:42:32+00:00,2026-08-06 08:42 Thu,,false,,,,false,workday:Nike:/job/NFS-GRAN-CANARIAS/Store-manager-adjunto-de-NIKE---Assistant-Head-Coach---Nike-Store-Gran-Canaria_R-89549
Nike:/job/Madrid-Spain/Store-manager-adjunto-de-NIKE---Assistant-Head-Coach---Nike-Store-Madrid-Getafe_R-87145-1,Nike,Store manager adjunto de NIKE / Assistant Head Coach - Nike Store Madrid Getafe,"Madrid, Spain",,https://nike.wd1.myworkdayjobs.com/en-US/nke/job/Madrid-Spain/Store-manager-adjunto-de-NIKE---Assistant-Head-Coach---Nike-Store-Madrid-Getafe_R-87145-1,Posted Today,2026-07-14,2026-07-14T14:59:02+00:00,2026-07-14 07:59 Tue,,false,,,,false,workday:Nike:/job/Madrid-Spain/Store-manager-adjunto-de-NIKE---Assistant-Head-Coach---Nike-Store-Madrid-Getafe_R-87145-1
Nike:/job/LONDON-OFFICE/Store-Manager-Operations--Head-Coach----NEW-NIKE-LONDON-FLAGSHIP_R-87341,Nike,Store Manager Operations (Head Coach) - NEW NIKE LONDON FLAGSHIP,LONDON OFFICE,,https://nike.wd1.myworkdayjobs.com/en-US/nke/job/LONDON-OFFICE/Store-Manager-Operations--Head-Coach----NEW-NIKE-LONDON-FLAGSHIP_R-87341,Posted 6 Days Ago,2026-07-06,2026-07-12T07:45:02+00:00,2026-07-12 00:45 Sun,,false,,,,false,workday:Nike:/job/LONDON-OFFICE/Store-Manager-Operations--Head-Coach----NEW-NIKE-LONDON-FLAGSHIP_R-87341
Nike:/job/Rome-Italy/Store-Manager-Head-Coach---NEW-OPENING-Nike-Roma-Outlet_R-89608,Nike,Store Manager/Head Coach - NEW OPENING Nike Roma Outlet,"Rome, Italy",,https://nike.wd1.myworkdayjobs.com/en-US/nke/job/Rome-Italy/Store-Manager-Head-Coach---NEW-OPENING-Nike-Roma-Outlet_R-89608,Posted Today,2026-08-10,2026-08-10T10:41:40+00:00,2026-08-10 03:41 Mon,,false,,,,false,workday:Nike:/job/Rome-Italy/Store-Manager-Head-Coach---NEW-OPENING-Nike-Roma-Outlet_R-89608
Nike:/job/Iraklion-Greece/Store-Team-Lead---Full-Time---NFS-Crete_R-89359,Nike,Store Team Lead - Full Time - NFS Crete,"Iraklion, Greece",,https://nike.wd1.myworkdayjobs.com/en-US/nke/job/Iraklion-Greece/Store-Team-Lead---Full-Time---NFS-Crete_R-89359,Posted Today,2026-08-05,2026-08-05T07:41:11+00:00,2026-08-05 00:41 Wed,,false,,,,false,workday:Nike:/job/Iraklion-Greece/Store-Team-Lead---Full-Time---NFS-Crete_R-89359
Nike:/job/Cabazon-California/Store-Trainer--West-NA_R-86961-1,Nike,"Store Trainer, West NA","Cabazon, California",,https://nike.wd1.myworkdayjobs.com/en-US/nke/job/Cabazon-California/Store-Trainer--West-NA_R-86961-1,Posted Today,2026-07-21,2026-07-21T00:17:09+00:00,2026-07-20 17:17 Mon,,false,,,,false,workday:Nike:/job/Cabazon-California/Store-Trainer--West-NA_R-86961-1
Nike:/job/Ciudad-de-Mxico-Mexico/Stores-District-Senior-Manager--LATAM_R-86347,Nike,"Stores District Senior Manager, LATAM","Ciudad de México, Mexico",,https://nike.wd1.myworkdayjobs.com/en-US/nke/job/Ciudad-de-Mxico-Mexico/Stores-District-Senior-Manager--LATAM_R-86347,Posted 2 Days Ago,2026-07-10,2026-07-12T07:45:02+00:00,2026-07-12 00:45 Sun,,false,,,,false,workday:Nike:/job/Ciudad-de-Mxico-Mexico/Stores-District-Senior-Manager--LATAM_R-86347
Nike:/job/Ciudad-de-Mxico-Mexico/Stores-Location-Planner--LATAM_R-90888,Nike,"Stores Location Planner, LATAM","Ciudad de México, Mexico",,https://nike.wd1.myworkdayjobs.com/en-US/nke/job/Ciudad-de-Mxico-Mexico/Stores-Location-Planner--LATAM_R-90888,Posted 3 Days Ago,2026-08-29,2026-08-28T18:41:36+00:00,2026-08-28 11:41 Fri,,false,,,,false,workday:Nike:/job/Ciudad-de-Mxico-Mexico/Stores-Location-Planner--LATAM_R-90888
Nike:/job/Melbourne-Victoria/Stores-Location-Planner--Pacific_R-91156,Nike,"Stores Location Planner, Pacific","Melbourne, Victoria",,https://nike.wd1.myworkdayjobs.com/en-US/nke/job/Melbourne-Victoria/Stores-Location-Planner--Pacific_R-91156,Posted Today,2026-09-02,2026-09-01T04:41:32+00:00,2026-08-31 21:41 Mon,,false,,,,false,workday:Nike:/job/Melbourne-Victoria/Stores-Location-Planner--Pacific_R-91156
Nike:/job/Boston-Massachusetts/Strategic-Sourcing-Analyst---Converse-Global-Footwear_R-87097,Nike,Strategic Sourcing Analyst - Converse Global Footwear,"Boston, Massachusetts",,https://nike.wd1.myworkdayjobs.com/en-US/nke/job/Boston-Massachusetts/Strategic-Sourcing-Analyst---Converse-Global-Footwear_R-87097,Posted 3 Days Ago,2026-07-09,2026-07-12T07:45:02+00:00,2026-07-12 00:45 Sun,,false,,,,false,workday:Nike:/job/Boston-Massachusetts/Strategic-Sourcing-Analyst---Converse-Global-Footwear_R-87097
Nike:/job/Jettingen-Scheppach-Germany/Studentische-Aushilfe--Athlete---m-w-d----19-5H----NFS-Jettingen-Scheppach_R-90110,Nike,"Studentische Aushilfe (Athlete) (m/w/d) - 19,5H  - NFS Jettingen-Scheppach","Jettingen-Scheppach, Germany",,https://nike.wd1.myworkdayjobs.com/en-US/nke/job/Jettingen-Scheppach-Germany/Studentische-Aushilfe--Athlete---m-w-d----19-5H----NFS-Jettingen-Scheppach_R-90110,Posted Yesterday,2026-08-20,2026-08-19T10:15:11+00:00,2026-08-19 03:15 Wed,,false,,,,false,workday:Nike:/job/Jettingen-Scheppach-Germany/Studentische-Aushilfe--Athlete---m-w-d----19-5H----NFS-Jettingen-Scheppach_R-90110
Nike:/job/Leipzig-Germany/Studentische-Aushilfe--Athlete---m-w-d----195h-Woche_R-87766-1,Nike,Studentische Aushilfe (Athlete) (m/w/d) - 19.5h/Woche,"Leipzig, Germany",,https://nike.wd1.myworkdayjobs.com/en-US/nke/job/Leipzig-Germany/Studentische-Aushilfe--Athlete---m-w-d----195h-Woche_R-87766-1,Posted Today,2026-07-13,2026-07-13T10:58:59+00:00,2026-07-13 03:58 Mon,,false,,,,false,workday:Nike:/job/Leipzig-Germany/Studentische-Aushilfe--Athlete---m-w-d----195h-Woche_R-87766-1
Nike:/job/Sandersdorf-Brehna-Germany/Studentische-Aushilfe--Athlete---m-w-d----195h-Woche_R-87766-1,Nike,Studentische Aushilfe (Athlete) (m/w/d) - 19.5h/Woche,"Sandersdorf-Brehna, Germany",,https://nike.wd1.myworkdayjobs.com/en-US/nke/job/Sandersdorf-Brehna-Germany/Studentische-Aushilfe--Athlete---m-w-d----195h-Woche_R-87766-1,Posted Today,2026-08-05,2026-08-05T14:59:44+00:00,2026-08-05 07:59 Wed,,false,,,,false,workday:Nike:/job/Sandersdorf-Brehna-Germany/Studentische-Aushilfe--Athlete---m-w-d----195h-Woche_R-87766-1
Nike:/job/Brandenburg-Germany/Studentische-Aushilfe--Athlete---m-w-d--19-5H_R-91441,Nike,"Studentische Aushilfe (Athlete) (m/w/d) 19,5H","Brandenburg, Germany",,https://nike.wd1.myworkdayjobs.com/en-US/nke/job/Brandenburg-Germany/Studentische-Aushilfe--Athlete---m-w-d--19-5H_R-91441,Posted Today,2026-09-04,2026-09-04T14:51:38+00:00,2026-09-04 07:51 Fri,,false,,,,false,workday:Nike:/job/Brandenburg-Germany/Studentische-Aushilfe--Athlete---m-w-d--19-5H_R-91441
Nike:/job/Ingolstadt-Germany/Studentische-Aushilfe--Athlete---m-w-d--19-5H----Ingolstadt--m-w-d-_R-86618-1,Nike,"Studentische Aushilfe (Athlete) (m/w/d) 19,5H  - Ingolstadt (m/w/d)","Ingolstadt, Germany",,https://nike.wd1.myworkdayjobs.com/en-US/nke/job/Ingolstadt-Germany/Studentische-Aushilfe--Athlete---m-w-d--19-5H----Ingolstadt--m-w-d-_R-86618-1,Posted Today,2026-09-02,2026-09-01T08:41:50+00:00,2026-09-01 01:41 Tue,,false,,,,false,workday:Nike:/job/Ingolstadt-Germany/Studentische-Aushilfe--Athlete---m-w-d--19-5H----Ingolstadt--m-w-d-_R-86618-1
Nike:/job/Rostock-Germany/Studentische-Aushilfe--Athlete---m-w-d--19-5H---Rostock_R-91387,Nike,"Studentische Aushilfe (Athlete) (m/w/d) 19,5H - Rostock","Rostock, Germany",,https://nike.wd1.myworkdayjobs.com/en-US/nke/job/Rostock-Germany/Studentische-Aushilfe--Athlete---m-w-d--19-5H---Rostock_R-91387,Posted Today,2026-09-04,2026-09-03T14:18:10+00:00,2026-09-03 07:18 Thu,,false,,,,false,workday:Nike:/job/Rostock-Germany/Studentische-Aushilfe--Athlete---m-w-d--19-5H---Rostock_R-91387
Nike:/job/Wertheim-Germany/Studentische-Aushilfe--Athlete---m-w-d--im-Einzelhandel---195h---NFS-Wertheim_R-91043,Nike,Studentische Aushilfe (Athlete) (m/w/d) im Einzelhandel - 19.5h – NFS Wertheim,"Wertheim, Germany",,https://nike.wd1.myworkdayjobs.com/en-US/nke/job/Wertheim-Germany/Studentische-Aushilfe--Athlete---m-w-d--im-Einzelhandel---195h---NFS-Wertheim_R-91043,Posted Today,2026-09-02,2026-09-01T14:41:49+00:00,2026-09-01 07:41 Tue,,false,,,,false,workday:Nike:/job/Wertheim-Germany/Studentische-Aushilfe--Athlete---m-w-d--im-Einzelhandel---195h---NFS-Wertheim_R-91043
Nike:/job/Zweibrcken-Germany/Studentische-Aushilfe--Athlete---m-w-d--im-Einzelhandel---195h---NFS-Zweibrcken_R-88949,Nike,Studentische Aushilfe (Athlete) (m/w/d) im Einzelhandel - 19.5h – NFS Zweibrücken,"Zweibrücken, Germany",,https://nike.wd1.myworkdayjobs.com/en-US/nke/job/Zweibrcken-Germany/Studentische-Aushilfe--Athlete---m-w-d--im-Einzelhandel---195h---NFS-Zweibrcken_R-88949,Posted 6 Days Ago,2026-07-22,2026-07-28T15:17:42+00:00,2026-07-28 08:17 Tue,,false,,,,false,workday:Nike:/job/Zweibrcken-Germany/Studentische-Aushilfe--Athlete---m-w-d--im-Einzelhandel---195h---NFS-Zweibrcken_R-88949
Nike:/job/Montabaur-Germany/Studentische-Aushilfe--Athlete---m-w-d--im-Einzelhandel---15h---NFS-Montabaur-_R-87056,Nike,Studentische Aushilfe (Athlete) (m/w/d) im Einzelhandel - 15h - NFS Montabaur ,"Montabaur, Germany",,https://nike.wd1.myworkdayjobs.com/en-US/nke/job/Montabaur-Germany/Studentische-Aushilfe--Athlete---m-w-d--im-Einzelhandel---15h---NFS-Montabaur-_R-87056,Posted 6 Days Ago,2026-07-06,2026-07-12T07:45:02+00:00,2026-07-12 00:45 Sun,,false,,,,false,workday:Nike:/job/Montabaur-Germany/Studentische-Aushilfe--Athlete---m-w-d--im-Einzelhandel---15h---NFS-Montabaur-_R-87056
Nike:/job/Toronto-Ontario/Supervisor--Distribution-Center-Operations_R-87821,Nike,"Supervisor, Distribution Center Operations","Toronto, Ontario",,https://nike.wd1.myworkdayjobs.com/en-US/nke/job/Toronto-Ontario/Supervisor--Distribution-Center-Operations_R-87821,Posted 6 Days Ago,2026-07-22,2026-07-28T20:59:32+00:00,2026-07-28 13:59 Tue,,false,,,,false,workday:Nike:/job/Toronto-Ontario/Supervisor--Distribution-Center-Operations_R-87821
Nike:/job/Laakdal-Belgium/Supply-Chain---Logistics-General-Analyst_R-89599,Nike,Supply Chain & Logistics General Analyst,"Laakdal, Belgium",,https://nike.wd1.myworkdayjobs.com/en-US/nke/job/Laakdal-Belgium/Supply-Chain---Logistics-General-Analyst_R-89599,Posted Today,2026-08-07,2026-08-07T10:17:18+00:00,2026-08-07 03:17 Fri,,false,,,,false,workday:Nike:/job/Laakdal-Belgium/Supply-Chain---Logistics-General-Analyst_R-89599
Nike:/job/Beaverton-Oregon/Supply-Chain-Business-Analyst-II--NA_R-87517-1,Nike,"Supply Chain Business Analyst II, NA","Beaverton, Oregon",,https://nike.wd1.myworkdayjobs.com/en-US/nke/job/Beaverton-Oregon/Supply-Chain-Business-Analyst-II--NA_R-87517-1,Posted Today,2026-08-13,2026-08-13T23:58:30+00:00,2026-08-13 16:58 Thu,,false,,,,false,workday:Nike:/job/Beaverton-Oregon/Supply-Chain-Business-Analyst-II--NA_R-87517-1
Nike:/job/Hilversum-Netherlands/Supply-Chain-Lead_R-87471,Nike,Supply Chain Lead,"Hilversum, Netherlands",,https://nike.wd1.myworkdayjobs.com/en-US/nke/job/Hilversum-Netherlands/Supply-Chain-Lead_R-87471,Posted 4 Days Ago,2026-07-08,2026-07-12T07:45:02+00:00,2026-07-12 00:45 Sun,,false,,,,false,workday:Nike:/job/Hilversum-Netherlands/Supply-Chain-Lead_R-87471
Nike:/job/Hilversum-Netherlands/Supply-Chain-Partners-Specialist--EMEA_R-87153-1,Nike,"Supply Chain Partners Specialist, EMEA","Hilversum, Netherlands",,https://nike.wd1.myworkdayjobs.com/en-US/nke/job/Hilversum-Netherlands/Supply-Chain-Partners-Specialist--EMEA_R-87153-1,Posted 5 Days Ago,2026-07-07,2026-07-12T07:45:02+00:00,2026-07-12 00:45 Sun,,false,,,,false,workday:Nike:/job/Hilversum-Netherlands/Supply-Chain-Partners-Specialist--EMEA_R-87153-1
Nike:/job/Beaverton-Oregon/Supply-Chain-Process-Analyst-II--NA_R-90220,Nike,"Supply Chain Process Analyst II, NA","Beaverton, Oregon",,https://nike.wd1.myworkdayjobs.com/en-US/nke/job/Beaverton-Oregon/Supply-Chain-Process-Analyst-II--NA_R-90220,Posted Yesterday,2026-08-19,2026-08-18T15:30:06+00:00,2026-08-18 08:30 Tue,,false,,,,false,workday:Nike:/job/Beaverton-Oregon/Supply-Chain-Process-Analyst-II--NA_R-90220
Nike:/job/Istanbul-Turkey/Supply-Chain-Specialist_R-90187,Nike,Supply Chain Specialist,"Istanbul, Turkey",,https://nike.wd1.myworkdayjobs.com/en-US/nke/job/Istanbul-Turkey/Supply-Chain-Specialist_R-90187,Posted Today,2026-08-25,2026-08-24T08:59:30+00:00,2026-08-24 01:59 Mon,,false,,,,false,workday:Nike:/job/Istanbul-Turkey/Supply-Chain-Specialist_R-90187
Nike:/job/Beaverton-Oregon/Supply-Chain-Specialist-I--NA_R-88994,Nike,"Supply Chain Specialist I, NA","Beaverton, Oregon",,https://nike.wd1.myworkdayjobs.com/en-US/nke/job/Beaverton-Oregon/Supply-Chain-Specialist-I--NA_R-88994,Posted 5 Days Ago,2026-07-24,2026-07-29T18:41:53+00:00,2026-07-29 11:41 Wed,,false,,,,false,workday:Nike:/job/Beaverton-Oregon/Supply-Chain-Specialist-I--NA_R-88994
Nike:/job/Beaverton-Oregon/Supply-Chain-Specialist-II--NA_R-86736,Nike,"Supply Chain Specialist II, NA","Beaverton, Oregon",,https://nike.wd1.myworkdayjobs.com/en-US/nke/job/Beaverton-Oregon/Supply-Chain-Specialist-II--NA_R-86736,Posted 4 Days Ago,2026-07-08,2026-07-12T07:45:02+00:00,2026-07-12 00:45 Sun,,false,,,,false,workday:Nike:/job/Beaverton-Oregon/Supply-Chain-Specialist-II--NA_R-86736
Nike:/job/Beaverton-Oregon/Supply-Chain-Specialist-II--NA_R-88893,Nike,"Supply Chain Specialist II, NA","Beaverton, Oregon",,https://nike.wd1.myworkdayjobs.com/en-US/nke/job/Beaverton-Oregon/Supply-Chain-Specialist-II--NA_R-88893,Posted 7 Days Ago,2026-07-21,2026-07-28T00:41:52+00:00,2026-07-27 17:41 Mon,,false,,,,false,workday:Nike:/job/Beaverton-Oregon/Supply-Chain-Specialist-II--NA_R-88893
Nike:/job/Hilversum-Netherlands/Supply-Chain-Specialist--CEMEA_R-90922,Nike,"Supply Chain Specialist, CEMEA","Hilversum, Netherlands",,https://nike.wd1.myworkdayjobs.com/en-US/nke/job/Hilversum-Netherlands/Supply-Chain-Specialist--CEMEA_R-90922,Posted Today,2026-08-28,2026-08-27T11:59:43+00:00,2026-08-27 04:59 Thu,,false,,,,false,workday:Nike:/job/Hilversum-Netherlands/Supply-Chain-Specialist--CEMEA_R-90922
Nike:/job/Beaverton-Oregon/Team-Coach--Supervisor---Technical-Training--Air-Manufacturing-Innovation_R-88387,Nike,"Team Coach (Supervisor), Technical Training, Air Manufacturing Innovation","Beaverton, Oregon",,https://nike.wd1.myworkdayjobs.com/en-US/nke/job/Beaverton-Oregon/Team-Coach--Supervisor---Technical-Training--Air-Manufacturing-Innovation_R-88387,Posted Today,2026-08-08,2026-08-08T21:41:22+00:00,2026-08-08 14:41 Sat,,false,,,,false,workday:Nike:/job/Beaverton-Oregon/Team-Coach--Supervisor---Technical-Training--Air-Manufacturing-Innovation_R-88387
Nike:/job/Maasmechelen-Belgium/Team-Lead--Lead----NIKE-MAASMECHELEN_R-87469,Nike,Team Lead (Lead) - NIKE MAASMECHELEN,"Maasmechelen, Belgium",,https://nike.wd1.myworkdayjobs.com/en-US/nke/job/Maasmechelen-Belgium/Team-Lead--Lead----NIKE-MAASMECHELEN_R-87469,Posted Today,2026-07-13,2026-07-13T12:41:05+00:00,2026-07-13 05:41 Mon,,false,,,,false,workday:Nike:/job/Maasmechelen-Belgium/Team-Lead--Lead----NIKE-MAASMECHELEN_R-87469
Nike:/job/Roermond-Netherlands/Team-Lead--Lead----NIKE-ROERMOND_R-88430,Nike,Team Lead (Lead) - NIKE ROERMOND,"Roermond, Netherlands",,https://nike.wd1.myworkdayjobs.com/en-US/nke/job/Roermond-Netherlands/Team-Lead--Lead----NIKE-ROERMOND_R-88430,Posted Today,2026-07-22,2026-07-22T10:59:25+00:00,2026-07-22 03:59 Wed,,false,,,,false,workday:Nike:/job/Roermond-Netherlands/Team-Lead--Lead----NIKE-ROERMOND_R-88430
Nike:/job/Athens-Greece/Team-Lead---Back-Of-House--40H----Nike-Pireos_R-89821,Nike,Team Lead - Back Of House (40H) - Nike Pireos,"Athens, Greece",,https://nike.wd1.myworkdayjobs.com/en-US/nke/job/Athens-Greece/Team-Lead---Back-Of-House--40H----Nike-Pireos_R-89821,Posted Today,2026-08-11,2026-08-11T13:18:00+00:00,2026-08-11 06:18 Tue,,false,,,,false,workday:Nike:/job/Athens-Greece/Team-Lead---Back-Of-House--40H----Nike-Pireos_R-89821
Nike:/job/Amsterdam-Netherlands/Team-Lead---NIKE-AMSTERDAM-OSDORP_R-88815,Nike,Team Lead - NIKE AMSTERDAM OSDORP,"Amsterdam, Netherlands",,https://nike.wd1.myworkdayjobs.com/en-US/nke/job/Amsterdam-Netherlands/Team-Lead---NIKE-AMSTERDAM-OSDORP_R-88815,Posted Today,2026-08-25,2026-08-24T11:41:50+00:00,2026-08-24 04:41 Mon,,false,,,,false,workday:Nike:/job/Amsterdam-Netherlands/Team-Lead---NIKE-AMSTERDAM-OSDORP_R-88815
Nike:/job/Liege-Belgium/Team-Lead---NIKE-LIEGE_R-89642,Nike,Team Lead - NIKE LIEGE,"Liege, Belgium",,https://nike.wd1.myworkdayjobs.com/en-US/nke/job/Liege-Belgium/Team-Lead---NIKE-LIEGE_R-89642,Posted Today,2026-08-14,2026-08-14T09:41:36+00:00,2026-08-14 02:41 Fri,,false,,,,false,workday:Nike:/job/Liege-Belgium/Team-Lead---NIKE-LIEGE_R-89642
Nike:/job/Liege-Belgium/Team-Lead---NIKE-LIEGE_R-90664-1,Nike,Team Lead - NIKE LIEGE,"Liege, Belgium",,https://nike.wd1.myworkdayjobs.com/en-US/nke/job/Liege-Belgium/Team-Lead---NIKE-LIEGE_R-90664-1,Posted Yesterday,2026-09-03,2026-09-02T13:59:56+00:00,2026-09-02 06:59 Wed,,false,,,,false,workday:Nike:/job/Liege-Belgium/Team-Lead---NIKE-LIEGE_R-90664-1
Nike:/job/Muiden-Netherlands/Team-Lead---NIKE-MUIDEN_R-90201,Nike,Team Lead - NIKE MUIDEN,"Muiden, Netherlands",,https://nike.wd1.myworkdayjobs.com/en-US/nke/job/Muiden-Netherlands/Team-Lead---NIKE-MUIDEN_R-90201,Posted Today,2026-08-20,2026-08-19T08:10:38+00:00,2026-08-19 01:10 Wed,,false,,,,false,workday:Nike:/job/Muiden-Netherlands/Team-Lead---NIKE-MUIDEN_R-90201
Nike:/job/Utrecht-Overvecht-Netherlands/Team-Lead---NIKE-UTRECHT-OVERVECHT_R-90521,Nike,Team Lead - NIKE UTRECHT OVERVECHT,"Utrecht Overvecht, Netherlands",,https://nike.wd1.myworkdayjobs.com/en-US/nke/job/Utrecht-Overvecht-Netherlands/Team-Lead---NIKE-UTRECHT-OVERVECHT_R-90521,Posted Today,2026-08-26,2026-08-25T13:19:08+00:00,2026-08-25 06:19 Tue,,false,,,,false,workday:Nike:/job/Utrecht-Overvecht-Netherlands/Team-Lead---NIKE-UTRECHT-OVERVECHT_R-90521
Nike:/job/Rome-Italy/Team-Lead-Lead-40H---NEW-OPENING-Nike-Roma-Outlet_R-89807-1,Nike,Team Lead/Lead 40H - NEW OPENING Nike Roma Outlet,"Rome, Italy",,https://nike.wd1.myworkdayjobs.com/en-US/nke/job/Rome-Italy/Team-Lead-Lead-40H---NEW-OPENING-Nike-Roma-Outlet_R-89807-1,Posted Today,2026-08-12,2026-08-12T06:59:27+00:00,2026-08-11 23:59 Tue,,false,,,,false,workday:Nike:/job/Rome-Italy/Team-Lead-Lead-40H---NEW-OPENING-Nike-Roma-Outlet_R-89807-1
Nike:/job/Paris-France/Team-Leader--Responsable-d-quipe----H-F---CDI-35h_R-91315,Nike,Team Leader (Responsable d'équipe) - H/F - CDI 35h,"Paris, France",,https://nike.wd1.myworkdayjobs.com/en-US/nke/job/Paris-France/Team-Leader--Responsable-d-quipe----H-F---CDI-35h_R-91315,Posted Today,2026-09-03,2026-09-03T07:41:42+00:00,2026-09-03 00:41 Thu,,false,,,,false,workday:Nike:/job/Paris-France/Team-Leader--Responsable-d-quipe----H-F---CDI-35h_R-91315
Nike:/job/Sainte-Genevieve-Des-Bois-France/Team-Leader-NIKE--Responsable-d-quipe----H-F---CDI-35H_R-83013,Nike,Team Leader NIKE (Responsable d'équipe) - H/F - CDI 35H,"Sainte-Genevieve-Des-Bois, France",,https://nike.wd1.myworkdayjobs.com/en-US/nke/job/Sainte-Genevieve-Des-Bois-France/Team-Leader-NIKE--Responsable-d-quipe----H-F---CDI-35H_R-83013,Posted 5 Days Ago,2026-07-24,2026-07-29T12:59:31+00:00,2026-07-29 05:59 Wed,,false,,,,false,workday:Nike:/job/Sainte-Genevieve-Des-Bois-France/Team-Leader-NIKE--Responsable-d-quipe----H-F---CDI-35H_R-83013
Nike:/job/Nailloux-France/Team-Leader-Nike--Responsable-d-quipe----H---F-CDI_R-89720,Nike,Team Leader Nike (Responsable d’équipe) – H / F CDI,"Nailloux, France",,https://nike.wd1.myworkdayjobs.com/en-US/nke/job/Nailloux-France/Team-Leader-Nike--Responsable-d-quipe----H---F-CDI_R-89720,Posted Today,2026-09-02,2026-09-01T13:33:26+00:00,2026-09-01 06:33 Tue,,false,,,,false,workday:Nike:/job/Nailloux-France/Team-Leader-Nike--Responsable-d-quipe----H---F-CDI_R-89720
Nike:/job/Paris-France/Team-Leader-Nike-Le-Lab--Responsable-d-quipe----H---F-CDI_R-89660,Nike,Team Leader Nike Le Lab (Responsable d’équipe) – H / F CDI,"Paris, France",,https://nike.wd1.myworkdayjobs.com/en-US/nke/job/Paris-France/Team-Leader-Nike-Le-Lab--Responsable-d-quipe----H---F-CDI_R-89660,Posted Today,2026-08-11,2026-08-11T07:17:25+00:00,2026-08-11 00:17 Tue,,false,,,,false,workday:Nike:/job/Paris-France/Team-Leader-Nike-Le-Lab--Responsable-d-quipe----H---F-CDI_R-89660
Nike:/job/Puteaux-France/Team-Leader-Stock-Nike--Responsable-d-quipe----H---F-CDI_R-91447,Nike,Team Leader Stock Nike (Responsable d’équipe) – H / F CDI,"Puteaux, France",,https://nike.wd1.myworkdayjobs.com/en-US/nke/job/Puteaux-France/Team-Leader-Stock-Nike--Responsable-d-quipe----H---F-CDI_R-91447,Posted Today,2026-09-04,2026-09-04T12:40:53+00:00,2026-09-04 05:40 Fri,,false,,,,false,workday:Nike:/job/Puteaux-France/Team-Leader-Stock-Nike--Responsable-d-quipe----H---F-CDI_R-91447
Nike:/job/Beaverton-Oregon/Technical-Developer-II--Socks--Global-Accessories_R-87661,Nike,"Technical Developer II, Socks, Global Accessories","Beaverton, Oregon",,https://nike.wd1.myworkdayjobs.com/en-US/nke/job/Beaverton-Oregon/Technical-Developer-II--Socks--Global-Accessories_R-87661,Posted Today,2026-07-21,2026-07-21T19:17:38+00:00,2026-07-21 12:17 Tue,,false,,,,false,workday:Nike:/job/Beaverton-Oregon/Technical-Developer-II--Socks--Global-Accessories_R-87661
Nike:/job/Boston-Massachusetts/Testing-Analyst-II-Global---Converse_R-90820,Nike,Testing Analyst II Global - Converse,"Boston, Massachusetts",,https://nike.wd1.myworkdayjobs.com/en-US/nke/job/Boston-Massachusetts/Testing-Analyst-II-Global---Converse_R-90820,Posted Yesterday,2026-09-01,2026-09-01T00:41:57+00:00,2026-08-31 17:41 Mon,,false,,,,false,workday:Nike:/job/Boston-Massachusetts/Testing-Analyst-II-Global---Converse_R-90820
Nike:/job/Beaverton-Oregon/Trade-and-Customs-Analyst-II--Supply-Chain--NA_R-79888,Nike,"Trade and Customs Analyst II, Supply Chain, NA","Beaverton, Oregon",,https://nike.wd1.myworkdayjobs.com/en-US/nke/job/Beaverton-Oregon/Trade-and-Customs-Analyst-II--Supply-Chain--NA_R-79888,Posted 5 Days Ago,2026-07-07,2026-07-12T07:45:02+00:00,2026-07-12 00:45 Sun,,false,,,,false,workday:Nike:/job/Beaverton-Oregon/Trade-and-Customs-Analyst-II--Supply-Chain--NA_R-79888
Nike:/job/LONDON-OFFICE/Training-Captain-----NEW-NIKE-LONDON-FLAGSHIP_R-87353,Nike,Training Captain  -  NEW NIKE LONDON FLAGSHIP,LONDON OFFICE,,https://nike.wd1.myworkdayjobs.com/en-US/nke/job/LONDON-OFFICE/Training-Captain-----NEW-NIKE-LONDON-FLAGSHIP_R-87353,Posted 6 Days Ago,2026-07-06,2026-07-12T07:45:02+00:00,2026-07-12 00:45 Sun,,false,,,,false,workday:Nike:/job/LONDON-OFFICE/Training-Captain-----NEW-NIKE-LONDON-FLAGSHIP_R-87353
Nike:/job/LONDON-OFFICE/Training-Captain-----NEW-NIKE-LONDON-FLAGSHIP_R-87955-1,Nike,Training Captain  -  NEW NIKE LONDON FLAGSHIP,LONDON OFFICE,,https://nike.wd1.myworkdayjobs.com/en-US/nke/job/LONDON-OFFICE/Training-Captain-----NEW-NIKE-LONDON-FLAGSHIP_R-87955-1,Posted Today,2026-07-15,2026-07-15T09:17:15+00:00,2026-07-15 02:17 Wed,,false,,,,false,workday:Nike:/job/LONDON-OFFICE/Training-Captain-----NEW-NIKE-LONDON-FLAGSHIP_R-87955-1
Nike:/job/Sainte-Genevieve-Des-Bois-France/Vendeur-euse-en-magasin---Athlete-NIKE---tous-les-genres--25H-CDI_R-90670,Nike,Vendeur/euse en magasin / Athlete NIKE – tous les genres  25H CDI,"Sainte-Genevieve-Des-Bois, France",,https://nike.wd1.myworkdayjobs.com/en-US/nke/job/Sainte-Genevieve-Des-Bois-France/Vendeur-euse-en-magasin---Athlete-NIKE---tous-les-genres--25H-CDI_R-90670,Posted Today,2026-08-26,2026-08-25T10:41:39+00:00,2026-08-25 03:41 Tue,,false,,,,false,workday:Nike:/job/Sainte-Genevieve-Des-Bois-France/Vendeur-euse-en-magasin---Athlete-NIKE---tous-les-genres--25H-CDI_R-90670
Nike:/job/Sainte-Genevieve-Des-Bois-France/Vendeur-euse-en-magasin---Athlete-NIKE---tous-les-genres-8H-CDI_R-90676,Nike,Vendeur/euse en magasin / Athlete NIKE – tous les genres 8H CDI,"Sainte-Genevieve-Des-Bois, France",,https://nike.wd1.myworkdayjobs.com/en-US/nke/job/Sainte-Genevieve-Des-Bois-France/Vendeur-euse-en-magasin---Athlete-NIKE---tous-les-genres-8H-CDI_R-90676,Posted Today,2026-08-26,2026-08-25T10:41:39+00:00,2026-08-25 03:41 Tue,,false,,,,false,workday:Nike:/job/Sainte-Genevieve-Des-Bois-France/Vendeur-euse-en-magasin---Athlete-NIKE---tous-les-genres-8H-CDI_R-90676
Nike:/job/Rostock-Germany/Verkaufer--Athlete---m-w-d--20-30H-Flex---Rostock_R-91388,Nike,Verkaufer (Athlete) (m/w/d) 20/30H Flex - Rostock,"Rostock, Germany",,https://nike.wd1.myworkdayjobs.com/en-US/nke/job/Rostock-Germany/Verkaufer--Athlete---m-w-d--20-30H-Flex---Rostock_R-91388,Posted Today,2026-09-04,2026-09-03T14:42:11+00:00,2026-09-03 07:42 Thu,,false,,,,false,workday:Nike:/job/Rostock-Germany/Verkaufer--Athlete---m-w-d--20-30H-Flex---Rostock_R-91388
Nike:/job/Brunnthal-Munich-Germany/Verkufer---Athlete---m-w-d---10-20H-Flex---Brunnthal_R-90512-1,Nike,Verkäufer  (Athlete) (m/w/d)  10-20H Flex - Brunnthal,"Brunnthal, Munich, Germany",,https://nike.wd1.myworkdayjobs.com/en-US/nke/job/Brunnthal-Munich-Germany/Verkufer---Athlete---m-w-d---10-20H-Flex---Brunnthal_R-90512-1,Posted Yesterday,2026-09-02,2026-09-01T15:42:02+00:00,2026-09-01 08:42 Tue,,false,,,,false,workday:Nike:/job/Brunnthal-Munich-Germany/Verkufer---Athlete---m-w-d---10-20H-Flex---Brunnthal_R-90512-1
Nike:/job/Brunnthal-Munich-Germany/Verkufer---Athlete---m-w-d---10H-Flex---Brunnthal_R-86564,Nike,Verkäufer  (Athlete) (m/w/d)  10H Flex - Brunnthal,"Brunnthal, Munich, Germany",,https://nike.wd1.myworkdayjobs.com/en-US/nke/job/Brunnthal-Munich-Germany/Verkufer---Athlete---m-w-d---10H-Flex---Brunnthal_R-86564,Posted 30+ Days Ago,2026-07-19,2026-08-18T12:10:51+00:00,2026-08-18 05:10 Tue,,false,,,,false,workday:Nike:/job/Brunnthal-Munich-Germany/Verkufer---Athlete---m-w-d---10H-Flex---Brunnthal_R-86564
Nike:/job/Brunnthal-Munich-Germany/Verkufer---Athlete---m-w-d--30H-Flex----Brunnthal_R-86567,Nike,Verkäufer  (Athlete) (m/w/d) 30H Flex- - Brunnthal,"Brunnthal, Munich, Germany",,https://nike.wd1.myworkdayjobs.com/en-US/nke/job/Brunnthal-Munich-Germany/Verkufer---Athlete---m-w-d--30H-Flex----Brunnthal_R-86567,Posted 30+ Days Ago,2026-07-19,2026-08-18T12:10:51+00:00,2026-08-18 05:10 Tue,,false,,,,false,workday:Nike:/job/Brunnthal-Munich-Germany/Verkufer---Athlete---m-w-d--30H-Flex----Brunnthal_R-86567
Nike:/job/Leipzig-Germany/Verkufer--Athlete---m-w-d----10h-Flex---NFS-Sandersdorf-Brehna_R-85797,Nike,Verkäufer (Athlete) (m/w/d) - 10h Flex - NFS Sandersdorf-Brehna,"Leipzig, Germany",,https://nike.wd1.myworkdayjobs.com/en-US/nke/job/Leipzig-Germany/Verkufer--Athlete---m-w-d----10h-Flex---NFS-Sandersdorf-Brehna_R-85797,Posted Today,2026-07-30,2026-07-30T12:59:15+00:00,2026-07-30 05:59 Thu,,false,,,,false,workday:Nike:/job/Leipzig-Germany/Verkufer--Athlete---m-w-d----10h-Flex---NFS-Sandersdorf-Brehna_R-85797
Nike:/job/Leipzig-Germany/Verkufer--Athlete---m-w-d----10h-Flex---NFS-Sandersdorf-Brehna_R-85798,Nike,Verkäufer (Athlete) (m/w/d) - 10h Flex - NFS Sandersdorf-Brehna,"Leipzig, Germany",,https://nike.wd1.myworkdayjobs.com/en-US/nke/job/Leipzig-Germany/Verkufer--Athlete---m-w-d----10h-Flex---NFS-Sandersdorf-Brehna_R-85798,Posted 4 Days Ago,2026-07-26,2026-07-30T15:00:08+00:00,2026-07-30 08:00 Thu,,false,,,,false,workday:Nike:/job/Leipzig-Germany/Verkufer--Athlete---m-w-d----10h-Flex---NFS-Sandersdorf-Brehna_R-85798
Nike:/job/Sandersdorf-Brehna-Germany/Verkufer--Athlete---m-w-d----10h-Flex---NFS-Sandersdorf-Brehna_R-85798,Nike,Verkäufer (Athlete) (m/w/d) - 10h Flex - NFS Sandersdorf-Brehna,"Sandersdorf-Brehna, Germany",,https://nike.wd1.myworkdayjobs.com/en-US/nke/job/Sandersdorf-Brehna-Germany/Verkufer--Athlete---m-w-d----10h-Flex---NFS-Sandersdorf-Brehna_R-85798,Posted Today,2026-08-05,2026-08-05T14:59:44+00:00,2026-08-05 07:59 Wed,,false,,,,false,workday:Nike:/job/Sandersdorf-Brehna-Germany/Verkufer--Athlete---m-w-d----10h-Flex---NFS-Sandersdorf-Brehna_R-85798
Nike:/job/Sandersdorf-Brehna-Germany/Verkufer--Athlete---m-w-d----10h-Flex---NFS-Sandersdorf-Brehna_R-89117,Nike,Verkäufer (Athlete) (m/w/d) - 10h Flex - NFS Sandersdorf-Brehna,"Sandersdorf-Brehna, Germany",,https://nike.wd1.myworkdayjobs.com/en-US/nke/job/Sandersdorf-Brehna-Germany/Verkufer--Athlete---m-w-d----10h-Flex---NFS-Sandersdorf-Brehna_R-89117,Posted Yesterday,2026-08-27,2026-08-26T12:42:12+00:00,2026-08-26 05:42 Wed,,false,,,,false,workday:Nike:/job/Sandersdorf-Brehna-Germany/Verkufer--Athlete---m-w-d----10h-Flex---NFS-Sandersdorf-Brehna_R-89117
Nike:/job/Sandersdorf-Brehna-Germany/Verkufer--Athlete---m-w-d----20h-Flex---NFS-Sandersdorf-Brehna_R-89120,Nike,Verkäufer (Athlete) (m/w/d) - 20h Flex - NFS Sandersdorf-Brehna,"Sandersdorf-Brehna, Germany",,https://nike.wd1.myworkdayjobs.com/en-US/nke/job/Sandersdorf-Brehna-Germany/Verkufer--Athlete---m-w-d----20h-Flex---NFS-Sandersdorf-Brehna_R-89120,Posted Today,2026-08-14,2026-08-14T14:41:58+00:00,2026-08-14 07:41 Fri,,false,,,,false,workday:Nike:/job/Sandersdorf-Brehna-Germany/Verkufer--Athlete---m-w-d----20h-Flex---NFS-Sandersdorf-Brehna_R-89120
Nike:/job/Leipzig-Germany/Verkufer--Athlete---m-w-d----30h-Flex---NFS-Sandersdorf-Brehna_R-85712,Nike,Verkäufer (Athlete) (m/w/d) - 30h Flex - NFS Sandersdorf-Brehna,"Leipzig, Germany",,https://nike.wd1.myworkdayjobs.com/en-US/nke/job/Leipzig-Germany/Verkufer--Athlete---m-w-d----30h-Flex---NFS-Sandersdorf-Brehna_R-85712,Posted 5 Days Ago,2026-07-07,2026-07-12T07:45:02+00:00,2026-07-12 00:45 Sun,,false,,,,false,workday:Nike:/job/Leipzig-Germany/Verkufer--Athlete---m-w-d----30h-Flex---NFS-Sandersdorf-Brehna_R-85712
Nike:/job/Leipzig-Germany/Verkufer--Athlete---m-w-d----30h-Flex---NFS-Sandersdorf-Brehna_R-85227,Nike,Verkäufer (Athlete) (m/w/d) - 30h Flex - NFS Sandersdorf-Brehna,"Leipzig, Germany",,https://nike.wd1.myworkdayjobs.com/en-US/nke/job/Leipzig-Germany/Verkufer--Athlete---m-w-d----30h-Flex---NFS-Sandersdorf-Brehna_R-85227,Posted 4 Days Ago,2026-07-26,2026-07-30T13:17:41+00:00,2026-07-30 06:17 Thu,,false,,,,false,workday:Nike:/job/Leipzig-Germany/Verkufer--Athlete---m-w-d----30h-Flex---NFS-Sandersdorf-Brehna_R-85227
Nike:/job/Sandersdorf-Brehna-Germany/Verkufer--Athlete---m-w-d----30h-Flex---NFS-Sandersdorf-Brehna_R-85227,Nike,Verkäufer (Athlete) (m/w/d) - 30h Flex - NFS Sandersdorf-Brehna,"Sandersdorf-Brehna, Germany",,https://nike.wd1.myworkdayjobs.com/en-US/nke/job/Sandersdorf-Brehna-Germany/Verkufer--Athlete---m-w-d----30h-Flex---NFS-Sandersdorf-Brehna_R-85227,Posted Today,2026-08-05,2026-08-05T12:41:37+00:00,2026-08-05 05:41 Wed,,false,,,,false,workday:Nike:/job/Sandersdorf-Brehna-Germany/Verkufer--Athlete---m-w-d----30h-Flex---NFS-Sandersdorf-Brehna_R-85227
Nike:/job/Dresden-Germany/Verkufer--Athlete---m-w-d----30h-Woche---NFS-DRESDEN-SEENLAND_R-83089,Nike,Verkäufer (Athlete) (m/w/d) - 30h/Woche - SCHWARZHEIDE,"Dresden, Germany",,https://nike.wd1.myworkdayjobs.com/en-US/nke/job/Dresden-Germany/Verkufer--Athlete---m-w-d----30h-Woche---NFS-DRESDEN-SEENLAND_R-83089,Posted 30+ Days Ago,2026-07-19,2026-08-18T12:10:51+00:00,2026-08-18 05:10 Tue,,false,,,,false,workday:Nike:/job/Dresden-Germany/Verkufer--Athlete---m-w-d----30h-Woche---NFS-DRESDEN-SEENLAND_R-83089
Nike:/job/Metzingen-Baden-Wrttemberg/Verkufer--Athlete---m-w-d----Flex-10-15h---Metzingen_R-88713,Nike,Verkäufer (Athlete) (m/w/d) - Flex 10/15h - Metzingen,"Metzingen, Baden Württemberg",,https://nike.wd1.myworkdayjobs.com/en-US/nke/job/Metzingen-Baden-Wrttemberg/Verkufer--Athlete---m-w-d----Flex-10-15h---Metzingen_R-88713,Posted Today,2026-07-24,2026-07-24T07:59:03+00:00,2026-07-24 00:59 Fri,,false,,,,false,workday:Nike:/job/Metzingen-Baden-Wrttemberg/Verkufer--Athlete---m-w-d----Flex-10-15h---Metzingen_R-88713
Nike:/job/Montabaur-Germany/Verkufer--Athlete---m-w-d----Flex-15h---Montabaur_R-88734,Nike,Verkäufer (Athlete) (m/w/d) - Flex 15h - Montabaur,"Montabaur, Germany",,https://nike.wd1.myworkdayjobs.com/en-US/nke/job/Montabaur-Germany/Verkufer--Athlete---m-w-d----Flex-15h---Montabaur_R-88734,Posted Today,2026-08-03,2026-08-03T11:59:36+00:00,2026-08-03 04:59 Mon,,false,,,,false,workday:Nike:/job/Montabaur-Germany/Verkufer--Athlete---m-w-d----Flex-15h---Montabaur_R-88734
Nike:/job/Bremen-Germany/Verkufer--Athlete---m-w-d----Flex-25-30-uhr---Bremen_R-89534,Nike,Verkäufer (Athlete) (m/w/d) - Flex 25/30 uhr - Bremen,"Bremen, Germany",,https://nike.wd1.myworkdayjobs.com/en-US/nke/job/Bremen-Germany/Verkufer--Athlete---m-w-d----Flex-25-30-uhr---Bremen_R-89534,Posted Today,2026-08-07,2026-08-07T10:35:53+00:00,2026-08-07 03:35 Fri,,false,,,,false,workday:Nike:/job/Bremen-Germany/Verkufer--Athlete---m-w-d----Flex-25-30-uhr---Bremen_R-89534
Nike:/job/Berlin-Germany/verkufer--Athlete---w-m-d----30H----Berlin-Ku-Damm_R-89983,Nike,verkäufer (Athlete) (w/m/d) - 30H -  Berlin Ku'Damm,"Berlin, Germany",,https://nike.wd1.myworkdayjobs.com/en-US/nke/job/Berlin-Germany/verkufer--Athlete---w-m-d----30H----Berlin-Ku-Damm_R-89983,Posted Yesterday,2026-08-29,2026-08-17T15:17:38+00:00,2026-08-17 08:17 Mon,,false,,,,false,workday:Nike:/job/Berlin-Germany/verkufer--Athlete---w-m-d----30H----Berlin-Ku-Damm_R-89983
Nike:/job/Brandenburg-Germany/Verkufer--Athlete---w-m-d----10-20H-Wochenendhilfe--Freitag---Samstag-_R-91442,Nike,Verkäufer (Athlete) (w/m/d) – 10/20H Wochenendhilfe (Freitag & Samstag),"Brandenburg, Germany",,https://nike.wd1.myworkdayjobs.com/en-US/nke/job/Brandenburg-Germany/Verkufer--Athlete---w-m-d----10-20H-Wochenendhilfe--Freitag---Samstag-_R-91442,Posted Today,2026-09-04,2026-09-04T14:51:38+00:00,2026-09-04 07:51 Fri,,false,,,,false,workday:Nike:/job/Brandenburg-Germany/Verkufer--Athlete---w-m-d----10-20H-Wochenendhilfe--Freitag---Samstag-_R-91442
Nike:/job/Bremen-Germany/Verkufer--Athlete---w-m-d----10h-Flex---Bremen_R-90973,Nike,Verkäufer (Athlete) (w/m/d) – 10h Flex - Bremen,"Bremen, Germany",,https://nike.wd1.myworkdayjobs.com/en-US/nke/job/Bremen-Germany/Verkufer--Athlete---w-m-d----10h-Flex---Bremen_R-90973,Posted Today,2026-09-01,2026-08-31T11:17:44+00:00,2026-08-31 04:17 Mon,,false,,,,false,workday:Nike:/job/Bremen-Germany/Verkufer--Athlete---w-m-d----10h-Flex---Bremen_R-90973
Nike:/job/Wolfsburg-Germany/Verkufer--Athlete---w-m-d----10h-Wochenendhilfe-gesucht--nur-fur--Freitag---Samstag-_R-90520,Nike,Verkäufer (Athlete) (w/m/d) – 10H Wochenendhilfe  (Freitag & Samstag) Wolfsburg,"Wolfsburg, Germany",,https://nike.wd1.myworkdayjobs.com/en-US/nke/job/Wolfsburg-Germany/Verkufer--Athlete---w-m-d----10h-Wochenendhilfe-gesucht--nur-fur--Freitag---Samstag-_R-90520,Posted Today,2026-09-04,2026-08-24T13:13:27+00:00,2026-08-24 06:13 Mon,,false,,,,false,workday:Nike:/job/Wolfsburg-Germany/Verkufer--Athlete---w-m-d----10h-Wochenendhilfe-gesucht--nur-fur--Freitag---Samstag-_R-90520
Nike:/job/Neumunster-Germany/Verkufer--Athlete---w-m-d----10h-Wochenendhilfe--Freitag---Samstag--Neumuenster_R-90626,Nike,Verkäufer (Athlete) (w/m/d) – 10h Wochenendhilfe (Freitag & Samstag) Neumuenster,"Neumunster, Germany",,https://nike.wd1.myworkdayjobs.com/en-US/nke/job/Neumunster-Germany/Verkufer--Athlete---w-m-d----10h-Wochenendhilfe--Freitag---Samstag--Neumuenster_R-90626,Posted Today,2026-08-26,2026-08-25T11:59:37+00:00,2026-08-25 04:59 Tue,,false,,,,false,workday:Nike:/job/Neumunster-Germany/Verkufer--Athlete---w-m-d----10h-Wochenendhilfe--Freitag---Samstag--Neumuenster_R-90626
Nike:/job/Parsdorf-Munich/Verkufer--Athlete---w-m-d----15-H-Flex---NFS-Parsdorf_R-87320,Nike,Verkäufer (Athlete) (w/m/d) – 15 H Flex – NFS Parsdorf,"Parsdorf, Munich",,https://nike.wd1.myworkdayjobs.com/en-US/nke/job/Parsdorf-Munich/Verkufer--Athlete---w-m-d----15-H-Flex---NFS-Parsdorf_R-87320,Posted 6 Days Ago,2026-07-06,2026-07-12T07:45:02+00:00,2026-07-12 00:45 Sun,,false,,,,false,workday:Nike:/job/Parsdorf-Munich/Verkufer--Athlete---w-m-d----15-H-Flex---NFS-Parsdorf_R-87320
Nike:/job/Radolfzell-Germany/Verkufer--Athlete---w-m-d----15h-Flex---NFS-Radolfzell_R-86560,Nike,Verkäufer (Athlete) (w/m/d) – 15-25H Flex – NFS Radolfzell,"Radolfzell, Germany",,https://nike.wd1.myworkdayjobs.com/en-US/nke/job/Radolfzell-Germany/Verkufer--Athlete---w-m-d----15h-Flex---NFS-Radolfzell_R-86560,Posted Today,2026-08-12,2026-08-12T08:41:19+00:00,2026-08-12 01:41 Wed,,false,,,,false,workday:Nike:/job/Radolfzell-Germany/Verkufer--Athlete---w-m-d----15h-Flex---NFS-Radolfzell_R-86560
Nike:/job/Parsdorf-Munich/Verkufer--Athlete---w-m-d----20-H-Flex---NFS-Parsdorf_R-87321,Nike,Verkäufer (Athlete) (w/m/d) – 20 H Flex – NFS Parsdorf,"Parsdorf, Munich",,https://nike.wd1.myworkdayjobs.com/en-US/nke/job/Parsdorf-Munich/Verkufer--Athlete---w-m-d----20-H-Flex---NFS-Parsdorf_R-87321,Posted 6 Days Ago,2026-07-06,2026-07-12T07:45:02+00:00,2026-07-12 00:45 Sun,,false,,,,false,workday:Nike:/job/Parsdorf-Munich/Verkufer--Athlete---w-m-d----20-H-Flex---NFS-Parsdorf_R-87321
Nike:/job/BERLIN-KMX/R-87026-Verkufer--Athlete---w-m-d----20-h-Wo-Flex---Berlin-KMX_R-89834,Nike,Verkäufer (Athlete) (w/m/d) – 20 h/Wo Flex – Berlin KMX,BERLIN KMX,,https://nike.wd1.myworkdayjobs.com/en-US/nke/job/BERLIN-KMX/R-87026-Verkufer--Athlete---w-m-d----20-h-Wo-Flex---Berlin-KMX_R-89834,Posted Yesterday,2026-09-03,2026-08-12T07:41:25+00:00,2026-08-12 00:41 Wed,,false,,,,false,workday:Nike:/job/BERLIN-KMX/R-87026-Verkufer--Athlete---w-m-d----20-h-Wo-Flex---Berlin-KMX_R-89834
Nike:/job/Jettingen-Scheppach-Germany/Verkufer--Athlete---w-m-d----20-H-Flex---NFS-Jettingen-Scheppach_R-90111-1,Nike,Verkäufer (Athlete) (w/m/d) – 20-30 H Flex – NFS Jettingen-Scheppach,"Jettingen-Scheppach, Germany",,https://nike.wd1.myworkdayjobs.com/en-US/nke/job/Jettingen-Scheppach-Germany/Verkufer--Athlete---w-m-d----20-H-Flex---NFS-Jettingen-Scheppach_R-90111-1,Posted Yesterday,2026-08-20,2026-08-19T10:15:11+00:00,2026-08-19 03:15 Wed,,false,,,,false,workday:Nike:/job/Jettingen-Scheppach-Germany/Verkufer--Athlete---w-m-d----20-H-Flex---NFS-Jettingen-Scheppach_R-90111-1
Nike:/job/Brandenburg-Germany/Verkufer--Athlete---w-m-d----20-30h-Flex---Berlin-Wustermark_R-90419,Nike,Verkäufer (Athlete) (w/m/d) – 20-30h Flex - Berlin Wustermark,"Brandenburg, Germany",,https://nike.wd1.myworkdayjobs.com/en-US/nke/job/Brandenburg-Germany/Verkufer--Athlete---w-m-d----20-30h-Flex---Berlin-Wustermark_R-90419,Posted Yesterday,2026-08-25,2026-08-24T14:59:20+00:00,2026-08-24 07:59 Mon,,false,,,,false,workday:Nike:/job/Brandenburg-Germany/Verkufer--Athlete---w-m-d----20-30h-Flex---Berlin-Wustermark_R-90419
Nike:/job/Soltau-Germany/Verkufer--Athlete---w-m-d----25-h-Wo-Flex-Soltau_R-87411,Nike,Verkäufer (Athlete) (w/m/d) – 25 h/Wo Flex Soltau,"Soltau, Germany",,https://nike.wd1.myworkdayjobs.com/en-US/nke/job/Soltau-Germany/Verkufer--Athlete---w-m-d----25-h-Wo-Flex-Soltau_R-87411,Posted 4 Days Ago,2026-07-08,2026-07-12T07:45:02+00:00,2026-07-12 00:45 Sun,,false,,,,false,workday:Nike:/job/Soltau-Germany/Verkufer--Athlete---w-m-d----25-h-Wo-Flex-Soltau_R-87411
Nike:/job/Zweibrcken-Germany/Verkufer--Athlete---w-m-d----25-h-Wo-Flex---Zweibrcken_R-86798,Nike,Verkäufer (Athlete) (w/m/d) – 25 h/Wo Flex – Zweibrücken,"Zweibrücken, Germany",,https://nike.wd1.myworkdayjobs.com/en-US/nke/job/Zweibrcken-Germany/Verkufer--Athlete---w-m-d----25-h-Wo-Flex---Zweibrcken_R-86798,Posted 4 Days Ago,2026-07-08,2026-07-12T07:45:02+00:00,2026-07-12 00:45 Sun,,false,,,,false,workday:Nike:/job/Zweibrcken-Germany/Verkufer--Athlete---w-m-d----25-h-Wo-Flex---Zweibrcken_R-86798
Nike:/job/Zweibrcken-Germany/Verkufer--Athlete---w-m-d----25-h-Wo-Flex---Zweibrcken_R-88161,Nike,Verkäufer (Athlete) (w/m/d) – 25 h/Wo Flex – Zweibrücken,"Zweibrücken, Germany",,https://nike.wd1.myworkdayjobs.com/en-US/nke/job/Zweibrcken-Germany/Verkufer--Athlete---w-m-d----25-h-Wo-Flex---Zweibrcken_R-88161,Posted Today,2026-07-20,2026-07-20T10:17:29+00:00,2026-07-20 03:17 Mon,,false,,,,false,workday:Nike:/job/Zweibrcken-Germany/Verkufer--Athlete---w-m-d----25-h-Wo-Flex---Zweibrcken_R-88161
Nike:/job/Metzingen-Baden-Wrttemberg/Verkufer--Athlete---w-m-d----25h-flex---Metzingen_R-84564,Nike,Verkäufer (Athlete) (w/m/d) – 25h flex – Metzingen,"Metzingen, Baden Württemberg",,https://nike.wd1.myworkdayjobs.com/en-US/nke/job/Metzingen-Baden-Wrttemberg/Verkufer--Athlete---w-m-d----25h-flex---Metzingen_R-84564,Posted 2 Days Ago,2026-08-18,2026-08-17T15:17:38+00:00,2026-08-17 08:17 Mon,,false,,,,false,workday:Nike:/job/Metzingen-Baden-Wrttemberg/Verkufer--Athlete---w-m-d----25h-flex---Metzingen_R-84564
Nike:/job/Radolfzell-Germany/Verkufer--Athlete---w-m-d----25H-Flex---NFS-Radolfzell_R-89712,Nike,Verkäufer (Athlete) (w/m/d) – 25H Flex – NFS Radolfzell,"Radolfzell, Germany",,https://nike.wd1.myworkdayjobs.com/en-US/nke/job/Radolfzell-Germany/Verkufer--Athlete---w-m-d----25H-Flex---NFS-Radolfzell_R-89712,Posted 3 Days Ago,2026-08-29,2026-08-28T13:18:12+00:00,2026-08-28 06:18 Fri,,false,,,,false,workday:Nike:/job/Radolfzell-Germany/Verkufer--Athlete---w-m-d----25H-Flex---NFS-Radolfzell_R-89712
Nike:/job/Parsdorf-Munich/Verkufer--Athlete---w-m-d----30-H-Flex---NFS-Parsdorf_R-88711,Nike,Verkäufer (Athlete) (w/m/d) – 30 H Flex – NFS Parsdorf,"Parsdorf, Munich",,https://nike.wd1.myworkdayjobs.com/en-US/nke/job/Parsdorf-Munich/Verkufer--Athlete---w-m-d----30-H-Flex---NFS-Parsdorf_R-88711,Posted Today,2026-07-24,2026-07-24T07:23:32+00:00,2026-07-24 00:23 Fri,,false,,,,false,workday:Nike:/job/Parsdorf-Munich/Verkufer--Athlete---w-m-d----30-H-Flex---NFS-Parsdorf_R-88711
Nike:/job/Parsdorf-Munich/Verkufer--Athlete---w-m-d----30-H-Flex---NFS-Parsdorf_R-86483,Nike,Verkäufer (Athlete) (w/m/d) – 30 H Flex – NFS Parsdorf,"Parsdorf, Munich",,https://nike.wd1.myworkdayjobs.com/en-US/nke/job/Parsdorf-Munich/Verkufer--Athlete---w-m-d----30-H-Flex---NFS-Parsdorf_R-86483,Posted Yesterday,2026-08-27,2026-08-26T09:58:12+00:00,2026-08-26 02:58 Wed,,false,,,,false,workday:Nike:/job/Parsdorf-Munich/Verkufer--Athlete---w-m-d----30-H-Flex---NFS-Parsdorf_R-86483
Nike:/job/Magdeburg-Germany/Verkufer--Athlete---w-m-d----30-h-Wo-Flex---Hermsdorf-bei-Magdeburg_R-87026,Nike,Verkäufer (Athlete) (w/m/d) – 30 h/Wo Flex – Hermsdorf bei Magdeburg,"Magdeburg, Germany",,https://nike.wd1.myworkdayjobs.com/en-US/nke/job/Magdeburg-Germany/Verkufer--Athlete---w-m-d----30-h-Wo-Flex---Hermsdorf-bei-Magdeburg_R-87026,Posted Today,2026-08-11,2026-08-11T11:41:44+00:00,2026-08-11 04:41 Tue,,false,,,,false,workday:Nike:/job/Magdeburg-Germany/Verkufer--Athlete---w-m-d----30-h-Wo-Flex---Hermsdorf-bei-Magdeburg_R-87026
Nike:/job/Neumunster-Germany/Verkufer--Athlete---w-m-d----30-h-Woche---Neumnster_R-84129,Nike,Verkäufer (Athlete) (w/m/d) – 30 h/Woche  Flex– Neumünster,"Neumunster, Germany",,https://nike.wd1.myworkdayjobs.com/en-US/nke/job/Neumunster-Germany/Verkufer--Athlete---w-m-d----30-h-Woche---Neumnster_R-84129,Posted Today,2026-08-25,2026-07-30T13:17:41+00:00,2026-07-30 06:17 Thu,,false,,,,false,workday:Nike:/job/Neumunster-Germany/Verkufer--Athlete---w-m-d----30-h-Woche---Neumnster_R-84129
Nike:/job/Montabaur-Germany/Verkufer--Athlete---w-m-d----30-h-Woche-Flex--Montabaur_R-89543,Nike,Verkäufer (Athlete) (w/m/d) – 30 h/Woche Flex– Montabaur,"Montabaur, Germany",,https://nike.wd1.myworkdayjobs.com/en-US/nke/job/Montabaur-Germany/Verkufer--Athlete---w-m-d----30-h-Woche-Flex--Montabaur_R-89543,Posted Today,2026-08-21,2026-08-20T13:59:53+00:00,2026-08-20 06:59 Thu,,false,,,,false,workday:Nike:/job/Montabaur-Germany/Verkufer--Athlete---w-m-d----30-h-Woche-Flex--Montabaur_R-89543
Nike:/job/Wertheim-Germany/Verkufer--Athlete---w-m-d----30h-Flex---NFS-Wertheim_R-90282,Nike,Verkäufer (Athlete) (w/m/d) – 30h Flex – NFS Wertheim,"Wertheim, Germany",,https://nike.wd1.myworkdayjobs.com/en-US/nke/job/Wertheim-Germany/Verkufer--Athlete---w-m-d----30h-Flex---NFS-Wertheim_R-90282,Posted Today,2026-08-28,2026-08-27T11:59:43+00:00,2026-08-27 04:59 Thu,,false,,,,false,workday:Nike:/job/Wertheim-Germany/Verkufer--Athlete---w-m-d----30h-Flex---NFS-Wertheim_R-90282
Nike:/job/Wolfsburg-Germany/Verkufer--Athlete---w-m-d----32-h-Flex---Wolfsburg_R-90519,Nike,Verkäufer (Athlete) (w/m/d) – 32H Flex - Wolfsburg,"Wolfsburg, Germany",,https://nike.wd1.myworkdayjobs.com/en-US/nke/job/Wolfsburg-Germany/Verkufer--Athlete---w-m-d----32-h-Flex---Wolfsburg_R-90519,Posted Yesterday,2026-08-25,2026-08-24T13:13:27+00:00,2026-08-24 06:13 Mon,,false,,,,false,workday:Nike:/job/Wolfsburg-Germany/Verkufer--Athlete---w-m-d----32-h-Flex---Wolfsburg_R-90519
Nike:/job/Wertheim-Germany/Verkufer--Athlete---w-m-d----375h-Vollzeit---NFS-Wertheim_R-90281,Nike,Verkäufer (Athlete) (w/m/d) – 37.5h Vollzeit – NFS Wertheim,"Wertheim, Germany",,https://nike.wd1.myworkdayjobs.com/en-US/nke/job/Wertheim-Germany/Verkufer--Athlete---w-m-d----375h-Vollzeit---NFS-Wertheim_R-90281,Posted Today,2026-08-28,2026-08-27T11:59:43+00:00,2026-08-27 04:59 Thu,,false,,,,false,workday:Nike:/job/Wertheim-Germany/Verkufer--Athlete---w-m-d----375h-Vollzeit---NFS-Wertheim_R-90281
Nike:/job/Montabaur-Germany/Verkufer--Athlete--m-w-d----20h-Flex---Nike-Factory-Store-Montabaur_R-89695,Nike,Verkäufer (Athlete)(m/w/d) – 20h Flex – Nike Factory Store Montabaur,"Montabaur, Germany",,https://nike.wd1.myworkdayjobs.com/en-US/nke/job/Montabaur-Germany/Verkufer--Athlete--m-w-d----20h-Flex---Nike-Factory-Store-Montabaur_R-89695,Posted Today,2026-08-21,2026-08-20T13:59:53+00:00,2026-08-20 06:59 Thu,,false,,,,false,workday:Nike:/job/Montabaur-Germany/Verkufer--Athlete--m-w-d----20h-Flex---Nike-Factory-Store-Montabaur_R-89695
Nike:/job/Neumunster-Germany/Verkufer--Athlete--m-w-d----20h-Flex---Nike-Factory-Store-Neumuenster_R-90624,Nike,Verkäufer (Athlete)(m/w/d) – 20h Flex – Nike Factory Store Neumuenster,"Neumunster, Germany",,https://nike.wd1.myworkdayjobs.com/en-US/nke/job/Neumunster-Germany/Verkufer--Athlete--m-w-d----20h-Flex---Nike-Factory-Store-Neumuenster_R-90624,Posted Today,2026-08-26,2026-08-25T12:17:23+00:00,2026-08-25 05:17 Tue,,false,,,,false,workday:Nike:/job/Neumunster-Germany/Verkufer--Athlete--m-w-d----20h-Flex---Nike-Factory-Store-Neumuenster_R-90624
Nike:/job/Parndorf-Burgenland/Verkufer--Athlete---w-m-d----30-h----NFS-PARNDORF_R-87019,Nike,Verkäufer (Visual Merchandising Athlete) (w/m/d) – 30(h) – NFS PARNDORF,"Parndorf, Burgenland",,https://nike.wd1.myworkdayjobs.com/en-US/nke/job/Parndorf-Burgenland/Verkufer--Athlete---w-m-d----30-h----NFS-PARNDORF_R-87019,Posted Today,2026-09-04,2026-07-12T07:45:02+00:00,2026-07-12 00:45 Sun,,false,,,,false,workday:Nike:/job/Parndorf-Burgenland/Verkufer--Athlete---w-m-d----30-h----NFS-PARNDORF_R-87019
Nike:/job/Soltau-Germany/Verkufer--Athlete---w-m-d----10h-Wochenendhilfe-gesucht--nur-fur--Freitag---Samstag-_R-90421,Nike,Verkäufer (w/m/d) – Schülerjob ab 18 Jahren | 10 /15h Wochenendhilfe (Freitag & Samstag),"Soltau, Germany",,https://nike.wd1.myworkdayjobs.com/en-US/nke/job/Soltau-Germany/Verkufer--Athlete---w-m-d----10h-Wochenendhilfe-gesucht--nur-fur--Freitag---Samstag-_R-90421,Posted Today,2026-09-04,2026-08-24T12:59:29+00:00,2026-08-24 05:59 Mon,,false,,,,false,workday:Nike:/job/Soltau-Germany/Verkufer--Athlete---w-m-d----10h-Wochenendhilfe-gesucht--nur-fur--Freitag---Samstag-_R-90421
Nike:/job/Neumunster-Germany/Verkufer-im-Saisongeschft-0111-bis-1512------Athlete---m-w-d----20-bis-30h-Woche---Neumuenster_R-91317,Nike,Verkäufer im Saisongeschäft 01.11 bis 15.12  -  (Athlete) (m/w/d) – 20 bis 30h/Woche - Neumuenster,"Neumunster, Germany",,https://nike.wd1.myworkdayjobs.com/en-US/nke/job/Neumunster-Germany/Verkufer-im-Saisongeschft-0111-bis-1512------Athlete---m-w-d----20-bis-30h-Woche---Neumuenster_R-91317,Posted Yesterday,2026-09-03,2026-09-03T15:00:17+00:00,2026-09-03 08:00 Thu,,false,,,,false,workday:Nike:/job/Neumunster-Germany/Verkufer-im-Saisongeschft-0111-bis-1512------Athlete---m-w-d----20-bis-30h-Woche---Neumuenster_R-91317
Nike:/job/Piding-Germany/VERKUFER-M-W-D-in-Teilzeit--10-30h-Woche-Flex----NFS-Piding_R-89367,Nike,VERKÄUFER M/W/D in Teilzeit (10-30h Woche Flex) - NFS Piding,"Piding, Germany",,https://nike.wd1.myworkdayjobs.com/en-US/nke/job/Piding-Germany/VERKUFER-M-W-D-in-Teilzeit--10-30h-Woche-Flex----NFS-Piding_R-89367,Posted Today,2026-08-04,2026-08-04T13:17:39+00:00,2026-08-04 06:17 Tue,,false,,,,false,workday:Nike:/job/Piding-Germany/VERKUFER-M-W-D-in-Teilzeit--10-30h-Woche-Flex----NFS-Piding_R-89367
Nike:/job/Ingolstadt-Germany/Verkufer-in--Athlete-----30H-Flex---Ingolstadt--m-w-d-_R-89464,Nike,Verkäufer/in (Athlete) -  30H Flex - Ingolstadt (m/w/d),"Ingolstadt, Germany",,https://nike.wd1.myworkdayjobs.com/en-US/nke/job/Ingolstadt-Germany/Verkufer-in--Athlete-----30H-Flex---Ingolstadt--m-w-d-_R-89464,Posted Yesterday,2026-08-21,2026-08-20T14:07:22+00:00,2026-08-20 07:07 Thu,,false,,,,false,workday:Nike:/job/Ingolstadt-Germany/Verkufer-in--Athlete-----30H-Flex---Ingolstadt--m-w-d-_R-89464
Nike:/job/Jettingen-Scheppach-Germany/Verkufer--Athlete---w-m-d----10h-Flex---Jettingen-Scheppach_R-87763,Nike,Verkäufer (Athlete) (w/m/d) – 10h Flex – Jettingen-Scheppach,"Jettingen-Scheppach, Germany",,https://nike.wd1.myworkdayjobs.com/en-US/nke/job/Jettingen-Scheppach-Germany/Verkufer--Athlete---w-m-d----10h-Flex---Jettingen-Scheppach_R-87763,Posted Today,2026-07-14,2026-07-14T07:41:11+00:00,2026-07-14 00:41 Tue,,false,,,,false,workday:Nike:/job/Jettingen-Scheppach-Germany/Verkufer--Athlete---w-m-d----10h-Flex---Jettingen-Scheppach_R-87763
Nike:/job/Schnenwerd-Switzerland/Verkufer--Athlete---w-m-d----82h---NFS-Fashion-Fish-SCHNENWERD_R-90427,Nike,Verkäufer (Athlete) (w/m/d) – 8.2h – NFS Fashion Fish SCHÖNENWERD,"Schönenwerd, Switzerland",,https://nike.wd1.myworkdayjobs.com/en-US/nke/job/Schnenwerd-Switzerland/Verkufer--Athlete---w-m-d----82h---NFS-Fashion-Fish-SCHNENWERD_R-90427,Posted Today,2026-08-25,2026-08-24T12:59:29+00:00,2026-08-24 05:59 Mon,,false,,,,false,workday:Nike:/job/Schnenwerd-Switzerland/Verkufer--Athlete---w-m-d----82h---NFS-Fashion-Fish-SCHNENWERD_R-90427
Nike:/job/South-Singapore-Singapore/Visual-Lead--Changi-City-Point-_R-90265-1,Nike,Visual Lead (Changi City Point),"South, Singapore, Singapore",,https://nike.wd1.myworkdayjobs.com/en-US/nke/job/South-Singapore-Singapore/Visual-Lead--Changi-City-Point-_R-90265-1,Posted Today,2026-08-20,2026-08-19T02:10:45+00:00,2026-08-18 19:10 Tue,,false,,,,false,workday:Nike:/job/South-Singapore-Singapore/Visual-Lead--Changi-City-Point-_R-90265-1
Nike:/job/Greenwich-United-Kingdom/Visual-Merchandiser--VMS-Athlete----40HR---3-Month-FTC---London-Icon_R-89259,Nike,Visual Merchandiser (VMS Athlete) - 40HR - 3 Month FTC - London Icon,"Greenwich, United Kingdom",,https://nike.wd1.myworkdayjobs.com/en-US/nke/job/Greenwich-United-Kingdom/Visual-Merchandiser--VMS-Athlete----40HR---3-Month-FTC---London-Icon_R-89259,Posted Today,2026-08-05,2026-08-05T10:41:56+00:00,2026-08-05 03:41 Wed,,false,,,,false,workday:Nike:/job/Greenwich-United-Kingdom/Visual-Merchandiser--VMS-Athlete----40HR---3-Month-FTC---London-Icon_R-89259
Nike:/job/Sydney-New-South-Wales/Visual-Merchandising-Associate---Nike--Liverpool_R-87265,Nike,"Visual Merchandising Associate - Nike, Liverpool","Sydney, New South Wales",,https://nike.wd1.myworkdayjobs.com/en-US/nke/job/Sydney-New-South-Wales/Visual-Merchandising-Associate---Nike--Liverpool_R-87265,Posted 4 Days Ago,2026-07-08,2026-07-12T07:45:02+00:00,2026-07-12 00:45 Sun,,false,,,,false,workday:Nike:/job/Sydney-New-South-Wales/Visual-Merchandising-Associate---Nike--Liverpool_R-87265
Nike:/job/Westfield-White-City-Shepherds-Bush-London/Visual-Merchandising-Retail-Assistant--Athlete----FT40---West-London_R-90146,Nike,Visual Merchandising Retail Assistant (Athlete) – FT40 – West London,"Westfield White City, Shepherds Bush, London",,https://nike.wd1.myworkdayjobs.com/en-US/nke/job/Westfield-White-City-Shepherds-Bush-London/Visual-Merchandising-Retail-Assistant--Athlete----FT40---West-London_R-90146,Posted Yesterday,2026-08-19,2026-08-18T10:41:52+00:00,2026-08-18 03:41 Tue,,false,,,,false,workday:Nike:/job/Westfield-White-City-Shepherds-Bush-London/Visual-Merchandising-Retail-Assistant--Athlete----FT40---West-London_R-90146
Nike:/job/Murthal-Haryana/Visual-Merchandising-Retail-Associate---NIKE--Murthal-_R-89237,Nike,Visual Merchandising Retail Associate - NIKE (Murthal),"Murthal, Haryana",,https://nike.wd1.myworkdayjobs.com/en-US/nke/job/Murthal-Haryana/Visual-Merchandising-Retail-Associate---NIKE--Murthal-_R-89237,Posted Today,2026-08-11,2026-08-11T00:59:42+00:00,2026-08-10 17:59 Mon,,false,,,,false,workday:Nike:/job/Murthal-Haryana/Visual-Merchandising-Retail-Associate---NIKE--Murthal-_R-89237
Nike:/job/LONDON-OFFICE/Workforce-Optimization-Coach---NEW-NIKE-LONDON-FLAGSHIP_R-87349,Nike,Workforce Optimization Coach - NEW NIKE LONDON FLAGSHIP,LONDON OFFICE,,https://nike.wd1.myworkdayjobs.com/en-US/nke/job/LONDON-OFFICE/Workforce-Optimization-Coach---NEW-NIKE-LONDON-FLAGSHIP_R-87349,Posted 6 Days Ago,2026-07-06,2026-07-12T07:45:02+00:00,2026-07-12 00:45 Sun,,false,,,,false,workday:Nike:/job/LONDON-OFFICE/Workforce-Optimization-Coach---NEW-NIKE-LONDON-FLAGSHIP_R-87349
Nike:/job/Shisui-Japan/XMLNAME-------Nike-Factory-Store-Shisui_R-79433,Nike, 【障がい者雇用】バックヤードスタッフ（アルバイト) Nike Factory Store Shisui,"Shisui, Japan",,https://nike.wd1.myworkdayjobs.com/en-US/nke/job/Shisui-Japan/XMLNAME-------Nike-Factory-Store-Shisui_R-79433,Posted 30+ Days Ago,2026-07-19,2026-08-18T12:10:51+00:00,2026-08-18 05:10 Tue,,false,,,,false,workday:Nike:/job/Shisui-Japan/XMLNAME-------Nike-Factory-Store-Shisui_R-79433
Nike:/job/Jerusalem-District-Israel/------_R-84862,Nike,נציג/ת מכירות (משרה חלקית),"Jerusalem District, Israel",,https://nike.wd1.myworkdayjobs.com/en-US/nke/job/Jerusalem-District-Israel/------_R-84862,Posted 4 Days Ago,2026-07-08,2026-07-12T07:45:02+00:00,2026-07-12 00:45 Sun,,false,,,,false,workday:Nike:/job/Jerusalem-District-Israel/------_R-84862
Nike:/job/Jerusalem-District-Israel/------_R-88794,Nike,נציג/ת מכירות (משרה חלקית),"Jerusalem District, Israel",,https://nike.wd1.myworkdayjobs.com/en-US/nke/job/Jerusalem-District-Israel/------_R-88794,Posted Today,2026-07-27,2026-07-27T09:17:14+00:00,2026-07-27 02:17 Mon,,false,,,,false,workday:Nike:/job/Jerusalem-District-Israel/------_R-88794
Nike:/job/Holon-Israel/------_R-89035,Nike,נציג/ת מכירות (משרה חלקית),"Holon, Israel",,https://nike.wd1.myworkdayjobs.com/en-US/nke/job/Holon-Israel/------_R-89035,Posted 4 Days Ago,2026-07-26,2026-07-30T10:06:40+00:00,2026-07-30 03:06 Thu,,false,,,,false,workday:Nike:/job/Holon-Israel/------_R-89035
Nike:/job/Jerusalem-District-Israel/------_R-89714,Nike,נציג/ת מכירות (משרה חלקית),"Jerusalem District, Israel",,https://nike.wd1.myworkdayjobs.com/en-US/nke/job/Jerusalem-District-Israel/------_R-89714,Posted Today,2026-08-10,2026-08-10T14:00:11+00:00,2026-08-10 07:00 Mon,,false,,,,false,workday:Nike:/job/Jerusalem-District-Israel/------_R-89714
Nike:/job/Holon-Israel/------_R-89817,Nike,נציג/ת מכירות (משרה חלקית),"Holon, Israel",,https://nike.wd1.myworkdayjobs.com/en-US/nke/job/Holon-Israel/------_R-89817,Posted Today,2026-08-11,2026-08-11T12:41:30+00:00,2026-08-11 05:41 Tue,,false,,,,false,workday:Nike:/job/Holon-Israel/------_R-89817
Nike:/job/Jerusalem-District-Israel/------_R-89694,Nike,נציג/ת מכירות (משרה חלקית),"Jerusalem District, Israel",,https://nike.wd1.myworkdayjobs.com/en-US/nke/job/Jerusalem-District-Israel/------_R-89694,Posted Yesterday,2026-08-19,2026-08-18T09:17:25+00:00,2026-08-18 02:17 Tue,,false,,,,false,workday:Nike:/job/Jerusalem-District-Israel/------_R-89694
Nike:/job/Zichron-Israel/------_R-90103,Nike,נציג/ת מכירות (משרה חלקית),"Zichron, Israel",,https://nike.wd1.myworkdayjobs.com/en-US/nke/job/Zichron-Israel/------_R-90103,Posted Yesterday,2026-08-19,2026-08-18T09:17:25+00:00,2026-08-18 02:17 Tue,,false,,,,false,workday:Nike:/job/Zichron-Israel/------_R-90103
Nike:/job/Bilu-Israel/------_R-83213,Nike,נציג/ת מכירות (משרה חלקית),"Bilu, Israel",,https://nike.wd1.myworkdayjobs.com/en-US/nke/job/Bilu-Israel/------_R-83213,Posted 30+ Days Ago,2026-07-19,2026-08-18T12:10:51+00:00,2026-08-18 05:10 Tue,,false,,,,false,workday:Nike:/job/Bilu-Israel/------_R-83213
Nike:/job/Eilat-Israel/------_R-84997,Nike,נציג/ת מכירות (משרה חלקית),"Eilat, Israel",,https://nike.wd1.myworkdayjobs.com/en-US/nke/job/Eilat-Israel/------_R-84997,Posted 30+ Days Ago,2026-07-19,2026-08-18T12:10:51+00:00,2026-08-18 05:10 Tue,,false,,,,false,workday:Nike:/job/Eilat-Israel/------_R-84997
Nike:/job/Eilat-Israel/------_R-85794,Nike,נציג/ת מכירות (משרה חלקית),"Eilat, Israel",,https://nike.wd1.myworkdayjobs.com/en-US/nke/job/Eilat-Israel/------_R-85794,Posted 30+ Days Ago,2026-07-19,2026-08-18T12:10:51+00:00,2026-08-18 05:10 Tue,,false,,,,false,workday:Nike:/job/Eilat-Israel/------_R-85794
Nike:/job/Holon-Israel/------_R-85159,Nike,נציג/ת מכירות (משרה חלקית),"Holon, Israel",,https://nike.wd1.myworkdayjobs.com/en-US/nke/job/Holon-Israel/------_R-85159,Posted 30+ Days Ago,2026-07-19,2026-08-18T12:10:51+00:00,2026-08-18 05:10 Tue,,false,,,,false,workday:Nike:/job/Holon-Israel/------_R-85159
Nike:/job/Haifa-District-Israel/------_R-90379-1,Nike,נציג/ת מכירות (משרה חלקית),"Haifa District, Israel",,https://nike.wd1.myworkdayjobs.com/en-US/nke/job/Haifa-District-Israel/------_R-90379-1,Posted 3 Days Ago,2026-08-22,2026-08-21T11:17:17+00:00,2026-08-21 04:17 Fri,,false,,,,false,workday:Nike:/job/Haifa-District-Israel/------_R-90379-1
Nike:/job/Haifa-District-Israel/------_R-90499-1,Nike,נציג/ת מכירות (משרה חלקית),"Haifa District, Israel",,https://nike.wd1.myworkdayjobs.com/en-US/nke/job/Haifa-District-Israel/------_R-90499-1,Posted Today,2026-08-25,2026-08-24T08:17:18+00:00,2026-08-24 01:17 Mon,,false,,,,false,workday:Nike:/job/Haifa-District-Israel/------_R-90499-1
Nike:/job/Holon-Israel/------_R-91306,Nike,נציג/ת מכירות (משרה חלקית),"Holon, Israel",,https://nike.wd1.myworkdayjobs.com/en-US/nke/job/Holon-Israel/------_R-91306,Posted Yesterday,2026-09-03,2026-09-02T13:41:56+00:00,2026-09-02 06:41 Wed,,false,,,,false,workday:Nike:/job/Holon-Israel/------_R-91306
Nike:/job/Miyagi-Japan/XMLNAME-------Nike-Factory-Store-Sendaiko_R-86389,Nike,"【障がい者雇用】バックヤードスタッフ（アルバイト), Nike Factory Store Sendaiko","Miyagi, Japan",,https://nike.wd1.myworkdayjobs.com/en-US/nke/job/Miyagi-Japan/XMLNAME-------Nike-Factory-Store-Sendaiko_R-86389,Posted 30+ Days Ago,2026-07-19,2026-08-18T12:10:51+00:00,2026-08-18 05:10 Tue,,false,,,,false,workday:Nike:/job/Miyagi-Japan/XMLNAME-------Nike-Factory-Store-Sendaiko_R-86389
Nike:/job/Tochigi-Japan/XMLNAME-------Nike-Clearance-Store-Nasu_R-80848,Nike,"【障がい者雇用】バックヤードスタッフ（アルバイト）, Nike Clearance Store Nasu","Tochigi, Japan",,https://nike.wd1.myworkdayjobs.com/en-US/nke/job/Tochigi-Japan/XMLNAME-------Nike-Clearance-Store-Nasu_R-80848,Posted 30+ Days Ago,2026-07-19,2026-08-18T12:10:51+00:00,2026-08-18 05:10 Tue,,false,,,,false,workday:Nike:/job/Tochigi-Japan/XMLNAME-------Nike-Clearance-Store-Nasu_R-80848
Nike:/job/Kisarazu-Japan/XMLNAME-------Nike-Factory-Store-Kisarazu_R-80851,Nike,"【障がい者雇用】バックヤードスタッフ（アルバイト）, Nike Factory Store Kisarazu","Kisarazu, Japan",,https://nike.wd1.myworkdayjobs.com/en-US/nke/job/Kisarazu-Japan/XMLNAME-------Nike-Factory-Store-Kisarazu_R-80851,Posted 30+ Days Ago,2026-07-19,2026-08-18T12:10:51+00:00,2026-08-18 05:10 Tue,,false,,,,false,workday:Nike:/job/Kisarazu-Japan/XMLNAME-------Nike-Factory-Store-Kisarazu_R-80851
Nike:/job/Shisui-Japan/XMLNAME-------Nike-Factory-Store-Shisui_R-90903,Nike,"【障がい者雇用】バックヤードスタッフ（アルバイト）, Nike Factory Store Shisui","Shisui, Japan",,https://nike.wd1.myworkdayjobs.com/en-US/nke/job/Shisui-Japan/XMLNAME-------Nike-Factory-Store-Shisui_R-90903,Posted Today,2026-08-28,2026-08-27T04:17:40+00:00,2026-08-26 21:17 Wed,,false,,,,false,workday:Nike:/job/Shisui-Japan/XMLNAME-------Nike-Factory-Store-Shisui_R-90903
Nike:/job/Hiroshima-Japan/XMLNAME-------Nike-Unite-Hiroshima_R-80847,Nike,"【障がい者雇用】バックヤードスタッフ（アルバイト）, Nike Unite Hiroshima","Hiroshima, Japan",,https://nike.wd1.myworkdayjobs.com/en-US/nke/job/Hiroshima-Japan/XMLNAME-------Nike-Unite-Hiroshima_R-80847,Posted 30+ Days Ago,2026-07-19,2026-08-18T12:10:51+00:00,2026-08-18 05:10 Tue,,false,,,,false,workday:Nike:/job/Hiroshima-Japan/XMLNAME-------Nike-Unite-Hiroshima_R-80847
Nike:/job/Mie-Japan/XMLNAME-----Nike-Unite-Nagashima_R-87405,Nike,【障がい者雇用】バックヤードスタッフ（アルバイト）Nike Unite Nagashima,"Mie, Japan",,https://nike.wd1.myworkdayjobs.com/en-US/nke/job/Mie-Japan/XMLNAME-----Nike-Unite-Nagashima_R-87405,Posted 5 Days Ago,2026-07-07,2026-07-12T07:45:02+00:00,2026-07-12 00:45 Sun,,false,,,,false,workday:Nike:/job/Mie-Japan/XMLNAME-----Nike-Unite-Nagashima_R-87405
Nike:/job/Shiga-Japan/XMLNAME-----Nike-Unite-Ryuo_R-82429,Nike,【障がい者雇用】バックヤードスタッフ（アルバイト）Nike Unite Ryuo,"Shiga, Japan",,https://nike.wd1.myworkdayjobs.com/en-US/nke/job/Shiga-Japan/XMLNAME-----Nike-Unite-Ryuo_R-82429,Posted 30+ Days Ago,2026-07-19,2026-08-18T12:10:51+00:00,2026-08-18 05:10 Tue,,false,,,,false,workday:Nike:/job/Shiga-Japan/XMLNAME-----Nike-Unite-Ryuo_R-82429
Nike:/job/Fukuoka-Japan/XMLNAME-----Nike-Unite-Kitakyushu_R-85975,Nike,【障がい者雇用】バックヤードスタッフ（アルバイト）Nike Unite Kitakyushu,"Fukuoka, Japan",,https://nike.wd1.myworkdayjobs.com/en-US/nke/job/Fukuoka-Japan/XMLNAME-----Nike-Unite-Kitakyushu_R-85975,Posted 30+ Days Ago,2026-07-19,2026-08-18T12:10:51+00:00,2026-08-18 05:10 Tue,,false,,,,false,workday:Nike:/job/Fukuoka-Japan/XMLNAME-----Nike-Unite-Kitakyushu_R-85975
Nike:/job/Tokyo-Japan/XMLNAME------Nike-Company-Store-Tokyo_R-86306-1,Nike,【障がい者雇用】フロアスタッフ（アルバイト） Nike Company Store Tokyo,"Tokyo, Japan",,https://nike.wd1.myworkdayjobs.com/en-US/nke/job/Tokyo-Japan/XMLNAME------Nike-Company-Store-Tokyo_R-86306-1,Posted 30+ Days Ago,2026-07-19,2026-08-18T12:10:51+00:00,2026-08-18 05:10 Tue,,false,,,,false,workday:Nike:/job/Tokyo-Japan/XMLNAME------Nike-Company-Store-Tokyo_R-86306-1
Nike:/job/Tokyo-Japan/XMLNAME------Nike-Shibuya-Scramble-Square_R-86242-1,Nike,【障がい者雇用】フロアスタッフ（アルバイト） Nike Shibuya Scramble Square,"Tokyo, Japan",,https://nike.wd1.myworkdayjobs.com/en-US/nke/job/Tokyo-Japan/XMLNAME------Nike-Shibuya-Scramble-Square_R-86242-1,Posted 30+ Days Ago,2026-07-19,2026-08-18T12:10:51+00:00,2026-08-18 05:10 Tue,,false,,,,false,workday:Nike:/job/Tokyo-Japan/XMLNAME------Nike-Shibuya-Scramble-Square_R-86242-1
Nike:/job/Tochigi-Japan/---Nike-Clearance-Store-Nasu_R-73664,Nike,販売スタッフ(アルバイト) Nike Clearance Store Nasu,"Tochigi, Japan",,https://nike.wd1.myworkdayjobs.com/en-US/nke/job/Tochigi-Japan/---Nike-Clearance-Store-Nasu_R-73664,Posted 30+ Days Ago,2026-07-19,2026-08-18T12:10:51+00:00,2026-08-18 05:10 Tue,,false,,,,false,workday:Nike:/job/Tochigi-Japan/---Nike-Clearance-Store-Nasu_R-73664
Nike:/job/Chiba-Japan/---Nike-Company-Store-Chiba_R-73639-1,Nike,販売スタッフ(アルバイト) Nike Company Store Chiba,"Chiba, Japan",,https://nike.wd1.myworkdayjobs.com/en-US/nke/job/Chiba-Japan/---Nike-Company-Store-Chiba_R-73639-1,Posted 30+ Days Ago,2026-07-19,2026-08-18T12:10:51+00:00,2026-08-18 05:10 Tue,,false,,,,false,workday:Nike:/job/Chiba-Japan/---Nike-Company-Store-Chiba_R-73639-1
Nike:/job/Tokyo-Japan/---Nike-Company-Store-Tokyo---_R-73650,Nike,販売スタッフ(アルバイト) Nike Company Store Tokyo (六本木）,"Tokyo, Japan",,https://nike.wd1.myworkdayjobs.com/en-US/nke/job/Tokyo-Japan/---Nike-Company-Store-Tokyo---_R-73650,Posted 30+ Days Ago,2026-07-19,2026-08-18T12:10:51+00:00,2026-08-18 05:10 Tue,,false,,,,false,workday:Nike:/job/Tokyo-Japan/---Nike-Company-Store-Tokyo---_R-73650
Nike:/job/Hiroshima-Japan/---Nike-Factory-Store-Hiroshima_R-73651,Nike,販売スタッフ(アルバイト) Nike Factory Store Hiroshima,"Hiroshima, Japan",,https://nike.wd1.myworkdayjobs.com/en-US/nke/job/Hiroshima-Japan/---Nike-Factory-Store-Hiroshima_R-73651,Posted 30+ Days Ago,2026-07-19,2026-08-18T12:10:51+00:00,2026-08-18 05:10 Tue,,false,,,,false,workday:Nike:/job/Hiroshima-Japan/---Nike-Factory-Store-Hiroshima_R-73651
Nike:/job/Kisarazu-Japan/---Nike-Factory-Store-Kisarazu_R-73660,Nike,販売スタッフ(アルバイト) Nike Factory Store Kisarazu,"Kisarazu, Japan",,https://nike.wd1.myworkdayjobs.com/en-US/nke/job/Kisarazu-Japan/---Nike-Factory-Store-Kisarazu_R-73660,Posted 30+ Days Ago,2026-07-19,2026-08-18T12:10:51+00:00,2026-08-18 05:10 Tue,,false,,,,false,workday:Nike:/job/Kisarazu-Japan/---Nike-Factory-Store-Kisarazu_R-73660
Nike:/job/Okayama-Japan/---Nike-Factory-Store-Kurashiki_R-73652,Nike,販売スタッフ(アルバイト) Nike Factory Store Kurashiki,"Okayama, Japan",,https://nike.wd1.myworkdayjobs.com/en-US/nke/job/Okayama-Japan/---Nike-Factory-Store-Kurashiki_R-73652,Posted 30+ Days Ago,2026-07-19,2026-08-18T12:10:51+00:00,2026-08-18 05:10 Tue,,false,,,,false,workday:Nike:/job/Okayama-Japan/---Nike-Factory-Store-Kurashiki_R-73652
Nike:/job/Chiba-Japan/---Nike-Factory-Store-Makuhari_R-73662,Nike,販売スタッフ(アルバイト) Nike Factory Store Makuhari,"Chiba, Japan",,https://nike.wd1.myworkdayjobs.com/en-US/nke/job/Chiba-Japan/---Nike-Factory-Store-Makuhari_R-73662,Posted 30+ Days Ago,2026-07-19,2026-08-18T12:10:51+00:00,2026-08-18 05:10 Tue,,false,,,,false,workday:Nike:/job/Chiba-Japan/---Nike-Factory-Store-Makuhari_R-73662
Nike:/job/Tokyo-Japan/---Nike-Factory-Store-Minamimachida_R-73672,Nike,販売スタッフ(アルバイト) Nike Factory Store Minamimachida,"Tokyo, Japan",,https://nike.wd1.myworkdayjobs.com/en-US/nke/job/Tokyo-Japan/---Nike-Factory-Store-Minamimachida_R-73672,Posted 30+ Days Ago,2026-07-19,2026-08-18T12:10:51+00:00,2026-08-18 05:10 Tue,,false,,,,false,workday:Nike:/job/Tokyo-Japan/---Nike-Factory-Store-Minamimachida_R-73672
Nike:/job/Hyogo-Japan/---Nike-Factory-Store-Sanda_R-73656,Nike,販売スタッフ(アルバイト) Nike Factory Store Sanda,"Hyogo, Japan",,https://nike.wd1.myworkdayjobs.com/en-US/nke/job/Hyogo-Japan/---Nike-Factory-Store-Sanda_R-73656,Posted 30+ Days Ago,2026-07-19,2026-08-18T12:10:51+00:00,2026-08-18 05:10 Tue,,false,,,,false,workday:Nike:/job/Hyogo-Japan/---Nike-Factory-Store-Sanda_R-73656
Nike:/job/Hokkaido-Japan/---Nike-Factory-Store-Sapporo-Kitahiroshima_R-73665,Nike,販売スタッフ(アルバイト) Nike Factory Store Sapporo Kitahiroshima,"Hokkaido, Japan",,https://nike.wd1.myworkdayjobs.com/en-US/nke/job/Hokkaido-Japan/---Nike-Factory-Store-Sapporo-Kitahiroshima_R-73665,Posted 30+ Days Ago,2026-07-19,2026-08-18T12:10:51+00:00,2026-08-18 05:10 Tue,,false,,,,false,workday:Nike:/job/Hokkaido-Japan/---Nike-Factory-Store-Sapporo-Kitahiroshima_R-73665
Nike:/job/Miyagi-Japan/---Nike-Factory-Store-Sendaiko_R-73667-1,Nike,販売スタッフ(アルバイト) Nike Factory Store Sendaiko,"Miyagi, Japan",,https://nike.wd1.myworkdayjobs.com/en-US/nke/job/Miyagi-Japan/---Nike-Factory-Store-Sendaiko_R-73667-1,Posted 30+ Days Ago,2026-07-19,2026-08-18T12:10:51+00:00,2026-08-18 05:10 Tue,,false,,,,false,workday:Nike:/job/Miyagi-Japan/---Nike-Factory-Store-Sendaiko_R-73667-1
Nike:/job/Shisui-Japan/---Nike-Factory-Store-Shisui_R-73663,Nike,販売スタッフ(アルバイト) Nike Factory Store Shisui,"Shisui, Japan",,https://nike.wd1.myworkdayjobs.com/en-US/nke/job/Shisui-Japan/---Nike-Factory-Store-Shisui_R-73663,Posted 30+ Days Ago,2026-07-19,2026-08-18T12:10:51+00:00,2026-08-18 05:10 Tue,,false,,,,false,workday:Nike:/job/Shisui-Japan/---Nike-Factory-Store-Shisui_R-73663
Nike:/job/Saga-Japan/---Nike-Factory-Store-Tosu_R-73676,Nike,販売スタッフ(アルバイト) Nike Factory Store Tosu,"Saga, Japan",,https://nike.wd1.myworkdayjobs.com/en-US/nke/job/Saga-Japan/---Nike-Factory-Store-Tosu_R-73676,Posted 30+ Days Ago,2026-07-19,2026-08-18T12:10:51+00:00,2026-08-18 05:10 Tue,,false,,,,false,workday:Nike:/job/Saga-Japan/---Nike-Factory-Store-Tosu_R-73676
Nike:/job/Tokyo-Japan/---Nike-Ginza_R-73644,Nike,販売スタッフ(アルバイト) Nike Ginza,"Tokyo, Japan",,https://nike.wd1.myworkdayjobs.com/en-US/nke/job/Tokyo-Japan/---Nike-Ginza_R-73644,Posted 30+ Days Ago,2026-07-19,2026-08-18T12:10:51+00:00,2026-08-18 05:10 Tue,,false,,,,false,workday:Nike:/job/Tokyo-Japan/---Nike-Ginza_R-73644
Nike:/job/Tokyo-Japan/---Nike-Harajuku_R-73640,Nike,販売スタッフ(アルバイト) Nike Harajuku,"Tokyo, Japan",,https://nike.wd1.myworkdayjobs.com/en-US/nke/job/Tokyo-Japan/---Nike-Harajuku_R-73640,Posted 30+ Days Ago,2026-07-19,2026-08-18T12:10:51+00:00,2026-08-18 05:10 Tue,,false,,,,false,workday:Nike:/job/Tokyo-Japan/---Nike-Harajuku_R-73640
Nike:/job/Tokyo-Japan/---Nike-Shibuya-Scramble-Square_R-73646-1,Nike,販売スタッフ(アルバイト) Nike Shibuya Scramble Square,"Tokyo, Japan",,https://nike.wd1.myworkdayjobs.com/en-US/nke/job/Tokyo-Japan/---Nike-Shibuya-Scramble-Square_R-73646-1,Posted 30+ Days Ago,2026-07-19,2026-08-18T12:10:51+00:00,2026-08-18 05:10 Tue,,false,,,,false,workday:Nike:/job/Tokyo-Japan/---Nike-Shibuya-Scramble-Square_R-73646-1
Nike:/job/Fukaya-Japan/---Nike-Unite-Fukaya_R-73668,Nike,販売スタッフ(アルバイト) Nike Unite Fukaya,"Fukaya, Japan",,https://nike.wd1.myworkdayjobs.com/en-US/nke/job/Fukaya-Japan/---Nike-Unite-Fukaya_R-73668,Posted 30+ Days Ago,2026-07-19,2026-08-18T12:10:51+00:00,2026-08-18 05:10 Tue,,false,,,,false,workday:Nike:/job/Fukaya-Japan/---Nike-Unite-Fukaya_R-73668
Nike:/job/Shizuoka-Japan/---Nike-Unite-Gotemba_R-73658,Nike,販売スタッフ(アルバイト) Nike Unite Gotemba,"Shizuoka, Japan",,https://nike.wd1.myworkdayjobs.com/en-US/nke/job/Shizuoka-Japan/---Nike-Unite-Gotemba_R-73658,Posted 30+ Days Ago,2026-07-19,2026-08-18T12:10:51+00:00,2026-08-18 05:10 Tue,,false,,,,false,workday:Nike:/job/Shizuoka-Japan/---Nike-Unite-Gotemba_R-73658
Nike:/job/Saitama-Japan/---Nike-Unite-Iruma_R-73673,Nike,販売スタッフ(アルバイト) Nike Unite Iruma,"Saitama, Japan",,https://nike.wd1.myworkdayjobs.com/en-US/nke/job/Saitama-Japan/---Nike-Unite-Iruma_R-73673,Posted 30+ Days Ago,2026-07-19,2026-08-18T12:10:51+00:00,2026-08-18 05:10 Tue,,false,,,,false,workday:Nike:/job/Saitama-Japan/---Nike-Unite-Iruma_R-73673
Nike:/job/Kadoma-shi-Japan/---Nike-Unite-Kadoma_R-73659,Nike,販売スタッフ(アルバイト) Nike Unite Kadoma,"Kadoma-shi, Japan",,https://nike.wd1.myworkdayjobs.com/en-US/nke/job/Kadoma-shi-Japan/---Nike-Unite-Kadoma_R-73659,Posted 30+ Days Ago,2026-07-19,2026-08-18T12:10:51+00:00,2026-08-18 05:10 Tue,,false,,,,false,workday:Nike:/job/Kadoma-shi-Japan/---Nike-Unite-Kadoma_R-73659
Nike:/job/Nagano-Japan/---Nike-Unite-Karuizawa_R-73674,Nike,販売スタッフ(アルバイト) Nike Unite Karuizawa,"Nagano, Japan",,https://nike.wd1.myworkdayjobs.com/en-US/nke/job/Nagano-Japan/---Nike-Unite-Karuizawa_R-73674,Posted 30+ Days Ago,2026-07-19,2026-08-18T12:10:51+00:00,2026-08-18 05:10 Tue,,false,,,,false,workday:Nike:/job/Nagano-Japan/---Nike-Unite-Karuizawa_R-73674
Nike:/job/Fukuoka-Japan/---Nike-Unite-Kitakyushu_R-73677,Nike,販売スタッフ(アルバイト) Nike Unite Kitakyushu,"Fukuoka, Japan",,https://nike.wd1.myworkdayjobs.com/en-US/nke/job/Fukuoka-Japan/---Nike-Unite-Kitakyushu_R-73677,Posted 30+ Days Ago,2026-07-19,2026-08-18T12:10:51+00:00,2026-08-18 05:10 Tue,,false,,,,false,workday:Nike:/job/Fukuoka-Japan/---Nike-Unite-Kitakyushu_R-73677
Nike:/job/Hyogo-Japan/---Nike-Unite-Kobe_R-73661,Nike,販売スタッフ(アルバイト) Nike Unite Kobe,"Hyogo, Japan",,https://nike.wd1.myworkdayjobs.com/en-US/nke/job/Hyogo-Japan/---Nike-Unite-Kobe_R-73661,Posted 30+ Days Ago,2026-07-19,2026-08-18T12:10:51+00:00,2026-08-18 05:10 Tue,,false,,,,false,workday:Nike:/job/Hyogo-Japan/---Nike-Unite-Kobe_R-73661
Nike:/job/Saitama-Japan/---Nike-Unite-Koshigaya_R-73666-1,Nike,販売スタッフ(アルバイト) Nike Unite Koshigaya,"Saitama, Japan",,https://nike.wd1.myworkdayjobs.com/en-US/nke/job/Saitama-Japan/---Nike-Unite-Koshigaya_R-73666-1,Posted 30+ Days Ago,2026-07-19,2026-08-18T12:10:51+00:00,2026-08-18 05:10 Tue,,false,,,,false,workday:Nike:/job/Saitama-Japan/---Nike-Unite-Koshigaya_R-73666-1
Nike:/job/Mie-Japan/---Nike-Unite-Nagashima_R-73642,Nike,販売スタッフ(アルバイト) Nike Unite Nagashima,"Mie, Japan",,https://nike.wd1.myworkdayjobs.com/en-US/nke/job/Mie-Japan/---Nike-Unite-Nagashima_R-73642,Posted 30+ Days Ago,2026-07-19,2026-08-18T12:10:51+00:00,2026-08-18 05:10 Tue,,false,,,,false,workday:Nike:/job/Mie-Japan/---Nike-Unite-Nagashima_R-73642
Nike:/job/Osaka-Japan/---Nike-Unite-Rinku_R-73653,Nike,販売スタッフ(アルバイト) Nike Unite Rinku,"Osaka, Japan",,https://nike.wd1.myworkdayjobs.com/en-US/nke/job/Osaka-Japan/---Nike-Unite-Rinku_R-73653,Posted 30+ Days Ago,2026-07-19,2026-08-18T12:10:51+00:00,2026-08-18 05:10 Tue,,false,,,,false,workday:Nike:/job/Osaka-Japan/---Nike-Unite-Rinku_R-73653
Nike:/job/Shiga-Japan/---Nike-Unite-Ryuo_R-73654,Nike,販売スタッフ(アルバイト) Nike Unite Ryuo,"Shiga, Japan",,https://nike.wd1.myworkdayjobs.com/en-US/nke/job/Shiga-Japan/---Nike-Unite-Ryuo_R-73654,Posted 30+ Days Ago,2026-07-19,2026-08-18T12:10:51+00:00,2026-08-18 05:10 Tue,,false,,,,false,workday:Nike:/job/Shiga-Japan/---Nike-Unite-Ryuo_R-73654
Nike:/job/Tochigi-Japan/---Nike-Unite-Sano_R-73675,Nike,販売スタッフ(アルバイト) Nike Unite Sano,"Tochigi, Japan",,https://nike.wd1.myworkdayjobs.com/en-US/nke/job/Tochigi-Japan/---Nike-Unite-Sano_R-73675,Posted 30+ Days Ago,2026-07-19,2026-08-18T12:10:51+00:00,2026-08-18 05:10 Tue,,false,,,,false,workday:Nike:/job/Tochigi-Japan/---Nike-Unite-Sano_R-73675
Nike:/job/Hiratsuka-shi-Japan/---Nike-Unite-Shonan-Hiratsuka_R-73647,Nike,販売スタッフ(アルバイト) Nike Unite Shonan Hiratsuka,"Hiratsuka-shi, Japan",,https://nike.wd1.myworkdayjobs.com/en-US/nke/job/Hiratsuka-shi-Japan/---Nike-Unite-Shonan-Hiratsuka_R-73647,Posted 30+ Days Ago,2026-07-19,2026-08-18T12:10:51+00:00,2026-08-18 05:10 Tue,,false,,,,false,workday:Nike:/job/Hiratsuka-shi-Japan/---Nike-Unite-Shonan-Hiratsuka_R-73647
Nike:/job/Toki-shi-Japan/---Nike-Unite-Toki_R-73645,Nike,販売スタッフ(アルバイト) Nike Unite Toki,"Toki-shi, Japan",,https://nike.wd1.myworkdayjobs.com/en-US/nke/job/Toki-shi-Japan/---Nike-Unite-Toki_R-73645,Posted 30+ Days Ago,2026-07-19,2026-08-18T12:10:51+00:00,2026-08-18 05:10 Tue,,false,,,,false,workday:Nike:/job/Toki-shi-Japan/---Nike-Unite-Toki_R-73645
Nike:/job/Kanagawa-Japan/---Nike-Unite-Yokohama_R-73649,Nike,販売スタッフ(アルバイト) Nike Unite Yokohama,"Kanagawa, Japan",,https://nike.wd1.myworkdayjobs.com/en-US/nke/job/Kanagawa-Japan/---Nike-Unite-Yokohama_R-73649,Posted 30+ Days Ago,2026-07-19,2026-08-18T12:10:51+00:00,2026-08-18 05:10 Tue,,false,,,,false,workday:Nike:/job/Kanagawa-Japan/---Nike-Unite-Yokohama_R-73649
Nike:/job/Tokyo-Japan/---World-of-Flight-Tokyo-Shibuya_R-73641,Nike,販売スタッフ(アルバイト) World of Flight Tokyo Shibuya,"Tokyo, Japan",,https://nike.wd1.myworkdayjobs.com/en-US/nke/job/Tokyo-Japan/---World-of-Flight-Tokyo-Shibuya_R-73641,Posted 30+ Days Ago,2026-07-19,2026-08-18T12:10:51+00:00,2026-08-18 05:10 Tue,,false,,,,false,workday:Nike:/job/Tokyo-Japan/---World-of-Flight-Tokyo-Shibuya_R-73641
