job_key,company,title,location,department,urls,date_posted,date_posted_iso,first_seen,first_seen_pt,track,scored,score_method,experience_score,reason,emailed,source_uids
Pinterest:7958225,Pinterest," Lead, Compensation - Engineering & Product","San Francisco, CA, US; Remote, US",Total Rewards,https://www.pinterestcareers.com/jobs/?gh_jid=7958225,2026-07-28T16:24:14-04:00,2026-07-28,2026-07-08T02:45:08+00:00,2026-07-07 19:45 Tue,,false,,,,false,greenhouse:Pinterest:7958225
Pinterest:8066850,Pinterest,Accountant I,"San Francisco, CA, US; Remote, US",Accounting,https://www.pinterestcareers.com/jobs/?gh_jid=8066850,2026-08-18T18:41:15-04:00,2026-08-18,2026-08-13T22:18:05+00:00,2026-08-13 15:18 Thu,,false,,,,false,greenhouse:Pinterest:8066850
Pinterest:8103612,Pinterest,"Administrative Business Partner I - Engineering, Product and Design","San Francisco, CA, US; Palo Alto, CA, US",Core Engineering,https://www.pinterestcareers.com/jobs/?gh_jid=8103612,2026-08-20T20:38:12-04:00,2026-08-20,2026-08-14T19:12:48+00:00,2026-08-14 12:12 Fri,,false,,,,false,greenhouse:Pinterest:8103612
Pinterest:7808602,Pinterest,Agency Lead,"Chicago, IL, US",Agency Sales,https://www.pinterestcareers.com/jobs/?gh_jid=7808602,2026-06-12T15:27:48-04:00,2026-06-12,2026-07-08T02:45:08+00:00,2026-07-07 19:45 Tue,,false,,,,false,greenhouse:Pinterest:7808602
Pinterest:7983420,Pinterest,Agency Lead,"New York, NY, US",Agency Sales,https://www.pinterestcareers.com/jobs/?gh_jid=7983420,2026-06-12T15:27:58-04:00,2026-06-12,2026-07-08T02:45:08+00:00,2026-07-07 19:45 Tue,,false,,,,false,greenhouse:Pinterest:7983420
Pinterest:7989130,Pinterest,Agency Lead,"Paris, FR",Agency Sales,https://www.pinterestcareers.com/jobs/?gh_jid=7989130,2026-07-28T16:24:14-04:00,2026-07-28,2026-07-08T02:45:08+00:00,2026-07-07 19:45 Tue,,false,,,,false,greenhouse:Pinterest:7989130
Pinterest:8010505,Pinterest,Agency Lead,"Tokyo, JP",Agency Sales,https://www.pinterestcareers.com/jobs/?gh_jid=8010505,2026-08-31T16:05:25-04:00,2026-08-31,2026-07-08T02:45:08+00:00,2026-07-07 19:45 Tue,,false,,,,false,greenhouse:Pinterest:8010505
Pinterest:8022863,Pinterest,Agency Lead,"New York, NY, US",Agency Sales,https://www.pinterestcareers.com/jobs/?gh_jid=8022863,2026-08-31T16:08:03-04:00,2026-08-31,2026-08-03T06:17:11+00:00,2026-08-02 23:17 Sun,,false,,,,false,greenhouse:Pinterest:8022863
Pinterest:8089344,Pinterest,"Agency Lead, Independents","Los Angeles, CA, US; Chicago, IL, US; New York, NY, US ",Agency Sales,https://www.pinterestcareers.com/jobs/?gh_jid=8089344,2026-08-20T20:37:56-04:00,2026-08-20,2026-08-14T17:41:35+00:00,2026-08-14 10:41 Fri,,false,,,,false,greenhouse:Pinterest:8089344
Pinterest:7714127,Pinterest,AI Solutions Engineer,"San Francisco, CA, US; Remote, US","Engineering, Product and Design (L2)",https://www.pinterestcareers.com/jobs/?gh_jid=7714127,2026-06-04T16:28:58-04:00,2026-06-04,2026-07-08T02:45:08+00:00,2026-07-07 19:45 Tue,,false,,,,false,greenhouse:Pinterest:7714127
Pinterest:8016473,Pinterest,Apprentice Product Designer,"San Francisco, CA, US; Remote, US",Apprentice,https://www.pinterestcareers.com/jobs/?gh_jid=8016473,2026-07-06T13:19:11-04:00,2026-07-06,2026-07-08T02:45:08+00:00,2026-07-07 19:45 Tue,,false,,,,false,greenhouse:Pinterest:8016473
Pinterest:8052638,Pinterest,"Chief of Staff, Marketing","Seattle, WA, US; Remote, US",Marketing,https://www.pinterestcareers.com/jobs/?gh_jid=8052638,2026-07-15T16:57:45-04:00,2026-07-15,2026-07-15T21:16:41+00:00,2026-07-15 14:16 Wed,,false,,,,false,greenhouse:Pinterest:8052638
Pinterest:8098385,Pinterest,Client Account Manager - 8 month Fixed Term Contract,"Dublin, IE",Europe Enterprise Sales,https://www.pinterestcareers.com/jobs/?gh_jid=8098385,2026-08-21T10:40:51-04:00,2026-08-21,2026-08-21T14:52:17+00:00,2026-08-21 07:52 Fri,,false,,,,false,greenhouse:Pinterest:8098385
Pinterest:8016650,Pinterest,Client Account Manager - Greater China Region,"Singapore, SG",APAC Enterprise Sales,https://www.pinterestcareers.com/jobs/?gh_jid=8016650,2026-07-28T16:24:14-04:00,2026-07-28,2026-07-14T06:16:57+00:00,2026-07-13 23:16 Mon,,false,,,,false,greenhouse:Pinterest:8016650
Pinterest:8089250,Pinterest,Client Account Manager I,"Buenos Aires, AR",LATAM Enterprise Sales,https://www.pinterestcareers.com/jobs/?gh_jid=8089250,2026-08-31T16:09:45-04:00,2026-08-31,2026-07-28T19:41:49+00:00,2026-07-28 12:41 Tue,,false,,,,false,greenhouse:Pinterest:8089250
Pinterest:7858267,Pinterest,"Client Account Manager I, Retail","Chicago, IL, US",North America Enterprise Sales,https://www.pinterestcareers.com/jobs/?gh_jid=7858267,2026-07-28T16:24:14-04:00,2026-07-28,2026-07-08T02:45:08+00:00,2026-07-07 19:45 Tue,,false,,,,false,greenhouse:Pinterest:7858267
Pinterest:8010812,Pinterest,Client Account Manager II,"Mexico City, MX",LATAM Enterprise Sales,https://www.pinterestcareers.com/jobs/?gh_jid=8010812,2026-07-01T11:50:42-04:00,2026-07-01,2026-07-08T02:45:08+00:00,2026-07-07 19:45 Tue,,false,,,,false,greenhouse:Pinterest:8010812
Pinterest:8081337,Pinterest,Client Account Manager II,"São Paulo, BR",LATAM Enterprise Sales,https://www.pinterestcareers.com/jobs/?gh_jid=8081337,2026-08-31T16:09:36-04:00,2026-08-31,2026-07-30T17:17:56+00:00,2026-07-30 10:17 Thu,,false,,,,false,greenhouse:Pinterest:8081337
Pinterest:8081335,Pinterest,Client Account Manager II,"São Paulo, BR",LATAM Enterprise Sales,https://www.pinterestcareers.com/jobs/?gh_jid=8081335,2026-08-03T14:47:39-04:00,2026-08-03,2026-08-03T18:59:30+00:00,2026-08-03 11:59 Mon,,false,,,,false,greenhouse:Pinterest:8081335
Pinterest:8102744,Pinterest,Client Account Manager II (12 Months Fixed Term),"Sydney, AU",APAC Enterprise Sales,https://www.pinterestcareers.com/jobs/?gh_jid=8102744,2026-08-20T20:38:22-04:00,2026-08-20,2026-08-04T01:41:13+00:00,2026-08-03 18:41 Mon,,false,,,,false,greenhouse:Pinterest:8102744
Pinterest:8026888,Pinterest,Client Account Manager II (tvScientific),"New York, NY, US; Remote, US",tvScientific,https://www.pinterestcareers.com/jobs/?gh_jid=8026888,2026-08-20T20:35:13-04:00,2026-08-20,2026-07-28T18:17:27+00:00,2026-07-28 11:17 Tue,,false,,,,false,greenhouse:Pinterest:8026888
Pinterest:8114760,Pinterest,"Client Account Manager II, CPG (Food)","Chicago, IL, US",North America Enterprise Sales,https://www.pinterestcareers.com/jobs/?gh_jid=8114760,2026-09-01T13:23:48-04:00,2026-09-01,2026-09-01T17:32:05+00:00,2026-09-01 10:32 Tue,,false,,,,false,greenhouse:Pinterest:8114760
Pinterest:8085092,Pinterest,"Client Account Manager II, CPG (Nestle)","New York, NY, US",North America Enterprise Sales,https://www.pinterestcareers.com/jobs/?gh_jid=8085092,2026-08-20T20:37:29-04:00,2026-08-20,2026-07-30T18:59:37+00:00,2026-07-30 11:59 Thu,,false,,,,false,greenhouse:Pinterest:8085092
Pinterest:7832719,Pinterest,"Client Account Manager II, CPG Food","Chicago, IL, US",North America Enterprise Sales,https://www.pinterestcareers.com/jobs/?gh_jid=7832719,2026-07-28T16:24:14-04:00,2026-07-28,2026-07-08T02:45:08+00:00,2026-07-07 19:45 Tue,,false,,,,false,greenhouse:Pinterest:7832719
Pinterest:8016745,Pinterest,"Client Account Manager II, DACH Enterprise Sales","Dublin, IE",Europe Enterprise Sales,https://www.pinterestcareers.com/jobs/?gh_jid=8016745,2026-07-07T12:39:57-04:00,2026-07-07,2026-07-08T02:45:08+00:00,2026-07-07 19:45 Tue,,false,,,,false,greenhouse:Pinterest:8016745
Pinterest:7954726,Pinterest,"Client Account Manager II, E-Commerce","New York, NY, US",North America Enterprise Sales,https://www.pinterestcareers.com/jobs/?gh_jid=7954726,2026-08-20T20:29:40-04:00,2026-08-20,2026-07-08T02:45:08+00:00,2026-07-07 19:45 Tue,,false,,,,false,greenhouse:Pinterest:7954726
Pinterest:8083603,Pinterest,"Client Account Manager II, Entertainment & Gaming","Los Angeles, CA, US",North America Enterprise Sales,https://www.pinterestcareers.com/jobs/?gh_jid=8083603,2026-08-20T20:37:25-04:00,2026-08-20,2026-08-03T20:52:11+00:00,2026-08-03 13:52 Mon,,false,,,,false,greenhouse:Pinterest:8083603
Pinterest:8055301,Pinterest,"Client Account Manager II, Fashion & Apparel","New York, NY, US",North America Enterprise Sales,https://www.pinterestcareers.com/jobs/?gh_jid=8055301,2026-08-24T17:04:22-04:00,2026-08-24,2026-07-15T20:59:15+00:00,2026-07-15 13:59 Wed,,false,,,,false,greenhouse:Pinterest:8055301
Pinterest:7952157,Pinterest,"Client Account Manager II, Food & Beverage CPG","New York, NY, US",North America Enterprise Sales,https://www.pinterestcareers.com/jobs/?gh_jid=7952157,2026-06-04T15:57:22-04:00,2026-06-04,2026-07-08T02:45:08+00:00,2026-07-07 19:45 Tue,,false,,,,false,greenhouse:Pinterest:7952157
Pinterest:8129644,Pinterest,"Client Account Manager II, UK/I","London, UK",Europe Enterprise Sales,https://www.pinterestcareers.com/jobs/?gh_jid=8129644,2026-08-21T08:29:59-04:00,2026-08-21,2026-08-21T12:41:51+00:00,2026-08-21 05:41 Fri,,false,,,,false,greenhouse:Pinterest:8129644
Pinterest:8037865,Pinterest,"Client Account Manager, CPG Enterprise (French Market)","Dublin, IE",Europe Enterprise Sales,https://www.pinterestcareers.com/jobs/?gh_jid=8037865,2026-07-30T07:46:53-04:00,2026-07-30,2026-07-12T11:04:10+00:00,2026-07-12 04:04 Sun,,false,,,,false,greenhouse:Pinterest:8037865
Pinterest:7952061,Pinterest,"Client Account Manager, eCommerce","Toronto, ON, CA",North America Enterprise Sales,https://www.pinterestcareers.com/jobs/?gh_jid=7952061,2026-06-04T15:57:22-04:00,2026-06-04,2026-07-08T02:45:08+00:00,2026-07-07 19:45 Tue,,false,,,,false,greenhouse:Pinterest:7952061
Pinterest:8075678,Pinterest,"Client Account Manager, Enterprise Nordics (English Speaking)","Dublin, IE",Europe Enterprise Sales,https://www.pinterestcareers.com/jobs/?gh_jid=8075678,2026-07-28T16:24:14-04:00,2026-07-28,2026-07-23T13:59:35+00:00,2026-07-23 06:59 Thu,,false,,,,false,greenhouse:Pinterest:8075678
Pinterest:8016712,Pinterest,"Client Account Manager, Enterprise Sales (International Retail)","Dublin, IE",Europe Enterprise Sales,https://www.pinterestcareers.com/jobs/?gh_jid=8016712,2026-08-20T20:34:09-04:00,2026-08-20,2026-07-13T08:40:46+00:00,2026-07-13 01:40 Mon,,false,,,,false,greenhouse:Pinterest:8016712
Pinterest:8135500,Pinterest,"Client Account Manager, Enterprise Sales - Italian Market","Milan, ITA",Europe Enterprise Sales,https://www.pinterestcareers.com/jobs/?gh_jid=8135500,2026-08-23T04:46:43-04:00,2026-08-23,2026-08-19T13:18:27+00:00,2026-08-19 06:18 Wed,,false,,,,false,greenhouse:Pinterest:8135500
Pinterest:8016982,Pinterest,"Client Account Manager, Retail Enterprise Sales (Dutch Speaking)","Dublin, IE",Europe Enterprise Sales,https://www.pinterestcareers.com/jobs/?gh_jid=8016982,2026-07-28T16:24:14-04:00,2026-07-28,2026-07-08T02:45:08+00:00,2026-07-07 19:45 Tue,,false,,,,false,greenhouse:Pinterest:8016982
Pinterest:7904011,Pinterest,"Client Partner II, Mid-Market","Chicago, IL, US",SMB Sales,https://www.pinterestcareers.com/jobs/?gh_jid=7904011,2026-08-20T20:29:20-04:00,2026-08-20,2026-07-08T02:45:08+00:00,2026-07-07 19:45 Tue,,false,,,,false,greenhouse:Pinterest:7904011
Pinterest:7903959,Pinterest,"Client Partner, Mid-Market UK/I","Dublin, IE",SMB Sales,https://www.pinterestcareers.com/jobs/?gh_jid=7903959,2026-07-28T16:24:14-04:00,2026-07-28,2026-07-08T02:45:08+00:00,2026-07-07 19:45 Tue,,false,,,,false,greenhouse:Pinterest:7903959
Pinterest:8097936,Pinterest,"Communications Lead, UK & Europe - Corporate & Policy","London, UK",Communications,https://www.pinterestcareers.com/jobs/?gh_jid=8097936,2026-08-31T16:09:57-04:00,2026-08-31,2026-08-06T09:41:27+00:00,2026-08-06 02:41 Thu,,false,,,,false,greenhouse:Pinterest:8097936
Pinterest:7908767,Pinterest,"Content Designer II, Personalization","San Francisco, CA, US; Remote, US",Design,https://www.pinterestcareers.com/jobs/?gh_jid=7908767,2026-08-31T16:04:21-04:00,2026-08-31,2026-08-26T15:59:48+00:00,2026-08-26 08:59 Wed,,false,,,,false,greenhouse:Pinterest:7908767
Pinterest:8122109,Pinterest,Content Enablement Lead,"London, UK",Global Content Organization,https://www.pinterestcareers.com/jobs/?gh_jid=8122109,2026-08-31T06:42:00-04:00,2026-08-31,2026-08-31T10:59:58+00:00,2026-08-31 03:59 Mon,,false,,,,false,greenhouse:Pinterest:8122109
Pinterest:7957887,Pinterest,"Content Growth Specialist, LATAM","São Paulo, BR",Global Content Organization,https://www.pinterestcareers.com/jobs/?gh_jid=7957887,2026-08-20T20:29:47-04:00,2026-08-20,2026-07-08T02:45:08+00:00,2026-07-07 19:45 Tue,,false,,,,false,greenhouse:Pinterest:7957887
Pinterest:8029917,Pinterest,"Creative Director, Brand Narratives","San Francisco, CA, US; Remote, US",Marketing,https://www.pinterestcareers.com/jobs/?gh_jid=8029917,2026-07-13T18:41:11-04:00,2026-07-13,2026-07-13T22:59:02+00:00,2026-07-13 15:59 Mon,,false,,,,false,greenhouse:Pinterest:8029917
Pinterest:8052603,Pinterest,Credit & Risk Specialist - Revenue Ops ,"San Francisco, CA, US; Remote, US",Accounting,https://www.pinterestcareers.com/jobs/?gh_jid=8052603,2026-07-22T19:42:12-04:00,2026-07-22,2026-07-22T23:59:26+00:00,2026-07-22 16:59 Wed,,false,,,,false,greenhouse:Pinterest:8052603
Pinterest:4912949,Pinterest,Data Scientist,"San Francisco, CA, US; Remote, CA, US","Engineering, Product and Design (L2)",https://www.pinterestcareers.com/jobs/?gh_jid=4912949,2026-07-28T16:24:14-04:00,2026-07-28,2026-07-08T02:45:08+00:00,2026-07-07 19:45 Tue,,false,,,,false,greenhouse:Pinterest:4912949
Pinterest:7896291,Pinterest,"Data Scientist II, Experimentation","San Francisco, CA, US; Remote, US",Data Engineering,https://www.pinterestcareers.com/jobs/?gh_jid=7896291,2026-06-04T16:28:58-04:00,2026-06-04,2026-07-08T02:45:08+00:00,2026-07-07 19:45 Tue,,false,,,,false,greenhouse:Pinterest:7896291
Pinterest:7816424,Pinterest,"Data Scientist II, Infrastructure","San Francisco, CA, US; Remote, US",Data Engineering,https://www.pinterestcareers.com/jobs/?gh_jid=7816424,2026-08-31T16:03:59-04:00,2026-08-31,2026-07-08T02:45:08+00:00,2026-07-07 19:45 Tue,,false,,,,false,greenhouse:Pinterest:7816424
Pinterest:8071670,Pinterest,"Data Scientist II, ML Infrastructure","Palo Alto, CA, US; Remote, US",Data Engineering,https://www.pinterestcareers.com/jobs/?gh_jid=8071670,2026-08-20T20:36:47-04:00,2026-08-20,2026-07-23T17:59:20+00:00,2026-07-23 10:59 Thu,AI / ML,true,Keyword,55,keyword-only heuristic,true,greenhouse:Pinterest:8071670
Pinterest:8035163,Pinterest,"Director of Engineering, Core & Ads Serving Platform","San Francisco, CA, US; Palo Alto, CA, US",Data Engineering,https://www.pinterestcareers.com/jobs/?gh_jid=8035163,2026-08-20T20:35:19-04:00,2026-08-20,2026-07-31T19:59:21+00:00,2026-07-31 12:59 Fri,,false,,,,false,greenhouse:Pinterest:8035163
Pinterest:8119900,Pinterest,"Director, Accounting - Revenue Recognition","San Francisco, CA, US",Accounting,https://www.pinterestcareers.com/jobs/?gh_jid=8119900,2026-08-21T16:34:10-04:00,2026-08-21,2026-08-21T20:40:40+00:00,2026-08-21 13:40 Fri,,false,,,,false,greenhouse:Pinterest:8119900
Pinterest:7953645,Pinterest,"Director, CPG Sales (DACH)","Berlin, DE",Europe Enterprise Sales,https://www.pinterestcareers.com/jobs/?gh_jid=7953645,2026-08-20T20:29:39-04:00,2026-08-20,2026-07-08T02:45:08+00:00,2026-07-07 19:45 Tue,,false,,,,false,greenhouse:Pinterest:7953645
Pinterest:7908554,Pinterest,"Director, Engineering - Online Systems","San Francisco, CA, US; Palo Alto, CA, US",Data Engineering,https://www.pinterestcareers.com/jobs/?gh_jid=7908554,2026-07-01T16:31:21-04:00,2026-07-01,2026-07-08T02:45:08+00:00,2026-07-07 19:45 Tue,,false,,,,false,greenhouse:Pinterest:7908554
Pinterest:8022402,Pinterest,"Director, Integrated Marketing- Mid Market","San Francisco, CA, US; Remote, US",Marketing,https://www.pinterestcareers.com/jobs/?gh_jid=8022402,2026-08-20T20:34:46-04:00,2026-08-20,2026-07-08T02:45:08+00:00,2026-07-07 19:45 Tue,,false,,,,false,greenhouse:Pinterest:8022402
Pinterest:7908460,Pinterest,"Director, Machine Learning Engineering – Content & User Understanding","San Francisco, CA, US; Remote, US",Core Engineering,https://www.pinterestcareers.com/jobs/?gh_jid=7908460,2026-06-11T12:42:15-04:00,2026-06-11,2026-07-08T02:45:08+00:00,2026-07-07 19:45 Tue,,false,,,,false,greenhouse:Pinterest:7908460
Pinterest:7648633,Pinterest,"Director, Marketing Project & Program Management","San Francisco, CA, US; Remote, US",Marketing,https://www.pinterestcareers.com/jobs/?gh_jid=7648633,2026-07-29T14:34:29-04:00,2026-07-29,2026-07-29T18:41:53+00:00,2026-07-29 11:41 Wed,,false,,,,false,greenhouse:Pinterest:7648633
Pinterest:7648650,Pinterest,"Director, Marketing Technology & Innovation","San Francisco, CA, US; Remote, US",Marketing,https://www.pinterestcareers.com/jobs/?gh_jid=7648650,2026-08-31T15:58:40-04:00,2026-08-31,2026-08-12T18:36:04+00:00,2026-08-12 11:36 Wed,,false,,,,false,greenhouse:Pinterest:7648650
Pinterest:8016126,Pinterest,"Director, Measurement","Dublin, IE",Ads Product & Innovation,https://www.pinterestcareers.com/jobs/?gh_jid=8016126,2026-08-20T20:30:45-04:00,2026-08-20,2026-07-08T02:45:08+00:00,2026-07-07 19:45 Tue,,false,,,,false,greenhouse:Pinterest:8016126
Pinterest:7903961,Pinterest,"Director, Mid-Market Sales","Chicago, IL, US",SMB Sales,https://www.pinterestcareers.com/jobs/?gh_jid=7903961,2026-07-07T14:38:02-04:00,2026-07-07,2026-07-08T02:45:08+00:00,2026-07-07 19:45 Tue,,false,,,,false,greenhouse:Pinterest:7903961
Pinterest:7648625,Pinterest,"Director, Partner Marketing","San Francisco, CA, US; Remote, US",Marketing,https://www.pinterestcareers.com/jobs/?gh_jid=7648625,2026-08-20T20:25:06-04:00,2026-08-20,2026-07-08T02:45:08+00:00,2026-07-07 19:45 Tue,,false,,,,false,greenhouse:Pinterest:7648625
Pinterest:8030911,Pinterest,"Director, Regulatory Compliance ","San Francisco, CA, US; Remote, US",Legal,https://www.pinterestcareers.com/jobs/?gh_jid=8030911,2026-07-13T20:49:40-04:00,2026-07-13,2026-07-14T00:59:02+00:00,2026-07-13 17:59 Mon,,false,,,,false,greenhouse:Pinterest:8030911
Pinterest:8131383,Pinterest,"Director, Retail Transformation","San Francisco, CA, US; Remote, US",North America Enterprise Sales,https://www.pinterestcareers.com/jobs/?gh_jid=8131383,2026-08-20T17:20:47-04:00,2026-08-20,2026-08-20T21:42:14+00:00,2026-08-20 14:42 Thu,,false,,,,false,greenhouse:Pinterest:8131383
Pinterest:8016669,Pinterest,"Director, Sales Partners & Agency - Greater China Region","Singapore, SG",APAC Enterprise Sales,https://www.pinterestcareers.com/jobs/?gh_jid=8016669,2026-08-28T21:50:22-04:00,2026-08-28,2026-08-29T01:59:32+00:00,2026-08-28 18:59 Fri,,false,,,,false,greenhouse:Pinterest:8016669
Pinterest:7838848,Pinterest,"Director, Technical Program Management-Monetization","San Francisco, CA, US; Remote, US",Oversight Engineering,https://www.pinterestcareers.com/jobs/?gh_jid=7838848,2026-08-20T20:28:53-04:00,2026-08-20,2026-07-08T02:45:08+00:00,2026-07-07 19:45 Tue,,false,,,,false,greenhouse:Pinterest:7838848
Pinterest:8094012,Pinterest,"Director, UK Enterprise Sales (Multi-Vertical)","London, UK",Europe Enterprise Sales,https://www.pinterestcareers.com/jobs/?gh_jid=8094012,2026-08-27T11:31:31-04:00,2026-08-27,2026-08-12T19:17:38+00:00,2026-08-12 12:17 Wed,,false,,,,false,greenhouse:Pinterest:8094012
Pinterest:7479359,Pinterest,"Director, UK Enterprise Sales (Retail)","London, UK",Europe Enterprise Sales,https://www.pinterestcareers.com/jobs/?gh_jid=7479359,2026-08-27T11:31:29-04:00,2026-08-27,2026-08-14T17:41:35+00:00,2026-08-14 10:41 Fri,,false,,,,false,greenhouse:Pinterest:7479359
Pinterest:7940044,Pinterest,Distinguished Engineer,"Seattle, WA, US; Palo Alto, CA, US; Remote, US",Core Engineering,https://www.pinterestcareers.com/jobs/?gh_jid=7940044,2026-07-28T16:24:14-04:00,2026-07-28,2026-07-08T02:45:08+00:00,2026-07-07 19:45 Tue,,false,,,,false,greenhouse:Pinterest:7940044
Pinterest:8077735,Pinterest,Email & Lifecycle Marketing Specialist,"San Francisco, CA, US; Remote, US",Marketing,https://www.pinterestcareers.com/jobs/?gh_jid=8077735,2026-08-20T20:37:17-04:00,2026-08-20,2026-08-04T22:41:12+00:00,2026-08-04 15:41 Tue,,false,,,,false,greenhouse:Pinterest:8077735
Pinterest:7684573,Pinterest,"Engineering Manager I, Innovative Ad Formats","San Francisco, CA, US; Palo Alto, CA, US",Monetization,https://www.pinterestcareers.com/jobs/?gh_jid=7684573,2026-08-31T15:59:24-04:00,2026-08-31,2026-07-08T02:45:08+00:00,2026-07-07 19:45 Tue,,false,,,,false,greenhouse:Pinterest:7684573
Pinterest:8051472,Pinterest,"Engineering Manager II, Media Rendering","San Francisco, CA, US; Remote, US",Data Engineering,https://www.pinterestcareers.com/jobs/?gh_jid=8051472,2026-08-20T20:36:19-04:00,2026-08-20,2026-08-03T17:17:50+00:00,2026-08-03 10:17 Mon,Computer Vision,true,Keyword,46,keyword-only heuristic,false,greenhouse:Pinterest:8051472
Pinterest:7494628,Pinterest,"Engineering Manager, Developer Agents","San Francisco, CA, US; Remote, US",Data Engineering,https://www.pinterestcareers.com/jobs/?gh_jid=7494628,2026-06-04T16:28:57-04:00,2026-06-04,2026-07-08T02:45:08+00:00,2026-07-07 19:45 Tue,,false,,,,false,greenhouse:Pinterest:7494628
Pinterest:7929862,Pinterest,Experiential Producer,"New York, NY, US",Marketing,https://www.pinterestcareers.com/jobs/?gh_jid=7929862,2026-07-28T16:24:14-04:00,2026-07-28,2026-07-08T02:45:08+00:00,2026-07-07 19:45 Tue,,false,,,,false,greenhouse:Pinterest:7929862
Pinterest:7685103,Pinterest,"Finance Manager I, Technology Infrastructure","San Francisco, CA, US; Remote, US",Finance,https://www.pinterestcareers.com/jobs/?gh_jid=7685103,2026-08-20T20:27:48-04:00,2026-08-20,2026-08-19T18:42:08+00:00,2026-08-19 11:42 Wed,,false,,,,false,greenhouse:Pinterest:7685103
Pinterest:8046824,Pinterest,Financial Analyst II - Sales,"New York, NY, US",Finance,https://www.pinterestcareers.com/jobs/?gh_jid=8046824,2026-07-28T16:24:14-04:00,2026-07-28,2026-07-22T18:51:43+00:00,2026-07-22 11:51 Wed,,false,,,,false,greenhouse:Pinterest:8046824
Pinterest:7890195,Pinterest,"Group Product Manager II, Creative Tech - tvScientific","San Francisco, CA, US; Remote, US",tvScientific,https://www.pinterestcareers.com/jobs/?gh_jid=7890195,2026-07-28T16:24:14-04:00,2026-07-28,2026-07-08T02:45:08+00:00,2026-07-07 19:45 Tue,,false,,,,false,greenhouse:Pinterest:7890195
Pinterest:8154435,Pinterest,"Head of Business Marketing, Australia","Sydney, AU",Marketing,https://www.pinterestcareers.com/jobs/?gh_jid=8154435,2026-08-31T05:50:43-04:00,2026-08-31,2026-08-31T09:59:27+00:00,2026-08-31 02:59 Mon,,false,,,,false,greenhouse:Pinterest:8154435
Pinterest:8029922,Pinterest,"Industry Manager II, Beauty & Luxury","Toronto, ON, CA",North America Enterprise Sales,https://www.pinterestcareers.com/jobs/?gh_jid=8029922,2026-08-20T20:35:00-04:00,2026-08-20,2026-07-31T17:41:24+00:00,2026-07-31 10:41 Fri,,false,,,,false,greenhouse:Pinterest:8029922
Pinterest:7903926,Pinterest,"Industry Manager II, Mid-Market","Chicago, IL, US",SMB Sales,https://www.pinterestcareers.com/jobs/?gh_jid=7903926,2026-07-07T17:25:54-04:00,2026-07-07,2026-07-08T02:45:08+00:00,2026-07-07 19:45 Tue,,false,,,,false,greenhouse:Pinterest:7903926
Pinterest:8078223,Pinterest,"Industry Manager II, Mid-Market","Chicago, IL, US",SMB Sales,https://www.pinterestcareers.com/jobs/?gh_jid=8078223,2026-08-20T20:29:15-04:00,2026-08-20,2026-07-21T23:17:10+00:00,2026-07-21 16:17 Tue,,false,,,,false,greenhouse:Pinterest:8078223
Pinterest:7678372,Pinterest,Insights Solutions Partner II,"Mexico City, MX",Ads Product & Innovation,https://www.pinterestcareers.com/jobs/?gh_jid=7678372,2026-08-31T15:58:47-04:00,2026-08-31,2026-08-07T20:15:53+00:00,2026-08-07 13:15 Fri,,false,,,,false,greenhouse:Pinterest:7678372
Pinterest:7194568,Pinterest,"Integrated Marketing Specialist, Industry Associations & Speakerships","San Francisco, CA, US; Remote, US",Marketing,https://www.pinterestcareers.com/jobs/?gh_jid=7194568,2026-08-20T20:20:31-04:00,2026-08-20,2026-08-15T00:17:28+00:00,2026-08-14 17:17 Fri,,false,,,,false,greenhouse:Pinterest:7194568
Pinterest:8027260,Pinterest,Lead Ads Product Marketing Manager,"San Francisco, CA, US; Remote, US",Product Marketing,https://www.pinterestcareers.com/jobs/?gh_jid=8027260,2026-08-20T20:34:40-04:00,2026-08-20,2026-07-09T19:36:14+00:00,2026-07-09 12:36 Thu,,false,,,,false,greenhouse:Pinterest:8027260
Pinterest:8016717,Pinterest,Lead Client Account Manager  (eCommerce) - Greater China Region,"Singapore, SG",APAC Enterprise Sales,https://www.pinterestcareers.com/jobs/?gh_jid=8016717,2026-08-31T16:07:45-04:00,2026-08-31,2026-07-08T02:45:08+00:00,2026-07-07 19:45 Tue,,false,,,,false,greenhouse:Pinterest:8016717
Pinterest:8026872,Pinterest,Lead Client Account Manager (tvScientific),"New York, NY, US",tvScientific,https://www.pinterestcareers.com/jobs/?gh_jid=8026872,2026-07-23T15:14:31-04:00,2026-07-23,2026-07-23T19:41:52+00:00,2026-07-23 12:41 Thu,,false,,,,false,greenhouse:Pinterest:8026872
Pinterest:8023412,Pinterest,"Lead Client Account Manager, Financial Services","New York, New York, US",North America Enterprise Sales,https://www.pinterestcareers.com/jobs/?gh_jid=8023412,2026-08-31T16:07:55-04:00,2026-08-31,2026-07-08T02:45:08+00:00,2026-07-07 19:45 Tue,,false,,,,false,greenhouse:Pinterest:8023412
Pinterest:7903948,Pinterest,"Lead Client Account Manager, Mid-Market","Chicago, IL, US",SMB Sales,https://www.pinterestcareers.com/jobs/?gh_jid=7903948,2026-07-28T16:24:14-04:00,2026-07-28,2026-07-08T02:45:08+00:00,2026-07-07 19:45 Tue,,false,,,,false,greenhouse:Pinterest:7903948
Pinterest:8016658,Pinterest,Lead Client Partner (eCommerce) - Greater China Region,"Singapore, SG",APAC Enterprise Sales,https://www.pinterestcareers.com/jobs/?gh_jid=8016658,2026-08-20T20:33:44-04:00,2026-08-20,2026-07-09T00:54:28+00:00,2026-07-08 17:54 Wed,,false,,,,false,greenhouse:Pinterest:8016658
Pinterest:8094208,Pinterest,Lead Client Partner (Gaming & Apps) - Greater China Region,"Singapore, SG",APAC Enterprise Sales,https://www.pinterestcareers.com/jobs/?gh_jid=8094208,2026-08-20T20:34:13-04:00,2026-08-20,2026-07-29T14:41:46+00:00,2026-07-29 07:41 Wed,,false,,,,false,greenhouse:Pinterest:8094208
Pinterest:8026880,Pinterest,Lead Client Partner (tvScientific) ,"New York, NY, US",tvScientific,https://www.pinterestcareers.com/jobs/?gh_jid=8026880,2026-07-06T14:33:18-04:00,2026-07-06,2026-07-08T02:45:08+00:00,2026-07-07 19:45 Tue,,false,,,,false,greenhouse:Pinterest:8026880
Pinterest:7983951,Pinterest,Lead Client Partner - Retail,"Sydney, AU",APAC Enterprise Sales,https://www.pinterestcareers.com/jobs/?gh_jid=7983951,2026-07-01T12:10:42-04:00,2026-07-01,2026-07-08T02:45:08+00:00,2026-07-07 19:45 Tue,,false,,,,false,greenhouse:Pinterest:7983951
Pinterest:8016726,Pinterest,Lead Client Partner - SEA,"Singapore, SG",APAC Enterprise Sales,https://www.pinterestcareers.com/jobs/?gh_jid=8016726,2026-09-01T14:32:38-04:00,2026-09-01,2026-07-25T02:41:20+00:00,2026-07-24 19:41 Fri,,false,,,,false,greenhouse:Pinterest:8016726
Pinterest:8074878,Pinterest,Lead Client Partner [12-Month Fixed Term] Food and Beverage,"Berlin, DE",Europe Enterprise Sales,https://www.pinterestcareers.com/jobs/?gh_jid=8074878,2026-08-20T20:37:04-04:00,2026-08-20,2026-07-22T06:59:18+00:00,2026-07-21 23:59 Tue,,false,,,,false,greenhouse:Pinterest:8074878
Pinterest:8026862,Pinterest,"Lead Client Partner, Brand Sales (tvScientific) ","New York, NY, US",tvScientific,https://www.pinterestcareers.com/jobs/?gh_jid=8026862,2026-08-20T20:35:05-04:00,2026-08-20,2026-08-06T20:59:30+00:00,2026-08-06 13:59 Thu,,false,,,,false,greenhouse:Pinterest:8026862
Pinterest:8026869,Pinterest,"Lead Client Partner, Consumer Apps (tvScientific)","San Francisco, CA, US",tvScientific,https://www.pinterestcareers.com/jobs/?gh_jid=8026869,2026-08-20T20:35:07-04:00,2026-08-20,2026-08-05T18:59:20+00:00,2026-08-05 11:59 Wed,,false,,,,false,greenhouse:Pinterest:8026869
Pinterest:8030915,Pinterest,"Lead Client Partner, CPG Food","Chicago, IL, US",North America Enterprise Sales,https://www.pinterestcareers.com/jobs/?gh_jid=8030915,2026-08-20T20:35:16-04:00,2026-08-20,2026-07-20T18:59:37+00:00,2026-07-20 11:59 Mon,,false,,,,false,greenhouse:Pinterest:8030915
Pinterest:8023410,Pinterest,"Lead Client Partner, Financial Services","New York, NY, US",North America Enterprise Sales,https://www.pinterestcareers.com/jobs/?gh_jid=8023410,2026-08-20T20:34:32-04:00,2026-08-20,2026-07-08T02:45:08+00:00,2026-07-07 19:45 Tue,,false,,,,false,greenhouse:Pinterest:8023410
Pinterest:7494991,Pinterest,"Lead Client Partner, FinServ","San Francisco, CA, US; Los Angeles, CA, US",North America Enterprise Sales,https://www.pinterestcareers.com/jobs/?gh_jid=7494991,2026-08-20T20:24:12-04:00,2026-08-20,2026-07-14T16:42:13+00:00,2026-07-14 09:42 Tue,,false,,,,false,greenhouse:Pinterest:7494991
Pinterest:7857646,Pinterest,"Lead Client Partner, Global CPG ","London, UK",Agency Sales,https://www.pinterestcareers.com/jobs/?gh_jid=7857646,2026-07-28T16:24:14-04:00,2026-07-28,2026-07-08T13:36:18+00:00,2026-07-08 06:36 Wed,,false,,,,false,greenhouse:Pinterest:7857646
Pinterest:8074953,Pinterest,"Lead Client Partner, Household & Beverage (12-Month Fixed Term)","Toronto, ON, CA",North America Enterprise Sales,https://www.pinterestcareers.com/jobs/?gh_jid=8074953,2026-08-20T20:37:05-04:00,2026-08-20,2026-07-31T17:41:24+00:00,2026-07-31 10:41 Fri,,false,,,,false,greenhouse:Pinterest:8074953
Pinterest:8046836,Pinterest,"Lead Client Partner, Leave Coverage Program","New York, NY, US; Remote, US",North America Enterprise Sales,https://www.pinterestcareers.com/jobs/?gh_jid=8046836,2026-07-09T14:41:26-04:00,2026-07-09,2026-07-09T18:54:14+00:00,2026-07-09 11:54 Thu,,false,,,,false,greenhouse:Pinterest:8046836
Pinterest:7903981,Pinterest,"Lead Client Partner, Mid-Market","Chicago, IL, US",SMB Sales,https://www.pinterestcareers.com/jobs/?gh_jid=7903981,2026-07-07T14:38:15-04:00,2026-07-07,2026-07-08T02:45:08+00:00,2026-07-07 19:45 Tue,,false,,,,false,greenhouse:Pinterest:7903981
Pinterest:8035781,Pinterest,"Lead Client Partner, Pharma","New York, NY, US",North America Enterprise Sales,https://www.pinterestcareers.com/jobs/?gh_jid=8035781,2026-07-28T16:24:14-04:00,2026-07-28,2026-07-09T13:13:43+00:00,2026-07-09 06:13 Thu,,false,,,,false,greenhouse:Pinterest:8035781
Pinterest:8144918,Pinterest,"Lead Client Partner, Retail","Atlanta, GA",North America Enterprise Sales,https://www.pinterestcareers.com/jobs/?gh_jid=8144918,2026-08-24T16:46:49-04:00,2026-08-24,2026-08-20T18:59:32+00:00,2026-08-20 11:59 Thu,,false,,,,false,greenhouse:Pinterest:8144918
Pinterest:7671749,Pinterest,"Lead Client Partner, Retail Home ","Los Angeles, CA, US; San Francisco, CA, US",North America Enterprise Sales,https://www.pinterestcareers.com/jobs/?gh_jid=7671749,2026-06-10T20:35:36-04:00,2026-06-10,2026-07-08T02:45:08+00:00,2026-07-07 19:45 Tue,,false,,,,false,greenhouse:Pinterest:7671749
Pinterest:8147108,Pinterest,"Lead Client Partner, Tech","San Francisco, CA,US; Los Angeles, CA, US",North America Enterprise Sales,https://www.pinterestcareers.com/jobs/?gh_jid=8147108,2026-08-25T10:26:20-04:00,2026-08-25,2026-08-21T13:59:59+00:00,2026-08-21 06:59 Fri,,false,,,,false,greenhouse:Pinterest:8147108
Pinterest:7866306,Pinterest,"Lead Client Partner, Travel ","New York, NY, US",North America Enterprise Sales,https://www.pinterestcareers.com/jobs/?gh_jid=7866306,2026-07-01T12:09:30-04:00,2026-07-01,2026-07-08T02:45:08+00:00,2026-07-07 19:45 Tue,,false,,,,false,greenhouse:Pinterest:7866306
Pinterest:8128230,Pinterest,"Lead Client Partner, UK Enterprise Sales - Financial Services ","London, UK",Europe Enterprise Sales,https://www.pinterestcareers.com/jobs/?gh_jid=8128230,2026-08-20T05:07:49-04:00,2026-08-20,2026-08-20T09:17:39+00:00,2026-08-20 02:17 Thu,,false,,,,false,greenhouse:Pinterest:8128230
Pinterest:8016652,Pinterest,Lead Industry Manager (Scaled) - Greater China Region,"Singapore, SG",APAC Enterprise Sales,https://www.pinterestcareers.com/jobs/?gh_jid=8016652,2026-08-20T20:33:40-04:00,2026-08-20,2026-07-23T01:41:31+00:00,2026-07-22 18:41 Wed,,false,,,,false,greenhouse:Pinterest:8016652
Pinterest:8055344,Pinterest,Lead Industry Manager - SMB,"Sydney, AU",SMB Sales,https://www.pinterestcareers.com/jobs/?gh_jid=8055344,2026-08-20T20:36:11-04:00,2026-08-20,2026-07-24T01:41:37+00:00,2026-07-23 18:41 Thu,,false,,,,false,greenhouse:Pinterest:8055344
Pinterest:8125787,Pinterest,"Lead Industry Manager, SMB Sales -  Agency","Toronto, ON, CA",SMB Sales,https://www.pinterestcareers.com/jobs/?gh_jid=8125787,2026-08-24T11:52:48-04:00,2026-08-24,2026-08-24T16:05:16+00:00,2026-08-24 09:05 Mon,,false,,,,false,greenhouse:Pinterest:8125787
Pinterest:7890197,Pinterest,"Lead Product Analyst, Lifecycle Marketing","New York, NY, US; Remote, US",Marketing,https://www.pinterestcareers.com/jobs/?gh_jid=7890197,2026-08-20T20:29:07-04:00,2026-08-20,2026-07-08T02:45:08+00:00,2026-07-07 19:45 Tue,,false,,,,false,greenhouse:Pinterest:7890197
Pinterest:8109351,Pinterest,"Lead Program Manager, Global SMB Sales Enablement","Remote, US",SMB Sales,https://www.pinterestcareers.com/jobs/?gh_jid=8109351,2026-08-20T20:38:21-04:00,2026-08-20,2026-08-14T18:07:01+00:00,2026-08-14 11:07 Fri,,false,,,,false,greenhouse:Pinterest:8109351
Pinterest:8025136,Pinterest,"Lead, Executive Compensation","San Francisco, CA, US; Remote, US",Total Rewards,https://www.pinterestcareers.com/jobs/?gh_jid=8025136,2026-07-28T16:24:14-04:00,2026-07-28,2026-07-15T17:59:55+00:00,2026-07-15 10:59 Wed,,false,,,,false,greenhouse:Pinterest:8025136
Pinterest:7648648,Pinterest,"Lead, Strategy & Operations - Consumer Brand","San Francisco, CA, US; Remote, US",Marketing,https://www.pinterestcareers.com/jobs/?gh_jid=7648648,2026-07-29T18:51:55-04:00,2026-07-29,2026-07-29T22:59:52+00:00,2026-07-29 15:59 Wed,,false,,,,false,greenhouse:Pinterest:7648648
Pinterest:7473497,Pinterest,"Machine Learning Engineer II, Core Engineering ","Toronto, ON, CA",Core Engineering,https://www.pinterestcareers.com/jobs/?gh_jid=7473497,2026-07-28T16:47:12-04:00,2026-07-28,2026-07-08T02:45:08+00:00,2026-07-07 19:45 Tue,,false,,,,false,greenhouse:Pinterest:7473497
Pinterest:8162046,Pinterest,"Machine Learning Engineer II, Responsible AI","San Francisco, CA, US; Remote, US",ATG,https://www.pinterestcareers.com/jobs/?gh_jid=8162046,2026-08-27T12:29:11-04:00,2026-08-27,2026-08-27T16:42:07+00:00,2026-08-27 09:42 Thu,Computer Vision,true,Keyword,67,keyword-only heuristic,true,greenhouse:Pinterest:8162046
Pinterest:7697137,Pinterest,"Machine Learning Engineer II, Visual AI","San Francisco, CA, US; Remote, US",ATG,https://www.pinterestcareers.com/jobs/?gh_jid=7697137,2026-08-20T15:40:13-04:00,2026-08-20,2026-07-08T02:45:08+00:00,2026-07-07 19:45 Tue,,false,,,,false,greenhouse:Pinterest:7697137
Pinterest:6121450,Pinterest,"Machine Learning Engineer, Core Engineering","San Francisco, CA, US; Palo Alto, CA, US; Seattle, WA, US; Remote, US",Core Engineering,https://www.pinterestcareers.com/jobs/?gh_jid=6121450,2026-07-28T16:24:14-04:00,2026-07-28,2026-07-08T02:45:08+00:00,2026-07-07 19:45 Tue,,false,,,,false,greenhouse:Pinterest:6121450
Pinterest:6121543,Pinterest,"Machine Learning Engineer, Monetization Engineering","San Francisco, CA, US; Palo Alto, CA, US; Seattle, WA, US",Monetization,https://www.pinterestcareers.com/jobs/?gh_jid=6121543,2026-07-28T16:24:14-04:00,2026-07-28,2026-07-08T02:45:08+00:00,2026-07-07 19:45 Tue,,false,,,,false,greenhouse:Pinterest:6121543
Pinterest:7649672,Pinterest,"Manager I, Client Account Manager, tvScientific (Affiliate/CPA)","San Francisco, CA, US; Remote, US",tvScientific,https://www.pinterestcareers.com/jobs/?gh_jid=7649672,2026-07-01T12:07:30-04:00,2026-07-01,2026-07-08T02:45:08+00:00,2026-07-07 19:45 Tue,,false,,,,false,greenhouse:Pinterest:7649672
Pinterest:8015529,Pinterest,"Manager I, Engineering","Toronto, ON, CA",Data Engineering,https://www.pinterestcareers.com/jobs/?gh_jid=8015529,2026-08-27T06:05:02-04:00,2026-08-27,2026-07-08T02:45:08+00:00,2026-07-07 19:45 Tue,,false,,,,false,greenhouse:Pinterest:8015529
Pinterest:8126310,Pinterest,"Manager I, Technical Accounting","San Francisco, CA, US; Remote, US",Accounting,https://www.pinterestcareers.com/jobs/?gh_jid=8126310,2026-08-24T14:12:01-04:00,2026-08-24,2026-08-24T18:42:24+00:00,2026-08-24 11:42 Mon,,false,,,,false,greenhouse:Pinterest:8126310
Pinterest:7776572,Pinterest,"Manager II, Client Account Manager (Agency) ","New York, NY, US",tvScientific,https://www.pinterestcareers.com/jobs/?gh_jid=7776572,2026-06-10T05:46:48-04:00,2026-06-10,2026-07-08T02:45:08+00:00,2026-07-07 19:45 Tue,,false,,,,false,greenhouse:Pinterest:7776572
Pinterest:8104117,Pinterest,"Manager II, Config Deployments","Seattle, WA, US; Remote, US",Data Engineering,https://www.pinterestcareers.com/jobs/?gh_jid=8104117,2026-09-01T06:32:39-04:00,2026-09-01,2026-08-25T21:46:47+00:00,2026-08-25 14:46 Tue,Software Engineering,true,Keyword,43,keyword-only heuristic,false,greenhouse:Pinterest:8104117
Pinterest:7895567,Pinterest,"Manager II, Engineering - Connections","San Francisco, CA, US; Remote, US",Core Engineering,https://www.pinterestcareers.com/jobs/?gh_jid=7895567,2026-08-20T20:29:09-04:00,2026-08-20,2026-07-08T02:45:08+00:00,2026-07-07 19:45 Tue,,false,,,,false,greenhouse:Pinterest:7895567
Pinterest:8059251,Pinterest,"Manager II, Escalation Operations ","San Francisco, CA, US; Remote, US",Trust and Safety Ops,https://www.pinterestcareers.com/jobs/?gh_jid=8059251,2026-07-28T16:24:14-04:00,2026-07-28,2026-07-23T20:59:09+00:00,2026-07-23 13:59 Thu,,false,,,,false,greenhouse:Pinterest:8059251
Pinterest:7075176,Pinterest,"Manager II, Machine Learning Engineering, Core Engineering ","San Francisco, CA, US;  Remote, US",Core Engineering,https://www.pinterestcareers.com/jobs/?gh_jid=7075176,2026-07-28T16:24:14-04:00,2026-07-28,2026-07-08T02:45:08+00:00,2026-07-07 19:45 Tue,,false,,,,false,greenhouse:Pinterest:7075176
Pinterest:8010903,Pinterest,"Manager II, Machine Learning – Conversion Visibility","Seattle, WA, US; Remote, US",Monetization,https://www.pinterestcareers.com/jobs/?gh_jid=8010903,2026-08-20T20:30:37-04:00,2026-08-20,2026-07-08T02:45:08+00:00,2026-07-07 19:45 Tue,,false,,,,false,greenhouse:Pinterest:8010903
Pinterest:8132078,Pinterest,"Manager II, Recruiting","San Francisco, CA, US; Remote, US",Talent Acquisition,https://www.pinterestcareers.com/jobs/?gh_jid=8132078,2026-08-25T16:14:52-04:00,2026-08-25,2026-08-25T20:42:07+00:00,2026-08-25 13:42 Tue,,false,,,,false,greenhouse:Pinterest:8132078
Pinterest:8002076,Pinterest,"Manager II, Technical Program Management - Ads & Core Infrastructure","San Francisco, CA, US; Remote, US",Oversight Engineering,https://www.pinterestcareers.com/jobs/?gh_jid=8002076,2026-07-28T16:24:14-04:00,2026-07-28,2026-07-08T02:45:08+00:00,2026-07-07 19:45 Tue,,false,,,,false,greenhouse:Pinterest:8002076
Pinterest:8016634,Pinterest,"Manager II, Technical Support Engineer","New York, NY, US; Remote, US",Global Content Organization,https://www.pinterestcareers.com/jobs/?gh_jid=8016634,2026-08-20T20:33:31-04:00,2026-08-20,2026-08-05T18:48:36+00:00,2026-08-05 11:48 Wed,Other Technical,true,CLI,8,"The candidate has strong engineering and limited mentoring/cross-functional experience, but lacks the required people-management background, client-facing support or partner-engineering experience, AdTech/MarTech domain expertise, and NYC/Chicago location.",false,greenhouse:Pinterest:8016634
Pinterest:7909000,Pinterest,"Manager II, Trends Engineering","San Francisco, CA, US; Remote, US",Monetization,https://www.pinterestcareers.com/jobs/?gh_jid=7909000,2026-08-20T20:29:28-04:00,2026-08-20,2026-07-08T02:45:08+00:00,2026-07-07 19:45 Tue,,false,,,,false,greenhouse:Pinterest:7909000
Pinterest:7786302,Pinterest,Measurement Lead,"New York, NY, US; San Francisco, CA, US; Seattle, WA, US; Chicago, IL, US",Global Client Solutions,https://www.pinterestcareers.com/jobs/?gh_jid=7786302,2026-06-11T12:38:21-04:00,2026-06-11,2026-07-08T02:45:08+00:00,2026-07-07 19:45 Tue,,false,,,,false,greenhouse:Pinterest:7786302
Pinterest:8026876,Pinterest,Measurement Lead (tvScientific) ,"New York, NY, US; Remote, US",tvScientific,https://www.pinterestcareers.com/jobs/?gh_jid=8026876,2026-08-21T11:55:08-04:00,2026-08-21,2026-07-31T17:59:31+00:00,2026-07-31 10:59 Fri,,false,,,,false,greenhouse:Pinterest:8026876
Pinterest:7811779,Pinterest,Measurement Partner II,"New York, NY, US; San Francisco, CA, US; Seattle, WA, US; Chicago, IL, US",Global Client Solutions,https://www.pinterestcareers.com/jobs/?gh_jid=7811779,2026-07-01T12:09:21-04:00,2026-07-01,2026-07-08T02:45:08+00:00,2026-07-07 19:45 Tue,,false,,,,false,greenhouse:Pinterest:7811779
Pinterest:7678712,Pinterest,Measurement Partner II,"São Paulo, BR",Ads Product & Innovation,https://www.pinterestcareers.com/jobs/?gh_jid=7678712,2026-08-31T15:58:56-04:00,2026-08-31,2026-08-11T16:59:46+00:00,2026-08-11 09:59 Tue,,false,,,,false,greenhouse:Pinterest:7678712
Pinterest:7480764,Pinterest,Measurement Partner II,"New York, NY, US; San Francisco, CA, US",Ads Product & Innovation,https://www.pinterestcareers.com/jobs/?gh_jid=7480764,2026-08-20T20:21:27-04:00,2026-08-20,2026-08-13T19:59:56+00:00,2026-08-13 12:59 Thu,,false,,,,false,greenhouse:Pinterest:7480764
Pinterest:8107389,Pinterest,Measurement Partner II,"Paris, FR",Ads Product & Innovation,https://www.pinterestcareers.com/jobs/?gh_jid=8107389,2026-08-31T16:10:20-04:00,2026-08-31,2026-08-17T14:00:26+00:00,2026-08-17 07:00 Mon,,false,,,,false,greenhouse:Pinterest:8107389
Pinterest:8026882,Pinterest,Measurement Partner II (tvScientific) ,"New York, NY, US; Remote, US",tvScientific,https://www.pinterestcareers.com/jobs/?gh_jid=8026882,2026-08-20T20:35:11-04:00,2026-08-20,2026-07-31T17:59:31+00:00,2026-07-31 10:59 Fri,,false,,,,false,greenhouse:Pinterest:8026882
Pinterest:8042339,Pinterest,"Measurement Partnerships Lead, EMEA","Dublin, IE",Ads Product & Innovation,https://www.pinterestcareers.com/jobs/?gh_jid=8042339,2026-07-28T16:24:14-04:00,2026-07-28,2026-07-15T21:41:19+00:00,2026-07-15 14:41 Wed,,false,,,,false,greenhouse:Pinterest:8042339
Pinterest:7495016,Pinterest,Partner Development Lead ,"New York, NY, US; Remote, NY, US",Programmatic Sales,https://www.pinterestcareers.com/jobs/?gh_jid=7495016,2026-08-31T15:56:58-04:00,2026-08-31,2026-08-06T20:59:30+00:00,2026-08-06 13:59 Thu,,false,,,,false,greenhouse:Pinterest:7495016
Pinterest:7963305,Pinterest,Performance Solutions Lead,"New York, NY, US; Remote, US",tvScientific,https://www.pinterestcareers.com/jobs/?gh_jid=7963305,2026-07-01T03:07:10-04:00,2026-07-01,2026-07-08T02:45:08+00:00,2026-07-07 19:45 Tue,,false,,,,false,greenhouse:Pinterest:7963305
Pinterest:8016723,Pinterest,Performance Solutions Lead,"Singapore, SG",APAC Enterprise Sales,https://www.pinterestcareers.com/jobs/?gh_jid=8016723,2026-08-31T16:07:48-04:00,2026-08-31,2026-07-17T08:17:34+00:00,2026-07-17 01:17 Fri,,false,,,,false,greenhouse:Pinterest:8016723
Pinterest:8026890,Pinterest,Performance Solutions Lead (tvScientific) ,"New York, NY, US; Remote, US",tvScientific,https://www.pinterestcareers.com/jobs/?gh_jid=8026890,2026-07-15T15:34:52-04:00,2026-07-15,2026-07-15T19:41:33+00:00,2026-07-15 12:41 Wed,,false,,,,false,greenhouse:Pinterest:8026890
Pinterest:8107243,Pinterest,Performance Solutions Partner I,"Los Angeles, CA, US; Remote, US",Ads Product & Innovation,https://www.pinterestcareers.com/jobs/?gh_jid=8107243,2026-08-25T13:24:15-04:00,2026-08-25,2026-08-25T17:42:09+00:00,2026-08-25 10:42 Tue,,false,,,,false,greenhouse:Pinterest:8107243
Pinterest:7958186,Pinterest,Performance Solutions Partner II,"San Francisco, CA, US; Remote, US",Global Client Solutions,https://www.pinterestcareers.com/jobs/?gh_jid=7958186,2026-07-01T12:10:28-04:00,2026-07-01,2026-07-08T02:45:08+00:00,2026-07-07 19:45 Tue,,false,,,,false,greenhouse:Pinterest:7958186
Pinterest:7983543,Pinterest,Performance Solutions Partner II,"Mexico City, MX",Global Client Solutions,https://www.pinterestcareers.com/jobs/?gh_jid=7983543,2026-06-18T16:32:01-04:00,2026-06-18,2026-07-08T02:45:08+00:00,2026-07-07 19:45 Tue,,false,,,,false,greenhouse:Pinterest:7983543
Pinterest:8131326,Pinterest,Performance Solutions Partner II,Remote,Ads Product & Innovation,https://www.pinterestcareers.com/jobs/?gh_jid=8131326,2026-08-14T18:51:36-04:00,2026-08-14,2026-08-14T22:59:31+00:00,2026-08-14 15:59 Fri,,false,,,,false,greenhouse:Pinterest:8131326
Pinterest:4fec6e95-8408-41e9-9021-fe0cb97ba0a1,Pinterest,PhD Fall Machine Learning Intern - ATG — Visual - Multimodal - and Recommender Systems,"San Francisco, CA, US Palo Alto, CA, US Seattle, WA, US New York, NY, US",,https://www.pinterestcareers.com/jobs/?gh_jid=7255640,,,2026-07-07T05:59:38+00:00,2026-07-06 22:59 Mon,,false,,,,false,simplify:Simplify Internships:4fec6e95-8408-41e9-9021-fe0cb97ba0a1|speedyapply:SpeedyApply AI:https://www.pinterestcareers.com/jobs/?gh_jid=7255640|greenhouse:Pinterest:7255640
Pinterest:8047377,Pinterest,Physical Security Specialist II,"Singapore, SG",Workplace,https://www.pinterestcareers.com/jobs/?gh_jid=8047377,2026-07-28T16:24:14-04:00,2026-07-28,2026-07-09T00:54:28+00:00,2026-07-08 17:54 Wed,,false,,,,false,greenhouse:Pinterest:8047377
Pinterest:7888329,Pinterest,"Principal Engineer, AI Platform","San Francisco, CA, US; Remote, US",Data Engineering,https://www.pinterestcareers.com/jobs/?gh_jid=7888329,2026-08-20T20:29:06-04:00,2026-08-20,2026-07-08T02:45:08+00:00,2026-07-07 19:45 Tue,,false,,,,false,greenhouse:Pinterest:7888329
Pinterest:8052679,Pinterest,"Principal Engineer, Core - Pinner Journeys","San Francisco, CA, US; Remote, US",Core Engineering,https://www.pinterestcareers.com/jobs/?gh_jid=8052679,2026-08-31T16:08:45-04:00,2026-08-31,2026-08-19T21:18:21+00:00,2026-08-19 14:18 Wed,,false,,,,false,greenhouse:Pinterest:8052679
Pinterest:7782229,Pinterest,"Principal Engineer, Online Systems","San Francisco, CA, US; Palo Alto, CA, US",Data Engineering,https://www.pinterestcareers.com/jobs/?gh_jid=7782229,2026-08-20T20:28:38-04:00,2026-08-20,2026-07-08T02:45:08+00:00,2026-07-07 19:45 Tue,,false,,,,false,greenhouse:Pinterest:7782229
Pinterest:8011719,Pinterest,"Principal Engineer, Shopping & Delivery Infra","San Francisco, CA, US; Palo Alto, CA, US; Seattle, WA,US",Data Engineering,https://www.pinterestcareers.com/jobs/?gh_jid=8011719,2026-08-20T20:30:38-04:00,2026-08-20,2026-07-31T19:59:21+00:00,2026-07-31 12:59 Fri,,false,,,,false,greenhouse:Pinterest:8011719
Pinterest:6963868,Pinterest,"Principal Machine Learning Engineer, Ads Delivery","San Francisco, CA, US; Palo Alto, CA, US; Seattle, WA, US",Monetization,https://www.pinterestcareers.com/jobs/?gh_jid=6963868,2026-08-31T15:50:40-04:00,2026-08-31,2026-07-08T02:45:08+00:00,2026-07-07 19:45 Tue,,false,,,,false,greenhouse:Pinterest:6963868
Pinterest:7638599,Pinterest,"Principal Product Designer, AI Native, Core","San Francisco, CA, US; Remote, US",Design,https://www.pinterestcareers.com/jobs/?gh_jid=7638599,2026-08-31T15:58:21-04:00,2026-08-31,2026-07-08T02:45:08+00:00,2026-07-07 19:45 Tue,,false,,,,false,greenhouse:Pinterest:7638599
Pinterest:7684636,Pinterest,"Product Design Manager II, Ad Formats","San Francisco, CA, US; Remote, US",Design,https://www.pinterestcareers.com/jobs/?gh_jid=7684636,2026-08-20T20:27:30-04:00,2026-08-20,2026-07-16T16:57:09+00:00,2026-07-16 09:57 Thu,,false,,,,false,greenhouse:Pinterest:7684636
Pinterest:8123052,Pinterest,"Product Designer II, Notifications","San Francisco, CA, US; Remote, US",Design,https://www.pinterestcareers.com/jobs/?gh_jid=8123052,2026-08-21T18:33:07-04:00,2026-08-21,2026-08-21T22:40:30+00:00,2026-08-21 15:40 Fri,,false,,,,false,greenhouse:Pinterest:8123052
Pinterest:7698212,Pinterest,"Product Designer II, Pinner Actionability","San Francisco, CA, US; Remote, US",Design,https://www.pinterestcareers.com/jobs/?gh_jid=7698212,2026-06-05T20:09:54-04:00,2026-06-05,2026-07-08T02:45:08+00:00,2026-07-07 19:45 Tue,,false,,,,false,greenhouse:Pinterest:7698212
Pinterest:deb60104-b8f9-4fa0-bf3f-818a209cc7d6,Pinterest,Product Manager Apprentice,SF; Remote in USA,Product,https://www.pinterestcareers.com/jobs/?gh_jid=8016532,2026-07-06,2026-07-06,2026-07-07T05:59:38+00:00,2026-07-06 22:59 Mon,,false,,,,false,simplify:Simplify Internships:deb60104-b8f9-4fa0-bf3f-818a209cc7d6|greenhouse:Pinterest:8016532
Pinterest:7901910,Pinterest,"Product Manager II, Content Compliance","San Francisco, CA, US; Seattle, WA, US; Remote, CA, US",Trust and Safety Ops,https://www.pinterestcareers.com/jobs/?gh_jid=7901910,2026-08-31T16:04:15-04:00,2026-08-31,2026-07-08T02:45:08+00:00,2026-07-07 19:45 Tue,,false,,,,false,greenhouse:Pinterest:7901910
Pinterest:8042279,Pinterest,"Product Manager II, Search Experience","San Francisco, CA, US; Remote, US",Core Product,https://www.pinterestcareers.com/jobs/?gh_jid=8042279,2026-08-20T20:35:35-04:00,2026-08-20,2026-08-07T17:00:09+00:00,2026-08-07 10:00 Fri,Computer Vision,true,CLI,18,"The candidate has strong AI/ML and technical experience but lacks demonstrated product management, search strategy, roadmap ownership, and cross-functional product leadership required for a Product Manager II role.",true,greenhouse:Pinterest:8042279
Pinterest:f5b0c126-c587-48d0-bc31-f01e1f87ebb3,Pinterest,Product Researcher Apprentice,SF; Remote in USA,Product,https://www.pinterestcareers.com/jobs/?gh_jid=8016567,2026-07-06,2026-07-06,2026-07-07T05:59:38+00:00,2026-07-06 22:59 Mon,,false,,,,false,simplify:Simplify Internships:f5b0c126-c587-48d0-bc31-f01e1f87ebb3|greenhouse:Pinterest:8016567
Pinterest:8065369,Pinterest,Programmatic Ads Sales Lead,"New York, NY, US",Programmatic Sales,https://www.pinterestcareers.com/jobs/?gh_jid=8065369,2026-07-14T16:00:18-04:00,2026-07-14,2026-07-14T20:17:39+00:00,2026-07-14 13:17 Tue,,false,,,,false,greenhouse:Pinterest:8065369
Pinterest:8016630,Pinterest,"Programmatic Ads Sales Lead, EMEA","London, UK",Programmatic Sales,https://www.pinterestcareers.com/jobs/?gh_jid=8016630,2026-08-20T20:33:28-04:00,2026-08-20,2026-07-20T10:41:12+00:00,2026-07-20 03:41 Mon,,false,,,,false,greenhouse:Pinterest:8016630
Pinterest:8138245,Pinterest,Revenue Assurance Specialist,"Dublin, IE",Accounting,https://www.pinterestcareers.com/jobs/?gh_jid=8138245,2026-08-31T16:11:44-04:00,2026-08-31,2026-08-28T11:17:40+00:00,2026-08-28 04:17 Fri,,false,,,,false,greenhouse:Pinterest:8138245
Pinterest:8046826,Pinterest,Revenue Operations Specialist (Fixed Term Contract),"Dublin, IE",Accounting,https://www.pinterestcareers.com/jobs/?gh_jid=8046826,2026-07-07T12:12:16-04:00,2026-07-07,2026-07-08T02:45:08+00:00,2026-07-07 19:45 Tue,,false,,,,false,greenhouse:Pinterest:8046826
Pinterest:8131732,Pinterest,"Safety Specialist, Privacy","Dublin, IE",Trust and Safety Ops,https://www.pinterestcareers.com/jobs/?gh_jid=8131732,2026-08-24T06:43:29-04:00,2026-08-24,2026-08-21T09:42:08+00:00,2026-08-21 02:42 Fri,,false,,,,false,greenhouse:Pinterest:8131732
Pinterest:7507652,Pinterest,Sales Finance Analyst,"Dublin, IE",Finance,https://www.pinterestcareers.com/jobs/?gh_jid=7507652,2026-08-20T20:24:16-04:00,2026-08-20,2026-07-08T02:45:08+00:00,2026-07-07 19:45 Tue,,false,,,,false,greenhouse:Pinterest:7507652
Pinterest:8016741,Pinterest,"Sales Manager, Northern Europe","Amsterdam, NL",Europe Enterprise Sales,https://www.pinterestcareers.com/jobs/?gh_jid=8016741,2026-07-28T16:24:14-04:00,2026-07-28,2026-07-17T19:28:42+00:00,2026-07-17 12:28 Fri,,false,,,,false,greenhouse:Pinterest:8016741
Pinterest:8001339,Pinterest,Sales Strategy & Operations Lead,"San Francisco, CA, US",GBO Strategy & Operations,https://www.pinterestcareers.com/jobs/?gh_jid=8001339,2026-08-20T20:30:27-04:00,2026-08-20,2026-07-10T23:54:55+00:00,2026-07-10 16:54 Fri,,false,,,,false,greenhouse:Pinterest:8001339
Pinterest:8120416,Pinterest,Sales Strategy & Operations Lead,"New York, NY, US; Remote, US",GBO Strategy & Operations,https://www.pinterestcareers.com/jobs/?gh_jid=8120416,2026-08-27T18:25:46-04:00,2026-08-27,2026-08-27T22:41:53+00:00,2026-08-27 15:41 Thu,,false,,,,false,greenhouse:Pinterest:8120416
Pinterest:7678715,Pinterest,"Sales Strategy & Operations Lead, Agency Deal Ops","San Francisco, CA, US; New York, NY, US",GBO Strategy & Operations,https://www.pinterestcareers.com/jobs/?gh_jid=7678715,2026-08-20T20:25:34-04:00,2026-08-20,2026-08-06T20:59:30+00:00,2026-08-06 13:59 Thu,,false,,,,false,greenhouse:Pinterest:7678715
Pinterest:7983334,Pinterest,"Sales Strategy & Operations Lead, JBP Development","San Francisco, CA, US; New York, NY, US",GBO Strategy & Operations,https://www.pinterestcareers.com/jobs/?gh_jid=7983334,2026-08-20T20:29:58-04:00,2026-08-20,2026-08-06T20:59:30+00:00,2026-08-06 13:59 Thu,,false,,,,false,greenhouse:Pinterest:7983334
Pinterest:8011568,Pinterest,"SDET II, tvScientific","San Francisco, CA, US; Remote, US",tvScientific,https://www.pinterestcareers.com/jobs/?gh_jid=8011568,2026-07-28T16:24:14-04:00,2026-07-28,2026-07-08T02:45:08+00:00,2026-07-07 19:45 Tue,,false,,,,false,greenhouse:Pinterest:8011568
Pinterest:7684583,Pinterest,Security GRC Analyst,"San Francisco, CA, US; Remote, US",Security,https://www.pinterestcareers.com/jobs/?gh_jid=7684583,2026-08-31T15:19:52-04:00,2026-08-31,2026-08-31T19:42:06+00:00,2026-08-31 12:42 Mon,,false,,,,false,greenhouse:Pinterest:7684583
Pinterest:7732971,Pinterest,"Security Software Engineer II, Corporate Security","San Francisco, CA, US; Remote, US",Security,https://www.pinterestcareers.com/jobs/?gh_jid=7732971,2026-07-08T12:35:39-04:00,2026-07-08,2026-07-08T16:36:15+00:00,2026-07-08 09:36 Wed,Software Engineering,true,,54,"This is a real software engineering role focused on security automation and tooling, but the candidate has stronger backend/ML/CV experience than direct cybersecurity, endpoint hardening, or corporate security engineering experience.",true,greenhouse:Pinterest:7732971
Pinterest:8015490,Pinterest,"Security Software Engineer II, Detection and Response","San Francisco, CA, US; Remote, US",Security,https://www.pinterestcareers.com/jobs/?gh_jid=8015490,2026-08-20T20:32:53-04:00,2026-08-20,2026-07-08T02:45:08+00:00,2026-07-07 19:45 Tue,,false,,,,false,greenhouse:Pinterest:8015490
Pinterest:7816431,Pinterest,"Security Software Engineer II, Security Operations","Chicago, IL, US; Remote, US",Security,https://www.pinterestcareers.com/jobs/?gh_jid=7816431,2026-06-04T16:28:58-04:00,2026-06-04,2026-07-08T02:45:08+00:00,2026-07-07 19:45 Tue,,false,,,,false,greenhouse:Pinterest:7816431
Pinterest:8092378,Pinterest,"Senior Data Scientist, Trust & Safety and Content Quality","Toronto, ON, CA",Core Engineering,https://www.pinterestcareers.com/jobs/?gh_jid=8092378,2026-08-25T06:32:21-04:00,2026-08-25,2026-08-07T14:59:24+00:00,2026-08-07 07:59 Fri,,false,,,,false,greenhouse:Pinterest:8092378
Pinterest:8016673,Pinterest,Senior Industry Manager (Growth) - Greater China Region,"Singapore, SG",APAC Enterprise Sales,https://www.pinterestcareers.com/jobs/?gh_jid=8016673,2026-08-20T20:33:54-04:00,2026-08-20,2026-07-23T01:41:31+00:00,2026-07-22 18:41 Wed,,false,,,,false,greenhouse:Pinterest:8016673
Pinterest:8108629,Pinterest,"Senior Manager, Measurement - APAC","Singapore, SG",Ads Product & Innovation,https://www.pinterestcareers.com/jobs/?gh_jid=8108629,2026-08-20T20:38:20-04:00,2026-08-20,2026-08-11T06:17:11+00:00,2026-08-10 23:17 Mon,,false,,,,false,greenhouse:Pinterest:8108629
Pinterest:8139631,Pinterest,Senior Privacy Counsel,"Dublin, IE",Legal,https://www.pinterestcareers.com/jobs/?gh_jid=8139631,2026-08-31T13:44:29-04:00,2026-08-31,2026-08-31T17:59:52+00:00,2026-08-31 10:59 Mon,,false,,,,false,greenhouse:Pinterest:8139631
Pinterest:7679640,Pinterest,"Senior Staff Software Engineer, Configuration & Coordination","San Francisco, CA, US; Remote, US",Data Engineering,https://www.pinterestcareers.com/jobs/?gh_jid=7679640,2026-08-20T20:25:43-04:00,2026-08-20,2026-07-08T02:45:08+00:00,2026-07-07 19:45 Tue,,false,,,,false,greenhouse:Pinterest:7679640
Pinterest:7494636,Pinterest,"Senior Staff Technical Program Manager, Search Signals","San Francisco, CA, US; Remote, US",Oversight Engineering,https://www.pinterestcareers.com/jobs/?gh_jid=7494636,2026-08-20T20:22:08-04:00,2026-08-20,2026-08-11T21:07:06+00:00,2026-08-11 14:07 Tue,,false,,,,false,greenhouse:Pinterest:7494636
Pinterest:7782538,Pinterest,"Site Reliability Engineer II, tvScientific","San Francisco, CA, US; Remote, US",tvScientific,https://www.pinterestcareers.com/jobs/?gh_jid=7782538,2026-08-20T20:28:39-04:00,2026-08-20,2026-07-08T02:45:08+00:00,2026-07-07 19:45 Tue,,false,,,,false,greenhouse:Pinterest:7782538
Pinterest:6816337,Pinterest,"Software Engineer I, Backend","Seattle, WA, US; San Francisco, CA, US",Monetization,https://www.pinterestcareers.com/jobs/?gh_jid=6816337,2026-07-28T16:24:14-04:00,2026-07-28,2026-07-08T02:45:08+00:00,2026-07-07 19:45 Tue,,false,,,,false,greenhouse:Pinterest:6816337|speedyapply:SpeedyApply SWE:https://www.pinterestcareers.com/jobs/?gh_jid=6816337
Pinterest:7786418,Pinterest,Software Engineer II,"Dublin, IE",Core Engineering,https://www.pinterestcareers.com/jobs/?gh_jid=7786418,2026-07-28T16:24:14-04:00,2026-07-28,2026-07-08T02:45:08+00:00,2026-07-07 19:45 Tue,,false,,,,false,greenhouse:Pinterest:7786418
Pinterest:7958766,Pinterest,Software Engineer II,"Palo Alto, CA, US",Data Engineering,https://www.pinterestcareers.com/jobs/?gh_jid=7958766,2026-08-20T20:29:45-04:00,2026-08-20,2026-07-08T02:45:08+00:00,2026-07-07 19:45 Tue,,false,,,,false,greenhouse:Pinterest:7958766
Pinterest:7987854,Pinterest,"Software Engineer II, Android","Toronto, ON, CA",Core Engineering,https://www.pinterestcareers.com/jobs/?gh_jid=7987854,2026-07-28T16:24:14-04:00,2026-07-28,2026-07-08T02:45:08+00:00,2026-07-07 19:45 Tue,,false,,,,false,greenhouse:Pinterest:7987854
Pinterest:4916795,Pinterest,"Software Engineer II, Android","San Francisco, CA, US; Remote, US","Engineering, Product and Design (L2)",https://www.pinterestcareers.com/jobs/?gh_jid=4916795,2026-08-06T13:19:00-04:00,2026-08-06,2026-08-03T18:59:30+00:00,2026-08-03 11:59 Mon,Software Engineering,true,Keyword,43,keyword-only heuristic,false,greenhouse:Pinterest:4916795
Pinterest:4813946,Pinterest,"Software Engineer II, Backend","San Francisco, CA, US; Seattle, WA, US","Engineering, Product and Design (L2)",https://www.pinterestcareers.com/jobs/?gh_jid=4813946,2026-07-28T16:24:14-04:00,2026-07-28,2026-07-08T02:45:08+00:00,2026-07-07 19:45 Tue,,false,,,,false,greenhouse:Pinterest:4813946
Pinterest:5132899,Pinterest,"Software Engineer II, Backend","Toronto, ON, CA","Engineering, Product and Design (L2)",https://www.pinterestcareers.com/jobs/?gh_jid=5132899,2026-07-28T16:24:14-04:00,2026-07-28,2026-07-08T02:45:08+00:00,2026-07-07 19:45 Tue,,false,,,,false,greenhouse:Pinterest:5132899
Pinterest:7782552,Pinterest,"Software Engineer II, Backend, tvScientific","San Francisco, CA, US; Remote, US",tvScientific,https://www.pinterestcareers.com/jobs/?gh_jid=7782552,2026-06-04T15:57:20-04:00,2026-06-04,2026-07-08T02:45:08+00:00,2026-07-07 19:45 Tue,,false,,,,false,greenhouse:Pinterest:7782552
Pinterest:8041770,Pinterest,"Software Engineer II, Backend, tvScientific","San Francisco, CA, US; Remote, US",tvScientific,https://www.pinterestcareers.com/jobs/?gh_jid=8041770,2026-08-04T12:35:51-04:00,2026-08-04,2026-08-04T16:42:14+00:00,2026-08-04 09:42 Tue,Software Engineering,true,CLI,35,"The candidate meets the experience, degree, Python, API, database, Docker, scalability, testing, and mentoring requirements, but lacks the role’s core experience with large-scale full-stack systems, React/Redux, JavaScript, and contract, billing, finance, or audit-focused domains.",true,greenhouse:Pinterest:8041770
Pinterest:7782546,Pinterest,"Software Engineer II, Big Data, tvScientific","San Francisco, CA, US; Remote, US",tvScientific,https://www.pinterestcareers.com/jobs/?gh_jid=7782546,2026-08-24T13:57:41-04:00,2026-08-24,2026-07-08T02:45:08+00:00,2026-07-07 19:45 Tue,,false,,,,false,greenhouse:Pinterest:7782546
Pinterest:5459622,Pinterest,"Software Engineer II, Full Stack","Toronto, ON, CA",Data Engineering,https://www.pinterestcareers.com/jobs/?gh_jid=5459622,2026-07-28T16:24:14-04:00,2026-07-28,2026-07-08T02:45:08+00:00,2026-07-07 19:45 Tue,,false,,,,false,greenhouse:Pinterest:5459622
Pinterest:4843547,Pinterest,"Software Engineer II, Fullstack","San Francisco, CA, US; Remote, US","Engineering, Product and Design (L2)",https://www.pinterestcareers.com/jobs/?gh_jid=4843547,2026-08-18T15:42:36-04:00,2026-08-18,2026-08-18T20:11:10+00:00,2026-08-18 13:11 Tue,Software Engineering,true,CLI,58,"The candidate has credible backend, APIs, storage, caching, Docker, testing, and cross-functional engineering experience, but lacks demonstrated frontend/JavaScript/React and substantial consumer full-stack product development experience.",true,greenhouse:Pinterest:4843547
Pinterest:5601228,Pinterest,"Software Engineer II, iOS ","San Francisco, CA, US; Remote, US","Engineering, Product and Design (L2)",https://www.pinterestcareers.com/jobs/?gh_jid=5601228,2026-07-28T16:24:14-04:00,2026-07-28,2026-07-08T02:45:08+00:00,2026-07-07 19:45 Tue,,false,,,,false,greenhouse:Pinterest:5601228
Pinterest:7782535,Pinterest,"Software Engineer II, tvScientific","Toronto, ON, CA",tvScientific,https://www.pinterestcareers.com/jobs/?gh_jid=7782535,2026-07-28T16:24:14-04:00,2026-07-28,2026-07-24T17:17:41+00:00,2026-07-24 10:17 Fri,AI / ML,true,Keyword,64,keyword-only heuristic,true,greenhouse:Pinterest:7782535
Pinterest:8024883,Pinterest,"Software Engineer II, Web","Toronto, ON, CA",Core Engineering,https://www.pinterestcareers.com/jobs/?gh_jid=8024883,2026-07-28T16:24:14-04:00,2026-07-28,2026-07-08T02:45:08+00:00,2026-07-07 19:45 Tue,,false,,,,false,greenhouse:Pinterest:8024883
Pinterest:6922682,Pinterest,"Software Engineer, iOS","Toronto, ON, CA","Engineering, Product and Design (L2)",https://www.pinterestcareers.com/jobs/?gh_jid=6922682,2026-07-28T16:24:14-04:00,2026-07-28,2026-07-08T02:45:08+00:00,2026-07-07 19:45 Tue,,false,,,,false,greenhouse:Pinterest:6922682
Pinterest:7678040,Pinterest,"Sr Client Account Manager, Amazon","New York, NY, US",North America Enterprise Sales,https://www.pinterestcareers.com/jobs/?gh_jid=7678040,2026-08-20T20:25:22-04:00,2026-08-20,2026-07-13T23:34:17+00:00,2026-07-13 16:34 Mon,,false,,,,false,greenhouse:Pinterest:7678040
Pinterest:8146085,Pinterest,Sr Lead Industry Manager,"Dublin, IE",SMB Sales,https://www.pinterestcareers.com/jobs/?gh_jid=8146085,2026-08-31T16:12:05-04:00,2026-08-31,2026-08-28T10:17:33+00:00,2026-08-28 03:17 Fri,,false,,,,false,greenhouse:Pinterest:8146085
Pinterest:7822570,Pinterest,"Sr, Global Employment Tax ","San Francisco, CA, US; Remote, US",Accounting,https://www.pinterestcareers.com/jobs/?gh_jid=7822570,2026-07-01T12:09:19-04:00,2026-07-01,2026-07-08T02:45:08+00:00,2026-07-07 19:45 Tue,,false,,,,false,greenhouse:Pinterest:7822570
Pinterest:7638551,Pinterest,Sr. Ads Product Marketing Manager,"San Francisco, CA, US; Remote, US",Product Marketing,https://www.pinterestcareers.com/jobs/?gh_jid=7638551,2026-07-10T15:30:33-04:00,2026-07-10,2026-07-10T19:37:25+00:00,2026-07-10 12:37 Fri,,false,,,,false,greenhouse:Pinterest:7638551
Pinterest:8082503,Pinterest,Sr. Ads Product Marketing Manager- Ads Delivery,"Chicago, IL, US; New York, NY, US; San Francisco, CA, US; Los Angeles, CA, US; Atlanta, GA, US; Seattle, WA, US",Product Marketing,https://www.pinterestcareers.com/jobs/?gh_jid=8082503,2026-08-25T09:14:11-04:00,2026-08-25,2026-08-21T17:59:26+00:00,2026-08-21 10:59 Fri,,false,,,,false,greenhouse:Pinterest:8082503
Pinterest:7746407,Pinterest,"Sr. Agency Lead, Dentsu/Havas","New York, NY, US",Agency Sales,https://www.pinterestcareers.com/jobs/?gh_jid=7746407,2026-08-24T14:42:39-04:00,2026-08-24,2026-08-19T20:42:05+00:00,2026-08-19 13:42 Wed,,false,,,,false,greenhouse:Pinterest:7746407
Pinterest:8016681,Pinterest,Sr. Agency Partner - Greater China Region,"Singapore, SG",APAC Enterprise Sales,https://www.pinterestcareers.com/jobs/?gh_jid=8016681,2026-08-20T20:33:55-04:00,2026-08-20,2026-07-08T02:45:08+00:00,2026-07-07 19:45 Tue,,false,,,,false,greenhouse:Pinterest:8016681
Pinterest:8069865,Pinterest,Sr. Business Recruiter ,"San Francisco, CA, US; Remote, US",Talent Acquisition,https://www.pinterestcareers.com/jobs/?gh_jid=8069865,2026-07-22T13:00:10-04:00,2026-07-22,2026-07-22T17:18:00+00:00,2026-07-22 10:18 Wed,,false,,,,false,greenhouse:Pinterest:8069865
Pinterest:6483186,Pinterest,Sr. Client Account Manager (eCommerce) - Greater China Region,"Singapore, SG",APAC Enterprise Sales,https://www.pinterestcareers.com/jobs/?gh_jid=6483186,2026-07-28T16:24:14-04:00,2026-07-28,2026-07-08T02:45:08+00:00,2026-07-07 19:45 Tue,,false,,,,false,greenhouse:Pinterest:6483186
Pinterest:8016626,Pinterest,Sr. Client Account Manager (Entertainment App) - Greater China Region,"Singapore, SG",APAC Enterprise Sales,https://www.pinterestcareers.com/jobs/?gh_jid=8016626,2026-07-28T16:24:14-04:00,2026-07-28,2026-07-25T02:41:20+00:00,2026-07-24 19:41 Fri,,false,,,,false,greenhouse:Pinterest:8016626
Pinterest:8016665,Pinterest,Sr. Client Account Manager (Growth) - Greater China Region,"Singapore, SG",APAC Enterprise Sales,https://www.pinterestcareers.com/jobs/?gh_jid=8016665,2026-08-20T20:33:45-04:00,2026-08-20,2026-08-01T03:17:43+00:00,2026-07-31 20:17 Fri,,false,,,,false,greenhouse:Pinterest:8016665
Pinterest:8098383,Pinterest,Sr. Client Account Manager - 12 month Fixed Term Contract,"Hamburg, DE",Europe Enterprise Sales,https://www.pinterestcareers.com/jobs/?gh_jid=8098383,2026-08-20T20:38:04-04:00,2026-08-20,2026-08-04T16:59:26+00:00,2026-08-04 09:59 Tue,,false,,,,false,greenhouse:Pinterest:8098383
Pinterest:8112792,Pinterest,Sr. Client Account Manager - 6 Month Fixed Term Contract,"Dublin, IE",Europe Enterprise Sales,https://www.pinterestcareers.com/jobs/?gh_jid=8112792,2026-08-24T05:20:01-04:00,2026-08-24,2026-08-08T20:41:34+00:00,2026-08-08 13:41 Sat,,false,,,,false,greenhouse:Pinterest:8112792
Pinterest:8016737,Pinterest,Sr. Client Account Manager - SEA,"Singapore, SG",APAC Enterprise Sales,https://www.pinterestcareers.com/jobs/?gh_jid=8016737,2026-09-01T14:02:26-04:00,2026-09-01,2026-07-25T02:41:20+00:00,2026-07-24 19:41 Fri,,false,,,,false,greenhouse:Pinterest:8016737
Pinterest:8128842,Pinterest,Sr. Client Account Manager UK/I (6-Month Fixed Term),"Dublin, IE",Europe Enterprise Sales,https://www.pinterestcareers.com/jobs/?gh_jid=8128842,2026-08-18T13:18:23-04:00,2026-08-18,2026-08-18T17:53:30+00:00,2026-08-18 10:53 Tue,,false,,,,false,greenhouse:Pinterest:8128842
Pinterest:8016735,Pinterest,Sr. Client Account Manager | Nordics (CPG),"Stockholm, SE",Europe Enterprise Sales,https://www.pinterestcareers.com/jobs/?gh_jid=8016735,2026-08-20T20:34:24-04:00,2026-08-20,2026-07-24T07:41:35+00:00,2026-07-24 00:41 Fri,,false,,,,false,greenhouse:Pinterest:8016735
Pinterest:8080469,Pinterest,Sr. Client Account Manager | Nordics (Retail),"Stockholm, SE",Europe Enterprise Sales,https://www.pinterestcareers.com/jobs/?gh_jid=8080469,2026-07-28T16:24:14-04:00,2026-07-28,2026-07-22T23:17:18+00:00,2026-07-22 16:17 Wed,,false,,,,false,greenhouse:Pinterest:8080469
Pinterest:7983838,Pinterest,"Sr. Client Account Manager, DACH Retail ","Berlin, DE; Hamburg, DE; Munich, DE",Europe Enterprise Sales,https://www.pinterestcareers.com/jobs/?gh_jid=7983838,2026-08-20T20:30:04-04:00,2026-08-20,2026-07-21T16:17:37+00:00,2026-07-21 09:17 Tue,,false,,,,false,greenhouse:Pinterest:7983838
Pinterest:7678180,Pinterest,"Sr. Client Account Manager, E-Commerce","New York, NY, US",North America Enterprise Sales,https://www.pinterestcareers.com/jobs/?gh_jid=7678180,2026-09-01T03:02:45-04:00,2026-09-01,2026-07-17T18:17:32+00:00,2026-07-17 11:17 Fri,,false,,,,false,greenhouse:Pinterest:7678180
Pinterest:8114104,Pinterest,"Sr. Client Account Manager, Fashion Retail","Seattle, WA, US",North America Enterprise Sales,https://www.pinterestcareers.com/jobs/?gh_jid=8114104,2026-08-31T16:10:31-04:00,2026-08-31,2026-08-27T02:59:39+00:00,2026-08-26 19:59 Wed,,false,,,,false,greenhouse:Pinterest:8114104
Pinterest:7656243,Pinterest,"Sr. Client Account Manager, Financial Services","Chicago, IL, US",North America Enterprise Sales,https://www.pinterestcareers.com/jobs/?gh_jid=7656243,2026-07-28T16:24:14-04:00,2026-07-28,2026-07-08T02:45:08+00:00,2026-07-07 19:45 Tue,,false,,,,false,greenhouse:Pinterest:7656243
Pinterest:7832189,Pinterest,"Sr. Client Account Manager, Financial Services","Chicago, IL, US",North America Enterprise Sales,https://www.pinterestcareers.com/jobs/?gh_jid=7832189,2026-07-07T17:10:56-04:00,2026-07-07,2026-07-08T02:45:08+00:00,2026-07-07 19:45 Tue,,false,,,,false,greenhouse:Pinterest:7832189
Pinterest:7883258,Pinterest,"Sr. Client Account Manager, Financial Services","New York, NY, US",North America Enterprise Sales,https://www.pinterestcareers.com/jobs/?gh_jid=7883258,2026-06-04T15:57:21-04:00,2026-06-04,2026-07-08T02:45:08+00:00,2026-07-07 19:45 Tue,,false,,,,false,greenhouse:Pinterest:7883258
Pinterest:8022497,Pinterest,"Sr. Client Account Manager, French Market","Dublin, IE",Europe Enterprise Sales,https://www.pinterestcareers.com/jobs/?gh_jid=8022497,2026-08-20T20:34:48-04:00,2026-08-20,2026-07-09T17:36:13+00:00,2026-07-09 10:36 Thu,,false,,,,false,greenhouse:Pinterest:8022497
Pinterest:8081505,Pinterest,"Sr. Client Account Manager, Home Retail","San Francisco, CA, US; Los Angeles, CA, US",North America Enterprise Sales,https://www.pinterestcareers.com/jobs/?gh_jid=8081505,2026-08-20T20:37:13-04:00,2026-08-20,2026-07-30T18:59:37+00:00,2026-07-30 11:59 Thu,,false,,,,false,greenhouse:Pinterest:8081505
Pinterest:8081452,Pinterest,"Sr. Client Account Manager, Home Retail","New York, NY, US",North America Enterprise Sales,https://www.pinterestcareers.com/jobs/?gh_jid=8081452,2026-08-26T16:31:53-04:00,2026-08-26,2026-08-19T18:42:08+00:00,2026-08-19 11:42 Wed,,false,,,,false,greenhouse:Pinterest:8081452
Pinterest:8119902,Pinterest,"Sr. Client Account Manager, Household & Beverage","Toronto, ON, CA",North America Enterprise Sales,https://www.pinterestcareers.com/jobs/?gh_jid=8119902,2026-08-20T20:38:59-04:00,2026-08-20,2026-08-17T14:41:37+00:00,2026-08-17 07:41 Mon,,false,,,,false,greenhouse:Pinterest:8119902
Pinterest:7903944,Pinterest,"Sr. Client Account Manager, Mid-Market","Chicago, IL, US",SMB Sales,https://www.pinterestcareers.com/jobs/?gh_jid=7903944,2026-07-28T16:24:14-04:00,2026-07-28,2026-07-08T02:45:08+00:00,2026-07-07 19:45 Tue,,false,,,,false,greenhouse:Pinterest:7903944
Pinterest:7903918,Pinterest,"Sr. Client Account Manager, Mid-Market UK/I","Dublin, IE",SMB Sales,https://www.pinterestcareers.com/jobs/?gh_jid=7903918,2026-07-07T14:37:35-04:00,2026-07-07,2026-07-08T02:45:08+00:00,2026-07-07 19:45 Tue,,false,,,,false,greenhouse:Pinterest:7903918
Pinterest:7994524,Pinterest,"Sr. Client Account Manager, Omnichannel Retail","Toronto, ON, CA",North America Enterprise Sales,https://www.pinterestcareers.com/jobs/?gh_jid=7994524,2026-06-18T13:04:09-04:00,2026-06-18,2026-07-08T02:45:08+00:00,2026-07-07 19:45 Tue,,false,,,,false,greenhouse:Pinterest:7994524
Pinterest:7940391,Pinterest,"Sr. Client Account Manager, Pharma","New York, NY, US",North America Enterprise Sales,https://www.pinterestcareers.com/jobs/?gh_jid=7940391,2026-08-20T20:29:33-04:00,2026-08-20,2026-07-29T20:41:56+00:00,2026-07-29 13:41 Wed,,false,,,,false,greenhouse:Pinterest:7940391
Pinterest:8054838,Pinterest,"Sr. Client Account Manager, Tech","New York, NY, US",North America Enterprise Sales,https://www.pinterestcareers.com/jobs/?gh_jid=8054838,2026-08-20T20:36:24-04:00,2026-08-20,2026-07-15T17:59:55+00:00,2026-07-15 10:59 Wed,,false,,,,false,greenhouse:Pinterest:8054838
Pinterest:8107543,Pinterest,"Sr. Client Account Manager, Tractor Supply & Paint","Atlanta, GA, US",North America Enterprise Sales,https://www.pinterestcareers.com/jobs/?gh_jid=8107543,2026-08-24T16:46:56-04:00,2026-08-24,2026-08-12T21:17:42+00:00,2026-08-12 14:17 Wed,,false,,,,false,greenhouse:Pinterest:8107543
Pinterest:8112049,Pinterest,"Sr. Client Account Manager, Walmart","New York, NY, US",North America Enterprise Sales,https://www.pinterestcareers.com/jobs/?gh_jid=8112049,2026-09-01T03:02:48-04:00,2026-09-01,2026-08-17T15:17:38+00:00,2026-08-17 08:17 Mon,,false,,,,false,greenhouse:Pinterest:8112049
Pinterest:7971963,Pinterest,Sr. Client Partner,"Amsterdam, NL",Europe Enterprise Sales,https://www.pinterestcareers.com/jobs/?gh_jid=7971963,2026-07-01T03:07:11-04:00,2026-07-01,2026-07-08T02:45:08+00:00,2026-07-07 19:45 Tue,,false,,,,false,greenhouse:Pinterest:7971963
Pinterest:8016728,Pinterest,Sr. Client Partner,"Amsterdam, NL",Europe Enterprise Sales,https://www.pinterestcareers.com/jobs/?gh_jid=8016728,2026-07-21T11:24:09-04:00,2026-07-21,2026-07-21T15:41:30+00:00,2026-07-21 08:41 Tue,,false,,,,false,greenhouse:Pinterest:8016728
Pinterest:8023269,Pinterest,Sr. Client Partner,"Mexico City, MX",LATAM Enterprise Sales,https://www.pinterestcareers.com/jobs/?gh_jid=8023269,2026-07-28T16:24:14-04:00,2026-07-28,2026-07-22T17:48:42+00:00,2026-07-22 10:48 Wed,,false,,,,false,greenhouse:Pinterest:8023269
Pinterest:8083868,Pinterest,Sr. Client Partner,"Mexico City, MX",LATAM Enterprise Sales,https://www.pinterestcareers.com/jobs/?gh_jid=8083868,2026-07-28T12:44:03-04:00,2026-07-28,2026-07-28T16:59:27+00:00,2026-07-28 09:59 Tue,,false,,,,false,greenhouse:Pinterest:8083868
Pinterest:7771049,Pinterest,Sr. Client Partner,"Buenos Aires, AR",LATAM Enterprise Sales,https://www.pinterestcareers.com/jobs/?gh_jid=7771049,2026-08-20T20:28:30-04:00,2026-08-20,2026-07-28T19:41:49+00:00,2026-07-28 12:41 Tue,,false,,,,false,greenhouse:Pinterest:7771049
Pinterest:8093284,Pinterest,Sr. Client Partner,"São Paulo, BR",LATAM Enterprise Sales,https://www.pinterestcareers.com/jobs/?gh_jid=8093284,2026-08-11T14:02:26-04:00,2026-08-11,2026-08-11T18:17:51+00:00,2026-08-11 11:17 Tue,,false,,,,false,greenhouse:Pinterest:8093284
Pinterest:8102740,Pinterest,Sr. Client Partner (12 Months Fixed Term),"Sydney, AU",APAC Enterprise Sales,https://www.pinterestcareers.com/jobs/?gh_jid=8102740,2026-08-03T23:00:55-04:00,2026-08-03,2026-08-04T03:17:33+00:00,2026-08-03 20:17 Mon,,false,,,,false,greenhouse:Pinterest:8102740
Pinterest:8102742,Pinterest,Sr. Client Partner (6 Months Fixed Term),"Sydney, AU",APAC Enterprise Sales,https://www.pinterestcareers.com/jobs/?gh_jid=8102742,2026-08-03T23:01:08-04:00,2026-08-03,2026-08-04T03:17:33+00:00,2026-08-03 20:17 Mon,,false,,,,false,greenhouse:Pinterest:8102742
Pinterest:8067109,Pinterest,Sr. Client Partner (6-Month Fixed Term),"Madrid, ES",Europe Enterprise Sales,https://www.pinterestcareers.com/jobs/?gh_jid=8067109,2026-07-28T16:24:14-04:00,2026-07-28,2026-07-21T17:41:49+00:00,2026-07-21 10:41 Tue,,false,,,,false,greenhouse:Pinterest:8067109
Pinterest:8098379,Pinterest,Sr. Client Partner (8-Month Fixed Term),"Paris, FR",Europe Enterprise Sales,https://www.pinterestcareers.com/jobs/?gh_jid=8098379,2026-08-20T20:37:38-04:00,2026-08-20,2026-08-12T22:41:48+00:00,2026-08-12 15:41 Wed,,false,,,,false,greenhouse:Pinterest:8098379
Pinterest:8074880,Pinterest,"Sr. Client Partner [12-Month Fixed Term] Beauty, Health and Household","Hamburg, DE",Europe Enterprise Sales,https://www.pinterestcareers.com/jobs/?gh_jid=8074880,2026-08-20T20:37:14-04:00,2026-08-20,2026-07-22T06:59:18+00:00,2026-07-21 23:59 Tue,,false,,,,false,greenhouse:Pinterest:8074880
Pinterest:8074872,Pinterest,Sr. Client Partner [12-Month Fixed Term] Entertainment and Telco,"Hamburg, DE",Europe Enterprise Sales,https://www.pinterestcareers.com/jobs/?gh_jid=8074872,2026-08-20T20:36:56-04:00,2026-08-20,2026-07-22T06:59:18+00:00,2026-07-21 23:59 Tue,,false,,,,false,greenhouse:Pinterest:8074872
Pinterest:8071595,Pinterest,"Sr. Client Partner, Amazon – Emerging Line of Business","New York, New York, US",North America Enterprise Sales,https://www.pinterestcareers.com/jobs/?gh_jid=8071595,2026-08-20T20:36:36-04:00,2026-08-20,2026-07-23T18:59:27+00:00,2026-07-23 11:59 Thu,,false,,,,false,greenhouse:Pinterest:8071595
Pinterest:8126331,Pinterest,"Sr. Client Partner, Brand Sales (tvScientific) ","San Francisco, CA, US",tvScientific,https://www.pinterestcareers.com/jobs/?gh_jid=8126331,2026-08-20T20:39:13-04:00,2026-08-20,2026-08-14T20:41:46+00:00,2026-08-14 13:41 Fri,,false,,,,false,greenhouse:Pinterest:8126331
Pinterest:7671759,Pinterest,"Sr. Client Partner, Grocery","Chicago, IL, US",North America Enterprise Sales,https://www.pinterestcareers.com/jobs/?gh_jid=7671759,2026-08-20T20:25:20-04:00,2026-08-20,2026-08-18T16:12:25+00:00,2026-08-18 09:12 Tue,,false,,,,false,greenhouse:Pinterest:7671759
Pinterest:8046828,Pinterest,"Sr. Client Partner, Leave Coverage Program","New York, NY, US; Remote, US",North America Enterprise Sales,https://www.pinterestcareers.com/jobs/?gh_jid=8046828,2026-07-28T16:24:14-04:00,2026-07-28,2026-07-14T16:42:13+00:00,2026-07-14 09:42 Tue,,false,,,,false,greenhouse:Pinterest:8046828
Pinterest:7903955,Pinterest,"Sr. Client Partner, Mid-Market","Chicago, IL, US",SMB Sales,https://www.pinterestcareers.com/jobs/?gh_jid=7903955,2026-08-20T20:29:14-04:00,2026-08-20,2026-07-08T02:45:08+00:00,2026-07-07 19:45 Tue,,false,,,,false,greenhouse:Pinterest:7903955
Pinterest:7903920,Pinterest,"Sr. Client Partner, Mid-Market UK/I","Dublin, IE",SMB Sales,https://www.pinterestcareers.com/jobs/?gh_jid=7903920,2026-07-07T14:37:37-04:00,2026-07-07,2026-07-08T02:45:08+00:00,2026-07-07 19:45 Tue,,false,,,,false,greenhouse:Pinterest:7903920
Pinterest:8081509,Pinterest,"Sr. Client Partner, Retail Media","Chicago, IL, US",North America Enterprise Sales,https://www.pinterestcareers.com/jobs/?gh_jid=8081509,2026-08-20T20:37:18-04:00,2026-08-20,2026-07-28T23:50:03+00:00,2026-07-28 16:50 Tue,,false,,,,false,greenhouse:Pinterest:8081509
Pinterest:7775727,Pinterest,"Sr. Counsel, Product","San Francisco, CA, US; Remote, US",Legal,https://www.pinterestcareers.com/jobs/?gh_jid=7775727,2026-08-28T14:07:35-04:00,2026-08-28,2026-08-28T18:17:46+00:00,2026-08-28 11:17 Fri,,false,,,,false,greenhouse:Pinterest:7775727
Pinterest:7988897,Pinterest,Sr. Data Analyst,"Los Angeles, CA, US; Remote, CA, US",Global Content Organization,https://www.pinterestcareers.com/jobs/?gh_jid=7988897,2026-08-04T15:07:17-04:00,2026-08-04,2026-08-04T19:17:43+00:00,2026-08-04 12:17 Tue,,false,,,,false,greenhouse:Pinterest:7988897
Pinterest:6087213,Pinterest,"Sr. Data Scientist, Core","San Francisco, CA, US; Remote, US","Engineering, Product and Design (L2)",https://www.pinterestcareers.com/jobs/?gh_jid=6087213,2026-07-28T16:24:14-04:00,2026-07-28,2026-07-22T18:18:09+00:00,2026-07-22 11:18 Wed,,false,,,,false,greenhouse:Pinterest:6087213
Pinterest:8024966,Pinterest,"Sr. Data Scientist, Infrastructure","San Francisco, CA, US; Remote, US",Infrastructure and SRE,https://www.pinterestcareers.com/jobs/?gh_jid=8024966,2026-08-31T16:07:58-04:00,2026-08-31,2026-07-08T02:45:08+00:00,2026-07-07 19:45 Tue,,false,,,,false,greenhouse:Pinterest:8024966
Pinterest:8011376,Pinterest,"Sr. Data Scientist, Marketing","San Francisco, CA, US; Remote, US",Marketing,https://www.pinterestcareers.com/jobs/?gh_jid=8011376,2026-08-31T16:05:28-04:00,2026-08-31,2026-07-08T02:45:08+00:00,2026-07-07 19:45 Tue,,false,,,,false,greenhouse:Pinterest:8011376
Pinterest:5740948,Pinterest,"Sr. Data Scientist, Monetization","San Francisco, CA, US; Seattle, WA, US","Engineering, Product and Design (L2)",https://www.pinterestcareers.com/jobs/?gh_jid=5740948,2026-07-28T16:24:14-04:00,2026-07-28,2026-07-08T02:45:08+00:00,2026-07-07 19:45 Tue,,false,,,,false,greenhouse:Pinterest:5740948
Pinterest:8014770,Pinterest,"Sr. Data Scientist, Performance Marketing","San Francisco, CA, US; Remote, US",Marketing,https://www.pinterestcareers.com/jobs/?gh_jid=8014770,2026-07-28T16:24:14-04:00,2026-07-28,2026-07-08T02:45:08+00:00,2026-07-07 19:45 Tue,,false,,,,false,greenhouse:Pinterest:8014770
Pinterest:7793344,Pinterest,"Sr. Data Scientist, Trust and Safety","San Francisco, CA, US; Remote, CA, US",Core Engineering,https://www.pinterestcareers.com/jobs/?gh_jid=7793344,2026-06-30T13:10:03-04:00,2026-06-30,2026-07-08T02:45:08+00:00,2026-07-07 19:45 Tue,,false,,,,false,greenhouse:Pinterest:7793344
Pinterest:7642251,Pinterest,"Sr. Data Scientist, tvScientific","San Francisco, CA, US; Remote, US",tvScientific,https://www.pinterestcareers.com/jobs/?gh_jid=7642251,2026-08-20T20:25:00-04:00,2026-08-20,2026-07-08T02:45:08+00:00,2026-07-07 19:45 Tue,,false,,,,false,greenhouse:Pinterest:7642251
Pinterest:7770895,Pinterest,"Sr. Director, Consumer Communications","San Francisco, CA, US; Los Angeles, CA, US; New York, NY, US",Communications,https://www.pinterestcareers.com/jobs/?gh_jid=7770895,2026-08-20T20:25:37-04:00,2026-08-20,2026-07-30T21:41:24+00:00,2026-07-30 14:41 Thu,,false,,,,false,greenhouse:Pinterest:7770895
Pinterest:8093282,Pinterest,"Sr. Director, Corporate Communications","Los Angeles, CA, US; New York, CA, US; San Francisco, CA, US",Communications,https://www.pinterestcareers.com/jobs/?gh_jid=8093282,2026-08-20T20:37:43-04:00,2026-08-20,2026-07-29T23:41:19+00:00,2026-07-29 16:41 Wed,,false,,,,false,greenhouse:Pinterest:8093282
Pinterest:8162586,Pinterest,"Sr. Director, Engineering - TwoTwenty (Innovation Lab)","San Francisco, CA, US; Palo Alto, CA, US; Seattle, WA, US",Two Twenty,https://www.pinterestcareers.com/jobs/?gh_jid=8162586,2026-08-31T15:02:04-04:00,2026-08-31,2026-08-31T19:18:03+00:00,2026-08-31 12:18 Mon,,false,,,,false,greenhouse:Pinterest:8162586
Pinterest:8157109,Pinterest,"Sr. Director, Security Engineering","Palo Alto, CA, US; San Francisco, CA, US",Security,https://www.pinterestcareers.com/jobs/?gh_jid=8157109,2026-08-26T18:41:19-04:00,2026-08-26,2026-08-26T22:59:41+00:00,2026-08-26 15:59 Wed,,false,,,,false,greenhouse:Pinterest:8157109
Pinterest:8157108,Pinterest,"Sr. Director, Security Engineering","Palo Alto, CA, US; San Francisco, CA, US",Security,https://www.pinterestcareers.com/jobs/?gh_jid=8157108,2026-08-31T16:12:31-04:00,2026-08-31,2026-08-26T23:17:21+00:00,2026-08-26 16:17 Wed,,false,,,,false,greenhouse:Pinterest:8157108
Pinterest:7782569,Pinterest,"Sr. Engineering Manager, Programmatic Ad Tech, tvScientific","San Francisco, CA, US; Remote, US",tvScientific,https://www.pinterestcareers.com/jobs/?gh_jid=7782569,2026-08-20T20:28:44-04:00,2026-08-20,2026-07-08T02:45:08+00:00,2026-07-07 19:45 Tue,,false,,,,false,greenhouse:Pinterest:7782569
Pinterest:7807888,Pinterest,Sr. Industry Manager,"Tokyo, JP",APAC Enterprise Sales,https://www.pinterestcareers.com/jobs/?gh_jid=7807888,2026-08-31T16:03:57-04:00,2026-08-31,2026-07-08T02:45:08+00:00,2026-07-07 19:45 Tue,,false,,,,false,greenhouse:Pinterest:7807888
Pinterest:8084337,Pinterest,Sr. Industry Manager,"Buenos Aires, AR",LATAM Enterprise Sales,https://www.pinterestcareers.com/jobs/?gh_jid=8084337,2026-08-20T20:37:27-04:00,2026-08-20,2026-07-28T19:41:49+00:00,2026-07-28 12:41 Tue,,false,,,,false,greenhouse:Pinterest:8084337
Pinterest:8011928,Pinterest,"Sr. Industry Manager, Ecommerce","New York, NY, US",North America Enterprise Sales,https://www.pinterestcareers.com/jobs/?gh_jid=8011928,2026-08-20T20:30:56-04:00,2026-08-20,2026-07-23T20:18:14+00:00,2026-07-23 13:18 Thu,,false,,,,false,greenhouse:Pinterest:8011928
Pinterest:7903928,Pinterest,"Sr. Industry Manager, Mid-Market","Chicago, IL, US",SMB Sales,https://www.pinterestcareers.com/jobs/?gh_jid=7903928,2026-07-07T17:27:20-04:00,2026-07-07,2026-07-08T02:45:08+00:00,2026-07-07 19:45 Tue,,false,,,,false,greenhouse:Pinterest:7903928
Pinterest:7989247,Pinterest,"Sr. Industry Manager, Retail","New York, NY, US; Chicago, IL, US",North America Enterprise Sales,https://www.pinterestcareers.com/jobs/?gh_jid=7989247,2026-08-20T20:30:19-04:00,2026-08-20,2026-07-30T18:59:37+00:00,2026-07-30 11:59 Thu,,false,,,,false,greenhouse:Pinterest:7989247
Pinterest:7678256,Pinterest,Sr. Insights Solutions Partner,"London, UK",Ads Product & Innovation,https://www.pinterestcareers.com/jobs/?gh_jid=7678256,2026-08-20T20:25:25-04:00,2026-08-20,2026-07-08T02:45:08+00:00,2026-07-07 19:45 Tue,,false,,,,false,greenhouse:Pinterest:7678256
Pinterest:7663075,Pinterest,"Sr. Lead Client Partner, Financial Services","New York, NY, US",North America Enterprise Sales,https://www.pinterestcareers.com/jobs/?gh_jid=7663075,2026-07-28T16:24:14-04:00,2026-07-28,2026-07-08T02:45:08+00:00,2026-07-07 19:45 Tue,,false,,,,false,greenhouse:Pinterest:7663075
Pinterest:8026860,Pinterest,"Sr. Lead Client Partner, Real Money Gaming (tvScientific) ","New York, NY, US; Remote, NY, US",tvScientific,https://www.pinterestcareers.com/jobs/?gh_jid=8026860,2026-09-01T23:28:59-04:00,2026-09-01,2026-08-05T18:59:20+00:00,2026-08-05 11:59 Wed,,false,,,,false,greenhouse:Pinterest:8026860
Pinterest:8097938,Pinterest,"Sr. Lead, Corporate Communications","New York, NY, US; Remote, US",Communications,https://www.pinterestcareers.com/jobs/?gh_jid=8097938,2026-08-31T11:17:41-04:00,2026-08-31,2026-08-24T20:50:10+00:00,2026-08-24 13:50 Mon,,false,,,,false,greenhouse:Pinterest:8097938
Pinterest:6894747,Pinterest,"Sr. Machine Learning Engineer, Applied Science","San Francisco, CA, US; Remote, US","Engineering, Product and Design (L2)",https://www.pinterestcareers.com/jobs/?gh_jid=6894747,2026-07-28T16:24:14-04:00,2026-07-28,2026-07-08T02:45:08+00:00,2026-07-07 19:45 Tue,,false,,,,false,greenhouse:Pinterest:6894747
Pinterest:5691478,Pinterest,"Sr. Machine Learning Engineer, Core Engineering","Toronto, ON, CA",Core Engineering,https://www.pinterestcareers.com/jobs/?gh_jid=5691478,2026-08-27T09:30:06-04:00,2026-08-27,2026-07-08T02:45:08+00:00,2026-07-07 19:45 Tue,,false,,,,false,greenhouse:Pinterest:5691478
Pinterest:6121464,Pinterest,"Sr. Machine Learning Engineer, Core Engineering ","San Francisco, CA, US; Palo Alto, CA, US; Seattle, WA, US",Core Engineering,https://www.pinterestcareers.com/jobs/?gh_jid=6121464,2026-07-28T16:24:14-04:00,2026-07-28,2026-07-08T02:45:08+00:00,2026-07-07 19:45 Tue,,false,,,,false,greenhouse:Pinterest:6121464
Pinterest:6121551,Pinterest,"Sr. Machine Learning Engineer, Monetization Engineering","San Francisco, CA, US; Palo Alto, CA, US; Seattle, WA, US",Monetization,https://www.pinterestcareers.com/jobs/?gh_jid=6121551,2026-07-28T16:24:14-04:00,2026-07-28,2026-07-08T02:45:08+00:00,2026-07-07 19:45 Tue,,false,,,,false,greenhouse:Pinterest:6121551
Pinterest:7494938,Pinterest,"Sr. Machine Learning Engineer, Responsible AI– Applied Research Science","San Francisco, CA, US; Remote, CA, US",ATG,https://www.pinterestcareers.com/jobs/?gh_jid=7494938,2026-08-20T20:23:48-04:00,2026-08-20,2026-07-08T02:45:08+00:00,2026-07-07 19:45 Tue,,false,,,,false,greenhouse:Pinterest:7494938
Pinterest:7999050,Pinterest,"Sr. Machine Learning Engineer, tvScientific","San Francisco, CA, US; Remote, US",tvScientific,https://www.pinterestcareers.com/jobs/?gh_jid=7999050,2026-08-20T20:30:15-04:00,2026-08-20,2026-07-08T02:45:08+00:00,2026-07-07 19:45 Tue,,false,,,,false,greenhouse:Pinterest:7999050
Pinterest:7985917,Pinterest,"Sr. Manager, Communications DACH","Hamburg, DE",Communications,https://www.pinterestcareers.com/jobs/?gh_jid=7985917,2026-07-28T16:24:14-04:00,2026-07-28,2026-07-08T02:45:08+00:00,2026-07-07 19:45 Tue,,false,,,,false,greenhouse:Pinterest:7985917
Pinterest:6908633,Pinterest,"Sr. Manager, Engineering","Seattle,WA, US; Palo Alto, CA,US; San Francisco, CA, US; Remote, US",Core Engineering,https://www.pinterestcareers.com/jobs/?gh_jid=6908633,2026-08-31T15:50:35-04:00,2026-08-31,2026-08-24T20:41:41+00:00,2026-08-24 13:41 Mon,,false,,,,false,greenhouse:Pinterest:6908633
Pinterest:8015504,Pinterest,"Sr. Manager, Machine Learning Engineering-Applied Research","San Francisco, CA, US; Remote, US",ATG,https://www.pinterestcareers.com/jobs/?gh_jid=8015504,2026-08-20T20:33:02-04:00,2026-08-20,2026-08-04T20:59:36+00:00,2026-08-04 13:59 Tue,,false,,,,false,greenhouse:Pinterest:8015504
Pinterest:7763557,Pinterest,"Sr. Manager, Programmatic Ads Sales","New York, NY, US ",Programmatic Sales,https://www.pinterestcareers.com/jobs/?gh_jid=7763557,2026-08-21T14:34:23-04:00,2026-08-21,2026-08-21T18:41:50+00:00,2026-08-21 11:41 Fri,,false,,,,false,greenhouse:Pinterest:7763557
Pinterest:8129664,Pinterest,"Sr. Manager, Programmatic Tech Operations ","New York, NY, US",Programmatic Sales,https://www.pinterestcareers.com/jobs/?gh_jid=8129664,2026-08-24T14:18:27-04:00,2026-08-24,2026-08-21T18:41:50+00:00,2026-08-21 11:41 Fri,,false,,,,false,greenhouse:Pinterest:8129664
Pinterest:7678251,Pinterest,Sr. Measurement Partner,"London, UK",Global Client Solutions,https://www.pinterestcareers.com/jobs/?gh_jid=7678251,2026-06-25T06:52:43-04:00,2026-06-25,2026-07-08T02:45:08+00:00,2026-07-07 19:45 Tue,,false,,,,false,greenhouse:Pinterest:7678251
Pinterest:7678738,Pinterest,Sr. Measurement Partner,"Chicago, IL, US",Ads Product & Innovation,https://www.pinterestcareers.com/jobs/?gh_jid=7678738,2026-08-20T20:25:36-04:00,2026-08-20,2026-08-13T19:59:56+00:00,2026-08-13 12:59 Thu,,false,,,,false,greenhouse:Pinterest:7678738
Pinterest:8016636,Pinterest,Sr. Partner Support Engineer,"Dublin, IE",Global Content Organization,https://www.pinterestcareers.com/jobs/?gh_jid=8016636,2026-08-20T20:33:32-04:00,2026-08-20,2026-07-08T02:45:08+00:00,2026-07-07 19:45 Tue,,false,,,,false,greenhouse:Pinterest:8016636
Pinterest:7990523,Pinterest,Sr. Performance Solutions Partner,"Hamburg, DE",Global Client Solutions,https://www.pinterestcareers.com/jobs/?gh_jid=7990523,2026-06-22T10:35:45-04:00,2026-06-22,2026-07-08T02:45:08+00:00,2026-07-07 19:45 Tue,,false,,,,false,greenhouse:Pinterest:7990523
Pinterest:8016692,Pinterest,Sr. Performance Solutions Partner,"Singapore, SG",APAC Enterprise Sales,https://www.pinterestcareers.com/jobs/?gh_jid=8016692,2026-08-20T20:34:00-04:00,2026-08-20,2026-07-17T08:17:34+00:00,2026-07-17 01:17 Fri,,false,,,,false,greenhouse:Pinterest:8016692
Pinterest:8026874,Pinterest,Sr. Performance Solutions Partner (tvScientific),"New York, NY, US; Remote, US",tvScientific,https://www.pinterestcareers.com/jobs/?gh_jid=8026874,2026-07-08T16:25:27-04:00,2026-07-08,2026-07-08T20:36:19+00:00,2026-07-08 13:36 Wed,,false,,,,false,greenhouse:Pinterest:8026874
Pinterest:7770902,Pinterest,"Sr. Product Designer, Advertiser Experience","San Francisco, CA, US; Remote, US",Design,https://www.pinterestcareers.com/jobs/?gh_jid=7770902,2026-07-28T16:24:14-04:00,2026-07-28,2026-07-08T02:45:08+00:00,2026-07-07 19:45 Tue,,false,,,,false,greenhouse:Pinterest:7770902
Pinterest:7773951,Pinterest,"Sr. Product Designer, Agency Lead","San Francisco, CA, US; Remote, US",Design,https://www.pinterestcareers.com/jobs/?gh_jid=7773951,2026-07-10T11:30:32-04:00,2026-07-10,2026-07-10T15:37:18+00:00,2026-07-10 08:37 Fri,,false,,,,false,greenhouse:Pinterest:7773951
Pinterest:7638574,Pinterest,"Sr. Product Designer, Merchant AI-first Support","San Francisco, CA, US; Remote, US",Design,https://www.pinterestcareers.com/jobs/?gh_jid=7638574,2026-08-31T15:58:03-04:00,2026-08-31,2026-08-26T15:59:48+00:00,2026-08-26 08:59 Wed,,false,,,,false,greenhouse:Pinterest:7638574
Pinterest:7572846,Pinterest,"Sr. Product Manager, Ads Formats","San Francisco, CA, US; Remote, US",Ads Product,https://www.pinterestcareers.com/jobs/?gh_jid=7572846,2026-06-22T13:31:56-04:00,2026-06-22,2026-07-08T02:45:08+00:00,2026-07-07 19:45 Tue,,false,,,,false,greenhouse:Pinterest:7572846
Pinterest:8046820,Pinterest,"Sr. Product Manager, Core Saving Experience","San Francisco, CA, US; Remote, US",Core Product,https://www.pinterestcareers.com/jobs/?gh_jid=8046820,2026-08-20T20:35:39-04:00,2026-08-20,2026-07-16T20:42:02+00:00,2026-07-16 13:42 Thu,,false,,,,false,greenhouse:Pinterest:8046820
Pinterest:8015494,Pinterest,"Sr. Product Manager, Search Personalization","San Francisco, CA, US; Remote, US",Core Product,https://www.pinterestcareers.com/jobs/?gh_jid=8015494,2026-08-20T20:32:56-04:00,2026-08-20,2026-08-07T17:00:09+00:00,2026-08-07 10:00 Fri,,false,,,,false,greenhouse:Pinterest:8015494
Pinterest:8015519,Pinterest,"Sr. Product Manager, TwoTwenty","San Francisco, CA, US; Remote, US",Core Product,https://www.pinterestcareers.com/jobs/?gh_jid=8015519,2026-08-20T20:33:08-04:00,2026-08-20,2026-08-04T16:59:26+00:00,2026-08-04 09:59 Tue,,false,,,,false,greenhouse:Pinterest:8015519
Pinterest:7747172,Pinterest,Sr. Production Engineer,"Toronto, ON, Canada",Infrastructure and SRE,https://www.pinterestcareers.com/jobs/?gh_jid=7747172,2026-07-01T12:08:53-04:00,2026-07-01,2026-07-08T02:45:08+00:00,2026-07-07 19:45 Tue,,false,,,,false,greenhouse:Pinterest:7747172
Pinterest:7772875,Pinterest,"Sr. Production Engineer, Solutions Engineering","Chicago, IL, US; Remote, CA, US",Infrastructure and SRE,https://www.pinterestcareers.com/jobs/?gh_jid=7772875,2026-08-20T20:28:31-04:00,2026-08-20,2026-07-08T02:45:08+00:00,2026-07-07 19:45 Tue,,false,,,,false,greenhouse:Pinterest:7772875
Pinterest:7682046,Pinterest,Sr. Programmatic Ads Sales Partner,"New York, NY, US",Programmatic Sales,https://www.pinterestcareers.com/jobs/?gh_jid=7682046,2026-07-28T16:24:14-04:00,2026-07-28,2026-07-08T02:45:08+00:00,2026-07-07 19:45 Tue,,false,,,,false,greenhouse:Pinterest:7682046
Pinterest:8016632,Pinterest,"Sr. Programmatic Tech Operations Specialist, EMEA","London, UK",Programmatic Sales,https://www.pinterestcareers.com/jobs/?gh_jid=8016632,2026-08-20T20:33:29-04:00,2026-08-20,2026-07-20T10:41:12+00:00,2026-07-20 03:41 Mon,,false,,,,false,greenhouse:Pinterest:8016632
Pinterest:7638587,Pinterest,Sr. Project & Program Manager,"San Francisco, CA, US; Remote, US",Product Marketing,https://www.pinterestcareers.com/jobs/?gh_jid=7638587,2026-08-26T15:05:49-04:00,2026-08-26,2026-07-16T18:17:25+00:00,2026-07-16 11:17 Thu,,false,,,,false,greenhouse:Pinterest:7638587
Pinterest:7896444,Pinterest,Sr. Safety Specialist,"San Francisco, CA, US; Remote, US",Trust and Safety Ops,https://www.pinterestcareers.com/jobs/?gh_jid=7896444,2026-07-06T14:08:39-04:00,2026-07-06,2026-07-08T02:45:08+00:00,2026-07-07 19:45 Tue,,false,,,,false,greenhouse:Pinterest:7896444
Pinterest:8078133,Pinterest,Sr. Safety Specialist,"Dublin, IE",Trust and Safety Ops,https://www.pinterestcareers.com/jobs/?gh_jid=8078133,2026-07-30T13:57:33-04:00,2026-07-30,2026-07-30T18:05:40+00:00,2026-07-30 11:05 Thu,,false,,,,false,greenhouse:Pinterest:8078133
Pinterest:7983834,Pinterest,"Sr. Sales Manager, Retail","Paris, FR",Europe Enterprise Sales,https://www.pinterestcareers.com/jobs/?gh_jid=7983834,2026-08-20T20:29:59-04:00,2026-08-20,2026-07-08T02:45:08+00:00,2026-07-07 19:45 Tue,,false,,,,false,greenhouse:Pinterest:7983834
Pinterest:7746411,Pinterest,Sr. Sales Strategy & Operations Lead,"San Francisco, CA, US; New York, NY, US","Sales Strategy, Operations, and Enablement",https://www.pinterestcareers.com/jobs/?gh_jid=7746411,2026-07-10T19:14:37-04:00,2026-07-10,2026-07-10T23:35:50+00:00,2026-07-10 16:35 Fri,,false,,,,false,greenhouse:Pinterest:7746411
Pinterest:8036424,Pinterest,Sr. Sales Strategy & Operations Manager,"New York, NY, US; Remote, US",GBO Strategy & Operations,https://www.pinterestcareers.com/jobs/?gh_jid=8036424,2026-07-28T16:24:14-04:00,2026-07-28,2026-07-08T02:45:08+00:00,2026-07-07 19:45 Tue,,false,,,,false,greenhouse:Pinterest:8036424
Pinterest:8049076,Pinterest,Sr. Sales Strategy & Operations Manager (12-Month Fixed Term),"Amsterdam, NL",GBO Strategy & Operations,https://www.pinterestcareers.com/jobs/?gh_jid=8049076,2026-07-28T16:24:14-04:00,2026-07-28,2026-07-15T20:17:47+00:00,2026-07-15 13:17 Wed,,false,,,,false,greenhouse:Pinterest:8049076
Pinterest:7494708,Pinterest,"Sr. Security Software Engineer, Application Security","Chicago, IL, US; Remote, US",Security,https://www.pinterestcareers.com/jobs/?gh_jid=7494708,2026-08-20T20:22:31-04:00,2026-08-20,2026-07-08T02:45:08+00:00,2026-07-07 19:45 Tue,,false,,,,false,greenhouse:Pinterest:7494708
Pinterest:8096738,Pinterest,"Sr. Security Software Engineer, Security Operations   ","San Francisco, CA, US; Remote, US",Security,https://www.pinterestcareers.com/jobs/?gh_jid=8096738,2026-09-01T13:14:16-04:00,2026-09-01,2026-09-01T17:32:05+00:00,2026-09-01 10:32 Tue,,false,,,,false,greenhouse:Pinterest:8096738
Pinterest:7782550,Pinterest,"Sr. Site Reliability Engineer, tvScientific","San Francisco, CA, US; Remote, US",tvScientific,https://www.pinterestcareers.com/jobs/?gh_jid=7782550,2026-08-20T20:28:43-04:00,2026-08-20,2026-07-30T17:17:56+00:00,2026-07-30 10:17 Thu,,false,,,,false,greenhouse:Pinterest:7782550
Pinterest:7896332,Pinterest,Sr. Software Engineer,"Dublin, IE",Data Engineering,https://www.pinterestcareers.com/jobs/?gh_jid=7896332,2026-08-31T16:04:10-04:00,2026-08-31,2026-07-08T02:45:08+00:00,2026-07-07 19:45 Tue,,false,,,,false,greenhouse:Pinterest:7896332
Pinterest:8100299,Pinterest,Sr. Software Engineer,"Dublin, IE",Core Engineering,https://www.pinterestcareers.com/jobs/?gh_jid=8100299,2026-08-20T20:38:07-04:00,2026-08-20,2026-08-05T20:17:18+00:00,2026-08-05 13:17 Wed,,false,,,,false,greenhouse:Pinterest:8100299
Pinterest:8106377,Pinterest,Sr. Software Engineer ,"Dublin, IE",Core Engineering,https://www.pinterestcareers.com/jobs/?gh_jid=8106377,2026-08-19T09:48:06-04:00,2026-08-19,2026-08-06T08:17:10+00:00,2026-08-06 01:17 Thu,,false,,,,false,greenhouse:Pinterest:8106377
Pinterest:6510646,Pinterest,Sr. Software Engineer - Full Stack,"Toronto, ON, CA","Engineering, Product and Design (L2)",https://www.pinterestcareers.com/jobs/?gh_jid=6510646,2026-07-28T16:24:14-04:00,2026-07-28,2026-07-08T02:45:08+00:00,2026-07-07 19:45 Tue,,false,,,,false,greenhouse:Pinterest:6510646
Pinterest:5432095,Pinterest,"Sr. Software Engineer, Android","San Francisco, CA, US; Remote, US",Core Engineering,https://www.pinterestcareers.com/jobs/?gh_jid=5432095,2026-07-28T16:24:14-04:00,2026-07-28,2026-07-08T02:45:08+00:00,2026-07-07 19:45 Tue,,false,,,,false,greenhouse:Pinterest:5432095
Pinterest:5773689,Pinterest,"Sr. Software Engineer, Android","Toronto, ON, CA","Engineering, Product and Design (L2)",https://www.pinterestcareers.com/jobs/?gh_jid=5773689,2026-07-28T16:24:14-04:00,2026-07-28,2026-07-08T02:45:08+00:00,2026-07-07 19:45 Tue,,false,,,,false,greenhouse:Pinterest:5773689
Pinterest:4902175,Pinterest,"Sr. Software Engineer, Backend","San Francisco, CA, US; Remote, US","Engineering, Product and Design (L2)",https://www.pinterestcareers.com/jobs/?gh_jid=4902175,2026-07-28T16:24:14-04:00,2026-07-28,2026-07-08T02:45:08+00:00,2026-07-07 19:45 Tue,,false,,,,false,greenhouse:Pinterest:4902175
Pinterest:5572858,Pinterest,"Sr. Software Engineer, Backend","Toronto, ON, CA","Engineering, Product and Design (L2)",https://www.pinterestcareers.com/jobs/?gh_jid=5572858,2026-08-06T04:36:10-04:00,2026-08-06,2026-07-08T02:45:08+00:00,2026-07-07 19:45 Tue,,false,,,,false,greenhouse:Pinterest:5572858
Pinterest:7642272,Pinterest,"Sr. Software Engineer, Big Data, tvScientific","San Francisco, CA, US; Remote, US",tvScientific,https://www.pinterestcareers.com/jobs/?gh_jid=7642272,2026-07-28T16:24:14-04:00,2026-07-28,2026-07-08T02:45:08+00:00,2026-07-07 19:45 Tue,,false,,,,false,greenhouse:Pinterest:7642272
Pinterest:8011547,Pinterest,"Sr. Software Engineer, iOS","Toronto, ON, CA",Core Engineering,https://www.pinterestcareers.com/jobs/?gh_jid=8011547,2026-07-28T16:24:14-04:00,2026-07-28,2026-07-08T02:45:08+00:00,2026-07-07 19:45 Tue,,false,,,,false,greenhouse:Pinterest:8011547
Pinterest:7782563,Pinterest,"Sr. Software Engineer, Simulation, tvScientific","San Francisco, CA, US; Remote, US",tvScientific,https://www.pinterestcareers.com/jobs/?gh_jid=7782563,2026-06-13T06:17:08-04:00,2026-06-13,2026-07-08T02:45:08+00:00,2026-07-07 19:45 Tue,,false,,,,false,greenhouse:Pinterest:7782563
Pinterest:8024868,Pinterest,"Sr. Software Engineer, Web","Toronto, ON, CA",Core Engineering,https://www.pinterestcareers.com/jobs/?gh_jid=8024868,2026-07-28T16:24:14-04:00,2026-07-28,2026-07-08T02:45:08+00:00,2026-07-07 19:45 Tue,,false,,,,false,greenhouse:Pinterest:8024868
Pinterest:8082234,Pinterest,Sr. Sourcer (6 months fixed term contract),"Singapore, Singapore",Talent Acquisition,https://www.pinterestcareers.com/jobs/?gh_jid=8082234,2026-08-20T20:37:20-04:00,2026-08-20,2026-07-29T16:59:12+00:00,2026-07-29 09:59 Wed,,false,,,,false,greenhouse:Pinterest:8082234
Pinterest:7684660,Pinterest,"Sr. Staff Engineer, Performance Ad Formats ","San Francisco, CA, US; Palo Alto, CA, US",Monetization,https://www.pinterestcareers.com/jobs/?gh_jid=7684660,2026-06-04T16:28:58-04:00,2026-06-04,2026-07-08T02:45:08+00:00,2026-07-07 19:45 Tue,,false,,,,false,greenhouse:Pinterest:7684660
Pinterest:7919043,Pinterest,"Sr. Staff Machine Learning Engineer, Content Ecosystem","San Francisco, CA, US; Remote, US",Core Engineering,https://www.pinterestcareers.com/jobs/?gh_jid=7919043,2026-07-01T12:10:16-04:00,2026-07-01,2026-07-08T02:45:08+00:00,2026-07-07 19:45 Tue,,false,,,,false,greenhouse:Pinterest:7919043
Pinterest:7724254,Pinterest,"Sr. Staff Machine Learning Engineer, Content Quality","San Francisco, CA, US",Core Engineering,https://www.pinterestcareers.com/jobs/?gh_jid=7724254,2026-08-20T20:28:14-04:00,2026-08-20,2026-07-08T02:45:08+00:00,2026-07-07 19:45 Tue,,false,,,,false,greenhouse:Pinterest:7724254
Pinterest:8036258,Pinterest,"Sr. Staff Machine Learning Engineer, Monetization Engineering","San Francisco, CA, US; Palo Alto, CA, US; Seattle, WA, US",Monetization,https://www.pinterestcareers.com/jobs/?gh_jid=8036258,2026-07-28T16:24:14-04:00,2026-07-28,2026-07-08T02:45:08+00:00,2026-07-07 19:45 Tue,,false,,,,false,greenhouse:Pinterest:8036258
Pinterest:7684630,Pinterest,"Sr. Staff Product Owner, Accounting Systems","San Francisco, CA, US; Remote, US",IT,https://www.pinterestcareers.com/jobs/?gh_jid=7684630,2026-07-28T16:24:14-04:00,2026-07-28,2026-07-08T02:45:08+00:00,2026-07-07 19:45 Tue,,false,,,,false,greenhouse:Pinterest:7684630
Pinterest:7770911,Pinterest,Sr. Staff Quantitative Product Researcher,"San Francisco, CA, US; Remote, US",Design,https://www.pinterestcareers.com/jobs/?gh_jid=7770911,2026-08-20T20:25:54-04:00,2026-08-20,2026-08-14T16:59:42+00:00,2026-08-14 09:59 Fri,,false,,,,false,greenhouse:Pinterest:7770911
Pinterest:7782478,Pinterest,"Sr. Staff Software Engineer, Ads Measurement","Seattle, WA, US; Palo Alto, CA, US; San Francisco, CA, US",Monetization,https://www.pinterestcareers.com/jobs/?gh_jid=7782478,2026-06-11T12:51:57-04:00,2026-06-11,2026-07-08T02:45:08+00:00,2026-07-07 19:45 Tue,,false,,,,false,greenhouse:Pinterest:7782478
Pinterest:7842999,Pinterest,"Sr. Staff Software Engineer, Advertiser and Seller Experience","San Francisco, CA, US; Palo Alto, CA, US",Monetization,https://www.pinterestcareers.com/jobs/?gh_jid=7842999,2026-06-10T17:43:07-04:00,2026-06-10,2026-07-08T02:45:08+00:00,2026-07-07 19:45 Tue,,false,,,,false,greenhouse:Pinterest:7842999
Pinterest:7494956,Pinterest,"Sr. Staff Software Engineer, Big Data Platform","Palo Alto; Seattle, WA; New York, NY; San Francisco, CA, US; Remote, US",Data Engineering,https://www.pinterestcareers.com/jobs/?gh_jid=7494956,2026-08-31T15:56:21-04:00,2026-08-31,2026-08-25T23:45:39+00:00,2026-08-25 16:45 Tue,,false,,,,false,greenhouse:Pinterest:7494956
Pinterest:7746946,Pinterest,"Sr. Staff Software Engineer, Data Product Platform","San Francisco, CA, US; Remote, US",Data Engineering,https://www.pinterestcareers.com/jobs/?gh_jid=7746946,2026-08-31T16:03:48-04:00,2026-08-31,2026-07-08T02:45:08+00:00,2026-07-07 19:45 Tue,,false,,,,false,greenhouse:Pinterest:7746946
Pinterest:8001913,Pinterest,"Sr. Staff Software Engineer, iOS Search and Shopping Journeys","San Francisco, CA, US; Remote, US",Core Engineering,https://www.pinterestcareers.com/jobs/?gh_jid=8001913,2026-08-20T20:30:32-04:00,2026-08-20,2026-07-08T02:45:08+00:00,2026-07-07 19:45 Tue,,false,,,,false,greenhouse:Pinterest:8001913
Pinterest:7770918,Pinterest,"Sr. Staff Software Engineer, Merchants","San Francisco, CA, US; Palo Alto, CA, US",Monetization,https://www.pinterestcareers.com/jobs/?gh_jid=7770918,2026-08-31T16:00:16-04:00,2026-08-31,2026-07-08T02:45:08+00:00,2026-07-07 19:45 Tue,,false,,,,false,greenhouse:Pinterest:7770918
Pinterest:8088867,Pinterest,"Sr. Staff Software Engineer, Pinterest Assistant","San Francisco, CA, US; Remote, US",Core Engineering,https://www.pinterestcareers.com/jobs/?gh_jid=8088867,2026-08-20T20:37:54-04:00,2026-08-20,2026-08-10T16:31:56+00:00,2026-08-10 09:31 Mon,,false,,,,false,greenhouse:Pinterest:8088867
Pinterest:7494648,Pinterest,Sr. Staff Technical Program Manager,"San Francisco, CA, US; Remote, US",Oversight Engineering,https://www.pinterestcareers.com/jobs/?gh_jid=7494648,2026-08-04T17:39:39-04:00,2026-08-04,2026-08-04T21:57:15+00:00,2026-08-04 14:57 Tue,,false,,,,false,greenhouse:Pinterest:7494648
Pinterest:7494652,Pinterest,"Sr. Staff Technical Program Manager, Monetization","San Francisco, CA, US; Remote, US",Oversight Engineering,https://www.pinterestcareers.com/jobs/?gh_jid=7494652,2026-08-22T21:13:50-04:00,2026-08-22,2026-07-23T17:59:20+00:00,2026-07-23 10:59 Thu,,false,,,,false,greenhouse:Pinterest:7494652
Pinterest:8082169,Pinterest,"Sr. Strategic Partner Manager, Content","New York, NY, US; Remote, US",Global Content Organization,https://www.pinterestcareers.com/jobs/?gh_jid=8082169,2026-08-21T09:55:02-04:00,2026-08-21,2026-08-19T22:47:20+00:00,2026-08-19 15:47 Wed,,false,,,,false,greenhouse:Pinterest:8082169
Pinterest:8011573,Pinterest,"Sr. Systems Engineer, Sales & Marketing","San Francisco, CA, US; Remote, US",IT,https://www.pinterestcareers.com/jobs/?gh_jid=8011573,2026-08-31T16:05:33-04:00,2026-08-31,2026-07-08T02:45:08+00:00,2026-07-07 19:45 Tue,,false,,,,false,greenhouse:Pinterest:8011573
Pinterest:7770927,Pinterest,"Sr. Technical Program Manager, Ads Performance","San Francisco, CA, US; Remote, US",Oversight Engineering,https://www.pinterestcareers.com/jobs/?gh_jid=7770927,2026-07-01T12:08:10-04:00,2026-07-01,2026-07-08T02:45:08+00:00,2026-07-07 19:45 Tue,,false,,,,false,greenhouse:Pinterest:7770927
Pinterest:7853059,Pinterest,"Sr. Technical Program Manager, Personalization","San Francisco, CA, US; Remote, US",Oversight Engineering,https://www.pinterestcareers.com/jobs/?gh_jid=7853059,2026-07-01T10:31:58-04:00,2026-07-01,2026-07-08T02:45:08+00:00,2026-07-07 19:45 Tue,,false,,,,false,greenhouse:Pinterest:7853059
Pinterest:7921160,Pinterest,Sr. Technical Support Engineer,"San Francisco, CA, US; Remote, US",Global Content Organization,https://www.pinterestcareers.com/jobs/?gh_jid=7921160,2026-07-28T16:24:14-04:00,2026-07-28,2026-07-08T02:45:08+00:00,2026-07-07 19:45 Tue,,false,,,,false,greenhouse:Pinterest:7921160
Pinterest:7902040,Pinterest,Sr. Treasury Analyst,"San Francisco, CA, US",Investor Relations,https://www.pinterestcareers.com/jobs/?gh_jid=7902040,2026-06-04T15:57:21-04:00,2026-06-04,2026-07-08T02:45:08+00:00,2026-07-07 19:45 Tue,,false,,,,false,greenhouse:Pinterest:7902040
Pinterest:7985294,Pinterest,"Staff Data Scientist, Ads Delivery","Seattle, WA, US; Remote, US",Monetization,https://www.pinterestcareers.com/jobs/?gh_jid=7985294,2026-07-01T12:10:44-04:00,2026-07-01,2026-07-08T02:45:08+00:00,2026-07-07 19:45 Tue,,false,,,,false,greenhouse:Pinterest:7985294
Pinterest:8026607,Pinterest,"Staff Data Scientist, Ads Delivery","San Francisco, CA, US; Remote, US",Monetization,https://www.pinterestcareers.com/jobs/?gh_jid=8026607,2026-08-20T20:34:38-04:00,2026-08-20,2026-08-03T19:15:11+00:00,2026-08-03 12:15 Mon,,false,,,,false,greenhouse:Pinterest:8026607
Pinterest:7963755,Pinterest,"Staff Data Scientist, Ads Product","San Francisco, CA, US; Seattle, WA, US",Monetization,https://www.pinterestcareers.com/jobs/?gh_jid=7963755,2026-08-31T16:04:49-04:00,2026-08-31,2026-07-08T02:45:08+00:00,2026-07-07 19:45 Tue,,false,,,,false,greenhouse:Pinterest:7963755
Pinterest:8036273,Pinterest,"Staff Data Scientist, Finance & Business Ops","San Francisco, CA, US; Remote, US",Finance,https://www.pinterestcareers.com/jobs/?gh_jid=8036273,2026-08-24T15:53:24-04:00,2026-08-24,2026-07-10T16:01:06+00:00,2026-07-10 09:01 Fri,,false,,,,false,greenhouse:Pinterest:8036273
Pinterest:8001932,Pinterest,"Staff Data Scientist, Forecasting","San Francisco, CA, US; Remote, US",Core Engineering,https://www.pinterestcareers.com/jobs/?gh_jid=8001932,2026-08-31T16:05:17-04:00,2026-08-31,2026-07-08T02:45:08+00:00,2026-07-07 19:45 Tue,,false,,,,false,greenhouse:Pinterest:8001932
Pinterest:8095343,Pinterest,"Staff Data Scientist, Notifications","San Francisco, CA, US; Remote, US",Core Engineering,https://www.pinterestcareers.com/jobs/?gh_jid=8095343,2026-08-31T16:10:04-04:00,2026-08-31,2026-08-04T21:41:51+00:00,2026-08-04 14:41 Tue,,false,,,,false,greenhouse:Pinterest:8095343
Pinterest:7679180,Pinterest,Staff Machine Learning Engineer,"San Francisco, CA, US; Remote, US",Monetization,https://www.pinterestcareers.com/jobs/?gh_jid=7679180,2026-06-04T16:28:57-04:00,2026-06-04,2026-07-08T02:45:08+00:00,2026-07-07 19:45 Tue,,false,,,,false,greenhouse:Pinterest:7679180
Pinterest:7902034,Pinterest,"Staff Machine Learning Engineer, Ads Conversion","San Francisco, CA, US; Palo Alto, CA, US; Seattle, WA, US",Monetization,https://www.pinterestcareers.com/jobs/?gh_jid=7902034,2026-06-13T06:14:23-04:00,2026-06-13,2026-07-08T02:45:08+00:00,2026-07-07 19:45 Tue,,false,,,,false,greenhouse:Pinterest:7902034
Pinterest:8011452,Pinterest,"Staff Machine Learning Engineer, Ads Conversion Core Modeling","San Francisco, CA, US; Palo Alto, CA, US; Seattle, WA, US",Monetization,https://www.pinterestcareers.com/jobs/?gh_jid=8011452,2026-08-31T16:05:30-04:00,2026-08-31,2026-07-08T21:12:15+00:00,2026-07-08 14:12 Wed,,false,,,,false,greenhouse:Pinterest:8011452
Pinterest:6482819,Pinterest,"Staff Machine Learning Engineer, Ads Measurement Products","San Francisco, CA, US; Palo Alto, CA, US; Seattle, WA, US",Monetization,https://www.pinterestcareers.com/jobs/?gh_jid=6482819,2026-06-04T16:28:57-04:00,2026-06-04,2026-07-08T02:45:08+00:00,2026-07-07 19:45 Tue,,false,,,,false,greenhouse:Pinterest:6482819
Pinterest:8015539,Pinterest,"Staff Machine Learning Engineer, Applied Research","San Francisco, CA, US; Remote, US",ATG,https://www.pinterestcareers.com/jobs/?gh_jid=8015539,2026-08-20T20:33:19-04:00,2026-08-20,2026-07-31T21:41:10+00:00,2026-07-31 14:41 Fri,,false,,,,false,greenhouse:Pinterest:8015539
Pinterest:7494765,Pinterest,"Staff Machine Learning Engineer, Programmatic Ads","San Francisco, CA, US; Palo Alto, CA, US; Seattle, WA, US",Monetization,https://www.pinterestcareers.com/jobs/?gh_jid=7494765,2026-07-28T16:24:14-04:00,2026-07-28,2026-07-08T02:45:08+00:00,2026-07-07 19:45 Tue,,false,,,,false,greenhouse:Pinterest:7494765
Pinterest:8049465,Pinterest,"Staff Machine Learning Engineer, Shopping Merchants ","Toronto, ON, CA, Remote, Canada ",Monetization,https://www.pinterestcareers.com/jobs/?gh_jid=8049465,2026-07-28T16:24:14-04:00,2026-07-28,2026-07-08T02:45:08+00:00,2026-07-07 19:45 Tue,,false,,,,false,greenhouse:Pinterest:8049465
Pinterest:8015537,Pinterest,"Staff Machine Learning Engineer, Visual AI","San Francisco, CA, US; Remote, US",ATG,https://www.pinterestcareers.com/jobs/?gh_jid=8015537,2026-08-20T15:33:39-04:00,2026-08-20,2026-07-13T17:58:57+00:00,2026-07-13 10:58 Mon,,false,,,,false,greenhouse:Pinterest:8015537
Pinterest:7770898,Pinterest,"Staff Motion Designer, Design Innovation","San Francisco, CA, US; Remote, CA, US",Design,https://www.pinterestcareers.com/jobs/?gh_jid=7770898,2026-08-20T20:25:41-04:00,2026-08-20,2026-08-13T20:41:47+00:00,2026-08-13 13:41 Thu,,false,,,,false,greenhouse:Pinterest:7770898
Pinterest:7839695,Pinterest,"Staff Product Designer, Design Innovation","San Francisco, CA, US; Remote, US",Design,https://www.pinterestcareers.com/jobs/?gh_jid=7839695,2026-08-31T16:04:02-04:00,2026-08-31,2026-07-08T02:45:08+00:00,2026-07-07 19:45 Tue,,false,,,,false,greenhouse:Pinterest:7839695
Pinterest:7747116,Pinterest,"Staff Product Designer, Patterns & Design Innovation","San Francisco, CA, US;  Remote, US",Design,https://www.pinterestcareers.com/jobs/?gh_jid=7747116,2026-07-01T11:50:27-04:00,2026-07-01,2026-07-08T02:45:08+00:00,2026-07-07 19:45 Tue,,false,,,,false,greenhouse:Pinterest:7747116
Pinterest:8050699,Pinterest,Staff Product Manager,"Toronto, ON, CA",Data Engineering,https://www.pinterestcareers.com/jobs/?gh_jid=8050699,2026-08-24T10:28:48-04:00,2026-08-24,2026-07-14T18:17:38+00:00,2026-07-14 11:17 Tue,,false,,,,false,greenhouse:Pinterest:8050699
Pinterest:7683962,Pinterest,"Staff Product Manager, Ads Measurement","New York, NY, US",Monetization,https://www.pinterestcareers.com/jobs/?gh_jid=7683962,2026-08-28T13:43:09-04:00,2026-08-28,2026-08-28T17:59:47+00:00,2026-08-28 10:59 Fri,,false,,,,false,greenhouse:Pinterest:7683962
Pinterest:7494932,Pinterest,"Staff Product Manager, Advertiser Experience","San Francisco, CA, US; Seattle, WA, US; Remote, CA, US",Ads Product,https://www.pinterestcareers.com/jobs/?gh_jid=7494932,2026-07-08T16:44:55-04:00,2026-07-08,2026-07-08T20:54:07+00:00,2026-07-08 13:54 Wed,,false,,,,false,greenhouse:Pinterest:7494932
Pinterest:7718015,Pinterest,"Staff Product Manager, AI Safety","San Francisco, CA, US; Remote, US",Trust and Safety Ops,https://www.pinterestcareers.com/jobs/?gh_jid=7718015,2026-08-31T16:03:40-04:00,2026-08-31,2026-07-08T02:45:08+00:00,2026-07-07 19:45 Tue,,false,,,,false,greenhouse:Pinterest:7718015
Pinterest:7368194,Pinterest,"Staff Product Manager, AI/ML Personalization","San Francisco, CA, US; Remote, US",Core Product,https://www.pinterestcareers.com/jobs/?gh_jid=7368194,2026-07-01T12:06:09-04:00,2026-07-01,2026-07-08T02:45:08+00:00,2026-07-07 19:45 Tue,,false,,,,false,greenhouse:Pinterest:7368194
Pinterest:8082033,Pinterest,"Staff Product Manager, Applied Science","San Francisco, CA, US; Remote, US",Core Product,https://www.pinterestcareers.com/jobs/?gh_jid=8082033,2026-08-20T20:37:19-04:00,2026-08-20,2026-08-20T00:04:12+00:00,2026-08-19 17:04 Wed,,false,,,,false,greenhouse:Pinterest:8082033
Pinterest:7955593,Pinterest,"Staff Product Manager, Billing","San Francisco, CA, US; Remote, CA, US",Ads Product,https://www.pinterestcareers.com/jobs/?gh_jid=7955593,2026-08-31T16:04:41-04:00,2026-08-31,2026-07-08T02:45:08+00:00,2026-07-07 19:45 Tue,,false,,,,false,greenhouse:Pinterest:7955593
Pinterest:7525112,Pinterest,"Staff Product Manager, Connections","San Francisco, CA, US; Remote, US",Core Product,https://www.pinterestcareers.com/jobs/?gh_jid=7525112,2026-08-20T20:24:21-04:00,2026-08-20,2026-07-14T17:17:24+00:00,2026-07-14 10:17 Tue,,false,,,,false,greenhouse:Pinterest:7525112
Pinterest:7905508,Pinterest,"Staff Product Manager, Model Lifecycle & Management","San Francisco, CA, US; Remote, US",Trust and Safety Ops,https://www.pinterestcareers.com/jobs/?gh_jid=7905508,2026-08-20T20:29:11-04:00,2026-08-20,2026-07-08T02:45:08+00:00,2026-07-07 19:45 Tue,,false,,,,false,greenhouse:Pinterest:7905508
Pinterest:7959458,Pinterest,"Staff Product Manager, Programmatic Ads","San Francisco, CA, US; Remote, CA, US",Monetization,https://www.pinterestcareers.com/jobs/?gh_jid=7959458,2026-08-20T20:29:49-04:00,2026-08-20,2026-08-06T00:59:36+00:00,2026-08-05 17:59 Wed,,false,,,,false,greenhouse:Pinterest:7959458
Pinterest:7494797,Pinterest,"Staff Product Owner, Collaboration & Productivity","Chicago, IL, US; Remote, US",IT,https://www.pinterestcareers.com/jobs/?gh_jid=7494797,2026-07-30T20:02:15-04:00,2026-07-30,2026-07-08T02:45:08+00:00,2026-07-07 19:45 Tue,,false,,,,false,greenhouse:Pinterest:7494797
Pinterest:7684618,Pinterest,"Staff Product Owner, Finance & Business Operations","San Francisco, CA, US; Remote, US",IT,https://www.pinterestcareers.com/jobs/?gh_jid=7684618,2026-07-28T16:24:14-04:00,2026-07-28,2026-07-08T02:45:08+00:00,2026-07-07 19:45 Tue,,false,,,,false,greenhouse:Pinterest:7684618
Pinterest:7908998,Pinterest,"Staff Software Engineer, Ads Manager Platform","San Francisco, CA, US; Palo Alto, CA, US",Monetization,https://www.pinterestcareers.com/jobs/?gh_jid=7908998,2026-06-26T11:57:32-04:00,2026-06-26,2026-07-08T02:45:08+00:00,2026-07-07 19:45 Tue,,false,,,,false,greenhouse:Pinterest:7908998
Pinterest:7494915,Pinterest,"Staff Software Engineer, Ads Measurement Products","San Francisco, CA, US; Remote, US",Monetization,https://www.pinterestcareers.com/jobs/?gh_jid=7494915,2026-08-31T15:55:39-04:00,2026-08-31,2026-07-08T02:45:08+00:00,2026-07-07 19:45 Tue,,false,,,,false,greenhouse:Pinterest:7494915
Pinterest:7494904,Pinterest,"Staff Software Engineer, Ads Measurement Signal ","Seattle, WA, US; Remote, US",Monetization,https://www.pinterestcareers.com/jobs/?gh_jid=7494904,2026-08-20T20:23:33-04:00,2026-08-20,2026-07-08T02:45:08+00:00,2026-07-07 19:45 Tue,,false,,,,false,greenhouse:Pinterest:7494904
Pinterest:7305880,Pinterest,"Staff Software Engineer, AI Tools","San Francisco, CA, US; Remote, US",IT,https://www.pinterestcareers.com/jobs/?gh_jid=7305880,2026-08-20T20:20:58-04:00,2026-08-20,2026-07-26T08:59:28+00:00,2026-07-26 01:59 Sun,,false,,,,false,greenhouse:Pinterest:7305880
Pinterest:7832348,Pinterest,"Staff Software Engineer, Batch Processing Platform","Seattle, WA, US; Remote, US",Data Engineering,https://www.pinterestcareers.com/jobs/?gh_jid=7832348,2026-07-28T16:24:14-04:00,2026-07-28,2026-07-08T02:45:08+00:00,2026-07-07 19:45 Tue,,false,,,,false,greenhouse:Pinterest:7832348
Pinterest:7437356,Pinterest,"Staff Software Engineer, Big Data Storage","Palo Alto, CA, US; Remote, US",Data Engineering,https://www.pinterestcareers.com/jobs/?gh_jid=7437356,2026-08-20T20:21:18-04:00,2026-08-20,2026-07-08T02:45:08+00:00,2026-07-07 19:45 Tue,,false,,,,false,greenhouse:Pinterest:7437356
Pinterest:7642253,Pinterest,"Staff Software Engineer, Big Data, tvScientific","San Francisco, CA, US; Remote, US",tvScientific,https://www.pinterestcareers.com/jobs/?gh_jid=7642253,2026-08-20T20:25:02-04:00,2026-08-20,2026-07-08T02:45:08+00:00,2026-07-07 19:45 Tue,,false,,,,false,greenhouse:Pinterest:7642253
Pinterest:7747067,Pinterest,"Staff Software Engineer, Cache Infra","San Francisco, CA, US; Palo Alto, CA, US",Data Engineering,https://www.pinterestcareers.com/jobs/?gh_jid=7747067,2026-06-04T16:28:58-04:00,2026-06-04,2026-07-08T02:45:08+00:00,2026-07-07 19:45 Tue,,false,,,,false,greenhouse:Pinterest:7747067
Pinterest:7908593,Pinterest,"Staff Software Engineer, Capacity Engineering","San Francisco, CA, US; Remote, US",Infrastructure and SRE,https://www.pinterestcareers.com/jobs/?gh_jid=7908593,2026-06-11T14:38:18-04:00,2026-06-11,2026-07-08T02:45:08+00:00,2026-07-07 19:45 Tue,,false,,,,false,greenhouse:Pinterest:7908593
Pinterest:7494668,Pinterest,"Staff Software Engineer, Capacity Engineering","San Francisco, CA, US; Remote, US",Data Engineering,https://www.pinterestcareers.com/jobs/?gh_jid=7494668,2026-08-20T20:22:19-04:00,2026-08-20,2026-07-16T16:57:09+00:00,2026-07-16 09:57 Thu,,false,,,,false,greenhouse:Pinterest:7494668
Pinterest:8076015,Pinterest,"Staff Software Engineer, Data Warehouse Foundation ","Palo Alto, CA, US; Remote, US",Data Engineering,https://www.pinterestcareers.com/jobs/?gh_jid=8076015,2026-08-31T16:09:30-04:00,2026-08-31,2026-08-24T20:59:47+00:00,2026-08-24 13:59 Mon,,false,,,,false,greenhouse:Pinterest:8076015
Pinterest:7990090,Pinterest,"Staff Software Engineer, Edge","US; Remote, US",Data Engineering,https://www.pinterestcareers.com/jobs/?gh_jid=7990090,2026-09-01T18:17:25-04:00,2026-09-01,2026-07-08T02:45:08+00:00,2026-07-07 19:45 Tue,,false,,,,false,greenhouse:Pinterest:7990090
Pinterest:7684634,Pinterest,"Staff Software Engineer, Merchants & Ads Review","San Francisco, CA, US; Palo Alto, CA, US",Monetization,https://www.pinterestcareers.com/jobs/?gh_jid=7684634,2026-06-09T16:33:37-04:00,2026-06-09,2026-07-08T02:45:08+00:00,2026-07-07 19:45 Tue,,false,,,,false,greenhouse:Pinterest:7684634
Pinterest:7954753,Pinterest,"Staff Software Engineer, Observability","San Francisco, CA, US; Remote, US",Data Engineering,https://www.pinterestcareers.com/jobs/?gh_jid=7954753,2026-08-20T20:29:42-04:00,2026-08-20,2026-07-08T02:45:08+00:00,2026-07-07 19:45 Tue,,false,,,,false,greenhouse:Pinterest:7954753
Pinterest:7990086,Pinterest,"Staff Software Engineer, Service Communications","San Francisco, CA, US; Remote, US",Data Engineering,https://www.pinterestcareers.com/jobs/?gh_jid=7990086,2026-09-01T18:17:23-04:00,2026-09-01,2026-07-08T02:45:08+00:00,2026-07-07 19:45 Tue,,false,,,,false,greenhouse:Pinterest:7990086
Pinterest:8047425,Pinterest,"Staff Software Engineer, Storage Services","New York, NY, US; Remote, US",Data Engineering,https://www.pinterestcareers.com/jobs/?gh_jid=8047425,2026-08-31T16:08:52-04:00,2026-08-31,2026-08-24T20:59:47+00:00,2026-08-24 13:59 Mon,,false,,,,false,greenhouse:Pinterest:8047425
Pinterest:7960984,Pinterest,"Staff Software Engineer, Trends Engineering ","San Francisco, CA, US; Remote, US",Monetization,https://www.pinterestcareers.com/jobs/?gh_jid=7960984,2026-07-28T16:24:14-04:00,2026-07-28,2026-07-08T02:45:08+00:00,2026-07-07 19:45 Tue,,false,,,,false,greenhouse:Pinterest:7960984
Pinterest:7408778,Pinterest,"Staff Software Engineer, TwoTwenty","San Francisco, CA, US; Remote, US",Two Twenty,https://www.pinterestcareers.com/jobs/?gh_jid=7408778,2026-08-31T15:51:42-04:00,2026-08-31,2026-08-27T20:59:51+00:00,2026-08-27 13:59 Thu,,false,,,,false,greenhouse:Pinterest:7408778
Pinterest:8075888,Pinterest,"Staff Software Engineer, Web Product Enablement ","San Francisco, CA, US; Remote, CA, US",Data Engineering,https://www.pinterestcareers.com/jobs/?gh_jid=8075888,2026-08-31T16:09:38-04:00,2026-08-31,2026-08-10T16:31:56+00:00,2026-08-10 09:31 Mon,,false,,,,false,greenhouse:Pinterest:8075888
Pinterest:7874931,Pinterest,Staff Software Engineer- Growth Performance Marketing,"San Francisco, CA, US; Remote, US",Core Engineering,https://www.pinterestcareers.com/jobs/?gh_jid=7874931,2026-08-20T20:29:01-04:00,2026-08-20,2026-07-08T02:45:08+00:00,2026-07-07 19:45 Tue,,false,,,,false,greenhouse:Pinterest:7874931
Pinterest:7770939,Pinterest,"Staff Systems Engineer, Oracle EBS, Accounting","San Francisco, CA, US; Remote, US",IT,https://www.pinterestcareers.com/jobs/?gh_jid=7770939,2026-08-20T20:26:29-04:00,2026-08-20,2026-07-29T20:41:56+00:00,2026-07-29 13:41 Wed,,false,,,,false,greenhouse:Pinterest:7770939
Pinterest:7771029,Pinterest,"Staff Systems Engineer, Oracle EBS, Integration","San Francisco, CA, US; Remote, US",IT,https://www.pinterestcareers.com/jobs/?gh_jid=7771029,2026-08-20T20:27:15-04:00,2026-08-20,2026-07-29T20:41:56+00:00,2026-07-29 13:41 Wed,,false,,,,false,greenhouse:Pinterest:7771029
Pinterest:7770953,Pinterest,"Staff Systems Engineer, Oracle EBS, Revenue","San Francisco, CA, US; Remote, US",IT,https://www.pinterestcareers.com/jobs/?gh_jid=7770953,2026-08-20T20:26:34-04:00,2026-08-20,2026-07-29T20:41:56+00:00,2026-07-29 13:41 Wed,,false,,,,false,greenhouse:Pinterest:7770953
Pinterest:7794123,Pinterest,"Staff Technical Program Manager, Ads Measurement","San Francisco, CA, US; Remote, US",Oversight Engineering,https://www.pinterestcareers.com/jobs/?gh_jid=7794123,2026-07-01T12:09:10-04:00,2026-07-01,2026-07-08T02:45:08+00:00,2026-07-07 19:45 Tue,,false,,,,false,greenhouse:Pinterest:7794123
Pinterest:7494634,Pinterest,"Staff Technical Program Manager, Compute Infrastructure","San Francisco, CA, US; Remote, US",Oversight Engineering,https://www.pinterestcareers.com/jobs/?gh_jid=7494634,2026-08-31T15:52:58-04:00,2026-08-31,2026-07-08T02:45:08+00:00,2026-07-07 19:45 Tue,,false,,,,false,greenhouse:Pinterest:7494634
Pinterest:8067933,Pinterest,"Staff Technical Program Manager, Data Science","San Francisco, CA, US; Remote, US",Oversight Engineering,https://www.pinterestcareers.com/jobs/?gh_jid=8067933,2026-08-31T13:00:03-04:00,2026-08-31,2026-07-30T02:41:35+00:00,2026-07-29 19:41 Wed,,false,,,,false,greenhouse:Pinterest:8067933
Pinterest:8049832,Pinterest,"Staff Technical Program Manager, Identity and Product Safety","San Francisco, CA, US; Remote, CA, US",Oversight Engineering,https://www.pinterestcareers.com/jobs/?gh_jid=8049832,2026-08-31T16:08:58-04:00,2026-08-31,2026-08-17T20:06:49+00:00,2026-08-17 13:06 Mon,,false,,,,false,greenhouse:Pinterest:8049832
Pinterest:7494686,Pinterest,"Staff Technical Program Manager, Monetization Data Science","San Francisco, CA, US; Remote, US",Oversight Engineering,https://www.pinterestcareers.com/jobs/?gh_jid=7494686,2026-08-20T20:22:28-04:00,2026-08-20,2026-07-08T02:45:08+00:00,2026-07-07 19:45 Tue,,false,,,,false,greenhouse:Pinterest:7494686
Pinterest:7957799,Pinterest,"Staff Technical Program Manager, Search Relevance","San Francisco, CA, US; Remote, US",Oversight Engineering,https://www.pinterestcareers.com/jobs/?gh_jid=7957799,2026-07-28T16:24:14-04:00,2026-07-28,2026-07-08T02:45:08+00:00,2026-07-07 19:45 Tue,,false,,,,false,greenhouse:Pinterest:7957799
Pinterest:7494650,Pinterest,"Staff Technical Program Manager, Security","San Francisco, CA, US; Remote, US",Oversight Engineering,https://www.pinterestcareers.com/jobs/?gh_jid=7494650,2026-08-20T20:22:14-04:00,2026-08-20,2026-07-29T18:04:34+00:00,2026-07-29 11:04 Wed,,false,,,,false,greenhouse:Pinterest:7494650
Pinterest:7997974,Pinterest,"Staff Technical Program Manager, SOX Compliance","San Francisco, CA, US; Remote, US",Oversight Engineering,https://www.pinterestcareers.com/jobs/?gh_jid=7997974,2026-06-22T12:50:05-04:00,2026-06-22,2026-07-08T02:45:08+00:00,2026-07-07 19:45 Tue,,false,,,,false,greenhouse:Pinterest:7997974
Pinterest:7648637,Pinterest,"Strategy & Operations Lead, Strategic Enablement, MC2","San Francisco, CA, US; Remote, US",Marketing,https://www.pinterestcareers.com/jobs/?gh_jid=7648637,2026-07-28T16:24:14-04:00,2026-07-28,2026-07-23T17:59:20+00:00,2026-07-23 10:59 Thu,,false,,,,false,greenhouse:Pinterest:7648637
