job_key,company,title,location,department,urls,date_posted,date_posted_iso,first_seen,first_seen_pt,track,scored,score_method,experience_score,reason,emailed,source_uids,source_dates,jd_state,jd_attempts,jd_first_failed,jd_last_attempt
Raytheon:https://globalhr.wd5.myworkdayjobs.com/en-US/rec_rtx_ext_gateway/job/US-TX-PLANO-465--465-Independence-Pkwy--INDEPENDENCE/XMLNAME-2026-Fulltime---Algorithm-Systems-Engineer-II---Osnite_01844364,Raytheon,2026 Fulltime - Algorithm Systems Engineer II - Osnite,US TX PLANO Independence Pkwy INDEPENDENCE,,https://globalhr.wd5.myworkdayjobs.com/en-US/rec_rtx_ext_gateway/job/US-TX-PLANO-465--465-Independence-Pkwy--INDEPENDENCE/XMLNAME-2026-Fulltime---Algorithm-Systems-Engineer-II---Osnite_01844364,,,2026-07-07T05:59:38+00:00,2026-07-06 22:59 Mon,,false,,,,false,speedyapply:SpeedyApply AI:https://globalhr.wd5.myworkdayjobs.com/en-US/rec_rtx_ext_gateway/job/US-TX-PLANO-465--465-Independence-Pkwy--INDEPENDENCE/XMLNAME-2026-Fulltime---Algorithm-Systems-Engineer-II---Osnite_01844364,,,,,
Raytheon:https://globalhr.wd5.myworkdayjobs.com/en-US/rec_rtx_ext_gateway/job/US-AZ-TUCSON-801--1151-E-Hermans-Rd--BLDG-801-External-Site/XMLNAME-2026-Fulltime-Raytheon-Software-Engineer-II---Test-Equipment---Onsite_01790413,Raytheon,2026 Fulltime Raytheon Software Engineer II - Test Equipment - Onsite,"Tucson, AZ",Software,https://globalhr.wd5.myworkdayjobs.com/rec_rtx_ext_gateway/job/US-AZ-TUCSON-801--1151-E-Hermans-Rd--BLDG-801-External-Site/XMLNAME-2026-Fulltime-Raytheon-Software-Engineer-II---Test-Equipment---Onsite_01790413|https://globalhr.wd5.myworkdayjobs.com/en-US/rec_rtx_ext_gateway/job/US-AZ-TUCSON-801--1151-E-Hermans-Rd--BLDG-801-External-Site/XMLNAME-2026-Fulltime-Raytheon-Software-Engineer-II---Test-Equipment---Onsite_01790413,2026-03-12,2026-03-12,2026-07-31T14:41:48+00:00,2026-07-31 07:41 Fri,Software Engineering,true,Keyword,40,keyword-only heuristic,false,speedyapply:SpeedyApply SWE:https://globalhr.wd5.myworkdayjobs.com/en-US/rec_rtx_ext_gateway/job/US-AZ-TUCSON-801--1151-E-Hermans-Rd--BLDG-801-External-Site/XMLNAME-2026-Fulltime-Raytheon-Software-Engineer-II---Test-Equipment---Onsite_01790413|simplify:Simplify New Grad:e4839ecb-2777-4886-93d2-c56612b08784,|2026-03-12,,,,
Raytheon:https://globalhr.wd5.myworkdayjobs.com/en-US/rec_rtx_ext_gateway/job/US-MA-MARLBOROUGH-MA2--1001-Boston-Post-Rd--BLDG-2/XMLNAME-2026-Raytheon-Full-Time---Receiver--Exciter----Processing-Architecture-Software-Engineer-I---Marlborough--MA--Onsite-_01848076,Raytheon,2026 Raytheon Full Time - Receiver - Exciter - & Processing Architecture Software Engineer I - Marlborough - MA - Onsite,"Marlborough, MA",Software,https://globalhr.wd5.myworkdayjobs.com/rec_rtx_ext_gateway/job/US-MA-MARLBOROUGH-MA2--1001-Boston-Post-Rd--BLDG-2/XMLNAME-2026-Raytheon-Full-Time---Receiver--Exciter----Processing-Architecture-Software-Engineer-I---Marlborough--MA--Onsite-_01848076|https://globalhr.wd5.myworkdayjobs.com/en-US/rec_rtx_ext_gateway/job/US-MA-MARLBOROUGH-MA2--1001-Boston-Post-Rd--BLDG-2/XMLNAME-2026-Raytheon-Full-Time---Receiver--Exciter----Processing-Architecture-Software-Engineer-I---Marlborough--MA--Onsite-_01848076,2026-05-27,2026-05-27,2026-10-05T23:16:36+00:00,2026-10-05 16:16 Mon,,false,,,,false,speedyapply:SpeedyApply SWE:https://globalhr.wd5.myworkdayjobs.com/en-US/rec_rtx_ext_gateway/job/US-MA-MARLBOROUGH-MA2--1001-Boston-Post-Rd--BLDG-2/XMLNAME-2026-Raytheon-Full-Time---Receiver--Exciter----Processing-Architecture-Software-Engineer-I---Marlborough--MA--Onsite-_01848076|simplify:Simplify New Grad:b4234a96-929f-4150-86ab-ed7b113836e8,|2026-05-27,,,,
Raytheon:https://globalhr.wd5.myworkdayjobs.com/en-US/rec_rtx_ext_gateway/job/US-MA-MARLBOROUGH-MA2--1001-Boston-Post-Rd--BLDG-2/XMLNAME-2026-Raytheon-Full-Time---Receiver--Exciter----Processing-Architecture-Software-Engineer-II---Marlborough--MA--Onsite-_01848078,Raytheon,2026 Raytheon Full Time - Receiver - Exciter - & Processing Architecture Software Engineer II - Marlborough - MA - Onsite,"Marlborough, MA",,https://globalhr.wd5.myworkdayjobs.com/en-US/rec_rtx_ext_gateway/job/US-MA-MARLBOROUGH-MA2--1001-Boston-Post-Rd--BLDG-2/XMLNAME-2026-Raytheon-Full-Time---Receiver--Exciter----Processing-Architecture-Software-Engineer-II---Marlborough--MA--Onsite-_01848078,,,2026-07-09T15:36:11+00:00,2026-07-09 08:36 Thu,Software Engineering,true,CLI,42,"The candidate has solid software engineering, C++/Python, and algorithm experience at roughly Software Engineer II level, but the resume lacks clear radar, RF receiver/exciter, embedded real-time, DSP, or defense systems experience central to this Raytheon role.",true,speedyapply:SpeedyApply SWE:https://globalhr.wd5.myworkdayjobs.com/en-US/rec_rtx_ext_gateway/job/US-MA-MARLBOROUGH-MA2--1001-Boston-Post-Rd--BLDG-2/XMLNAME-2026-Raytheon-Full-Time---Receiver--Exciter----Processing-Architecture-Software-Engineer-II---Marlborough--MA--Onsite-_01848078,,,,,
Raytheon:https://globalhr.wd5.myworkdayjobs.com/en-US/rec_rtx_ext_gateway/job/US-TX-MCKINNEY-513WD--2501-W-University-Dr--WING-D-BLDG/XMLNAME-2026-Raytheon-Full-Time---Software-Engineer-I---McKinney--TX--Onsite-_01853473,Raytheon,2026 Raytheon Full Time - Software Engineer I - McKinney - TX - Onsite,"McKinney, TX",,https://globalhr.wd5.myworkdayjobs.com/en-US/rec_rtx_ext_gateway/job/US-TX-MCKINNEY-513WD--2501-W-University-Dr--WING-D-BLDG/XMLNAME-2026-Raytheon-Full-Time---Software-Engineer-I---McKinney--TX--Onsite-_01853473,,,2026-07-14T14:17:06+00:00,2026-07-14 07:17 Tue,Software Engineering,true,Keyword,40,keyword-only heuristic,false,speedyapply:SpeedyApply SWE:https://globalhr.wd5.myworkdayjobs.com/en-US/rec_rtx_ext_gateway/job/US-TX-MCKINNEY-513WD--2501-W-University-Dr--WING-D-BLDG/XMLNAME-2026-Raytheon-Full-Time---Software-Engineer-I---McKinney--TX--Onsite-_01853473,,,,,
Raytheon:https://globalhr.wd5.myworkdayjobs.com/en-US/rec_rtx_ext_gateway/job/US-IN-FT-WAYNE-150A--1010-Production-Rd--BLDG-150A/XMLNAME-2026-Raytheon-Full-Time--Software-Engineer-I---Onsite-_01844595,Raytheon,2026 Raytheon Full Time- Software Engineer I -- Onsite,"FT WAYNE, IN",,https://globalhr.wd5.myworkdayjobs.com/en-US/rec_rtx_ext_gateway/job/US-IN-FT-WAYNE-150A--1010-Production-Rd--BLDG-150A/XMLNAME-2026-Raytheon-Full-Time--Software-Engineer-I---Onsite-_01844595,,,2026-07-15T14:17:27+00:00,2026-07-15 07:17 Wed,,false,,,,false,speedyapply:SpeedyApply SWE:https://globalhr.wd5.myworkdayjobs.com/en-US/rec_rtx_ext_gateway/job/US-IN-FT-WAYNE-150A--1010-Production-Rd--BLDG-150A/XMLNAME-2026-Raytheon-Full-Time--Software-Engineer-I---Onsite-_01844595,,,,,
Raytheon:https://globalhr.wd5.myworkdayjobs.com/en-US/rec_rtx_ext_gateway/job/US-CA-EL-SEGUNDO-E01--2000-E-El-Segundo-Blvd--BLDG-E01/XMLNAME-2026-Raytheon-Full-Time--Software-Engineer-I---Onsite-_01852152,Raytheon,2026 Raytheon Full Time- Software Engineer I -- Onsite,"El Segundo, CA",Software,https://globalhr.wd5.myworkdayjobs.com/rec_rtx_ext_gateway/job/US-CA-EL-SEGUNDO-E01--2000-E-El-Segundo-Blvd--BLDG-E01/XMLNAME-2026-Raytheon-Full-Time--Software-Engineer-I---Onsite-_01852152|https://globalhr.wd5.myworkdayjobs.com/en-US/rec_rtx_ext_gateway/job/US-CA-EL-SEGUNDO-E01--2000-E-El-Segundo-Blvd--BLDG-E01/XMLNAME-2026-Raytheon-Full-Time--Software-Engineer-I---Onsite-_01852152,2026-06-11,2026-06-11,2026-07-17T13:59:33+00:00,2026-07-17 06:59 Fri,Software Engineering,true,Keyword,40,keyword-only heuristic,false,speedyapply:SpeedyApply SWE:https://globalhr.wd5.myworkdayjobs.com/en-US/rec_rtx_ext_gateway/job/US-CA-EL-SEGUNDO-E01--2000-E-El-Segundo-Blvd--BLDG-E01/XMLNAME-2026-Raytheon-Full-Time--Software-Engineer-I---Onsite-_01852152|simplify:Simplify New Grad:70a25a5c-fceb-42fd-8775-06160a182225,|2026-06-11,,,,
Raytheon:https://globalhr.wd5.myworkdayjobs.com/en-US/rec_rtx_ext_gateway/job/US-CA-EL-SEGUNDO-R01--2000-E-Imperial-Hwy--BLDG-R01/XMLNAME-2026-Raytheon-Full-Time--Software-Engineer-I---Onsite-_01854272,Raytheon,2026 Raytheon Full Time- Software Engineer I -- Onsite,"El Segundo, CA",,https://globalhr.wd5.myworkdayjobs.com/en-US/rec_rtx_ext_gateway/job/US-CA-EL-SEGUNDO-R01--2000-E-Imperial-Hwy--BLDG-R01/XMLNAME-2026-Raytheon-Full-Time--Software-Engineer-I---Onsite-_01854272,,,2026-07-23T14:32:01+00:00,2026-07-23 07:32 Thu,Software Engineering,true,Keyword,40,keyword-only heuristic,false,speedyapply:SpeedyApply SWE:https://globalhr.wd5.myworkdayjobs.com/en-US/rec_rtx_ext_gateway/job/US-CA-EL-SEGUNDO-R01--2000-E-Imperial-Hwy--BLDG-R01/XMLNAME-2026-Raytheon-Full-Time--Software-Engineer-I---Onsite-_01854272,,,,,
Raytheon:https://globalhr.wd5.myworkdayjobs.com/en-US/rec_rtx_ext_gateway/job/US-MA-TEWKSBURY-TB3--50-Apple-Hill-Dr--CONCORD-BLDG-Tewksbury-Tb3-300-Concord/XMLNAME-2026-Raytheon-Full-Time--Software-Engineer-I---Onsite-_01861434,Raytheon,2026 Raytheon Full Time- Software Engineer I -- Onsite,"Tewksbury, MA",,https://globalhr.wd5.myworkdayjobs.com/en-US/rec_rtx_ext_gateway/job/US-MA-TEWKSBURY-TB3--50-Apple-Hill-Dr--CONCORD-BLDG-Tewksbury-Tb3-300-Concord/XMLNAME-2026-Raytheon-Full-Time--Software-Engineer-I---Onsite-_01861434,,,2026-07-26T08:59:28+00:00,2026-07-26 01:59 Sun,Software Engineering,true,Keyword,40,keyword-only heuristic,false,speedyapply:SpeedyApply SWE:https://globalhr.wd5.myworkdayjobs.com/en-US/rec_rtx_ext_gateway/job/US-MA-TEWKSBURY-TB3--50-Apple-Hill-Dr--CONCORD-BLDG-Tewksbury-Tb3-300-Concord/XMLNAME-2026-Raytheon-Full-Time--Software-Engineer-I---Onsite-_01861434,,,,,
Raytheon:https://globalhr.wd5.myworkdayjobs.com/en-US/rec_rtx_ext_gateway/job/US-TX-MCKINNEY-513WC--2501-W-University-Dr--WING-C-BLDG/XMLNAME-2026-Raytheon-Full-Time-Software-Engineer-I---EOIR-Advanced-Products-and-Solutions--Onsite-_01851718,Raytheon,2026 Raytheon Full Time-Software Engineer I - EOIR Advanced Products and Solutions - Onsite,"McKinney, TX",Software,https://globalhr.wd5.myworkdayjobs.com/rec_rtx_ext_gateway/job/US-TX-MCKINNEY-513WC--2501-W-University-Dr--WING-C-BLDG/XMLNAME-2026-Raytheon-Full-Time-Software-Engineer-I---EOIR-Advanced-Products-and-Solutions--Onsite-_01851718|https://globalhr.wd5.myworkdayjobs.com/en-US/rec_rtx_ext_gateway/job/US-TX-MCKINNEY-513WC--2501-W-University-Dr--WING-C-BLDG/XMLNAME-2026-Raytheon-Full-Time-Software-Engineer-I---EOIR-Advanced-Products-and-Solutions--Onsite-_01851718,2026-06-10,2026-06-10,2026-09-04T16:16:54+00:00,2026-09-04 09:16 Fri,,false,,,,false,speedyapply:SpeedyApply SWE:https://globalhr.wd5.myworkdayjobs.com/en-US/rec_rtx_ext_gateway/job/US-TX-MCKINNEY-513WC--2501-W-University-Dr--WING-C-BLDG/XMLNAME-2026-Raytheon-Full-Time-Software-Engineer-I---EOIR-Advanced-Products-and-Solutions--Onsite-_01851718|simplify:Simplify New Grad:0d467785-7605-490e-8478-cd894e0ef1f1,|2026-06-10,,,,
Raytheon:https://globalhr.wd5.myworkdayjobs.com/en-US/rec_rtx_ext_gateway/job/US-TX-PLANO-465--465-Independence-Pkwy--INDEPENDENCE/Algorithm-Systems-Engineer-I--Onsite-_01873440,Raytheon,Algorithm Systems Engineer I - Onsite,"Plano, TX",,https://globalhr.wd5.myworkdayjobs.com/en-US/rec_rtx_ext_gateway/job/US-TX-PLANO-465--465-Independence-Pkwy--INDEPENDENCE/Algorithm-Systems-Engineer-I--Onsite-_01873440,,,2026-09-17T16:59:12+00:00,2026-09-17 09:59 Thu,,false,,,,false,speedyapply:SpeedyApply AI:https://globalhr.wd5.myworkdayjobs.com/en-US/rec_rtx_ext_gateway/job/US-TX-PLANO-465--465-Independence-Pkwy--INDEPENDENCE/Algorithm-Systems-Engineer-I--Onsite-_01873440,,,,,
Raytheon:https://globalhr.wd5.myworkdayjobs.com/en-US/rec_rtx_ext_gateway/job/US-IA-CEDAR-RAPIDS-108--400-Collins-Rd-NE--BLDG-108/Business---Data-Analytics-Co-Op--Spring-Summer-2027-_01878019,Raytheon,Business & Data Analytics Co-Op - Spring/Summer 2027,"Cedar Rapids, IA",,https://globalhr.wd5.myworkdayjobs.com/en-US/rec_rtx_ext_gateway/job/US-IA-CEDAR-RAPIDS-108--400-Collins-Rd-NE--BLDG-108/Business---Data-Analytics-Co-Op--Spring-Summer-2027-_01878019,,,2026-09-29T18:17:01+00:00,2026-09-29 11:17 Tue,,false,,,,false,speedyapply:SpeedyApply AI:https://globalhr.wd5.myworkdayjobs.com/en-US/rec_rtx_ext_gateway/job/US-IA-CEDAR-RAPIDS-108--400-Collins-Rd-NE--BLDG-108/Business---Data-Analytics-Co-Op--Spring-Summer-2027-_01878019,,,,,
Raytheon:https://globalhr.wd5.myworkdayjobs.com/en-US/rec_rtx_ext_gateway/job/US-IA-CEDAR-RAPIDS-108--400-Collins-Rd-NE--BLDG-108/Co-Op---AI-DSP-Applied-Research_01873016,Raytheon,Co-Op - AI DSP Applied Research,"Cedar Rapids, IA",AI/ML/Data,https://globalhr.wd5.myworkdayjobs.com/rec_rtx_ext_gateway/job/US-IA-CEDAR-RAPIDS-108--400-Collins-Rd-NE--BLDG-108/Co-Op---AI-DSP-Applied-Research_01873016|https://globalhr.wd5.myworkdayjobs.com/en-US/rec_rtx_ext_gateway/job/US-IA-CEDAR-RAPIDS-108--400-Collins-Rd-NE--BLDG-108/Co-Op---AI-DSP-Applied-Research_01873016,2026-10-03,2026-10-03,2026-10-04T01:40:36+00:00,2026-10-03 18:40 Sat,,false,,,,false,speedyapply:SpeedyApply AI:https://globalhr.wd5.myworkdayjobs.com/en-US/rec_rtx_ext_gateway/job/US-IA-CEDAR-RAPIDS-108--400-Collins-Rd-NE--BLDG-108/Co-Op---AI-DSP-Applied-Research_01873016|simplify:Simplify Internships:44d51ce5-b0d7-47ab-93d2-24148841c53d,|2026-10-03,,,,
Raytheon:https://globalhr.wd5.myworkdayjobs.com/en-US/rec_rtx_ext_gateway/job/US-IA-CEDAR-RAPIDS-109--400-Collins-Rd-NE--BLDG-109/Co-Op--Software-Engineer--Onsite_01871298,Raytheon,Co-Op - Software Engineer- Onsite,"Cedar Rapids, IA",Software,https://globalhr.wd5.myworkdayjobs.com/rec_rtx_ext_gateway/job/US-IA-CEDAR-RAPIDS-109--400-Collins-Rd-NE--BLDG-109/Co-Op--Software-Engineer--Onsite_01871298|https://globalhr.wd5.myworkdayjobs.com/en-US/rec_rtx_ext_gateway/job/US-IA-CEDAR-RAPIDS-109--400-Collins-Rd-NE--BLDG-109/Co-Op--Software-Engineer--Onsite_01871298,2026-09-10,2026-09-10,2026-09-10T23:17:19+00:00,2026-09-10 16:17 Thu,,false,,,,false,speedyapply:SpeedyApply SWE:https://globalhr.wd5.myworkdayjobs.com/en-US/rec_rtx_ext_gateway/job/US-IA-CEDAR-RAPIDS-109--400-Collins-Rd-NE--BLDG-109/Co-Op--Software-Engineer--Onsite_01871298|simplify:Simplify Internships:b698f712-411d-4005-b00c-49d33f52731c,|2026-09-10,,,,
Raytheon:https://globalhr.wd5.myworkdayjobs.com/en-US/rec_rtx_ext_gateway/job/US-IA-CEDAR-RAPIDS-193--1120-Collins-Rd-NE--BLDG193/DevSecOps---Software-Assurance-Engineer-I_01855357,Raytheon,DevSecOps & Software Assurance Engineer I,US IA CEDAR RAPIDS Collins Rd NE BLDG,,https://globalhr.wd5.myworkdayjobs.com/en-US/rec_rtx_ext_gateway/job/US-IA-CEDAR-RAPIDS-193--1120-Collins-Rd-NE--BLDG193/DevSecOps---Software-Assurance-Engineer-I_01855357,,,2026-07-07T05:59:38+00:00,2026-07-06 22:59 Mon,,false,,,,false,speedyapply:SpeedyApply SWE:https://globalhr.wd5.myworkdayjobs.com/en-US/rec_rtx_ext_gateway/job/US-IA-CEDAR-RAPIDS-193--1120-Collins-Rd-NE--BLDG193/DevSecOps---Software-Assurance-Engineer-I_01855357,,,,,
Raytheon:https://globalhr.wd5.myworkdayjobs.com/en-US/rec_rtx_ext_gateway/job/PL-POLAND-REMOTE/Dyrektor-ds-Rozwoju-i-Wdroe-Danych-i-AI--Zdalnie-_01855771,Raytheon,Dyrektor/ka ds. Rozwoju i Wdrożeń Danych i AI - Zdalnie,Remote,,https://globalhr.wd5.myworkdayjobs.com/en-US/rec_rtx_ext_gateway/job/PL-POLAND-REMOTE/Dyrektor-ds-Rozwoju-i-Wdroe-Danych-i-AI--Zdalnie-_01855771,,,2026-07-08T14:36:08+00:00,2026-07-08 07:36 Wed,,false,,,,false,speedyapply:SpeedyApply AI:https://globalhr.wd5.myworkdayjobs.com/en-US/rec_rtx_ext_gateway/job/PL-POLAND-REMOTE/Dyrektor-ds-Rozwoju-i-Wdroe-Danych-i-AI--Zdalnie-_01855771,,,,,
Raytheon:https://globalhr.wd5.myworkdayjobs.com/en-US/rec_rtx_ext_gateway/job/US-IA-CEDAR-RAPIDS-193--1120-Collins-Rd-NE--BLDG193/Electrical-Firmware--Winter-Spring-Co-op--Onsite-_01871872,Raytheon,Electrical Firmware - Winter/Spring Co-op- Onsite,"Cedar Rapids, IA",Hardware,https://globalhr.wd5.myworkdayjobs.com/rec_rtx_ext_gateway/job/US-IA-CEDAR-RAPIDS-193--1120-Collins-Rd-NE--BLDG193/Electrical-Firmware--Winter-Spring-Co-op--Onsite-_01871872|https://globalhr.wd5.myworkdayjobs.com/en-US/rec_rtx_ext_gateway/job/US-IA-CEDAR-RAPIDS-193--1120-Collins-Rd-NE--BLDG193/Electrical-Firmware--Winter-Spring-Co-op--Onsite-_01871872,2026-09-08,2026-09-08,2026-09-08T23:16:57+00:00,2026-09-08 16:16 Tue,,false,,,,false,speedyapply:SpeedyApply SWE:https://globalhr.wd5.myworkdayjobs.com/en-US/rec_rtx_ext_gateway/job/US-IA-CEDAR-RAPIDS-193--1120-Collins-Rd-NE--BLDG193/Electrical-Firmware--Winter-Spring-Co-op--Onsite-_01871872|simplify:Simplify Internships:73edcb41-eb3e-4c20-97c4-b4f88bbbcc58,|2026-09-08,,,,
Raytheon:https://globalhr.wd5.myworkdayjobs.com/en-US/rec_rtx_ext_gateway/job/US-NM-WHITE-SANDS-LC38--Bldg-23626-LC-38-Nike-Ave--BLDG-LC38-External-Site/Electrical-Software-Test-Equipment-Engineer-I--onsite-White-Sands--NM-_01854075,Raytheon,Electrical/Software Test Equipment Engineer I - onsite White Sands - NM,"White Sands, NM",,https://globalhr.wd5.myworkdayjobs.com/en-US/rec_rtx_ext_gateway/job/US-NM-WHITE-SANDS-LC38--Bldg-23626-LC-38-Nike-Ave--BLDG-LC38-External-Site/Electrical-Software-Test-Equipment-Engineer-I--onsite-White-Sands--NM-_01854075,,,2026-07-07T05:59:38+00:00,2026-07-06 22:59 Mon,,false,,,,false,speedyapply:SpeedyApply SWE:https://globalhr.wd5.myworkdayjobs.com/en-US/rec_rtx_ext_gateway/job/US-NM-WHITE-SANDS-LC38--Bldg-23626-LC-38-Nike-Ave--BLDG-LC38-External-Site/Electrical-Software-Test-Equipment-Engineer-I--onsite-White-Sands--NM-_01854075,,,,,
Raytheon:https://globalhr.wd5.myworkdayjobs.com/en-US/rec_rtx_ext_gateway/job/US-TX-MCKINNEY-513WD--2501-W-University-Dr--WING-D-BLDG/Embedded-Software-Engineer-I--Onsite-_01871867,Raytheon,Embedded Software Engineer I - Onsite,"McKinney, TX",Hardware,https://globalhr.wd5.myworkdayjobs.com/rec_rtx_ext_gateway/job/US-TX-MCKINNEY-513WD--2501-W-University-Dr--WING-D-BLDG/Embedded-Software-Engineer-I--Onsite-_01871867|https://globalhr.wd5.myworkdayjobs.com/en-US/rec_rtx_ext_gateway/job/US-TX-MCKINNEY-513WD--2501-W-University-Dr--WING-D-BLDG/Embedded-Software-Engineer-I--Onsite-_01871867,2026-09-09,2026-09-09,2026-09-09T15:17:17+00:00,2026-09-09 08:17 Wed,,false,,,,false,speedyapply:SpeedyApply SWE:https://globalhr.wd5.myworkdayjobs.com/en-US/rec_rtx_ext_gateway/job/US-TX-MCKINNEY-513WD--2501-W-University-Dr--WING-D-BLDG/Embedded-Software-Engineer-I--Onsite-_01871867|simplify:Simplify New Grad:a081e1ce-81e7-4a47-a2ca-a00e10af723b,|2026-09-09,,,,
Raytheon:https://globalhr.wd5.myworkdayjobs.com/en-US/rec_rtx_ext_gateway/job/US-IA-CEDAR-RAPIDS-137--855-35Th-St-NE--BLDG-137/Embedded-Software-Engineer-I--Onsite-_01872627,Raytheon,Embedded Software Engineer I - Onsite,"Cedar Rapids, IA",Hardware,https://globalhr.wd5.myworkdayjobs.com/rec_rtx_ext_gateway/job/US-IA-CEDAR-RAPIDS-137--855-35Th-St-NE--BLDG-137/Embedded-Software-Engineer-I--Onsite-_01872627|https://globalhr.wd5.myworkdayjobs.com/en-US/rec_rtx_ext_gateway/job/US-IA-CEDAR-RAPIDS-137--855-35Th-St-NE--BLDG-137/Embedded-Software-Engineer-I--Onsite-_01872627,2026-09-21,2026-09-21,2026-09-21T14:40:36+00:00,2026-09-21 07:40 Mon,,false,,,,false,speedyapply:SpeedyApply SWE:https://globalhr.wd5.myworkdayjobs.com/en-US/rec_rtx_ext_gateway/job/US-IA-CEDAR-RAPIDS-137--855-35Th-St-NE--BLDG-137/Embedded-Software-Engineer-I--Onsite-_01872627|simplify:Simplify New Grad:551e52f2-65d3-4921-b08d-5f686b953112,|2026-09-21,,,,
Raytheon:https://globalhr.wd5.myworkdayjobs.com/en-US/rec_rtx_ext_gateway/job/US-AZ-TUCSON-801--1151-E-Hermans-Rd--BLDG-801-External-Site/Embedded-Software-Security-Engineer-I---S3E_01878692,Raytheon,Embedded Software Security Engineer I - S3E,"Tucson, AZ",Hardware,https://globalhr.wd5.myworkdayjobs.com/rec_rtx_ext_gateway/job/US-AZ-TUCSON-801--1151-E-Hermans-Rd--BLDG-801-External-Site/Embedded-Software-Security-Engineer-I---S3E_01878692|https://globalhr.wd5.myworkdayjobs.com/en-US/rec_rtx_ext_gateway/job/US-AZ-TUCSON-801--1151-E-Hermans-Rd--BLDG-801-External-Site/Embedded-Software-Security-Engineer-I---S3E_01878692,2026-09-29,2026-09-29,2026-09-29T23:16:53+00:00,2026-09-29 16:16 Tue,,false,,,,false,speedyapply:SpeedyApply SWE:https://globalhr.wd5.myworkdayjobs.com/en-US/rec_rtx_ext_gateway/job/US-AZ-TUCSON-801--1151-E-Hermans-Rd--BLDG-801-External-Site/Embedded-Software-Security-Engineer-I---S3E_01878692|simplify:Simplify New Grad:9b9221a8-5e69-4660-8063-88f4d8725352,|2026-09-29,,,,
Raytheon:https://globalhr.wd5.myworkdayjobs.com/en-US/rec_rtx_ext_gateway/job/US-CT-EAST-HARTFORD-RTRC-K--411-Silver-Ln--RTRC-K/Fall-2026--Intern-Coop--Machine-Learning-Researcher_01860050,Raytheon,Fall 2026 - Intern/Coop: Machine Learning Researcher,"Connecticut, USA",AI/ML/Data,https://globalhr.wd5.myworkdayjobs.com/rec_rtx_ext_gateway/job/US-CT-EAST-HARTFORD-RTRC-K--411-Silver-Ln--RTRC-K/Fall-2026--Intern-Coop--Machine-Learning-Researcher_01860050|https://globalhr.wd5.myworkdayjobs.com/en-US/rec_rtx_ext_gateway/job/US-CT-EAST-HARTFORD-RTRC-K--411-Silver-Ln--RTRC-K/Fall-2026--Intern-Coop--Machine-Learning-Researcher_01860050,2026-07-20,2026-07-20,2026-07-20T23:15:52+00:00,2026-07-20 16:15 Mon,AI / ML,true,Keyword,43,keyword-only heuristic,false,speedyapply:SpeedyApply AI:https://globalhr.wd5.myworkdayjobs.com/en-US/rec_rtx_ext_gateway/job/US-CT-EAST-HARTFORD-RTRC-K--411-Silver-Ln--RTRC-K/Fall-2026--Intern-Coop--Machine-Learning-Researcher_01860050|simplify:Simplify Internships:767f82db-4e0c-412d-8bc3-4ec75d0a247a,|2026-07-20,,,,
Raytheon:https://globalhr.wd5.myworkdayjobs.com/en-US/rec_rtx_ext_gateway/job/US-CT-EAST-HARTFORD-RTRC-K--411-Silver-Ln--RTRC-K/Fall-2026--Intern-Coop--Machine-Learning-Researcher_01864471,Raytheon,Fall 2026 - Intern/Coop: Machine Learning Researcher,"East Hartford, CT",AI/ML/Data,https://globalhr.wd5.myworkdayjobs.com/rec_rtx_ext_gateway/job/US-CT-EAST-HARTFORD-RTRC-K--411-Silver-Ln--RTRC-K/Fall-2026--Intern-Coop--Machine-Learning-Researcher_01864471|https://globalhr.wd5.myworkdayjobs.com/en-US/rec_rtx_ext_gateway/job/US-CT-EAST-HARTFORD-RTRC-K--411-Silver-Ln--RTRC-K/Fall-2026--Intern-Coop--Machine-Learning-Researcher_01864471,2026-08-05,2026-08-05,2026-08-05T23:17:09+00:00,2026-08-05 16:17 Wed,AI / ML,true,CLI,72,"The candidate has strong computer vision, deep learning, PyTorch, reinforcement learning, and research-project experience relevant to a machine learning research internship, though the resume does not show defense-domain experience or advanced research publications and the posting description is unavailable.",true,speedyapply:SpeedyApply AI:https://globalhr.wd5.myworkdayjobs.com/en-US/rec_rtx_ext_gateway/job/US-CT-EAST-HARTFORD-RTRC-K--411-Silver-Ln--RTRC-K/Fall-2026--Intern-Coop--Machine-Learning-Researcher_01864471|simplify:Simplify Internships:2fcbb0e5-821d-4c7e-9f0f-8e20e007602f,|2026-08-05,,,,
Raytheon:https://globalhr.wd5.myworkdayjobs.com/en-US/rec_rtx_ext_gateway/job/US-FL-LARGO-382SS--7887-Bryan-Dairy-Rd--BLDG-100/Firmware-Engineer-I--Onsite-_01873850,Raytheon,Firmware Engineer I - Onsite,"Largo, FL",Hardware,https://globalhr.wd5.myworkdayjobs.com/rec_rtx_ext_gateway/job/US-FL-LARGO-382SS--7887-Bryan-Dairy-Rd--BLDG-100/Firmware-Engineer-I--Onsite-_01873850|https://globalhr.wd5.myworkdayjobs.com/en-US/rec_rtx_ext_gateway/job/US-FL-LARGO-382SS--7887-Bryan-Dairy-Rd--BLDG-100/Firmware-Engineer-I--Onsite-_01873850,2026-09-11,2026-09-11,2026-09-12T01:41:05+00:00,2026-09-11 18:41 Fri,,false,,,,false,speedyapply:SpeedyApply SWE:https://globalhr.wd5.myworkdayjobs.com/en-US/rec_rtx_ext_gateway/job/US-FL-LARGO-382SS--7887-Bryan-Dairy-Rd--BLDG-100/Firmware-Engineer-I--Onsite-_01873850|simplify:Simplify New Grad:bb98b63c-2ad3-4fe1-a884-6c7a092c1935,|2026-09-11,,,,
Raytheon:https://globalhr.wd5.myworkdayjobs.com/en-US/rec_rtx_ext_gateway/job/US-IA-CEDAR-RAPIDS-193--1120-Collins-Rd-NE--BLDG193/Flight-Control-Software-Engineer-I--Onsite-_01870923,Raytheon,Flight Control Software Engineer I - Onsite,"Cedar Rapids, IA",Hardware,https://globalhr.wd5.myworkdayjobs.com/rec_rtx_ext_gateway/job/US-IA-CEDAR-RAPIDS-193--1120-Collins-Rd-NE--BLDG193/Flight-Control-Software-Engineer-I--Onsite-_01870923|https://globalhr.wd5.myworkdayjobs.com/en-US/rec_rtx_ext_gateway/job/US-IA-CEDAR-RAPIDS-193--1120-Collins-Rd-NE--BLDG193/Flight-Control-Software-Engineer-I--Onsite-_01870923,2026-09-09,2026-09-09,2026-09-09T23:41:09+00:00,2026-09-09 16:41 Wed,,false,,,,false,speedyapply:SpeedyApply SWE:https://globalhr.wd5.myworkdayjobs.com/en-US/rec_rtx_ext_gateway/job/US-IA-CEDAR-RAPIDS-193--1120-Collins-Rd-NE--BLDG193/Flight-Control-Software-Engineer-I--Onsite-_01870923|simplify:Simplify New Grad:f627f494-cb19-49c8-95a9-5a0332d378cf,|2026-09-09,,,,
Raytheon:https://globalhr.wd5.myworkdayjobs.com/en-US/rec_rtx_ext_gateway/job/US-IA-CEDAR-RAPIDS-193--1120-Collins-Rd-NE--BLDG193/Flight-Control-Software-Engineer-I--Onsite-_01871038,Raytheon,Flight Control Software Engineer I - Onsite,"Cedar Rapids, IA",Hardware,https://globalhr.wd5.myworkdayjobs.com/rec_rtx_ext_gateway/job/US-IA-CEDAR-RAPIDS-193--1120-Collins-Rd-NE--BLDG193/Flight-Control-Software-Engineer-I--Onsite-_01871038|https://globalhr.wd5.myworkdayjobs.com/en-US/rec_rtx_ext_gateway/job/US-IA-CEDAR-RAPIDS-193--1120-Collins-Rd-NE--BLDG193/Flight-Control-Software-Engineer-I--Onsite-_01871038,2026-09-09,2026-09-09,2026-09-09T23:41:09+00:00,2026-09-09 16:41 Wed,,false,,,,false,speedyapply:SpeedyApply SWE:https://globalhr.wd5.myworkdayjobs.com/en-US/rec_rtx_ext_gateway/job/US-IA-CEDAR-RAPIDS-193--1120-Collins-Rd-NE--BLDG193/Flight-Control-Software-Engineer-I--Onsite-_01871038|simplify:Simplify New Grad:62c00688-5b72-4f44-b37d-c0a319fb3acd,|2026-09-09,,,,
Raytheon:https://globalhr.wd5.myworkdayjobs.com/en-US/rec_rtx_ext_gateway/job/US-IA-CEDAR-RAPIDS-193--1120-Collins-Rd-NE--BLDG193/Flight-Control-Software-Engineer-I--Onsite-_01871083,Raytheon,Flight Control Software Engineer I - Onsite,"Cedar Rapids, IA",Hardware,https://globalhr.wd5.myworkdayjobs.com/rec_rtx_ext_gateway/job/US-IA-CEDAR-RAPIDS-193--1120-Collins-Rd-NE--BLDG193/Flight-Control-Software-Engineer-I--Onsite-_01871083|https://globalhr.wd5.myworkdayjobs.com/en-US/rec_rtx_ext_gateway/job/US-IA-CEDAR-RAPIDS-193--1120-Collins-Rd-NE--BLDG193/Flight-Control-Software-Engineer-I--Onsite-_01871083,2026-09-09,2026-09-09,2026-09-09T23:41:09+00:00,2026-09-09 16:41 Wed,,false,,,,false,speedyapply:SpeedyApply SWE:https://globalhr.wd5.myworkdayjobs.com/en-US/rec_rtx_ext_gateway/job/US-IA-CEDAR-RAPIDS-193--1120-Collins-Rd-NE--BLDG193/Flight-Control-Software-Engineer-I--Onsite-_01871083|simplify:Simplify New Grad:defbd7fe-a840-4d36-a1b3-d7e40c890408,|2026-09-09,,,,
Raytheon:https://globalhr.wd5.myworkdayjobs.com/en-US/rec_rtx_ext_gateway/job/US-IA-CEDAR-RAPIDS-193--1120-Collins-Rd-NE--BLDG193/Flight-Control-Software-Engineering-Intern--Summer-2027-_01871040,Raytheon,Flight Control Software Engineering Intern - Summer 2027,"Cedar Rapids, IA",,https://globalhr.wd5.myworkdayjobs.com/en-US/rec_rtx_ext_gateway/job/US-IA-CEDAR-RAPIDS-193--1120-Collins-Rd-NE--BLDG193/Flight-Control-Software-Engineering-Intern--Summer-2027-_01871040,,,2026-09-29T18:17:01+00:00,2026-09-29 11:17 Tue,,false,,,,false,speedyapply:SpeedyApply SWE:https://globalhr.wd5.myworkdayjobs.com/en-US/rec_rtx_ext_gateway/job/US-IA-CEDAR-RAPIDS-193--1120-Collins-Rd-NE--BLDG193/Flight-Control-Software-Engineering-Intern--Summer-2027-_01871040,,,,,
Raytheon:https://globalhr.wd5.myworkdayjobs.com/en-US/rec_rtx_ext_gateway/job/US-IA-CEDAR-RAPIDS-193--1120-Collins-Rd-NE--BLDG193/Flight-Control-Software-Engineering-Intern--Summer-2027---Open-_01870974,Raytheon,Flight Control Software Engineering Intern - Summer 2027 - Open,"Cedar Rapids, IA",Hardware,https://globalhr.wd5.myworkdayjobs.com/rec_rtx_ext_gateway/job/US-IA-CEDAR-RAPIDS-193--1120-Collins-Rd-NE--BLDG193/Flight-Control-Software-Engineering-Intern--Summer-2027---Open-_01870974|https://globalhr.wd5.myworkdayjobs.com/en-US/rec_rtx_ext_gateway/job/US-IA-CEDAR-RAPIDS-193--1120-Collins-Rd-NE--BLDG193/Flight-Control-Software-Engineering-Intern--Summer-2027---Open-_01870974,2026-10-01,2026-10-01,2026-10-01T23:16:35+00:00,2026-10-01 16:16 Thu,,false,,,,false,speedyapply:SpeedyApply SWE:https://globalhr.wd5.myworkdayjobs.com/en-US/rec_rtx_ext_gateway/job/US-IA-CEDAR-RAPIDS-193--1120-Collins-Rd-NE--BLDG193/Flight-Control-Software-Engineering-Intern--Summer-2027---Open-_01870974|simplify:Simplify Internships:363f7dd7-e0e6-4d7c-ac40-d5bd75bc50e3,|2026-10-01,,,,
Raytheon:https://globalhr.wd5.myworkdayjobs.com/en-US/rec_rtx_ext_gateway/job/US-AZ-TUCSON-805--1151-E-Hermans-Rd--BLDG-805/HWIL-Software-Engineer-I_01874565,Raytheon,Hardware In the Loop Software Engineer 1,"Tucson, AZ",Software,https://globalhr.wd5.myworkdayjobs.com/rec_rtx_ext_gateway/job/US-AZ-TUCSON-805--1151-E-Hermans-Rd--BLDG-805/HWIL-Software-Engineer-I_01874565|https://globalhr.wd5.myworkdayjobs.com/en-US/rec_rtx_ext_gateway/job/US-AZ-TUCSON-805--1151-E-Hermans-Rd--BLDG-805/HWIL-Software-Engineer-I_01874565,2026-09-14,2026-09-14,2026-09-14T19:17:04+00:00,2026-09-14 12:17 Mon,,false,,,,false,speedyapply:SpeedyApply SWE:https://globalhr.wd5.myworkdayjobs.com/en-US/rec_rtx_ext_gateway/job/US-AZ-TUCSON-805--1151-E-Hermans-Rd--BLDG-805/HWIL-Software-Engineer-I_01874565|simplify:Simplify New Grad:8edf16f9-31db-4a81-b28d-bfabbbdece38,|2026-09-14,,,,
Raytheon:https://globalhr.wd5.myworkdayjobs.com/en-US/rec_rtx_ext_gateway/job/US-VA-ARLINGTON-1000--1000-Wilson-Blvd--WILSON-Fl-23/Leadership-Development-Program---Engineering--Software--Starts-June-2027-_01853289-1,Raytheon,Leadership Development Program - Engineering - Software - Starts June 2027,"Arlington, VA",,https://globalhr.wd5.myworkdayjobs.com/en-US/rec_rtx_ext_gateway/job/US-VA-ARLINGTON-1000--1000-Wilson-Blvd--WILSON-Fl-23/Leadership-Development-Program---Engineering--Software--Starts-June-2027-_01853289-1,,,2026-07-09T15:36:11+00:00,2026-07-09 08:36 Thu,,false,,,,false,speedyapply:SpeedyApply SWE:https://globalhr.wd5.myworkdayjobs.com/en-US/rec_rtx_ext_gateway/job/US-VA-ARLINGTON-1000--1000-Wilson-Blvd--WILSON-Fl-23/Leadership-Development-Program---Engineering--Software--Starts-June-2027-_01853289-1,,,,,
Raytheon:https://globalhr.wd5.myworkdayjobs.com/en-US/rec_rtx_ext_gateway/job/US-VA-ARLINGTON-108--1100-Wilson-Blvd--ROSSLYN-HQ/Leadership-Development-Program---Engineering--Software-Discipline--Starts-June-2027-_01873618,Raytheon,Leadership Development Program - Engineering - Software Discipline - Starts June 2027,"Arlington County, Arlington, VA",Software,https://globalhr.wd5.myworkdayjobs.com/rec_rtx_ext_gateway/job/US-VA-ARLINGTON-108--1100-Wilson-Blvd--ROSSLYN-HQ/Leadership-Development-Program---Engineering--Software-Discipline--Starts-June-2027-_01873618|https://globalhr.wd5.myworkdayjobs.com/en-US/rec_rtx_ext_gateway/job/US-VA-ARLINGTON-108--1100-Wilson-Blvd--ROSSLYN-HQ/Leadership-Development-Program---Engineering--Software-Discipline--Starts-June-2027-_01873618,2026-09-14,2026-09-14,2026-09-15T01:40:54+00:00,2026-09-14 18:40 Mon,,false,,,,false,speedyapply:SpeedyApply SWE:https://globalhr.wd5.myworkdayjobs.com/en-US/rec_rtx_ext_gateway/job/US-VA-ARLINGTON-108--1100-Wilson-Blvd--ROSSLYN-HQ/Leadership-Development-Program---Engineering--Software-Discipline--Starts-June-2027-_01873618|simplify:Simplify New Grad:8aa31162-4140-4408-a6ca-0e51e890da86,|2026-09-14,,,,
Raytheon:https://globalhr.wd5.myworkdayjobs.com/en-US/rec_rtx_ext_gateway/job/US-MN-BURNSVILLE-WEST--14300-Judicial-Rd--WEST-BLDG/Operations-Software-Engineering-Intern--Summer-2027-_01874620,Raytheon,Operations Software Engineering Intern - Summer 2027,"BURNSVILLE-WEST, MN",Software,https://globalhr.wd5.myworkdayjobs.com/rec_rtx_ext_gateway/job/US-MN-BURNSVILLE-WEST--14300-Judicial-Rd--WEST-BLDG/Operations-Software-Engineering-Intern--Summer-2027-_01874620|https://globalhr.wd5.myworkdayjobs.com/en-US/rec_rtx_ext_gateway/job/US-MN-BURNSVILLE-WEST--14300-Judicial-Rd--WEST-BLDG/Operations-Software-Engineering-Intern--Summer-2027-_01874620,2026-09-22,2026-09-22,2026-09-22T23:16:40+00:00,2026-09-22 16:16 Tue,,false,,,,false,speedyapply:SpeedyApply SWE:https://globalhr.wd5.myworkdayjobs.com/en-US/rec_rtx_ext_gateway/job/US-MN-BURNSVILLE-WEST--14300-Judicial-Rd--WEST-BLDG/Operations-Software-Engineering-Intern--Summer-2027-_01874620|simplify:Simplify Internships:e85fe564-c92c-4c56-b2ce-41f4ca778811,|2026-09-22,,,,
Raytheon:https://globalhr.wd5.myworkdayjobs.com/en-US/rec_rtx_ext_gateway/job/US-MA-MARLBOROUGH-MA2--1001-Boston-Post-Rd--BLDG-2/Receiver--Exciter----Processing-Architecture-Software-Engineer-I---Onsite_01873475,Raytheon,Receiver - Exciter - & Processing Architecture Software Engineer I - Onsite,"Marlborough, MA",Hardware,https://globalhr.wd5.myworkdayjobs.com/rec_rtx_ext_gateway/job/US-MA-MARLBOROUGH-MA2--1001-Boston-Post-Rd--BLDG-2/Receiver--Exciter----Processing-Architecture-Software-Engineer-I---Onsite_01873475|https://globalhr.wd5.myworkdayjobs.com/en-US/rec_rtx_ext_gateway/job/US-MA-MARLBOROUGH-MA2--1001-Boston-Post-Rd--BLDG-2/Receiver--Exciter----Processing-Architecture-Software-Engineer-I---Onsite_01873475,2026-09-16,2026-09-16,2026-09-17T16:59:12+00:00,2026-09-17 09:59 Thu,,false,,,,false,speedyapply:SpeedyApply SWE:https://globalhr.wd5.myworkdayjobs.com/en-US/rec_rtx_ext_gateway/job/US-MA-MARLBOROUGH-MA2--1001-Boston-Post-Rd--BLDG-2/Receiver--Exciter----Processing-Architecture-Software-Engineer-I---Onsite_01873475|simplify:Simplify New Grad:f4abd014-83a4-4f62-b404-1fe28a2f422a,|2026-09-16,,,,
Raytheon:https://globalhr.wd5.myworkdayjobs.com/en-US/rec_rtx_ext_gateway/job/US-MA-MARLBOROUGH-MA2--1001-Boston-Post-Rd--BLDG-2/Receiver--Exciter----Processing-Architecture-Software-Engineer-Intern--Summer-2027-_01873484,Raytheon,Receiver - Exciter - & Processing Architecture Software Engineer Intern - Summer 2027,"Marlborough, MA",Hardware,https://globalhr.wd5.myworkdayjobs.com/rec_rtx_ext_gateway/job/US-MA-MARLBOROUGH-MA2--1001-Boston-Post-Rd--BLDG-2/Receiver--Exciter----Processing-Architecture-Software-Engineer-Intern--Summer-2027-_01873484|https://globalhr.wd5.myworkdayjobs.com/en-US/rec_rtx_ext_gateway/job/US-MA-MARLBOROUGH-MA2--1001-Boston-Post-Rd--BLDG-2/Receiver--Exciter----Processing-Architecture-Software-Engineer-Intern--Summer-2027-_01873484,2026-09-16,2026-09-16,2026-09-16T15:17:19+00:00,2026-09-16 08:17 Wed,,false,,,,false,speedyapply:SpeedyApply SWE:https://globalhr.wd5.myworkdayjobs.com/en-US/rec_rtx_ext_gateway/job/US-MA-MARLBOROUGH-MA2--1001-Boston-Post-Rd--BLDG-2/Receiver--Exciter----Processing-Architecture-Software-Engineer-Intern--Summer-2027-_01873484|simplify:Simplify Internships:28e7cce7-67d2-4001-b60a-26951a04ee0e,|2026-09-16,,,,
Raytheon:https://globalhr.wd5.myworkdayjobs.com/en-US/rec_rtx_ext_gateway/job/US-MA-CAMBRIDGE-BBN06--10--50-Moulton-St--MOULTON-B6/Research-Software-Engineer-I--Onsite-_01876370,Raytheon,Research Software Engineer I - Onsite,"Cambridge, MA",,https://globalhr.wd5.myworkdayjobs.com/en-US/rec_rtx_ext_gateway/job/US-MA-CAMBRIDGE-BBN06--10--50-Moulton-St--MOULTON-B6/Research-Software-Engineer-I--Onsite-_01876370,,,2026-09-25T17:08:41+00:00,2026-09-25 10:08 Fri,,false,,,,false,speedyapply:SpeedyApply SWE:https://globalhr.wd5.myworkdayjobs.com/en-US/rec_rtx_ext_gateway/job/US-MA-CAMBRIDGE-BBN06--10--50-Moulton-St--MOULTON-B6/Research-Software-Engineer-I--Onsite-_01876370,,,,,
Raytheon:https://globalhr.wd5.myworkdayjobs.com/en-US/rec_rtx_ext_gateway/job/US-MA-CAMBRIDGE-BBN06--10--50-Moulton-St--MOULTON-B6/Research-Software-Engineer-I---Onsite_01878338,Raytheon,Research Software Engineer I - Onsite,"Cambridge, MA",Software,https://globalhr.wd5.myworkdayjobs.com/rec_rtx_ext_gateway/job/US-MA-CAMBRIDGE-BBN06--10--50-Moulton-St--MOULTON-B6/Research-Software-Engineer-I---Onsite_01878338|https://globalhr.wd5.myworkdayjobs.com/en-US/rec_rtx_ext_gateway/job/US-MA-CAMBRIDGE-BBN06--10--50-Moulton-St--MOULTON-B6/Research-Software-Engineer-I---Onsite_01878338,2026-09-28,2026-09-28,2026-09-29T18:17:01+00:00,2026-09-29 11:17 Tue,,false,,,,false,speedyapply:SpeedyApply SWE:https://globalhr.wd5.myworkdayjobs.com/en-US/rec_rtx_ext_gateway/job/US-MA-CAMBRIDGE-BBN06--10--50-Moulton-St--MOULTON-B6/Research-Software-Engineer-I---Onsite_01878338|simplify:Simplify New Grad:a3488e6f-c542-4279-9aef-97a3f424a008,|2026-09-28,,,,
Raytheon:https://globalhr.wd5.myworkdayjobs.com/en-US/rec_rtx_ext_gateway/job/US-MA-TEWKSBURY-TB3--50-Apple-Hill-Dr--CONCORD-BLDG-Tewksbury-Tb3-300-Concord/Software-Development-Intern--Summer-2027-_01875413,Raytheon,Software Development Intern - Summer 2027,"Tewksbury, MA",Software,https://globalhr.wd5.myworkdayjobs.com/rec_rtx_ext_gateway/job/US-MA-TEWKSBURY-TB3--50-Apple-Hill-Dr--CONCORD-BLDG-Tewksbury-Tb3-300-Concord/Software-Development-Intern--Summer-2027-_01875413|https://globalhr.wd5.myworkdayjobs.com/en-US/rec_rtx_ext_gateway/job/US-MA-TEWKSBURY-TB3--50-Apple-Hill-Dr--CONCORD-BLDG-Tewksbury-Tb3-300-Concord/Software-Development-Intern--Summer-2027-_01875413,2026-09-17,2026-09-17,2026-09-17T23:08:12+00:00,2026-09-17 16:08 Thu,,false,,,,false,speedyapply:SpeedyApply SWE:https://globalhr.wd5.myworkdayjobs.com/en-US/rec_rtx_ext_gateway/job/US-MA-TEWKSBURY-TB3--50-Apple-Hill-Dr--CONCORD-BLDG-Tewksbury-Tb3-300-Concord/Software-Development-Intern--Summer-2027-_01875413|simplify:Simplify Internships:1f34cc09-fcbc-4a27-ac45-7145485d3425,|2026-09-17,,,,
Raytheon:https://globalhr.wd5.myworkdayjobs.com/en-US/rec_rtx_ext_gateway/job/US-IA-CEDAR-RAPIDS-193--1120-Collins-Rd-NE--BLDG193/Software-Engineer-1--ONSITE-_01846079,Raytheon,Software Engineer 1 - ONSITE,"Cedar Rapids, IA",,https://globalhr.wd5.myworkdayjobs.com/en-US/rec_rtx_ext_gateway/job/US-IA-CEDAR-RAPIDS-193--1120-Collins-Rd-NE--BLDG193/Software-Engineer-1--ONSITE-_01846079,,,2026-07-23T14:32:01+00:00,2026-07-23 07:32 Thu,,false,,,,false,speedyapply:SpeedyApply SWE:https://globalhr.wd5.myworkdayjobs.com/en-US/rec_rtx_ext_gateway/job/US-IA-CEDAR-RAPIDS-193--1120-Collins-Rd-NE--BLDG193/Software-Engineer-1--ONSITE-_01846079,,,,,
Raytheon:https://globalhr.wd5.myworkdayjobs.com/en-US/rec_rtx_ext_gateway/job/US-MA-MARLBOROUGH-MA2--1001-Boston-Post-Rd--BLDG-2/Software-Engineer-Co-op--January-2027-_01878330,Raytheon,Software Engineer Co-op - January 2027,"Marlborough, MA; Tewksbury, MA",Software,https://globalhr.wd5.myworkdayjobs.com/rec_rtx_ext_gateway/job/Software-Engineer-Co-op--January-2027-_01878330|https://globalhr.wd5.myworkdayjobs.com/rec_rtx_ext_gateway/job/US-MA-MARLBOROUGH-MA2--1001-Boston-Post-Rd--BLDG-2/Software-Engineer-Co-op--January-2027-_01878330|https://globalhr.wd5.myworkdayjobs.com/en-US/rec_rtx_ext_gateway/job/US-MA-MARLBOROUGH-MA2--1001-Boston-Post-Rd--BLDG-2/Software-Engineer-Co-op--January-2027-_01878330,2026-10-06,2026-10-06,2026-10-06T23:16:53+00:00,2026-10-06 16:16 Tue,,false,,,,false,speedyapply:SpeedyApply SWE:https://globalhr.wd5.myworkdayjobs.com/en-US/rec_rtx_ext_gateway/job/US-MA-MARLBOROUGH-MA2--1001-Boston-Post-Rd--BLDG-2/Software-Engineer-Co-op--January-2027-_01878330|simplify:Simplify Internships:e58b01bd-a4bc-456f-b9b0-546a0288c6d3,|2026-10-06,,,,
Raytheon:https://globalhr.wd5.myworkdayjobs.com/en-US/rec_rtx_ext_gateway/job/US-IA-CEDAR-RAPIDS-182--1100-Cimmie-Ave-Ne--BLDG-182/Software-Engineer-Co-op--Summer-Fall-2027----Onsite_01871347,Raytheon,Software Engineer Co-op - Summer/Fall 2027 - Onsite,"Cedar Rapids, IA",Software,https://globalhr.wd5.myworkdayjobs.com/rec_rtx_ext_gateway/job/US-IA-CEDAR-RAPIDS-182--1100-Cimmie-Ave-Ne--BLDG-182/Software-Engineer-Co-op--Summer-Fall-2027----Onsite_01871347|https://globalhr.wd5.myworkdayjobs.com/en-US/rec_rtx_ext_gateway/job/US-IA-CEDAR-RAPIDS-182--1100-Cimmie-Ave-Ne--BLDG-182/Software-Engineer-Co-op--Summer-Fall-2027----Onsite_01871347,2026-09-08,2026-09-08,2026-09-08T23:16:57+00:00,2026-09-08 16:16 Tue,,false,,,,false,speedyapply:SpeedyApply SWE:https://globalhr.wd5.myworkdayjobs.com/en-US/rec_rtx_ext_gateway/job/US-IA-CEDAR-RAPIDS-182--1100-Cimmie-Ave-Ne--BLDG-182/Software-Engineer-Co-op--Summer-Fall-2027----Onsite_01871347|simplify:Simplify Internships:107f6694-f8a2-45ff-bb58-e77552dc317c,|2026-09-08,,,,
Raytheon:https://globalhr.wd5.myworkdayjobs.com/en-US/rec_rtx_ext_gateway/job/US-AZ-TUCSON-805--1151-E-Hermans-Rd--BLDG-805/Software-Engineer-I_01861317-1,Raytheon,Software Engineer I,"Tucson, AZ",,https://globalhr.wd5.myworkdayjobs.com/en-US/rec_rtx_ext_gateway/job/US-AZ-TUCSON-805--1151-E-Hermans-Rd--BLDG-805/Software-Engineer-I_01861317-1,,,2026-07-23T14:32:01+00:00,2026-07-23 07:32 Thu,Software Engineering,true,Keyword,40,keyword-only heuristic,false,speedyapply:SpeedyApply SWE:https://globalhr.wd5.myworkdayjobs.com/en-US/rec_rtx_ext_gateway/job/US-AZ-TUCSON-805--1151-E-Hermans-Rd--BLDG-805/Software-Engineer-I_01861317-1,,,,,
Raytheon:https://globalhr.wd5.myworkdayjobs.com/en-US/rec_rtx_ext_gateway/job/US-MA-MARLBOROUGH-MA3--1001-Boston-Post-Rd--BLDG-3/Software-Engineer-I---Air-Traffic-Solutions--Onsite-_01864077,Raytheon,Software Engineer I - Air Traffic Solutions - Onsite,"Marlborough, MA",,https://globalhr.wd5.myworkdayjobs.com/en-US/rec_rtx_ext_gateway/job/US-MA-MARLBOROUGH-MA3--1001-Boston-Post-Rd--BLDG-3/Software-Engineer-I---Air-Traffic-Solutions--Onsite-_01864077,,,2026-08-06T14:41:55+00:00,2026-08-06 07:41 Thu,Software Engineering,true,CLI,58,"Strong fit for an entry-level software engineering role through Python/C++ development, testing, Docker, Linux, and backend experience, but lacks demonstrated aerospace, air-traffic, or safety-critical systems domain experience.",true,speedyapply:SpeedyApply SWE:https://globalhr.wd5.myworkdayjobs.com/en-US/rec_rtx_ext_gateway/job/US-MA-MARLBOROUGH-MA3--1001-Boston-Post-Rd--BLDG-3/Software-Engineer-I---Air-Traffic-Solutions--Onsite-_01864077,,,,,
Raytheon:https://globalhr.wd5.myworkdayjobs.com/en-US/rec_rtx_ext_gateway/job/US-IA-CEDAR-RAPIDS-112--400-Collins-Rd-NE--BLDG-112/Software-Engineer-I---APNT--Onsite-_01859795,Raytheon,Software Engineer I - APNT - Onsite,"Cedar Rapids, IA",,https://globalhr.wd5.myworkdayjobs.com/en-US/rec_rtx_ext_gateway/job/US-IA-CEDAR-RAPIDS-112--400-Collins-Rd-NE--BLDG-112/Software-Engineer-I---APNT--Onsite-_01859795,,,2026-07-16T14:17:41+00:00,2026-07-16 07:17 Thu,,false,,,,false,speedyapply:SpeedyApply SWE:https://globalhr.wd5.myworkdayjobs.com/en-US/rec_rtx_ext_gateway/job/US-IA-CEDAR-RAPIDS-112--400-Collins-Rd-NE--BLDG-112/Software-Engineer-I---APNT--Onsite-_01859795,,,,,
Raytheon:https://globalhr.wd5.myworkdayjobs.com/en-US/rec_rtx_ext_gateway/job/US-TX-MCKINNEY-513WD--2501-W-University-Dr--WING-D-BLDG/Software-Engineer-I--On-Site-_01862497,Raytheon,Software Engineer I - On-Site,"McKinney, TX",Hardware,https://globalhr.wd5.myworkdayjobs.com/rec_rtx_ext_gateway/job/US-TX-MCKINNEY-513WD--2501-W-University-Dr--WING-D-BLDG/Software-Engineer-I--On-Site-_01862497|https://globalhr.wd5.myworkdayjobs.com/en-US/rec_rtx_ext_gateway/job/US-TX-MCKINNEY-513WD--2501-W-University-Dr--WING-D-BLDG/Software-Engineer-I--On-Site-_01862497,2026-07-28,2026-07-28,2026-07-29T14:41:46+00:00,2026-07-29 07:41 Wed,Software Engineering,true,Keyword,40,keyword-only heuristic,false,speedyapply:SpeedyApply SWE:https://globalhr.wd5.myworkdayjobs.com/en-US/rec_rtx_ext_gateway/job/US-TX-MCKINNEY-513WD--2501-W-University-Dr--WING-D-BLDG/Software-Engineer-I--On-Site-_01862497|simplify:Simplify New Grad:2642491d-58eb-447a-ae7d-a7f33759c98d,|2026-07-28,,,,
Raytheon:https://globalhr.wd5.myworkdayjobs.com/en-US/rec_rtx_ext_gateway/job/US-IA-CEDAR-RAPIDS-137--855-35Th-St-NE--BLDG-137/Software-Engineer-I--Onsite-_01851415-1,Raytheon,Software Engineer I - Onsite,"Cedar Rapids, IA",,https://globalhr.wd5.myworkdayjobs.com/en-US/rec_rtx_ext_gateway/job/US-IA-CEDAR-RAPIDS-137--855-35Th-St-NE--BLDG-137/Software-Engineer-I--Onsite-_01851415-1,,,2026-07-09T15:36:11+00:00,2026-07-09 08:36 Thu,,false,,,,false,speedyapply:SpeedyApply SWE:https://globalhr.wd5.myworkdayjobs.com/en-US/rec_rtx_ext_gateway/job/US-IA-CEDAR-RAPIDS-137--855-35Th-St-NE--BLDG-137/Software-Engineer-I--Onsite-_01851415-1,,,,,
Raytheon:https://globalhr.wd5.myworkdayjobs.com/en-US/rec_rtx_ext_gateway/job/US-IA-CEDAR-RAPIDS-105--400-Collins-Rd-NE--BLDG-105/Software-Engineer-I--Onsite-_01861196,Raytheon,Software Engineer I - Onsite,"Cedar Rapids, IA",Hardware,https://globalhr.wd5.myworkdayjobs.com/rec_rtx_ext_gateway/job/US-IA-CEDAR-RAPIDS-105--400-Collins-Rd-NE--BLDG-105/Software-Engineer-I--Onsite-_01861196|https://globalhr.wd5.myworkdayjobs.com/en-US/rec_rtx_ext_gateway/job/US-IA-CEDAR-RAPIDS-105--400-Collins-Rd-NE--BLDG-105/Software-Engineer-I--Onsite-_01861196,2026-07-23,2026-07-23,2026-07-24T14:10:32+00:00,2026-07-24 07:10 Fri,,false,,,,false,speedyapply:SpeedyApply SWE:https://globalhr.wd5.myworkdayjobs.com/en-US/rec_rtx_ext_gateway/job/US-IA-CEDAR-RAPIDS-105--400-Collins-Rd-NE--BLDG-105/Software-Engineer-I--Onsite-_01861196|simplify:Simplify New Grad:13fdfa41-fb60-4de0-a16b-e9aa63f71bd8,|2026-07-23,,,,
Raytheon:https://globalhr.wd5.myworkdayjobs.com/en-US/rec_rtx_ext_gateway/job/US-IA-CEDAR-RAPIDS-137--855-35Th-St-NE--BLDG-137/Software-Engineer-I--Onsite-_01861300,Raytheon,Software Engineer I - Onsite,"Cedar Rapids, IA",,https://globalhr.wd5.myworkdayjobs.com/en-US/rec_rtx_ext_gateway/job/US-IA-CEDAR-RAPIDS-137--855-35Th-St-NE--BLDG-137/Software-Engineer-I--Onsite-_01861300,,,2026-07-24T14:10:32+00:00,2026-07-24 07:10 Fri,,false,,,,false,speedyapply:SpeedyApply SWE:https://globalhr.wd5.myworkdayjobs.com/en-US/rec_rtx_ext_gateway/job/US-IA-CEDAR-RAPIDS-137--855-35Th-St-NE--BLDG-137/Software-Engineer-I--Onsite-_01861300,,,,,
Raytheon:https://globalhr.wd5.myworkdayjobs.com/en-US/rec_rtx_ext_gateway/job/US-IA-CEDAR-RAPIDS-193--1120-Collins-Rd-NE--BLDG193/Software-Engineer-I--Onsite-_01834725,Raytheon,Software Engineer I - Onsite,"Cedar Rapids, IA",,https://globalhr.wd5.myworkdayjobs.com/en-US/rec_rtx_ext_gateway/job/US-IA-CEDAR-RAPIDS-193--1120-Collins-Rd-NE--BLDG193/Software-Engineer-I--Onsite-_01834725,,,2026-07-24T14:10:32+00:00,2026-07-24 07:10 Fri,,false,,,,false,speedyapply:SpeedyApply SWE:https://globalhr.wd5.myworkdayjobs.com/en-US/rec_rtx_ext_gateway/job/US-IA-CEDAR-RAPIDS-193--1120-Collins-Rd-NE--BLDG193/Software-Engineer-I--Onsite-_01834725,,,,,
Raytheon:https://globalhr.wd5.myworkdayjobs.com/en-US/rec_rtx_ext_gateway/job/US-MA-TEWKSBURY-TB3--50-Apple-Hill-Dr--CONCORD-BLDG-Tewksbury-Tb3-300-Concord/Software-Engineer-I--Onsite-_01861526,Raytheon,Software Engineer I - Onsite,"Tewksbury, MA",,https://globalhr.wd5.myworkdayjobs.com/en-US/rec_rtx_ext_gateway/job/US-MA-TEWKSBURY-TB3--50-Apple-Hill-Dr--CONCORD-BLDG-Tewksbury-Tb3-300-Concord/Software-Engineer-I--Onsite-_01861526,,,2026-07-24T14:10:32+00:00,2026-07-24 07:10 Fri,Software Engineering,true,Keyword,40,keyword-only heuristic,false,speedyapply:SpeedyApply SWE:https://globalhr.wd5.myworkdayjobs.com/en-US/rec_rtx_ext_gateway/job/US-MA-TEWKSBURY-TB3--50-Apple-Hill-Dr--CONCORD-BLDG-Tewksbury-Tb3-300-Concord/Software-Engineer-I--Onsite-_01861526,,,,,
Raytheon:https://globalhr.wd5.myworkdayjobs.com/en-US/rec_rtx_ext_gateway/job/US-MA-MARLBOROUGH-MA2--1001-Boston-Post-Rd--BLDG-2/Software-Engineer-I--Onsite-_01861525,Raytheon,Software Engineer I - Onsite,"Marlborough, MA",Hardware,https://globalhr.wd5.myworkdayjobs.com/rec_rtx_ext_gateway/job/US-MA-MARLBOROUGH-MA2--1001-Boston-Post-Rd--BLDG-2/Software-Engineer-I--Onsite-_01861525|https://globalhr.wd5.myworkdayjobs.com/en-US/rec_rtx_ext_gateway/job/US-MA-MARLBOROUGH-MA2--1001-Boston-Post-Rd--BLDG-2/Software-Engineer-I--Onsite-_01861525,2026-07-23,2026-07-23,2026-07-26T08:59:28+00:00,2026-07-26 01:59 Sun,Software Engineering,true,Keyword,40,keyword-only heuristic,false,speedyapply:SpeedyApply SWE:https://globalhr.wd5.myworkdayjobs.com/en-US/rec_rtx_ext_gateway/job/US-MA-MARLBOROUGH-MA2--1001-Boston-Post-Rd--BLDG-2/Software-Engineer-I--Onsite-_01861525|simplify:Simplify New Grad:05265820-1130-4644-9da5-87524303c14b,|2026-07-23,,,,
Raytheon:https://globalhr.wd5.myworkdayjobs.com/en-US/rec_rtx_ext_gateway/job/US-CA-EL-SEGUNDO-E01--2000-E-El-Segundo-Blvd--BLDG-E01/Software-Engineer-I--Onsite-_01862658,Raytheon,Software Engineer I - Onsite,"El Segundo, CA",,https://globalhr.wd5.myworkdayjobs.com/en-US/rec_rtx_ext_gateway/job/US-CA-EL-SEGUNDO-E01--2000-E-El-Segundo-Blvd--BLDG-E01/Software-Engineer-I--Onsite-_01862658,,,2026-07-29T14:41:46+00:00,2026-07-29 07:41 Wed,Software Engineering,true,Keyword,40,keyword-only heuristic,false,speedyapply:SpeedyApply SWE:https://globalhr.wd5.myworkdayjobs.com/en-US/rec_rtx_ext_gateway/job/US-CA-EL-SEGUNDO-E01--2000-E-El-Segundo-Blvd--BLDG-E01/Software-Engineer-I--Onsite-_01862658,,,,,
Raytheon:https://globalhr.wd5.myworkdayjobs.com/en-US/rec_rtx_ext_gateway/job/US-MD-FULTON-8170--8170-Maple-Lawn-Blvd--MAPLE-LAWN-Ste-190-200--300/Software-Engineer-I--Onsite-_01856767-1,Raytheon,Software Engineer I - Onsite,"Fulton, MD",,https://globalhr.wd5.myworkdayjobs.com/en-US/rec_rtx_ext_gateway/job/US-MD-FULTON-8170--8170-Maple-Lawn-Blvd--MAPLE-LAWN-Ste-190-200--300/Software-Engineer-I--Onsite-_01856767-1,,,2026-08-01T13:58:56+00:00,2026-08-01 06:58 Sat,Software Engineering,true,Keyword,40,keyword-only heuristic,false,speedyapply:SpeedyApply SWE:https://globalhr.wd5.myworkdayjobs.com/en-US/rec_rtx_ext_gateway/job/US-MD-FULTON-8170--8170-Maple-Lawn-Blvd--MAPLE-LAWN-Ste-190-200--300/Software-Engineer-I--Onsite-_01856767-1,,,,,
Raytheon:https://globalhr.wd5.myworkdayjobs.com/en-US/rec_rtx_ext_gateway/job/US-IA-CEDAR-RAPIDS-193--1120-Collins-Rd-NE--BLDG193/Software-Engineer-I--Onsite-_01863436,Raytheon,Software Engineer I - Onsite,"Cedar Rapids, IA",,https://globalhr.wd5.myworkdayjobs.com/en-US/rec_rtx_ext_gateway/job/US-IA-CEDAR-RAPIDS-193--1120-Collins-Rd-NE--BLDG193/Software-Engineer-I--Onsite-_01863436,,,2026-08-02T13:59:17+00:00,2026-08-02 06:59 Sun,,false,,,,false,speedyapply:SpeedyApply SWE:https://globalhr.wd5.myworkdayjobs.com/en-US/rec_rtx_ext_gateway/job/US-IA-CEDAR-RAPIDS-193--1120-Collins-Rd-NE--BLDG193/Software-Engineer-I--Onsite-_01863436,,,,,
Raytheon:https://globalhr.wd5.myworkdayjobs.com/en-US/rec_rtx_ext_gateway/job/US-CA-FULLERTON-676--1801-Hughes-Dr--BLDG-676/Software-Engineer-I--Onsite-_01864064,Raytheon,Software Engineer I - Onsite,"Fullerton, CA",,https://globalhr.wd5.myworkdayjobs.com/en-US/rec_rtx_ext_gateway/job/US-CA-FULLERTON-676--1801-Hughes-Dr--BLDG-676/Software-Engineer-I--Onsite-_01864064,,,2026-08-05T14:41:47+00:00,2026-08-05 07:41 Wed,Software Engineering,true,CLI,72,"Strong fit for an entry-level software engineering role through substantial Python/C++ development, testing, algorithms, Docker/Linux, and backend experience, though the resume lacks evident defense, embedded, hardware, or aerospace domain experience.",true,speedyapply:SpeedyApply SWE:https://globalhr.wd5.myworkdayjobs.com/en-US/rec_rtx_ext_gateway/job/US-CA-FULLERTON-676--1801-Hughes-Dr--BLDG-676/Software-Engineer-I--Onsite-_01864064,,,,,
Raytheon:https://globalhr.wd5.myworkdayjobs.com/en-US/rec_rtx_ext_gateway/job/US-IA-CEDAR-RAPIDS-182--1100-Cimmie-Ave-Ne--BLDG-182/Software-Engineer-I---Onsite-_01865303,Raytheon,Software Engineer I - Onsite,"Cedar Rapids, IA",,https://globalhr.wd5.myworkdayjobs.com/en-US/rec_rtx_ext_gateway/job/US-IA-CEDAR-RAPIDS-182--1100-Cimmie-Ave-Ne--BLDG-182/Software-Engineer-I---Onsite-_01865303,,,2026-08-12T13:42:08+00:00,2026-08-12 06:42 Wed,Software Engineering,true,CLI,65,"The candidate has strong Python/C++ software development, testing, backend, Docker/Linux, and algorithm experience applicable to an entry-level software engineering role, but lacks demonstrated defense/aerospace, embedded, or Cedar Rapids-specific experience and the posting provides no detailed requirements.",true,speedyapply:SpeedyApply SWE:https://globalhr.wd5.myworkdayjobs.com/en-US/rec_rtx_ext_gateway/job/US-IA-CEDAR-RAPIDS-182--1100-Cimmie-Ave-Ne--BLDG-182/Software-Engineer-I---Onsite-_01865303,,,,,
Raytheon:https://globalhr.wd5.myworkdayjobs.com/en-US/rec_rtx_ext_gateway/job/US-IA-CEDAR-RAPIDS-182--1100-Cimmie-Ave-Ne--BLDG-182/Software-Engineer-I--Onsite-_01858008,Raytheon,Software Engineer I - Onsite,"Cedar Rapids, IA",,https://globalhr.wd5.myworkdayjobs.com/en-US/rec_rtx_ext_gateway/job/US-IA-CEDAR-RAPIDS-182--1100-Cimmie-Ave-Ne--BLDG-182/Software-Engineer-I--Onsite-_01858008,,,2026-08-12T13:42:08+00:00,2026-08-12 06:42 Wed,Software Engineering,true,Keyword,40,keyword-only heuristic (title only),false,speedyapply:SpeedyApply SWE:https://globalhr.wd5.myworkdayjobs.com/en-US/rec_rtx_ext_gateway/job/US-IA-CEDAR-RAPIDS-182--1100-Cimmie-Ave-Ne--BLDG-182/Software-Engineer-I--Onsite-_01858008,,,,,
Raytheon:https://globalhr.wd5.myworkdayjobs.com/en-US/rec_rtx_ext_gateway/job/US-MD-FULTON-8170--8170-Maple-Lawn-Blvd--MAPLE-LAWN-Ste-190-200--300/Software-Engineer-I--Onsite-_01865828,Raytheon,Software Engineer I - Onsite,"Fulton, MD",,https://globalhr.wd5.myworkdayjobs.com/en-US/rec_rtx_ext_gateway/job/US-MD-FULTON-8170--8170-Maple-Lawn-Blvd--MAPLE-LAWN-Ste-190-200--300/Software-Engineer-I--Onsite-_01865828,,,2026-08-12T13:42:08+00:00,2026-08-12 06:42 Wed,Software Engineering,true,CLI,42,"The candidate has solid software engineering, C++, Python, testing, computer vision, and systems experience, but the posting provides no responsibilities and therefore offers insufficient evidence of alignment with Raytheon’s specific domain, seniority, or onsite requirements.",false,speedyapply:SpeedyApply SWE:https://globalhr.wd5.myworkdayjobs.com/en-US/rec_rtx_ext_gateway/job/US-MD-FULTON-8170--8170-Maple-Lawn-Blvd--MAPLE-LAWN-Ste-190-200--300/Software-Engineer-I--Onsite-_01865828,,,,,
Raytheon:https://globalhr.wd5.myworkdayjobs.com/en-US/rec_rtx_ext_gateway/job/US-AZ-TUCSON-801--1151-E-Hermans-Rd--BLDG-801-External-Site/Software-Engineer-I--Onsite-_01865026-1,Raytheon,Software Engineer I - Onsite,"Tucson, AZ",,https://globalhr.wd5.myworkdayjobs.com/en-US/rec_rtx_ext_gateway/job/US-AZ-TUCSON-801--1151-E-Hermans-Rd--BLDG-801-External-Site/Software-Engineer-I--Onsite-_01865026-1,,,2026-08-13T13:42:07+00:00,2026-08-13 06:42 Thu,Software Engineering,true,CLI,78,"The candidate is a credible early-career software engineer with strong Python/C++ development, computer vision, backend systems, testing, Docker, Linux, and performance-optimization experience, though the resume lacks defense-specific, embedded, and Tucson-onsite experience.",true,speedyapply:SpeedyApply SWE:https://globalhr.wd5.myworkdayjobs.com/en-US/rec_rtx_ext_gateway/job/US-AZ-TUCSON-801--1151-E-Hermans-Rd--BLDG-801-External-Site/Software-Engineer-I--Onsite-_01865026-1,,,,,
Raytheon:https://globalhr.wd5.myworkdayjobs.com/en-US/rec_rtx_ext_gateway/job/US-IA-CEDAR-RAPIDS-105--400-Collins-Rd-NE--BLDG-105/Software-Engineer-I--Onsite-_01865680,Raytheon,Software Engineer I - Onsite,"Cedar Rapids, IA",,https://globalhr.wd5.myworkdayjobs.com/en-US/rec_rtx_ext_gateway/job/US-IA-CEDAR-RAPIDS-105--400-Collins-Rd-NE--BLDG-105/Software-Engineer-I--Onsite-_01865680,,,2026-08-13T13:42:07+00:00,2026-08-13 06:42 Thu,Software Engineering,true,Keyword,40,keyword-only heuristic (title only),false,speedyapply:SpeedyApply SWE:https://globalhr.wd5.myworkdayjobs.com/en-US/rec_rtx_ext_gateway/job/US-IA-CEDAR-RAPIDS-105--400-Collins-Rd-NE--BLDG-105/Software-Engineer-I--Onsite-_01865680,,,,,
Raytheon:https://globalhr.wd5.myworkdayjobs.com/en-US/rec_rtx_ext_gateway/job/US-TX-MCKINNEY-513WC--2501-W-University-Dr--WING-C-BLDG/Software-Engineer-I--Onsite-_01867976,Raytheon,Software Engineer I - Onsite,"McKinney, TX",,https://globalhr.wd5.myworkdayjobs.com/en-US/rec_rtx_ext_gateway/job/US-TX-MCKINNEY-513WC--2501-W-University-Dr--WING-C-BLDG/Software-Engineer-I--Onsite-_01867976,,,2026-08-19T13:18:27+00:00,2026-08-19 06:18 Wed,Software Engineering,true,Keyword,40,keyword-only heuristic (title only),false,speedyapply:SpeedyApply SWE:https://globalhr.wd5.myworkdayjobs.com/en-US/rec_rtx_ext_gateway/job/US-TX-MCKINNEY-513WC--2501-W-University-Dr--WING-C-BLDG/Software-Engineer-I--Onsite-_01867976,,,,,
Raytheon:https://globalhr.wd5.myworkdayjobs.com/en-US/rec_rtx_ext_gateway/job/US-AZ-TUCSON-805--1151-E-Hermans-Rd--BLDG-805/Software-Engineer-I--Onsite-_01868189,Raytheon,Software Engineer I - Onsite,"Tucson, AZ",,https://globalhr.wd5.myworkdayjobs.com/en-US/rec_rtx_ext_gateway/job/US-AZ-TUCSON-805--1151-E-Hermans-Rd--BLDG-805/Software-Engineer-I--Onsite-_01868189,,,2026-08-20T13:10:56+00:00,2026-08-20 06:10 Thu,,false,,,,false,speedyapply:SpeedyApply SWE:https://globalhr.wd5.myworkdayjobs.com/en-US/rec_rtx_ext_gateway/job/US-AZ-TUCSON-805--1151-E-Hermans-Rd--BLDG-805/Software-Engineer-I--Onsite-_01868189,,,,,
Raytheon:https://globalhr.wd5.myworkdayjobs.com/en-US/rec_rtx_ext_gateway/job/US-IN-INDIANAPOLIS-206--3939-Priority-Way-S-Dr--PRIORITY-BLDG-6/Software-Engineer-I--Onsite-_01867061,Raytheon,Software Engineer I - Onsite,"Indianapolis, IN",Hardware,https://globalhr.wd5.myworkdayjobs.com/rec_rtx_ext_gateway/job/US-IN-INDIANAPOLIS-206--3939-Priority-Way-S-Dr--PRIORITY-BLDG-6/Software-Engineer-I--Onsite-_01867061|https://globalhr.wd5.myworkdayjobs.com/en-US/rec_rtx_ext_gateway/job/US-IN-INDIANAPOLIS-206--3939-Priority-Way-S-Dr--PRIORITY-BLDG-6/Software-Engineer-I--Onsite-_01867061,2026-08-20,2026-08-20,2026-08-24T13:13:27+00:00,2026-08-24 06:13 Mon,,false,,,,false,speedyapply:SpeedyApply SWE:https://globalhr.wd5.myworkdayjobs.com/en-US/rec_rtx_ext_gateway/job/US-IN-INDIANAPOLIS-206--3939-Priority-Way-S-Dr--PRIORITY-BLDG-6/Software-Engineer-I--Onsite-_01867061|simplify:Simplify New Grad:ce83f52d-0a30-4cd0-8226-7732ff43b44c,|2026-08-20,,,,
Raytheon:https://globalhr.wd5.myworkdayjobs.com/en-US/rec_rtx_ext_gateway/job/US-IA-CEDAR-RAPIDS-105--400-Collins-Rd-NE--BLDG-105/Software-Engineer-I---Onsite-_01868242,Raytheon,Software Engineer I - Onsite,"Cedar Rapids, IA",Hardware,https://globalhr.wd5.myworkdayjobs.com/rec_rtx_ext_gateway/job/US-IA-CEDAR-RAPIDS-105--400-Collins-Rd-NE--BLDG-105/Software-Engineer-I---Onsite-_01868242|https://globalhr.wd5.myworkdayjobs.com/en-US/rec_rtx_ext_gateway/job/US-IA-CEDAR-RAPIDS-105--400-Collins-Rd-NE--BLDG-105/Software-Engineer-I---Onsite-_01868242,2026-08-25,2026-08-25,2026-08-27T22:17:48+00:00,2026-08-27 15:17 Thu,,false,,,,false,speedyapply:SpeedyApply SWE:https://globalhr.wd5.myworkdayjobs.com/en-US/rec_rtx_ext_gateway/job/US-IA-CEDAR-RAPIDS-105--400-Collins-Rd-NE--BLDG-105/Software-Engineer-I---Onsite-_01868242|simplify:Simplify New Grad:57ebe73c-5293-496b-9bf5-1b38081d2cdf,|2026-08-25,,,,
Raytheon:https://globalhr.wd5.myworkdayjobs.com/en-US/rec_rtx_ext_gateway/job/US-AL-HUNTSVILLE-401--401-Jan-Davis-Dr-NW--JAN-DAVIS-401/Software-Engineer-I--Onsite-_01870005,Raytheon,Software Engineer I - Onsite,"Huntsville, AL",,https://globalhr.wd5.myworkdayjobs.com/en-US/rec_rtx_ext_gateway/job/US-AL-HUNTSVILLE-401--401-Jan-Davis-Dr-NW--JAN-DAVIS-401/Software-Engineer-I--Onsite-_01870005,,,2026-08-28T22:17:38+00:00,2026-08-28 15:17 Fri,,false,,,,false,speedyapply:SpeedyApply SWE:https://globalhr.wd5.myworkdayjobs.com/en-US/rec_rtx_ext_gateway/job/US-AL-HUNTSVILLE-401--401-Jan-Davis-Dr-NW--JAN-DAVIS-401/Software-Engineer-I--Onsite-_01870005,,,,,
Raytheon:https://globalhr.wd5.myworkdayjobs.com/en-US/rec_rtx_ext_gateway/job/US-IA-CEDAR-RAPIDS-105--400-Collins-Rd-NE--BLDG-105/Software-Engineer-I--Onsite-_01867125-1,Raytheon,Software Engineer I - Onsite,"Cedar Rapids, IA",,https://globalhr.wd5.myworkdayjobs.com/en-US/rec_rtx_ext_gateway/job/US-IA-CEDAR-RAPIDS-105--400-Collins-Rd-NE--BLDG-105/Software-Engineer-I--Onsite-_01867125-1,,,2026-09-02T16:41:58+00:00,2026-09-02 09:41 Wed,,false,,,,false,speedyapply:SpeedyApply SWE:https://globalhr.wd5.myworkdayjobs.com/en-US/rec_rtx_ext_gateway/job/US-IA-CEDAR-RAPIDS-105--400-Collins-Rd-NE--BLDG-105/Software-Engineer-I--Onsite-_01867125-1,,,,,
Raytheon:https://globalhr.wd5.myworkdayjobs.com/en-US/rec_rtx_ext_gateway/job/US-IN-FT-WAYNE-150A--1010-Production-Rd--BLDG-150A/Software-Engineer-I--Onsite-_01871665,Raytheon,Software Engineer I - Onsite,"Fort Wayne, IN",Hardware,https://globalhr.wd5.myworkdayjobs.com/rec_rtx_ext_gateway/job/US-IN-FT-WAYNE-150A--1010-Production-Rd--BLDG-150A/Software-Engineer-I--Onsite-_01871665|https://globalhr.wd5.myworkdayjobs.com/en-US/rec_rtx_ext_gateway/job/US-IN-FT-WAYNE-150A--1010-Production-Rd--BLDG-150A/Software-Engineer-I--Onsite-_01871665,2026-09-02,2026-09-02,2026-09-04T16:16:54+00:00,2026-09-04 09:16 Fri,,false,,,,false,speedyapply:SpeedyApply SWE:https://globalhr.wd5.myworkdayjobs.com/en-US/rec_rtx_ext_gateway/job/US-IN-FT-WAYNE-150A--1010-Production-Rd--BLDG-150A/Software-Engineer-I--Onsite-_01871665|simplify:Simplify New Grad:3a54220d-ecf6-43e5-bd7a-ea721ea36f3c,|2026-09-02,,,,
Raytheon:https://globalhr.wd5.myworkdayjobs.com/en-US/rec_rtx_ext_gateway/job/US-IA-CEDAR-RAPIDS-182--1100-Cimmie-Ave-Ne--BLDG-182/Software-Engineer-I--Onsite-_01871997,Raytheon,Software Engineer I - Onsite,"Cedar Rapids, IA",Software,https://globalhr.wd5.myworkdayjobs.com/rec_rtx_ext_gateway/job/US-IA-CEDAR-RAPIDS-182--1100-Cimmie-Ave-Ne--BLDG-182/Software-Engineer-I--Onsite-_01871997|https://globalhr.wd5.myworkdayjobs.com/en-US/rec_rtx_ext_gateway/job/US-IA-CEDAR-RAPIDS-182--1100-Cimmie-Ave-Ne--BLDG-182/Software-Engineer-I--Onsite-_01871997,2026-09-08,2026-09-08,2026-09-08T10:16:27+00:00,2026-09-08 03:16 Tue,,false,,,,false,speedyapply:SpeedyApply SWE:https://globalhr.wd5.myworkdayjobs.com/en-US/rec_rtx_ext_gateway/job/US-IA-CEDAR-RAPIDS-182--1100-Cimmie-Ave-Ne--BLDG-182/Software-Engineer-I--Onsite-_01871997|simplify:Simplify New Grad:e90bb9b3-2e96-47e0-80c1-169bb7a56849,|2026-09-08,,,,
Raytheon:https://globalhr.wd5.myworkdayjobs.com/en-US/rec_rtx_ext_gateway/job/US-AZ-TUCSON-805--1151-E-Hermans-Rd--BLDG-805/Software-Engineer-I--Onsite-_01866752,Raytheon,Software Engineer I - Onsite,"Tucson, AZ",Hardware,https://globalhr.wd5.myworkdayjobs.com/rec_rtx_ext_gateway/job/US-AZ-TUCSON-805--1151-E-Hermans-Rd--BLDG-805/Software-Engineer-I--Onsite-_01866752|https://globalhr.wd5.myworkdayjobs.com/en-US/rec_rtx_ext_gateway/job/US-AZ-TUCSON-805--1151-E-Hermans-Rd--BLDG-805/Software-Engineer-I--Onsite-_01866752,2026-09-08,2026-09-08,2026-09-08T23:16:57+00:00,2026-09-08 16:16 Tue,,false,,,,false,speedyapply:SpeedyApply SWE:https://globalhr.wd5.myworkdayjobs.com/en-US/rec_rtx_ext_gateway/job/US-AZ-TUCSON-805--1151-E-Hermans-Rd--BLDG-805/Software-Engineer-I--Onsite-_01866752|simplify:Simplify New Grad:60bf5735-7aca-4f7f-a89d-fec901bb12bf,|2026-09-08,,,,
Raytheon:https://globalhr.wd5.myworkdayjobs.com/en-US/rec_rtx_ext_gateway/job/US-IA-CEDAR-RAPIDS-105--400-Collins-Rd-NE--BLDG-105/Software-Engineer-I--Onsite-_01872860,Raytheon,Software Engineer I - Onsite,"Cedar Rapids, IA",Software,https://globalhr.wd5.myworkdayjobs.com/rec_rtx_ext_gateway/job/US-IA-CEDAR-RAPIDS-105--400-Collins-Rd-NE--BLDG-105/Software-Engineer-I--Onsite-_01872860|https://globalhr.wd5.myworkdayjobs.com/en-US/rec_rtx_ext_gateway/job/US-IA-CEDAR-RAPIDS-105--400-Collins-Rd-NE--BLDG-105/Software-Engineer-I--Onsite-_01872860,2026-09-08,2026-09-08,2026-09-08T23:16:57+00:00,2026-09-08 16:16 Tue,,false,,,,false,speedyapply:SpeedyApply SWE:https://globalhr.wd5.myworkdayjobs.com/en-US/rec_rtx_ext_gateway/job/US-IA-CEDAR-RAPIDS-105--400-Collins-Rd-NE--BLDG-105/Software-Engineer-I--Onsite-_01872860|simplify:Simplify New Grad:c3323211-e81a-4377-977c-30b087880e97,|2026-09-08,,,,
Raytheon:https://globalhr.wd5.myworkdayjobs.com/en-US/rec_rtx_ext_gateway/job/US-IA-CEDAR-RAPIDS-107--400-Collins-Rd-NE--BLDG-107/Software-Engineer-I--Onsite-_01872684,Raytheon,Software Engineer I - Onsite,"Cedar Rapids, IA",Hardware,https://globalhr.wd5.myworkdayjobs.com/rec_rtx_ext_gateway/job/US-IA-CEDAR-RAPIDS-107--400-Collins-Rd-NE--BLDG-107/Software-Engineer-I--Onsite-_01872684|https://globalhr.wd5.myworkdayjobs.com/en-US/rec_rtx_ext_gateway/job/US-IA-CEDAR-RAPIDS-107--400-Collins-Rd-NE--BLDG-107/Software-Engineer-I--Onsite-_01872684,2026-09-08,2026-09-08,2026-09-08T23:16:57+00:00,2026-09-08 16:16 Tue,,false,,,,false,speedyapply:SpeedyApply SWE:https://globalhr.wd5.myworkdayjobs.com/en-US/rec_rtx_ext_gateway/job/US-IA-CEDAR-RAPIDS-107--400-Collins-Rd-NE--BLDG-107/Software-Engineer-I--Onsite-_01872684|simplify:Simplify New Grad:c4530fad-9d74-432e-bc85-6f26c31a8c62,|2026-09-08,,,,
Raytheon:https://globalhr.wd5.myworkdayjobs.com/en-US/rec_rtx_ext_gateway/job/US-TX-MCKINNEY-513WD--2501-W-University-Dr--WING-D-BLDG/Software-Engineer-I--Onsite-_01872248,Raytheon,Software Engineer I - Onsite,"McKinney, TX",Software,https://globalhr.wd5.myworkdayjobs.com/rec_rtx_ext_gateway/job/US-TX-MCKINNEY-513WD--2501-W-University-Dr--WING-D-BLDG/Software-Engineer-I--Onsite-_01872248|https://globalhr.wd5.myworkdayjobs.com/en-US/rec_rtx_ext_gateway/job/US-TX-MCKINNEY-513WD--2501-W-University-Dr--WING-D-BLDG/Software-Engineer-I--Onsite-_01872248,2026-09-08,2026-09-08,2026-09-08T23:16:57+00:00,2026-09-08 16:16 Tue,,false,,,,false,speedyapply:SpeedyApply SWE:https://globalhr.wd5.myworkdayjobs.com/en-US/rec_rtx_ext_gateway/job/US-TX-MCKINNEY-513WD--2501-W-University-Dr--WING-D-BLDG/Software-Engineer-I--Onsite-_01872248|simplify:Simplify New Grad:ae4cebf6-b99d-41ca-a145-35192486f863,|2026-09-08,,,,
Raytheon:https://globalhr.wd5.myworkdayjobs.com/en-US/rec_rtx_ext_gateway/job/US-MA-WOBURN-WB1--235-Presidential-Way--SPENCER-BLDG/Software-Engineer-I---Onsite-_01872445,Raytheon,Software Engineer I - Onsite,"Woburn, MA",Software,https://globalhr.wd5.myworkdayjobs.com/rec_rtx_ext_gateway/job/US-MA-WOBURN-WB1--235-Presidential-Way--SPENCER-BLDG/Software-Engineer-I---Onsite-_01872445|https://globalhr.wd5.myworkdayjobs.com/en-US/rec_rtx_ext_gateway/job/US-MA-WOBURN-WB1--235-Presidential-Way--SPENCER-BLDG/Software-Engineer-I---Onsite-_01872445,2026-09-09,2026-09-09,2026-09-09T23:41:09+00:00,2026-09-09 16:41 Wed,,false,,,,false,speedyapply:SpeedyApply SWE:https://globalhr.wd5.myworkdayjobs.com/en-US/rec_rtx_ext_gateway/job/US-MA-WOBURN-WB1--235-Presidential-Way--SPENCER-BLDG/Software-Engineer-I---Onsite-_01872445|simplify:Simplify New Grad:fcf451cc-c3d6-4cbf-ad77-d000a660390e,|2026-09-09,,,,
Raytheon:https://globalhr.wd5.myworkdayjobs.com/en-US/rec_rtx_ext_gateway/job/US-MA-TEWKSBURY-TB3--50-Apple-Hill-Dr--CONCORD-BLDG-Tewksbury-Tb3-300-Concord/Software-Engineer-I---Onsite-_01872452,Raytheon,Software Engineer I - Onsite,"Tewksbury, MA",Software,https://globalhr.wd5.myworkdayjobs.com/rec_rtx_ext_gateway/job/US-MA-TEWKSBURY-TB3--50-Apple-Hill-Dr--CONCORD-BLDG-Tewksbury-Tb3-300-Concord/Software-Engineer-I---Onsite-_01872452|https://globalhr.wd5.myworkdayjobs.com/en-US/rec_rtx_ext_gateway/job/US-MA-TEWKSBURY-TB3--50-Apple-Hill-Dr--CONCORD-BLDG-Tewksbury-Tb3-300-Concord/Software-Engineer-I---Onsite-_01872452,2026-09-09,2026-09-09,2026-09-10T06:41:13+00:00,2026-09-09 23:41 Wed,,false,,,,false,speedyapply:SpeedyApply SWE:https://globalhr.wd5.myworkdayjobs.com/en-US/rec_rtx_ext_gateway/job/US-MA-TEWKSBURY-TB3--50-Apple-Hill-Dr--CONCORD-BLDG-Tewksbury-Tb3-300-Concord/Software-Engineer-I---Onsite-_01872452|simplify:Simplify New Grad:40052f73-c028-410f-8693-2219d4c4b1b9,|2026-09-09,,,,
Raytheon:https://globalhr.wd5.myworkdayjobs.com/en-US/rec_rtx_ext_gateway/job/US-IA-CEDAR-RAPIDS-124--400-Collins-Rd-NE--BLDG-124/Software-Engineer--I--Onsite-_01871993,Raytheon,Software Engineer I - Onsite,"Cedar Rapids, IA",Hardware,https://globalhr.wd5.myworkdayjobs.com/rec_rtx_ext_gateway/job/US-IA-CEDAR-RAPIDS-124--400-Collins-Rd-NE--BLDG-124/Software-Engineer--I--Onsite-_01871993|https://globalhr.wd5.myworkdayjobs.com/en-US/rec_rtx_ext_gateway/job/US-IA-CEDAR-RAPIDS-124--400-Collins-Rd-NE--BLDG-124/Software-Engineer--I--Onsite-_01871993,2026-09-10,2026-09-10,2026-09-10T23:17:19+00:00,2026-09-10 16:17 Thu,,false,,,,false,speedyapply:SpeedyApply SWE:https://globalhr.wd5.myworkdayjobs.com/en-US/rec_rtx_ext_gateway/job/US-IA-CEDAR-RAPIDS-124--400-Collins-Rd-NE--BLDG-124/Software-Engineer--I--Onsite-_01871993|simplify:Simplify New Grad:ef1b9c5d-e0b7-4446-8404-0b3854e65c4b,|2026-09-10,,,,
Raytheon:https://globalhr.wd5.myworkdayjobs.com/en-US/rec_rtx_ext_gateway/job/US-IN-INDIANAPOLIS-206--3939-Priority-Way-S-Dr--PRIORITY-BLDG-6/Software-Engineer-I--Onsite-_01873683,Raytheon,Software Engineer I - Onsite,"Indianapolis, IN",Hardware,https://globalhr.wd5.myworkdayjobs.com/rec_rtx_ext_gateway/job/US-IN-INDIANAPOLIS-206--3939-Priority-Way-S-Dr--PRIORITY-BLDG-6/Software-Engineer-I--Onsite-_01873683|https://globalhr.wd5.myworkdayjobs.com/en-US/rec_rtx_ext_gateway/job/US-IN-INDIANAPOLIS-206--3939-Priority-Way-S-Dr--PRIORITY-BLDG-6/Software-Engineer-I--Onsite-_01873683,2026-09-14,2026-09-14,2026-09-14T19:17:04+00:00,2026-09-14 12:17 Mon,,false,,,,false,speedyapply:SpeedyApply SWE:https://globalhr.wd5.myworkdayjobs.com/en-US/rec_rtx_ext_gateway/job/US-IN-INDIANAPOLIS-206--3939-Priority-Way-S-Dr--PRIORITY-BLDG-6/Software-Engineer-I--Onsite-_01873683|simplify:Simplify New Grad:21372e5e-070e-42a5-b386-7e517ee24992,|2026-09-14,,,,
Raytheon:https://globalhr.wd5.myworkdayjobs.com/en-US/rec_rtx_ext_gateway/job/US-TX-MCKINNEY-513WD--2501-W-University-Dr--WING-D-BLDG/Software-Engineer-I--Onsite-_01874333,Raytheon,Software Engineer I - Onsite,"McKinney, TX",Software,https://globalhr.wd5.myworkdayjobs.com/rec_rtx_ext_gateway/job/US-TX-MCKINNEY-513WD--2501-W-University-Dr--WING-D-BLDG/Software-Engineer-I--Onsite-_01874333|https://globalhr.wd5.myworkdayjobs.com/en-US/rec_rtx_ext_gateway/job/US-TX-MCKINNEY-513WD--2501-W-University-Dr--WING-D-BLDG/Software-Engineer-I--Onsite-_01874333,2026-09-14,2026-09-14,2026-09-14T19:17:04+00:00,2026-09-14 12:17 Mon,,false,,,,false,speedyapply:SpeedyApply SWE:https://globalhr.wd5.myworkdayjobs.com/en-US/rec_rtx_ext_gateway/job/US-TX-MCKINNEY-513WD--2501-W-University-Dr--WING-D-BLDG/Software-Engineer-I--Onsite-_01874333|simplify:Simplify New Grad:065d2da2-5763-4c60-b6bf-8905264983ce,|2026-09-14,,,,
Raytheon:https://globalhr.wd5.myworkdayjobs.com/en-US/rec_rtx_ext_gateway/job/US-MA-MARLBOROUGH-MA4--1001-Boston-Post-Rd--BLDG-4/Software-Engineer-I--Onsite-_01874953,Raytheon,Software Engineer I - Onsite,"Marlborough, MA",Hardware,https://globalhr.wd5.myworkdayjobs.com/rec_rtx_ext_gateway/job/US-MA-MARLBOROUGH-MA4--1001-Boston-Post-Rd--BLDG-4/Software-Engineer-I--Onsite-_01874953|https://globalhr.wd5.myworkdayjobs.com/en-US/rec_rtx_ext_gateway/job/US-MA-MARLBOROUGH-MA4--1001-Boston-Post-Rd--BLDG-4/Software-Engineer-I--Onsite-_01874953,2026-09-15,2026-09-15,2026-09-15T23:14:13+00:00,2026-09-15 16:14 Tue,,false,,,,false,speedyapply:SpeedyApply SWE:https://globalhr.wd5.myworkdayjobs.com/en-US/rec_rtx_ext_gateway/job/US-MA-MARLBOROUGH-MA4--1001-Boston-Post-Rd--BLDG-4/Software-Engineer-I--Onsite-_01874953|simplify:Simplify New Grad:e9a5d592-1c52-4eef-a4bf-e1bedc17f3cc,|2026-09-15,,,,
Raytheon:https://globalhr.wd5.myworkdayjobs.com/en-US/rec_rtx_ext_gateway/job/US-MA-MARLBOROUGH-MA2--1001-Boston-Post-Rd--BLDG-2/Software-Engineer-I--Onsite-_01873299,Raytheon,Software Engineer I - Onsite,"Marlborough, MA",Software,https://globalhr.wd5.myworkdayjobs.com/rec_rtx_ext_gateway/job/US-MA-MARLBOROUGH-MA2--1001-Boston-Post-Rd--BLDG-2/Software-Engineer-I--Onsite-_01873299|https://globalhr.wd5.myworkdayjobs.com/en-US/rec_rtx_ext_gateway/job/US-MA-MARLBOROUGH-MA2--1001-Boston-Post-Rd--BLDG-2/Software-Engineer-I--Onsite-_01873299,2026-09-16,2026-09-16,2026-09-16T15:17:19+00:00,2026-09-16 08:17 Wed,,false,,,,false,speedyapply:SpeedyApply SWE:https://globalhr.wd5.myworkdayjobs.com/en-US/rec_rtx_ext_gateway/job/US-MA-MARLBOROUGH-MA2--1001-Boston-Post-Rd--BLDG-2/Software-Engineer-I--Onsite-_01873299|simplify:Simplify New Grad:289798f6-332d-4b16-b177-1466651e2548,|2026-09-16,,,,
Raytheon:https://globalhr.wd5.myworkdayjobs.com/en-US/rec_rtx_ext_gateway/job/US-MA-TEWKSBURY-TB3--50-Apple-Hill-Dr--CONCORD-BLDG-Tewksbury-Tb3-300-Concord/Software-Engineer-I--Onsite-_01875565,Raytheon,Software Engineer I - Onsite,"Tewksbury, MA",Software,https://globalhr.wd5.myworkdayjobs.com/rec_rtx_ext_gateway/job/US-MA-TEWKSBURY-TB3--50-Apple-Hill-Dr--CONCORD-BLDG-Tewksbury-Tb3-300-Concord/Software-Engineer-I--Onsite-_01875565|https://globalhr.wd5.myworkdayjobs.com/en-US/rec_rtx_ext_gateway/job/US-MA-TEWKSBURY-TB3--50-Apple-Hill-Dr--CONCORD-BLDG-Tewksbury-Tb3-300-Concord/Software-Engineer-I--Onsite-_01875565,2026-09-16,2026-09-16,2026-09-16T15:17:19+00:00,2026-09-16 08:17 Wed,,false,,,,false,speedyapply:SpeedyApply SWE:https://globalhr.wd5.myworkdayjobs.com/en-US/rec_rtx_ext_gateway/job/US-MA-TEWKSBURY-TB3--50-Apple-Hill-Dr--CONCORD-BLDG-Tewksbury-Tb3-300-Concord/Software-Engineer-I--Onsite-_01875565|simplify:Simplify New Grad:36a920b5-5fef-4b56-9386-d35c85e7ae48,|2026-09-16,,,,
Raytheon:https://globalhr.wd5.myworkdayjobs.com/en-US/rec_rtx_ext_gateway/job/US-MA-WOBURN-WB1--235-Presidential-Way--SPENCER-BLDG/Software-Engineer-I_01875564,Raytheon,Software Engineer I - Onsite,"Woburn, MA",Software,https://globalhr.wd5.myworkdayjobs.com/rec_rtx_ext_gateway/job/US-MA-WOBURN-WB1--235-Presidential-Way--SPENCER-BLDG/Software-Engineer-I_01875564|https://globalhr.wd5.myworkdayjobs.com/en-US/rec_rtx_ext_gateway/job/US-MA-WOBURN-WB1--235-Presidential-Way--SPENCER-BLDG/Software-Engineer-I_01875564,2026-09-16,2026-09-16,2026-09-16T15:17:19+00:00,2026-09-16 08:17 Wed,,false,,,,false,speedyapply:SpeedyApply SWE:https://globalhr.wd5.myworkdayjobs.com/en-US/rec_rtx_ext_gateway/job/US-MA-WOBURN-WB1--235-Presidential-Way--SPENCER-BLDG/Software-Engineer-I_01875564|simplify:Simplify New Grad:92dbb10e-7ec8-4b64-9dd9-a1521850b0db,|2026-09-16,,,,
Raytheon:https://globalhr.wd5.myworkdayjobs.com/en-US/rec_rtx_ext_gateway/job/US-MA-TEWKSBURY-TB3--50-Apple-Hill-Dr--CONCORD-BLDG-Tewksbury-Tb3-300-Concord/Software-Engineer-I--Onsite-_01873302,Raytheon,Software Engineer I - Onsite,"Tewksbury, MA",Software,https://globalhr.wd5.myworkdayjobs.com/rec_rtx_ext_gateway/job/US-MA-TEWKSBURY-TB3--50-Apple-Hill-Dr--CONCORD-BLDG-Tewksbury-Tb3-300-Concord/Software-Engineer-I--Onsite-_01873302|https://globalhr.wd5.myworkdayjobs.com/en-US/rec_rtx_ext_gateway/job/US-MA-TEWKSBURY-TB3--50-Apple-Hill-Dr--CONCORD-BLDG-Tewksbury-Tb3-300-Concord/Software-Engineer-I--Onsite-_01873302,2026-09-23,2026-09-23,2026-09-23T23:11:36+00:00,2026-09-23 16:11 Wed,Software Engineering,true,CLI:claude,40,職缺描述空白僅能依職稱判斷，候選人雖具備C++與軟體開發經驗，但專長集中於電腦視覺與機器學習領域，與Raytheon一般軟體工程師職位的國防產業領域關聯性不明確，故給予中等偏低分數。,true,speedyapply:SpeedyApply SWE:https://globalhr.wd5.myworkdayjobs.com/en-US/rec_rtx_ext_gateway/job/US-MA-TEWKSBURY-TB3--50-Apple-Hill-Dr--CONCORD-BLDG-Tewksbury-Tb3-300-Concord/Software-Engineer-I--Onsite-_01873302|simplify:Simplify New Grad:def54711-e5fe-4a9d-93e2-3d38983e8f08,|2026-09-23,resolved,14,2026-10-06T18:16:50+00:00,2026-10-07T20:45:45+00:00
Raytheon:https://globalhr.wd5.myworkdayjobs.com/en-US/rec_rtx_ext_gateway/job/US-MA-MARLBOROUGH-MA2--1001-Boston-Post-Rd--BLDG-2/Software-Engineer-I--Onsite-_01877495,Raytheon,Software Engineer I - Onsite,"Marlborough, MA",Software,https://globalhr.wd5.myworkdayjobs.com/rec_rtx_ext_gateway/job/US-MA-MARLBOROUGH-MA2--1001-Boston-Post-Rd--BLDG-2/Software-Engineer-I--Onsite-_01877495|https://globalhr.wd5.myworkdayjobs.com/en-US/rec_rtx_ext_gateway/job/US-MA-MARLBOROUGH-MA2--1001-Boston-Post-Rd--BLDG-2/Software-Engineer-I--Onsite-_01877495,2026-09-24,2026-09-24,2026-09-24T23:16:33+00:00,2026-09-24 16:16 Thu,,false,,,,false,speedyapply:SpeedyApply SWE:https://globalhr.wd5.myworkdayjobs.com/en-US/rec_rtx_ext_gateway/job/US-MA-MARLBOROUGH-MA2--1001-Boston-Post-Rd--BLDG-2/Software-Engineer-I--Onsite-_01877495|simplify:Simplify New Grad:f14b8354-3c07-49c5-96e8-d199167864cf,|2026-09-24,,,,
Raytheon:https://globalhr.wd5.myworkdayjobs.com/en-US/rec_rtx_ext_gateway/job/US-UT-WEST-VALLEY-CITY-338--1127--1128-w-2400-S--BLDG-338/Software-Engineer-I--Onsite-_01875568,Raytheon,Software Engineer I - Onsite,"West Valley City, UT",Software,https://globalhr.wd5.myworkdayjobs.com/rec_rtx_ext_gateway/job/US-UT-WEST-VALLEY-CITY-338--1127--1128-w-2400-S--BLDG-338/Software-Engineer-I--Onsite-_01875568|https://globalhr.wd5.myworkdayjobs.com/en-US/rec_rtx_ext_gateway/job/US-UT-WEST-VALLEY-CITY-338--1127--1128-w-2400-S--BLDG-338/Software-Engineer-I--Onsite-_01875568,2026-09-25,2026-09-25,2026-09-25T23:16:45+00:00,2026-09-25 16:16 Fri,,false,,,,false,speedyapply:SpeedyApply SWE:https://globalhr.wd5.myworkdayjobs.com/en-US/rec_rtx_ext_gateway/job/US-UT-WEST-VALLEY-CITY-338--1127--1128-w-2400-S--BLDG-338/Software-Engineer-I--Onsite-_01875568|simplify:Simplify New Grad:8593e14d-835b-423d-8b1c-eb67b2318a92,|2026-09-25,,,,
Raytheon:https://globalhr.wd5.myworkdayjobs.com/en-US/rec_rtx_ext_gateway/job/US-IA-CEDAR-RAPIDS-137--855-35Th-St-NE--BLDG-137/Software-Engineer-I--Onsite-_01878081,Raytheon,Software Engineer I - Onsite,"Cedar Rapids, IA",,https://globalhr.wd5.myworkdayjobs.com/en-US/rec_rtx_ext_gateway/job/US-IA-CEDAR-RAPIDS-137--855-35Th-St-NE--BLDG-137/Software-Engineer-I--Onsite-_01878081,,,2026-09-29T18:17:01+00:00,2026-09-29 11:17 Tue,,false,,,,false,speedyapply:SpeedyApply SWE:https://globalhr.wd5.myworkdayjobs.com/en-US/rec_rtx_ext_gateway/job/US-IA-CEDAR-RAPIDS-137--855-35Th-St-NE--BLDG-137/Software-Engineer-I--Onsite-_01878081,,,,,
Raytheon:https://globalhr.wd5.myworkdayjobs.com/en-US/rec_rtx_ext_gateway/job/US-IN-FT-WAYNE-150A--1010-Production-Rd--BLDG-150A/Software-Engineer-I---Space-and-RF-Sensors--Onsite-_01878512,Raytheon,Software Engineer I - Onsite,"Fort Wayne, IN",Hardware,https://globalhr.wd5.myworkdayjobs.com/rec_rtx_ext_gateway/job/US-IN-FT-WAYNE-150A--1010-Production-Rd--BLDG-150A/Software-Engineer-I---Space-and-RF-Sensors--Onsite-_01878512|https://globalhr.wd5.myworkdayjobs.com/en-US/rec_rtx_ext_gateway/job/US-IN-FT-WAYNE-150A--1010-Production-Rd--BLDG-150A/Software-Engineer-I---Space-and-RF-Sensors--Onsite-_01878512,2026-09-28,2026-09-28,2026-09-29T18:17:01+00:00,2026-09-29 11:17 Tue,,false,,,,false,speedyapply:SpeedyApply SWE:https://globalhr.wd5.myworkdayjobs.com/en-US/rec_rtx_ext_gateway/job/US-IN-FT-WAYNE-150A--1010-Production-Rd--BLDG-150A/Software-Engineer-I---Space-and-RF-Sensors--Onsite-_01878512|simplify:Simplify New Grad:91f2a833-7af5-4d7c-8410-7fb3f3d72d0c,|2026-09-28,,,,
Raytheon:https://globalhr.wd5.myworkdayjobs.com/en-US/rec_rtx_ext_gateway/job/US-IA-CEDAR-RAPIDS-166--855-35Th-St-NE--BLDG-166/Software-Engineer-I--Onsite-_01878730,Raytheon,Software Engineer I - Onsite,"Cedar Rapids, IA",Software,https://globalhr.wd5.myworkdayjobs.com/rec_rtx_ext_gateway/job/US-IA-CEDAR-RAPIDS-166--855-35Th-St-NE--BLDG-166/Software-Engineer-I--Onsite-_01878730|https://globalhr.wd5.myworkdayjobs.com/en-US/rec_rtx_ext_gateway/job/US-IA-CEDAR-RAPIDS-166--855-35Th-St-NE--BLDG-166/Software-Engineer-I--Onsite-_01878730,2026-09-29,2026-09-29,2026-09-30T01:40:39+00:00,2026-09-29 18:40 Tue,,false,,,,false,speedyapply:SpeedyApply SWE:https://globalhr.wd5.myworkdayjobs.com/en-US/rec_rtx_ext_gateway/job/US-IA-CEDAR-RAPIDS-166--855-35Th-St-NE--BLDG-166/Software-Engineer-I--Onsite-_01878730|simplify:Simplify New Grad:97d3e16d-4c5c-4908-8dc2-3d180fcd42ac,|2026-09-29,,,,
Raytheon:https://globalhr.wd5.myworkdayjobs.com/en-US/rec_rtx_ext_gateway/job/US-IA-CEDAR-RAPIDS-182--1100-Cimmie-Ave-Ne--BLDG-182/Software-Engineer-I--Onsite-_01876926,Raytheon,Software Engineer I - Onsite,"Cedar Rapids, IA",,https://globalhr.wd5.myworkdayjobs.com/en-US/rec_rtx_ext_gateway/job/US-IA-CEDAR-RAPIDS-182--1100-Cimmie-Ave-Ne--BLDG-182/Software-Engineer-I--Onsite-_01876926,,,2026-09-30T17:58:51+00:00,2026-09-30 10:58 Wed,,false,,,,false,speedyapply:SpeedyApply SWE:https://globalhr.wd5.myworkdayjobs.com/en-US/rec_rtx_ext_gateway/job/US-IA-CEDAR-RAPIDS-182--1100-Cimmie-Ave-Ne--BLDG-182/Software-Engineer-I--Onsite-_01876926,,,,,
Raytheon:https://globalhr.wd5.myworkdayjobs.com/en-US/rec_rtx_ext_gateway/job/US-CA-EL-SEGUNDO-R01--2000-E-Imperial-Hwy--BLDG-R01/Software-Engineer-I--Onsite-_01878759,Raytheon,Software Engineer I - Onsite,"El Segundo, CA",Hardware,https://globalhr.wd5.myworkdayjobs.com/rec_rtx_ext_gateway/job/US-CA-EL-SEGUNDO-R01--2000-E-Imperial-Hwy--BLDG-R01/Software-Engineer-I--Onsite-_01878759|https://globalhr.wd5.myworkdayjobs.com/en-US/rec_rtx_ext_gateway/job/US-CA-EL-SEGUNDO-R01--2000-E-Imperial-Hwy--BLDG-R01/Software-Engineer-I--Onsite-_01878759,2026-10-01,2026-10-01,2026-10-01T09:40:32+00:00,2026-10-01 02:40 Thu,,false,,,,false,speedyapply:SpeedyApply SWE:https://globalhr.wd5.myworkdayjobs.com/en-US/rec_rtx_ext_gateway/job/US-CA-EL-SEGUNDO-R01--2000-E-Imperial-Hwy--BLDG-R01/Software-Engineer-I--Onsite-_01878759|simplify:Simplify New Grad:79d832e4-94d6-41aa-b211-a7d13f45f875,|2026-10-01,,,,
Raytheon:https://globalhr.wd5.myworkdayjobs.com/en-US/rec_rtx_ext_gateway/job/US-MD-ANNAPOLIS-906--2551-Riva-Rd--BLDG-906/Software-Engineer-I--Onsite-_01873236,Raytheon,Software Engineer I - Onsite,"Annapolis, MD",Software,https://globalhr.wd5.myworkdayjobs.com/rec_rtx_ext_gateway/job/US-MD-ANNAPOLIS-906--2551-Riva-Rd--BLDG-906/Software-Engineer-I--Onsite-_01873236|https://globalhr.wd5.myworkdayjobs.com/en-US/rec_rtx_ext_gateway/job/US-MD-ANNAPOLIS-906--2551-Riva-Rd--BLDG-906/Software-Engineer-I--Onsite-_01873236,2026-10-01,2026-10-01,2026-10-01T15:41:17+00:00,2026-10-01 08:41 Thu,,false,,,,false,speedyapply:SpeedyApply SWE:https://globalhr.wd5.myworkdayjobs.com/en-US/rec_rtx_ext_gateway/job/US-MD-ANNAPOLIS-906--2551-Riva-Rd--BLDG-906/Software-Engineer-I--Onsite-_01873236|simplify:Simplify Internships:10517de5-4d11-4bce-9255-0c5b06231c18,|2026-10-01,,,,
Raytheon:https://globalhr.wd5.myworkdayjobs.com/en-US/rec_rtx_ext_gateway/job/US-AZ-TUCSON-805--1151-E-Hermans-Rd--BLDG-805/Software-Engineer-I--Onsite-_01879432,Raytheon,Software Engineer I - Onsite,"Tucson, AZ",Hardware,https://globalhr.wd5.myworkdayjobs.com/rec_rtx_ext_gateway/job/US-AZ-TUCSON-805--1151-E-Hermans-Rd--BLDG-805/Software-Engineer-I--Onsite-_01879432|https://globalhr.wd5.myworkdayjobs.com/en-US/rec_rtx_ext_gateway/job/US-AZ-TUCSON-805--1151-E-Hermans-Rd--BLDG-805/Software-Engineer-I--Onsite-_01879432,2026-10-05,2026-10-05,2026-10-05T23:16:36+00:00,2026-10-05 16:16 Mon,,false,,,,false,speedyapply:SpeedyApply SWE:https://globalhr.wd5.myworkdayjobs.com/en-US/rec_rtx_ext_gateway/job/US-AZ-TUCSON-805--1151-E-Hermans-Rd--BLDG-805/Software-Engineer-I--Onsite-_01879432|simplify:Simplify New Grad:6584bc88-6ac4-454b-a776-bd454c927ac6,|2026-10-05,,,,
Raytheon:https://globalhr.wd5.myworkdayjobs.com/en-US/rec_rtx_ext_gateway/job/US-AZ-TUCSON-805--1151-E-Hermans-Rd--BLDG-805/Software-Engineer-I---Test_01873961,Raytheon,Software Engineer I - Test,"Tucson, AZ",Software,https://globalhr.wd5.myworkdayjobs.com/rec_rtx_ext_gateway/job/US-AZ-TUCSON-805--1151-E-Hermans-Rd--BLDG-805/Software-Engineer-I---Test_01873961|https://globalhr.wd5.myworkdayjobs.com/en-US/rec_rtx_ext_gateway/job/US-AZ-TUCSON-805--1151-E-Hermans-Rd--BLDG-805/Software-Engineer-I---Test_01873961,2026-09-16,2026-09-16,2026-09-17T16:59:12+00:00,2026-09-17 09:59 Thu,,false,,,,false,speedyapply:SpeedyApply SWE:https://globalhr.wd5.myworkdayjobs.com/en-US/rec_rtx_ext_gateway/job/US-AZ-TUCSON-805--1151-E-Hermans-Rd--BLDG-805/Software-Engineer-I---Test_01873961|simplify:Simplify New Grad:6ffabb0b-4dbb-49a3-bb98-10fd85f1898b,|2026-09-16,,,,
Raytheon:https://globalhr.wd5.myworkdayjobs.com/en-US/rec_rtx_ext_gateway/job/US-AZ-TUCSON-801--1151-E-Hermans-Rd--BLDG-801-External-Site/Software-Engineer-I----Test-Solutions---Onsite_01836492,Raytheon,Software Engineer I - Test Solutions - Onsite,"Tucson, AZ",Software,https://globalhr.wd5.myworkdayjobs.com/rec_rtx_ext_gateway/job/US-AZ-TUCSON-801--1151-E-Hermans-Rd--BLDG-801-External-Site/Software-Engineer-I----Test-Solutions---Onsite_01836492|https://globalhr.wd5.myworkdayjobs.com/en-US/rec_rtx_ext_gateway/job/US-AZ-TUCSON-801--1151-E-Hermans-Rd--BLDG-801-External-Site/Software-Engineer-I----Test-Solutions---Onsite_01836492,2026-04-08,2026-04-08,2026-07-26T08:59:28+00:00,2026-07-26 01:59 Sun,Software Engineering,true,Keyword,40,keyword-only heuristic,false,speedyapply:SpeedyApply SWE:https://globalhr.wd5.myworkdayjobs.com/en-US/rec_rtx_ext_gateway/job/US-AZ-TUCSON-801--1151-E-Hermans-Rd--BLDG-801-External-Site/Software-Engineer-I----Test-Solutions---Onsite_01836492|simplify:Simplify New Grad:4d8ade89-7d74-491e-a5cb-4fe36798e3d5,|2026-04-08,,,,
Raytheon:https://globalhr.wd5.myworkdayjobs.com/en-US/rec_rtx_ext_gateway/job/US-IN-FT-WAYNE-150A--1010-Production-Rd--BLDG-150A/Software-Engineer-I---Onsite-_01868027,Raytheon,Software Engineer I -- Onsite,"Fort Wayne, IN",Software,https://globalhr.wd5.myworkdayjobs.com/rec_rtx_ext_gateway/job/US-IN-FT-WAYNE-150A--1010-Production-Rd--BLDG-150A/Software-Engineer-I---Onsite-_01868027|https://globalhr.wd5.myworkdayjobs.com/en-US/rec_rtx_ext_gateway/job/US-IN-FT-WAYNE-150A--1010-Production-Rd--BLDG-150A/Software-Engineer-I---Onsite-_01868027,2026-08-19,2026-08-19,2026-08-20T13:10:56+00:00,2026-08-20 06:10 Thu,,false,,,,false,speedyapply:SpeedyApply SWE:https://globalhr.wd5.myworkdayjobs.com/en-US/rec_rtx_ext_gateway/job/US-IN-FT-WAYNE-150A--1010-Production-Rd--BLDG-150A/Software-Engineer-I---Onsite-_01868027|simplify:Simplify New Grad:d274a4f7-9df9-45bf-b9c2-6b25e26d166d,|2026-08-19,,,,
Raytheon:https://globalhr.wd5.myworkdayjobs.com/en-US/rec_rtx_ext_gateway/job/US-CA-FULLERTON-676--1801-Hughes-Dr--BLDG-676/Software-Engineer-I---Onsite-_01857157,Raytheon,Software Engineer I- Onsite,"Fullerton, CA",,https://globalhr.wd5.myworkdayjobs.com/en-US/rec_rtx_ext_gateway/job/US-CA-FULLERTON-676--1801-Hughes-Dr--BLDG-676/Software-Engineer-I---Onsite-_01857157,,,2026-07-09T15:36:11+00:00,2026-07-09 08:36 Thu,Software Engineering,true,CLI,45,"The candidate has solid software engineering experience in Python/C++ and backend/testing, but the posting provides no specific requirements and Raytheon Software Engineer I roles often emphasize defense/aerospace systems, embedded work, security clearance, or US citizenship, none of which are evidenced in the resume.",true,speedyapply:SpeedyApply SWE:https://globalhr.wd5.myworkdayjobs.com/en-US/rec_rtx_ext_gateway/job/US-CA-FULLERTON-676--1801-Hughes-Dr--BLDG-676/Software-Engineer-I---Onsite-_01857157,,,,,
Raytheon:https://globalhr.wd5.myworkdayjobs.com/en-US/rec_rtx_ext_gateway/job/US-CA-EL-SEGUNDO-E01--2000-E-El-Segundo-Blvd--BLDG-E01/Software-Engineer--II---Onsite--El-Segundo-_01877034,Raytheon,Software Engineer II - Onsite - El Segundo,"El Segundo, CA",,https://globalhr.wd5.myworkdayjobs.com/en-US/rec_rtx_ext_gateway/job/US-CA-EL-SEGUNDO-E01--2000-E-El-Segundo-Blvd--BLDG-E01/Software-Engineer--II---Onsite--El-Segundo-_01877034,,,2026-09-23T16:40:52+00:00,2026-09-23 09:40 Wed,,false,,,,false,speedyapply:SpeedyApply SWE:https://globalhr.wd5.myworkdayjobs.com/en-US/rec_rtx_ext_gateway/job/US-CA-EL-SEGUNDO-E01--2000-E-El-Segundo-Blvd--BLDG-E01/Software-Engineer--II---Onsite--El-Segundo-_01877034,,,,,
Raytheon:https://globalhr.wd5.myworkdayjobs.com/en-US/rec_rtx_ext_gateway/job/US-AZ-TUCSON-805--1151-E-Hermans-Rd--BLDG-805/Software-Engineer-Intern_01874282,Raytheon,Software Engineer Intern,"Tucson, AZ",Software,https://globalhr.wd5.myworkdayjobs.com/rec_rtx_ext_gateway/job/US-AZ-TUCSON-805--1151-E-Hermans-Rd--BLDG-805/Software-Engineer-Intern_01874282|https://globalhr.wd5.myworkdayjobs.com/en-US/rec_rtx_ext_gateway/job/US-AZ-TUCSON-805--1151-E-Hermans-Rd--BLDG-805/Software-Engineer-Intern_01874282,2026-09-16,2026-09-16,2026-09-16T23:17:53+00:00,2026-09-16 16:17 Wed,,false,,,,false,speedyapply:SpeedyApply SWE:https://globalhr.wd5.myworkdayjobs.com/en-US/rec_rtx_ext_gateway/job/US-AZ-TUCSON-805--1151-E-Hermans-Rd--BLDG-805/Software-Engineer-Intern_01874282|simplify:Simplify Internships:06c5700d-2702-4f7a-a7c1-e713c7de94a4,|2026-09-16,,,,
Raytheon:https://globalhr.wd5.myworkdayjobs.com/en-US/rec_rtx_ext_gateway/job/US-MA-WOBURN-WB1--235-Presidential-Way--SPENCER-BLDG/Software-Engineer-Intern--Summer-2027-_01869890-1,Raytheon,Software Engineer Intern - Summer 2027,"Woburn, MA",Software,https://globalhr.wd5.myworkdayjobs.com/rec_rtx_ext_gateway/job/US-MA-WOBURN-WB1--235-Presidential-Way--SPENCER-BLDG/Software-Engineer-Intern--Summer-2027-_01869890-1|https://globalhr.wd5.myworkdayjobs.com/en-US/rec_rtx_ext_gateway/job/US-MA-WOBURN-WB1--235-Presidential-Way--SPENCER-BLDG/Software-Engineer-Intern--Summer-2027-_01869890-1,2026-08-27,2026-08-27,2026-08-27T14:41:02+00:00,2026-08-27 07:41 Thu,,false,,,,false,speedyapply:SpeedyApply SWE:https://globalhr.wd5.myworkdayjobs.com/en-US/rec_rtx_ext_gateway/job/US-MA-WOBURN-WB1--235-Presidential-Way--SPENCER-BLDG/Software-Engineer-Intern--Summer-2027-_01869890-1|simplify:Simplify Internships:b909918b-5b16-4503-b656-a6ecd440233a,|2026-08-27,,,,
Raytheon:https://globalhr.wd5.myworkdayjobs.com/en-US/rec_rtx_ext_gateway/job/US-IA-CEDAR-RAPIDS-130--5350-C-Ave-NE--BLDG-130/Software-Engineer-Intern---Summer-2027-_01870613,Raytheon,Software Engineer Intern - Summer 2027,"Cedar Rapids, IA",Software,https://globalhr.wd5.myworkdayjobs.com/rec_rtx_ext_gateway/job/US-IA-CEDAR-RAPIDS-130--5350-C-Ave-NE--BLDG-130/Software-Engineer-Intern---Summer-2027-_01870613|https://globalhr.wd5.myworkdayjobs.com/en-US/rec_rtx_ext_gateway/job/US-IA-CEDAR-RAPIDS-130--5350-C-Ave-NE--BLDG-130/Software-Engineer-Intern---Summer-2027-_01870613,2026-09-08,2026-09-08,2026-09-08T23:16:57+00:00,2026-09-08 16:16 Tue,,false,,,,false,speedyapply:SpeedyApply SWE:https://globalhr.wd5.myworkdayjobs.com/en-US/rec_rtx_ext_gateway/job/US-IA-CEDAR-RAPIDS-130--5350-C-Ave-NE--BLDG-130/Software-Engineer-Intern---Summer-2027-_01870613|simplify:Simplify Internships:76730cc1-91aa-4e2a-84db-89852233810d,|2026-09-08,,,,
Raytheon:https://globalhr.wd5.myworkdayjobs.com/en-US/rec_rtx_ext_gateway/job/US-MD-ANNAPOLIS-905--2551-Riva-Rd--BLDG-905/Software-Engineer-Intern--Summer-2027-_01873556,Raytheon,Software Engineer Intern - Summer 2027,"Annapolis, MD",Software,https://globalhr.wd5.myworkdayjobs.com/rec_rtx_ext_gateway/job/US-MD-ANNAPOLIS-905--2551-Riva-Rd--BLDG-905/Software-Engineer-Intern--Summer-2027-_01873556|https://globalhr.wd5.myworkdayjobs.com/en-US/rec_rtx_ext_gateway/job/US-MD-ANNAPOLIS-905--2551-Riva-Rd--BLDG-905/Software-Engineer-Intern--Summer-2027-_01873556,2026-09-15,2026-09-15,2026-09-15T23:14:13+00:00,2026-09-15 16:14 Tue,,false,,,,false,speedyapply:SpeedyApply SWE:https://globalhr.wd5.myworkdayjobs.com/en-US/rec_rtx_ext_gateway/job/US-MD-ANNAPOLIS-905--2551-Riva-Rd--BLDG-905/Software-Engineer-Intern--Summer-2027-_01873556|simplify:Simplify Internships:825ddc18-52db-497b-a5b3-68807da12886,|2026-09-15,,,,
Raytheon:https://globalhr.wd5.myworkdayjobs.com/en-US/rec_rtx_ext_gateway/job/US-MA-MARLBOROUGH-MA2--1001-Boston-Post-Rd--BLDG-2/Software-Engineer-Intern--Summer-2027-_01875743,Raytheon,Software Engineer Intern - Summer 2027,"Marlborough, MA",Software,https://globalhr.wd5.myworkdayjobs.com/rec_rtx_ext_gateway/job/US-MA-MARLBOROUGH-MA2--1001-Boston-Post-Rd--BLDG-2/Software-Engineer-Intern--Summer-2027-_01875743|https://globalhr.wd5.myworkdayjobs.com/en-US/rec_rtx_ext_gateway/job/US-MA-MARLBOROUGH-MA2--1001-Boston-Post-Rd--BLDG-2/Software-Engineer-Intern--Summer-2027-_01875743,2026-09-16,2026-09-16,2026-09-16T15:17:19+00:00,2026-09-16 08:17 Wed,,false,,,,false,speedyapply:SpeedyApply SWE:https://globalhr.wd5.myworkdayjobs.com/en-US/rec_rtx_ext_gateway/job/US-MA-MARLBOROUGH-MA2--1001-Boston-Post-Rd--BLDG-2/Software-Engineer-Intern--Summer-2027-_01875743|simplify:Simplify Internships:9ddf5d0f-9257-4e4d-988f-f46e80016b8f,|2026-09-16,,,,
Raytheon:https://globalhr.wd5.myworkdayjobs.com/en-US/rec_rtx_ext_gateway/job/US-MA-MARLBOROUGH-MA2--1001-Boston-Post-Rd--BLDG-2/Software-Engineer-Developer-I---Onsite-_01879030,Raytheon,Software Engineer/Developer I - Onsite,"Marlborough, MA",Software,https://globalhr.wd5.myworkdayjobs.com/rec_rtx_ext_gateway/job/US-MA-MARLBOROUGH-MA2--1001-Boston-Post-Rd--BLDG-2/Software-Engineer-Developer-I---Onsite-_01879030|https://globalhr.wd5.myworkdayjobs.com/en-US/rec_rtx_ext_gateway/job/US-MA-MARLBOROUGH-MA2--1001-Boston-Post-Rd--BLDG-2/Software-Engineer-Developer-I---Onsite-_01879030,2026-09-30,2026-09-30,2026-09-30T23:16:48+00:00,2026-09-30 16:16 Wed,,false,,,,false,speedyapply:SpeedyApply SWE:https://globalhr.wd5.myworkdayjobs.com/en-US/rec_rtx_ext_gateway/job/US-MA-MARLBOROUGH-MA2--1001-Boston-Post-Rd--BLDG-2/Software-Engineer-Developer-I---Onsite-_01879030|simplify:Simplify New Grad:f6047d64-9f62-4688-8e91-7010bdb36b16,|2026-09-30,,,,
Raytheon:https://globalhr.wd5.myworkdayjobs.com/en-US/rec_rtx_ext_gateway/job/US-MA-TEWKSBURY-TB3--50-Apple-Hill-Dr--CONCORD-BLDG-Tewksbury-Tb3-300-Concord/Software-Engineer-Developer-I---Onsite-_01879022,Raytheon,Software Engineer/Developer I - Onsite,"Tewksbury, MA",Software,https://globalhr.wd5.myworkdayjobs.com/rec_rtx_ext_gateway/job/US-MA-TEWKSBURY-TB3--50-Apple-Hill-Dr--CONCORD-BLDG-Tewksbury-Tb3-300-Concord/Software-Engineer-Developer-I---Onsite-_01879022|https://globalhr.wd5.myworkdayjobs.com/en-US/rec_rtx_ext_gateway/job/US-MA-TEWKSBURY-TB3--50-Apple-Hill-Dr--CONCORD-BLDG-Tewksbury-Tb3-300-Concord/Software-Engineer-Developer-I---Onsite-_01879022,2026-09-30,2026-09-30,2026-09-30T23:16:48+00:00,2026-09-30 16:16 Wed,,false,,,,false,speedyapply:SpeedyApply SWE:https://globalhr.wd5.myworkdayjobs.com/en-US/rec_rtx_ext_gateway/job/US-MA-TEWKSBURY-TB3--50-Apple-Hill-Dr--CONCORD-BLDG-Tewksbury-Tb3-300-Concord/Software-Engineer-Developer-I---Onsite-_01879022|simplify:Simplify New Grad:35893c47-402b-4538-9d53-6d41d4ee9a72,|2026-09-30,,,,
Raytheon:https://globalhr.wd5.myworkdayjobs.com/en-US/rec_rtx_ext_gateway/job/US-RI-PORTSMOUTH-PS1--1847-W-Main-Rd--NIMITZ-BLDG/Software-Engineer-Developer-I--Onsite-_01879018,Raytheon,Software Engineer/Developer I - Onsite,"Portsmouth, RI",Software,https://globalhr.wd5.myworkdayjobs.com/rec_rtx_ext_gateway/job/US-RI-PORTSMOUTH-PS1--1847-W-Main-Rd--NIMITZ-BLDG/Software-Engineer-Developer-I--Onsite-_01879018|https://globalhr.wd5.myworkdayjobs.com/en-US/rec_rtx_ext_gateway/job/US-RI-PORTSMOUTH-PS1--1847-W-Main-Rd--NIMITZ-BLDG/Software-Engineer-Developer-I--Onsite-_01879018,2026-09-30,2026-09-30,2026-09-30T23:16:48+00:00,2026-09-30 16:16 Wed,,false,,,,false,speedyapply:SpeedyApply SWE:https://globalhr.wd5.myworkdayjobs.com/en-US/rec_rtx_ext_gateway/job/US-RI-PORTSMOUTH-PS1--1847-W-Main-Rd--NIMITZ-BLDG/Software-Engineer-Developer-I--Onsite-_01879018|simplify:Simplify New Grad:cbe8cba9-03c9-4878-b4a8-473573b61e21,|2026-09-30,,,,
Raytheon:https://globalhr.wd5.myworkdayjobs.com/en-US/rec_rtx_ext_gateway/job/US-IA-CEDAR-RAPIDS-107--400-Collins-Rd-NE--BLDG-107/Software-Engineering-Co-op--Fall-Spring-2027-_01872683,Raytheon,Software Engineering Co-op - Fall/Spring 2027,"Cedar Rapids, IA",Hardware,https://globalhr.wd5.myworkdayjobs.com/rec_rtx_ext_gateway/job/US-IA-CEDAR-RAPIDS-107--400-Collins-Rd-NE--BLDG-107/Software-Engineering-Co-op--Fall-Spring-2027-_01872683|https://globalhr.wd5.myworkdayjobs.com/en-US/rec_rtx_ext_gateway/job/US-IA-CEDAR-RAPIDS-107--400-Collins-Rd-NE--BLDG-107/Software-Engineering-Co-op--Fall-Spring-2027-_01872683,2026-09-08,2026-09-08,2026-09-08T23:16:57+00:00,2026-09-08 16:16 Tue,,false,,,,false,speedyapply:SpeedyApply SWE:https://globalhr.wd5.myworkdayjobs.com/en-US/rec_rtx_ext_gateway/job/US-IA-CEDAR-RAPIDS-107--400-Collins-Rd-NE--BLDG-107/Software-Engineering-Co-op--Fall-Spring-2027-_01872683|simplify:Simplify Internships:c57e2c6f-2938-4b78-bfba-117161231118,|2026-09-08,,,,
Raytheon:https://globalhr.wd5.myworkdayjobs.com/en-US/rec_rtx_ext_gateway/job/US-IA-CEDAR-RAPIDS-182--1100-Cimmie-Ave-Ne--BLDG-182/Software-Engineering-Co-op---Spring-Summer-2027-_01872230,Raytheon,Software Engineering Co-op - Spring/Summer 2027,"Cedar Rapids, IA",Hardware,https://globalhr.wd5.myworkdayjobs.com/rec_rtx_ext_gateway/job/US-IA-CEDAR-RAPIDS-182--1100-Cimmie-Ave-Ne--BLDG-182/Software-Engineering-Co-op---Spring-Summer-2027-_01872230|https://globalhr.wd5.myworkdayjobs.com/en-US/rec_rtx_ext_gateway/job/US-IA-CEDAR-RAPIDS-182--1100-Cimmie-Ave-Ne--BLDG-182/Software-Engineering-Co-op---Spring-Summer-2027-_01872230,2026-09-09,2026-09-09,2026-09-09T23:41:09+00:00,2026-09-09 16:41 Wed,,false,,,,false,speedyapply:SpeedyApply SWE:https://globalhr.wd5.myworkdayjobs.com/en-US/rec_rtx_ext_gateway/job/US-IA-CEDAR-RAPIDS-182--1100-Cimmie-Ave-Ne--BLDG-182/Software-Engineering-Co-op---Spring-Summer-2027-_01872230|simplify:Simplify Internships:757ed4c0-2f8e-4285-a0dd-e82bb8698fb7,|2026-09-09,,,,
Raytheon:https://globalhr.wd5.myworkdayjobs.com/en-US/rec_rtx_ext_gateway/job/US-IA-CEDAR-RAPIDS-182--1100-Cimmie-Ave-Ne--BLDG-182/Software-Engineering-Co-op--Spring-Summer-2027-_01871551,Raytheon,Software Engineering Co-op - Spring/Summer 2027,"Cedar Rapids, IA",Software,https://globalhr.wd5.myworkdayjobs.com/rec_rtx_ext_gateway/job/US-IA-CEDAR-RAPIDS-182--1100-Cimmie-Ave-Ne--BLDG-182/Software-Engineering-Co-op--Spring-Summer-2027-_01871551|https://globalhr.wd5.myworkdayjobs.com/en-US/rec_rtx_ext_gateway/job/US-IA-CEDAR-RAPIDS-182--1100-Cimmie-Ave-Ne--BLDG-182/Software-Engineering-Co-op--Spring-Summer-2027-_01871551,2026-09-10,2026-09-10,2026-09-10T23:17:19+00:00,2026-09-10 16:17 Thu,,false,,,,false,speedyapply:SpeedyApply SWE:https://globalhr.wd5.myworkdayjobs.com/en-US/rec_rtx_ext_gateway/job/US-IA-CEDAR-RAPIDS-182--1100-Cimmie-Ave-Ne--BLDG-182/Software-Engineering-Co-op--Spring-Summer-2027-_01871551|simplify:Simplify Internships:bc964aa6-3faf-4081-85c0-6e13f1d14e51,|2026-09-10,,,,
Raytheon:https://globalhr.wd5.myworkdayjobs.com/en-US/rec_rtx_ext_gateway/job/US-IA-CEDAR-RAPIDS-182--1100-Cimmie-Ave-Ne--BLDG-182/Software-Engineering-Co-op--Spring-Summer-2027-_01873682,Raytheon,Software Engineering Co-op - Spring/Summer 2027,"Cedar Rapids, IA",Software,https://globalhr.wd5.myworkdayjobs.com/rec_rtx_ext_gateway/job/US-IA-CEDAR-RAPIDS-182--1100-Cimmie-Ave-Ne--BLDG-182/Software-Engineering-Co-op--Spring-Summer-2027-_01873682|https://globalhr.wd5.myworkdayjobs.com/en-US/rec_rtx_ext_gateway/job/US-IA-CEDAR-RAPIDS-182--1100-Cimmie-Ave-Ne--BLDG-182/Software-Engineering-Co-op--Spring-Summer-2027-_01873682,2026-09-11,2026-09-11,2026-09-11T22:41:16+00:00,2026-09-11 15:41 Fri,,false,,,,false,speedyapply:SpeedyApply SWE:https://globalhr.wd5.myworkdayjobs.com/en-US/rec_rtx_ext_gateway/job/US-IA-CEDAR-RAPIDS-182--1100-Cimmie-Ave-Ne--BLDG-182/Software-Engineering-Co-op--Spring-Summer-2027-_01873682|simplify:Simplify Internships:8dff8685-3a17-4f9c-b1d4-6d01c0258242,|2026-09-11,,,,
Raytheon:https://globalhr.wd5.myworkdayjobs.com/en-US/rec_rtx_ext_gateway/job/US-IA-CEDAR-RAPIDS-131--5450-C-Ave-NE--BLDG-131/Software-Engineering-Co-op--Spring-Summer-2027-_01871645,Raytheon,Software Engineering Co-op - Spring/Summer 2027,"Cedar Rapids, IA",Hardware,https://globalhr.wd5.myworkdayjobs.com/rec_rtx_ext_gateway/job/US-IA-CEDAR-RAPIDS-131--5450-C-Ave-NE--BLDG-131/Software-Engineering-Co-op--Spring-Summer-2027-_01871645|https://globalhr.wd5.myworkdayjobs.com/en-US/rec_rtx_ext_gateway/job/US-IA-CEDAR-RAPIDS-131--5450-C-Ave-NE--BLDG-131/Software-Engineering-Co-op--Spring-Summer-2027-_01871645,2026-09-28,2026-09-28,2026-09-29T01:40:46+00:00,2026-09-28 18:40 Mon,,false,,,,false,speedyapply:SpeedyApply SWE:https://globalhr.wd5.myworkdayjobs.com/en-US/rec_rtx_ext_gateway/job/US-IA-CEDAR-RAPIDS-131--5450-C-Ave-NE--BLDG-131/Software-Engineering-Co-op--Spring-Summer-2027-_01871645|simplify:Simplify Internships:a9a76fae-a7c1-48c3-8229-1804f208d98d,|2026-09-28,,,,
Raytheon:https://globalhr.wd5.myworkdayjobs.com/en-US/rec_rtx_ext_gateway/job/US-IA-CEDAR-RAPIDS-166--855-35Th-St-NE--BLDG-166/Software-Engineering-Co-op---Embedded-Linux--Spring-Summer-2027-_01876384,Raytheon,Software Engineering Co-op - Spring/Summer 2027,"Cedar Rapids, IA",Software,https://globalhr.wd5.myworkdayjobs.com/rec_rtx_ext_gateway/job/US-IA-CEDAR-RAPIDS-166--855-35Th-St-NE--BLDG-166/Software-Engineering-Co-op---Embedded-Linux--Spring-Summer-2027-_01876384|https://globalhr.wd5.myworkdayjobs.com/en-US/rec_rtx_ext_gateway/job/US-IA-CEDAR-RAPIDS-166--855-35Th-St-NE--BLDG-166/Software-Engineering-Co-op---Embedded-Linux--Spring-Summer-2027-_01876384,2026-09-29,2026-09-29,2026-09-30T01:40:39+00:00,2026-09-29 18:40 Tue,,false,,,,false,speedyapply:SpeedyApply SWE:https://globalhr.wd5.myworkdayjobs.com/en-US/rec_rtx_ext_gateway/job/US-IA-CEDAR-RAPIDS-166--855-35Th-St-NE--BLDG-166/Software-Engineering-Co-op---Embedded-Linux--Spring-Summer-2027-_01876384|simplify:Simplify Internships:e6eed6a3-2c62-4035-8952-30b4577d84e3,|2026-09-29,,,,
Raytheon:https://globalhr.wd5.myworkdayjobs.com/en-US/rec_rtx_ext_gateway/job/US-IA-CEDAR-RAPIDS-124--400-Collins-Rd-NE--BLDG-124/Software-Engineering-Co-op--Summer--Fall-2027-_01873293,Raytheon,Software Engineering Co-op - Summer/ Fall 2027,"Cedar Rapids, IA",Hardware,https://globalhr.wd5.myworkdayjobs.com/rec_rtx_ext_gateway/job/US-IA-CEDAR-RAPIDS-124--400-Collins-Rd-NE--BLDG-124/Software-Engineering-Co-op--Summer--Fall-2027-_01873293|https://globalhr.wd5.myworkdayjobs.com/en-US/rec_rtx_ext_gateway/job/US-IA-CEDAR-RAPIDS-124--400-Collins-Rd-NE--BLDG-124/Software-Engineering-Co-op--Summer--Fall-2027-_01873293,2026-09-10,2026-09-10,2026-09-10T23:17:19+00:00,2026-09-10 16:17 Thu,,false,,,,false,speedyapply:SpeedyApply SWE:https://globalhr.wd5.myworkdayjobs.com/en-US/rec_rtx_ext_gateway/job/US-IA-CEDAR-RAPIDS-124--400-Collins-Rd-NE--BLDG-124/Software-Engineering-Co-op--Summer--Fall-2027-_01873293|simplify:Simplify Internships:a36edbdb-14d1-41b4-aa68-e48d46351e76,|2026-09-10,,,,
Raytheon:https://globalhr.wd5.myworkdayjobs.com/en-US/rec_rtx_ext_gateway/job/US-IA-CEDAR-RAPIDS-105--400-Collins-Rd-NE--BLDG-105/Software-Engineering-Co-op--Summer-Fall-2027-_01870194,Raytheon,Software Engineering Co-op - Summer/Fall 2027,"Cedar Rapids, IA",Hardware,https://globalhr.wd5.myworkdayjobs.com/rec_rtx_ext_gateway/job/US-IA-CEDAR-RAPIDS-105--400-Collins-Rd-NE--BLDG-105/Software-Engineering-Co-op--Summer-Fall-2027-_01870194|https://globalhr.wd5.myworkdayjobs.com/en-US/rec_rtx_ext_gateway/job/US-IA-CEDAR-RAPIDS-105--400-Collins-Rd-NE--BLDG-105/Software-Engineering-Co-op--Summer-Fall-2027-_01870194,2026-09-02,2026-09-02,2026-09-03T06:17:28+00:00,2026-09-02 23:17 Wed,,false,,,,false,speedyapply:SpeedyApply SWE:https://globalhr.wd5.myworkdayjobs.com/en-US/rec_rtx_ext_gateway/job/US-IA-CEDAR-RAPIDS-105--400-Collins-Rd-NE--BLDG-105/Software-Engineering-Co-op--Summer-Fall-2027-_01870194|simplify:Simplify Internships:3d0e1910-9334-4bac-8624-3ab24c74aee6,|2026-09-02,,,,
Raytheon:https://globalhr.wd5.myworkdayjobs.com/en-US/rec_rtx_ext_gateway/job/US-IA-CEDAR-RAPIDS-182--1100-Cimmie-Ave-Ne--BLDG-182/Software-Engineering-Co-op--Summer-Fall-2027-_01872236,Raytheon,Software Engineering Co-op - Summer/Fall 2027,"Cedar Rapids, IA",Hardware,https://globalhr.wd5.myworkdayjobs.com/rec_rtx_ext_gateway/job/US-IA-CEDAR-RAPIDS-182--1100-Cimmie-Ave-Ne--BLDG-182/Software-Engineering-Co-op--Summer-Fall-2027-_01872236|https://globalhr.wd5.myworkdayjobs.com/en-US/rec_rtx_ext_gateway/job/US-IA-CEDAR-RAPIDS-182--1100-Cimmie-Ave-Ne--BLDG-182/Software-Engineering-Co-op--Summer-Fall-2027-_01872236,2026-09-09,2026-09-09,2026-09-09T23:41:09+00:00,2026-09-09 16:41 Wed,,false,,,,false,speedyapply:SpeedyApply SWE:https://globalhr.wd5.myworkdayjobs.com/en-US/rec_rtx_ext_gateway/job/US-IA-CEDAR-RAPIDS-182--1100-Cimmie-Ave-Ne--BLDG-182/Software-Engineering-Co-op--Summer-Fall-2027-_01872236|simplify:Simplify Internships:7ca37683-268a-4dd7-a974-d250fd211b31,|2026-09-09,,,,
Raytheon:https://globalhr.wd5.myworkdayjobs.com/en-US/rec_rtx_ext_gateway/job/US-OR-WILSONVILLE-596--27500-SW-Parkway-Ave--BLDG-596/Software-Engineering-Co-op--Summer-Fall-2027-_01870236,Raytheon,Software Engineering Co-op - Summer/Fall 2027,"Wilsonville, OR",Hardware,https://globalhr.wd5.myworkdayjobs.com/rec_rtx_ext_gateway/job/US-OR-WILSONVILLE-596--27500-SW-Parkway-Ave--BLDG-596/Software-Engineering-Co-op--Summer-Fall-2027-_01870236|https://globalhr.wd5.myworkdayjobs.com/en-US/rec_rtx_ext_gateway/job/US-OR-WILSONVILLE-596--27500-SW-Parkway-Ave--BLDG-596/Software-Engineering-Co-op--Summer-Fall-2027-_01870236,2026-09-14,2026-09-14,2026-09-15T06:41:15+00:00,2026-09-14 23:41 Mon,,false,,,,false,speedyapply:SpeedyApply SWE:https://globalhr.wd5.myworkdayjobs.com/en-US/rec_rtx_ext_gateway/job/US-OR-WILSONVILLE-596--27500-SW-Parkway-Ave--BLDG-596/Software-Engineering-Co-op--Summer-Fall-2027-_01870236|simplify:Simplify Internships:8e2ae72c-1197-4234-9ceb-9e8f692add91,|2026-09-14,,,,
Raytheon:https://globalhr.wd5.myworkdayjobs.com/en-US/rec_rtx_ext_gateway/job/US-OR-WILSONVILLE-596--27500-SW-Parkway-Ave--BLDG-596/Software-Engineering-Co-op--Summer-Fall-2027-_01873970,Raytheon,Software Engineering Co-op - Summer/Fall 2027,"Wilsonville, OR",Software,https://globalhr.wd5.myworkdayjobs.com/rec_rtx_ext_gateway/job/US-OR-WILSONVILLE-596--27500-SW-Parkway-Ave--BLDG-596/Software-Engineering-Co-op--Summer-Fall-2027-_01873970|https://globalhr.wd5.myworkdayjobs.com/en-US/rec_rtx_ext_gateway/job/US-OR-WILSONVILLE-596--27500-SW-Parkway-Ave--BLDG-596/Software-Engineering-Co-op--Summer-Fall-2027-_01873970,2026-09-14,2026-09-14,2026-09-15T06:41:15+00:00,2026-09-14 23:41 Mon,,false,,,,false,speedyapply:SpeedyApply SWE:https://globalhr.wd5.myworkdayjobs.com/en-US/rec_rtx_ext_gateway/job/US-OR-WILSONVILLE-596--27500-SW-Parkway-Ave--BLDG-596/Software-Engineering-Co-op--Summer-Fall-2027-_01873970|simplify:Simplify Internships:1bd223c7-4d3d-4d64-8dcc-3c5d3d7095dc,|2026-09-14,,,,
Raytheon:https://globalhr.wd5.myworkdayjobs.com/en-US/rec_rtx_ext_gateway/job/US-IA-CEDAR-RAPIDS-137--855-35Th-St-NE--BLDG-137/Software-Engineering-Co-op--Summer-Fall-2027-_01877158,Raytheon,Software Engineering Co-op - Summer/Fall 2027,"Cedar Rapids, IA",,https://globalhr.wd5.myworkdayjobs.com/en-US/rec_rtx_ext_gateway/job/US-IA-CEDAR-RAPIDS-137--855-35Th-St-NE--BLDG-137/Software-Engineering-Co-op--Summer-Fall-2027-_01877158,,,2026-09-29T18:17:01+00:00,2026-09-29 11:17 Tue,,false,,,,false,speedyapply:SpeedyApply SWE:https://globalhr.wd5.myworkdayjobs.com/en-US/rec_rtx_ext_gateway/job/US-IA-CEDAR-RAPIDS-137--855-35Th-St-NE--BLDG-137/Software-Engineering-Co-op--Summer-Fall-2027-_01877158,,,,,
Raytheon:https://globalhr.wd5.myworkdayjobs.com/en-US/rec_rtx_ext_gateway/job/US-IA-CEDAR-RAPIDS-105--400-Collins-Rd-NE--BLDG-105/Software-Engineering-Co-op--Winter-Spring-2027-_01870191,Raytheon,Software Engineering Co-op - Winter/Spring 2027,"Cedar Rapids, IA",Software,https://globalhr.wd5.myworkdayjobs.com/rec_rtx_ext_gateway/job/US-IA-CEDAR-RAPIDS-105--400-Collins-Rd-NE--BLDG-105/Software-Engineering-Co-op--Winter-Spring-2027-_01870191|https://globalhr.wd5.myworkdayjobs.com/en-US/rec_rtx_ext_gateway/job/US-IA-CEDAR-RAPIDS-105--400-Collins-Rd-NE--BLDG-105/Software-Engineering-Co-op--Winter-Spring-2027-_01870191,2026-09-02,2026-09-02,2026-09-03T05:41:27+00:00,2026-09-02 22:41 Wed,,false,,,,false,speedyapply:SpeedyApply SWE:https://globalhr.wd5.myworkdayjobs.com/en-US/rec_rtx_ext_gateway/job/US-IA-CEDAR-RAPIDS-105--400-Collins-Rd-NE--BLDG-105/Software-Engineering-Co-op--Winter-Spring-2027-_01870191|simplify:Simplify Internships:d6adfc0f-f025-42f9-9f5b-0a52306e7501,|2026-09-02,,,,
Raytheon:https://globalhr.wd5.myworkdayjobs.com/en-US/rec_rtx_ext_gateway/job/US-IA-CEDAR-RAPIDS-124--400-Collins-Rd-NE--BLDG-124/Software-Engineering-Co-op--Winter-Spring-2027-_01875464,Raytheon,Software Engineering Co-op - Winter/Spring 2027,"Cedar Rapids, IA",Software,https://globalhr.wd5.myworkdayjobs.com/rec_rtx_ext_gateway/job/US-IA-CEDAR-RAPIDS-124--400-Collins-Rd-NE--BLDG-124/Software-Engineering-Co-op--Winter-Spring-2027-_01875464|https://globalhr.wd5.myworkdayjobs.com/en-US/rec_rtx_ext_gateway/job/US-IA-CEDAR-RAPIDS-124--400-Collins-Rd-NE--BLDG-124/Software-Engineering-Co-op--Winter-Spring-2027-_01875464,2026-09-16,2026-09-16,2026-09-16T23:17:53+00:00,2026-09-16 16:17 Wed,,false,,,,false,speedyapply:SpeedyApply SWE:https://globalhr.wd5.myworkdayjobs.com/en-US/rec_rtx_ext_gateway/job/US-IA-CEDAR-RAPIDS-124--400-Collins-Rd-NE--BLDG-124/Software-Engineering-Co-op--Winter-Spring-2027-_01875464|simplify:Simplify Internships:9f477186-5000-4fe3-8151-4971b1c4abfb,|2026-09-16,,,,
Raytheon:https://globalhr.wd5.myworkdayjobs.com/en-US/rec_rtx_ext_gateway/job/US-PA-STATE-COLLEGE-5A--302-Science-Park-Rd--BLDG-5A/Software-Engineering-Intern--On-site-_01860801,Raytheon,Software Engineering Intern - On-site,"State College, PA",Software,https://globalhr.wd5.myworkdayjobs.com/rec_rtx_ext_gateway/job/US-PA-STATE-COLLEGE-5A--302-Science-Park-Rd--BLDG-5A/Software-Engineering-Intern--On-site-_01860801|https://globalhr.wd5.myworkdayjobs.com/en-US/rec_rtx_ext_gateway/job/US-PA-STATE-COLLEGE-5A--302-Science-Park-Rd--BLDG-5A/Software-Engineering-Intern--On-site-_01860801,2026-07-27,2026-07-27,2026-07-27T15:17:47+00:00,2026-07-27 08:17 Mon,Software Engineering,true,Keyword,40,keyword-only heuristic,false,speedyapply:SpeedyApply SWE:https://globalhr.wd5.myworkdayjobs.com/en-US/rec_rtx_ext_gateway/job/US-PA-STATE-COLLEGE-5A--302-Science-Park-Rd--BLDG-5A/Software-Engineering-Intern--On-site-_01860801|simplify:Simplify Internships:96f057ba-4984-4466-ad7a-4e8f75d1ddf9,|2026-07-27,,,,
Raytheon:https://globalhr.wd5.myworkdayjobs.com/en-US/rec_rtx_ext_gateway/job/US-IA-CEDAR-RAPIDS-182--1100-Cimmie-Ave-Ne--BLDG-182/Software-Engineering-Intern--Summer-2027-_01864033,Raytheon,Software Engineering Intern - Summer 2027,"Cedar Rapids, IA",Software,https://globalhr.wd5.myworkdayjobs.com/rec_rtx_ext_gateway/job/US-IA-CEDAR-RAPIDS-182--1100-Cimmie-Ave-Ne--BLDG-182/Software-Engineering-Intern--Summer-2027-_01864033|https://globalhr.wd5.myworkdayjobs.com/en-US/rec_rtx_ext_gateway/job/US-IA-CEDAR-RAPIDS-182--1100-Cimmie-Ave-Ne--BLDG-182/Software-Engineering-Intern--Summer-2027-_01864033,2026-08-05,2026-08-05,2026-08-05T23:17:09+00:00,2026-08-05 16:17 Wed,Software Engineering,true,CLI,72,"Strong software engineering, C++, Python, Linux, Docker, testing, algorithms, and computer-vision experience align well with an engineering internship, though the resume lacks clear aerospace, embedded systems, and defense-domain experience.",true,speedyapply:SpeedyApply SWE:https://globalhr.wd5.myworkdayjobs.com/en-US/rec_rtx_ext_gateway/job/US-IA-CEDAR-RAPIDS-182--1100-Cimmie-Ave-Ne--BLDG-182/Software-Engineering-Intern--Summer-2027-_01864033|simplify:Simplify Internships:9dc9b18a-d84c-47ee-889e-0a73856a35d4,|2026-08-05,,,,
Raytheon:https://globalhr.wd5.myworkdayjobs.com/en-US/rec_rtx_ext_gateway/job/US-IA-CEDAR-RAPIDS-137--855-35Th-St-NE--BLDG-137/Software-Engineering-Intern--Summer-2027-_01865875,Raytheon,Software Engineering Intern - Summer 2027,"Cedar Rapids, IA",Hardware,https://globalhr.wd5.myworkdayjobs.com/rec_rtx_ext_gateway/job/US-IA-CEDAR-RAPIDS-137--855-35Th-St-NE--BLDG-137/Software-Engineering-Intern--Summer-2027-_01865875|https://globalhr.wd5.myworkdayjobs.com/en-US/rec_rtx_ext_gateway/job/US-IA-CEDAR-RAPIDS-137--855-35Th-St-NE--BLDG-137/Software-Engineering-Intern--Summer-2027-_01865875,2026-08-12,2026-08-12,2026-08-12T22:41:48+00:00,2026-08-12 15:41 Wed,Software Engineering,true,CLI,72,"Strong fit for a software engineering internship through Python/C++ development, Linux, Docker, testing, backend systems, OOP, and computer vision experience, though the resume shows limited direct aerospace, embedded, or safety-critical systems experience.",true,speedyapply:SpeedyApply SWE:https://globalhr.wd5.myworkdayjobs.com/en-US/rec_rtx_ext_gateway/job/US-IA-CEDAR-RAPIDS-137--855-35Th-St-NE--BLDG-137/Software-Engineering-Intern--Summer-2027-_01865875|simplify:Simplify Internships:bd6358b0-c6b0-436e-bb7a-e2dcb370e692,|2026-08-12,,,,
Raytheon:https://globalhr.wd5.myworkdayjobs.com/en-US/rec_rtx_ext_gateway/job/US-AL-HUNTSVILLE-401--401-Jan-Davis-Dr-NW--JAN-DAVIS-401/Software-Engineering-Intern--Summer-2027-_01870007,Raytheon,Software Engineering Intern - Summer 2027,"Huntsville, AL",Software,https://globalhr.wd5.myworkdayjobs.com/rec_rtx_ext_gateway/job/US-AL-HUNTSVILLE-401--401-Jan-Davis-Dr-NW--JAN-DAVIS-401/Software-Engineering-Intern--Summer-2027-_01870007|https://globalhr.wd5.myworkdayjobs.com/en-US/rec_rtx_ext_gateway/job/US-AL-HUNTSVILLE-401--401-Jan-Davis-Dr-NW--JAN-DAVIS-401/Software-Engineering-Intern--Summer-2027-_01870007,2026-08-27,2026-08-27,2026-08-27T14:41:02+00:00,2026-08-27 07:41 Thu,,false,,,,false,speedyapply:SpeedyApply SWE:https://globalhr.wd5.myworkdayjobs.com/en-US/rec_rtx_ext_gateway/job/US-AL-HUNTSVILLE-401--401-Jan-Davis-Dr-NW--JAN-DAVIS-401/Software-Engineering-Intern--Summer-2027-_01870007|simplify:Simplify Internships:96a2bb42-3d8d-415b-ad67-993931ebeac4,|2026-08-27,,,,
Raytheon:https://globalhr.wd5.myworkdayjobs.com/en-US/rec_rtx_ext_gateway/job/US-PA-STATE-COLLEGE-5A--302-Science-Park-Rd--BLDG-5A/Software-Engineer-Intern--Summer-2027-_01868801,Raytheon,Software Engineering Intern - Summer 2027,"State College, PA",Software,https://globalhr.wd5.myworkdayjobs.com/rec_rtx_ext_gateway/job/US-PA-STATE-COLLEGE-5A--302-Science-Park-Rd--BLDG-5A/Software-Engineer-Intern--Summer-2027-_01868801|https://globalhr.wd5.myworkdayjobs.com/en-US/rec_rtx_ext_gateway/job/US-PA-STATE-COLLEGE-5A--302-Science-Park-Rd--BLDG-5A/Software-Engineer-Intern--Summer-2027-_01868801,2026-08-27,2026-08-27,2026-08-27T14:41:02+00:00,2026-08-27 07:41 Thu,,false,,,,false,speedyapply:SpeedyApply SWE:https://globalhr.wd5.myworkdayjobs.com/en-US/rec_rtx_ext_gateway/job/US-PA-STATE-COLLEGE-5A--302-Science-Park-Rd--BLDG-5A/Software-Engineer-Intern--Summer-2027-_01868801|simplify:Simplify Internships:992a2117-4cf1-47d8-bb15-9770955da023,|2026-08-27,,,,
Raytheon:https://globalhr.wd5.myworkdayjobs.com/en-US/rec_rtx_ext_gateway/job/US-IA-CEDAR-RAPIDS-182--1100-Cimmie-Ave-Ne--BLDG-182/Software--Engineering-Intern--Summer-2027-_01868432,Raytheon,Software Engineering Intern - Summer 2027,"Cedar Rapids, IA",Software,https://globalhr.wd5.myworkdayjobs.com/rec_rtx_ext_gateway/job/US-IA-CEDAR-RAPIDS-182--1100-Cimmie-Ave-Ne--BLDG-182/Software--Engineering-Intern--Summer-2027-_01868432|https://globalhr.wd5.myworkdayjobs.com/en-US/rec_rtx_ext_gateway/job/US-IA-CEDAR-RAPIDS-182--1100-Cimmie-Ave-Ne--BLDG-182/Software--Engineering-Intern--Summer-2027-_01868432,2026-09-01,2026-09-01,2026-09-01T14:41:49+00:00,2026-09-01 07:41 Tue,,false,,,,false,speedyapply:SpeedyApply SWE:https://globalhr.wd5.myworkdayjobs.com/en-US/rec_rtx_ext_gateway/job/US-IA-CEDAR-RAPIDS-182--1100-Cimmie-Ave-Ne--BLDG-182/Software--Engineering-Intern--Summer-2027-_01868432|simplify:Simplify Internships:0ab3de69-35a5-4ba9-b025-ae19ea039751,|2026-09-01,,,,
Raytheon:https://globalhr.wd5.myworkdayjobs.com/en-US/rec_rtx_ext_gateway/job/US-FL-MELBOURNE-313--1344-S-Babcock-St--BLDG-313/Software-Engineering-Intern--Summer-2027-_01871423,Raytheon,Software Engineering Intern - Summer 2027,"Melbourne, FL",Software,https://globalhr.wd5.myworkdayjobs.com/rec_rtx_ext_gateway/job/US-FL-MELBOURNE-313--1344-S-Babcock-St--BLDG-313/Software-Engineering-Intern--Summer-2027-_01871423|https://globalhr.wd5.myworkdayjobs.com/en-US/rec_rtx_ext_gateway/job/US-FL-MELBOURNE-313--1344-S-Babcock-St--BLDG-313/Software-Engineering-Intern--Summer-2027-_01871423,2026-09-01,2026-09-01,2026-09-02T01:17:24+00:00,2026-09-01 18:17 Tue,,false,,,,false,speedyapply:SpeedyApply SWE:https://globalhr.wd5.myworkdayjobs.com/en-US/rec_rtx_ext_gateway/job/US-FL-MELBOURNE-313--1344-S-Babcock-St--BLDG-313/Software-Engineering-Intern--Summer-2027-_01871423|simplify:Simplify Internships:f8f63de1-f3eb-49f9-b50e-27636ffd4479,|2026-09-01,,,,
Raytheon:https://globalhr.wd5.myworkdayjobs.com/en-US/rec_rtx_ext_gateway/job/US-MD-ANNAPOLIS-904--2551-Riva-Rd--BLDG-904/Software-Engineering-Intern--Summer-2027-_01870699,Raytheon,Software Engineering Intern - Summer 2027,"Annapolis, MD",Software,https://globalhr.wd5.myworkdayjobs.com/rec_rtx_ext_gateway/job/US-MD-ANNAPOLIS-904--2551-Riva-Rd--BLDG-904/Software-Engineering-Intern--Summer-2027-_01870699|https://globalhr.wd5.myworkdayjobs.com/en-US/rec_rtx_ext_gateway/job/US-MD-ANNAPOLIS-904--2551-Riva-Rd--BLDG-904/Software-Engineering-Intern--Summer-2027-_01870699,2026-09-02,2026-09-02,2026-09-03T05:41:27+00:00,2026-09-02 22:41 Wed,,false,,,,false,speedyapply:SpeedyApply SWE:https://globalhr.wd5.myworkdayjobs.com/en-US/rec_rtx_ext_gateway/job/US-MD-ANNAPOLIS-904--2551-Riva-Rd--BLDG-904/Software-Engineering-Intern--Summer-2027-_01870699|simplify:Simplify Internships:86109c63-191c-484b-838b-4448f2812c98,|2026-09-02,,,,
Raytheon:https://globalhr.wd5.myworkdayjobs.com/en-US/rec_rtx_ext_gateway/job/US-TX-RICHARDSON-C17--1717-Cityline-Dr--CITYLINE-C17/Software-Engineering-Intern--Summer-2027-_01872100,Raytheon,Software Engineering Intern - Summer 2027,"Richardson, TX",Software,https://globalhr.wd5.myworkdayjobs.com/rec_rtx_ext_gateway/job/US-TX-RICHARDSON-C17--1717-Cityline-Dr--CITYLINE-C17/Software-Engineering-Intern--Summer-2027-_01872100|https://globalhr.wd5.myworkdayjobs.com/en-US/rec_rtx_ext_gateway/job/US-TX-RICHARDSON-C17--1717-Cityline-Dr--CITYLINE-C17/Software-Engineering-Intern--Summer-2027-_01872100,2026-09-08,2026-09-08,2026-09-08T10:16:27+00:00,2026-09-08 03:16 Tue,,false,,,,false,speedyapply:SpeedyApply SWE:https://globalhr.wd5.myworkdayjobs.com/en-US/rec_rtx_ext_gateway/job/US-TX-RICHARDSON-C17--1717-Cityline-Dr--CITYLINE-C17/Software-Engineering-Intern--Summer-2027-_01872100|simplify:Simplify Internships:61336981-7b78-4ab9-8bab-8b0acf82c912,|2026-09-08,,,,
Raytheon:https://globalhr.wd5.myworkdayjobs.com/en-US/rec_rtx_ext_gateway/job/US-CO-AURORA-S75--16800-E-Centretech-Pkwy--BLDG-S75/Software-Engineering-Intern--Summer-2027-_01873646,Raytheon,Software Engineering Intern - Summer 2027,"Aurora, CO",Software,https://globalhr.wd5.myworkdayjobs.com/rec_rtx_ext_gateway/job/US-CO-AURORA-S75--16800-E-Centretech-Pkwy--BLDG-S75/Software-Engineering-Intern--Summer-2027-_01873646|https://globalhr.wd5.myworkdayjobs.com/en-US/rec_rtx_ext_gateway/job/US-CO-AURORA-S75--16800-E-Centretech-Pkwy--BLDG-S75/Software-Engineering-Intern--Summer-2027-_01873646,2026-09-09,2026-09-09,2026-09-09T23:41:09+00:00,2026-09-09 16:41 Wed,,false,,,,false,speedyapply:SpeedyApply SWE:https://globalhr.wd5.myworkdayjobs.com/en-US/rec_rtx_ext_gateway/job/US-CO-AURORA-S75--16800-E-Centretech-Pkwy--BLDG-S75/Software-Engineering-Intern--Summer-2027-_01873646|simplify:Simplify Internships:3dcaee02-3f62-48f4-a9a3-20eb7b2a97bb,|2026-09-09,,,,
Raytheon:https://globalhr.wd5.myworkdayjobs.com/en-US/rec_rtx_ext_gateway/job/US-AL-HUNTSVILLE-382--420-Jan-Davis-Dr--DAVIS-382/Software-Engineering-Intern--Summer-2027-_01872655,Raytheon,Software Engineering Intern - Summer 2027,"Huntsville, AL",Software,https://globalhr.wd5.myworkdayjobs.com/rec_rtx_ext_gateway/job/US-AL-HUNTSVILLE-382--420-Jan-Davis-Dr--DAVIS-382/Software-Engineering-Intern--Summer-2027-_01872655|https://globalhr.wd5.myworkdayjobs.com/en-US/rec_rtx_ext_gateway/job/US-AL-HUNTSVILLE-382--420-Jan-Davis-Dr--DAVIS-382/Software-Engineering-Intern--Summer-2027-_01872655,2026-09-09,2026-09-09,2026-09-10T06:41:13+00:00,2026-09-09 23:41 Wed,,false,,,,false,speedyapply:SpeedyApply SWE:https://globalhr.wd5.myworkdayjobs.com/en-US/rec_rtx_ext_gateway/job/US-AL-HUNTSVILLE-382--420-Jan-Davis-Dr--DAVIS-382/Software-Engineering-Intern--Summer-2027-_01872655|simplify:Simplify Internships:0c9f983c-f1b8-4bca-b322-145dd1b08a99,|2026-09-09,,,,
Raytheon:https://globalhr.wd5.myworkdayjobs.com/en-US/rec_rtx_ext_gateway/job/US-MN-BURNSVILLE-WEST--14300-Judicial-Rd--WEST-BLDG/Software-Engineering-Intern--Summer-2027-_01872977,Raytheon,Software Engineering Intern - Summer 2027,"BURNSVILLE-WEST, MN",Hardware,https://globalhr.wd5.myworkdayjobs.com/rec_rtx_ext_gateway/job/US-MN-BURNSVILLE-WEST--14300-Judicial-Rd--WEST-BLDG/Software-Engineering-Intern--Summer-2027-_01872977|https://globalhr.wd5.myworkdayjobs.com/en-US/rec_rtx_ext_gateway/job/US-MN-BURNSVILLE-WEST--14300-Judicial-Rd--WEST-BLDG/Software-Engineering-Intern--Summer-2027-_01872977,2026-09-10,2026-09-10,2026-09-10T23:17:19+00:00,2026-09-10 16:17 Thu,,false,,,,false,speedyapply:SpeedyApply SWE:https://globalhr.wd5.myworkdayjobs.com/en-US/rec_rtx_ext_gateway/job/US-MN-BURNSVILLE-WEST--14300-Judicial-Rd--WEST-BLDG/Software-Engineering-Intern--Summer-2027-_01872977|simplify:Simplify Internships:be27b5dd-685b-43e7-bac8-46a5a43d6f34,|2026-09-10,,,,
Raytheon:https://globalhr.wd5.myworkdayjobs.com/en-US/rec_rtx_ext_gateway/job/US-IN-INDIANAPOLIS-206--3939-Priority-Way-S-Dr--PRIORITY-BLDG-6/Software-Engineering-Intern--Summer-2027-_01874145,Raytheon,Software Engineering Intern - Summer 2027,"Indianapolis, IN",Hardware,https://globalhr.wd5.myworkdayjobs.com/rec_rtx_ext_gateway/job/US-IN-INDIANAPOLIS-206--3939-Priority-Way-S-Dr--PRIORITY-BLDG-6/Software-Engineering-Intern--Summer-2027-_01874145|https://globalhr.wd5.myworkdayjobs.com/en-US/rec_rtx_ext_gateway/job/US-IN-INDIANAPOLIS-206--3939-Priority-Way-S-Dr--PRIORITY-BLDG-6/Software-Engineering-Intern--Summer-2027-_01874145,2026-09-14,2026-09-14,2026-09-14T19:17:04+00:00,2026-09-14 12:17 Mon,,false,,,,false,speedyapply:SpeedyApply SWE:https://globalhr.wd5.myworkdayjobs.com/en-US/rec_rtx_ext_gateway/job/US-IN-INDIANAPOLIS-206--3939-Priority-Way-S-Dr--PRIORITY-BLDG-6/Software-Engineering-Intern--Summer-2027-_01874145|simplify:Simplify Internships:f32d5468-90ed-489b-ada3-673df7d014a9,|2026-09-14,,,,
Raytheon:https://globalhr.wd5.myworkdayjobs.com/en-US/rec_rtx_ext_gateway/job/US-CT-WINDSOR-LOCKS-B1--1-Hamilton-Rd--BLDG-1/Software-Engineering-Intern--Summer-2027-_01872775,Raytheon,Software Engineering Intern - Summer 2027,"Windsor Locks, CT",Hardware,https://globalhr.wd5.myworkdayjobs.com/rec_rtx_ext_gateway/job/US-CT-WINDSOR-LOCKS-B1--1-Hamilton-Rd--BLDG-1/Software-Engineering-Intern--Summer-2027-_01872775|https://globalhr.wd5.myworkdayjobs.com/en-US/rec_rtx_ext_gateway/job/US-CT-WINDSOR-LOCKS-B1--1-Hamilton-Rd--BLDG-1/Software-Engineering-Intern--Summer-2027-_01872775,2026-09-16,2026-09-16,2026-09-16T15:17:19+00:00,2026-09-16 08:17 Wed,,false,,,,false,speedyapply:SpeedyApply SWE:https://globalhr.wd5.myworkdayjobs.com/en-US/rec_rtx_ext_gateway/job/US-CT-WINDSOR-LOCKS-B1--1-Hamilton-Rd--BLDG-1/Software-Engineering-Intern--Summer-2027-_01872775|simplify:Simplify Internships:9070ad92-833d-49ce-a066-7df83d236f56,|2026-09-16,,,,
Raytheon:https://globalhr.wd5.myworkdayjobs.com/en-US/rec_rtx_ext_gateway/job/US-IA-CEDAR-RAPIDS-105--400-Collins-Rd-NE--BLDG-105/Software-Engineering-Intern--Summer-2027-_01873099,Raytheon,Software Engineering Intern - Summer 2027,"Cedar Rapids, IA",Software,https://globalhr.wd5.myworkdayjobs.com/rec_rtx_ext_gateway/job/US-IA-CEDAR-RAPIDS-105--400-Collins-Rd-NE--BLDG-105/Software-Engineering-Intern--Summer-2027-_01873099|https://globalhr.wd5.myworkdayjobs.com/en-US/rec_rtx_ext_gateway/job/US-IA-CEDAR-RAPIDS-105--400-Collins-Rd-NE--BLDG-105/Software-Engineering-Intern--Summer-2027-_01873099,2026-09-16,2026-09-16,2026-09-16T23:17:53+00:00,2026-09-16 16:17 Wed,,false,,,,false,speedyapply:SpeedyApply SWE:https://globalhr.wd5.myworkdayjobs.com/en-US/rec_rtx_ext_gateway/job/US-IA-CEDAR-RAPIDS-105--400-Collins-Rd-NE--BLDG-105/Software-Engineering-Intern--Summer-2027-_01873099|simplify:Simplify Internships:1ca9c25a-b3ff-48b9-b795-6f8cb2412cae,|2026-09-16,,,,
Raytheon:https://globalhr.wd5.myworkdayjobs.com/en-US/rec_rtx_ext_gateway/job/US-VA-STERLING-291--22640-Davis-Dr--DAVIS/Software-Engineering-Intern--Summer-2027-_01875780,Raytheon,Software Engineering Intern - Summer 2027,"Sterling, VA",Software,https://globalhr.wd5.myworkdayjobs.com/rec_rtx_ext_gateway/job/US-VA-STERLING-291--22640-Davis-Dr--DAVIS/Software-Engineering-Intern--Summer-2027-_01875780|https://globalhr.wd5.myworkdayjobs.com/en-US/rec_rtx_ext_gateway/job/US-VA-STERLING-291--22640-Davis-Dr--DAVIS/Software-Engineering-Intern--Summer-2027-_01875780,2026-09-18,2026-09-18,2026-09-19T03:40:38+00:00,2026-09-18 20:40 Fri,,false,,,,false,speedyapply:SpeedyApply SWE:https://globalhr.wd5.myworkdayjobs.com/en-US/rec_rtx_ext_gateway/job/US-VA-STERLING-291--22640-Davis-Dr--DAVIS/Software-Engineering-Intern--Summer-2027-_01875780|simplify:Simplify Internships:b50df64e-0d8e-4631-a2c7-2da5eb33aaa2,|2026-09-18,,,,
Raytheon:https://globalhr.wd5.myworkdayjobs.com/en-US/rec_rtx_ext_gateway/job/US-IN-FT-WAYNE-150A--1010-Production-Rd--BLDG-150A/Software-Engineering-Intern--Summer-2027-_01875725,Raytheon,Software Engineering Intern - Summer 2027,"Fort Wayne, IN",Hardware,https://globalhr.wd5.myworkdayjobs.com/rec_rtx_ext_gateway/job/US-IN-FT-WAYNE-150A--1010-Production-Rd--BLDG-150A/Software-Engineering-Intern--Summer-2027-_01875725|https://globalhr.wd5.myworkdayjobs.com/en-US/rec_rtx_ext_gateway/job/US-IN-FT-WAYNE-150A--1010-Production-Rd--BLDG-150A/Software-Engineering-Intern--Summer-2027-_01875725,2026-09-21,2026-09-21,2026-09-21T23:16:42+00:00,2026-09-21 16:16 Mon,,false,,,,false,speedyapply:SpeedyApply SWE:https://globalhr.wd5.myworkdayjobs.com/en-US/rec_rtx_ext_gateway/job/US-IN-FT-WAYNE-150A--1010-Production-Rd--BLDG-150A/Software-Engineering-Intern--Summer-2027-_01875725|simplify:Simplify Internships:11505c09-a66c-4c86-a39d-81ffbce4b13d,|2026-09-21,,,,
Raytheon:https://globalhr.wd5.myworkdayjobs.com/en-US/rec_rtx_ext_gateway/job/US-RI-PORTSMOUTH-PS1--1847-W-Main-Rd--NIMITZ-BLDG/Software-Engineering-Intern--Summer-2027-_01876065,Raytheon,Software Engineering Intern - Summer 2027,"Portsmouth, RI",Software,https://globalhr.wd5.myworkdayjobs.com/rec_rtx_ext_gateway/job/US-RI-PORTSMOUTH-PS1--1847-W-Main-Rd--NIMITZ-BLDG/Software-Engineering-Intern--Summer-2027-_01876065|https://globalhr.wd5.myworkdayjobs.com/en-US/rec_rtx_ext_gateway/job/US-RI-PORTSMOUTH-PS1--1847-W-Main-Rd--NIMITZ-BLDG/Software-Engineering-Intern--Summer-2027-_01876065,2026-09-22,2026-09-22,2026-09-22T15:41:31+00:00,2026-09-22 08:41 Tue,,false,,,,false,speedyapply:SpeedyApply SWE:https://globalhr.wd5.myworkdayjobs.com/en-US/rec_rtx_ext_gateway/job/US-RI-PORTSMOUTH-PS1--1847-W-Main-Rd--NIMITZ-BLDG/Software-Engineering-Intern--Summer-2027-_01876065|simplify:Simplify Internships:4259e95a-563f-417d-8577-c3ab43c04d1e,|2026-09-22,,,,
Raytheon:https://globalhr.wd5.myworkdayjobs.com/en-US/rec_rtx_ext_gateway/job/US-IA-CEDAR-RAPIDS-182--1100-Cimmie-Ave-Ne--BLDG-182/Software-Engineering-Intern--Summer-2027-_01873687,Raytheon,Software Engineering Intern - Summer 2027,"Cedar Rapids, IA",Hardware,https://globalhr.wd5.myworkdayjobs.com/rec_rtx_ext_gateway/job/US-IA-CEDAR-RAPIDS-182--1100-Cimmie-Ave-Ne--BLDG-182/Software-Engineering-Intern--Summer-2027-_01873687|https://globalhr.wd5.myworkdayjobs.com/en-US/rec_rtx_ext_gateway/job/US-IA-CEDAR-RAPIDS-182--1100-Cimmie-Ave-Ne--BLDG-182/Software-Engineering-Intern--Summer-2027-_01873687,2026-09-24,2026-09-24,2026-09-24T23:16:33+00:00,2026-09-24 16:16 Thu,,false,,,,false,speedyapply:SpeedyApply SWE:https://globalhr.wd5.myworkdayjobs.com/en-US/rec_rtx_ext_gateway/job/US-IA-CEDAR-RAPIDS-182--1100-Cimmie-Ave-Ne--BLDG-182/Software-Engineering-Intern--Summer-2027-_01873687|simplify:Simplify Internships:8671b79f-6d86-4f14-bf0f-7fd5bfe47c49,|2026-09-24,,,,
Raytheon:https://globalhr.wd5.myworkdayjobs.com/en-US/rec_rtx_ext_gateway/job/US-UT-WEST-VALLEY-CITY-338--1127--1128-w-2400-S--BLDG-338/Software-Engineering-Intern--Summer-2027-_01875358,Raytheon,Software Engineering Intern - Summer 2027,"West Valley City, UT",Software,https://globalhr.wd5.myworkdayjobs.com/rec_rtx_ext_gateway/job/US-UT-WEST-VALLEY-CITY-338--1127--1128-w-2400-S--BLDG-338/Software-Engineering-Intern--Summer-2027-_01875358|https://globalhr.wd5.myworkdayjobs.com/en-US/rec_rtx_ext_gateway/job/US-UT-WEST-VALLEY-CITY-338--1127--1128-w-2400-S--BLDG-338/Software-Engineering-Intern--Summer-2027-_01875358,2026-09-25,2026-09-25,2026-09-25T23:16:45+00:00,2026-09-25 16:16 Fri,,false,,,,false,speedyapply:SpeedyApply SWE:https://globalhr.wd5.myworkdayjobs.com/en-US/rec_rtx_ext_gateway/job/US-UT-WEST-VALLEY-CITY-338--1127--1128-w-2400-S--BLDG-338/Software-Engineering-Intern--Summer-2027-_01875358|simplify:Simplify Internships:6ea50b0f-5bb0-46f9-9acf-2cb906b4da62,|2026-09-25,,,,
Raytheon:https://globalhr.wd5.myworkdayjobs.com/en-US/rec_rtx_ext_gateway/job/US-MA-WOBURN-WB1--235-Presidential-Way--SPENCER-BLDG/Software-Engineering--Intern--Summer-2027-_01877561,Raytheon,Software Engineering Intern - Summer 2027,"Woburn, MA",Software,https://globalhr.wd5.myworkdayjobs.com/rec_rtx_ext_gateway/job/US-MA-WOBURN-WB1--235-Presidential-Way--SPENCER-BLDG/Software-Engineering--Intern--Summer-2027-_01877561|https://globalhr.wd5.myworkdayjobs.com/en-US/rec_rtx_ext_gateway/job/US-MA-WOBURN-WB1--235-Presidential-Way--SPENCER-BLDG/Software-Engineering--Intern--Summer-2027-_01877561,2026-09-29,2026-09-29,2026-09-29T17:16:46+00:00,2026-09-29 10:16 Tue,,false,,,,false,speedyapply:SpeedyApply SWE:https://globalhr.wd5.myworkdayjobs.com/en-US/rec_rtx_ext_gateway/job/US-MA-WOBURN-WB1--235-Presidential-Way--SPENCER-BLDG/Software-Engineering--Intern--Summer-2027-_01877561|simplify:Simplify Internships:51b8b3e7-e7d0-4727-9f90-91917bc88230,|2026-09-29,,,,
Raytheon:https://globalhr.wd5.myworkdayjobs.com/en-US/rec_rtx_ext_gateway/job/US-IA-CEDAR-RAPIDS-137--855-35Th-St-NE--BLDG-137/Software-Engineering-Intern--Summer-2027-_01877155,Raytheon,Software Engineering Intern - Summer 2027,"Cedar Rapids, IA",,https://globalhr.wd5.myworkdayjobs.com/en-US/rec_rtx_ext_gateway/job/US-IA-CEDAR-RAPIDS-137--855-35Th-St-NE--BLDG-137/Software-Engineering-Intern--Summer-2027-_01877155,,,2026-09-29T18:17:01+00:00,2026-09-29 11:17 Tue,,false,,,,false,speedyapply:SpeedyApply SWE:https://globalhr.wd5.myworkdayjobs.com/en-US/rec_rtx_ext_gateway/job/US-IA-CEDAR-RAPIDS-137--855-35Th-St-NE--BLDG-137/Software-Engineering-Intern--Summer-2027-_01877155,,,,,
Raytheon:https://globalhr.wd5.myworkdayjobs.com/en-US/rec_rtx_ext_gateway/job/US-IA-CEDAR-RAPIDS-137--855-35Th-St-NE--BLDG-137/Software-Engineering-Intern--Summer-2027-_01878083,Raytheon,Software Engineering Intern - Summer 2027,"Cedar Rapids, IA",,https://globalhr.wd5.myworkdayjobs.com/en-US/rec_rtx_ext_gateway/job/US-IA-CEDAR-RAPIDS-137--855-35Th-St-NE--BLDG-137/Software-Engineering-Intern--Summer-2027-_01878083,,,2026-09-29T18:17:01+00:00,2026-09-29 11:17 Tue,,false,,,,false,speedyapply:SpeedyApply SWE:https://globalhr.wd5.myworkdayjobs.com/en-US/rec_rtx_ext_gateway/job/US-IA-CEDAR-RAPIDS-137--855-35Th-St-NE--BLDG-137/Software-Engineering-Intern--Summer-2027-_01878083,,,,,
Raytheon:https://globalhr.wd5.myworkdayjobs.com/en-US/rec_rtx_ext_gateway/job/US-FL-LARGO-382SR--7887-Bryan-Dairy-Rd--BLDG-600/Software-Engineering-Intern--Summer-2027-_01874951,Raytheon,Software Engineering Intern - Summer 2027,"Largo, FL",Hardware,https://globalhr.wd5.myworkdayjobs.com/rec_rtx_ext_gateway/job/US-FL-LARGO-382SR--7887-Bryan-Dairy-Rd--BLDG-600/Software-Engineering-Intern--Summer-2027-_01874951|https://globalhr.wd5.myworkdayjobs.com/en-US/rec_rtx_ext_gateway/job/US-FL-LARGO-382SR--7887-Bryan-Dairy-Rd--BLDG-600/Software-Engineering-Intern--Summer-2027-_01874951,2026-09-29,2026-09-29,2026-09-30T06:40:53+00:00,2026-09-29 23:40 Tue,,false,,,,false,speedyapply:SpeedyApply SWE:https://globalhr.wd5.myworkdayjobs.com/en-US/rec_rtx_ext_gateway/job/US-FL-LARGO-382SR--7887-Bryan-Dairy-Rd--BLDG-600/Software-Engineering-Intern--Summer-2027-_01874951|simplify:Simplify Internships:a6d20bfd-fd5e-467c-9b88-327066eed625,|2026-09-29,,,,
Raytheon:https://globalhr.wd5.myworkdayjobs.com/en-US/rec_rtx_ext_gateway/job/US-TX-RICHARDSON-C17--1717-Cityline-Dr--CITYLINE-C17/Software-Engineering-Intern--Summer-2027-_01875411,Raytheon,Software Engineering Intern - Summer 2027,"Richardson, TX",Software,https://globalhr.wd5.myworkdayjobs.com/rec_rtx_ext_gateway/job/US-TX-RICHARDSON-C17--1717-Cityline-Dr--CITYLINE-C17/Software-Engineering-Intern--Summer-2027-_01875411|https://globalhr.wd5.myworkdayjobs.com/en-US/rec_rtx_ext_gateway/job/US-TX-RICHARDSON-C17--1717-Cityline-Dr--CITYLINE-C17/Software-Engineering-Intern--Summer-2027-_01875411,2026-09-29,2026-09-29,2026-09-30T06:40:53+00:00,2026-09-29 23:40 Tue,,false,,,,false,speedyapply:SpeedyApply SWE:https://globalhr.wd5.myworkdayjobs.com/en-US/rec_rtx_ext_gateway/job/US-TX-RICHARDSON-C17--1717-Cityline-Dr--CITYLINE-C17/Software-Engineering-Intern--Summer-2027-_01875411|simplify:Simplify Internships:d9192af9-44cc-4afc-bb53-481c9e5acabf,|2026-09-29,,,,
Raytheon:https://globalhr.wd5.myworkdayjobs.com/en-US/rec_rtx_ext_gateway/job/US-IN-FT-WAYNE-150A--1010-Production-Rd--BLDG-150A/Software-Engineering--Intern--Summer-2027-_01878986,Raytheon,Software Engineering Intern - Summer 2027,"Fort Wayne, IN",Hardware,https://globalhr.wd5.myworkdayjobs.com/rec_rtx_ext_gateway/job/US-IN-FT-WAYNE-150A--1010-Production-Rd--BLDG-150A/Software-Engineering--Intern--Summer-2027-_01878986|https://globalhr.wd5.myworkdayjobs.com/en-US/rec_rtx_ext_gateway/job/US-IN-FT-WAYNE-150A--1010-Production-Rd--BLDG-150A/Software-Engineering--Intern--Summer-2027-_01878986,2026-09-30,2026-09-30,2026-09-30T15:16:39+00:00,2026-09-30 08:16 Wed,,false,,,,false,speedyapply:SpeedyApply SWE:https://globalhr.wd5.myworkdayjobs.com/en-US/rec_rtx_ext_gateway/job/US-IN-FT-WAYNE-150A--1010-Production-Rd--BLDG-150A/Software-Engineering--Intern--Summer-2027-_01878986|simplify:Simplify Internships:04a691aa-579c-4daf-98c5-87a42434da2b,|2026-09-30,,,,
Raytheon:https://globalhr.wd5.myworkdayjobs.com/en-US/rec_rtx_ext_gateway/job/US-CA-EL-SEGUNDO-R01--2000-E-Imperial-Hwy--BLDG-R01/Software-Engineering-Intern--Summer-2027-_01878820,Raytheon,Software Engineering Intern - Summer 2027,"El Segundo, CA",Hardware,https://globalhr.wd5.myworkdayjobs.com/rec_rtx_ext_gateway/job/US-CA-EL-SEGUNDO-R01--2000-E-Imperial-Hwy--BLDG-R01/Software-Engineering-Intern--Summer-2027-_01878820|https://globalhr.wd5.myworkdayjobs.com/en-US/rec_rtx_ext_gateway/job/US-CA-EL-SEGUNDO-R01--2000-E-Imperial-Hwy--BLDG-R01/Software-Engineering-Intern--Summer-2027-_01878820,2026-10-01,2026-10-01,2026-10-01T09:40:32+00:00,2026-10-01 02:40 Thu,,false,,,,false,speedyapply:SpeedyApply SWE:https://globalhr.wd5.myworkdayjobs.com/en-US/rec_rtx_ext_gateway/job/US-CA-EL-SEGUNDO-R01--2000-E-Imperial-Hwy--BLDG-R01/Software-Engineering-Intern--Summer-2027-_01878820|simplify:Simplify Internships:57ef5166-18ab-48f2-a9ae-c53346079716,|2026-10-01,,,,
Raytheon:https://globalhr.wd5.myworkdayjobs.com/en-US/rec_rtx_ext_gateway/job/US-MD-ANNAPOLIS-906--2551-Riva-Rd--BLDG-906/Software-Engineering-Intern--Summer-2027-_01873235,Raytheon,Software Engineering Intern - Summer 2027,"Annapolis, MD",Software,https://globalhr.wd5.myworkdayjobs.com/rec_rtx_ext_gateway/job/US-MD-ANNAPOLIS-906--2551-Riva-Rd--BLDG-906/Software-Engineering-Intern--Summer-2027-_01873235|https://globalhr.wd5.myworkdayjobs.com/en-US/rec_rtx_ext_gateway/job/US-MD-ANNAPOLIS-906--2551-Riva-Rd--BLDG-906/Software-Engineering-Intern--Summer-2027-_01873235,2026-10-01,2026-10-01,2026-10-01T15:41:17+00:00,2026-10-01 08:41 Thu,,false,,,,false,speedyapply:SpeedyApply SWE:https://globalhr.wd5.myworkdayjobs.com/en-US/rec_rtx_ext_gateway/job/US-MD-ANNAPOLIS-906--2551-Riva-Rd--BLDG-906/Software-Engineering-Intern--Summer-2027-_01873235|simplify:Simplify Internships:7344ee5e-5174-44c2-acec-12e21379b83f,|2026-10-01,,,,
Raytheon:https://globalhr.wd5.myworkdayjobs.com/en-US/rec_rtx_ext_gateway/job/US-IA-CEDAR-RAPIDS-105--400-Collins-Rd-NE--BLDG-105/Software-Engineering-Intern--Summer-2027-_01870343,Raytheon,Software Engineering Intern - Summer 2027,"Cedar Rapids, IA",Software,https://globalhr.wd5.myworkdayjobs.com/rec_rtx_ext_gateway/job/US-IA-CEDAR-RAPIDS-105--400-Collins-Rd-NE--BLDG-105/Software-Engineering-Intern--Summer-2027-_01870343|https://globalhr.wd5.myworkdayjobs.com/en-US/rec_rtx_ext_gateway/job/US-IA-CEDAR-RAPIDS-105--400-Collins-Rd-NE--BLDG-105/Software-Engineering-Intern--Summer-2027-_01870343,2026-10-01,2026-10-01,2026-10-01T23:16:35+00:00,2026-10-01 16:16 Thu,,false,,,,false,speedyapply:SpeedyApply SWE:https://globalhr.wd5.myworkdayjobs.com/en-US/rec_rtx_ext_gateway/job/US-IA-CEDAR-RAPIDS-105--400-Collins-Rd-NE--BLDG-105/Software-Engineering-Intern--Summer-2027-_01870343|simplify:Simplify Internships:c98ee5a9-83ca-46b0-9316-40dee3d63f62,|2026-10-01,,,,
Raytheon:https://globalhr.wd5.myworkdayjobs.com/en-US/rec_rtx_ext_gateway/job/US-IA-CEDAR-RAPIDS-124--400-Collins-Rd-NE--BLDG-124/Software-Engineering-Intern--Summer-2027-_01874556,Raytheon,Software Engineering Intern - Summer 2027,"Cedar Rapids, IA",Software,https://globalhr.wd5.myworkdayjobs.com/rec_rtx_ext_gateway/job/US-IA-CEDAR-RAPIDS-124--400-Collins-Rd-NE--BLDG-124/Software-Engineering-Intern--Summer-2027-_01874556|https://globalhr.wd5.myworkdayjobs.com/en-US/rec_rtx_ext_gateway/job/US-IA-CEDAR-RAPIDS-124--400-Collins-Rd-NE--BLDG-124/Software-Engineering-Intern--Summer-2027-_01874556,2026-09-28,2026-09-28,2026-10-05T23:16:36+00:00,2026-10-05 16:16 Mon,Software Engineering,true,CLI:claude,60,"候選人目前仍在就讀 Northeastern 的 AI 碩士,具備 Python、C++ 等紮實程式能力與後端系統開發經驗(Redis、MySQL、Nginx、RPC),雖然缺乏針對此職缺領域的具體資訊,但作為 Software Engineering Intern 整體技能背景仍屬合適。",true,speedyapply:SpeedyApply SWE:https://globalhr.wd5.myworkdayjobs.com/en-US/rec_rtx_ext_gateway/job/US-IA-CEDAR-RAPIDS-124--400-Collins-Rd-NE--BLDG-124/Software-Engineering-Intern--Summer-2027-_01874556|simplify:Simplify Internships:4ebac3b2-f403-4412-b009-17ccbe0ed58d,|2026-09-28,pending,9,2026-10-07T04:53:22+00:00,2026-10-07T20:45:45+00:00
Raytheon:https://globalhr.wd5.myworkdayjobs.com/en-US/rec_rtx_ext_gateway/job/US-IA-CEDAR-RAPIDS-124--400-Collins-Rd-NE--BLDG-124/Software-Engineering-Intern--Summer-2027-_01871884,Raytheon,Software Engineering Intern - Summer 2027,"Cedar Rapids, IA",Software,https://globalhr.wd5.myworkdayjobs.com/rec_rtx_ext_gateway/job/Software-Engineering-Intern--Summer-2027-_01871884|https://globalhr.wd5.myworkdayjobs.com/rec_rtx_ext_gateway/job/US-IA-CEDAR-RAPIDS-124--400-Collins-Rd-NE--BLDG-124/Software-Engineering-Intern--Summer-2027-_01871884|https://globalhr.wd5.myworkdayjobs.com/en-US/rec_rtx_ext_gateway/job/US-IA-CEDAR-RAPIDS-124--400-Collins-Rd-NE--BLDG-124/Software-Engineering-Intern--Summer-2027-_01871884,2026-10-06,2026-10-06,2026-10-06T23:16:53+00:00,2026-10-06 16:16 Tue,,false,,,,false,speedyapply:SpeedyApply SWE:https://globalhr.wd5.myworkdayjobs.com/en-US/rec_rtx_ext_gateway/job/US-IA-CEDAR-RAPIDS-124--400-Collins-Rd-NE--BLDG-124/Software-Engineering-Intern--Summer-2027-_01871884|simplify:Simplify Internships:e0c88ae2-81b7-41b3-9fde-093c76046d48,|2026-10-06,,,,
Raytheon:https://globalhr.wd5.myworkdayjobs.com/en-US/rec_rtx_ext_gateway/job/US-NC-MORRISVILLE-907--951-Aviation-Pkwy--907-BLDG/Software-Engineering-Intern--Summer-2027-_01879721,Raytheon,Software Engineering Intern - Summer 2027,"Morrisville, NC",Hardware,https://globalhr.wd5.myworkdayjobs.com/rec_rtx_ext_gateway/job/Software-Engineering-Intern--Summer-2027-_01879721|https://globalhr.wd5.myworkdayjobs.com/rec_rtx_ext_gateway/job/US-NC-MORRISVILLE-907--951-Aviation-Pkwy--907-BLDG/Software-Engineering-Intern--Summer-2027-_01879721|https://globalhr.wd5.myworkdayjobs.com/en-US/rec_rtx_ext_gateway/job/US-NC-MORRISVILLE-907--951-Aviation-Pkwy--907-BLDG/Software-Engineering-Intern--Summer-2027-_01879721,2026-10-06,2026-10-06,2026-10-06T23:16:53+00:00,2026-10-06 16:16 Tue,,false,,,,false,speedyapply:SpeedyApply SWE:https://globalhr.wd5.myworkdayjobs.com/en-US/rec_rtx_ext_gateway/job/US-NC-MORRISVILLE-907--951-Aviation-Pkwy--907-BLDG/Software-Engineering-Intern--Summer-2027-_01879721|simplify:Simplify Internships:8c0ef699-7d3a-44ff-a89d-b28a3dd65d87,|2026-10-06,,,,
Raytheon:https://globalhr.wd5.myworkdayjobs.com/en-US/rec_rtx_ext_gateway/job/US-TX-MCKINNEY-513WC--2501-W-University-Dr--WING-C-BLDG/Software-Engineering-Intern--Summer-2027-_01879520,Raytheon,Software Engineering Intern - Summer 2027,"McKinney, TX",Hardware,https://globalhr.wd5.myworkdayjobs.com/rec_rtx_ext_gateway/job/Software-Engineering-Intern--Summer-2027-_01879520|https://globalhr.wd5.myworkdayjobs.com/rec_rtx_ext_gateway/job/US-TX-MCKINNEY-513WC--2501-W-University-Dr--WING-C-BLDG/Software-Engineering-Intern--Summer-2027-_01879520|https://globalhr.wd5.myworkdayjobs.com/en-US/rec_rtx_ext_gateway/job/US-TX-MCKINNEY-513WC--2501-W-University-Dr--WING-C-BLDG/Software-Engineering-Intern--Summer-2027-_01879520,2026-10-06,2026-10-06,2026-10-06T23:41:05+00:00,2026-10-06 16:41 Tue,,false,,,,false,speedyapply:SpeedyApply SWE:https://globalhr.wd5.myworkdayjobs.com/en-US/rec_rtx_ext_gateway/job/US-TX-MCKINNEY-513WC--2501-W-University-Dr--WING-C-BLDG/Software-Engineering-Intern--Summer-2027-_01879520|simplify:Simplify Internships:c1e87875-633c-4491-b811-cb4f422cda4d,|2026-10-06,,,,
Raytheon:https://globalhr.wd5.myworkdayjobs.com/en-US/rec_rtx_ext_gateway/job/US-CO-AURORA-S77--16470-E-Hughes-Dr--BLDG-S77/Software-Engineering-Intern--Summer-2027---Open-_01873623,Raytheon,Software Engineering Intern - Summer 2027 - Open,"Aurora, CO",Software,https://globalhr.wd5.myworkdayjobs.com/rec_rtx_ext_gateway/job/US-CO-AURORA-S77--16470-E-Hughes-Dr--BLDG-S77/Software-Engineering-Intern--Summer-2027---Open-_01873623|https://globalhr.wd5.myworkdayjobs.com/en-US/rec_rtx_ext_gateway/job/US-CO-AURORA-S77--16470-E-Hughes-Dr--BLDG-S77/Software-Engineering-Intern--Summer-2027---Open-_01873623,2026-09-09,2026-09-09,2026-09-09T23:41:09+00:00,2026-09-09 16:41 Wed,,false,,,,false,speedyapply:SpeedyApply SWE:https://globalhr.wd5.myworkdayjobs.com/en-US/rec_rtx_ext_gateway/job/US-CO-AURORA-S77--16470-E-Hughes-Dr--BLDG-S77/Software-Engineering-Intern--Summer-2027---Open-_01873623|simplify:Simplify Internships:477443e5-44fe-40b9-a621-9daa78a67a6a,|2026-09-09,,,,
Raytheon:https://globalhr.wd5.myworkdayjobs.com/en-US/rec_rtx_ext_gateway/job/US-MA-MARLBOROUGH-MA2--1001-Boston-Post-Rd--BLDG-2/Software-Infrastructure-Engineer-I--Onsite-_01868672,Raytheon,Software Infrastructure Engineer I - Onsite,"Marlborough, MA",,https://globalhr.wd5.myworkdayjobs.com/en-US/rec_rtx_ext_gateway/job/US-MA-MARLBOROUGH-MA2--1001-Boston-Post-Rd--BLDG-2/Software-Infrastructure-Engineer-I--Onsite-_01868672,,,2026-08-24T13:13:27+00:00,2026-08-24 06:13 Mon,,false,,,,false,speedyapply:SpeedyApply SWE:https://globalhr.wd5.myworkdayjobs.com/en-US/rec_rtx_ext_gateway/job/US-MA-MARLBOROUGH-MA2--1001-Boston-Post-Rd--BLDG-2/Software-Infrastructure-Engineer-I--Onsite-_01868672,,,,,
Raytheon:https://globalhr.wd5.myworkdayjobs.com/en-US/rec_rtx_ext_gateway/job/US-IN-INDIANAPOLIS-206--3939-Priority-Way-S-Dr--PRIORITY-BLDG-6/Software-Modernization-Engineer-I--Onsite-_01868393,Raytheon,Software Modernization Engineer I - Onsite,"Indianapolis, IN",Hardware,https://globalhr.wd5.myworkdayjobs.com/rec_rtx_ext_gateway/job/US-IN-INDIANAPOLIS-206--3939-Priority-Way-S-Dr--PRIORITY-BLDG-6/Software-Modernization-Engineer-I--Onsite-_01868393|https://globalhr.wd5.myworkdayjobs.com/en-US/rec_rtx_ext_gateway/job/US-IN-INDIANAPOLIS-206--3939-Priority-Way-S-Dr--PRIORITY-BLDG-6/Software-Modernization-Engineer-I--Onsite-_01868393,2026-08-20,2026-08-20,2026-08-24T13:13:27+00:00,2026-08-24 06:13 Mon,,false,,,,false,speedyapply:SpeedyApply SWE:https://globalhr.wd5.myworkdayjobs.com/en-US/rec_rtx_ext_gateway/job/US-IN-INDIANAPOLIS-206--3939-Priority-Way-S-Dr--PRIORITY-BLDG-6/Software-Modernization-Engineer-I--Onsite-_01868393|simplify:Simplify New Grad:d1eed041-7ca0-4a39-8adc-7011f5c8b2df,|2026-08-20,,,,
Raytheon:https://globalhr.wd5.myworkdayjobs.com/en-US/rec_rtx_ext_gateway/job/US-MA-MARLBOROUGH-MA2--1001-Boston-Post-Rd--BLDG-2/Software-Platform-Engineer-I--Onsite-_01870054,Raytheon,Software Platform Engineer I - Onsite,"Marlborough, MA",,https://globalhr.wd5.myworkdayjobs.com/en-US/rec_rtx_ext_gateway/job/US-MA-MARLBOROUGH-MA2--1001-Boston-Post-Rd--BLDG-2/Software-Platform-Engineer-I--Onsite-_01870054,,,2026-08-28T22:17:38+00:00,2026-08-28 15:17 Fri,,false,,,,false,speedyapply:SpeedyApply SWE:https://globalhr.wd5.myworkdayjobs.com/en-US/rec_rtx_ext_gateway/job/US-MA-MARLBOROUGH-MA2--1001-Boston-Post-Rd--BLDG-2/Software-Platform-Engineer-I--Onsite-_01870054,,,,,
Raytheon:https://globalhr.wd5.myworkdayjobs.com/en-US/rec_rtx_ext_gateway/job/US-CO-AURORA-S75--16800-E-Centretech-Pkwy--BLDG-S75/Software-Platform-Intern--Onsite-_01874067,Raytheon,Software Platform Intern - Onsite,"Aurora, CO",,https://globalhr.wd5.myworkdayjobs.com/en-US/rec_rtx_ext_gateway/job/US-CO-AURORA-S75--16800-E-Centretech-Pkwy--BLDG-S75/Software-Platform-Intern--Onsite-_01874067,,,2026-09-11T16:41:18+00:00,2026-09-11 09:41 Fri,,false,,,,false,speedyapply:SpeedyApply SWE:https://globalhr.wd5.myworkdayjobs.com/en-US/rec_rtx_ext_gateway/job/US-CO-AURORA-S75--16800-E-Centretech-Pkwy--BLDG-S75/Software-Platform-Intern--Onsite-_01874067,,,,,
Raytheon:https://globalhr.wd5.myworkdayjobs.com/en-US/rec_rtx_ext_gateway/job/US-CO-AURORA-S75--16800-E-Centretech-Pkwy--BLDG-S75/Software-Platform-Intern--Summer-2027-_01870216,Raytheon,Software Platform Intern - Summer 2027,"Aurora, CO",,https://globalhr.wd5.myworkdayjobs.com/en-US/rec_rtx_ext_gateway/job/US-CO-AURORA-S75--16800-E-Centretech-Pkwy--BLDG-S75/Software-Platform-Intern--Summer-2027-_01870216,,,2026-08-28T22:17:38+00:00,2026-08-28 15:17 Fri,,false,,,,false,speedyapply:SpeedyApply SWE:https://globalhr.wd5.myworkdayjobs.com/en-US/rec_rtx_ext_gateway/job/US-CO-AURORA-S75--16800-E-Centretech-Pkwy--BLDG-S75/Software-Platform-Intern--Summer-2027-_01870216,,,,,
Raytheon:https://globalhr.wd5.myworkdayjobs.com/en-US/rec_rtx_ext_gateway/job/US-TX-RICHARDSON-C27--1727-Cityline-Dr--CITYLINE-C27/Software-Platform-Intern--Summer-2027-_01870211,Raytheon,Software Platform Intern - Summer 2027,"Richardson, TX",,https://globalhr.wd5.myworkdayjobs.com/en-US/rec_rtx_ext_gateway/job/US-TX-RICHARDSON-C27--1727-Cityline-Dr--CITYLINE-C27/Software-Platform-Intern--Summer-2027-_01870211,,,2026-08-28T22:17:38+00:00,2026-08-28 15:17 Fri,,false,,,,false,speedyapply:SpeedyApply SWE:https://globalhr.wd5.myworkdayjobs.com/en-US/rec_rtx_ext_gateway/job/US-TX-RICHARDSON-C27--1727-Cityline-Dr--CITYLINE-C27/Software-Platform-Intern--Summer-2027-_01870211,,,,,
Raytheon:https://globalhr.wd5.myworkdayjobs.com/en-US/rec_rtx_ext_gateway/job/US-TX-RICHARDSON-C27--1727-Cityline-Dr--CITYLINE-C27/Software-Platform-Intern--Summer-2027-_01874068,Raytheon,Software Platform Intern - Summer 2027,"Richardson, TX",,https://globalhr.wd5.myworkdayjobs.com/en-US/rec_rtx_ext_gateway/job/US-TX-RICHARDSON-C27--1727-Cityline-Dr--CITYLINE-C27/Software-Platform-Intern--Summer-2027-_01874068,,,2026-09-11T16:41:18+00:00,2026-09-11 09:41 Fri,,false,,,,false,speedyapply:SpeedyApply SWE:https://globalhr.wd5.myworkdayjobs.com/en-US/rec_rtx_ext_gateway/job/US-TX-RICHARDSON-C27--1727-Cityline-Dr--CITYLINE-C27/Software-Platform-Intern--Summer-2027-_01874068,,,,,
Raytheon:https://globalhr.wd5.myworkdayjobs.com/en-US/rec_rtx_ext_gateway/job/US-CT-WINDSOR-LOCKS-B1--1-Hamilton-Rd--BLDG-1/Software-Project-Engineer-Intern--Summer-2027--Onsite_01872660,Raytheon,Software Project Engineer Intern - Summer 2027 Onsite,"Windsor Locks, CT",,https://globalhr.wd5.myworkdayjobs.com/en-US/rec_rtx_ext_gateway/job/US-CT-WINDSOR-LOCKS-B1--1-Hamilton-Rd--BLDG-1/Software-Project-Engineer-Intern--Summer-2027--Onsite_01872660,,,2026-09-20T15:57:58+00:00,2026-09-20 08:57 Sun,,false,,,,false,speedyapply:SpeedyApply SWE:https://globalhr.wd5.myworkdayjobs.com/en-US/rec_rtx_ext_gateway/job/US-CT-WINDSOR-LOCKS-B1--1-Hamilton-Rd--BLDG-1/Software-Project-Engineer-Intern--Summer-2027--Onsite_01872660,,,,,
Raytheon:https://globalhr.wd5.myworkdayjobs.com/en-US/rec_rtx_ext_gateway/job/US-AZ-TUCSON-805--1151-E-Hermans-Rd--BLDG-805/Software-Test-Engineer-I_01879609,Raytheon,Software Test Engineer I,"Tucson, AZ",Software,https://globalhr.wd5.myworkdayjobs.com/rec_rtx_ext_gateway/job/US-AZ-TUCSON-805--1151-E-Hermans-Rd--BLDG-805/Software-Test-Engineer-I_01879609|https://globalhr.wd5.myworkdayjobs.com/en-US/rec_rtx_ext_gateway/job/US-AZ-TUCSON-805--1151-E-Hermans-Rd--BLDG-805/Software-Test-Engineer-I_01879609,2026-10-01,2026-10-01,2026-10-02T01:40:51+00:00,2026-10-01 18:40 Thu,,false,,,,false,speedyapply:SpeedyApply SWE:https://globalhr.wd5.myworkdayjobs.com/en-US/rec_rtx_ext_gateway/job/US-AZ-TUCSON-805--1151-E-Hermans-Rd--BLDG-805/Software-Test-Engineer-I_01879609|simplify:Simplify New Grad:7525137e-4f3a-4f97-9fbb-f2d715545fb4,|2026-10-01,,,,
Raytheon:https://globalhr.wd5.myworkdayjobs.com/en-US/rec_rtx_ext_gateway/job/US-MA-ANDOVER-AN0--366-Lowell-St--BLDG-AN0/Software-Test-Engineer-I_01879607,Raytheon,Software Test Engineer I,"Andover, MA",,https://globalhr.wd5.myworkdayjobs.com/en-US/rec_rtx_ext_gateway/job/US-MA-ANDOVER-AN0--366-Lowell-St--BLDG-AN0/Software-Test-Engineer-I_01879607,,,2026-10-02T17:58:38+00:00,2026-10-02 10:58 Fri,,false,,,,false,speedyapply:SpeedyApply SWE:https://globalhr.wd5.myworkdayjobs.com/en-US/rec_rtx_ext_gateway/job/US-MA-ANDOVER-AN0--366-Lowell-St--BLDG-AN0/Software-Test-Engineer-I_01879607,,,,,
Raytheon:https://globalhr.wd5.myworkdayjobs.com/en-US/rec_rtx_ext_gateway/job/US-CA-POINT-MUGU-TR20--13th-St-and-S-L-St--BLDG-TR20/Software-Test-Engineer-I---Onsite_01876562,Raytheon,Software Test Engineer I - Onsite,"POINT MUGU, CA",,https://globalhr.wd5.myworkdayjobs.com/en-US/rec_rtx_ext_gateway/job/US-CA-POINT-MUGU-TR20--13th-St-and-S-L-St--BLDG-TR20/Software-Test-Engineer-I---Onsite_01876562,,,2026-09-29T18:17:01+00:00,2026-09-29 11:17 Tue,,false,,,,false,speedyapply:SpeedyApply SWE:https://globalhr.wd5.myworkdayjobs.com/en-US/rec_rtx_ext_gateway/job/US-CA-POINT-MUGU-TR20--13th-St-and-S-L-St--BLDG-TR20/Software-Test-Engineer-I---Onsite_01876562,,,,,
Raytheon:https://globalhr.wd5.myworkdayjobs.com/en-US/rec_rtx_ext_gateway/job/US-IN-FT-WAYNE-150A--1010-Production-Rd--BLDG-150A/Software-Developer-Engineer-I--Onsite-_01878880,Raytheon,Software/Developer Engineer I - Onsite,"Fort Wayne, IN",Software,https://globalhr.wd5.myworkdayjobs.com/rec_rtx_ext_gateway/job/US-IN-FT-WAYNE-150A--1010-Production-Rd--BLDG-150A/Software-Developer-Engineer-I--Onsite-_01878880|https://globalhr.wd5.myworkdayjobs.com/en-US/rec_rtx_ext_gateway/job/US-IN-FT-WAYNE-150A--1010-Production-Rd--BLDG-150A/Software-Developer-Engineer-I--Onsite-_01878880,2026-09-30,2026-09-30,2026-09-30T23:16:48+00:00,2026-09-30 16:16 Wed,,false,,,,false,speedyapply:SpeedyApply SWE:https://globalhr.wd5.myworkdayjobs.com/en-US/rec_rtx_ext_gateway/job/US-IN-FT-WAYNE-150A--1010-Production-Rd--BLDG-150A/Software-Developer-Engineer-I--Onsite-_01878880|simplify:Simplify New Grad:7e8877cc-8675-477d-8147-3f5443d85bb6,|2026-09-30,,,,
Raytheon:https://globalhr.wd5.myworkdayjobs.com/en-US/rec_rtx_ext_gateway/job/US-IN-INDIANAPOLIS-206--3939-Priority-Way-S-Dr--PRIORITY-BLDG-6/Software-Developer-Engineer-I--Onsite-_01878881,Raytheon,Software/Developer Engineer I - Onsite,"Indianapolis, IN",Software,https://globalhr.wd5.myworkdayjobs.com/rec_rtx_ext_gateway/job/US-IN-INDIANAPOLIS-206--3939-Priority-Way-S-Dr--PRIORITY-BLDG-6/Software-Developer-Engineer-I--Onsite-_01878881|https://globalhr.wd5.myworkdayjobs.com/en-US/rec_rtx_ext_gateway/job/US-IN-INDIANAPOLIS-206--3939-Priority-Way-S-Dr--PRIORITY-BLDG-6/Software-Developer-Engineer-I--Onsite-_01878881,2026-09-30,2026-09-30,2026-09-30T23:16:48+00:00,2026-09-30 16:16 Wed,,false,,,,false,speedyapply:SpeedyApply SWE:https://globalhr.wd5.myworkdayjobs.com/en-US/rec_rtx_ext_gateway/job/US-IN-INDIANAPOLIS-206--3939-Priority-Way-S-Dr--PRIORITY-BLDG-6/Software-Developer-Engineer-I--Onsite-_01878881|simplify:Simplify New Grad:18782699-1727-4769-95ec-f5e37ca325e2,|2026-09-30,,,,
Raytheon:https://globalhr.wd5.myworkdayjobs.com/en-US/rec_rtx_ext_gateway/job/US-CT-EAST-HARTFORD-ETC--400-Main-St--BLDG-ETC/Summer-2027-Embedded-Software-Engineering-Intern--Onsite-_01878014,Raytheon,Summer 2027 Embedded Software Engineering Intern - Onsite,"EAST HARTFORD-ETC, CT",Hardware,https://globalhr.wd5.myworkdayjobs.com/rec_rtx_ext_gateway/job/US-CT-EAST-HARTFORD-ETC--400-Main-St--BLDG-ETC/Summer-2027-Embedded-Software-Engineering-Intern--Onsite-_01878014|https://globalhr.wd5.myworkdayjobs.com/en-US/rec_rtx_ext_gateway/job/US-CT-EAST-HARTFORD-ETC--400-Main-St--BLDG-ETC/Summer-2027-Embedded-Software-Engineering-Intern--Onsite-_01878014,2026-09-30,2026-09-30,2026-10-01T06:41:18+00:00,2026-09-30 23:41 Wed,,false,,,,false,speedyapply:SpeedyApply SWE:https://globalhr.wd5.myworkdayjobs.com/en-US/rec_rtx_ext_gateway/job/US-CT-EAST-HARTFORD-ETC--400-Main-St--BLDG-ETC/Summer-2027-Embedded-Software-Engineering-Intern--Onsite-_01878014|simplify:Simplify Internships:3d1157f3-209d-4852-9aa5-8ef5c4ab8ab5,|2026-09-30,,,,
Raytheon:https://globalhr.wd5.myworkdayjobs.com/en-US/rec_rtx_ext_gateway/job/US-CT-EAST-HARTFORD-G--400-Main-St--BLDG-G/Summer-2027-Software-Engineering-Intern--Onsite-_01873645,Raytheon,Summer 2027 Software Engineering Intern - Onsite,"EAST HARTFORD-G, CT",Software,https://globalhr.wd5.myworkdayjobs.com/rec_rtx_ext_gateway/job/US-CT-EAST-HARTFORD-G--400-Main-St--BLDG-G/Summer-2027-Software-Engineering-Intern--Onsite-_01873645|https://globalhr.wd5.myworkdayjobs.com/en-US/rec_rtx_ext_gateway/job/US-CT-EAST-HARTFORD-G--400-Main-St--BLDG-G/Summer-2027-Software-Engineering-Intern--Onsite-_01873645,2026-09-22,2026-09-22,2026-09-23T06:40:44+00:00,2026-09-22 23:40 Tue,,false,,,,false,speedyapply:SpeedyApply SWE:https://globalhr.wd5.myworkdayjobs.com/en-US/rec_rtx_ext_gateway/job/US-CT-EAST-HARTFORD-G--400-Main-St--BLDG-G/Summer-2027-Software-Engineering-Intern--Onsite-_01873645|simplify:Simplify Internships:9eba7545-19f8-461d-b313-6a523b17e88c,|2026-09-22,,,,
Raytheon:https://globalhr.wd5.myworkdayjobs.com/en-US/rec_rtx_ext_gateway/job/US-IA-CEDAR-RAPIDS-182--1100-Cimmie-Ave-Ne--BLDG-182/XMLNAME-2026-Collins-Full-Time---System-Integration-Software-Engineer-I---Cedar-Rapids--IA--Onsite-_01850421,Raytheon,System Integration Software Engineer 1 - System Integration Software Engineer I,"Cedar Rapids, IA",Software,https://globalhr.wd5.myworkdayjobs.com/rec_rtx_ext_gateway/job/US-IA-CEDAR-RAPIDS-182--1100-Cimmie-Ave-Ne--BLDG-182/XMLNAME-2026-Collins-Full-Time---System-Integration-Software-Engineer-I---Cedar-Rapids--IA--Onsite-_01850421|https://globalhr.wd5.myworkdayjobs.com/en-US/rec_rtx_ext_gateway/job/US-IA-CEDAR-RAPIDS-182--1100-Cimmie-Ave-Ne--BLDG-182/XMLNAME-2026-Collins-Full-Time---System-Integration-Software-Engineer-I---Cedar-Rapids--IA--Onsite-_01850421,2026-06-09,2026-06-09,2026-09-16T23:17:53+00:00,2026-09-16 16:17 Wed,,false,,,,false,speedyapply:SpeedyApply SWE:https://globalhr.wd5.myworkdayjobs.com/en-US/rec_rtx_ext_gateway/job/US-IA-CEDAR-RAPIDS-182--1100-Cimmie-Ave-Ne--BLDG-182/XMLNAME-2026-Collins-Full-Time---System-Integration-Software-Engineer-I---Cedar-Rapids--IA--Onsite-_01850421|simplify:Simplify New Grad:f0decac3-42e6-41b6-8f73-a954263e1bd7,|2026-06-09,,,,
Raytheon:https://globalhr.wd5.myworkdayjobs.com/en-US/rec_rtx_ext_gateway/job/US-CA-FULLERTON-676--1801-Hughes-Dr--BLDG-676/Systems-Engineer-I--Algorithms-----Onsite-_01879395,Raytheon,Systems Engineer I- Algorithms - Onsite,"Fullerton, CA",,https://globalhr.wd5.myworkdayjobs.com/en-US/rec_rtx_ext_gateway/job/US-CA-FULLERTON-676--1801-Hughes-Dr--BLDG-676/Systems-Engineer-I--Algorithms-----Onsite-_01879395,,,2026-10-06T18:16:50+00:00,2026-10-06 11:16 Tue,,false,,,,false,speedyapply:SpeedyApply AI:https://globalhr.wd5.myworkdayjobs.com/en-US/rec_rtx_ext_gateway/job/US-CA-FULLERTON-676--1801-Hughes-Dr--BLDG-676/Systems-Engineer-I--Algorithms-----Onsite-_01879395,,,,,
