job_key,company,title,location,department,urls,date_posted,date_posted_iso,first_seen,first_seen_pt,track,scored,score_method,experience_score,reason,emailed,source_uids
ServiceNow:744000138406829,ServiceNow," Manager, GTM - Field Readiness ","West Palm Beach, Florida, United States",Sales,https://jobs.smartrecruiters.com/ServiceNow/744000138406829,2026-07-17T20:25:32.522Z,2026-07-17,2026-07-17T20:35:32+00:00,2026-07-17 13:35 Fri,,false,,,,false,smartrecruiters:ServiceNow:744000138406829
ServiceNow:744000132475083,ServiceNow, Principal Customer Success Executive ,"Toronto, Ontario, Canada",Customer Outcomes,https://jobs.smartrecruiters.com/ServiceNow/744000132475083,2026-06-16T17:26:26.656Z,2026-06-16,2026-07-11T03:36:34+00:00,2026-07-10 20:36 Fri,,false,,,,false,smartrecruiters:ServiceNow:744000132475083
ServiceNow:744000144589732,ServiceNow, Principal Technical Consultant-ServiceNow,"Chicago, Illinois, United States",Consulting,https://jobs.smartrecruiters.com/ServiceNow/744000144589732,2026-08-20T15:50:33.389Z,2026-08-20,2026-08-20T15:59:40+00:00,2026-08-20 08:59 Thu,,false,,,,false,smartrecruiters:ServiceNow:744000144589732
ServiceNow:744000140284649,ServiceNow, Senior Information Security Analyst,"Santa Clara, California, United States",Digital Technology,https://jobs.smartrecruiters.com/ServiceNow/744000140284649,2026-07-28T16:10:52.823Z,2026-07-28,2026-07-28T16:17:40+00:00,2026-07-28 09:17 Tue,,false,,,,false,smartrecruiters:ServiceNow:744000140284649
ServiceNow:744000143577840,ServiceNow, Senior Information Security Analyst,"Santa Clara, California, United States",Digital Technology,https://jobs.smartrecruiters.com/ServiceNow/744000143577840,2026-08-14T18:08:14.384Z,2026-08-14,2026-08-14T18:17:50+00:00,2026-08-14 11:17 Fri,,false,,,,false,smartrecruiters:ServiceNow:744000143577840
ServiceNow:744000143023819,ServiceNow," Senior Manager, Expert Services ","Bangalore, Karnataka, India",Customer Excellence HQ,https://jobs.smartrecruiters.com/ServiceNow/744000143023819,2026-08-12T03:59:06.829Z,2026-08-12,2026-08-12T04:17:06+00:00,2026-08-11 21:17 Tue,,false,,,,false,smartrecruiters:ServiceNow:744000143023819
ServiceNow:744000143246411,ServiceNow," Senior Manager, Expert Services(ServiceNow)","Bangalore, Karnataka, India",Customer Excellence HQ,https://jobs.smartrecruiters.com/ServiceNow/744000143246411,2026-08-13T07:36:18.012Z,2026-08-13,2026-08-13T07:41:20+00:00,2026-08-13 00:41 Thu,,false,,,,false,smartrecruiters:ServiceNow:744000143246411
ServiceNow:744000143696919,ServiceNow," Senior Manager, Expert Services(Tech / Core Business / Sec Ops / IRM)","Bangalore, Karnataka, India",Customer Excellence HQ,https://jobs.smartrecruiters.com/ServiceNow/744000143696919,2026-08-16T17:12:40.107Z,2026-08-16,2026-08-16T17:34:28+00:00,2026-08-16 10:34 Sun,,false,,,,false,smartrecruiters:ServiceNow:744000143696919
ServiceNow:744000141604439,ServiceNow," Senior Manager, Talent Programs & AI Operations","San Diego, CALIFORNIA, United States",Human Resources,https://jobs.smartrecruiters.com/ServiceNow/744000141604439,2026-08-05T00:51:46.272Z,2026-08-05,2026-08-05T00:59:38+00:00,2026-08-04 17:59 Tue,,false,,,,false,smartrecruiters:ServiceNow:744000141604439
ServiceNow:744000143139160,ServiceNow, Senior Staff AI Agent Engineer – Moveworks | Customer Deployment,"San Francisco, California, United States",Support and Product Success,https://jobs.smartrecruiters.com/ServiceNow/744000143139160,2026-08-12T16:09:57.928Z,2026-08-12,2026-08-12T16:18:28+00:00,2026-08-12 09:18 Wed,,false,,,,false,smartrecruiters:ServiceNow:744000143139160
ServiceNow:744000141549779,ServiceNow," Senior Staff Inbound Product Manager, Value AI Products","Vancouver, British Columbia, Canada",Customer Outcomes,https://jobs.smartrecruiters.com/ServiceNow/744000141549779,2026-08-04T17:14:16.319Z,2026-08-04,2026-08-04T17:41:54+00:00,2026-08-04 10:41 Tue,,false,,,,false,smartrecruiters:ServiceNow:744000141549779
ServiceNow:744000135168359,ServiceNow, Senior Staff Software Engineer - AI/ML - Veza,"Minneapolis, Minnesota, United States","Engineering, Infrastructure and Operations",https://jobs.smartrecruiters.com/ServiceNow/744000135168359,2026-07-01T05:17:20.927Z,2026-07-01,2026-07-11T03:36:34+00:00,2026-07-10 20:36 Fri,,false,,,,false,smartrecruiters:ServiceNow:744000135168359
ServiceNow:744000143922779,ServiceNow, Senior Staff Software Engineer - AI/ML - Veza,"Minneapolis, Minnesota, United States","Engineering, Infrastructure and Operations",https://jobs.smartrecruiters.com/ServiceNow/744000143922779,2026-08-17T20:09:43.341Z,2026-08-17,2026-08-17T20:17:50+00:00,2026-08-17 13:17 Mon,,false,,,,false,smartrecruiters:ServiceNow:744000143922779
ServiceNow:744000144044040,ServiceNow," Senior Technical Consultant (Technical Architect), Core Business Workflows","Mumbai, Maharashtra, India",Customer Excellence HQ,https://jobs.smartrecruiters.com/ServiceNow/744000144044040,2026-08-18T11:32:11.593Z,2026-08-18,2026-08-18T11:40:24+00:00,2026-08-18 04:40 Tue,,false,,,,false,smartrecruiters:ServiceNow:744000144044040
ServiceNow:744000133504529,ServiceNow," Staff Data Platform Software Engineer, Graph — Veza","Santa Clara, CALIFORNIA, United States","Engineering, Infrastructure and Operations",https://jobs.smartrecruiters.com/ServiceNow/744000133504529,2026-06-23T04:43:25.647Z,2026-06-23,2026-07-11T03:36:34+00:00,2026-07-10 20:36 Fri,,false,,,,false,smartrecruiters:ServiceNow:744000133504529
ServiceNow:744000140382539,ServiceNow,Account Executive - Commercial,"Tokyo, , Japan",Sales,https://jobs.smartrecruiters.com/ServiceNow/744000140382539,2026-07-29T05:26:04.838Z,2026-07-29,2026-07-29T05:41:11+00:00,2026-07-28 22:41 Tue,,false,,,,false,smartrecruiters:ServiceNow:744000140382539
ServiceNow:744000138085239,ServiceNow,Accountant,"Hyderabad, , India",Finance & Accounting,https://jobs.smartrecruiters.com/ServiceNow/744000138085239,2026-07-16T10:53:56.025Z,2026-07-16,2026-07-16T10:59:47+00:00,2026-07-16 03:59 Thu,,false,,,,false,smartrecruiters:ServiceNow:744000138085239
ServiceNow:744000140542310,ServiceNow,ACE Development Sr Manager,"Munich, , Germany",Sales,https://jobs.smartrecruiters.com/ServiceNow/744000140542310,2026-07-29T19:56:36.297Z,2026-07-29,2026-07-29T20:17:57+00:00,2026-07-29 13:17 Wed,,false,,,,false,smartrecruiters:ServiceNow:744000140542310
ServiceNow:744000141265205,ServiceNow,ACE Development Sr Manager (Armis),"Munich, , Germany",Sales,https://jobs.smartrecruiters.com/ServiceNow/744000141265205,2026-08-03T13:34:35.252Z,2026-08-03,2026-08-03T13:42:11+00:00,2026-08-03 06:42 Mon,,false,,,,false,smartrecruiters:ServiceNow:744000141265205
ServiceNow:744000135949979,ServiceNow,Advisory AI Foundry Architect,"Bangalore, Karnataka, India",Sales,https://jobs.smartrecruiters.com/ServiceNow/744000135949979,2026-07-06T09:00:14.398Z,2026-07-06,2026-07-11T03:36:34+00:00,2026-07-10 20:36 Fri,,false,,,,false,smartrecruiters:ServiceNow:744000135949979
ServiceNow:744000141848799,ServiceNow,Advisory AI Foundry Architect,"Mumbai, Maharashtra, India",Sales,https://jobs.smartrecruiters.com/ServiceNow/744000141848799,2026-08-06T06:28:04.974Z,2026-08-06,2026-08-06T06:41:36+00:00,2026-08-05 23:41 Wed,,false,,,,false,smartrecruiters:ServiceNow:744000141848799
ServiceNow:744000138690459,ServiceNow,Advisory Presales Solution Consultant - AI Control Tower,"Staines, , United Kingdom",Sales,https://jobs.smartrecruiters.com/ServiceNow/744000138690459,2026-07-20T16:30:41.681Z,2026-07-20,2026-07-20T16:41:51+00:00,2026-07-20 09:41 Mon,,false,,,,false,smartrecruiters:ServiceNow:744000138690459
ServiceNow:744000138349450,ServiceNow,Advisory Presales Solution Consultant - Energy & Utilities,"Staines, , United Kingdom",Sales,https://jobs.smartrecruiters.com/ServiceNow/744000138349450,2026-07-17T14:25:56.290Z,2026-07-17,2026-07-17T14:41:53+00:00,2026-07-17 07:41 Fri,,false,,,,false,smartrecruiters:ServiceNow:744000138349450
ServiceNow:744000139313369,ServiceNow,Advisory Presales Solution Consultant - Energy & Utilities,"Staines, , United Kingdom",Sales,https://jobs.smartrecruiters.com/ServiceNow/744000139313369,2026-07-23T15:08:04.361Z,2026-07-23,2026-07-23T15:18:24+00:00,2026-07-23 08:18 Thu,,false,,,,false,smartrecruiters:ServiceNow:744000139313369
ServiceNow:744000136053884,ServiceNow,Advisory Presales Solution Consultant - Ireland,"Dublin, , Ireland",Sales,https://jobs.smartrecruiters.com/ServiceNow/744000136053884,2026-07-06T16:13:52.895Z,2026-07-06,2026-07-11T03:36:34+00:00,2026-07-10 20:36 Fri,,false,,,,false,smartrecruiters:ServiceNow:744000136053884
ServiceNow:744000135470609,ServiceNow,Advisory Presales Solution Consultant - Risk & SecOps,"Staines, , United Kingdom",Sales,https://jobs.smartrecruiters.com/ServiceNow/744000135470609,2026-07-02T10:42:11.607Z,2026-07-02,2026-07-11T03:36:34+00:00,2026-07-10 20:36 Fri,,false,,,,false,smartrecruiters:ServiceNow:744000135470609
ServiceNow:744000138336599,ServiceNow,Advisory Presales Solution Consultant - Risk & SecOps,"Frankfurt, , Germany",Sales,https://jobs.smartrecruiters.com/ServiceNow/744000138336599,2026-07-17T13:43:03.249Z,2026-07-17,2026-07-17T13:59:33+00:00,2026-07-17 06:59 Fri,,false,,,,false,smartrecruiters:ServiceNow:744000138336599
ServiceNow:744000136033364,ServiceNow,"Advisory Presales Solution Consultant, CRM Solutions","Wien, , Austria",Sales,https://jobs.smartrecruiters.com/ServiceNow/744000136033364,2026-07-06T14:48:38.463Z,2026-07-06,2026-07-11T03:36:34+00:00,2026-07-10 20:36 Fri,,false,,,,false,smartrecruiters:ServiceNow:744000136033364
ServiceNow:744000136770469,ServiceNow,"Advisory Presales Solution Consultant, CRM Solutions","Zurich, , Switzerland",Sales,https://jobs.smartrecruiters.com/ServiceNow/744000136770469,2026-07-09T09:38:49.230Z,2026-07-09,2026-07-11T03:36:34+00:00,2026-07-10 20:36 Fri,,false,,,,false,smartrecruiters:ServiceNow:744000136770469
ServiceNow:744000137706749,ServiceNow,"Advisory Presales Solution Consultant, CRM Solutions","Munich, , Germany",Sales,https://jobs.smartrecruiters.com/ServiceNow/744000137706749,2026-07-14T16:18:48.912Z,2026-07-14,2026-07-14T16:42:13+00:00,2026-07-14 09:42 Tue,,false,,,,false,smartrecruiters:ServiceNow:744000137706749
ServiceNow:744000128189379,ServiceNow,Advisory Solution Architect,"Bangalore, Karnataka, India",Sales,https://jobs.smartrecruiters.com/ServiceNow/744000128189379,2026-05-25T07:09:06.010Z,2026-05-25,2026-07-11T03:36:34+00:00,2026-07-10 20:36 Fri,,false,,,,false,smartrecruiters:ServiceNow:744000128189379
ServiceNow:744000127722929,ServiceNow,Advisory Solution Consultant,"Amsterdam, , Netherlands",Sales,https://jobs.smartrecruiters.com/ServiceNow/744000127722929,2026-05-21T17:03:52.272Z,2026-05-21,2026-07-11T03:36:34+00:00,2026-07-10 20:36 Fri,,false,,,,false,smartrecruiters:ServiceNow:744000127722929
ServiceNow:744000128347769,ServiceNow,Advisory Solution Consultant,"Tokyo, , Japan",Sales,https://jobs.smartrecruiters.com/ServiceNow/744000128347769,2026-05-26T03:00:37.560Z,2026-05-26,2026-07-11T03:36:34+00:00,2026-07-10 20:36 Fri,,false,,,,false,smartrecruiters:ServiceNow:744000128347769
ServiceNow:744000133988899,ServiceNow,Advisory Solution Consultant,"Munich, , Germany",Sales,https://jobs.smartrecruiters.com/ServiceNow/744000133988899,2026-06-24T15:52:55.619Z,2026-06-24,2026-07-11T03:36:34+00:00,2026-07-10 20:36 Fri,,false,,,,false,smartrecruiters:ServiceNow:744000133988899
ServiceNow:744000136202830,ServiceNow,Advisory Solution Consultant,"Bangalore, Karnataka, India",Sales,https://jobs.smartrecruiters.com/ServiceNow/744000136202830,2026-07-07T11:23:37.552Z,2026-07-07,2026-07-11T03:36:34+00:00,2026-07-10 20:36 Fri,,false,,,,false,smartrecruiters:ServiceNow:744000136202830
ServiceNow:744000136434220,ServiceNow,Advisory Solution Consultant,"Mumbai, Maharashtra, India",Sales,https://jobs.smartrecruiters.com/ServiceNow/744000136434220,2026-07-08T10:27:28.743Z,2026-07-08,2026-07-11T03:36:34+00:00,2026-07-10 20:36 Fri,,false,,,,false,smartrecruiters:ServiceNow:744000136434220
ServiceNow:744000136554480,ServiceNow,Advisory Solution Consultant,"Minneapolis, Minnesota, United States",Sales,https://jobs.smartrecruiters.com/ServiceNow/744000136554480,2026-07-08T19:35:31.245Z,2026-07-08,2026-07-11T03:36:34+00:00,2026-07-10 20:36 Fri,,false,,,,false,smartrecruiters:ServiceNow:744000136554480
ServiceNow:744000137047405,ServiceNow,Advisory Solution Consultant,"Gurgaon, HARYANA, India",Sales,https://jobs.smartrecruiters.com/ServiceNow/744000137047405,2026-07-10T06:14:27.813Z,2026-07-10,2026-07-11T03:36:34+00:00,2026-07-10 20:36 Fri,,false,,,,false,smartrecruiters:ServiceNow:744000137047405
ServiceNow:744000137382574,ServiceNow,Advisory Solution Consultant,"Madrid, , Spain",Sales,https://jobs.smartrecruiters.com/ServiceNow/744000137382574,2026-07-13T07:51:58.210Z,2026-07-13,2026-07-13T07:58:42+00:00,2026-07-13 00:58 Mon,,false,,,,false,smartrecruiters:ServiceNow:744000137382574
ServiceNow:744000137803347,ServiceNow,Advisory Solution Consultant,"Mumbai, Maharashtra, India",Sales,https://jobs.smartrecruiters.com/ServiceNow/744000137803347,2026-07-15T05:46:55.507Z,2026-07-15,2026-07-15T05:59:40+00:00,2026-07-14 22:59 Tue,,false,,,,false,smartrecruiters:ServiceNow:744000137803347
ServiceNow:744000140404649,ServiceNow,Advisory Solution Consultant,"Tokyo, , Japan",Sales,https://jobs.smartrecruiters.com/ServiceNow/744000140404649,2026-07-29T08:01:05.800Z,2026-07-29,2026-07-29T08:17:27+00:00,2026-07-29 01:17 Wed,,false,,,,false,smartrecruiters:ServiceNow:744000140404649
ServiceNow:744000140405780,ServiceNow,Advisory Solution Consultant,"Tokyo, , Japan",Sales,https://jobs.smartrecruiters.com/ServiceNow/744000140405780,2026-07-29T08:14:47.882Z,2026-07-29,2026-07-29T08:41:25+00:00,2026-07-29 01:41 Wed,,false,,,,false,smartrecruiters:ServiceNow:744000140405780
ServiceNow:744000143084620,ServiceNow,Advisory Solution Consultant,"Riyadh, , Saudi Arabia",Sales,https://jobs.smartrecruiters.com/ServiceNow/744000143084620,2026-08-12T11:50:46.910Z,2026-08-12,2026-08-12T11:59:55+00:00,2026-08-12 04:59 Wed,,false,,,,false,smartrecruiters:ServiceNow:744000143084620
ServiceNow:744000143987087,ServiceNow,Advisory Solution Consultant,"Mumbai, Maharashtra, India",Sales,https://jobs.smartrecruiters.com/ServiceNow/744000143987087,2026-08-18T06:19:10.090Z,2026-08-18,2026-08-18T06:41:26+00:00,2026-08-17 23:41 Mon,,false,,,,false,smartrecruiters:ServiceNow:744000143987087
ServiceNow:744000144243599,ServiceNow,Advisory Solution Consultant,"Tokyo, , Japan",Sales,https://jobs.smartrecruiters.com/ServiceNow/744000144243599,2026-08-19T07:25:01.205Z,2026-08-19,2026-08-19T07:52:49+00:00,2026-08-19 00:52 Wed,,false,,,,false,smartrecruiters:ServiceNow:744000144243599
ServiceNow:744000144523739,ServiceNow,Advisory Solution Consultant,"Tokyo, , Japan",Sales,https://jobs.smartrecruiters.com/ServiceNow/744000144523739,2026-08-20T11:10:51.731Z,2026-08-20,2026-08-20T11:17:35+00:00,2026-08-20 04:17 Thu,,false,,,,false,smartrecruiters:ServiceNow:744000144523739
ServiceNow:744000140650479,ServiceNow,Advisory Solution Consultant ,"Riyadh, , Saudi Arabia",Sales,https://jobs.smartrecruiters.com/ServiceNow/744000140650479,2026-07-30T10:14:58.147Z,2026-07-30,2026-07-30T10:41:27+00:00,2026-07-30 03:41 Thu,,false,,,,false,smartrecruiters:ServiceNow:744000140650479
ServiceNow:744000141295199,ServiceNow,Advisory Solution Consultant (Armis),"Minneapolis, Minnesota, United States",Sales,https://jobs.smartrecruiters.com/ServiceNow/744000141295199,2026-08-03T15:23:02.308Z,2026-08-03,2026-08-03T15:34:11+00:00,2026-08-03 08:34 Mon,,false,,,,false,smartrecruiters:ServiceNow:744000141295199
ServiceNow:744000139965790,ServiceNow,"Advisory Solution Consultant (Pre-Sales), Security Operations – Sydney or Melbourne ","Sydney, NSW, Australia",Sales,https://jobs.smartrecruiters.com/ServiceNow/744000139965790,2026-07-27T09:58:16.767Z,2026-07-27,2026-07-27T10:17:21+00:00,2026-07-27 03:17 Mon,,false,,,,false,smartrecruiters:ServiceNow:744000139965790
ServiceNow:744000139965820,ServiceNow,"Advisory Solution Consultant (Pre-Sales), Security Operations – Sydney or Melbourne ","Melbourne, Victoria, Australia",Sales,https://jobs.smartrecruiters.com/ServiceNow/744000139965820,2026-07-27T10:00:11.233Z,2026-07-27,2026-07-27T10:17:21+00:00,2026-07-27 03:17 Mon,,false,,,,false,smartrecruiters:ServiceNow:744000139965820
ServiceNow:744000140146489,ServiceNow,Advisory Solution Consultant - BFSI,"Bangalore, Karnataka, India",Sales,https://jobs.smartrecruiters.com/ServiceNow/744000140146489,2026-07-28T04:08:57.106Z,2026-07-28,2026-07-28T04:17:37+00:00,2026-07-27 21:17 Mon,,false,,,,false,smartrecruiters:ServiceNow:744000140146489
ServiceNow:744000141810309,ServiceNow,Advisory Solution Consultant - Finance & Supply Chain Solutions,"Denver, Colorado, United States",Sales,https://jobs.smartrecruiters.com/ServiceNow/744000141810309,2026-08-05T22:49:42.954Z,2026-08-05,2026-08-05T22:59:00+00:00,2026-08-05 15:59 Wed,,false,,,,false,smartrecruiters:ServiceNow:744000141810309
ServiceNow:744000133985925,ServiceNow,Advisory Solution Consultant - German speaking,"Munich, , Germany",Sales,https://jobs.smartrecruiters.com/ServiceNow/744000133985925,2026-06-24T15:42:18.056Z,2026-06-24,2026-07-11T03:36:34+00:00,2026-07-10 20:36 Fri,,false,,,,false,smartrecruiters:ServiceNow:744000133985925
ServiceNow:744000114433398,ServiceNow,Advisory Solution Consultant - Moveworks,"Stockholm, , Sweden",Sales,https://jobs.smartrecruiters.com/ServiceNow/744000114433398,2026-03-12T17:30:42.884Z,2026-03-12,2026-07-11T03:36:34+00:00,2026-07-10 20:36 Fri,,false,,,,false,smartrecruiters:ServiceNow:744000114433398
ServiceNow:744000137490815,ServiceNow,Advisory Solution Consultant - MRD,"Gurgaon, HARYANA, India",Sales,https://jobs.smartrecruiters.com/ServiceNow/744000137490815,2026-07-13T15:34:53.102Z,2026-07-13,2026-07-13T15:40:57+00:00,2026-07-13 08:40 Mon,,false,,,,false,smartrecruiters:ServiceNow:744000137490815
ServiceNow:744000143929219,ServiceNow,Advisory Solution Consultant - Partners,"Austin, Texas , United States",Sales,https://jobs.smartrecruiters.com/ServiceNow/744000143929219,2026-08-17T21:03:11.860Z,2026-08-17,2026-08-17T21:17:29+00:00,2026-08-17 14:17 Mon,,false,,,,false,smartrecruiters:ServiceNow:744000143929219
ServiceNow:744000143927479,ServiceNow,Advisory Solution Consultant - Partners ,"Austin, Texas , United States",Sales,https://jobs.smartrecruiters.com/ServiceNow/744000143927479,2026-08-17T20:53:17.993Z,2026-08-17,2026-08-17T20:59:51+00:00,2026-08-17 13:59 Mon,,false,,,,false,smartrecruiters:ServiceNow:744000143927479
ServiceNow:744000143933979,ServiceNow,Advisory Solution Consultant - Partners ,"Austin, Texas , United States",Sales,https://jobs.smartrecruiters.com/ServiceNow/744000143933979,2026-08-17T21:59:08.552Z,2026-08-17,2026-08-17T22:06:48+00:00,2026-08-17 15:06 Mon,,false,,,,false,smartrecruiters:ServiceNow:744000143933979
ServiceNow:744000134186609,ServiceNow,Advisory Solution Consultant - Polish speaking,"Warsaw, , Poland",Sales,https://jobs.smartrecruiters.com/ServiceNow/744000134186609,2026-06-25T07:13:47.079Z,2026-06-25,2026-07-11T03:36:34+00:00,2026-07-10 20:36 Fri,,false,,,,false,smartrecruiters:ServiceNow:744000134186609
ServiceNow:744000129116879,ServiceNow,Advisory Solution Consultant - Public Sector - German speaking,"Zurich, , Switzerland",Sales,https://jobs.smartrecruiters.com/ServiceNow/744000129116879,2026-05-29T08:16:22.254Z,2026-05-29,2026-07-11T03:36:34+00:00,2026-07-10 20:36 Fri,,false,,,,false,smartrecruiters:ServiceNow:744000129116879
ServiceNow:744000140481160,ServiceNow,Advisory Solution Consultant - Schwarz Digits Cloud,"Munich, , Germany",Sales,https://jobs.smartrecruiters.com/ServiceNow/744000140481160,2026-07-29T14:33:15.455Z,2026-07-29,2026-07-29T14:41:46+00:00,2026-07-29 07:41 Wed,,false,,,,false,smartrecruiters:ServiceNow:744000140481160
ServiceNow:744000140538154,ServiceNow,Advisory Solution Consultant - State and Local,"New York, New York, United States",Sales,https://jobs.smartrecruiters.com/ServiceNow/744000140538154,2026-07-29T19:33:43.406Z,2026-07-29,2026-07-29T19:41:58+00:00,2026-07-29 12:41 Wed,,false,,,,false,smartrecruiters:ServiceNow:744000140538154
ServiceNow:744000141438959,ServiceNow,Advisory Solution Consultant - Swedish speaking,"Stockholm, , Sweden",Sales,https://jobs.smartrecruiters.com/ServiceNow/744000141438959,2026-08-04T08:38:10.977Z,2026-08-04,2026-08-04T08:59:30+00:00,2026-08-04 01:59 Tue,,false,,,,false,smartrecruiters:ServiceNow:744000141438959
ServiceNow:744000133886530,ServiceNow,"Advisory Solution Consultant - TMT, Enterprise","Tokyo, , Japan",Sales,https://jobs.smartrecruiters.com/ServiceNow/744000133886530,2026-06-24T08:23:59.274Z,2026-06-24,2026-07-11T03:36:34+00:00,2026-07-10 20:36 Fri,,false,,,,false,smartrecruiters:ServiceNow:744000133886530
ServiceNow:744000135652689,ServiceNow,"Advisory Solution Consultant, Malaysia","Kuala Lumpur, , Malaysia",Sales,https://jobs.smartrecruiters.com/ServiceNow/744000135652689,2026-07-03T06:53:57.336Z,2026-07-03,2026-07-11T03:36:34+00:00,2026-07-10 20:36 Fri,,false,,,,false,smartrecruiters:ServiceNow:744000135652689
ServiceNow:744000142725579,ServiceNow,"Advisory Solution Consultant, Partner Sales (Armis)","New York, NEW YORK, United States",Sales,https://jobs.smartrecruiters.com/ServiceNow/744000142725579,2026-08-10T19:45:46.776Z,2026-08-10,2026-08-10T19:59:55+00:00,2026-08-10 12:59 Mon,,false,,,,false,smartrecruiters:ServiceNow:744000142725579
ServiceNow:744000142895466,ServiceNow,"Advisory Solution Consultant, Partner Sales (Armis)","Boston , Massachusetts, United States",Sales,https://jobs.smartrecruiters.com/ServiceNow/744000142895466,2026-08-11T14:43:27.403Z,2026-08-11,2026-08-11T15:00:02+00:00,2026-08-11 08:00 Tue,,false,,,,false,smartrecruiters:ServiceNow:744000142895466
ServiceNow:744000142896255,ServiceNow,"Advisory Solution Consultant, Partner Sales (Armis)","Philadelphia , Pennsylvania, United States",Sales,https://jobs.smartrecruiters.com/ServiceNow/744000142896255,2026-08-11T14:42:30.560Z,2026-08-11,2026-08-11T15:00:02+00:00,2026-08-11 08:00 Tue,,false,,,,false,smartrecruiters:ServiceNow:744000142896255
ServiceNow:744000142896732,ServiceNow,"Advisory Solution Consultant, Partner Sales (Armis)","Denver, Colorado, United States",Sales,https://jobs.smartrecruiters.com/ServiceNow/744000142896732,2026-08-11T14:45:16.313Z,2026-08-11,2026-08-11T15:00:02+00:00,2026-08-11 08:00 Tue,,false,,,,false,smartrecruiters:ServiceNow:744000142896732
ServiceNow:744000142896920,ServiceNow,"Advisory Solution Consultant, Partner Sales (Armis)","Los Angeles, California, United States",Sales,https://jobs.smartrecruiters.com/ServiceNow/744000142896920,2026-08-11T14:44:21.493Z,2026-08-11,2026-08-11T15:00:02+00:00,2026-08-11 08:00 Tue,,false,,,,false,smartrecruiters:ServiceNow:744000142896920
ServiceNow:744000142898819,ServiceNow,"Advisory Solution Consultant, Partner Sales (Armis)","Phoenix, Arizona, United States",Sales,https://jobs.smartrecruiters.com/ServiceNow/744000142898819,2026-08-11T14:49:07.367Z,2026-08-11,2026-08-11T15:00:02+00:00,2026-08-11 08:00 Tue,,false,,,,false,smartrecruiters:ServiceNow:744000142898819
ServiceNow:744000142900469,ServiceNow,"Advisory Solution Consultant, Partner Sales (Armis)","Chicago , Illinois , United States",Sales,https://jobs.smartrecruiters.com/ServiceNow/744000142900469,2026-08-11T14:54:34.241Z,2026-08-11,2026-08-11T15:00:02+00:00,2026-08-11 08:00 Tue,,false,,,,false,smartrecruiters:ServiceNow:744000142900469
ServiceNow:744000138525861,ServiceNow,"Advisory Solution Consultant, Security Operations – Sydney or Melbourne ","Sydney, NSW, Australia",Sales,https://jobs.smartrecruiters.com/ServiceNow/744000138525861,2026-07-20T01:23:40.308Z,2026-07-20,2026-07-20T01:41:24+00:00,2026-07-19 18:41 Sun,,false,,,,false,smartrecruiters:ServiceNow:744000138525861
ServiceNow:744000141782329,ServiceNow,"Advisory Solution Consultant, SLED (Armis)","Phoenix, Arizona, United States",Sales,https://jobs.smartrecruiters.com/ServiceNow/744000141782329,2026-08-05T18:55:15.363Z,2026-08-05,2026-08-05T19:17:49+00:00,2026-08-05 12:17 Wed,,false,,,,false,smartrecruiters:ServiceNow:744000141782329
ServiceNow:744000142147159,ServiceNow,"Advisory Solution Consultant, SLED (Armis)","Denver, COLORADO, United States",Sales,https://jobs.smartrecruiters.com/ServiceNow/744000142147159,2026-08-07T14:07:50.456Z,2026-08-07,2026-08-07T14:17:58+00:00,2026-08-07 07:17 Fri,,false,,,,false,smartrecruiters:ServiceNow:744000142147159
ServiceNow:744000142147544,ServiceNow,"Advisory Solution Consultant, SLED (Armis)","San Diego, CALIFORNIA, United States",Sales,https://jobs.smartrecruiters.com/ServiceNow/744000142147544,2026-08-07T14:09:19.541Z,2026-08-07,2026-08-07T14:17:58+00:00,2026-08-07 07:17 Fri,,false,,,,false,smartrecruiters:ServiceNow:744000142147544
ServiceNow:744000142206910,ServiceNow,"Advisory Solution Consultant, SLED Southwest (Armis)","Salt Lake City , Utah, United States",Sales,https://jobs.smartrecruiters.com/ServiceNow/744000142206910,2026-08-07T19:46:56.508Z,2026-08-07,2026-08-07T19:59:35+00:00,2026-08-07 12:59 Fri,,false,,,,false,smartrecruiters:ServiceNow:744000142206910
ServiceNow:744000142207699,ServiceNow,"Advisory Solution Consultant, SLED Southwest (Armis)","Phoenix, Arizona, United States",Sales,https://jobs.smartrecruiters.com/ServiceNow/744000142207699,2026-08-07T19:45:00.542Z,2026-08-07,2026-08-07T19:59:35+00:00,2026-08-07 12:59 Fri,,false,,,,false,smartrecruiters:ServiceNow:744000142207699
ServiceNow:744000142207799,ServiceNow,"Advisory Solution Consultant, SLED Southwest (Armis)","Dallas, Texas, United States",Sales,https://jobs.smartrecruiters.com/ServiceNow/744000142207799,2026-08-07T19:46:14.116Z,2026-08-07,2026-08-07T19:59:35+00:00,2026-08-07 12:59 Fri,,false,,,,false,smartrecruiters:ServiceNow:744000142207799
ServiceNow:744000142207899,ServiceNow,"Advisory Solution Consultant, SLED Southwest (Armis)","Austin, Texas, United States",Sales,https://jobs.smartrecruiters.com/ServiceNow/744000142207899,2026-08-07T19:47:30.614Z,2026-08-07,2026-08-07T19:59:35+00:00,2026-08-07 12:59 Fri,,false,,,,false,smartrecruiters:ServiceNow:744000142207899
ServiceNow:744000140484528,ServiceNow,"Advisory Solution Consultant, VW","Munich, , Germany",Sales,https://jobs.smartrecruiters.com/ServiceNow/744000140484528,2026-07-29T14:33:48.416Z,2026-07-29,2026-07-29T14:41:46+00:00,2026-07-29 07:41 Wed,,false,,,,false,smartrecruiters:ServiceNow:744000140484528
ServiceNow:744000130592199,ServiceNow,Agentic Search Infrastructure Engineer - Moveworks,"Mountain View, CALIFORNIA, United States",Other,https://jobs.smartrecruiters.com/ServiceNow/744000130592199,2026-06-05T21:02:50.550Z,2026-06-05,2026-07-11T03:36:34+00:00,2026-07-10 20:36 Fri,,false,,,,false,smartrecruiters:ServiceNow:744000130592199
ServiceNow:744000138594459,ServiceNow,AI Adoption Associate,"Dublin, , Ireland",Professional Services,https://jobs.smartrecruiters.com/ServiceNow/744000138594459,2026-07-20T09:22:42.480Z,2026-07-20,2026-07-20T09:41:54+00:00,2026-07-20 02:41 Mon,,false,,,,false,smartrecruiters:ServiceNow:744000138594459
ServiceNow:744000139249294,ServiceNow,AI Adoption Associate,"Dublin, , Ireland",Professional Services,https://jobs.smartrecruiters.com/ServiceNow/744000139249294,2026-07-23T10:13:48.487Z,2026-07-23,2026-07-23T10:41:26+00:00,2026-07-23 03:41 Thu,,false,,,,false,smartrecruiters:ServiceNow:744000139249294
ServiceNow:744000138766430,ServiceNow,AI Advantage Lead - APAC & Japan,"Singapore, , Singapore",Corporate Development & Strategy,https://jobs.smartrecruiters.com/ServiceNow/744000138766430,2026-07-21T01:46:21.404Z,2026-07-21,2026-07-21T01:59:15+00:00,2026-07-20 18:59 Mon,,false,,,,false,smartrecruiters:ServiceNow:744000138766430
ServiceNow:744000143976690,ServiceNow,AI Agent Engineer - Moveworks,"Bangalore, , India",Professional Services,https://jobs.smartrecruiters.com/ServiceNow/744000143976690,2026-08-18T03:57:47.336Z,2026-08-18,2026-08-18T04:05:50+00:00,2026-08-17 21:05 Mon,,false,,,,false,smartrecruiters:ServiceNow:744000143976690
ServiceNow:744000140909739,ServiceNow,Anaplan Product Specialist,"West Palm Beach, Florida, United States",Strategy/Planning,https://jobs.smartrecruiters.com/ServiceNow/744000140909739,2026-07-31T13:19:22.180Z,2026-07-31,2026-07-31T13:41:58+00:00,2026-07-31 06:41 Fri,,false,,,,false,smartrecruiters:ServiceNow:744000140909739
ServiceNow:744000140784689,ServiceNow,Anaplan Project Manager Specialist,"West Palm Beach, Florida, United States",Strategy/Planning,https://jobs.smartrecruiters.com/ServiceNow/744000140784689,2026-07-30T22:28:34.618Z,2026-07-30,2026-07-30T22:41:30+00:00,2026-07-30 15:41 Thu,,false,,,,false,smartrecruiters:ServiceNow:744000140784689
ServiceNow:744000144252812,ServiceNow,"Area VP, CRM Sales Leader India","Bangalore, Karnataka, India",Sales,https://jobs.smartrecruiters.com/ServiceNow/744000144252812,2026-08-19T08:13:45.979Z,2026-08-19,2026-08-19T08:28:39+00:00,2026-08-19 01:28 Wed,,false,,,,false,smartrecruiters:ServiceNow:744000144252812
ServiceNow:744000144063789,ServiceNow,"Area VP, Sales","Bangalore, Karnataka, India",Sales,https://jobs.smartrecruiters.com/ServiceNow/744000144063789,2026-08-18T12:54:12.254Z,2026-08-18,2026-08-18T13:11:57+00:00,2026-08-18 06:11 Tue,,false,,,,false,smartrecruiters:ServiceNow:744000144063789
ServiceNow:744000138177472,ServiceNow,"Art Director, Campaigns","Santa Clara, CALIFORNIA, United States","Marketing, Communications, and Brand",https://jobs.smartrecruiters.com/ServiceNow/744000138177472,2026-07-16T18:43:01.519Z,2026-07-16,2026-07-16T18:59:45+00:00,2026-07-16 11:59 Thu,,false,,,,false,smartrecruiters:ServiceNow:744000138177472
ServiceNow:744000139827549,ServiceNow,"Art Director, Campaigns","Santa Clara, CALIFORNIA, United States","Marketing, Communications, and Brand",https://jobs.smartrecruiters.com/ServiceNow/744000139827549,2026-07-25T16:39:07.428Z,2026-07-25,2026-07-26T08:59:28+00:00,2026-07-26 01:59 Sun,,false,,,,false,smartrecruiters:ServiceNow:744000139827549
ServiceNow:744000141369279,ServiceNow,"Art Director, Campaigns","Santa Clara, CALIFORNIA, United States","Marketing, Communications, and Brand",https://jobs.smartrecruiters.com/ServiceNow/744000141369279,2026-08-04T01:11:38.933Z,2026-08-04,2026-08-04T01:17:22+00:00,2026-08-03 18:17 Mon,,false,,,,false,smartrecruiters:ServiceNow:744000141369279
ServiceNow:744000143154048,ServiceNow,"Art Director, Campaigns","Santa Clara, CALIFORNIA, United States","Marketing, Communications, and Brand",https://jobs.smartrecruiters.com/ServiceNow/744000143154048,2026-08-12T17:25:57.996Z,2026-08-12,2026-08-12T17:41:49+00:00,2026-08-12 10:41 Wed,,false,,,,false,smartrecruiters:ServiceNow:744000143154048
ServiceNow:744000138743009,ServiceNow,"Associate Creative Director, Motion Design","Santa Clara, CALIFORNIA, United States",Sales,https://jobs.smartrecruiters.com/ServiceNow/744000138743009,2026-07-21T00:12:13.175Z,2026-07-21,2026-07-21T00:17:09+00:00,2026-07-20 17:17 Mon,,false,,,,false,smartrecruiters:ServiceNow:744000138743009
ServiceNow:744000144638939,ServiceNow,"Associate Creative Director, Motion Design","Santa Clara, California, United States",Sales,https://jobs.smartrecruiters.com/ServiceNow/744000144638939,2026-08-20T20:55:36.573Z,2026-08-20,2026-08-20T21:17:40+00:00,2026-08-20 14:17 Thu,,false,,,,false,smartrecruiters:ServiceNow:744000144638939
ServiceNow:744000140176849,ServiceNow,Associate Customer Success Manager,"Bangalore, Karnataka, India",Customer Excellence HQ,https://jobs.smartrecruiters.com/ServiceNow/744000140176849,2026-07-28T08:21:29.578Z,2026-07-28,2026-07-28T08:41:26+00:00,2026-07-28 01:41 Tue,,false,,,,false,smartrecruiters:ServiceNow:744000140176849
ServiceNow:744000140176990,ServiceNow,Associate Customer Success Manager,"Bangalore, Karnataka, India",Customer Excellence HQ,https://jobs.smartrecruiters.com/ServiceNow/744000140176990,2026-07-28T08:23:07.543Z,2026-07-28,2026-07-28T08:41:26+00:00,2026-07-28 01:41 Tue,,false,,,,false,smartrecruiters:ServiceNow:744000140176990
ServiceNow:744000140177089,ServiceNow,Associate Customer Success Manager,"Bangalore, Karnataka, India",Customer Excellence HQ,https://jobs.smartrecruiters.com/ServiceNow/744000140177089,2026-07-28T08:22:48.840Z,2026-07-28,2026-07-28T08:41:26+00:00,2026-07-28 01:41 Tue,,false,,,,false,smartrecruiters:ServiceNow:744000140177089
ServiceNow:744000140177289,ServiceNow,Associate Customer Success Manager,"Bangalore, Karnataka, India",Customer Excellence HQ,https://jobs.smartrecruiters.com/ServiceNow/744000140177289,2026-07-28T08:23:25.774Z,2026-07-28,2026-07-28T08:41:26+00:00,2026-07-28 01:41 Tue,,false,,,,false,smartrecruiters:ServiceNow:744000140177289
ServiceNow:744000140177379,ServiceNow,Associate Customer Success Manager,"Bangalore, Karnataka, India",Customer Excellence HQ,https://jobs.smartrecruiters.com/ServiceNow/744000140177379,2026-07-28T08:23:39.663Z,2026-07-28,2026-07-28T08:41:26+00:00,2026-07-28 01:41 Tue,,false,,,,false,smartrecruiters:ServiceNow:744000140177379
ServiceNow:744000142040459,ServiceNow,Associate Customer Success Manager,"Tokyo, , Japan",Customer Outcomes,https://jobs.smartrecruiters.com/ServiceNow/744000142040459,2026-08-07T02:11:45.326Z,2026-08-07,2026-08-07T02:17:37+00:00,2026-08-06 19:17 Thu,,false,,,,false,smartrecruiters:ServiceNow:744000142040459
ServiceNow:744000134168885,ServiceNow,Associate Enterprise Account Executive,"Tokyo, , Japan",Sales,https://jobs.smartrecruiters.com/ServiceNow/744000134168885,2026-06-25T04:10:29.809Z,2026-06-25,2026-07-11T03:36:34+00:00,2026-07-10 20:36 Fri,,false,,,,false,smartrecruiters:ServiceNow:744000134168885
ServiceNow:744000139033069,ServiceNow,Associate Enterprise Account Executive - Manufacturing,"Tokyo, , Japan",Sales,https://jobs.smartrecruiters.com/ServiceNow/744000139033069,2026-07-22T09:26:01.454Z,2026-07-22,2026-07-22T09:41:21+00:00,2026-07-22 02:41 Wed,,false,,,,false,smartrecruiters:ServiceNow:744000139033069
ServiceNow:744000132729040,ServiceNow,Associate New Logo Account Executive,"Atlanta, Georgia, United States",Sales,https://jobs.smartrecruiters.com/ServiceNow/744000132729040,2026-06-17T21:16:13.210Z,2026-06-17,2026-07-11T03:36:34+00:00,2026-07-10 20:36 Fri,,false,,,,false,smartrecruiters:ServiceNow:744000132729040
ServiceNow:744000139698369,ServiceNow,Associate New Logo Account Executive,"Atlanta, Georgia, United States",Sales,https://jobs.smartrecruiters.com/ServiceNow/744000139698369,2026-07-24T23:45:37.120Z,2026-07-24,2026-07-24T23:59:26+00:00,2026-07-24 16:59 Fri,,false,,,,false,smartrecruiters:ServiceNow:744000139698369
ServiceNow:744000140938270,ServiceNow,Associate New Logo Account Executive,"Staines, , United Kingdom",Sales,https://jobs.smartrecruiters.com/ServiceNow/744000140938270,2026-07-31T15:09:35.474Z,2026-07-31,2026-07-31T15:17:15+00:00,2026-07-31 08:17 Fri,,false,,,,false,smartrecruiters:ServiceNow:744000140938270
ServiceNow:744000136516959,ServiceNow,Associate Site Reliability Engineer,"Dublin, , Ireland","Engineering, Infrastructure and Operations",https://jobs.smartrecruiters.com/ServiceNow/744000136516959,2026-07-08T16:10:46.177Z,2026-07-08,2026-07-11T03:36:34+00:00,2026-07-10 20:36 Fri,,false,,,,false,smartrecruiters:ServiceNow:744000136516959
ServiceNow:744000107369741,ServiceNow,"Associate Software Engineer, Core Infrastructure - Moveworks","Mountain View, CALIFORNIA, United States",Engineering,https://jobs.smartrecruiters.com/ServiceNow/744000107369741,2026-02-04T19:09:25.284Z,2026-02-04,2026-07-11T03:36:34+00:00,2026-07-10 20:36 Fri,,false,,,,false,smartrecruiters:ServiceNow:744000107369741
ServiceNow:744000122288554,ServiceNow,Associate Solution Consultant - Talent Community,"West Palm Beach, Florida, United States",Sales,https://jobs.smartrecruiters.com/ServiceNow/744000122288554,2026-04-22T15:40:29.602Z,2026-04-22,2026-07-11T03:36:34+00:00,2026-07-10 20:36 Fri,,false,,,,false,smartrecruiters:ServiceNow:744000122288554
ServiceNow:744000144653619,ServiceNow,Assoc Applications Dev Engineer,"Santa Clara, CALIFORNIA, United States","Engineering, Infrastructure and Operations",https://jobs.smartrecruiters.com/ServiceNow/744000144653619,2026-08-20T23:09:47.032Z,2026-08-20,2026-08-20T23:17:47+00:00,2026-08-20 16:17 Thu,Other Technical,true,Keyword,48,keyword-only heuristic (title only),false,smartrecruiters:ServiceNow:744000144653619
ServiceNow:744000141352139,ServiceNow,"AVP, APAC Strategic Customer Engagements (Elevate)","Singapore, , Singapore",Sales,https://jobs.smartrecruiters.com/ServiceNow/744000141352139,2026-08-03T22:12:29.180Z,2026-08-03,2026-08-03T22:23:41+00:00,2026-08-03 15:23 Mon,,false,,,,false,smartrecruiters:ServiceNow:744000141352139
ServiceNow:744000141915984,ServiceNow,"AVP, APJ Strategic Customer Engagements (Elevate)","Singapore, , Singapore",Sales,https://jobs.smartrecruiters.com/ServiceNow/744000141915984,2026-08-06T13:11:47.490Z,2026-08-06,2026-08-06T13:17:51+00:00,2026-08-06 06:17 Thu,,false,,,,false,smartrecruiters:ServiceNow:744000141915984
ServiceNow:744000129645315,ServiceNow,"AVP, Energy & Utilities Industry GTM","Santa Clara, CALIFORNIA, United States",Sales,https://jobs.smartrecruiters.com/ServiceNow/744000129645315,2026-06-02T03:01:11.428Z,2026-06-02,2026-07-11T03:36:34+00:00,2026-07-10 20:36 Fri,,false,,,,false,smartrecruiters:ServiceNow:744000129645315
ServiceNow:744000137959637,ServiceNow,"AVP, Hyperscalers (AWS)","Kirkland, Washington, United States",Sales,https://jobs.smartrecruiters.com/ServiceNow/744000137959637,2026-07-15T18:35:11.163Z,2026-07-15,2026-07-15T18:42:06+00:00,2026-07-15 11:42 Wed,,false,,,,false,smartrecruiters:ServiceNow:744000137959637
ServiceNow:744000143785129,ServiceNow,"AVP, Solution Consulting - CRM CoE Lead, EMEA","Munich, , Germany",Sales,https://jobs.smartrecruiters.com/ServiceNow/744000143785129,2026-08-17T09:34:53.491Z,2026-08-17,2026-08-17T09:41:18+00:00,2026-08-17 02:41 Mon,,false,,,,false,smartrecruiters:ServiceNow:744000143785129
ServiceNow:744000143433789,ServiceNow,Benefits Manager,"Hyderabad, Telangana, India",Human Resources,https://jobs.smartrecruiters.com/ServiceNow/744000143433789,2026-08-14T03:28:29.515Z,2026-08-14,2026-08-14T03:41:40+00:00,2026-08-13 20:41 Thu,,false,,,,false,smartrecruiters:ServiceNow:744000143433789
ServiceNow:744000144515161,ServiceNow,Benefits Manager,"Hyderabad, Telangana, India",Human Resources,https://jobs.smartrecruiters.com/ServiceNow/744000144515161,2026-08-20T10:27:54.598Z,2026-08-20,2026-08-20T10:41:32+00:00,2026-08-20 03:41 Thu,,false,,,,false,smartrecruiters:ServiceNow:744000144515161
ServiceNow:744000141796459,ServiceNow,Brand Strategist,"San Diego, CALIFORNIA, United States",Strategy/Planning,https://jobs.smartrecruiters.com/ServiceNow/744000141796459,2026-08-05T20:34:14.111Z,2026-08-05,2026-08-05T20:41:46+00:00,2026-08-05 13:41 Wed,,false,,,,false,smartrecruiters:ServiceNow:744000141796459
ServiceNow:744000143083109,ServiceNow,Brazil State & Local Government Advisory Solution Consultant,"Brasilia, BRASILIA, Brazil",Sales,https://jobs.smartrecruiters.com/ServiceNow/744000143083109,2026-08-12T11:36:11.733Z,2026-08-12,2026-08-12T11:41:46+00:00,2026-08-12 04:41 Wed,,false,,,,false,smartrecruiters:ServiceNow:744000143083109
ServiceNow:744000127731609,ServiceNow,Business Development Representative,"West Palm Beach, Florida, United States","Marketing, Communications, and Brand",https://jobs.smartrecruiters.com/ServiceNow/744000127731609,2026-05-21T18:00:45.561Z,2026-05-21,2026-07-11T03:36:34+00:00,2026-07-10 20:36 Fri,,false,,,,false,smartrecruiters:ServiceNow:744000127731609
ServiceNow:744000132323324,ServiceNow,Business Development Representative,"Tokyo, , Japan","Marketing, Communications, and Brand",https://jobs.smartrecruiters.com/ServiceNow/744000132323324,2026-06-16T02:00:23.810Z,2026-06-16,2026-07-11T03:36:34+00:00,2026-07-10 20:36 Fri,,false,,,,false,smartrecruiters:ServiceNow:744000132323324
ServiceNow:744000134170139,ServiceNow,Business Development Representative,"Waltham, Massachusetts, United States","Marketing, Communications, and Brand",https://jobs.smartrecruiters.com/ServiceNow/744000134170139,2026-06-25T04:30:45.178Z,2026-06-25,2026-07-11T03:36:34+00:00,2026-07-10 20:36 Fri,,false,,,,false,smartrecruiters:ServiceNow:744000134170139
ServiceNow:744000137677819,ServiceNow,Business Development Representative,"Boston, Massachusetts, United States","Marketing, Communications, and Brand",https://jobs.smartrecruiters.com/ServiceNow/744000137677819,2026-07-14T14:07:12.389Z,2026-07-14,2026-07-14T14:17:06+00:00,2026-07-14 07:17 Tue,,false,,,,false,smartrecruiters:ServiceNow:744000137677819
ServiceNow:744000138089570,ServiceNow,Business Development Representative,"Sydney, New South Wales, Australia",Sales,https://jobs.smartrecruiters.com/ServiceNow/744000138089570,2026-07-16T11:21:06.627Z,2026-07-16,2026-07-16T11:41:17+00:00,2026-07-16 04:41 Thu,,false,,,,false,smartrecruiters:ServiceNow:744000138089570
ServiceNow:744000143376650,ServiceNow,Business Development Representative,"West Palm Beach, Florida, United States","Marketing, Communications, and Brand",https://jobs.smartrecruiters.com/ServiceNow/744000143376650,2026-08-13T18:53:07.838Z,2026-08-13,2026-08-13T18:59:32+00:00,2026-08-13 11:59 Thu,,false,,,,false,smartrecruiters:ServiceNow:744000143376650
ServiceNow:744000143376659,ServiceNow,Business Development Representative,"Boston, Massachusetts, United States","Marketing, Communications, and Brand",https://jobs.smartrecruiters.com/ServiceNow/744000143376659,2026-08-13T18:51:46.341Z,2026-08-13,2026-08-13T18:59:32+00:00,2026-08-13 11:59 Thu,,false,,,,false,smartrecruiters:ServiceNow:744000143376659
ServiceNow:744000144466429,ServiceNow,Business Development Representative,"Tokyo, , Japan","Marketing, Communications, and Brand",https://jobs.smartrecruiters.com/ServiceNow/744000144466429,2026-08-20T06:37:08.376Z,2026-08-20,2026-08-20T06:59:15+00:00,2026-08-19 23:59 Wed,,false,,,,false,smartrecruiters:ServiceNow:744000144466429
ServiceNow:744000138707853,ServiceNow,Business Development Representative ,"Vienna, VIRGINIA, United States",Sales,https://jobs.smartrecruiters.com/ServiceNow/744000138707853,2026-07-20T18:31:12.429Z,2026-07-20,2026-07-20T18:41:51+00:00,2026-07-20 11:41 Mon,,false,,,,false,smartrecruiters:ServiceNow:744000138707853
ServiceNow:744000138711499,ServiceNow,Business Development Representative ,"San Diego, CALIFORNIA, United States",Sales,https://jobs.smartrecruiters.com/ServiceNow/744000138711499,2026-07-20T18:29:07.444Z,2026-07-20,2026-07-20T18:41:51+00:00,2026-07-20 11:41 Mon,,false,,,,false,smartrecruiters:ServiceNow:744000138711499
ServiceNow:744000138712138,ServiceNow,Business Development Representative ,"Vienna, VIRGINIA, United States",Sales,https://jobs.smartrecruiters.com/ServiceNow/744000138712138,2026-07-20T18:33:13.802Z,2026-07-20,2026-07-20T18:41:51+00:00,2026-07-20 11:41 Mon,,false,,,,false,smartrecruiters:ServiceNow:744000138712138
ServiceNow:744000138712259,ServiceNow,Business Development Representative ,"Vienna, VIRGINIA, United States",Sales,https://jobs.smartrecruiters.com/ServiceNow/744000138712259,2026-07-20T18:35:01.594Z,2026-07-20,2026-07-20T18:41:51+00:00,2026-07-20 11:41 Mon,,false,,,,false,smartrecruiters:ServiceNow:744000138712259
ServiceNow:744000143127729,ServiceNow,Business Development Representative ,"Munich, , Germany","Marketing, Communications, and Brand",https://jobs.smartrecruiters.com/ServiceNow/744000143127729,2026-08-12T14:55:13.553Z,2026-08-12,2026-08-12T15:17:28+00:00,2026-08-12 08:17 Wed,,false,,,,false,smartrecruiters:ServiceNow:744000143127729
ServiceNow:744000143376218,ServiceNow,Business Development Representative ,"San Diego, California, United States","Marketing, Communications, and Brand",https://jobs.smartrecruiters.com/ServiceNow/744000143376218,2026-08-13T18:47:53.725Z,2026-08-13,2026-08-13T18:59:32+00:00,2026-08-13 11:59 Thu,,false,,,,false,smartrecruiters:ServiceNow:744000143376218
ServiceNow:744000141278088,ServiceNow,Business Development Representative (Armis),"Vienna, VIRGINIA, United States",Sales,https://jobs.smartrecruiters.com/ServiceNow/744000141278088,2026-08-03T14:20:40.169Z,2026-08-03,2026-08-03T14:41:22+00:00,2026-08-03 07:41 Mon,,false,,,,false,smartrecruiters:ServiceNow:744000141278088
ServiceNow:744000141294929,ServiceNow,Business Development Representative (Armis),"Vienna, VIRGINIA, United States",Sales,https://jobs.smartrecruiters.com/ServiceNow/744000141294929,2026-08-03T15:22:25.966Z,2026-08-03,2026-08-03T15:34:11+00:00,2026-08-03 08:34 Mon,,false,,,,false,smartrecruiters:ServiceNow:744000141294929
ServiceNow:744000141295581,ServiceNow,Business Development Representative (Armis),"Sydney, New South Wales, Australia",Sales,https://jobs.smartrecruiters.com/ServiceNow/744000141295581,2026-08-03T15:24:47.584Z,2026-08-03,2026-08-03T15:34:11+00:00,2026-08-03 08:34 Mon,,false,,,,false,smartrecruiters:ServiceNow:744000141295581
ServiceNow:744000141295749,ServiceNow,Business Development Representative (Armis),"Vienna, VIRGINIA, United States",Sales,https://jobs.smartrecruiters.com/ServiceNow/744000141295749,2026-08-03T15:23:53.468Z,2026-08-03,2026-08-03T15:34:11+00:00,2026-08-03 08:34 Mon,,false,,,,false,smartrecruiters:ServiceNow:744000141295749
ServiceNow:744000141296339,ServiceNow,Business Development Representative (Armis),"San Diego, CALIFORNIA, United States",Sales,https://jobs.smartrecruiters.com/ServiceNow/744000141296339,2026-08-03T15:25:32.074Z,2026-08-03,2026-08-03T15:34:11+00:00,2026-08-03 08:34 Mon,,false,,,,false,smartrecruiters:ServiceNow:744000141296339
ServiceNow:744000141739034,ServiceNow,Business Development Representative (Armis),"San Diego, CALIFORNIA, United States",Sales,https://jobs.smartrecruiters.com/ServiceNow/744000141739034,2026-08-05T14:41:50.218Z,2026-08-05,2026-08-05T14:59:44+00:00,2026-08-05 07:59 Wed,,false,,,,false,smartrecruiters:ServiceNow:744000141739034
ServiceNow:744000141740569,ServiceNow,Business Development Representative (Armis),"Vienna, VIRGINIA, United States",Sales,https://jobs.smartrecruiters.com/ServiceNow/744000141740569,2026-08-05T14:43:08.035Z,2026-08-05,2026-08-05T14:59:44+00:00,2026-08-05 07:59 Wed,,false,,,,false,smartrecruiters:ServiceNow:744000141740569
ServiceNow:744000141740839,ServiceNow,Business Development Representative (Armis),"Vienna, VIRGINIA, United States",Sales,https://jobs.smartrecruiters.com/ServiceNow/744000141740839,2026-08-05T14:44:27.475Z,2026-08-05,2026-08-05T14:59:44+00:00,2026-08-05 07:59 Wed,,false,,,,false,smartrecruiters:ServiceNow:744000141740839
ServiceNow:744000141741149,ServiceNow,Business Development Representative (Armis),"Vienna, VIRGINIA, United States",Sales,https://jobs.smartrecruiters.com/ServiceNow/744000141741149,2026-08-05T14:45:14.889Z,2026-08-05,2026-08-05T14:59:44+00:00,2026-08-05 07:59 Wed,,false,,,,false,smartrecruiters:ServiceNow:744000141741149
ServiceNow:744000134169839,ServiceNow,Business Development Representative (Portuguese fluency),"West Palm Beach, Florida, United States","Marketing, Communications, and Brand",https://jobs.smartrecruiters.com/ServiceNow/744000134169839,2026-06-25T04:25:39.163Z,2026-06-25,2026-07-11T03:36:34+00:00,2026-07-10 20:36 Fri,,false,,,,false,smartrecruiters:ServiceNow:744000134169839
ServiceNow:744000140338099,ServiceNow,Business Development Representative (Portuguese fluency),"West Palm Beach, Florida, United States","Marketing, Communications, and Brand",https://jobs.smartrecruiters.com/ServiceNow/744000140338099,2026-07-28T21:05:00.834Z,2026-07-28,2026-07-28T21:17:59+00:00,2026-07-28 14:17 Tue,,false,,,,false,smartrecruiters:ServiceNow:744000140338099
ServiceNow:744000142202179,ServiceNow,Business Development Representative (Portuguese fluency),"Boston, Massachusetts, United States","Marketing, Communications, and Brand",https://jobs.smartrecruiters.com/ServiceNow/744000142202179,2026-08-07T18:55:49.529Z,2026-08-07,2026-08-07T19:15:25+00:00,2026-08-07 12:15 Fri,,false,,,,false,smartrecruiters:ServiceNow:744000142202179
ServiceNow:744000137127005,ServiceNow,Business Development Representative - Native German Speaker,"Munich, , Germany","Marketing, Communications, and Brand",https://jobs.smartrecruiters.com/ServiceNow/744000137127005,2026-07-10T13:02:12.301Z,2026-07-10,2026-07-11T03:36:34+00:00,2026-07-10 20:36 Fri,,false,,,,false,smartrecruiters:ServiceNow:744000137127005
ServiceNow:744000139958219,ServiceNow,Business Development Representative - Native German Speaker,"Munich, , Germany","Marketing, Communications, and Brand",https://jobs.smartrecruiters.com/ServiceNow/744000139958219,2026-07-27T09:16:21.246Z,2026-07-27,2026-07-27T09:41:17+00:00,2026-07-27 02:41 Mon,,false,,,,false,smartrecruiters:ServiceNow:744000139958219
ServiceNow:744000133461449,ServiceNow,C&I Partner Manager - IBM Governance & Security & Autonomous Workforce,"Chicago , Illinois, United States",Sales,https://jobs.smartrecruiters.com/ServiceNow/744000133461449,2026-06-22T21:58:16.661Z,2026-06-22,2026-07-11T03:36:34+00:00,2026-07-10 20:36 Fri,,false,,,,false,smartrecruiters:ServiceNow:744000133461449
ServiceNow:744000133461504,ServiceNow,C&I Partner Manager - IBM Governance & Security & Autonomous Workforce,"Philadelphia, Pennsylvania, United States",Sales,https://jobs.smartrecruiters.com/ServiceNow/744000133461504,2026-06-22T21:59:40.527Z,2026-06-22,2026-07-11T03:36:34+00:00,2026-07-10 20:36 Fri,,false,,,,false,smartrecruiters:ServiceNow:744000133461504
ServiceNow:744000133462097,ServiceNow,C&I Partner Manager - IBM Governance & Security & Autonomous Workforce,"San Diego, Illinois, United States",Sales,https://jobs.smartrecruiters.com/ServiceNow/744000133462097,2026-06-22T22:04:26.586Z,2026-06-22,2026-07-11T03:36:34+00:00,2026-07-10 20:36 Fri,,false,,,,false,smartrecruiters:ServiceNow:744000133462097
ServiceNow:744000141572219,ServiceNow,Campaign Art Director,"Santa Clara, CALIFORNIA, United States","Marketing, Communications, and Brand",https://jobs.smartrecruiters.com/ServiceNow/744000141572219,2026-08-04T19:47:31.813Z,2026-08-04,2026-08-04T19:59:41+00:00,2026-08-04 12:59 Tue,,false,,,,false,smartrecruiters:ServiceNow:744000141572219
ServiceNow:744000137742225,ServiceNow,Campaign Manager,"San Diego, CALIFORNIA, United States","Marketing, Communications, and Brand",https://jobs.smartrecruiters.com/ServiceNow/744000137742225,2026-07-14T20:05:51.634Z,2026-07-14,2026-07-14T20:17:39+00:00,2026-07-14 13:17 Tue,,false,,,,false,smartrecruiters:ServiceNow:744000137742225
ServiceNow:744000138133399,ServiceNow,Cash Collections Analyst,"Hyderabad, , India",Finance & Accounting,https://jobs.smartrecruiters.com/ServiceNow/744000138133399,2026-07-16T14:17:07.611Z,2026-07-16,2026-07-16T14:42:01+00:00,2026-07-16 07:42 Thu,,false,,,,false,smartrecruiters:ServiceNow:744000138133399
ServiceNow:744000144405759,ServiceNow,Chargé(e) de compte principal(e) — Grandes entreprises,"Montreal, QUEBEC, Canada",Sales,https://jobs.smartrecruiters.com/ServiceNow/744000144405759,2026-08-19T20:52:04.310Z,2026-08-19,2026-08-19T20:59:51+00:00,2026-08-19 13:59 Wed,,false,,,,false,smartrecruiters:ServiceNow:744000144405759
ServiceNow:744000144403549,ServiceNow,"Chargé(e) de compte principal(e), Grandes entreprises /Senior Enterprise Account Exec","Montreal, QUEBEC, Canada",Sales,https://jobs.smartrecruiters.com/ServiceNow/744000144403549,2026-08-19T20:32:59.004Z,2026-08-19,2026-08-19T20:42:05+00:00,2026-08-19 13:42 Wed,,false,,,,false,smartrecruiters:ServiceNow:744000144403549
ServiceNow:744000144399109,ServiceNow,Chercheur(euse) Scientifique Appliqué(e) Senior,"Montreal, QUEBEC, Canada","Engineering, Infrastructure and Operations",https://jobs.smartrecruiters.com/ServiceNow/744000144399109,2026-08-19T19:59:00.694Z,2026-08-19,2026-08-19T20:07:23+00:00,2026-08-19 13:07 Wed,,false,,,,false,smartrecruiters:ServiceNow:744000144399109
ServiceNow:744000143997169,ServiceNow,Chief of Staff (to President APAC Sales),"Singapore, , Singapore",Sales,https://jobs.smartrecruiters.com/ServiceNow/744000143997169,2026-08-18T07:15:37.032Z,2026-08-18,2026-08-18T07:41:45+00:00,2026-08-18 00:41 Tue,,false,,,,false,smartrecruiters:ServiceNow:744000143997169
ServiceNow:744000136113889,ServiceNow,"Chief of Staff to SVP and GM, Employee Experience & AI (Moveworks) ","Mountain View, CALIFORNIA, United States",Product,https://jobs.smartrecruiters.com/ServiceNow/744000136113889,2026-07-06T23:50:40.380Z,2026-07-06,2026-07-11T03:36:34+00:00,2026-07-10 20:36 Fri,,false,,,,false,smartrecruiters:ServiceNow:744000136113889
ServiceNow:744000144370049,ServiceNow,CIO Strategic Initiatives GTM Lead ,"Kirkland, Washington, United States",Sales,https://jobs.smartrecruiters.com/ServiceNow/744000144370049,2026-08-19T17:03:47.857Z,2026-08-19,2026-08-19T17:17:29+00:00,2026-08-19 10:17 Wed,,false,,,,false,smartrecruiters:ServiceNow:744000144370049
ServiceNow:744000116491508,ServiceNow,Client Director,"Milan, , Italy",Sales,https://jobs.smartrecruiters.com/ServiceNow/744000116491508,2026-03-24T20:31:57.093Z,2026-03-24,2026-07-11T03:36:34+00:00,2026-07-10 20:36 Fri,,false,,,,false,smartrecruiters:ServiceNow:744000116491508
ServiceNow:744000140201159,ServiceNow,Client Director - CPG ,"Staines, , United Kingdom",Sales,https://jobs.smartrecruiters.com/ServiceNow/744000140201159,2026-07-28T10:16:11.600Z,2026-07-28,2026-07-28T10:41:15+00:00,2026-07-28 03:41 Tue,,false,,,,false,smartrecruiters:ServiceNow:744000140201159
ServiceNow:744000136569599,ServiceNow,Client Director - Financial Services,"New York, New York, United States",Sales,https://jobs.smartrecruiters.com/ServiceNow/744000136569599,2026-07-08T21:48:30.728Z,2026-07-08,2026-07-11T03:36:34+00:00,2026-07-10 20:36 Fri,,false,,,,false,smartrecruiters:ServiceNow:744000136569599
ServiceNow:744000133452074,ServiceNow,Client Director - Strategic Tech,"San Diego, California, United States",Sales,https://jobs.smartrecruiters.com/ServiceNow/744000133452074,2026-06-22T20:49:54.295Z,2026-06-22,2026-07-11T03:36:34+00:00,2026-07-10 20:36 Fri,,false,,,,false,smartrecruiters:ServiceNow:744000133452074
ServiceNow:744000137825044,ServiceNow,Client Director HSBC ,"Staines, , United Kingdom",Sales,https://jobs.smartrecruiters.com/ServiceNow/744000137825044,2026-07-15T08:05:47.448Z,2026-07-15,2026-07-15T08:17:17+00:00,2026-07-15 01:17 Wed,,false,,,,false,smartrecruiters:ServiceNow:744000137825044
ServiceNow:744000143036922,ServiceNow,"Client Director, Manufacturing","Zurich, , Switzerland",Sales,https://jobs.smartrecruiters.com/ServiceNow/744000143036922,2026-08-12T07:09:46.561Z,2026-08-12,2026-08-12T07:17:29+00:00,2026-08-12 00:17 Wed,,false,,,,false,smartrecruiters:ServiceNow:744000143036922
ServiceNow:744000110830416,ServiceNow,"Commercial Account Executive, CEE","Wien, , Austria",Sales,https://jobs.smartrecruiters.com/ServiceNow/744000110830416,2026-02-23T17:59:31.087Z,2026-02-23,2026-07-11T03:36:34+00:00,2026-07-10 20:36 Fri,,false,,,,false,smartrecruiters:ServiceNow:744000110830416
ServiceNow:744000132659529,ServiceNow,Commercial Solution Sales Executive - Moveworks,"San Francisco, CALIFORNIA, United States",Sales,https://jobs.smartrecruiters.com/ServiceNow/744000132659529,2026-06-17T14:34:45.182Z,2026-06-17,2026-07-11T03:36:34+00:00,2026-07-10 20:36 Fri,,false,,,,false,smartrecruiters:ServiceNow:744000132659529
ServiceNow:744000137959845,ServiceNow,Commercial Solution Sales Executive - Moveworks,"San Francisco, CALIFORNIA, United States",Sales,https://jobs.smartrecruiters.com/ServiceNow/744000137959845,2026-07-15T18:32:44.228Z,2026-07-15,2026-07-15T18:42:06+00:00,2026-07-15 11:42 Wed,,false,,,,false,smartrecruiters:ServiceNow:744000137959845
ServiceNow:744000140324576,ServiceNow,Commercial Solution Sales Executive - Moveworks,"New York , NY, United States",Sales,https://jobs.smartrecruiters.com/ServiceNow/744000140324576,2026-07-28T19:15:32.466Z,2026-07-28,2026-07-28T19:41:49+00:00,2026-07-28 12:41 Tue,,false,,,,false,smartrecruiters:ServiceNow:744000140324576
ServiceNow:744000140955279,ServiceNow,"Copy of Dir, Alliances & Channels Ecosystem (Armis/Veza)","Boston , Massachusetts, United States",Sales,https://jobs.smartrecruiters.com/ServiceNow/744000140955279,2026-07-31T16:04:18.702Z,2026-07-31,2026-07-31T16:17:25+00:00,2026-07-31 09:17 Fri,,false,,,,false,smartrecruiters:ServiceNow:744000140955279
ServiceNow:744000137181029,ServiceNow,"Copy of Enterprise Account Exec, Commercial (Cybersecurity, Financial Services)","San Diego , California , United States",Sales,https://jobs.smartrecruiters.com/ServiceNow/744000137181029,2026-07-10T16:46:28.310Z,2026-07-10,2026-07-11T03:36:34+00:00,2026-07-10 20:36 Fri,,false,,,,false,smartrecruiters:ServiceNow:744000137181029
ServiceNow:744000144815574,ServiceNow,"Copy of Senior Manager, Americas Benefits","Orlando, Florida, United States",Human Resources,https://jobs.smartrecruiters.com/ServiceNow/744000144815574,2026-08-21T18:03:57.630Z,2026-08-21,2026-08-21T18:17:29+00:00,2026-08-21 11:17 Fri,,false,,,,false,smartrecruiters:ServiceNow:744000144815574
ServiceNow:744000141543109,ServiceNow,Copy of Senior Software Engineer,"San Diego, California, United States","Engineering, Infrastructure and Operations",https://jobs.smartrecruiters.com/ServiceNow/744000141543109,2026-08-04T16:33:18.245Z,2026-08-04,2026-08-04T16:42:14+00:00,2026-08-04 09:42 Tue,,false,,,,false,smartrecruiters:ServiceNow:744000141543109
ServiceNow:744000133461309,ServiceNow,Copy of Sr Customer Success Manager - Veza,"San Diego, California, United States",Customer Outcomes,https://jobs.smartrecruiters.com/ServiceNow/744000133461309,2026-06-22T21:55:16.641Z,2026-06-22,2026-07-11T03:36:34+00:00,2026-07-10 20:36 Fri,,false,,,,false,smartrecruiters:ServiceNow:744000133461309
ServiceNow:744000141782007,ServiceNow,"Creative Director, Campaigns","San Diego, CALIFORNIA, United States","Marketing, Communications, and Brand",https://jobs.smartrecruiters.com/ServiceNow/744000141782007,2026-08-05T19:06:02.228Z,2026-08-05,2026-08-05T19:17:49+00:00,2026-08-05 12:17 Wed,,false,,,,false,smartrecruiters:ServiceNow:744000141782007
ServiceNow:744000143915979,ServiceNow,"Creative Director, Campaigns","San Diego, CALIFORNIA, United States","Marketing, Communications, and Brand",https://jobs.smartrecruiters.com/ServiceNow/744000143915979,2026-08-17T19:27:21.419Z,2026-08-17,2026-08-17T19:41:42+00:00,2026-08-17 12:41 Mon,,false,,,,false,smartrecruiters:ServiceNow:744000143915979
ServiceNow:744000137186914,ServiceNow,"Creative Director, One Team (IT)","San Diego, CALIFORNIA, United States","Marketing, Communications, and Brand",https://jobs.smartrecruiters.com/ServiceNow/744000137186914,2026-07-10T17:24:12.765Z,2026-07-10,2026-07-11T03:36:34+00:00,2026-07-10 20:36 Fri,,false,,,,false,smartrecruiters:ServiceNow:744000137186914
ServiceNow:744000138981829,ServiceNow,Creative Services Mgr,"Singapore, Singapore, Singapore","Marketing, Communications, and Brand",https://jobs.smartrecruiters.com/ServiceNow/744000138981829,2026-07-22T01:59:27.165Z,2026-07-22,2026-07-22T02:17:15+00:00,2026-07-21 19:17 Tue,,false,,,,false,smartrecruiters:ServiceNow:744000138981829
ServiceNow:744000141707259,ServiceNow,CRM Account Executive - Manufacturing,"Munich, , Germany",Sales,https://jobs.smartrecruiters.com/ServiceNow/744000141707259,2026-08-05T12:20:32.042Z,2026-08-05,2026-08-05T12:31:17+00:00,2026-08-05 05:31 Wed,,false,,,,false,smartrecruiters:ServiceNow:744000141707259
ServiceNow:744000125794551,ServiceNow,CRM Architect,"Issy Les Moulineaux, PARIS, France",Customer Outcomes,https://jobs.smartrecruiters.com/ServiceNow/744000125794551,2026-05-11T09:42:42.352Z,2026-05-11,2026-07-11T03:36:34+00:00,2026-07-10 20:36 Fri,,false,,,,false,smartrecruiters:ServiceNow:744000125794551
ServiceNow:744000128858939,ServiceNow,"CRM Sr Advisory Solution Consultant, Hong Kong","Causeway Bay, , Hong Kong",Sales,https://jobs.smartrecruiters.com/ServiceNow/744000128858939,2026-05-28T05:15:19.003Z,2026-05-28,2026-07-11T03:36:34+00:00,2026-07-10 20:36 Fri,,false,,,,false,smartrecruiters:ServiceNow:744000128858939
ServiceNow:744000134691089,ServiceNow,Customer Success Executive,"Melbourne, Victoria, Australia",Customer Excellence Geo HQ,https://jobs.smartrecruiters.com/ServiceNow/744000134691089,2026-06-29T03:56:09.198Z,2026-06-29,2026-07-11T03:36:34+00:00,2026-07-10 20:36 Fri,,false,,,,false,smartrecruiters:ServiceNow:744000134691089
ServiceNow:744000134695159,ServiceNow,Customer Success Executive,"Sydney, NSW, Australia",Customer Excellence Geo HQ,https://jobs.smartrecruiters.com/ServiceNow/744000134695159,2026-06-29T05:02:33.131Z,2026-06-29,2026-07-11T03:36:34+00:00,2026-07-10 20:36 Fri,,false,,,,false,smartrecruiters:ServiceNow:744000134695159
ServiceNow:744000135543100,ServiceNow,Customer Success Executive,"Orlando, Florida , United States",Customer Outcomes,https://jobs.smartrecruiters.com/ServiceNow/744000135543100,2026-07-02T16:03:22.826Z,2026-07-02,2026-07-11T03:36:34+00:00,2026-07-10 20:36 Fri,,false,,,,false,smartrecruiters:ServiceNow:744000135543100
ServiceNow:744000136060184,ServiceNow,Customer Success Executive,"Denver, Colorado, United States",Customer Outcomes,https://jobs.smartrecruiters.com/ServiceNow/744000136060184,2026-07-06T16:46:24.039Z,2026-07-06,2026-07-11T03:36:34+00:00,2026-07-10 20:36 Fri,,false,,,,false,smartrecruiters:ServiceNow:744000136060184
ServiceNow:744000136092370,ServiceNow,Customer Success Executive,"Denver, Colorado, United States",Customer Outcomes,https://jobs.smartrecruiters.com/ServiceNow/744000136092370,2026-07-06T20:09:27.931Z,2026-07-06,2026-07-11T03:36:34+00:00,2026-07-10 20:36 Fri,,false,,,,false,smartrecruiters:ServiceNow:744000136092370
ServiceNow:744000136128729,ServiceNow,Customer Success Executive,"Tokyo, , Japan",Customer Outcomes,https://jobs.smartrecruiters.com/ServiceNow/744000136128729,2026-07-07T01:44:07.633Z,2026-07-07,2026-07-11T03:36:34+00:00,2026-07-10 20:36 Fri,,false,,,,false,smartrecruiters:ServiceNow:744000136128729
ServiceNow:744000137702539,ServiceNow,Customer Success Executive,"Orlando, Florida , United States",Customer Outcomes,https://jobs.smartrecruiters.com/ServiceNow/744000137702539,2026-07-14T15:56:50.309Z,2026-07-14,2026-07-14T16:07:10+00:00,2026-07-14 09:07 Tue,,false,,,,false,smartrecruiters:ServiceNow:744000137702539
ServiceNow:744000137849553,ServiceNow,Customer Success Executive,"Helsinki, , Finland",Customer Outcomes,https://jobs.smartrecruiters.com/ServiceNow/744000137849553,2026-07-15T10:06:54.595Z,2026-07-15,2026-07-15T10:17:31+00:00,2026-07-15 03:17 Wed,,false,,,,false,smartrecruiters:ServiceNow:744000137849553
ServiceNow:744000139330379,ServiceNow,Customer Success Executive,"Addison, Texas, United States",Customer Outcomes,https://jobs.smartrecruiters.com/ServiceNow/744000139330379,2026-07-23T16:41:04.781Z,2026-07-23,2026-07-23T16:59:38+00:00,2026-07-23 09:59 Thu,,false,,,,false,smartrecruiters:ServiceNow:744000139330379
ServiceNow:744000143409339,ServiceNow,Customer Success Executive,"Canberra, ACT, Australia",Professional Services,https://jobs.smartrecruiters.com/ServiceNow/744000143409339,2026-08-14T00:42:45.479Z,2026-08-14,2026-08-14T00:59:40+00:00,2026-08-13 17:59 Thu,,false,,,,false,smartrecruiters:ServiceNow:744000143409339
ServiceNow:744000126022639,ServiceNow,Customer Success Executive ,"Munich, , Germany",Customer Outcomes,https://jobs.smartrecruiters.com/ServiceNow/744000126022639,2026-05-12T08:31:47.500Z,2026-05-12,2026-07-11T03:36:34+00:00,2026-07-10 20:36 Fri,,false,,,,false,smartrecruiters:ServiceNow:744000126022639
ServiceNow:744000134258975,ServiceNow,Customer Success Executive ,"Amsterdam, , Netherlands",Customer Outcomes,https://jobs.smartrecruiters.com/ServiceNow/744000134258975,2026-06-25T12:57:21.574Z,2026-06-25,2026-07-11T03:36:34+00:00,2026-07-10 20:36 Fri,,false,,,,false,smartrecruiters:ServiceNow:744000134258975
ServiceNow:744000136843221,ServiceNow,Customer Success Executive ,"Milan, , Italy",Customer Outcomes,https://jobs.smartrecruiters.com/ServiceNow/744000136843221,2026-07-09T14:54:27.910Z,2026-07-09,2026-07-11T03:36:34+00:00,2026-07-10 20:36 Fri,,false,,,,false,smartrecruiters:ServiceNow:744000136843221
ServiceNow:744000137451290,ServiceNow,Customer Success Executive ,"Petah Tikva, , Israel",Customer Outcomes,https://jobs.smartrecruiters.com/ServiceNow/744000137451290,2026-07-13T12:58:13.515Z,2026-07-13,2026-07-13T13:17:07+00:00,2026-07-13 06:17 Mon,,false,,,,false,smartrecruiters:ServiceNow:744000137451290
ServiceNow:744000137457089,ServiceNow,Customer Success Executive ,"Johannesburg, , South Africa",Customer Outcomes,https://jobs.smartrecruiters.com/ServiceNow/744000137457089,2026-07-13T13:15:54.980Z,2026-07-13,2026-07-13T13:33:57+00:00,2026-07-13 06:33 Mon,,false,,,,false,smartrecruiters:ServiceNow:744000137457089
ServiceNow:744000139118101,ServiceNow,Customer Success Executive ,"Amsterdam, , Netherlands",Customer Outcomes,https://jobs.smartrecruiters.com/ServiceNow/744000139118101,2026-07-22T16:28:59.724Z,2026-07-22,2026-07-22T16:41:31+00:00,2026-07-22 09:41 Wed,,false,,,,false,smartrecruiters:ServiceNow:744000139118101
ServiceNow:744000141261650,ServiceNow,Customer Success Executive ,"Munich, , Germany",Customer Outcomes,https://jobs.smartrecruiters.com/ServiceNow/744000141261650,2026-08-03T13:15:46.156Z,2026-08-03,2026-08-03T13:42:11+00:00,2026-08-03 06:42 Mon,,false,,,,false,smartrecruiters:ServiceNow:744000141261650
ServiceNow:744000143250099,ServiceNow,Customer Success Executive ,"Dubai, , United Arab Emirates",Customer Outcomes,https://jobs.smartrecruiters.com/ServiceNow/744000143250099,2026-08-13T07:53:17.512Z,2026-08-13,2026-08-13T07:59:23+00:00,2026-08-13 00:59 Thu,,false,,,,false,smartrecruiters:ServiceNow:744000143250099
ServiceNow:744000137887410,ServiceNow,Customer Success Executive (Finnish-speaking),"Helsinki, , Finland",Customer Outcomes,https://jobs.smartrecruiters.com/ServiceNow/744000137887410,2026-07-15T12:56:17.233Z,2026-07-15,2026-07-15T13:05:46+00:00,2026-07-15 06:05 Wed,,false,,,,false,smartrecruiters:ServiceNow:744000137887410
ServiceNow:744000143467400,ServiceNow,Customer Success Executive (Finnish-speaking),"Helsinki, , Finland",Customer Outcomes,https://jobs.smartrecruiters.com/ServiceNow/744000143467400,2026-08-14T08:53:50.175Z,2026-08-14,2026-08-14T08:59:13+00:00,2026-08-14 01:59 Fri,,false,,,,false,smartrecruiters:ServiceNow:744000143467400
ServiceNow:744000126022149,ServiceNow,Customer Success Executive - German Speaking,"Wien, , Austria",Customer Outcomes,https://jobs.smartrecruiters.com/ServiceNow/744000126022149,2026-05-12T08:29:22.976Z,2026-05-12,2026-07-11T03:36:34+00:00,2026-07-10 20:36 Fri,,false,,,,false,smartrecruiters:ServiceNow:744000126022149
ServiceNow:744000123723448,ServiceNow,Customer Success Executive - Public Sector,"Staines, , United Kingdom",Customer Outcomes,https://jobs.smartrecruiters.com/ServiceNow/744000123723448,2026-04-29T15:16:40.353Z,2026-04-29,2026-07-11T03:36:34+00:00,2026-07-10 20:36 Fri,,false,,,,false,smartrecruiters:ServiceNow:744000123723448
ServiceNow:744000126251919,ServiceNow,"Customer Success Executive, Public Sector","Düsseldorf, , Germany",Customer Outcomes,https://jobs.smartrecruiters.com/ServiceNow/744000126251919,2026-05-13T08:28:13.834Z,2026-05-13,2026-07-11T03:36:34+00:00,2026-07-10 20:36 Fri,,false,,,,false,smartrecruiters:ServiceNow:744000126251919
ServiceNow:744000139919059,ServiceNow,"Customer Success Executive, Strategic Accounts","Mumbai, , India",Customer Excellence HQ,https://jobs.smartrecruiters.com/ServiceNow/744000139919059,2026-07-27T06:01:14.493Z,2026-07-27,2026-07-27T06:17:27+00:00,2026-07-26 23:17 Sun,,false,,,,false,smartrecruiters:ServiceNow:744000139919059
ServiceNow:744000134664359,ServiceNow,Customer Success Manager,"Tokyo, , Japan",Customer Outcomes,https://jobs.smartrecruiters.com/ServiceNow/744000134664359,2026-06-29T00:29:03.012Z,2026-06-29,2026-07-11T03:36:34+00:00,2026-07-10 20:36 Fri,,false,,,,false,smartrecruiters:ServiceNow:744000134664359
ServiceNow:744000137861789,ServiceNow,Customer Success Manager,"Bangalore, Karnataka, India",Support and Product Success,https://jobs.smartrecruiters.com/ServiceNow/744000137861789,2026-07-15T10:50:58.721Z,2026-07-15,2026-07-15T10:59:01+00:00,2026-07-15 03:59 Wed,,false,,,,false,smartrecruiters:ServiceNow:744000137861789
ServiceNow:744000143156559,ServiceNow,Customer Success Manager,"Orlando, Florida, United States",Customer Service and Support,https://jobs.smartrecruiters.com/ServiceNow/744000143156559,2026-08-12T17:42:27.230Z,2026-08-12,2026-08-12T17:59:46+00:00,2026-08-12 10:59 Wed,,false,,,,false,smartrecruiters:ServiceNow:744000143156559
ServiceNow:744000143363689,ServiceNow,Customer Success Manager ( Armis/Veza),"Orlando, Florida, United States",Customer Service and Support,https://jobs.smartrecruiters.com/ServiceNow/744000143363689,2026-08-13T17:00:53.043Z,2026-08-13,2026-08-13T17:14:12+00:00,2026-08-13 10:14 Thu,,false,,,,false,smartrecruiters:ServiceNow:744000143363689
ServiceNow:744000141768259,ServiceNow,Customer Success Manager - Moveworks,"Austin, TEXAS, United States",Customer Service,https://jobs.smartrecruiters.com/ServiceNow/744000141768259,2026-08-05T17:06:54.235Z,2026-08-05,2026-08-05T17:18:00+00:00,2026-08-05 10:18 Wed,,false,,,,false,smartrecruiters:ServiceNow:744000141768259
ServiceNow:744000141969389,ServiceNow,Customer Success Manager - Moveworks,"Austin, TEXAS, United States",Customer Service,https://jobs.smartrecruiters.com/ServiceNow/744000141969389,2026-08-06T16:59:08.526Z,2026-08-06,2026-08-06T17:35:45+00:00,2026-08-06 10:35 Thu,,false,,,,false,smartrecruiters:ServiceNow:744000141969389
ServiceNow:744000142208700,ServiceNow,Customer Success Manager - Moveworks,"Boston, Massachusetts, United States",Customer Service,https://jobs.smartrecruiters.com/ServiceNow/744000142208700,2026-08-07T19:59:01.757Z,2026-08-07,2026-08-07T20:15:53+00:00,2026-08-07 13:15 Fri,,false,,,,false,smartrecruiters:ServiceNow:744000142208700
ServiceNow:744000143361960,ServiceNow,Customer Success Manager - Moveworks,"San Diego, California, United States",Customer Service,https://jobs.smartrecruiters.com/ServiceNow/744000143361960,2026-08-13T16:51:49.829Z,2026-08-13,2026-08-13T16:59:49+00:00,2026-08-13 09:59 Thu,,false,,,,false,smartrecruiters:ServiceNow:744000143361960
ServiceNow:744000138950835,ServiceNow,"Customer Success Manager, Enterprise - Moveworks ","Santa Clara, CALIFORNIA, United States",Customer Service,https://jobs.smartrecruiters.com/ServiceNow/744000138950835,2026-07-21T19:58:52.385Z,2026-07-21,2026-07-21T20:17:41+00:00,2026-07-21 13:17 Tue,,false,,,,false,smartrecruiters:ServiceNow:744000138950835
ServiceNow:744000144588990,ServiceNow,"Customer Success Manager, Mid Market - Moveworks","Santa Clara, CALIFORNIA, United States",Customer Service,https://jobs.smartrecruiters.com/ServiceNow/744000144588990,2026-08-20T15:45:08.196Z,2026-08-20,2026-08-20T15:59:40+00:00,2026-08-20 08:59 Thu,,false,,,,false,smartrecruiters:ServiceNow:744000144588990
ServiceNow:744000137832564,ServiceNow,Data Analytics Mgr,"Tel Aviv, , Israel","Engineering, Infrastructure and Operations",https://jobs.smartrecruiters.com/ServiceNow/744000137832564,2026-07-15T08:43:23.418Z,2026-07-15,2026-07-15T08:59:02+00:00,2026-07-15 01:59 Wed,,false,,,,false,smartrecruiters:ServiceNow:744000137832564
ServiceNow:744000142783682,ServiceNow,Deployment Engineer (Armis),"Bangalore, Karnataka, India","Engineering, Infrastructure and Operations",https://jobs.smartrecruiters.com/ServiceNow/744000142783682,2026-08-11T04:02:46.431Z,2026-08-11,2026-08-11T04:09:37+00:00,2026-08-10 21:09 Mon,,false,,,,false,smartrecruiters:ServiceNow:744000142783682
ServiceNow:744000137494534,ServiceNow,Design Director- Core Brand,"San Diego, CALIFORNIA, United States",Marketing,https://jobs.smartrecruiters.com/ServiceNow/744000137494534,2026-07-13T15:49:33.496Z,2026-07-13,2026-07-13T15:59:13+00:00,2026-07-13 08:59 Mon,,false,,,,false,smartrecruiters:ServiceNow:744000137494534
ServiceNow:744000137725269,ServiceNow,Design Director- Core Brand,"San Diego, California, United States",Marketing,https://jobs.smartrecruiters.com/ServiceNow/744000137725269,2026-07-14T18:11:02.964Z,2026-07-14,2026-07-14T18:17:38+00:00,2026-07-14 11:17 Tue,,false,,,,false,smartrecruiters:ServiceNow:744000137725269
ServiceNow:744000136853878,ServiceNow,Design Director- Design Systems,"San Diego, CALIFORNIA, United States",Marketing,https://jobs.smartrecruiters.com/ServiceNow/744000136853878,2026-07-09T15:31:15.622Z,2026-07-09,2026-07-11T03:36:34+00:00,2026-07-10 20:36 Fri,,false,,,,false,smartrecruiters:ServiceNow:744000136853878
ServiceNow:744000140505081,ServiceNow,Design Director- Design Systems,"New York, New York, United States","Marketing, Communications, and Brand",https://jobs.smartrecruiters.com/ServiceNow/744000140505081,2026-07-29T16:09:26.231Z,2026-07-29,2026-07-29T16:17:55+00:00,2026-07-29 09:17 Wed,,false,,,,false,smartrecruiters:ServiceNow:744000140505081
ServiceNow:744000141527082,ServiceNow,Digital Customer Success Manager,"Mountain View, California, United States",Customer Outcomes,https://jobs.smartrecruiters.com/ServiceNow/744000141527082,2026-08-04T15:33:12.084Z,2026-08-04,2026-08-04T15:42:07+00:00,2026-08-04 08:42 Tue,,false,,,,false,smartrecruiters:ServiceNow:744000141527082
ServiceNow:744000144379209,ServiceNow,Digital Customer Success Program Manager,"Mountain View, California, United States",Customer Outcomes,https://jobs.smartrecruiters.com/ServiceNow/744000144379209,2026-08-19T18:07:11.340Z,2026-08-19,2026-08-19T18:17:51+00:00,2026-08-19 11:17 Wed,,false,,,,false,smartrecruiters:ServiceNow:744000144379209
ServiceNow:744000140952164,ServiceNow,"Dir, Alliances & Channels Ecosystem (Armis/Veza)","New York, NEW YORK, United States",Sales,https://jobs.smartrecruiters.com/ServiceNow/744000140952164,2026-07-31T16:03:11.930Z,2026-07-31,2026-07-31T16:17:25+00:00,2026-07-31 09:17 Fri,,false,,,,false,smartrecruiters:ServiceNow:744000140952164
ServiceNow:744000140963243,ServiceNow,"Dir, Alliances & Channels Ecosystem (Armis/Veza)","Boston , Massachusetts, United States",Sales,https://jobs.smartrecruiters.com/ServiceNow/744000140963243,2026-07-31T16:59:15.487Z,2026-07-31,2026-07-31T17:04:47+00:00,2026-07-31 10:04 Fri,,false,,,,false,smartrecruiters:ServiceNow:744000140963243
ServiceNow:744000140963599,ServiceNow,"Dir, Alliances & Channels Ecosystem (Armis/Veza)","Dallas, Texas, United States",Sales,https://jobs.smartrecruiters.com/ServiceNow/744000140963599,2026-07-31T16:59:44.232Z,2026-07-31,2026-07-31T17:04:47+00:00,2026-07-31 10:04 Fri,,false,,,,false,smartrecruiters:ServiceNow:744000140963599
ServiceNow:744000140962480,ServiceNow,"Dir, Alliances & Channels Ecosystem (Armis/Veza)","San Francisco, California, United States",Sales,https://jobs.smartrecruiters.com/ServiceNow/744000140962480,2026-07-31T17:00:35.413Z,2026-07-31,2026-07-31T17:17:33+00:00,2026-07-31 10:17 Fri,,false,,,,false,smartrecruiters:ServiceNow:744000140962480
ServiceNow:744000140963870,ServiceNow,"Dir, Alliances & Channels Ecosystem (Armis/Veza)","Chicago , Illinois , United States",Sales,https://jobs.smartrecruiters.com/ServiceNow/744000140963870,2026-07-31T17:01:12.705Z,2026-07-31,2026-07-31T17:17:33+00:00,2026-07-31 10:17 Fri,,false,,,,false,smartrecruiters:ServiceNow:744000140963870
ServiceNow:744000142891440,ServiceNow,"Dir, Alliances & Channels Ecosystem (Armis/Veza)","Chicago , Illinois, United States",Sales,https://jobs.smartrecruiters.com/ServiceNow/744000142891440,2026-08-11T14:38:30.924Z,2026-08-11,2026-08-11T15:00:02+00:00,2026-08-11 08:00 Tue,,false,,,,false,smartrecruiters:ServiceNow:744000142891440
ServiceNow:744000144612699,ServiceNow,"Dir, Customer Success Operations (Armis/Veza)","New York, NEW YORK, United States",Sales,https://jobs.smartrecruiters.com/ServiceNow/744000144612699,2026-08-20T18:11:54.527Z,2026-08-20,2026-08-20T18:17:47+00:00,2026-08-20 11:17 Thu,,false,,,,false,smartrecruiters:ServiceNow:744000144612699
ServiceNow:744000137703157,ServiceNow,"Dir, Expert Services  Mgmt","Toronto, Ontario, Canada",Customer Outcomes,https://jobs.smartrecruiters.com/ServiceNow/744000137703157,2026-07-14T16:03:49.064Z,2026-07-14,2026-07-14T16:17:25+00:00,2026-07-14 09:17 Tue,,false,,,,false,smartrecruiters:ServiceNow:744000137703157
ServiceNow:744000137369864,ServiceNow,"Dir, Machine Learning Engrg Mgmt","Hyderabad, , India","Engineering, Infrastructure and Operations",https://jobs.smartrecruiters.com/ServiceNow/744000137369864,2026-07-13T06:20:16.310Z,2026-07-13,2026-07-13T06:40:48+00:00,2026-07-12 23:40 Sun,,false,,,,false,smartrecruiters:ServiceNow:744000137369864
ServiceNow:744000137812853,ServiceNow,"Dir, Machine Learning Engrg Mgmt","Hyderabad, , India","Engineering, Infrastructure and Operations",https://jobs.smartrecruiters.com/ServiceNow/744000137812853,2026-07-15T06:56:12.057Z,2026-07-15,2026-07-15T07:17:23+00:00,2026-07-15 00:17 Wed,,false,,,,false,smartrecruiters:ServiceNow:744000137812853
ServiceNow:744000142726497,ServiceNow,"Dir, Sales Operations Mgmt","New York, NEW YORK, United States",Sales,https://jobs.smartrecruiters.com/ServiceNow/744000142726497,2026-08-10T19:54:44.026Z,2026-08-10,2026-08-10T20:17:55+00:00,2026-08-10 13:17 Mon,,false,,,,false,smartrecruiters:ServiceNow:744000142726497
ServiceNow:744000141294606,ServiceNow,"Dir, Sales, Canada (Armis) ","Toronto, Ontario, Canada",Sales,https://jobs.smartrecruiters.com/ServiceNow/744000141294606,2026-08-03T15:25:43.861Z,2026-08-03,2026-08-03T15:34:11+00:00,2026-08-03 08:34 Mon,,false,,,,false,smartrecruiters:ServiceNow:744000141294606
ServiceNow:744000143856329,ServiceNow,"Dir, Sales, Canada (Armis) ","Toronto, Ontario, Canada",Sales,https://jobs.smartrecruiters.com/ServiceNow/744000143856329,2026-08-17T14:35:53.423Z,2026-08-17,2026-08-17T14:41:37+00:00,2026-08-17 07:41 Mon,,false,,,,false,smartrecruiters:ServiceNow:744000143856329
ServiceNow:744000137208419,ServiceNow,"Dir, Sales, Cybersecurity (Canada) ","Toronto, Ontario, Canada",Sales,https://jobs.smartrecruiters.com/ServiceNow/744000137208419,2026-07-10T19:57:59.577Z,2026-07-10,2026-07-11T03:36:34+00:00,2026-07-10 20:36 Fri,,false,,,,false,smartrecruiters:ServiceNow:744000137208419
ServiceNow:744000138713159,ServiceNow,"Dir, Sales, Cybersecurity (Canada) ","Toronto, Ontario, Canada",Sales,https://jobs.smartrecruiters.com/ServiceNow/744000138713159,2026-07-20T18:42:47.713Z,2026-07-20,2026-07-20T18:59:37+00:00,2026-07-20 11:59 Mon,,false,,,,false,smartrecruiters:ServiceNow:744000138713159
ServiceNow:744000144394579,ServiceNow,"Dir, Sales, Cybersecurity Canada (Armis) ","Toronto, Ontario, Canada",Sales,https://jobs.smartrecruiters.com/ServiceNow/744000144394579,2026-08-19T19:26:24.874Z,2026-08-19,2026-08-19T19:39:52+00:00,2026-08-19 12:39 Wed,,false,,,,false,smartrecruiters:ServiceNow:744000144394579
ServiceNow:744000136301199,ServiceNow,"Dir, Software Engineering Management, Platform - Veza","Santa Clara, CALIFORNIA, United States","Engineering, Infrastructure and Operations",https://jobs.smartrecruiters.com/ServiceNow/744000136301199,2026-07-07T18:05:21.056Z,2026-07-07,2026-07-11T03:36:34+00:00,2026-07-10 20:36 Fri,,false,,,,false,smartrecruiters:ServiceNow:744000136301199
ServiceNow:744000142192399,ServiceNow,"Dir, Solution Consulting","New York, NEW YORK, United States",Sales,https://jobs.smartrecruiters.com/ServiceNow/744000142192399,2026-08-07T17:48:47.040Z,2026-08-07,2026-08-07T17:59:49+00:00,2026-08-07 10:59 Fri,,false,,,,false,smartrecruiters:ServiceNow:744000142192399
ServiceNow:744000142691299,ServiceNow,Director - Database Performance Engineering,"Santa Clara, CALIFORNIA, United States","Engineering, Infrastructure and Operations",https://jobs.smartrecruiters.com/ServiceNow/744000142691299,2026-08-10T16:15:04.921Z,2026-08-10,2026-08-10T16:31:56+00:00,2026-08-10 09:31 Mon,,false,,,,false,smartrecruiters:ServiceNow:744000142691299
ServiceNow:744000142969404,ServiceNow,Director - GSI Partners North America (Armis/Veza),"Chicago , Illinois , United States",Sales,https://jobs.smartrecruiters.com/ServiceNow/744000142969404,2026-08-11T20:06:36.491Z,2026-08-11,2026-08-11T20:17:36+00:00,2026-08-11 13:17 Tue,,false,,,,false,smartrecruiters:ServiceNow:744000142969404
ServiceNow:744000142969420,ServiceNow,Director - GSI Partners North America (Armis/Veza),"San Francisco , California, United States",Sales,https://jobs.smartrecruiters.com/ServiceNow/744000142969420,2026-08-11T20:05:42.803Z,2026-08-11,2026-08-11T20:17:36+00:00,2026-08-11 13:17 Tue,,false,,,,false,smartrecruiters:ServiceNow:744000142969420
ServiceNow:744000142969739,ServiceNow,Director - GSI Partners North America (Armis/Veza),"New York, NEW YORK, United States",Sales,https://jobs.smartrecruiters.com/ServiceNow/744000142969739,2026-08-11T20:03:03.721Z,2026-08-11,2026-08-11T20:17:36+00:00,2026-08-11 13:17 Tue,,false,,,,false,smartrecruiters:ServiceNow:744000142969739
ServiceNow:744000142969788,ServiceNow,Director - GSI Partners North America (Armis/Veza),"Boston, Massachusetts, United States",Sales,https://jobs.smartrecruiters.com/ServiceNow/744000142969788,2026-08-11T20:04:00.913Z,2026-08-11,2026-08-11T20:17:36+00:00,2026-08-11 13:17 Tue,,false,,,,false,smartrecruiters:ServiceNow:744000142969788
ServiceNow:744000142969939,ServiceNow,Director - GSI Partners North America (Armis/Veza),"Dallas, Texas, United States",Sales,https://jobs.smartrecruiters.com/ServiceNow/744000142969939,2026-08-11T20:04:54.719Z,2026-08-11,2026-08-11T20:17:36+00:00,2026-08-11 13:17 Tue,,false,,,,false,smartrecruiters:ServiceNow:744000142969939
ServiceNow:744000138920129,ServiceNow,Director C&I Partner Manager - Deloitte Governance and Risk,"San Francisco Bay, California, United States",Sales,https://jobs.smartrecruiters.com/ServiceNow/744000138920129,2026-07-21T16:45:06.783Z,2026-07-21,2026-07-21T16:59:51+00:00,2026-07-21 09:59 Tue,,false,,,,false,smartrecruiters:ServiceNow:744000138920129
ServiceNow:744000140785689,ServiceNow,Director of Engineering - AI Control Tower,"Santa Clara, California, United States","Engineering, Infrastructure and Operations",https://jobs.smartrecruiters.com/ServiceNow/744000140785689,2026-07-30T22:48:25.886Z,2026-07-30,2026-07-30T22:59:43+00:00,2026-07-30 15:59 Thu,,false,,,,false,smartrecruiters:ServiceNow:744000140785689
ServiceNow:744000139066749,ServiceNow,Director of Portfolio Storytelling,"Santa Clara, California, United States",Marketing,https://jobs.smartrecruiters.com/ServiceNow/744000139066749,2026-07-22T12:35:05.463Z,2026-07-22,2026-07-22T12:41:44+00:00,2026-07-22 05:41 Wed,,false,,,,false,smartrecruiters:ServiceNow:744000139066749
ServiceNow:744000133998879,ServiceNow,Director of Product Management - Data & AI Platform Security ,"Santa Clara, California, United States",Product,https://jobs.smartrecruiters.com/ServiceNow/744000133998879,2026-06-24T16:53:59.510Z,2026-06-24,2026-07-11T03:36:34+00:00,2026-07-10 20:36 Fri,,false,,,,false,smartrecruiters:ServiceNow:744000133998879
ServiceNow:744000141576526,ServiceNow,Director Software Engineering Management,"Toronto, Ontario, Canada","Engineering, Infrastructure and Operations",https://jobs.smartrecruiters.com/ServiceNow/744000141576526,2026-08-04T20:24:35.719Z,2026-08-04,2026-08-04T20:42:04+00:00,2026-08-04 13:42 Tue,,false,,,,false,smartrecruiters:ServiceNow:744000141576526
ServiceNow:744000138933684,ServiceNow,"Director,  Strategic Initiatives ","Dallas, Texas , United States",Customer Outcomes,https://jobs.smartrecruiters.com/ServiceNow/744000138933684,2026-07-21T18:24:12.807Z,2026-07-21,2026-07-21T18:41:53+00:00,2026-07-21 11:41 Tue,,false,,,,false,smartrecruiters:ServiceNow:744000138933684
ServiceNow:744000139129499,ServiceNow,"Director, AI for Operations","San Diego, California, United States",Strategy/Planning,https://jobs.smartrecruiters.com/ServiceNow/744000139129499,2026-07-22T17:35:10.989Z,2026-07-22,2026-07-22T17:41:40+00:00,2026-07-22 10:41 Wed,,false,,,,false,smartrecruiters:ServiceNow:744000139129499
ServiceNow:744000141816609,ServiceNow,"Director, AI Strategy and Program Management","San Diego, California, United States",Product,https://jobs.smartrecruiters.com/ServiceNow/744000141816609,2026-08-06T00:49:51.702Z,2026-08-06,2026-08-06T00:59:36+00:00,2026-08-05 17:59 Wed,,false,,,,false,smartrecruiters:ServiceNow:744000141816609
ServiceNow:744000135058975,ServiceNow,"Director, AMS Strategic Customer Engagements, Public Sector - Elevate","Vienna, VIRGINIA, United States",Sales,https://jobs.smartrecruiters.com/ServiceNow/744000135058975,2026-06-30T15:37:03.448Z,2026-06-30,2026-07-11T03:36:34+00:00,2026-07-10 20:36 Fri,,false,,,,false,smartrecruiters:ServiceNow:744000135058975
ServiceNow:744000134319589,ServiceNow,"Director, APEX Integration Deal Lead","Santa Clara, California, United States",Product,https://jobs.smartrecruiters.com/ServiceNow/744000134319589,2026-06-25T17:54:41.871Z,2026-06-25,2026-07-11T03:36:34+00:00,2026-07-10 20:36 Fri,,false,,,,false,smartrecruiters:ServiceNow:744000134319589
ServiceNow:744000130575766,ServiceNow,"Director, APEX M&A Operations","Santa Clara, California , United States",Product,https://jobs.smartrecruiters.com/ServiceNow/744000130575766,2026-06-05T18:45:40.184Z,2026-06-05,2026-07-11T03:36:34+00:00,2026-07-10 20:36 Fri,,false,,,,false,smartrecruiters:ServiceNow:744000130575766
ServiceNow:744000136875629,ServiceNow,"Director, C&I GTM Strategy - ServiceNow","Philadelphia, Pennsylvania, United States",Sales,https://jobs.smartrecruiters.com/ServiceNow/744000136875629,2026-07-09T17:35:01.453Z,2026-07-09,2026-07-11T03:36:34+00:00,2026-07-10 20:36 Fri,,false,,,,false,smartrecruiters:ServiceNow:744000136875629
ServiceNow:744000124187109,ServiceNow,"Director, Compensation Business Partner — Sales","San Diego, CALIFORNIA, United States",Human Resources,https://jobs.smartrecruiters.com/ServiceNow/744000124187109,2026-05-01T21:03:49.374Z,2026-05-01,2026-07-11T03:36:34+00:00,2026-07-10 20:36 Fri,,false,,,,false,smartrecruiters:ServiceNow:744000124187109
ServiceNow:744000141778109,ServiceNow,"Director, Data Strategy & Services ","Santa Clara, California , United States","Marketing, Communications, and Brand",https://jobs.smartrecruiters.com/ServiceNow/744000141778109,2026-08-05T18:27:43.917Z,2026-08-05,2026-08-05T18:41:57+00:00,2026-08-05 11:41 Wed,,false,,,,false,smartrecruiters:ServiceNow:744000141778109
ServiceNow:744000142944238,ServiceNow,"Director, Data Strategy & Services ","Santa Clara, California , United States","Marketing, Communications, and Brand",https://jobs.smartrecruiters.com/ServiceNow/744000142944238,2026-08-11T17:43:53.799Z,2026-08-11,2026-08-11T17:59:53+00:00,2026-08-11 10:59 Tue,,false,,,,false,smartrecruiters:ServiceNow:744000142944238
ServiceNow:744000140953959,ServiceNow,"Director, Enterprise Sales - Strategic Payer - North East","New York, New York, United States",Sales,https://jobs.smartrecruiters.com/ServiceNow/744000140953959,2026-07-31T15:58:51.319Z,2026-07-31,2026-07-31T16:17:25+00:00,2026-07-31 09:17 Fri,,false,,,,false,smartrecruiters:ServiceNow:744000140953959
ServiceNow:744000136371719,ServiceNow,"Director, Enterprise Sales - Strategic Retail ","San Diego, California , United States",Sales,https://jobs.smartrecruiters.com/ServiceNow/744000136371719,2026-07-08T02:20:11.078Z,2026-07-08,2026-07-11T03:36:34+00:00,2026-07-10 20:36 Fri,,false,,,,false,smartrecruiters:ServiceNow:744000136371719
ServiceNow:744000142914822,ServiceNow,"Director, Enterprise Sales - Strategic Retail ","San Diego, California , United States",Sales,https://jobs.smartrecruiters.com/ServiceNow/744000142914822,2026-08-11T15:40:09.468Z,2026-08-11,2026-08-11T15:59:28+00:00,2026-08-11 08:59 Tue,,false,,,,false,smartrecruiters:ServiceNow:744000142914822
ServiceNow:744000141979700,ServiceNow,"Director, Enterprise Solution Consultant","Atlanta, Georgia, United States",Consulting,https://jobs.smartrecruiters.com/ServiceNow/744000141979700,2026-08-06T18:21:51.147Z,2026-08-06,2026-08-06T19:26:51+00:00,2026-08-06 12:26 Thu,,false,,,,false,smartrecruiters:ServiceNow:744000141979700
ServiceNow:744000141981539,ServiceNow,"Director, Enterprise Solution Consultant","Addison, Texas, United States",Consulting,https://jobs.smartrecruiters.com/ServiceNow/744000141981539,2026-08-06T18:23:04.339Z,2026-08-06,2026-08-06T19:26:51+00:00,2026-08-06 12:26 Thu,,false,,,,false,smartrecruiters:ServiceNow:744000141981539
ServiceNow:744000141982009,ServiceNow,"Director, Enterprise Solution Consultant","Chicago, ILLINOIS, United States",Consulting,https://jobs.smartrecruiters.com/ServiceNow/744000141982009,2026-08-06T18:25:06.004Z,2026-08-06,2026-08-06T19:26:51+00:00,2026-08-06 12:26 Thu,,false,,,,false,smartrecruiters:ServiceNow:744000141982009
ServiceNow:744000143391319,ServiceNow,"Director, Global 360 Lead - East Coast ","New York, New York, United States",Customer Outcomes,https://jobs.smartrecruiters.com/ServiceNow/744000143391319,2026-08-13T20:35:51.765Z,2026-08-13,2026-08-13T20:41:47+00:00,2026-08-13 13:41 Thu,,false,,,,false,smartrecruiters:ServiceNow:744000143391319
ServiceNow:744000141545379,ServiceNow,"Director, Global Employment Law","Santa Clara, California, United States",Legal,https://jobs.smartrecruiters.com/ServiceNow/744000141545379,2026-08-04T16:49:40.279Z,2026-08-04,2026-08-04T16:59:26+00:00,2026-08-04 09:59 Tue,,false,,,,false,smartrecruiters:ServiceNow:744000141545379
ServiceNow:744000138195529,ServiceNow,"Director, Global Partner Leader - Wipro","Philadelphia, Pennsylvania, United States",Sales,https://jobs.smartrecruiters.com/ServiceNow/744000138195529,2026-07-16T20:51:17.029Z,2026-07-16,2026-07-16T20:59:42+00:00,2026-07-16 13:59 Thu,,false,,,,false,smartrecruiters:ServiceNow:744000138195529
ServiceNow:744000135542804,ServiceNow,"Director, Industry Marketing - Defense","Vienna, VIRGINIA, United States","Marketing, Communications, and Brand",https://jobs.smartrecruiters.com/ServiceNow/744000135542804,2026-07-02T15:57:38.511Z,2026-07-02,2026-07-11T03:36:34+00:00,2026-07-10 20:36 Fri,,false,,,,false,smartrecruiters:ServiceNow:744000135542804
ServiceNow:744000142134750,ServiceNow,"Director, Industry Marketing - Insurance ","Chicago, ILLINOIS, United States","Marketing, Communications, and Brand",https://jobs.smartrecruiters.com/ServiceNow/744000142134750,2026-08-07T13:22:23.845Z,2026-08-07,2026-08-07T13:41:24+00:00,2026-08-07 06:41 Fri,,false,,,,false,smartrecruiters:ServiceNow:744000142134750
ServiceNow:744000135339269,ServiceNow,"Director, Industry Marketing - Telecommunications","Austin, TEXAS, United States","Marketing, Communications, and Brand",https://jobs.smartrecruiters.com/ServiceNow/744000135339269,2026-07-01T19:33:48.146Z,2026-07-01,2026-07-11T03:36:34+00:00,2026-07-10 20:36 Fri,,false,,,,false,smartrecruiters:ServiceNow:744000135339269
ServiceNow:744000136106549,ServiceNow,"Director, Industry Marketing- Life Sciences","New York, NEW YORK, United States",Marketing,https://jobs.smartrecruiters.com/ServiceNow/744000136106549,2026-07-06T22:02:21.136Z,2026-07-06,2026-07-11T03:36:34+00:00,2026-07-10 20:36 Fri,,false,,,,false,smartrecruiters:ServiceNow:744000136106549
ServiceNow:744000144802369,ServiceNow,"Director, Industry Marketing- Life Sciences","Austin, Texas, United States","Marketing, Communications, and Brand",https://jobs.smartrecruiters.com/ServiceNow/744000144802369,2026-08-21T16:08:20.905Z,2026-08-21,2026-08-21T16:17:22+00:00,2026-08-21 09:17 Fri,,false,,,,false,smartrecruiters:ServiceNow:744000144802369
ServiceNow:744000138694861,ServiceNow,"Director, Life Sciences GTM, Pharma","Raleigh, North Carolina, United States",Sales,https://jobs.smartrecruiters.com/ServiceNow/744000138694861,2026-07-20T16:54:34.864Z,2026-07-20,2026-07-20T17:17:26+00:00,2026-07-20 10:17 Mon,,false,,,,false,smartrecruiters:ServiceNow:744000138694861
ServiceNow:744000138406149,ServiceNow,"Director, Mobile Platform Engineering ","West Palm Beach, Florida, United States",Product,https://jobs.smartrecruiters.com/ServiceNow/744000138406149,2026-07-17T20:19:53.196Z,2026-07-17,2026-07-17T20:35:32+00:00,2026-07-17 13:35 Fri,,false,,,,false,smartrecruiters:ServiceNow:744000138406149
ServiceNow:744000138413067,ServiceNow,"Director, Outbound Product Management","Austin, Texas, United States",Product,https://jobs.smartrecruiters.com/ServiceNow/744000138413067,2026-07-17T21:37:26.717Z,2026-07-17,2026-07-17T21:59:02+00:00,2026-07-17 14:59 Fri,,false,,,,false,smartrecruiters:ServiceNow:744000138413067
ServiceNow:744000140307189,ServiceNow,"Director, Platform Architect Mgmt","San Diego, California, United States",Customer Outcomes,https://jobs.smartrecruiters.com/ServiceNow/744000140307189,2026-07-28T17:20:12.869Z,2026-07-28,2026-07-28T17:41:30+00:00,2026-07-28 10:41 Tue,,false,,,,false,smartrecruiters:ServiceNow:744000140307189
ServiceNow:744000127468231,ServiceNow,"Director, Platform Architects - EMEA UK/Ire","Staines, , United Kingdom",Customer Outcomes,https://jobs.smartrecruiters.com/ServiceNow/744000127468231,2026-05-20T15:22:16.685Z,2026-05-20,2026-07-11T03:36:34+00:00,2026-07-10 20:36 Fri,,false,,,,false,smartrecruiters:ServiceNow:744000127468231
ServiceNow:744000138417871,ServiceNow,"Director, Product & Solutions Marketing -Autonomous IT & AI-Native Workflows ","San Diego, CALIFORNIA, United States","Marketing, Communications, and Brand",https://jobs.smartrecruiters.com/ServiceNow/744000138417871,2026-07-17T22:31:49.068Z,2026-07-17,2026-07-17T22:41:22+00:00,2026-07-17 15:41 Fri,,false,,,,false,smartrecruiters:ServiceNow:744000138417871
ServiceNow:744000140045289,ServiceNow,"Director, Product & Solutions Marketing -Autonomous IT & AI-Native Workflows ","San Diego, CALIFORNIA, United States","Marketing, Communications, and Brand",https://jobs.smartrecruiters.com/ServiceNow/744000140045289,2026-07-27T15:54:49.397Z,2026-07-27,2026-07-27T16:17:40+00:00,2026-07-27 09:17 Mon,,false,,,,false,smartrecruiters:ServiceNow:744000140045289
ServiceNow:744000143156960,ServiceNow,"Director, Product Innovation - Business Workflows","West Palm Beach, Florida, United States","Engineering, Infrastructure and Operations",https://jobs.smartrecruiters.com/ServiceNow/744000143156960,2026-08-12T17:53:17.445Z,2026-08-12,2026-08-12T17:59:46+00:00,2026-08-12 10:59 Wed,,false,,,,false,smartrecruiters:ServiceNow:744000143156960
ServiceNow:744000138900264,ServiceNow,"Director, Product Management- Action Fabric","Santa Clara, California, United States",Product,https://jobs.smartrecruiters.com/ServiceNow/744000138900264,2026-07-21T15:19:33.031Z,2026-07-21,2026-07-21T15:41:30+00:00,2026-07-21 08:41 Tue,,false,,,,false,smartrecruiters:ServiceNow:744000138900264
ServiceNow:744000138900345,ServiceNow,"Director, Product Management- Action Fabric","New York, New York, United States",Product,https://jobs.smartrecruiters.com/ServiceNow/744000138900345,2026-07-21T15:22:20.778Z,2026-07-21,2026-07-21T15:41:30+00:00,2026-07-21 08:41 Tue,,false,,,,false,smartrecruiters:ServiceNow:744000138900345
ServiceNow:744000138903399,ServiceNow,"Director, Product Management- AI Agent Products","Santa Clara, California, United States",Product,https://jobs.smartrecruiters.com/ServiceNow/744000138903399,2026-07-21T15:24:40.166Z,2026-07-21,2026-07-21T15:41:30+00:00,2026-07-21 08:41 Tue,,false,,,,false,smartrecruiters:ServiceNow:744000138903399
ServiceNow:744000138904409,ServiceNow,"Director, Product Management- AI Agent Products","New York, New York, United States",Product,https://jobs.smartrecruiters.com/ServiceNow/744000138904409,2026-07-21T15:29:12.850Z,2026-07-21,2026-07-21T15:41:30+00:00,2026-07-21 08:41 Tue,,false,,,,false,smartrecruiters:ServiceNow:744000138904409
ServiceNow:744000140792139,ServiceNow,"Director, Product Management- AI Agent Products","Santa Clara, California, United States",Product,https://jobs.smartrecruiters.com/ServiceNow/744000140792139,2026-07-31T00:44:04.638Z,2026-07-31,2026-07-31T00:59:30+00:00,2026-07-30 17:59 Thu,,false,,,,false,smartrecruiters:ServiceNow:744000140792139
ServiceNow:744000138206620,ServiceNow,"Director, Product Manager- Agentic AI Platform","Santa Clara, California, United States",Product,https://jobs.smartrecruiters.com/ServiceNow/744000138206620,2026-07-16T23:08:54.357Z,2026-07-16,2026-07-16T23:17:32+00:00,2026-07-16 16:17 Thu,,false,,,,false,smartrecruiters:ServiceNow:744000138206620
ServiceNow:744000138207349,ServiceNow,"Director, Product Manager- Agentic AI Platform","New York, New York, United States",Product,https://jobs.smartrecruiters.com/ServiceNow/744000138207349,2026-07-16T23:21:28.831Z,2026-07-16,2026-07-16T23:36:32+00:00,2026-07-16 16:36 Thu,,false,,,,false,smartrecruiters:ServiceNow:744000138207349
ServiceNow:744000138729990,ServiceNow,"Director, Product Manager- AI Agent Products","Santa Clara, California, United States",Product,https://jobs.smartrecruiters.com/ServiceNow/744000138729990,2026-07-20T21:15:12.006Z,2026-07-20,2026-07-20T21:41:23+00:00,2026-07-20 14:41 Mon,,false,,,,false,smartrecruiters:ServiceNow:744000138729990
ServiceNow:744000138731009,ServiceNow,"Director, Product Manager- AI Agent Products","New York, New York, United States",Product,https://jobs.smartrecruiters.com/ServiceNow/744000138731009,2026-07-20T21:19:46.992Z,2026-07-20,2026-07-20T21:41:23+00:00,2026-07-20 14:41 Mon,,false,,,,false,smartrecruiters:ServiceNow:744000138731009
ServiceNow:744000134827009,ServiceNow,"Director, Product Strategy  EMEA Central  ","Munich, , Germany",Sales,https://jobs.smartrecruiters.com/ServiceNow/744000134827009,2026-06-29T15:29:50.495Z,2026-06-29,2026-07-11T03:36:34+00:00,2026-07-10 20:36 Fri,,false,,,,false,smartrecruiters:ServiceNow:744000134827009
ServiceNow:744000134744479,ServiceNow,"Director, Product Strategy EMEA South ","Issy Les Moulineaux, PARIS, France",Product,https://jobs.smartrecruiters.com/ServiceNow/744000134744479,2026-06-29T09:46:30.601Z,2026-06-29,2026-07-11T03:36:34+00:00,2026-07-10 20:36 Fri,,false,,,,false,smartrecruiters:ServiceNow:744000134744479
ServiceNow:744000136838855,ServiceNow,"Director, Risk GTM","Philadelphia, PENNSYLVANIA, United States",Consulting,https://jobs.smartrecruiters.com/ServiceNow/744000136838855,2026-07-09T14:41:33.048Z,2026-07-09,2026-07-11T03:36:34+00:00,2026-07-10 20:36 Fri,,false,,,,false,smartrecruiters:ServiceNow:744000136838855
ServiceNow:744000138683549,ServiceNow,"Director, Sales - Energy","Houston, Texas, United States",Sales,https://jobs.smartrecruiters.com/ServiceNow/744000138683549,2026-07-20T15:55:50.932Z,2026-07-20,2026-07-20T16:17:21+00:00,2026-07-20 09:17 Mon,,false,,,,false,smartrecruiters:ServiceNow:744000138683549
ServiceNow:744000139336402,ServiceNow,"Director, Sales - Energy","Dallas, Texas, United States",Sales,https://jobs.smartrecruiters.com/ServiceNow/744000139336402,2026-07-23T17:27:28.127Z,2026-07-23,2026-07-23T17:42:05+00:00,2026-07-23 10:42 Thu,,false,,,,false,smartrecruiters:ServiceNow:744000139336402
ServiceNow:744000143333939,ServiceNow,"Director, Sales - Manufacturing","Addison, Texas, United States",Sales,https://jobs.smartrecruiters.com/ServiceNow/744000143333939,2026-08-13T14:34:31.421Z,2026-08-13,2026-08-13T14:41:47+00:00,2026-08-13 07:41 Thu,,false,,,,false,smartrecruiters:ServiceNow:744000143333939
ServiceNow:744000110422167,ServiceNow,"Director, Sales - Public Services","Düsseldorf, , Germany",Sales,https://jobs.smartrecruiters.com/ServiceNow/744000110422167,2026-02-20T16:11:13.997Z,2026-02-20,2026-07-11T03:36:34+00:00,2026-07-10 20:36 Fri,,false,,,,false,smartrecruiters:ServiceNow:744000110422167
ServiceNow:744000141776351,ServiceNow,"Director, Search Engine Optimization & AI-Optimized Search","San Diego, CALIFORNIA, United States","Marketing, Communications, and Brand",https://jobs.smartrecruiters.com/ServiceNow/744000141776351,2026-08-05T18:35:03.984Z,2026-08-05,2026-08-05T18:41:57+00:00,2026-08-05 11:41 Wed,,false,,,,false,smartrecruiters:ServiceNow:744000141776351
ServiceNow:744000133685749,ServiceNow,"Director, SEC & ESG Reporting ","Santa Clara, CALIFORNIA, United States",Finance & Accounting,https://jobs.smartrecruiters.com/ServiceNow/744000133685749,2026-06-23T19:38:47.996Z,2026-06-23,2026-07-11T03:36:34+00:00,2026-07-10 20:36 Fri,,false,,,,false,smartrecruiters:ServiceNow:744000133685749
ServiceNow:744000144619929,ServiceNow,"Director, Security and Risk Services","Dallas , Texas, United States",Customer Outcomes,https://jobs.smartrecruiters.com/ServiceNow/744000144619929,2026-08-20T19:01:40.527Z,2026-08-20,2026-08-20T19:09:12+00:00,2026-08-20 12:09 Thu,,false,,,,false,smartrecruiters:ServiceNow:744000144619929
ServiceNow:744000144815439,ServiceNow,"Director, Security and Risk Services","Dallas , Texas, United States",Customer Outcomes,https://jobs.smartrecruiters.com/ServiceNow/744000144815439,2026-08-21T17:42:08.303Z,2026-08-21,2026-08-21T17:50:15+00:00,2026-08-21 10:50 Fri,,false,,,,false,smartrecruiters:ServiceNow:744000144815439
ServiceNow:744000141777970,ServiceNow,"Director, SEO & AEO","San Diego, CALIFORNIA, United States","Marketing, Communications, and Brand",https://jobs.smartrecruiters.com/ServiceNow/744000141777970,2026-08-05T18:40:48.357Z,2026-08-05,2026-08-05T18:48:36+00:00,2026-08-05 11:48 Wed,,false,,,,false,smartrecruiters:ServiceNow:744000141777970
ServiceNow:744000143389799,ServiceNow,"Director, SEO & AEO","San Diego, CALIFORNIA, United States","Marketing, Communications, and Brand",https://jobs.smartrecruiters.com/ServiceNow/744000143389799,2026-08-13T20:24:56.239Z,2026-08-13,2026-08-13T20:41:47+00:00,2026-08-13 13:41 Thu,,false,,,,false,smartrecruiters:ServiceNow:744000143389799
ServiceNow:744000144401804,ServiceNow,"Director, Software Engineering Management","Santa Clara, California, United States","Engineering, Infrastructure and Operations",https://jobs.smartrecruiters.com/ServiceNow/744000144401804,2026-08-19T20:22:14.668Z,2026-08-19,2026-08-19T20:42:05+00:00,2026-08-19 13:42 Wed,,false,,,,false,smartrecruiters:ServiceNow:744000144401804
ServiceNow:744000135118049,ServiceNow,"Director, Strategic Event Content Operations","Santa Clara, CALIFORNIA, United States","Marketing, Communications, and Brand",https://jobs.smartrecruiters.com/ServiceNow/744000135118049,2026-06-30T22:27:41.427Z,2026-06-30,2026-07-11T03:36:34+00:00,2026-07-10 20:36 Fri,,false,,,,false,smartrecruiters:ServiceNow:744000135118049
ServiceNow:744000137206440,ServiceNow,"Director, Technical Program Management","San Diego, California, United States",Product,https://jobs.smartrecruiters.com/ServiceNow/744000137206440,2026-07-10T19:42:00.008Z,2026-07-10,2026-07-11T03:36:34+00:00,2026-07-10 20:36 Fri,,false,,,,false,smartrecruiters:ServiceNow:744000137206440
ServiceNow:744000142699744,ServiceNow,"Director, US International Tax","Santa Clara, CALIFORNIA, United States",Finance & Accounting,https://jobs.smartrecruiters.com/ServiceNow/744000142699744,2026-08-10T17:18:05.529Z,2026-08-10,2026-08-10T17:36:08+00:00,2026-08-10 10:36 Mon,,false,,,,false,smartrecruiters:ServiceNow:744000142699744
ServiceNow:744000135509229,ServiceNow,EMEA Senior Tax Analyst ,"Dublin, , Ireland",Finance & Accounting,https://jobs.smartrecruiters.com/ServiceNow/744000135509229,2026-07-02T13:45:50.844Z,2026-07-02,2026-07-11T03:36:34+00:00,2026-07-10 20:36 Fri,,false,,,,false,smartrecruiters:ServiceNow:744000135509229
ServiceNow:744000138314839,ServiceNow,EMEA Senior Tax Analyst ,"Dublin, , Ireland",Finance & Accounting,https://jobs.smartrecruiters.com/ServiceNow/744000138314839,2026-07-17T12:06:37.627Z,2026-07-17,2026-07-17T12:17:14+00:00,2026-07-17 05:17 Fri,,false,,,,false,smartrecruiters:ServiceNow:744000138314839
ServiceNow:744000138803564,ServiceNow,EMEA Strategic Engagements Director ,"Issy Les Moulineaux, PARIS, France",Corporate Development & Strategy,https://jobs.smartrecruiters.com/ServiceNow/744000138803564,2026-07-21T08:18:49.097Z,2026-07-21,2026-07-21T08:41:21+00:00,2026-07-21 01:41 Tue,,false,,,,false,smartrecruiters:ServiceNow:744000138803564
ServiceNow:744000140682959,ServiceNow,EMEA Strategic Engagements Director ,"Issy Les Moulineaux, PARIS, France",Corporate Development & Strategy,https://jobs.smartrecruiters.com/ServiceNow/744000140682959,2026-07-30T12:51:49.898Z,2026-07-30,2026-07-30T12:59:15+00:00,2026-07-30 05:59 Thu,,false,,,,false,smartrecruiters:ServiceNow:744000140682959
ServiceNow:744000139612520,ServiceNow,"EMEA, Business Strategy Director","Staines, , United Kingdom",Sales,https://jobs.smartrecruiters.com/ServiceNow/744000139612520,2026-07-24T13:59:48.970Z,2026-07-24,2026-07-24T14:10:32+00:00,2026-07-24 07:10 Fri,,false,,,,false,smartrecruiters:ServiceNow:744000139612520
ServiceNow:744000139615439,ServiceNow,"EMEA, Business Strategy Director","Issy Les Moulineaux, PARIS, France",Sales,https://jobs.smartrecruiters.com/ServiceNow/744000139615439,2026-07-24T14:02:27.335Z,2026-07-24,2026-07-24T14:10:32+00:00,2026-07-24 07:10 Fri,,false,,,,false,smartrecruiters:ServiceNow:744000139615439
ServiceNow:744000141942384,ServiceNow,"EMEA, Business Strategy Director","Issy Les Moulineaux, PARIS, France",Sales,https://jobs.smartrecruiters.com/ServiceNow/744000141942384,2026-08-06T15:04:21.160Z,2026-08-06,2026-08-06T15:42:32+00:00,2026-08-06 08:42 Thu,,false,,,,false,smartrecruiters:ServiceNow:744000141942384
ServiceNow:744000138859985,ServiceNow,Enterprise Account  Executive - GCC,"Bangalore, Karnataka, India",Sales,https://jobs.smartrecruiters.com/ServiceNow/744000138859985,2026-07-21T12:38:50.624Z,2026-07-21,2026-07-21T12:59:40+00:00,2026-07-21 05:59 Tue,,false,,,,false,smartrecruiters:ServiceNow:744000138859985
ServiceNow:744000131826619,ServiceNow,Enterprise Account Exec,"Tokyo, , Japan",Sales,https://jobs.smartrecruiters.com/ServiceNow/744000131826619,2026-06-12T07:07:10.855Z,2026-06-12,2026-07-11T03:36:34+00:00,2026-07-10 20:36 Fri,,false,,,,false,smartrecruiters:ServiceNow:744000131826619
ServiceNow:744000136077169,ServiceNow,Enterprise Account Exec,"Philadelphia, PENNSYLVANIA, United States",Sales,https://jobs.smartrecruiters.com/ServiceNow/744000136077169,2026-07-06T18:10:01.566Z,2026-07-06,2026-07-11T03:36:34+00:00,2026-07-10 20:36 Fri,,false,,,,false,smartrecruiters:ServiceNow:744000136077169
ServiceNow:744000140843399,ServiceNow,Enterprise Account Exec,"Milan, , Italy",Sales,https://jobs.smartrecruiters.com/ServiceNow/744000140843399,2026-07-31T07:49:37.816Z,2026-07-31,2026-07-31T07:59:16+00:00,2026-07-31 00:59 Fri,,false,,,,false,smartrecruiters:ServiceNow:744000140843399
ServiceNow:744000142218329,ServiceNow,Enterprise Account Exec,"New York, NEW YORK, United States",Sales,https://jobs.smartrecruiters.com/ServiceNow/744000142218329,2026-08-07T21:09:55.321Z,2026-08-07,2026-08-07T21:17:39+00:00,2026-08-07 14:17 Fri,,false,,,,false,smartrecruiters:ServiceNow:744000142218329
ServiceNow:744000142725889,ServiceNow,Enterprise Account Exec (Cybersecurity),"São Paulo , São Paulo , Brazil",Sales,https://jobs.smartrecruiters.com/ServiceNow/744000142725889,2026-08-10T19:47:32.456Z,2026-08-10,2026-08-10T19:59:55+00:00,2026-08-10 12:59 Mon,,false,,,,false,smartrecruiters:ServiceNow:744000142725889
ServiceNow:744000137707779,ServiceNow,"Enterprise Account Exec (Enterprise Tech, Cybersecurity)","San Francisco , California , United States",Sales,https://jobs.smartrecruiters.com/ServiceNow/744000137707779,2026-07-14T16:24:16.087Z,2026-07-14,2026-07-14T16:42:13+00:00,2026-07-14 09:42 Tue,,false,,,,false,smartrecruiters:ServiceNow:744000137707779
ServiceNow:744000137708069,ServiceNow,"Enterprise Account Exec (Enterprise Tech, Cybersecurity)","Boston, Massachusetts , United States",Sales,https://jobs.smartrecruiters.com/ServiceNow/744000137708069,2026-07-14T16:25:08.404Z,2026-07-14,2026-07-14T16:42:13+00:00,2026-07-14 09:42 Tue,,false,,,,false,smartrecruiters:ServiceNow:744000137708069
ServiceNow:744000142723334,ServiceNow,Enterprise Account Exec - Cybersecurity (Armis/Veza),"Brasilia, BRASILIA, Brazil",Sales,https://jobs.smartrecruiters.com/ServiceNow/744000142723334,2026-08-10T19:40:02.287Z,2026-08-10,2026-08-10T19:48:52+00:00,2026-08-10 12:48 Mon,,false,,,,false,smartrecruiters:ServiceNow:744000142723334
ServiceNow:744000138908230,ServiceNow,Enterprise Account Exec - Healthcare 6 month contract ,"Staines, , United Kingdom",Sales,https://jobs.smartrecruiters.com/ServiceNow/744000138908230,2026-07-21T15:53:08.318Z,2026-07-21,2026-07-21T15:59:56+00:00,2026-07-21 08:59 Tue,,false,,,,false,smartrecruiters:ServiceNow:744000138908230
ServiceNow:744000141314089,ServiceNow,"Enterprise Account Exec, Business Services (Armis)","Albany, NEW YORK, United States",Sales,https://jobs.smartrecruiters.com/ServiceNow/744000141314089,2026-08-03T17:01:43.494Z,2026-08-03,2026-08-03T17:17:50+00:00,2026-08-03 10:17 Mon,,false,,,,false,smartrecruiters:ServiceNow:744000141314089
ServiceNow:744000137180889,ServiceNow,"Enterprise Account Exec, Commercial (Cybersecurity, Financial Services)","Denver, Colorado, United States",Sales,https://jobs.smartrecruiters.com/ServiceNow/744000137180889,2026-07-10T16:45:47.782Z,2026-07-10,2026-07-11T03:36:34+00:00,2026-07-10 20:36 Fri,,false,,,,false,smartrecruiters:ServiceNow:744000137180889
ServiceNow:744000137704929,ServiceNow,"Enterprise Account Exec, Commercial (Cybersecurity, Financial Services)","San Diego , California , United States",Sales,https://jobs.smartrecruiters.com/ServiceNow/744000137704929,2026-07-14T16:09:26.630Z,2026-07-14,2026-07-14T16:17:25+00:00,2026-07-14 09:17 Tue,,false,,,,false,smartrecruiters:ServiceNow:744000137704929
ServiceNow:744000141293807,ServiceNow,"Enterprise Account Exec, Commercial Financial Services (Armis)","Denver, Colorado, United States",Sales,https://jobs.smartrecruiters.com/ServiceNow/744000141293807,2026-08-03T15:28:10.645Z,2026-08-03,2026-08-03T15:34:11+00:00,2026-08-03 08:34 Mon,,false,,,,false,smartrecruiters:ServiceNow:744000141293807
ServiceNow:744000136545890,ServiceNow,"Enterprise Account Exec, Cybersecurity (Energy and Transportation)","Albany, NEW YORK, United States",Sales,https://jobs.smartrecruiters.com/ServiceNow/744000136545890,2026-07-08T18:32:14.137Z,2026-07-08,2026-07-11T03:36:34+00:00,2026-07-10 20:36 Fri,,false,,,,false,smartrecruiters:ServiceNow:744000136545890
ServiceNow:744000137208269,ServiceNow,"Enterprise Account Exec, Cybersecurity (Federal)","Ottowa , Canada , Canada",Sales,https://jobs.smartrecruiters.com/ServiceNow/744000137208269,2026-07-10T19:57:03.313Z,2026-07-10,2026-07-11T03:36:34+00:00,2026-07-10 20:36 Fri,,false,,,,false,smartrecruiters:ServiceNow:744000137208269
ServiceNow:744000136548220,ServiceNow,"Enterprise Account Exec, Cybersecurity (Financial Services)","Waltham, Massachusetts, United States",Sales,https://jobs.smartrecruiters.com/ServiceNow/744000136548220,2026-07-08T18:46:51.372Z,2026-07-08,2026-07-11T03:36:34+00:00,2026-07-10 20:36 Fri,,false,,,,false,smartrecruiters:ServiceNow:744000136548220
ServiceNow:744000136859780,ServiceNow,"Enterprise Account Exec, Cybersecurity (Financial Services)","New York City , New York , United States",Sales,https://jobs.smartrecruiters.com/ServiceNow/744000136859780,2026-07-09T16:12:17.817Z,2026-07-09,2026-07-11T03:36:34+00:00,2026-07-10 20:36 Fri,,false,,,,false,smartrecruiters:ServiceNow:744000136859780
ServiceNow:744000136862489,ServiceNow,"Enterprise Account Exec, Cybersecurity (Financial Services)","Los Angeles, California , United States",Sales,https://jobs.smartrecruiters.com/ServiceNow/744000136862489,2026-07-09T16:13:31.087Z,2026-07-09,2026-07-11T03:36:34+00:00,2026-07-10 20:36 Fri,,false,,,,false,smartrecruiters:ServiceNow:744000136862489
ServiceNow:744000136862749,ServiceNow,"Enterprise Account Exec, Cybersecurity (Financial Services)","Chicago , IL , United States",Sales,https://jobs.smartrecruiters.com/ServiceNow/744000136862749,2026-07-09T16:14:19.001Z,2026-07-09,2026-07-11T03:36:34+00:00,2026-07-10 20:36 Fri,,false,,,,false,smartrecruiters:ServiceNow:744000136862749
ServiceNow:744000137705699,ServiceNow,"Enterprise Account Exec, Cybersecurity (Financial Services)","Boston, Massachusetts, United States",Sales,https://jobs.smartrecruiters.com/ServiceNow/744000137705699,2026-07-14T16:13:04.210Z,2026-07-14,2026-07-14T16:42:13+00:00,2026-07-14 09:42 Tue,,false,,,,false,smartrecruiters:ServiceNow:744000137705699
ServiceNow:744000138648484,ServiceNow,"Enterprise Account Exec, Cybersecurity (Financial Services)","New York, New York , United States",Sales,https://jobs.smartrecruiters.com/ServiceNow/744000138648484,2026-07-20T13:46:23.809Z,2026-07-20,2026-07-20T13:59:24+00:00,2026-07-20 06:59 Mon,,false,,,,false,smartrecruiters:ServiceNow:744000138648484
ServiceNow:744000136549159,ServiceNow,"Enterprise Account Exec, Cybersecurity (Insurance) ","Chicago, ILLINOIS, United States",Sales,https://jobs.smartrecruiters.com/ServiceNow/744000136549159,2026-07-08T18:50:50.511Z,2026-07-08,2026-07-11T03:36:34+00:00,2026-07-10 20:36 Fri,,false,,,,false,smartrecruiters:ServiceNow:744000136549159
ServiceNow:744000136548683,ServiceNow,"Enterprise Account Exec, Cybersecurity (Strategic Tech)","San Diego, CALIFORNIA, United States",Sales,https://jobs.smartrecruiters.com/ServiceNow/744000136548683,2026-07-08T18:56:03.626Z,2026-07-08,2026-07-11T03:36:34+00:00,2026-07-10 20:36 Fri,,false,,,,false,smartrecruiters:ServiceNow:744000136548683
ServiceNow:744000141313449,ServiceNow,"Enterprise Account Exec, Enterprise Tech (Armis)","San Francisco , California , United States",Sales,https://jobs.smartrecruiters.com/ServiceNow/744000141313449,2026-08-03T16:55:35.031Z,2026-08-03,2026-08-03T17:17:50+00:00,2026-08-03 10:17 Mon,,false,,,,false,smartrecruiters:ServiceNow:744000141313449
ServiceNow:744000141313589,ServiceNow,"Enterprise Account Exec, Enterprise Tech (Armis)","Boston, Massachusetts , United States",Sales,https://jobs.smartrecruiters.com/ServiceNow/744000141313589,2026-08-03T16:56:43.021Z,2026-08-03,2026-08-03T17:17:50+00:00,2026-08-03 10:17 Mon,,false,,,,false,smartrecruiters:ServiceNow:744000141313589
ServiceNow:744000141296527,ServiceNow,"Enterprise Account Exec, Strategic Tech (Armis)","San Diego, CALIFORNIA, United States",Sales,https://jobs.smartrecruiters.com/ServiceNow/744000141296527,2026-08-03T15:30:35.375Z,2026-08-03,2026-08-03T15:41:36+00:00,2026-08-03 08:41 Mon,,false,,,,false,smartrecruiters:ServiceNow:744000141296527
ServiceNow:744000140071796,ServiceNow,Enterprise Account Exec.,"Ottowa , Canada , Canada",Sales,https://jobs.smartrecruiters.com/ServiceNow/744000140071796,2026-07-27T18:43:22.834Z,2026-07-27,2026-07-27T19:01:41+00:00,2026-07-27 12:01 Mon,,false,,,,false,smartrecruiters:ServiceNow:744000140071796
ServiceNow:744000141344299,ServiceNow,Enterprise Account Exec.,"San Francisco , California , United States",Sales,https://jobs.smartrecruiters.com/ServiceNow/744000141344299,2026-08-03T20:50:40.115Z,2026-08-03,2026-08-03T20:59:45+00:00,2026-08-03 13:59 Mon,,false,,,,false,smartrecruiters:ServiceNow:744000141344299
ServiceNow:744000140983479,ServiceNow,Enterprise Account Exec. (Federal) Armis/Veza,"Ottowa , Canada , Canada",Sales,https://jobs.smartrecruiters.com/ServiceNow/744000140983479,2026-07-31T19:10:23.282Z,2026-07-31,2026-07-31T19:17:21+00:00,2026-07-31 12:17 Fri,,false,,,,false,smartrecruiters:ServiceNow:744000140983479
ServiceNow:744000141296699,ServiceNow,"Enterprise Account Exec., Federal (Armis)","Ottowa , Canada , Canada",Sales,https://jobs.smartrecruiters.com/ServiceNow/744000141296699,2026-08-03T15:26:42.654Z,2026-08-03,2026-08-03T15:34:11+00:00,2026-08-03 08:34 Mon,,false,,,,false,smartrecruiters:ServiceNow:744000141296699
ServiceNow:744000141303519,ServiceNow,"Enterprise Account Exec., Federal (Armis)","Ottowa , Canada , Canada",Sales,https://jobs.smartrecruiters.com/ServiceNow/744000141303519,2026-08-03T15:57:55.715Z,2026-08-03,2026-08-03T16:17:29+00:00,2026-08-03 09:17 Mon,,false,,,,false,smartrecruiters:ServiceNow:744000141303519
ServiceNow:744000119270557,ServiceNow,Enterprise Account Executive,"Tokyo, , Japan",Sales,https://jobs.smartrecruiters.com/ServiceNow/744000119270557,2026-04-08T03:22:57.412Z,2026-04-08,2026-07-11T03:36:34+00:00,2026-07-10 20:36 Fri,,false,,,,false,smartrecruiters:ServiceNow:744000119270557
ServiceNow:744000134169238,ServiceNow,Enterprise Account Executive,"Tokyo, , Japan",Sales,https://jobs.smartrecruiters.com/ServiceNow/744000134169238,2026-06-25T04:13:48.888Z,2026-06-25,2026-07-11T03:36:34+00:00,2026-07-10 20:36 Fri,,false,,,,false,smartrecruiters:ServiceNow:744000134169238
ServiceNow:744000140611024,ServiceNow,Enterprise Account Executive,"Munich, , Germany",Sales,https://jobs.smartrecruiters.com/ServiceNow/744000140611024,2026-07-30T07:21:24.424Z,2026-07-30,2026-07-30T07:41:18+00:00,2026-07-30 00:41 Thu,,false,,,,false,smartrecruiters:ServiceNow:744000140611024
ServiceNow:744000141210839,ServiceNow,Enterprise Account Executive,"Riyadh, , Saudi Arabia",Sales,https://jobs.smartrecruiters.com/ServiceNow/744000141210839,2026-08-03T09:03:26.674Z,2026-08-03,2026-08-03T09:21:28+00:00,2026-08-03 02:21 Mon,,false,,,,false,smartrecruiters:ServiceNow:744000141210839
ServiceNow:744000142898379,ServiceNow,Enterprise Account Executive,"Munich, , Germany",Sales,https://jobs.smartrecruiters.com/ServiceNow/744000142898379,2026-08-11T14:46:57.964Z,2026-08-11,2026-08-11T15:00:02+00:00,2026-08-11 08:00 Tue,,false,,,,false,smartrecruiters:ServiceNow:744000142898379
ServiceNow:744000137756747,ServiceNow,Enterprise Account Executive - Manufacturing - IL ,"Chicago, Illinois, United States",Sales,https://jobs.smartrecruiters.com/ServiceNow/744000137756747,2026-07-14T22:00:55.073Z,2026-07-14,2026-07-14T22:17:13+00:00,2026-07-14 15:17 Tue,,false,,,,false,smartrecruiters:ServiceNow:744000137756747
ServiceNow:744000094537795,ServiceNow,Enterprise Account Executive - Manufacturing(Process),"Tokyo, , Japan",Sales,https://jobs.smartrecruiters.com/ServiceNow/744000094537795,2025-11-20T04:43:31.083Z,2025-11-20,2026-07-11T03:36:34+00:00,2026-07-10 20:36 Fri,,false,,,,false,smartrecruiters:ServiceNow:744000094537795
ServiceNow:744000124048199,ServiceNow,Enterprise Account Executive - Public,"Tokyo, , Japan",Sales,https://jobs.smartrecruiters.com/ServiceNow/744000124048199,2026-05-01T00:46:48.137Z,2026-05-01,2026-07-11T03:36:34+00:00,2026-07-10 20:36 Fri,,false,,,,false,smartrecruiters:ServiceNow:744000124048199
ServiceNow:744000144607509,ServiceNow,Enterprise Account Executive - SLED,"West Palm Beach, Florida, United States",Sales,https://jobs.smartrecruiters.com/ServiceNow/744000144607509,2026-08-20T17:32:40.294Z,2026-08-20,2026-08-20T17:41:55+00:00,2026-08-20 10:41 Thu,,false,,,,false,smartrecruiters:ServiceNow:744000144607509
ServiceNow:744000134164876,ServiceNow,Enterprise Account Executive - Technology,"Tokyo, , Japan",Sales,https://jobs.smartrecruiters.com/ServiceNow/744000134164876,2026-06-25T04:08:52.905Z,2026-06-25,2026-07-11T03:36:34+00:00,2026-07-10 20:36 Fri,,false,,,,false,smartrecruiters:ServiceNow:744000134164876
ServiceNow:744000136872094,ServiceNow,Enterprise Account Executive - Technology Vertical,"Santa Clara, California, United States",Sales,https://jobs.smartrecruiters.com/ServiceNow/744000136872094,2026-07-09T17:18:25.849Z,2026-07-09,2026-07-11T03:36:34+00:00,2026-07-10 20:36 Fri,,false,,,,false,smartrecruiters:ServiceNow:744000136872094
ServiceNow:744000134387459,ServiceNow,Enterprise Account Executive - Telecom,"Tokyo, , Japan",Sales,https://jobs.smartrecruiters.com/ServiceNow/744000134387459,2026-06-26T02:27:23.351Z,2026-06-26,2026-07-11T03:36:34+00:00,2026-07-10 20:36 Fri,,false,,,,false,smartrecruiters:ServiceNow:744000134387459
ServiceNow:744000122381681,ServiceNow,Enterprise Account Executive - Utility & Retail ,"Tokyo, , Japan",Sales,https://jobs.smartrecruiters.com/ServiceNow/744000122381681,2026-04-23T06:11:59.416Z,2026-04-23,2026-07-11T03:36:34+00:00,2026-07-10 20:36 Fri,,false,,,,false,smartrecruiters:ServiceNow:744000122381681
ServiceNow:744000131810669,ServiceNow,Enterprise Account Executive - West ,"Osaka, , Japan",Sales,https://jobs.smartrecruiters.com/ServiceNow/744000131810669,2026-06-12T04:02:06.295Z,2026-06-12,2026-07-11T03:36:34+00:00,2026-07-10 20:36 Fri,,false,,,,false,smartrecruiters:ServiceNow:744000131810669
ServiceNow:744000140656330,ServiceNow,Enterprise Account Executive FSI,"Riyadh, , Saudi Arabia",Sales,https://jobs.smartrecruiters.com/ServiceNow/744000140656330,2026-07-30T10:48:04.096Z,2026-07-30,2026-07-30T10:59:33+00:00,2026-07-30 03:59 Thu,,false,,,,false,smartrecruiters:ServiceNow:744000140656330
ServiceNow:744000130787530,ServiceNow,"Enterprise Account Executive, Bundeswehr","Düsseldorf, , Germany",Sales,https://jobs.smartrecruiters.com/ServiceNow/744000130787530,2026-06-08T12:25:08.502Z,2026-06-08,2026-07-11T03:36:34+00:00,2026-07-10 20:36 Fri,,false,,,,false,smartrecruiters:ServiceNow:744000130787530
ServiceNow:744000132872839,ServiceNow,"Enterprise Account Executive, CRM Solutions","Wien, , Austria",Sales,https://jobs.smartrecruiters.com/ServiceNow/744000132872839,2026-06-18T13:44:12.073Z,2026-06-18,2026-07-11T03:36:34+00:00,2026-07-10 20:36 Fri,,false,,,,false,smartrecruiters:ServiceNow:744000132872839
ServiceNow:744000144301599,ServiceNow,"Enterprise Account Executive, CRM Solutions - Manufacturing","Munich, , Germany",Sales,https://jobs.smartrecruiters.com/ServiceNow/744000144301599,2026-08-19T12:15:49.034Z,2026-08-19,2026-08-19T12:23:11+00:00,2026-08-19 05:23 Wed,,false,,,,false,smartrecruiters:ServiceNow:744000144301599
ServiceNow:744000138358389,ServiceNow,"Enterprise Account Executive, Public Sector","Singapore, , Singapore",Sales,https://jobs.smartrecruiters.com/ServiceNow/744000138358389,2026-07-17T15:00:08.162Z,2026-07-17,2026-07-17T15:17:53+00:00,2026-07-17 08:17 Fri,,false,,,,false,smartrecruiters:ServiceNow:744000138358389
ServiceNow:744000139231191,ServiceNow,"Enterprise Account Executive, Schwarz Digits Cloud","Munich, , Germany",Sales,https://jobs.smartrecruiters.com/ServiceNow/744000139231191,2026-07-23T08:28:58.412Z,2026-07-23,2026-07-23T08:41:20+00:00,2026-07-23 01:41 Thu,,false,,,,false,smartrecruiters:ServiceNow:744000139231191
ServiceNow:744000139071610,ServiceNow,"Enterprise Account Executive, Stack-IT","Munich, , Germany",Sales,https://jobs.smartrecruiters.com/ServiceNow/744000139071610,2026-07-22T13:01:24.909Z,2026-07-22,2026-07-22T13:17:24+00:00,2026-07-22 06:17 Wed,,false,,,,false,smartrecruiters:ServiceNow:744000139071610
ServiceNow:744000143114619,ServiceNow,"Enterprise Account Executive, Telco","Riyadh, , Saudi Arabia",Sales,https://jobs.smartrecruiters.com/ServiceNow/744000143114619,2026-08-12T14:03:05.702Z,2026-08-12,2026-08-12T14:17:35+00:00,2026-08-12 07:17 Wed,,false,,,,false,smartrecruiters:ServiceNow:744000143114619
ServiceNow:744000136390355,ServiceNow,Enterprise Account Manager - GCC,"Mumbai, Maharashtra, India",Sales,https://jobs.smartrecruiters.com/ServiceNow/744000136390355,2026-07-08T07:04:13.022Z,2026-07-08,2026-07-11T03:36:34+00:00,2026-07-10 20:36 Fri,,false,,,,false,smartrecruiters:ServiceNow:744000136390355
ServiceNow:744000144837369,ServiceNow,"Enterprise Director of Sales - Life Sciences, Bay Area","Santa Clara, California, United States",Sales,https://jobs.smartrecruiters.com/ServiceNow/744000144837369,2026-08-21T20:29:37.531Z,2026-08-21,2026-08-21T20:40:40+00:00,2026-08-21 13:40 Fri,,false,,,,false,smartrecruiters:ServiceNow:744000144837369
ServiceNow:744000142178249,ServiceNow,"Enterprise Director of Sales - Life Sciences, North East","New York, NEW YORK, United States",Sales,https://jobs.smartrecruiters.com/ServiceNow/744000142178249,2026-08-07T16:16:20.814Z,2026-08-07,2026-08-07T16:41:45+00:00,2026-08-07 09:41 Fri,,false,,,,false,smartrecruiters:ServiceNow:744000142178249
ServiceNow:744000142177669,ServiceNow,Enterprise Director of Sales - Pharma,"New York, NEW YORK, United States",Sales,https://jobs.smartrecruiters.com/ServiceNow/744000142177669,2026-08-07T16:11:39.232Z,2026-08-07,2026-08-07T16:17:28+00:00,2026-08-07 09:17 Fri,,false,,,,false,smartrecruiters:ServiceNow:744000142177669
ServiceNow:744000138928901,ServiceNow,Executive Assistant,"Santa Clara, California, United States",Administrative,https://jobs.smartrecruiters.com/ServiceNow/744000138928901,2026-07-21T17:53:08.874Z,2026-07-21,2026-07-21T17:59:30+00:00,2026-07-21 10:59 Tue,,false,,,,false,smartrecruiters:ServiceNow:744000138928901
ServiceNow:744000139319420,ServiceNow,Executive Assistant,"Santa Clara, CALIFORNIA, United States",Administrative,https://jobs.smartrecruiters.com/ServiceNow/744000139319420,2026-07-23T15:41:18.161Z,2026-07-23,2026-07-23T15:59:39+00:00,2026-07-23 08:59 Thu,,false,,,,false,smartrecruiters:ServiceNow:744000139319420
ServiceNow:744000140970519,ServiceNow,Executive Assistant,"New York, New York, United States",Administrative,https://jobs.smartrecruiters.com/ServiceNow/744000140970519,2026-07-31T17:46:37.324Z,2026-07-31,2026-07-31T17:59:31+00:00,2026-07-31 10:59 Fri,,false,,,,false,smartrecruiters:ServiceNow:744000140970519
ServiceNow:744000141784589,ServiceNow,Executive Assistant,"Santa Clara, California, United States",Administrative,https://jobs.smartrecruiters.com/ServiceNow/744000141784589,2026-08-05T19:13:11.643Z,2026-08-05,2026-08-05T19:41:59+00:00,2026-08-05 12:41 Wed,,false,,,,false,smartrecruiters:ServiceNow:744000141784589
ServiceNow:744000144891402,ServiceNow,Executive Assistant,"Santa Clara, CALIFORNIA, United States",Product,https://jobs.smartrecruiters.com/ServiceNow/744000144891402,2026-08-22T21:15:37.036Z,2026-08-22,2026-08-22T21:36:02+00:00,2026-08-22 14:36 Sat,,false,,,,false,smartrecruiters:ServiceNow:744000144891402
ServiceNow:744000133426194,ServiceNow,"Executive Assistant — Global Business Services, Office of the CPO","West Palm Beach, Florida, United States",Workplace Services,https://jobs.smartrecruiters.com/ServiceNow/744000133426194,2026-06-22T17:32:21.810Z,2026-06-22,2026-07-11T03:36:34+00:00,2026-07-10 20:36 Fri,,false,,,,false,smartrecruiters:ServiceNow:744000133426194
ServiceNow:744000126753099,ServiceNow,Executive Experience Consultant,"Santa Clara, CALIFORNIA, United States","Marketing, Communications, and Brand",https://jobs.smartrecruiters.com/ServiceNow/744000126753099,2026-05-15T18:53:02.242Z,2026-05-15,2026-07-11T03:36:34+00:00,2026-07-10 20:36 Fri,,false,,,,false,smartrecruiters:ServiceNow:744000126753099
ServiceNow:744000134021849,ServiceNow,Federal Civilian Solution Sales Executive- Identity and Security ,"Washington, District of Columbia, United States",Sales,https://jobs.smartrecruiters.com/ServiceNow/744000134021849,2026-06-24T19:36:02.225Z,2026-06-24,2026-07-11T03:36:34+00:00,2026-07-10 20:36 Fri,,false,,,,false,smartrecruiters:ServiceNow:744000134021849
ServiceNow:744000144522119,ServiceNow,Federal Government Advisory Solution Consultant,"Brasilia, Brasilia, Brazil",Sales,https://jobs.smartrecruiters.com/ServiceNow/744000144522119,2026-08-20T11:01:02.051Z,2026-08-20,2026-08-20T11:17:35+00:00,2026-08-20 04:17 Thu,,false,,,,false,smartrecruiters:ServiceNow:744000144522119
ServiceNow:744000131533810,ServiceNow,Forward Deployed Solution Architect – Applied AI FDE,"London, , United Kingdom",Product,https://jobs.smartrecruiters.com/ServiceNow/744000131533810,2026-06-10T20:21:42.380Z,2026-06-10,2026-07-11T03:36:34+00:00,2026-07-10 20:36 Fri,,false,,,,false,smartrecruiters:ServiceNow:744000131533810
ServiceNow:744000138244019,ServiceNow,Forward Deployed Solution Architect – Applied AI FDE,"London, , United Kingdom",Product,https://jobs.smartrecruiters.com/ServiceNow/744000138244019,2026-07-17T03:48:02.454Z,2026-07-17,2026-07-17T03:59:24+00:00,2026-07-16 20:59 Thu,,false,,,,false,smartrecruiters:ServiceNow:744000138244019
ServiceNow:744000137509420,ServiceNow,Forward Deployed Solution Engineer – Applied AI FDE,"London, , United Kingdom",Product,https://jobs.smartrecruiters.com/ServiceNow/744000137509420,2026-07-13T17:08:54.997Z,2026-07-13,2026-07-13T17:17:02+00:00,2026-07-13 10:17 Mon,,false,,,,false,smartrecruiters:ServiceNow:744000137509420
ServiceNow:744000144639119,ServiceNow,Forward Deployed Solution Engineer – Applied AI FDE,"Santa Clara, California, United States",Product,https://jobs.smartrecruiters.com/ServiceNow/744000144639119,2026-08-20T20:56:11.279Z,2026-08-20,2026-08-20T21:17:40+00:00,2026-08-20 14:17 Thu,AI / ML,true,Keyword,56,keyword-only heuristic (title only),true,smartrecruiters:ServiceNow:744000144639119
ServiceNow:744000144813179,ServiceNow,Forward Deployed Solution Engineer – Applied AI FDE,"London, , United Kingdom",Product,https://jobs.smartrecruiters.com/ServiceNow/744000144813179,2026-08-21T17:20:24.316Z,2026-08-21,2026-08-21T17:42:13+00:00,2026-08-21 10:42 Fri,,false,,,,false,smartrecruiters:ServiceNow:744000144813179
ServiceNow:744000141876454,ServiceNow,FP&A Analyst,"Dublin, , Ireland",Finance & Accounting,https://jobs.smartrecruiters.com/ServiceNow/744000141876454,2026-08-06T09:22:53.210Z,2026-08-06,2026-08-06T09:41:27+00:00,2026-08-06 02:41 Thu,,false,,,,false,smartrecruiters:ServiceNow:744000141876454
ServiceNow:744000144523290,ServiceNow,FSI Advisory Solution Consultant,"Sao Paulo, SAO PAULO, Brazil",Sales,https://jobs.smartrecruiters.com/ServiceNow/744000144523290,2026-08-20T11:10:47.878Z,2026-08-20,2026-08-20T11:17:35+00:00,2026-08-20 04:17 Thu,,false,,,,false,smartrecruiters:ServiceNow:744000144523290
ServiceNow:a321ad73-583a-4203-bee3-a9fe75923346,ServiceNow,Futures Summit Intern,"West Palm Beach, FL",Software,https://jobs.smartrecruiters.com/ServiceNow/744000129860849,2026-06-02,2026-06-02,2026-07-07T05:59:38+00:00,2026-07-06 22:59 Mon,,false,,,,false,simplify:Simplify Internships:a321ad73-583a-4203-bee3-a9fe75923346|smartrecruiters:ServiceNow:744000129860849
ServiceNow:744000130580569,ServiceNow,Global Account Director Automotive,"Detroit, Michigan, United States",Sales,https://jobs.smartrecruiters.com/ServiceNow/744000130580569,2026-06-05T19:12:23.867Z,2026-06-05,2026-07-11T03:36:34+00:00,2026-07-10 20:36 Fri,,false,,,,false,smartrecruiters:ServiceNow:744000130580569
ServiceNow:744000143384580,ServiceNow,Global Head Asset Management (AM) GTM Lead ,"Addison, TEXAS, United States",Sales,https://jobs.smartrecruiters.com/ServiceNow/744000143384580,2026-08-13T19:44:49.771Z,2026-08-13,2026-08-13T19:59:56+00:00,2026-08-13 12:59 Thu,,false,,,,false,smartrecruiters:ServiceNow:744000143384580
ServiceNow:744000144369439,ServiceNow,Global Head Portfolio Management (PM) GTM Lead  ,"Chicago, ILLINOIS, United States",Sales,https://jobs.smartrecruiters.com/ServiceNow/744000144369439,2026-08-19T16:59:41.243Z,2026-08-19,2026-08-19T17:17:29+00:00,2026-08-19 10:17 Wed,,false,,,,false,smartrecruiters:ServiceNow:744000144369439
ServiceNow:744000126569389,ServiceNow,"Global Partner Leader, Deloitte","Santa Clara, CALIFORNIA, United States",Sales,https://jobs.smartrecruiters.com/ServiceNow/744000126569389,2026-05-14T18:56:16.725Z,2026-05-14,2026-07-11T03:36:34+00:00,2026-07-10 20:36 Fri,,false,,,,false,smartrecruiters:ServiceNow:744000126569389
ServiceNow:744000132951959,ServiceNow,Global Partner Manager - Autonomous Workforce,"New York, New York, United States",Sales,https://jobs.smartrecruiters.com/ServiceNow/744000132951959,2026-06-18T22:28:42.723Z,2026-06-18,2026-07-11T03:36:34+00:00,2026-07-10 20:36 Fri,,false,,,,false,smartrecruiters:ServiceNow:744000132951959
ServiceNow:744000132951349,ServiceNow,Global Partner Manager – Autonomous Workforce,"New York, New York, United States",Sales,https://jobs.smartrecruiters.com/ServiceNow/744000132951349,2026-06-18T22:21:19.634Z,2026-06-18,2026-07-11T03:36:34+00:00,2026-07-10 20:36 Fri,,false,,,,false,smartrecruiters:ServiceNow:744000132951349
ServiceNow:744000133428834,ServiceNow,"Group Vice President, Americas Field Marketing","Santa Clara, CALIFORNIA, United States","Marketing, Communications, and Brand",https://jobs.smartrecruiters.com/ServiceNow/744000133428834,2026-06-22T17:50:36.330Z,2026-06-22,2026-07-11T03:36:34+00:00,2026-07-10 20:36 Fri,,false,,,,false,smartrecruiters:ServiceNow:744000133428834
ServiceNow:744000140973504,ServiceNow,GTM Business Process Optimization Manager ,"San Diego, California, United States",Marketing,https://jobs.smartrecruiters.com/ServiceNow/744000140973504,2026-07-31T18:07:07.278Z,2026-07-31,2026-07-31T18:17:52+00:00,2026-07-31 11:17 Fri,,false,,,,false,smartrecruiters:ServiceNow:744000140973504
ServiceNow:744000142736829,ServiceNow,GTM Commercial Finance Manager AMS,"Santa Clara, California, United States",Finance,https://jobs.smartrecruiters.com/ServiceNow/744000142736829,2026-08-10T21:12:09.922Z,2026-08-10,2026-08-10T21:17:38+00:00,2026-08-10 14:17 Mon,,false,,,,false,smartrecruiters:ServiceNow:744000142736829
ServiceNow:744000134351099,ServiceNow,"GTM Strategic Planning, Manager","West Palm Beach, Florida, United States",Strategy/Planning,https://jobs.smartrecruiters.com/ServiceNow/744000134351099,2026-06-25T22:39:35.636Z,2026-06-25,2026-07-11T03:36:34+00:00,2026-07-10 20:36 Fri,,false,,,,false,smartrecruiters:ServiceNow:744000134351099
ServiceNow:744000137910979,ServiceNow,"GTM Strategic Planning, Manager","West Palm Beach, Florida, United States",Strategy/Planning,https://jobs.smartrecruiters.com/ServiceNow/744000137910979,2026-07-15T14:18:04.407Z,2026-07-15,2026-07-15T14:41:28+00:00,2026-07-15 07:41 Wed,,false,,,,false,smartrecruiters:ServiceNow:744000137910979
ServiceNow:744000137932819,ServiceNow,"GTM Strategic Planning, Manager","West Palm Beach, Florida, United States",Strategy/Planning,https://jobs.smartrecruiters.com/ServiceNow/744000137932819,2026-07-15T15:40:40.711Z,2026-07-15,2026-07-15T15:59:43+00:00,2026-07-15 08:59 Wed,,false,,,,false,smartrecruiters:ServiceNow:744000137932819
ServiceNow:744000139649229,ServiceNow,"GTM Strategic Planning, Manager","West Palm Beach, Florida, United States",Strategy/Planning,https://jobs.smartrecruiters.com/ServiceNow/744000139649229,2026-07-24T16:07:30.840Z,2026-07-24,2026-07-24T16:17:47+00:00,2026-07-24 09:17 Fri,,false,,,,false,smartrecruiters:ServiceNow:744000139649229
ServiceNow:744000144773191,ServiceNow,"GVP, Product & Solutions Marketing","Santa Clara, CALIFORNIA, United States","Marketing, Communications, and Brand",https://jobs.smartrecruiters.com/ServiceNow/744000144773191,2026-08-21T14:05:08.560Z,2026-08-21,2026-08-21T14:17:27+00:00,2026-08-21 07:17 Fri,,false,,,,false,smartrecruiters:ServiceNow:744000144773191
ServiceNow:744000137519239,ServiceNow,"GVP, Product and Technology Strategy","Santa Clara, CALIFORNIA, United States",Corporate Development & Strategy,https://jobs.smartrecruiters.com/ServiceNow/744000137519239,2026-07-13T18:18:41.333Z,2026-07-13,2026-07-13T18:41:20+00:00,2026-07-13 11:41 Mon,,false,,,,false,smartrecruiters:ServiceNow:744000137519239
ServiceNow:744000140491136,ServiceNow,"GVP, Product and Technology Strategy","Santa Clara, CALIFORNIA, United States",Corporate Development & Strategy,https://jobs.smartrecruiters.com/ServiceNow/744000140491136,2026-07-29T15:01:47.143Z,2026-07-29,2026-07-29T15:17:50+00:00,2026-07-29 08:17 Wed,,false,,,,false,smartrecruiters:ServiceNow:744000140491136
ServiceNow:744000138371858,ServiceNow,"GVP, Strategic Finance Product ","Santa Clara, CALIFORNIA, United States",Finance & Accounting,https://jobs.smartrecruiters.com/ServiceNow/744000138371858,2026-07-17T15:57:53.712Z,2026-07-17,2026-07-17T16:17:50+00:00,2026-07-17 09:17 Fri,,false,,,,false,smartrecruiters:ServiceNow:744000138371858
ServiceNow:744000137949534,ServiceNow,"Head of GTM Operations, Servicenow.org","Chicago, ILLINOIS, United States",Sales,https://jobs.smartrecruiters.com/ServiceNow/744000137949534,2026-07-15T17:06:23.873Z,2026-07-15,2026-07-15T17:17:21+00:00,2026-07-15 10:17 Wed,,false,,,,false,smartrecruiters:ServiceNow:744000137949534
ServiceNow:744000138694919,ServiceNow,Head of Insurance Go to Market – AMS,"Austin, Texas, United States",Sales,https://jobs.smartrecruiters.com/ServiceNow/744000138694919,2026-07-20T16:53:50.314Z,2026-07-20,2026-07-20T16:59:39+00:00,2026-07-20 09:59 Mon,,false,,,,false,smartrecruiters:ServiceNow:744000138694919
ServiceNow:744000139655178,ServiceNow,Head of Insurance Go to Market – AMS,"New York, New York, United States",Sales,https://jobs.smartrecruiters.com/ServiceNow/744000139655178,2026-07-24T16:37:55.605Z,2026-07-24,2026-07-24T16:59:14+00:00,2026-07-24 09:59 Fri,,false,,,,false,smartrecruiters:ServiceNow:744000139655178
ServiceNow:744000141395520,ServiceNow,"Head of Manufacturing GTM, Japan","Tokyo, , Japan",Sales,https://jobs.smartrecruiters.com/ServiceNow/744000141395520,2026-08-04T01:45:09.622Z,2026-08-04,2026-08-04T01:59:34+00:00,2026-08-03 18:59 Mon,,false,,,,false,smartrecruiters:ServiceNow:744000141395520
ServiceNow:744000141361409,ServiceNow,"Head of Manufacturing GTM, Japan.","Tokyo, , Japan",Sales,https://jobs.smartrecruiters.com/ServiceNow/744000141361409,2026-08-04T00:23:49.342Z,2026-08-04,2026-08-04T00:41:30+00:00,2026-08-03 17:41 Mon,,false,,,,false,smartrecruiters:ServiceNow:744000141361409
ServiceNow:744000131222099,ServiceNow,"Hyperscaler Program Director - Go-to-Market, Quote-to-Cash","San Diego, CALIFORNIA, United States",Sales,https://jobs.smartrecruiters.com/ServiceNow/744000131222099,2026-06-09T19:56:03.665Z,2026-06-09,2026-07-11T03:36:34+00:00,2026-07-10 20:36 Fri,,false,,,,false,smartrecruiters:ServiceNow:744000131222099
ServiceNow:744000137724929,ServiceNow,"Hyperscaler Program Director - Go-to-Market, Quote-to-Cash","San Diego, California, United States",Sales,https://jobs.smartrecruiters.com/ServiceNow/744000137724929,2026-07-14T18:09:15.874Z,2026-07-14,2026-07-14T18:17:38+00:00,2026-07-14 11:17 Tue,,false,,,,false,smartrecruiters:ServiceNow:744000137724929
ServiceNow:744000143159500,ServiceNow,Identity Governance / Lifecycle Management (LCM) Architect,"Santa Clara, California     , United States",Customer Excellence Geo HQ,https://jobs.smartrecruiters.com/ServiceNow/744000143159500,2026-08-12T18:08:25.684Z,2026-08-12,2026-08-12T18:18:19+00:00,2026-08-12 11:18 Wed,,false,,,,false,smartrecruiters:ServiceNow:744000143159500
ServiceNow:744000130878309,ServiceNow,Implementation Manager - Moveworks,"Santa Clara, California, United States",Customer Outcomes,https://jobs.smartrecruiters.com/ServiceNow/744000130878309,2026-06-08T20:05:17.144Z,2026-06-08,2026-07-11T03:36:34+00:00,2026-07-10 20:36 Fri,,false,,,,false,smartrecruiters:ServiceNow:744000130878309
ServiceNow:744000133400114,ServiceNow,Implementation Manager - Moveworks,"New York, New York, United States",Customer Outcomes,https://jobs.smartrecruiters.com/ServiceNow/744000133400114,2026-06-22T15:14:39.492Z,2026-06-22,2026-07-11T03:36:34+00:00,2026-07-10 20:36 Fri,,false,,,,false,smartrecruiters:ServiceNow:744000133400114
ServiceNow:744000140709597,ServiceNow,Implementation Manager - Moveworks,"Albany, New York, United States",Customer Outcomes,https://jobs.smartrecruiters.com/ServiceNow/744000140709597,2026-07-30T14:46:42.092Z,2026-07-30,2026-07-30T15:00:08+00:00,2026-07-30 08:00 Thu,,false,,,,false,smartrecruiters:ServiceNow:744000140709597
ServiceNow:744000141271429,ServiceNow,Implementation Manager - Moveworks,"Santa Clara, CALIFORNIA, United States",Customer Outcomes,https://jobs.smartrecruiters.com/ServiceNow/744000141271429,2026-08-03T13:55:34.581Z,2026-08-03,2026-08-03T14:17:23+00:00,2026-08-03 07:17 Mon,,false,,,,false,smartrecruiters:ServiceNow:744000141271429
ServiceNow:744000142679935,ServiceNow,Implementation Manager - Moveworks,"San Diego, California, United States",Customer Outcomes,https://jobs.smartrecruiters.com/ServiceNow/744000142679935,2026-08-10T15:33:36.018Z,2026-08-10,2026-08-10T15:41:52+00:00,2026-08-10 08:41 Mon,,false,,,,false,smartrecruiters:ServiceNow:744000142679935
ServiceNow:744000144741139,ServiceNow,Implementation Manager - Moveworks,"London, , United Kingdom","Engineering, Infrastructure and Operations",https://jobs.smartrecruiters.com/ServiceNow/744000144741139,2026-08-21T11:06:12.877Z,2026-08-21,2026-08-21T11:17:17+00:00,2026-08-21 04:17 Fri,,false,,,,false,smartrecruiters:ServiceNow:744000144741139
ServiceNow:744000130359659,ServiceNow,Intern - Marketing Associate,"Sydney, , Australia",Early In Career,https://jobs.smartrecruiters.com/ServiceNow/744000130359659,2026-06-05T04:58:58.346Z,2026-06-05,2026-07-11T03:36:34+00:00,2026-07-10 20:36 Fri,,false,,,,false,smartrecruiters:ServiceNow:744000130359659
ServiceNow:744000130359664,ServiceNow,Intern - Marketing Associate,"Sydney, , Australia",Early In Career,https://jobs.smartrecruiters.com/ServiceNow/744000130359664,2026-06-05T04:59:51.668Z,2026-06-05,2026-07-11T03:36:34+00:00,2026-07-10 20:36 Fri,,false,,,,false,smartrecruiters:ServiceNow:744000130359664
ServiceNow:744000143436369,ServiceNow,Intern - Marketing Associate,"Sydney, , Australia",Early In Career,https://jobs.smartrecruiters.com/ServiceNow/744000143436369,2026-08-14T04:25:01.148Z,2026-08-14,2026-08-14T04:31:35+00:00,2026-08-13 21:31 Thu,,false,,,,false,smartrecruiters:ServiceNow:744000143436369
ServiceNow:744000140070859,ServiceNow,Lead Client Director - Strategic Retail - Arkansas ,"Bentonville, Arkansas, United States",Sales,https://jobs.smartrecruiters.com/ServiceNow/744000140070859,2026-07-27T18:32:43.761Z,2026-07-27,2026-07-27T18:41:48+00:00,2026-07-27 11:41 Mon,,false,,,,false,smartrecruiters:ServiceNow:744000140070859
ServiceNow:744000142222299,ServiceNow,"M&A Integration, Director","Santa Clara, California, United States",Customer Outcomes,https://jobs.smartrecruiters.com/ServiceNow/744000142222299,2026-08-07T21:44:30.946Z,2026-08-07,2026-08-07T21:59:32+00:00,2026-08-07 14:59 Fri,,false,,,,false,smartrecruiters:ServiceNow:744000142222299
ServiceNow:744000142222499,ServiceNow,"M&A Integration, Director","Austin, Texas, United States",Customer Outcomes,https://jobs.smartrecruiters.com/ServiceNow/744000142222499,2026-08-07T21:46:30.319Z,2026-08-07,2026-08-07T21:59:32+00:00,2026-08-07 14:59 Fri,,false,,,,false,smartrecruiters:ServiceNow:744000142222499
ServiceNow:744000141812359,ServiceNow,"Machine Learning Engineer, Agentic AI Harness & Quality - Moveworks","Mountain View, CALIFORNIA, United States",Engineering,https://jobs.smartrecruiters.com/ServiceNow/744000141812359,2026-08-05T23:25:41.150Z,2026-08-05,2026-08-05T23:41:38+00:00,2026-08-05 16:41 Wed,AI / ML,true,Keyword,56,keyword-only heuristic (title only),true,smartrecruiters:ServiceNow:744000141812359
ServiceNow:744000141813209,ServiceNow,"Machine Learning Engineer, Agentic AI Harness & Quality - Moveworks","Mountain View, CALIFORNIA, United States",Engineering,https://jobs.smartrecruiters.com/ServiceNow/744000141813209,2026-08-05T23:48:51.292Z,2026-08-05,2026-08-05T23:59:30+00:00,2026-08-05 16:59 Wed,AI / ML,true,CLI,58,"Strong Python, machine learning, automation testing, reinforcement learning, and backend experience align with building AI quality harnesses, but the resume lacks direct experience with LLMs, agentic systems, or conversational AI.",true,smartrecruiters:ServiceNow:744000141813209
ServiceNow:744000134027173,ServiceNow,"Machine Learning Engineer, Agentic AI Systems - Moveworks","Mountain View, CALIFORNIA, United States",Engineering,https://jobs.smartrecruiters.com/ServiceNow/744000134027173,2026-06-24T20:27:40.235Z,2026-06-24,2026-07-11T03:36:34+00:00,2026-07-10 20:36 Fri,,false,,,,false,smartrecruiters:ServiceNow:744000134027173
ServiceNow:744000139371929,ServiceNow,"Machine Learning Engineer, Agentic AI Systems - Moveworks","Mountain View, CALIFORNIA, United States",Engineering,https://jobs.smartrecruiters.com/ServiceNow/744000139371929,2026-07-23T22:02:32.911Z,2026-07-23,2026-07-23T22:17:40+00:00,2026-07-23 15:17 Thu,AI / ML,true,Keyword,46,keyword-only heuristic,false,smartrecruiters:ServiceNow:744000139371929
ServiceNow:744000134357159,ServiceNow,"Machine Learning Engineer, Agentic Application","Mountain View, CALIFORNIA, United States",Engineering,https://jobs.smartrecruiters.com/ServiceNow/744000134357159,2026-06-26T00:46:29.123Z,2026-06-26,2026-07-11T03:36:34+00:00,2026-07-10 20:36 Fri,,false,,,,false,smartrecruiters:ServiceNow:744000134357159
ServiceNow:744000139370964,ServiceNow,"Machine Learning Engineer, Agentic Application","Mountain View, CALIFORNIA, United States",Engineering,https://jobs.smartrecruiters.com/ServiceNow/744000139370964,2026-07-23T21:51:56.122Z,2026-07-23,2026-07-23T21:59:54+00:00,2026-07-23 14:59 Thu,AI / ML,true,Keyword,43,keyword-only heuristic,false,smartrecruiters:ServiceNow:744000139370964
ServiceNow:744000136346369,ServiceNow,"Machine Learning Engineer, Agentic Systems - Moveworks","Mountain View, CALIFORNIA, United States",Engineering,https://jobs.smartrecruiters.com/ServiceNow/744000136346369,2026-07-07T23:43:26.496Z,2026-07-07,2026-07-11T03:36:34+00:00,2026-07-10 20:36 Fri,,false,,,,false,smartrecruiters:ServiceNow:744000136346369
ServiceNow:744000125181170,ServiceNow,"Machine Learning Engineer, GAI Search Platform - Moveworks","Mountain View, CALIFORNIA, United States","Engineering, Infrastructure and Operations",https://jobs.smartrecruiters.com/ServiceNow/744000125181170,2026-05-07T16:14:07.374Z,2026-05-07,2026-07-11T03:36:34+00:00,2026-07-10 20:36 Fri,,false,,,,false,smartrecruiters:ServiceNow:744000125181170
ServiceNow:744000138174539,ServiceNow,"Machine Learning Engineer, GAI Search Platform - Moveworks","Mountain View, CALIFORNIA, United States","Engineering, Infrastructure and Operations",https://jobs.smartrecruiters.com/ServiceNow/744000138174539,2026-07-16T18:06:26.560Z,2026-07-16,2026-07-16T18:17:25+00:00,2026-07-16 11:17 Thu,AI / ML,true,Keyword,43,keyword-only heuristic,false,smartrecruiters:ServiceNow:744000138174539
ServiceNow:744000129017632,ServiceNow,"Machine Learning Engineer, GAI Search Relevance - Moveworks","Mountain View, CALIFORNIA, United States","Engineering, Infrastructure and Operations",https://jobs.smartrecruiters.com/ServiceNow/744000129017632,2026-05-28T18:44:57.079Z,2026-05-28,2026-07-11T03:36:34+00:00,2026-07-10 20:36 Fri,,false,,,,false,smartrecruiters:ServiceNow:744000129017632
ServiceNow:744000138178124,ServiceNow,"Machine Learning Engineer, GAI Search Relevance - Moveworks","Mountain View, CALIFORNIA, United States","Engineering, Infrastructure and Operations",https://jobs.smartrecruiters.com/ServiceNow/744000138178124,2026-07-16T18:29:10.688Z,2026-07-16,2026-07-16T18:41:38+00:00,2026-07-16 11:41 Thu,AI / ML,true,Keyword,43,keyword-only heuristic,false,smartrecruiters:ServiceNow:744000138178124
ServiceNow:744000108870055,ServiceNow,"Machine Learning Engineering Manager, GAI Search Relevance - Moveworks","Mountain View, CALIFORNIA, United States","Engineering, Infrastructure and Operations",https://jobs.smartrecruiters.com/ServiceNow/744000108870055,2026-02-11T22:14:56.940Z,2026-02-11,2026-07-11T03:36:34+00:00,2026-07-10 20:36 Fri,,false,,,,false,smartrecruiters:ServiceNow:744000108870055
ServiceNow:744000138179499,ServiceNow,"Machine Learning Engineering Manager, GAI Search Relevance - Moveworks","Mountain View, CALIFORNIA, United States","Engineering, Infrastructure and Operations",https://jobs.smartrecruiters.com/ServiceNow/744000138179499,2026-07-16T18:33:49.642Z,2026-07-16,2026-07-16T18:41:38+00:00,2026-07-16 11:41 Thu,AI / ML,true,Keyword,43,keyword-only heuristic,false,smartrecruiters:ServiceNow:744000138179499
ServiceNow:744000140981800,ServiceNow,"Manager, Customer Success Management","San Diego, CALIFORNIA, United States",Customer Service,https://jobs.smartrecruiters.com/ServiceNow/744000140981800,2026-07-31T19:06:24.587Z,2026-07-31,2026-07-31T19:17:21+00:00,2026-07-31 12:17 Fri,,false,,,,false,smartrecruiters:ServiceNow:744000140981800
ServiceNow:744000141008609,ServiceNow,"Manager, Customer Success Management","Atlanta, Georgia, United States",Customer Service,https://jobs.smartrecruiters.com/ServiceNow/744000141008609,2026-07-31T23:12:31.049Z,2026-07-31,2026-07-31T23:17:14+00:00,2026-07-31 16:17 Fri,,false,,,,false,smartrecruiters:ServiceNow:744000141008609
ServiceNow:744000142006099,ServiceNow,"Manager, Customer Success Management","Atlanta, Georgia, United States",Customer Service,https://jobs.smartrecruiters.com/ServiceNow/744000142006099,2026-08-06T21:21:06.209Z,2026-08-06,2026-08-06T21:59:37+00:00,2026-08-06 14:59 Thu,,false,,,,false,smartrecruiters:ServiceNow:744000142006099
ServiceNow:744000133857499,ServiceNow,"Manager, Deal Operations","Tokyo, , Japan",Corporate Development & Strategy,https://jobs.smartrecruiters.com/ServiceNow/744000133857499,2026-06-24T05:31:51.774Z,2026-06-24,2026-07-11T03:36:34+00:00,2026-07-10 20:36 Fri,,false,,,,false,smartrecruiters:ServiceNow:744000133857499
ServiceNow:744000139639824,ServiceNow,"Manager, Industry Solutions","San Diego, California, United States",Sales,https://jobs.smartrecruiters.com/ServiceNow/744000139639824,2026-07-24T15:27:59.606Z,2026-07-24,2026-07-24T15:41:48+00:00,2026-07-24 08:41 Fri,,false,,,,false,smartrecruiters:ServiceNow:744000139639824
ServiceNow:744000141979799,ServiceNow,"Manager, Industry Solutions","San Diego, California, United States",Sales,https://jobs.smartrecruiters.com/ServiceNow/744000141979799,2026-08-06T18:07:08.412Z,2026-08-06,2026-08-06T19:26:51+00:00,2026-08-06 12:26 Thu,,false,,,,false,smartrecruiters:ServiceNow:744000141979799
ServiceNow:744000138712409,ServiceNow,"Manager, Mid-Market Sales","San Diego, CALIFORNIA, United States",Sales,https://jobs.smartrecruiters.com/ServiceNow/744000138712409,2026-07-20T18:37:50.691Z,2026-07-20,2026-07-20T18:59:37+00:00,2026-07-20 11:59 Mon,,false,,,,false,smartrecruiters:ServiceNow:744000138712409
ServiceNow:744000141296400,ServiceNow,"Manager, Mid-Market Sales (Armis)","San Diego, CALIFORNIA, United States",Sales,https://jobs.smartrecruiters.com/ServiceNow/744000141296400,2026-08-03T15:26:45.763Z,2026-08-03,2026-08-03T15:34:11+00:00,2026-08-03 08:34 Mon,,false,,,,false,smartrecruiters:ServiceNow:744000141296400
ServiceNow:744000141741609,ServiceNow,"Manager, Mid-Market Sales (Armis)","San Diego, CALIFORNIA, United States",Sales,https://jobs.smartrecruiters.com/ServiceNow/744000141741609,2026-08-05T14:47:02.677Z,2026-08-05,2026-08-05T14:59:44+00:00,2026-08-05 07:59 Wed,,false,,,,false,smartrecruiters:ServiceNow:744000141741609
ServiceNow:744000144789104,ServiceNow,"Manager, Mid-Market Sales (Armis)","San Diego, CALIFORNIA, United States",Sales,https://jobs.smartrecruiters.com/ServiceNow/744000144789104,2026-08-21T15:15:03.782Z,2026-08-21,2026-08-21T15:42:03+00:00,2026-08-21 08:42 Fri,,false,,,,false,smartrecruiters:ServiceNow:744000144789104
ServiceNow:744000143157877,ServiceNow,"Manager, Network Reliability and Resiliency","Toronto, Ontario, Canada","Engineering, Infrastructure and Operations",https://jobs.smartrecruiters.com/ServiceNow/744000143157877,2026-08-12T18:05:32.132Z,2026-08-12,2026-08-12T18:18:19+00:00,2026-08-12 11:18 Wed,,false,,,,false,smartrecruiters:ServiceNow:744000143157877
ServiceNow:744000139654275,ServiceNow,"Manager, People Operations (Total Rewards and Talent)","West Palm Beach, Florida, United States",Human Resources,https://jobs.smartrecruiters.com/ServiceNow/744000139654275,2026-07-24T16:51:24.019Z,2026-07-24,2026-07-24T16:59:14+00:00,2026-07-24 09:59 Fri,,false,,,,false,smartrecruiters:ServiceNow:744000139654275
ServiceNow:744000139353571,ServiceNow,"Manager, Product Design, Customer & Partner Experience","Atlanta, GEORGIA, United States",User Experience Design,https://jobs.smartrecruiters.com/ServiceNow/744000139353571,2026-07-23T19:28:17.902Z,2026-07-23,2026-07-23T19:41:52+00:00,2026-07-23 12:41 Thu,,false,,,,false,smartrecruiters:ServiceNow:744000139353571
ServiceNow:744000141574539,ServiceNow,"Manager, Product Design, Customer & Partner Experience","Atlanta, GEORGIA, United States",User Experience Design,https://jobs.smartrecruiters.com/ServiceNow/744000141574539,2026-08-04T20:09:19.020Z,2026-08-04,2026-08-04T20:17:37+00:00,2026-08-04 13:17 Tue,,false,,,,false,smartrecruiters:ServiceNow:744000141574539
ServiceNow:744000139517059,ServiceNow,"Manager, Renewals Sales (ASEAN, Korea & India)","Singapore, Singapore, Singapore",Customer Excellence HQ,https://jobs.smartrecruiters.com/ServiceNow/744000139517059,2026-07-24T04:52:13.661Z,2026-07-24,2026-07-24T04:59:11+00:00,2026-07-23 21:59 Thu,,false,,,,false,smartrecruiters:ServiceNow:744000139517059
ServiceNow:744000139517199,ServiceNow,"Manager, Renewals Sales (ASEAN, Korea & India)","Singapore, Singapore, Singapore",Customer Excellence HQ,https://jobs.smartrecruiters.com/ServiceNow/744000139517199,2026-07-24T04:55:19.907Z,2026-07-24,2026-07-24T05:17:17+00:00,2026-07-23 22:17 Thu,,false,,,,false,smartrecruiters:ServiceNow:744000139517199
ServiceNow:744000132661259,ServiceNow,"Manager, Software Engineering Management","Santa Clara, CALIFORNIA, United States","Engineering, Infrastructure and Operations",https://jobs.smartrecruiters.com/ServiceNow/744000132661259,2026-06-17T14:41:12.278Z,2026-06-17,2026-07-11T03:36:34+00:00,2026-07-10 20:36 Fri,,false,,,,false,smartrecruiters:ServiceNow:744000132661259
ServiceNow:744000138897471,ServiceNow,"Manager, Software Engineering Management","Santa Clara, CALIFORNIA, United States","Engineering, Infrastructure and Operations",https://jobs.smartrecruiters.com/ServiceNow/744000138897471,2026-07-21T15:22:04.523Z,2026-07-21,2026-07-21T15:41:30+00:00,2026-07-21 08:41 Tue,Software Engineering,true,Keyword,40,keyword-only heuristic,false,smartrecruiters:ServiceNow:744000138897471
ServiceNow:744000135328629,ServiceNow,"Manager, Software Engineering Management - ITAM ","Santa Clara, California, United States","Engineering, Infrastructure and Operations",https://jobs.smartrecruiters.com/ServiceNow/744000135328629,2026-07-01T18:21:24.489Z,2026-07-01,2026-07-11T03:36:34+00:00,2026-07-10 20:36 Fri,,false,,,,false,smartrecruiters:ServiceNow:744000135328629
ServiceNow:744000144403302,ServiceNow,"Manager, Software Engineering Omni Channel Management","Santa Clara, CALIFORNIA, United States","Engineering, Infrastructure and Operations",https://jobs.smartrecruiters.com/ServiceNow/744000144403302,2026-08-19T20:39:23.995Z,2026-08-19,2026-08-19T20:50:19+00:00,2026-08-19 13:50 Wed,Software Engineering,true,CLI,18,"The candidate has strong computer vision, backend, and software engineering experience but lacks the people-management, omnichannel platform, and senior leadership background expected for a Software Engineering Manager role.",false,smartrecruiters:ServiceNow:744000144403302
ServiceNow:744000138936725,ServiceNow,"Manager, Strategic Planning Operations","San Diego, California, United States",Marketing,https://jobs.smartrecruiters.com/ServiceNow/744000138936725,2026-07-21T18:43:20.296Z,2026-07-21,2026-07-21T18:59:37+00:00,2026-07-21 11:59 Tue,,false,,,,false,smartrecruiters:ServiceNow:744000138936725
ServiceNow:744000140329739,ServiceNow,"Manager, Strategic Planning Operations","San Diego, California, United States",Marketing,https://jobs.smartrecruiters.com/ServiceNow/744000140329739,2026-07-28T19:50:43.644Z,2026-07-28,2026-07-28T19:59:39+00:00,2026-07-28 12:59 Tue,,false,,,,false,smartrecruiters:ServiceNow:744000140329739
ServiceNow:744000141985859,ServiceNow,"Manager, Strategic Planning Operations","Santa Clara, California, United States",Marketing,https://jobs.smartrecruiters.com/ServiceNow/744000141985859,2026-08-06T18:50:19.423Z,2026-08-06,2026-08-06T19:26:51+00:00,2026-08-06 12:26 Thu,,false,,,,false,smartrecruiters:ServiceNow:744000141985859
ServiceNow:744000141601999,ServiceNow,"Manager, Systems Engineering","Toronto, Ontario, Canada","Engineering, Infrastructure and Operations",https://jobs.smartrecruiters.com/ServiceNow/744000141601999,2026-08-05T00:11:46.201Z,2026-08-05,2026-08-05T00:17:30+00:00,2026-08-04 17:17 Tue,,false,,,,false,smartrecruiters:ServiceNow:744000141601999
ServiceNow:744000141763149,ServiceNow,"Manager, Systems Engineering","Toronto, Ontario, Canada","Engineering, Infrastructure and Operations",https://jobs.smartrecruiters.com/ServiceNow/744000141763149,2026-08-05T16:30:45.952Z,2026-08-05,2026-08-05T16:41:49+00:00,2026-08-05 09:41 Wed,,false,,,,false,smartrecruiters:ServiceNow:744000141763149
ServiceNow:744000141937080,ServiceNow,"Manager, Systems Engineering","Toronto, Ontario, Canada","Engineering, Infrastructure and Operations",https://jobs.smartrecruiters.com/ServiceNow/744000141937080,2026-08-06T14:23:00.932Z,2026-08-06,2026-08-06T14:41:55+00:00,2026-08-06 07:41 Thu,,false,,,,false,smartrecruiters:ServiceNow:744000141937080
ServiceNow:744000141412539,ServiceNow,"Manager, Applications Dev Engrg Management","Hyderabad, Telangana , India","Engineering, Infrastructure and Operations",https://jobs.smartrecruiters.com/ServiceNow/744000141412539,2026-08-04T05:48:51.798Z,2026-08-04,2026-08-04T05:59:03+00:00,2026-08-03 22:59 Mon,,false,,,,false,smartrecruiters:ServiceNow:744000141412539
ServiceNow:744000141293630,ServiceNow,"Mgr, Expert Services Management (Armis)","Milan, , Italy",Professional Services,https://jobs.smartrecruiters.com/ServiceNow/744000141293630,2026-08-03T15:28:35.308Z,2026-08-03,2026-08-03T15:34:11+00:00,2026-08-03 08:34 Mon,,false,,,,false,smartrecruiters:ServiceNow:744000141293630
ServiceNow:744000127582580,ServiceNow,"Mgr, Software Engrg Mgmt","Hyderabad, , India","Engineering, Infrastructure and Operations",https://jobs.smartrecruiters.com/ServiceNow/744000127582580,2026-05-21T06:30:19.696Z,2026-05-21,2026-07-11T03:36:34+00:00,2026-07-10 20:36 Fri,,false,,,,false,smartrecruiters:ServiceNow:744000127582580
ServiceNow:744000135171599,ServiceNow,"Mgr, Software Engrg Mgmt","Hyderabad, , India","Engineering, Infrastructure and Operations",https://jobs.smartrecruiters.com/ServiceNow/744000135171599,2026-07-01T05:54:49.461Z,2026-07-01,2026-07-11T03:36:34+00:00,2026-07-10 20:36 Fri,,false,,,,false,smartrecruiters:ServiceNow:744000135171599
ServiceNow:744000143028899,ServiceNow,"Mgr, Software Engrg Mgmt","Bangalore, Karnataka, India","Engineering, Infrastructure and Operations",https://jobs.smartrecruiters.com/ServiceNow/744000143028899,2026-08-12T05:49:39.260Z,2026-08-12,2026-08-12T05:59:25+00:00,2026-08-11 22:59 Tue,,false,,,,false,smartrecruiters:ServiceNow:744000143028899
ServiceNow:744000138087659,ServiceNow,"Mgr, Strategic Planning/Analytics Mgmt","Tel Aviv, , Israel","Engineering, Infrastructure and Operations",https://jobs.smartrecruiters.com/ServiceNow/744000138087659,2026-07-16T11:08:09.181Z,2026-07-16,2026-07-16T11:17:29+00:00,2026-07-16 04:17 Thu,,false,,,,false,smartrecruiters:ServiceNow:744000138087659
ServiceNow:744000134101311,ServiceNow,Mid-Market Account Executive,"Tokyo, , Japan",Sales,https://jobs.smartrecruiters.com/ServiceNow/744000134101311,2026-06-25T02:25:59.197Z,2026-06-25,2026-07-11T03:36:34+00:00,2026-07-10 20:36 Fri,,false,,,,false,smartrecruiters:ServiceNow:744000134101311
ServiceNow:744000138253085,ServiceNow,Moveworks Sr Customer Success Manager,"Melbourne, Victoria, Australia",Customer Excellence HQ,https://jobs.smartrecruiters.com/ServiceNow/744000138253085,2026-07-17T06:31:40.324Z,2026-07-17,2026-07-17T06:41:21+00:00,2026-07-16 23:41 Thu,,false,,,,false,smartrecruiters:ServiceNow:744000138253085
ServiceNow:744000138255690,ServiceNow,Moveworks Sr Customer Success Manager,"Sydney, NSW, Australia",Customer Excellence HQ,https://jobs.smartrecruiters.com/ServiceNow/744000138255690,2026-07-17T06:42:59.548Z,2026-07-17,2026-07-17T06:59:12+00:00,2026-07-16 23:59 Thu,,false,,,,false,smartrecruiters:ServiceNow:744000138255690
ServiceNow:744000132695928,ServiceNow,New Logo Account Executive ,"Atlanta, Georgia, United States",Sales,https://jobs.smartrecruiters.com/ServiceNow/744000132695928,2026-06-17T17:24:18.627Z,2026-06-17,2026-07-11T03:36:34+00:00,2026-07-10 20:36 Fri,,false,,,,false,smartrecruiters:ServiceNow:744000132695928
ServiceNow:744000129704009,ServiceNow,New Logo Account Executive - Baltics,"Helsinki, , Finland",Sales,https://jobs.smartrecruiters.com/ServiceNow/744000129704009,2026-06-02T09:35:05.586Z,2026-06-02,2026-07-11T03:36:34+00:00,2026-07-10 20:36 Fri,,false,,,,false,smartrecruiters:ServiceNow:744000129704009
ServiceNow:744000109996527,ServiceNow,New Logo Account Executive - Greek speaking,"Wien, , Austria",Sales,https://jobs.smartrecruiters.com/ServiceNow/744000109996527,2026-02-18T17:02:57.964Z,2026-02-18,2026-07-11T03:36:34+00:00,2026-07-10 20:36 Fri,,false,,,,false,smartrecruiters:ServiceNow:744000109996527
ServiceNow:744000109997730,ServiceNow,New Logo Account Executive - Greek speaking,"Munich, , Germany",Sales,https://jobs.smartrecruiters.com/ServiceNow/744000109997730,2026-02-18T17:04:38.535Z,2026-02-18,2026-07-11T03:36:34+00:00,2026-07-10 20:36 Fri,,false,,,,false,smartrecruiters:ServiceNow:744000109997730
ServiceNow:744000130831250,ServiceNow,New Logo Account Executive - Greek Speaking,"Dublin, , Ireland",Sales,https://jobs.smartrecruiters.com/ServiceNow/744000130831250,2026-06-08T15:13:29.917Z,2026-06-08,2026-07-11T03:36:34+00:00,2026-07-10 20:36 Fri,,false,,,,false,smartrecruiters:ServiceNow:744000130831250
ServiceNow:744000138048774,ServiceNow,New Logo Account Executive -Policing ,"Staines, , United Kingdom",Sales,https://jobs.smartrecruiters.com/ServiceNow/744000138048774,2026-07-16T08:01:14.868Z,2026-07-16,2026-07-16T08:17:06+00:00,2026-07-16 01:17 Thu,,false,,,,false,smartrecruiters:ServiceNow:744000138048774
ServiceNow:744000143539161,ServiceNow,OTC Customer Support Analyst,"San Francisco de Heredia, , Costa Rica",Finance & Accounting,https://jobs.smartrecruiters.com/ServiceNow/744000143539161,2026-08-14T15:06:42.338Z,2026-08-14,2026-08-14T15:17:25+00:00,2026-08-14 08:17 Fri,,false,,,,false,smartrecruiters:ServiceNow:744000143539161
ServiceNow:744000119268697,ServiceNow,Partner Account Manager,"Tokyo, , Japan",Sales,https://jobs.smartrecruiters.com/ServiceNow/744000119268697,2026-04-08T02:51:01.173Z,2026-04-08,2026-07-11T03:36:34+00:00,2026-07-10 20:36 Fri,,false,,,,false,smartrecruiters:ServiceNow:744000119268697
ServiceNow:744000137558364,ServiceNow,Partner Account Manager,"Tokyo, , Japan",Sales,https://jobs.smartrecruiters.com/ServiceNow/744000137558364,2026-07-14T01:19:04.295Z,2026-07-14,2026-07-14T01:41:15+00:00,2026-07-13 18:41 Mon,,false,,,,false,smartrecruiters:ServiceNow:744000137558364
ServiceNow:744000138987469,ServiceNow,Partner Account Manager,"Tokyo, , Japan",Sales,https://jobs.smartrecruiters.com/ServiceNow/744000138987469,2026-07-22T04:11:12.153Z,2026-07-22,2026-07-22T04:17:17+00:00,2026-07-21 21:17 Tue,,false,,,,false,smartrecruiters:ServiceNow:744000138987469
ServiceNow:744000134712729,ServiceNow,Partner Manager,"Issy Les Moulineaux, PARIS, France",Sales,https://jobs.smartrecruiters.com/ServiceNow/744000134712729,2026-06-29T07:31:49.687Z,2026-06-29,2026-07-11T03:36:34+00:00,2026-07-10 20:36 Fri,,false,,,,false,smartrecruiters:ServiceNow:744000134712729
ServiceNow:744000141880796,ServiceNow,Partner Manager,"Dubai, , United Arab Emirates",Sales,https://jobs.smartrecruiters.com/ServiceNow/744000141880796,2026-08-06T09:42:48.629Z,2026-08-06,2026-08-06T09:59:12+00:00,2026-08-06 02:59 Thu,,false,,,,false,smartrecruiters:ServiceNow:744000141880796
ServiceNow:744000141881389,ServiceNow,Partner Manager,"Dubai, , United Arab Emirates",Sales,https://jobs.smartrecruiters.com/ServiceNow/744000141881389,2026-08-06T09:42:29.723Z,2026-08-06,2026-08-06T09:59:12+00:00,2026-08-06 02:59 Thu,,false,,,,false,smartrecruiters:ServiceNow:744000141881389
ServiceNow:744000143772732,ServiceNow,Partner Manager,"Zurich, , Switzerland",Sales,https://jobs.smartrecruiters.com/ServiceNow/744000143772732,2026-08-17T08:39:16.784Z,2026-08-17,2026-08-17T08:59:20+00:00,2026-08-17 01:59 Mon,,false,,,,false,smartrecruiters:ServiceNow:744000143772732
ServiceNow:744000143894239,ServiceNow,Partner Manager,"West Palm Beach, Florida, United States",Sales,https://jobs.smartrecruiters.com/ServiceNow/744000143894239,2026-08-17T17:44:08.278Z,2026-08-17,2026-08-17T17:59:24+00:00,2026-08-17 10:59 Mon,,false,,,,false,smartrecruiters:ServiceNow:744000143894239
ServiceNow:744000143913279,ServiceNow,Partner Manager,"West Palm Beach, Florida, United States",Sales,https://jobs.smartrecruiters.com/ServiceNow/744000143913279,2026-08-17T19:11:01.102Z,2026-08-17,2026-08-17T19:18:05+00:00,2026-08-17 12:18 Mon,,false,,,,false,smartrecruiters:ServiceNow:744000143913279
ServiceNow:744000144142138,ServiceNow,Partner Manager,"Charlotte, North Carolina, United States",Sales,https://jobs.smartrecruiters.com/ServiceNow/744000144142138,2026-08-18T18:07:29.676Z,2026-08-18,2026-08-18T18:30:55+00:00,2026-08-18 11:30 Tue,,false,,,,false,smartrecruiters:ServiceNow:744000144142138
ServiceNow:744000144718129,ServiceNow,Partner Manager,"Zurich, , Switzerland",Sales,https://jobs.smartrecruiters.com/ServiceNow/744000144718129,2026-08-21T09:00:40.321Z,2026-08-21,2026-08-21T09:18:11+00:00,2026-08-21 02:18 Fri,,false,,,,false,smartrecruiters:ServiceNow:744000144718129
ServiceNow:744000144844939,ServiceNow,Partner Manager,"San Diego, California, United States",Sales,https://jobs.smartrecruiters.com/ServiceNow/744000144844939,2026-08-21T22:01:58.514Z,2026-08-21,2026-08-21T22:07:11+00:00,2026-08-21 15:07 Fri,,false,,,,false,smartrecruiters:ServiceNow:744000144844939
ServiceNow:744000132179749,ServiceNow,Partner Manager UKI,"Staines, , United Kingdom",Sales,https://jobs.smartrecruiters.com/ServiceNow/744000132179749,2026-06-15T11:39:57.707Z,2026-06-15,2026-07-11T03:36:34+00:00,2026-07-10 20:36 Fri,,false,,,,false,smartrecruiters:ServiceNow:744000132179749
ServiceNow:744000144601789,ServiceNow,"Partner Manager, Singapore ","Singapore, , Singapore",Sales,https://jobs.smartrecruiters.com/ServiceNow/744000144601789,2026-08-20T16:54:24.562Z,2026-08-20,2026-08-20T17:00:12+00:00,2026-08-20 10:00 Thu,,false,,,,false,smartrecruiters:ServiceNow:744000144601789
ServiceNow:744000144595027,ServiceNow,"Partner Manager, Technology Distributors – APAC","Singapore, , Singapore",Sales,https://jobs.smartrecruiters.com/ServiceNow/744000144595027,2026-08-20T16:18:12.923Z,2026-08-20,2026-08-20T16:41:59+00:00,2026-08-20 09:41 Thu,,false,,,,false,smartrecruiters:ServiceNow:744000144595027
ServiceNow:744000141173109,ServiceNow,Partner Sales Manager (Re-seller) - ANZ,"Sydney, NSW, Australia",Sales,https://jobs.smartrecruiters.com/ServiceNow/744000141173109,2026-08-03T04:26:36.157Z,2026-08-03,2026-08-03T04:41:11+00:00,2026-08-02 21:41 Sun,,false,,,,false,smartrecruiters:ServiceNow:744000141173109
ServiceNow:744000140162734,ServiceNow,"Partner Sales Manager, Indonesia","Singapore, , Singapore",Sales,https://jobs.smartrecruiters.com/ServiceNow/744000140162734,2026-07-28T07:07:44.844Z,2026-07-28,2026-07-28T07:17:32+00:00,2026-07-28 00:17 Tue,,false,,,,false,smartrecruiters:ServiceNow:744000140162734
ServiceNow:744000143436439,ServiceNow,"Partner Sales Manager, Indonesia","Singapore, , Singapore",Sales,https://jobs.smartrecruiters.com/ServiceNow/744000143436439,2026-08-14T04:25:45.403Z,2026-08-14,2026-08-14T04:31:35+00:00,2026-08-13 21:31 Thu,,false,,,,false,smartrecruiters:ServiceNow:744000143436439
ServiceNow:744000143458599,ServiceNow,Partner Solution Engineer ,"Staines, , United Kingdom",Sales,https://jobs.smartrecruiters.com/ServiceNow/744000143458599,2026-08-14T07:57:40.950Z,2026-08-14,2026-08-14T08:17:26+00:00,2026-08-14 01:17 Fri,,false,,,,false,smartrecruiters:ServiceNow:744000143458599
ServiceNow:744000144585679,ServiceNow,Partner Solution Engineer UK&I or EMEA North,"Staines, , United Kingdom",Sales,https://jobs.smartrecruiters.com/ServiceNow/744000144585679,2026-08-20T15:24:45.477Z,2026-08-20,2026-08-20T15:41:51+00:00,2026-08-20 08:41 Thu,,false,,,,false,smartrecruiters:ServiceNow:744000144585679
ServiceNow:744000134830272,ServiceNow,Partner Technical Architect,"Waltham, Massachusetts, United States",Sales,https://jobs.smartrecruiters.com/ServiceNow/744000134830272,2026-06-29T15:47:53.622Z,2026-06-29,2026-07-11T03:36:34+00:00,2026-07-10 20:36 Fri,,false,,,,false,smartrecruiters:ServiceNow:744000134830272
ServiceNow:744000137672442,ServiceNow,Partner Technical Architect,"Boston, Massachusetts, United States",Sales,https://jobs.smartrecruiters.com/ServiceNow/744000137672442,2026-07-14T13:54:24.376Z,2026-07-14,2026-07-14T14:17:06+00:00,2026-07-14 07:17 Tue,,false,,,,false,smartrecruiters:ServiceNow:744000137672442
ServiceNow:744000140067535,ServiceNow,Partner Technical Architect,"Austin, Texas, United States",Sales,https://jobs.smartrecruiters.com/ServiceNow/744000140067535,2026-07-27T18:09:14.697Z,2026-07-27,2026-07-27T18:18:04+00:00,2026-07-27 11:18 Mon,,false,,,,false,smartrecruiters:ServiceNow:744000140067535
ServiceNow:744000140067327,ServiceNow,Partner Technical Architect,"Boston, Massachusetts, United States",Sales,https://jobs.smartrecruiters.com/ServiceNow/744000140067327,2026-07-27T18:19:28.223Z,2026-07-27,2026-07-27T18:41:48+00:00,2026-07-27 11:41 Mon,,false,,,,false,smartrecruiters:ServiceNow:744000140067327
ServiceNow:744000140069329,ServiceNow,Partner Technical Architect,"Austin, Texas, United States",Sales,https://jobs.smartrecruiters.com/ServiceNow/744000140069329,2026-07-27T18:22:27.698Z,2026-07-27,2026-07-27T18:41:48+00:00,2026-07-27 11:41 Mon,,false,,,,false,smartrecruiters:ServiceNow:744000140069329
ServiceNow:744000141543360,ServiceNow,Partner Technical Architect,"Chicago, Illinois, United States",Sales,https://jobs.smartrecruiters.com/ServiceNow/744000141543360,2026-08-04T16:43:39.893Z,2026-08-04,2026-08-04T16:59:26+00:00,2026-08-04 09:59 Tue,,false,,,,false,smartrecruiters:ServiceNow:744000141543360
ServiceNow:744000142951829,ServiceNow,Partner Technical Architect,"Chicago, Illinois, United States",Sales,https://jobs.smartrecruiters.com/ServiceNow/744000142951829,2026-08-11T18:44:40.771Z,2026-08-11,2026-08-11T18:59:59+00:00,2026-08-11 11:59 Tue,,false,,,,false,smartrecruiters:ServiceNow:744000142951829
ServiceNow:744000144607975,ServiceNow,Partner Technology Architect ,"Austin, Texas , United States",Sales,https://jobs.smartrecruiters.com/ServiceNow/744000144607975,2026-08-20T17:41:31.652Z,2026-08-20,2026-08-20T17:49:39+00:00,2026-08-20 10:49 Thu,,false,,,,false,smartrecruiters:ServiceNow:744000144607975
ServiceNow:744000144608919,ServiceNow,Partner Technology Architect ,"Austin, Texas , United States",Sales,https://jobs.smartrecruiters.com/ServiceNow/744000144608919,2026-08-20T17:42:10.698Z,2026-08-20,2026-08-20T17:49:39+00:00,2026-08-20 10:49 Thu,,false,,,,false,smartrecruiters:ServiceNow:744000144608919
ServiceNow:744000143506950,ServiceNow,Partner Technology Architect - EMEA North,"Stockholm, , Sweden",Sales,https://jobs.smartrecruiters.com/ServiceNow/744000143506950,2026-08-14T12:53:10.646Z,2026-08-14,2026-08-14T12:59:40+00:00,2026-08-14 05:59 Fri,,false,,,,false,smartrecruiters:ServiceNow:744000143506950
ServiceNow:744000142816910,ServiceNow,Partner Technology Architect — Technology Partners ,"Singapore, , Singapore",Sales,https://jobs.smartrecruiters.com/ServiceNow/744000142816910,2026-08-11T08:26:37.168Z,2026-08-11,2026-08-11T08:41:38+00:00,2026-08-11 01:41 Tue,,false,,,,false,smartrecruiters:ServiceNow:744000142816910
ServiceNow:744000130530609,ServiceNow,People Operations Manager,"West Palm Beach, Florida, United States",Human Resources,https://jobs.smartrecruiters.com/ServiceNow/744000130530609,2026-06-05T14:26:37.344Z,2026-06-05,2026-07-11T03:36:34+00:00,2026-07-10 20:36 Fri,,false,,,,false,smartrecruiters:ServiceNow:744000130530609
ServiceNow:744000143155339,ServiceNow,People Operations Team Lead,"San Francisco de Heredia, , Costa Rica",Human Resources,https://jobs.smartrecruiters.com/ServiceNow/744000143155339,2026-08-12T17:33:20.834Z,2026-08-12,2026-08-12T17:41:49+00:00,2026-08-12 10:41 Wed,,false,,,,false,smartrecruiters:ServiceNow:744000143155339
ServiceNow:744000137614519,ServiceNow,Platform Architect,"Tokyo, , Japan",Customer Outcomes,https://jobs.smartrecruiters.com/ServiceNow/744000137614519,2026-07-14T08:33:30.862Z,2026-07-14,2026-07-14T08:40:54+00:00,2026-07-14 01:40 Tue,,false,,,,false,smartrecruiters:ServiceNow:744000137614519
ServiceNow:744000137795219,ServiceNow,Platform Architect,"Tokyo, , Japan",Customer Outcomes,https://jobs.smartrecruiters.com/ServiceNow/744000137795219,2026-07-15T03:27:20.236Z,2026-07-15,2026-07-15T03:41:12+00:00,2026-07-14 20:41 Tue,,false,,,,false,smartrecruiters:ServiceNow:744000137795219
ServiceNow:744000138779739,ServiceNow,Platform Architect,"Tokyo, , Japan",Customer Outcomes,https://jobs.smartrecruiters.com/ServiceNow/744000138779739,2026-07-21T04:48:44.023Z,2026-07-21,2026-07-21T04:59:09+00:00,2026-07-20 21:59 Mon,,false,,,,false,smartrecruiters:ServiceNow:744000138779739
ServiceNow:744000142582706,ServiceNow,"Presales Solution Consultant - Platform, Data & AI","Munich, , Germany",Sales,https://jobs.smartrecruiters.com/ServiceNow/744000142582706,2026-08-10T08:33:11.603Z,2026-08-10,2026-08-10T08:41:29+00:00,2026-08-10 01:41 Mon,,false,,,,false,smartrecruiters:ServiceNow:744000142582706
ServiceNow:744000142821269,ServiceNow,"Presales Solution Consultant - Platform, Data & AI","Munich, , Germany",Sales,https://jobs.smartrecruiters.com/ServiceNow/744000142821269,2026-08-11T08:47:55.718Z,2026-08-11,2026-08-11T08:59:30+00:00,2026-08-11 01:59 Tue,,false,,,,false,smartrecruiters:ServiceNow:744000142821269
ServiceNow:744000135598039,ServiceNow,Pricing Director,"New York, NEW YORK, United States",Marketing,https://jobs.smartrecruiters.com/ServiceNow/744000135598039,2026-07-02T21:30:54.617Z,2026-07-02,2026-07-11T03:36:34+00:00,2026-07-10 20:36 Fri,,false,,,,false,smartrecruiters:ServiceNow:744000135598039
ServiceNow:744000138742829,ServiceNow,Pricing Operations Manager,"West Palm Beach, Florida, United States",Marketing,https://jobs.smartrecruiters.com/ServiceNow/744000138742829,2026-07-21T00:08:15.844Z,2026-07-21,2026-07-21T00:17:09+00:00,2026-07-20 17:17 Mon,,false,,,,false,smartrecruiters:ServiceNow:744000138742829
ServiceNow:744000137208079,ServiceNow,Principal / Distinguished Engineer - Mulit-Cloud - Control Plane - Kubernetes,"Santa Clara, California, United States","Engineering, Infrastructure and Operations",https://jobs.smartrecruiters.com/ServiceNow/744000137208079,2026-07-10T19:54:56.053Z,2026-07-10,2026-07-11T03:36:34+00:00,2026-07-10 20:36 Fri,,false,,,,false,smartrecruiters:ServiceNow:744000137208079
ServiceNow:744000137207914,ServiceNow,Principal / Distinguished Engineer - Mulit-Cloud Control Plane - Kubernetes,"San Diego, California, United States","Engineering, Infrastructure and Operations",https://jobs.smartrecruiters.com/ServiceNow/744000137207914,2026-07-10T19:55:48.930Z,2026-07-10,2026-07-11T03:36:34+00:00,2026-07-10 20:36 Fri,,false,,,,false,smartrecruiters:ServiceNow:744000137207914
ServiceNow:744000137980749,ServiceNow,Principal / Distinguished Engineer - Multi-Cloud - Control Plane - Kubernetes,"Santa Clara, California, United States","Engineering, Infrastructure and Operations",https://jobs.smartrecruiters.com/ServiceNow/744000137980749,2026-07-15T20:57:57.113Z,2026-07-15,2026-07-15T21:16:41+00:00,2026-07-15 14:16 Wed,,false,,,,false,smartrecruiters:ServiceNow:744000137980749
ServiceNow:744000137980507,ServiceNow,Principal / Distinguished Engineer - Multi-Cloud Control Plane - Kubernetes,"San Diego, California, United States","Engineering, Infrastructure and Operations",https://jobs.smartrecruiters.com/ServiceNow/744000137980507,2026-07-15T20:58:51.834Z,2026-07-15,2026-07-15T21:16:41+00:00,2026-07-15 14:16 Wed,,false,,,,false,smartrecruiters:ServiceNow:744000137980507
ServiceNow:744000144408959,ServiceNow,Principal AI Native Software Engineer,"Santa Clara, California, United States","Engineering, Infrastructure and Operations",https://jobs.smartrecruiters.com/ServiceNow/744000144408959,2026-08-19T21:22:17.795Z,2026-08-19,2026-08-19T21:40:32+00:00,2026-08-19 14:40 Wed,,false,,,,false,smartrecruiters:ServiceNow:744000144408959
ServiceNow:744000144631529,ServiceNow,Principal AI Native Software Engineer,"Santa Clara, California, United States","Engineering, Infrastructure and Operations",https://jobs.smartrecruiters.com/ServiceNow/744000144631529,2026-08-20T20:15:48.283Z,2026-08-20,2026-08-20T20:42:18+00:00,2026-08-20 13:42 Thu,,false,,,,false,smartrecruiters:ServiceNow:744000144631529
ServiceNow:744000140410695,ServiceNow,Principal AI Security Engineer ,"Petah Tikva, , Israel",Engineering,https://jobs.smartrecruiters.com/ServiceNow/744000140410695,2026-07-29T08:35:36.040Z,2026-07-29,2026-07-29T08:41:25+00:00,2026-07-29 01:41 Wed,,false,,,,false,smartrecruiters:ServiceNow:744000140410695
ServiceNow:744000142735300,ServiceNow,Principal Customer Success Manager - Veza,"Washington, DC, United States",Customer Excellence Geo HQ,https://jobs.smartrecruiters.com/ServiceNow/744000142735300,2026-08-10T21:09:43.711Z,2026-08-10,2026-08-10T21:17:38+00:00,2026-08-10 14:17 Mon,,false,,,,false,smartrecruiters:ServiceNow:744000142735300
ServiceNow:744000142735384,ServiceNow,Principal Customer Success Manager - Veza,"Waltham, Massachusetts , United States",Customer Excellence Geo HQ,https://jobs.smartrecruiters.com/ServiceNow/744000142735384,2026-08-10T21:01:11.543Z,2026-08-10,2026-08-10T21:17:38+00:00,2026-08-10 14:17 Mon,,false,,,,false,smartrecruiters:ServiceNow:744000142735384
ServiceNow:744000143852989,ServiceNow,Principal Customer Success Manager - Veza,"Remote , Illinois , United States",Customer Excellence Geo HQ,https://jobs.smartrecruiters.com/ServiceNow/744000143852989,2026-08-17T14:25:55.692Z,2026-08-17,2026-08-17T14:41:37+00:00,2026-08-17 07:41 Mon,,false,,,,false,smartrecruiters:ServiceNow:744000143852989
ServiceNow:744000143489679,ServiceNow,Principal Engagement Manager ,"Frankfurt, , Germany",Customer Outcomes,https://jobs.smartrecruiters.com/ServiceNow/744000143489679,2026-08-14T11:05:39.440Z,2026-08-14,2026-08-14T11:17:33+00:00,2026-08-14 04:17 Fri,,false,,,,false,smartrecruiters:ServiceNow:744000143489679
ServiceNow:744000137553614,ServiceNow,Principal Engineer - Data Platform ,"Santa Clara, California, United States","Engineering, Infrastructure and Operations",https://jobs.smartrecruiters.com/ServiceNow/744000137553614,2026-07-13T23:43:19.773Z,2026-07-13,2026-07-13T23:59:06+00:00,2026-07-13 16:59 Mon,,false,,,,false,smartrecruiters:ServiceNow:744000137553614
ServiceNow:744000143146444,ServiceNow,"Principal Engineer, AI Security Governance | Endpoint Security Engineering","Kirkland, Washington, United States",Digital Technology,https://jobs.smartrecruiters.com/ServiceNow/744000143146444,2026-08-12T16:34:57.965Z,2026-08-12,2026-08-12T16:42:00+00:00,2026-08-12 09:42 Wed,,false,,,,false,smartrecruiters:ServiceNow:744000143146444
ServiceNow:744000142080959,ServiceNow,"Principal Enterprise Architect, Korea","Seoul, , Korea, republic of",Sales,https://jobs.smartrecruiters.com/ServiceNow/744000142080959,2026-08-07T08:49:08.069Z,2026-08-07,2026-08-07T08:59:05+00:00,2026-08-07 01:59 Fri,,false,,,,false,smartrecruiters:ServiceNow:744000142080959
ServiceNow:744000140463399,ServiceNow,Principal Inbound Product Manager,"Hyderabad, Telangana, India",Digital Technology,https://jobs.smartrecruiters.com/ServiceNow/744000140463399,2026-07-29T13:11:27.218Z,2026-07-29,2026-07-29T13:17:41+00:00,2026-07-29 06:17 Wed,,false,,,,false,smartrecruiters:ServiceNow:744000140463399
ServiceNow:744000144174389,ServiceNow,Principal Inbound Product Manager,"Santa Clara, California, United States",Product,https://jobs.smartrecruiters.com/ServiceNow/744000144174389,2026-08-18T22:17:56.129Z,2026-08-18,2026-08-18T22:26:59+00:00,2026-08-18 15:26 Tue,,false,,,,false,smartrecruiters:ServiceNow:744000144174389
ServiceNow:744000128790683,ServiceNow,Principal Inbound Product Manager - AI Assistant (Employee Experience)- MoveWorks,"Mountain View, California , United States",Product,https://jobs.smartrecruiters.com/ServiceNow/744000128790683,2026-05-27T19:36:36.908Z,2026-05-27,2026-07-11T03:36:34+00:00,2026-07-10 20:36 Fri,,false,,,,false,smartrecruiters:ServiceNow:744000128790683
ServiceNow:744000108296495,ServiceNow,Principal Inbound Product Manager - MoveWorks - Enterprise Search Platform ,"Mountain View, California , United States",Product,https://jobs.smartrecruiters.com/ServiceNow/744000108296495,2026-02-09T20:43:54.474Z,2026-02-09,2026-07-11T03:36:34+00:00,2026-07-10 20:36 Fri,,false,,,,false,smartrecruiters:ServiceNow:744000108296495
ServiceNow:744000140718654,ServiceNow,"Principal Inbound Product Manager, Agentic Platform - MoveWorks","Mountain View, California , United States",Product,https://jobs.smartrecruiters.com/ServiceNow/744000140718654,2026-07-30T15:21:45.660Z,2026-07-30,2026-07-30T15:42:09+00:00,2026-07-30 08:42 Thu,,false,,,,false,smartrecruiters:ServiceNow:744000140718654
ServiceNow:744000140478189,ServiceNow,Principal Machine Learning Engineer,"San Diego, California, United States",Product,https://jobs.smartrecruiters.com/ServiceNow/744000140478189,2026-07-29T14:09:33.111Z,2026-07-29,2026-07-29T14:17:20+00:00,2026-07-29 07:17 Wed,,false,,,,false,smartrecruiters:ServiceNow:744000140478189
ServiceNow:744000144385989,ServiceNow,Principal Machine Learning Software Engineer,"San Diego, California, United States","Engineering, Infrastructure and Operations",https://jobs.smartrecruiters.com/ServiceNow/744000144385989,2026-08-19T18:51:04.590Z,2026-08-19,2026-08-19T19:02:22+00:00,2026-08-19 12:02 Wed,,false,,,,false,smartrecruiters:ServiceNow:744000144385989
ServiceNow:744000130003035,ServiceNow,Principal Platform Architect,"Santa Clara, California, United States",Customer Outcomes,https://jobs.smartrecruiters.com/ServiceNow/744000130003035,2026-06-03T13:26:21.149Z,2026-06-03,2026-07-11T03:36:34+00:00,2026-07-10 20:36 Fri,,false,,,,false,smartrecruiters:ServiceNow:744000130003035
ServiceNow:744000132860279,ServiceNow,Principal Platform Architect,"Johannesburg, , South Africa",Customer Outcomes,https://jobs.smartrecruiters.com/ServiceNow/744000132860279,2026-06-18T12:47:54.844Z,2026-06-18,2026-07-11T03:36:34+00:00,2026-07-10 20:36 Fri,,false,,,,false,smartrecruiters:ServiceNow:744000132860279
ServiceNow:744000135711260,ServiceNow,Principal Platform Architect,"Staines, , United Kingdom",Customer Outcomes,https://jobs.smartrecruiters.com/ServiceNow/744000135711260,2026-07-03T11:53:58.674Z,2026-07-03,2026-07-11T03:36:34+00:00,2026-07-10 20:36 Fri,,false,,,,false,smartrecruiters:ServiceNow:744000135711260
ServiceNow:744000137810709,ServiceNow,Principal Platform Architect,"Singapore, , Singapore",Customer Excellence HQ,https://jobs.smartrecruiters.com/ServiceNow/744000137810709,2026-07-15T06:41:56.365Z,2026-07-15,2026-07-15T06:47:47+00:00,2026-07-14 23:47 Tue,,false,,,,false,smartrecruiters:ServiceNow:744000137810709
ServiceNow:744000138776469,ServiceNow,Principal Platform Architect,"Bangalore, Karnataka, India",Customer Excellence HQ,https://jobs.smartrecruiters.com/ServiceNow/744000138776469,2026-07-21T03:42:43.509Z,2026-07-21,2026-07-21T03:59:24+00:00,2026-07-20 20:59 Mon,,false,,,,false,smartrecruiters:ServiceNow:744000138776469
ServiceNow:744000138997349,ServiceNow,Principal Platform Architect,"Bangalore, Karnataka, India",Customer Excellence HQ,https://jobs.smartrecruiters.com/ServiceNow/744000138997349,2026-07-22T05:57:56.479Z,2026-07-22,2026-07-22T06:17:30+00:00,2026-07-21 23:17 Tue,,false,,,,false,smartrecruiters:ServiceNow:744000138997349
ServiceNow:744000139192809,ServiceNow,Principal Platform Architect,"Tokyo, , Japan",Customer Outcomes,https://jobs.smartrecruiters.com/ServiceNow/744000139192809,2026-07-23T01:53:33.281Z,2026-07-23,2026-07-23T01:59:22+00:00,2026-07-22 18:59 Wed,,false,,,,false,smartrecruiters:ServiceNow:744000139192809
ServiceNow:744000139587609,ServiceNow,Principal Platform Architect,"Staines, , United Kingdom",Customer Outcomes,https://jobs.smartrecruiters.com/ServiceNow/744000139587609,2026-07-24T12:14:16.800Z,2026-07-24,2026-07-24T12:41:44+00:00,2026-07-24 05:41 Fri,,false,,,,false,smartrecruiters:ServiceNow:744000139587609
ServiceNow:744000143758339,ServiceNow,Principal Platform Architect,"Mumbai, Maharashtra, India",Customer Excellence HQ,https://jobs.smartrecruiters.com/ServiceNow/744000143758339,2026-08-17T07:20:58.353Z,2026-08-17,2026-08-17T07:41:08+00:00,2026-08-17 00:41 Mon,,false,,,,false,smartrecruiters:ServiceNow:744000143758339
ServiceNow:744000144069669,ServiceNow,Principal Platform Architect - Commercial,"San Diego, California, United States",Customer Outcomes,https://jobs.smartrecruiters.com/ServiceNow/744000144069669,2026-08-18T13:14:46.096Z,2026-08-18,2026-08-18T13:30:15+00:00,2026-08-18 06:30 Tue,,false,,,,false,smartrecruiters:ServiceNow:744000144069669
ServiceNow:744000141432089,ServiceNow,Principal Presales Enterprise Architect,"Staines, , United Kingdom",Sales,https://jobs.smartrecruiters.com/ServiceNow/744000141432089,2026-08-04T08:02:10.885Z,2026-08-04,2026-08-04T08:17:21+00:00,2026-08-04 01:17 Tue,,false,,,,false,smartrecruiters:ServiceNow:744000141432089
ServiceNow:744000139029185,ServiceNow,Principal Presales Solution Architect,"Staines, , United Kingdom",Sales,https://jobs.smartrecruiters.com/ServiceNow/744000139029185,2026-07-22T09:15:52.453Z,2026-07-22,2026-07-22T09:41:21+00:00,2026-07-22 02:41 Wed,,false,,,,false,smartrecruiters:ServiceNow:744000139029185
ServiceNow:744000140257539,ServiceNow,Principal Presales Solution Architect,"Staines, , United Kingdom",Sales,https://jobs.smartrecruiters.com/ServiceNow/744000140257539,2026-07-28T14:21:00.319Z,2026-07-28,2026-07-28T14:35:37+00:00,2026-07-28 07:35 Tue,,false,,,,false,smartrecruiters:ServiceNow:744000140257539
ServiceNow:744000140436009,ServiceNow,Principal Presales Solution Architect,"Staines, , United Kingdom",Sales,https://jobs.smartrecruiters.com/ServiceNow/744000140436009,2026-07-29T10:54:09.644Z,2026-07-29,2026-07-29T10:59:03+00:00,2026-07-29 03:59 Wed,,false,,,,false,smartrecruiters:ServiceNow:744000140436009
ServiceNow:744000121884357,ServiceNow,"Principal Product Designer, Moveworks","Mountain View, California, United States",User Experience Design,https://jobs.smartrecruiters.com/ServiceNow/744000121884357,2026-04-20T21:18:06.904Z,2026-04-20,2026-07-11T03:36:34+00:00,2026-07-10 20:36 Fri,,false,,,,false,smartrecruiters:ServiceNow:744000121884357
ServiceNow:744000129443659,ServiceNow,"Principal Product Designer, Moveworks","Bangalore, Karnataka, India",User Experience Design,https://jobs.smartrecruiters.com/ServiceNow/744000129443659,2026-06-01T09:37:38.553Z,2026-06-01,2026-07-11T03:36:34+00:00,2026-07-10 20:36 Fri,,false,,,,false,smartrecruiters:ServiceNow:744000129443659
ServiceNow:744000143146899,ServiceNow,"Principal Product Designer, Moveworks","Mountain View, CALIFORNIA, United States",User Experience Design,https://jobs.smartrecruiters.com/ServiceNow/744000143146899,2026-08-12T16:35:30.306Z,2026-08-12,2026-08-12T16:42:00+00:00,2026-08-12 09:42 Wed,,false,,,,false,smartrecruiters:ServiceNow:744000143146899
ServiceNow:744000143583182,ServiceNow,"Principal Product Excellence Manager, Core Business Transformation Products ","Orlando, Florida, United States",Customer Outcomes,https://jobs.smartrecruiters.com/ServiceNow/744000143583182,2026-08-14T18:36:02.070Z,2026-08-14,2026-08-14T18:41:48+00:00,2026-08-14 11:41 Fri,,false,,,,false,smartrecruiters:ServiceNow:744000143583182
ServiceNow:744000136869969,ServiceNow,"Principal Product Manager, Action Fabric","Santa Clara, California, United States",Product,https://jobs.smartrecruiters.com/ServiceNow/744000136869969,2026-07-09T16:56:08.075Z,2026-07-09,2026-07-11T03:36:34+00:00,2026-07-10 20:36 Fri,,false,,,,false,smartrecruiters:ServiceNow:744000136869969
ServiceNow:744000137725624,ServiceNow,"Principal Product Manager, Agentic AI Platform","Santa Clara, California, United States",Product,https://jobs.smartrecruiters.com/ServiceNow/744000137725624,2026-07-14T18:18:23.705Z,2026-07-14,2026-07-14T18:41:32+00:00,2026-07-14 11:41 Tue,,false,,,,false,smartrecruiters:ServiceNow:744000137725624
ServiceNow:744000140334419,ServiceNow,"Principal Product Manager, Voice AI","Santa Clara, California, United States",Product,https://jobs.smartrecruiters.com/ServiceNow/744000140334419,2026-07-28T20:28:32.073Z,2026-07-28,2026-07-28T20:41:46+00:00,2026-07-28 13:41 Tue,,false,,,,false,smartrecruiters:ServiceNow:744000140334419
ServiceNow:744000144584408,ServiceNow,"Principal Product Manager, Voice AI","Santa Clara, California, United States",Product,https://jobs.smartrecruiters.com/ServiceNow/744000144584408,2026-08-20T15:18:37.599Z,2026-08-20,2026-08-20T15:41:51+00:00,2026-08-20 08:41 Thu,,false,,,,false,smartrecruiters:ServiceNow:744000144584408
ServiceNow:744000143906639,ServiceNow,Principal Security Engineer | Cyber Defense Engineering,"Santa Clara, California, United States",Digital Technology,https://jobs.smartrecruiters.com/ServiceNow/744000143906639,2026-08-17T18:44:44.659Z,2026-08-17,2026-08-17T18:58:14+00:00,2026-08-17 11:58 Mon,,false,,,,false,smartrecruiters:ServiceNow:744000143906639
ServiceNow:744000139379545,ServiceNow,Principal Security Product Manager | Identity and Access Management (IAM),"Kirkland, Washington, United States",Digital Technology,https://jobs.smartrecruiters.com/ServiceNow/744000139379545,2026-07-24T00:17:40.938Z,2026-07-24,2026-07-24T00:41:40+00:00,2026-07-23 17:41 Thu,,false,,,,false,smartrecruiters:ServiceNow:744000139379545
ServiceNow:744000135523870,ServiceNow,Principal Software Engineer,"Santa Clara, California, United States","Engineering, Infrastructure and Operations",https://jobs.smartrecruiters.com/ServiceNow/744000135523870,2026-07-02T14:40:04.546Z,2026-07-02,2026-07-11T03:36:34+00:00,2026-07-10 20:36 Fri,,false,,,,false,smartrecruiters:ServiceNow:744000135523870
ServiceNow:744000139926069,ServiceNow,Principal Software Engineer - AI Product Security,"Petah Tikva, , Israel",Engineering,https://jobs.smartrecruiters.com/ServiceNow/744000139926069,2026-07-27T07:04:45.578Z,2026-07-27,2026-07-27T07:19:04+00:00,2026-07-27 00:19 Mon,,false,,,,false,smartrecruiters:ServiceNow:744000139926069
ServiceNow:744000143409629,ServiceNow,Principal Software Engineer - Multi-Cloud - Control Plane - Kubernetes,"Santa Clara, California, United States","Engineering, Infrastructure and Operations",https://jobs.smartrecruiters.com/ServiceNow/744000143409629,2026-08-14T00:51:30.715Z,2026-08-14,2026-08-14T00:59:40+00:00,2026-08-13 17:59 Thu,,false,,,,false,smartrecruiters:ServiceNow:744000143409629
ServiceNow:744000143409759,ServiceNow,Principal Software Engineer - Multi-Cloud Control Plane - Kubernetes,"San Diego, California, United States","Engineering, Infrastructure and Operations",https://jobs.smartrecruiters.com/ServiceNow/744000143409759,2026-08-14T00:54:22.281Z,2026-08-14,2026-08-14T00:59:40+00:00,2026-08-13 17:59 Thu,,false,,,,false,smartrecruiters:ServiceNow:744000143409759
ServiceNow:744000133395499,ServiceNow,Principal Software Engineer - Product Security,"Petah Tikva, , Israel",Engineering,https://jobs.smartrecruiters.com/ServiceNow/744000133395499,2026-06-22T14:57:44.028Z,2026-06-22,2026-07-11T03:36:34+00:00,2026-07-10 20:36 Fri,,false,,,,false,smartrecruiters:ServiceNow:744000133395499
ServiceNow:744000138558349,ServiceNow,Principal Software Engineer - Product Security,"Petah Tikva, , Israel",Engineering,https://jobs.smartrecruiters.com/ServiceNow/744000138558349,2026-07-20T05:37:21.205Z,2026-07-20,2026-07-20T05:59:01+00:00,2026-07-19 22:59 Sun,,false,,,,false,smartrecruiters:ServiceNow:744000138558349
ServiceNow:744000144274249,ServiceNow,"Principal Strategist, Inspire Value","Melbourne, Victoria, Australia",Sales,https://jobs.smartrecruiters.com/ServiceNow/744000144274249,2026-08-19T09:47:09.287Z,2026-08-19,2026-08-19T09:57:05+00:00,2026-08-19 02:57 Wed,,false,,,,false,smartrecruiters:ServiceNow:744000144274249
ServiceNow:744000144275249,ServiceNow,"Principal Strategist, Inspire Value","Sydney, NSW, Australia",Sales,https://jobs.smartrecruiters.com/ServiceNow/744000144275249,2026-08-19T09:53:03.276Z,2026-08-19,2026-08-19T10:15:11+00:00,2026-08-19 03:15 Wed,,false,,,,false,smartrecruiters:ServiceNow:744000144275249
ServiceNow:744000144144139,ServiceNow,"Principal Strategist, Inspire Value- Moveworks Public Sector","District of Columbia, District of Columbia, United States",Sales,https://jobs.smartrecruiters.com/ServiceNow/744000144144139,2026-08-18T18:18:30.410Z,2026-08-18,2026-08-18T18:30:55+00:00,2026-08-18 11:30 Tue,,false,,,,false,smartrecruiters:ServiceNow:744000144144139
ServiceNow:744000133457420,ServiceNow,Principal Systems Design Engineer,"Mountain View, California, United States",Digital Technology,https://jobs.smartrecruiters.com/ServiceNow/744000133457420,2026-06-22T21:30:18.975Z,2026-06-22,2026-07-11T03:36:34+00:00,2026-07-10 20:36 Fri,,false,,,,false,smartrecruiters:ServiceNow:744000133457420
ServiceNow:744000138920509,ServiceNow,Principal Systems Design Engineer,"Mountain View, California, United States",Digital Technology,https://jobs.smartrecruiters.com/ServiceNow/744000138920509,2026-07-21T16:47:02.656Z,2026-07-21,2026-07-21T16:59:51+00:00,2026-07-21 09:59 Tue,,false,,,,false,smartrecruiters:ServiceNow:744000138920509
ServiceNow:744000136004089,ServiceNow,Principal Systems Engineer,"Tel Aviv, , Israel","Engineering, Infrastructure and Operations",https://jobs.smartrecruiters.com/ServiceNow/744000136004089,2026-07-06T12:59:44.056Z,2026-07-06,2026-07-11T03:36:34+00:00,2026-07-10 20:36 Fri,,false,,,,false,smartrecruiters:ServiceNow:744000136004089
ServiceNow:744000141430384,ServiceNow,Principal Systems Engineer,"Frankfurt, , Germany","Engineering, Infrastructure and Operations",https://jobs.smartrecruiters.com/ServiceNow/744000141430384,2026-08-04T07:55:04.031Z,2026-08-04,2026-08-04T08:17:21+00:00,2026-08-04 01:17 Tue,,false,,,,false,smartrecruiters:ServiceNow:744000141430384
ServiceNow:744000143178379,ServiceNow,"Principal Technical Consultant, Federal -  TS/SCI w/ FSP Clearance","Fort Meade, Maryland , United States",Customer Outcomes,https://jobs.smartrecruiters.com/ServiceNow/744000143178379,2026-08-12T20:33:10.515Z,2026-08-12,2026-08-12T20:41:41+00:00,2026-08-12 13:41 Wed,,false,,,,false,smartrecruiters:ServiceNow:744000143178379
ServiceNow:744000132248379,ServiceNow,"Principal Technical Consultant, Platform - Federal TS/SCI/FSP Clearance","Fort Meade, Maryland , United States",Customer Outcomes,https://jobs.smartrecruiters.com/ServiceNow/744000132248379,2026-06-15T16:54:23.156Z,2026-06-15,2026-07-11T03:36:34+00:00,2026-07-10 20:36 Fri,,false,,,,false,smartrecruiters:ServiceNow:744000132248379
ServiceNow:744000144590634,ServiceNow,Principal Technical Consultant-ServiceNow,"San Diego, CALIFORNIA, United States",Consulting,https://jobs.smartrecruiters.com/ServiceNow/744000144590634,2026-08-20T15:49:31.928Z,2026-08-20,2026-08-20T15:59:40+00:00,2026-08-20 08:59 Thu,,false,,,,false,smartrecruiters:ServiceNow:744000144590634
ServiceNow:744000140712389,ServiceNow,Principal Technical Product Manager - People Technology ,"Santa Clara, California, United States",Product,https://jobs.smartrecruiters.com/ServiceNow/744000140712389,2026-07-30T14:53:27.906Z,2026-07-30,2026-07-30T15:00:08+00:00,2026-07-30 08:00 Thu,,false,,,,false,smartrecruiters:ServiceNow:744000140712389
ServiceNow:744000143924019,ServiceNow,Principal Technical Program Manager,"Santa Clara, California, United States",Product,https://jobs.smartrecruiters.com/ServiceNow/744000143924019,2026-08-17T20:20:47.297Z,2026-08-17,2026-08-17T20:41:24+00:00,2026-08-17 13:41 Mon,,false,,,,false,smartrecruiters:ServiceNow:744000143924019
ServiceNow:744000124669017,ServiceNow,Principal Workflow Architect - ServiceNow Platform (Integration & Data),"Riyadh, , Saudi Arabia",Customer Outcomes,https://jobs.smartrecruiters.com/ServiceNow/744000124669017,2026-05-05T14:56:47.163Z,2026-05-05,2026-07-11T03:36:34+00:00,2026-07-10 20:36 Fri,,false,,,,false,smartrecruiters:ServiceNow:744000124669017
ServiceNow:744000125883021,ServiceNow,Principal Workflow Architect - Technology Workflows & ServiceNow Platform,"Riyadh, , Saudi Arabia",Customer Outcomes,https://jobs.smartrecruiters.com/ServiceNow/744000125883021,2026-05-11T15:39:37.216Z,2026-05-11,2026-07-11T03:36:34+00:00,2026-07-10 20:36 Fri,,false,,,,false,smartrecruiters:ServiceNow:744000125883021
ServiceNow:744000137112143,ServiceNow,Principal Applications Dev Engineer,"Hyderabad, , India","Engineering, Infrastructure and Operations",https://jobs.smartrecruiters.com/ServiceNow/744000137112143,2026-07-10T11:55:03.310Z,2026-07-10,2026-07-11T03:36:34+00:00,2026-07-10 20:36 Fri,,false,,,,false,smartrecruiters:ServiceNow:744000137112143
ServiceNow:744000134688699,ServiceNow,Product Success Analyst Intern,"Sydney, , Australia",Early In Career,https://jobs.smartrecruiters.com/ServiceNow/744000134688699,2026-06-29T03:09:05.827Z,2026-06-29,2026-07-11T03:36:34+00:00,2026-07-10 20:36 Fri,,false,,,,false,smartrecruiters:ServiceNow:744000134688699
ServiceNow:744000144382549,ServiceNow,Product Success Technical Director,"Waltham, Massachusetts, United States","Engineering, Infrastructure and Operations",https://jobs.smartrecruiters.com/ServiceNow/744000144382549,2026-08-19T18:29:28.820Z,2026-08-19,2026-08-19T18:42:08+00:00,2026-08-19 11:42 Wed,,false,,,,false,smartrecruiters:ServiceNow:744000144382549
ServiceNow:744000136211709,ServiceNow,Program Director,"Madrid, , Spain",Customer Outcomes,https://jobs.smartrecruiters.com/ServiceNow/744000136211709,2026-07-07T12:01:21.058Z,2026-07-07,2026-07-11T03:36:34+00:00,2026-07-10 20:36 Fri,,false,,,,false,smartrecruiters:ServiceNow:744000136211709
ServiceNow:744000136225774,ServiceNow,Program Director,"Issy Les Moulineaux, PARIS, France",Customer Outcomes,https://jobs.smartrecruiters.com/ServiceNow/744000136225774,2026-07-07T12:58:29.228Z,2026-07-07,2026-07-11T03:36:34+00:00,2026-07-10 20:36 Fri,,false,,,,false,smartrecruiters:ServiceNow:744000136225774
ServiceNow:744000139227159,ServiceNow,Program Director,"Issy Les Moulineaux, PARIS, France",Customer Outcomes,https://jobs.smartrecruiters.com/ServiceNow/744000139227159,2026-07-23T08:12:42.394Z,2026-07-23,2026-07-23T08:41:20+00:00,2026-07-23 01:41 Thu,,false,,,,false,smartrecruiters:ServiceNow:744000139227159
ServiceNow:744000134291350,ServiceNow,Program Director ,"Addison, TEXAS, United States",Customer Outcomes,https://jobs.smartrecruiters.com/ServiceNow/744000134291350,2026-06-25T15:06:46.916Z,2026-06-25,2026-07-11T03:36:34+00:00,2026-07-10 20:36 Fri,,false,,,,false,smartrecruiters:ServiceNow:744000134291350
ServiceNow:744000125367941,ServiceNow,Program Director - Professional Services - German Speaking,"Munich, , Germany",Customer Outcomes,https://jobs.smartrecruiters.com/ServiceNow/744000125367941,2026-05-08T15:55:27.625Z,2026-05-08,2026-07-11T03:36:34+00:00,2026-07-10 20:36 Fri,,false,,,,false,smartrecruiters:ServiceNow:744000125367941
ServiceNow:744000137727149,ServiceNow,"Project Manager, Production Operations","San Diego, CALIFORNIA, United States","Marketing, Communications, and Brand",https://jobs.smartrecruiters.com/ServiceNow/744000137727149,2026-07-14T18:25:13.921Z,2026-07-14,2026-07-14T18:41:32+00:00,2026-07-14 11:41 Tue,,false,,,,false,smartrecruiters:ServiceNow:744000137727149
ServiceNow:744000139285139,ServiceNow,"PS, Solution Architect","Madrid, , Spain",Customer Service and Support,https://jobs.smartrecruiters.com/ServiceNow/744000139285139,2026-07-23T13:21:28.135Z,2026-07-23,2026-07-23T13:41:34+00:00,2026-07-23 06:41 Thu,,false,,,,false,smartrecruiters:ServiceNow:744000139285139
ServiceNow:744000139287539,ServiceNow,"PS, Solution Architect","Madrid, , Spain",Customer Service and Support,https://jobs.smartrecruiters.com/ServiceNow/744000139287539,2026-07-23T13:29:23.507Z,2026-07-23,2026-07-23T13:41:34+00:00,2026-07-23 06:41 Thu,,false,,,,false,smartrecruiters:ServiceNow:744000139287539
ServiceNow:744000139292848,ServiceNow,"PS, Solution Architect","Madrid, , Spain",Customer Service and Support,https://jobs.smartrecruiters.com/ServiceNow/744000139292848,2026-07-23T13:48:39.702Z,2026-07-23,2026-07-23T13:59:35+00:00,2026-07-23 06:59 Thu,,false,,,,false,smartrecruiters:ServiceNow:744000139292848
ServiceNow:744000139593282,ServiceNow,"PS, Solution Architect","Madrid, , Spain",Customer Service and Support,https://jobs.smartrecruiters.com/ServiceNow/744000139593282,2026-07-24T12:43:14.211Z,2026-07-24,2026-07-24T12:59:18+00:00,2026-07-24 05:59 Fri,,false,,,,false,smartrecruiters:ServiceNow:744000139593282
ServiceNow:744000139597381,ServiceNow,"PS, Solution Architect","Madrid, , Spain",Customer Service and Support,https://jobs.smartrecruiters.com/ServiceNow/744000139597381,2026-07-24T12:53:51.032Z,2026-07-24,2026-07-24T12:59:18+00:00,2026-07-24 05:59 Fri,,false,,,,false,smartrecruiters:ServiceNow:744000139597381
ServiceNow:744000139601589,ServiceNow,"PS, Solution Architect","Madrid, , Spain",Customer Service and Support,https://jobs.smartrecruiters.com/ServiceNow/744000139601589,2026-07-24T13:08:04.375Z,2026-07-24,2026-07-24T13:17:33+00:00,2026-07-24 06:17 Fri,,false,,,,false,smartrecruiters:ServiceNow:744000139601589
ServiceNow:744000143502711,ServiceNow,"PS, Solution Architect ( Armis/Veza)","Madrid, , Spain",Customer Service and Support,https://jobs.smartrecruiters.com/ServiceNow/744000143502711,2026-08-14T12:30:58.145Z,2026-08-14,2026-08-14T12:41:49+00:00,2026-08-14 05:41 Fri,,false,,,,false,smartrecruiters:ServiceNow:744000143502711
ServiceNow:744000143503382,ServiceNow,"PS, Solution Architect ( Armis/Veza)","Madrid, , Spain",Customer Service and Support,https://jobs.smartrecruiters.com/ServiceNow/744000143503382,2026-08-14T12:45:53.922Z,2026-08-14,2026-08-14T12:59:40+00:00,2026-08-14 05:59 Fri,,false,,,,false,smartrecruiters:ServiceNow:744000143503382
ServiceNow:744000143506989,ServiceNow,"PS, Solution Architect ( Armis/Veza)","Madrid, , Spain",Customer Service and Support,https://jobs.smartrecruiters.com/ServiceNow/744000143506989,2026-08-14T12:42:31.894Z,2026-08-14,2026-08-14T12:59:40+00:00,2026-08-14 05:59 Fri,,false,,,,false,smartrecruiters:ServiceNow:744000143506989
ServiceNow:744000138895220,ServiceNow,"Pursuit Lead, Elevate ","Chicago, ILLINOIS, United States",Sales,https://jobs.smartrecruiters.com/ServiceNow/744000138895220,2026-07-21T15:05:15.541Z,2026-07-21,2026-07-21T15:18:05+00:00,2026-07-21 08:18 Tue,,false,,,,false,smartrecruiters:ServiceNow:744000138895220
ServiceNow:744000143545693,ServiceNow,"Pursuit Lead, Elevate ","Chicago, ILLINOIS, United States",Sales,https://jobs.smartrecruiters.com/ServiceNow/744000143545693,2026-08-14T15:25:56.447Z,2026-08-14,2026-08-14T15:41:37+00:00,2026-08-14 08:41 Fri,,false,,,,false,smartrecruiters:ServiceNow:744000143545693
ServiceNow:744000142064885,ServiceNow,Regional Brand Creative Lead- EMEA,"Dublin, Dublin, Ireland","Marketing, Communications, and Brand",https://jobs.smartrecruiters.com/ServiceNow/744000142064885,2026-08-07T07:53:07.400Z,2026-08-07,2026-08-07T07:59:21+00:00,2026-08-07 00:59 Fri,,false,,,,false,smartrecruiters:ServiceNow:744000142064885
ServiceNow:744000142929265,ServiceNow,Regional Brand Creative Lead- EMEA,"Dublin, Dublin, Ireland","Marketing, Communications, and Brand",https://jobs.smartrecruiters.com/ServiceNow/744000142929265,2026-08-11T16:29:47.090Z,2026-08-11,2026-08-11T16:42:08+00:00,2026-08-11 09:42 Tue,,false,,,,false,smartrecruiters:ServiceNow:744000142929265
ServiceNow:744000143023779,ServiceNow,Regional Brand Creative Lead: APAC,"Singapore, , Singapore","Marketing, Communications, and Brand",https://jobs.smartrecruiters.com/ServiceNow/744000143023779,2026-08-12T03:58:51.986Z,2026-08-12,2026-08-12T04:17:06+00:00,2026-08-11 21:17 Tue,,false,,,,false,smartrecruiters:ServiceNow:744000143023779
ServiceNow:744000138984599,ServiceNow,Regional Creative Lead: APAC,"Singapore, Singapore, Singapore","Marketing, Communications, and Brand",https://jobs.smartrecruiters.com/ServiceNow/744000138984599,2026-07-22T03:11:53.231Z,2026-07-22,2026-07-22T03:17:16+00:00,2026-07-21 20:17 Tue,,false,,,,false,smartrecruiters:ServiceNow:744000138984599
ServiceNow:744000131608110,ServiceNow,Regional Creative Lead: EMEA,"Dublin, Dublin, Ireland","Marketing, Communications, and Brand",https://jobs.smartrecruiters.com/ServiceNow/744000131608110,2026-06-11T07:57:17.563Z,2026-06-11,2026-07-11T03:36:34+00:00,2026-07-10 20:36 Fri,,false,,,,false,smartrecruiters:ServiceNow:744000131608110
ServiceNow:744000136408905,ServiceNow,Sales Development Representative - Native/Fluent Danish Speaking,"Dublin, , Ireland","Marketing, Communications, and Brand",https://jobs.smartrecruiters.com/ServiceNow/744000136408905,2026-07-08T08:38:12.505Z,2026-07-08,2026-07-11T03:36:34+00:00,2026-07-10 20:36 Fri,,false,,,,false,smartrecruiters:ServiceNow:744000136408905
ServiceNow:744000121819280,ServiceNow,Sales Director,"Stockholm, , Sweden",Sales,https://jobs.smartrecruiters.com/ServiceNow/744000121819280,2026-04-20T15:34:00.061Z,2026-04-20,2026-07-11T03:36:34+00:00,2026-07-10 20:36 Fri,,false,,,,false,smartrecruiters:ServiceNow:744000121819280
ServiceNow:744000138095419,ServiceNow,Sales Director,"Stockholm, , Sweden",Sales,https://jobs.smartrecruiters.com/ServiceNow/744000138095419,2026-07-16T11:49:29.317Z,2026-07-16,2026-07-16T11:59:16+00:00,2026-07-16 04:59 Thu,,false,,,,false,smartrecruiters:ServiceNow:744000138095419
ServiceNow:744000130745659,ServiceNow,"Sales Director, Defence and National Security","Staines, , United Kingdom",Sales,https://jobs.smartrecruiters.com/ServiceNow/744000130745659,2026-06-08T09:03:25.383Z,2026-06-08,2026-07-11T03:36:34+00:00,2026-07-10 20:36 Fri,,false,,,,false,smartrecruiters:ServiceNow:744000130745659
ServiceNow:744000131145344,ServiceNow,"Sales Director, FSI","Amsterdam, , Netherlands",Sales,https://jobs.smartrecruiters.com/ServiceNow/744000131145344,2026-06-09T13:21:46.841Z,2026-06-09,2026-07-11T03:36:34+00:00,2026-07-10 20:36 Fri,,false,,,,false,smartrecruiters:ServiceNow:744000131145344
ServiceNow:744000139245424,ServiceNow,"Sales Director, Manufacturing","Stockholm, , Sweden",Sales,https://jobs.smartrecruiters.com/ServiceNow/744000139245424,2026-07-23T09:45:56.749Z,2026-07-23,2026-07-23T09:59:33+00:00,2026-07-23 02:59 Thu,,false,,,,false,smartrecruiters:ServiceNow:744000139245424
ServiceNow:744000139246869,ServiceNow,"Sales Director, Public Sector ","Stockholm, , Sweden",Sales,https://jobs.smartrecruiters.com/ServiceNow/744000139246869,2026-07-23T09:46:52.070Z,2026-07-23,2026-07-23T09:59:33+00:00,2026-07-23 02:59 Thu,,false,,,,false,smartrecruiters:ServiceNow:744000139246869
ServiceNow:744000126153469,ServiceNow,"Sales Director, Retail and Manufacturing","Amsterdam, , Netherlands",Sales,https://jobs.smartrecruiters.com/ServiceNow/744000126153469,2026-05-12T18:48:06.800Z,2026-05-12,2026-07-11T03:36:34+00:00,2026-07-10 20:36 Fri,,false,,,,false,smartrecruiters:ServiceNow:744000126153469
ServiceNow:744000144585529,ServiceNow,"Sales Director, Singapore Public Sector","Singapore, , Singapore",Sales,https://jobs.smartrecruiters.com/ServiceNow/744000144585529,2026-08-20T15:24:05.925Z,2026-08-20,2026-08-20T15:41:51+00:00,2026-08-20 08:41 Thu,,false,,,,false,smartrecruiters:ServiceNow:744000144585529
ServiceNow:744000136135350,ServiceNow,Sales Financial Analyst,"Hyderabad, Telangana, India",Sales,https://jobs.smartrecruiters.com/ServiceNow/744000136135350,2026-07-07T04:28:00.465Z,2026-07-07,2026-07-11T03:36:34+00:00,2026-07-10 20:36 Fri,,false,,,,false,smartrecruiters:ServiceNow:744000136135350
ServiceNow:744000140432849,ServiceNow,Sales Financial Analyst,"Hyderabad, Telangana, India",Sales,https://jobs.smartrecruiters.com/ServiceNow/744000140432849,2026-07-29T10:29:04.676Z,2026-07-29,2026-07-29T10:41:26+00:00,2026-07-29 03:41 Wed,,false,,,,false,smartrecruiters:ServiceNow:744000140432849
ServiceNow:744000138809854,ServiceNow,Sales Intern,"Munich, , Germany",Sales,https://jobs.smartrecruiters.com/ServiceNow/744000138809854,2026-07-21T08:24:26.506Z,2026-07-21,2026-07-21T08:41:21+00:00,2026-07-21 01:41 Tue,,false,,,,false,smartrecruiters:ServiceNow:744000138809854
ServiceNow:744000139355576,ServiceNow,Sales Intern,"Munich, , Germany",Sales,https://jobs.smartrecruiters.com/ServiceNow/744000139355576,2026-07-23T19:36:45.949Z,2026-07-23,2026-07-23T19:48:31+00:00,2026-07-23 12:48 Thu,,false,,,,false,smartrecruiters:ServiceNow:744000139355576
ServiceNow:744000134274147,ServiceNow,Sales Operations & Enablement Lead ,"West Palm Beach, Florida, United States",Sales,https://jobs.smartrecruiters.com/ServiceNow/744000134274147,2026-06-25T13:55:14.569Z,2026-06-25,2026-07-11T03:36:34+00:00,2026-07-10 20:36 Fri,,false,,,,false,smartrecruiters:ServiceNow:744000134274147
ServiceNow:744000133857099,ServiceNow,Sales Operations Analyst,"Tokyo, , Japan",Corporate Development & Strategy,https://jobs.smartrecruiters.com/ServiceNow/744000133857099,2026-06-24T05:26:03.098Z,2026-06-24,2026-07-11T03:36:34+00:00,2026-07-10 20:36 Fri,,false,,,,false,smartrecruiters:ServiceNow:744000133857099
ServiceNow:744000142955929,ServiceNow,Sales Operations Manager ,"West Palm Beach, Florida, United States",Sales,https://jobs.smartrecruiters.com/ServiceNow/744000142955929,2026-08-11T19:24:20.883Z,2026-08-11,2026-08-11T19:42:14+00:00,2026-08-11 12:42 Tue,,false,,,,false,smartrecruiters:ServiceNow:744000142955929
ServiceNow:744000141522762,ServiceNow,Sales Operations Mgr (Armis),"Sydney, , Australia",Sales,https://jobs.smartrecruiters.com/ServiceNow/744000141522762,2026-08-04T15:03:49.764Z,2026-08-04,2026-08-04T15:16:18+00:00,2026-08-04 08:16 Tue,,false,,,,false,smartrecruiters:ServiceNow:744000141522762
ServiceNow:744000138789609,ServiceNow,Senior Account  Executive - Security and Identity,"Bangalore, Karnataka, India",Sales,https://jobs.smartrecruiters.com/ServiceNow/744000138789609,2026-07-21T06:36:30.132Z,2026-07-21,2026-07-21T06:59:08+00:00,2026-07-20 23:59 Mon,,false,,,,false,smartrecruiters:ServiceNow:744000138789609
ServiceNow:744000131145602,ServiceNow,"Senior Account Executive, Banking - CRM Solutions","Munich, , Germany",Sales,https://jobs.smartrecruiters.com/ServiceNow/744000131145602,2026-06-09T13:25:55.941Z,2026-06-09,2026-07-11T03:36:34+00:00,2026-07-10 20:36 Fri,,false,,,,false,smartrecruiters:ServiceNow:744000131145602
ServiceNow:744000141755050,ServiceNow,"Senior Account Executive, CRM Solutions - Telco, Media & Technology","Staines, , United Kingdom",Sales,https://jobs.smartrecruiters.com/ServiceNow/744000141755050,2026-08-05T16:05:30.825Z,2026-08-05,2026-08-05T16:17:54+00:00,2026-08-05 09:17 Wed,,false,,,,false,smartrecruiters:ServiceNow:744000141755050
ServiceNow:744000143025079,ServiceNow,Senior Account-Based Marketing Manager,"Sydney, NSW, Australia","Marketing, Communications, and Brand",https://jobs.smartrecruiters.com/ServiceNow/744000143025079,2026-08-12T04:37:15.757Z,2026-08-12,2026-08-12T04:59:37+00:00,2026-08-11 21:59 Tue,,false,,,,false,smartrecruiters:ServiceNow:744000143025079
ServiceNow:744000143025169,ServiceNow,Senior Account-Based Marketing Manager,"Melbourne, Victoria, Australia","Marketing, Communications, and Brand",https://jobs.smartrecruiters.com/ServiceNow/744000143025169,2026-08-12T04:38:23.020Z,2026-08-12,2026-08-12T04:59:37+00:00,2026-08-11 21:59 Tue,,false,,,,false,smartrecruiters:ServiceNow:744000143025169
ServiceNow:744000139000059,ServiceNow,Senior Accountant – Fixed Assets Accounting,"Hyderabad, Telangana, India",Finance & Accounting,https://jobs.smartrecruiters.com/ServiceNow/744000139000059,2026-07-22T06:28:47.957Z,2026-07-22,2026-07-22T06:41:19+00:00,2026-07-21 23:41 Tue,,false,,,,false,smartrecruiters:ServiceNow:744000139000059
ServiceNow:744000139010599,ServiceNow,Senior Accountant – Fixed Assets Accounting,"Bangalore, Karnataka, India",Finance & Accounting,https://jobs.smartrecruiters.com/ServiceNow/744000139010599,2026-07-22T07:29:39.804Z,2026-07-22,2026-07-22T07:41:16+00:00,2026-07-22 00:41 Wed,,false,,,,false,smartrecruiters:ServiceNow:744000139010599
ServiceNow:744000144729699,ServiceNow,Senior Accountant – Fixed Assets Accounting,"Bangalore, Karnataka, India",Finance & Accounting,https://jobs.smartrecruiters.com/ServiceNow/744000144729699,2026-08-21T09:53:08.900Z,2026-08-21,2026-08-21T10:00:09+00:00,2026-08-21 03:00 Fri,,false,,,,false,smartrecruiters:ServiceNow:744000144729699
ServiceNow:744000136378689,ServiceNow,Senior Advisory AI Foundry Architect ,"Melbourne, Victoria, Australia",Sales,https://jobs.smartrecruiters.com/ServiceNow/744000136378689,2026-07-08T04:44:26.165Z,2026-07-08,2026-07-11T03:36:34+00:00,2026-07-10 20:36 Fri,,false,,,,false,smartrecruiters:ServiceNow:744000136378689
ServiceNow:744000143024689,ServiceNow,Senior Advisory Executive Architect,"Tokyo, , Japan",Sales,https://jobs.smartrecruiters.com/ServiceNow/744000143024689,2026-08-12T04:27:11.419Z,2026-08-12,2026-08-12T04:41:30+00:00,2026-08-11 21:41 Tue,,false,,,,false,smartrecruiters:ServiceNow:744000143024689
ServiceNow:744000144181659,ServiceNow,Senior Advisory Executive Architect,"Tokyo, , Japan",Sales,https://jobs.smartrecruiters.com/ServiceNow/744000144181659,2026-08-18T23:56:44.843Z,2026-08-18,2026-08-19T00:15:08+00:00,2026-08-18 17:15 Tue,,false,,,,false,smartrecruiters:ServiceNow:744000144181659
ServiceNow:744000142847321,ServiceNow,"Senior Advisory Presales Solution Consultant - Energy, Utilities & Resources","Staines, , United Kingdom",Sales,https://jobs.smartrecruiters.com/ServiceNow/744000142847321,2026-08-11T11:08:45.195Z,2026-08-11,2026-08-11T11:17:56+00:00,2026-08-11 04:17 Tue,,false,,,,false,smartrecruiters:ServiceNow:744000142847321
ServiceNow:744000141922179,ServiceNow,Senior Advisory Presales Solution Consultant - Moveworks,"Munich, , Germany",Sales,https://jobs.smartrecruiters.com/ServiceNow/744000141922179,2026-08-06T13:27:43.250Z,2026-08-06,2026-08-06T13:41:53+00:00,2026-08-06 06:41 Thu,,false,,,,false,smartrecruiters:ServiceNow:744000141922179
ServiceNow:744000122054207,ServiceNow,Senior Advisory Solution Consultant - Moveworks ,"London, , United Kingdom",Consulting,https://jobs.smartrecruiters.com/ServiceNow/744000122054207,2026-04-21T14:55:31.710Z,2026-04-21,2026-07-11T03:36:34+00:00,2026-07-10 20:36 Fri,,false,,,,false,smartrecruiters:ServiceNow:744000122054207
ServiceNow:744000132694169,ServiceNow,"Senior Advisory Solution Consultant- Moveworks (Energy, Transportation & Core Services)","Austin, TEXAS, United States",Consulting,https://jobs.smartrecruiters.com/ServiceNow/744000132694169,2026-06-17T17:15:15.279Z,2026-06-17,2026-07-11T03:36:34+00:00,2026-07-10 20:36 Fri,,false,,,,false,smartrecruiters:ServiceNow:744000132694169
ServiceNow:744000136548419,ServiceNow,Senior Agentic Search Infrastructure Engineer - Moveworks,"Mountain View, CALIFORNIA, United States",Engineering,https://jobs.smartrecruiters.com/ServiceNow/744000136548419,2026-07-08T18:45:25.826Z,2026-07-08,2026-07-11T03:36:34+00:00,2026-07-10 20:36 Fri,,false,,,,false,smartrecruiters:ServiceNow:744000136548419
ServiceNow:744000138210479,ServiceNow,Senior Agentic Search Infrastructure Engineer - Moveworks,"Mountain View, CALIFORNIA, United States",Engineering,https://jobs.smartrecruiters.com/ServiceNow/744000138210479,2026-07-17T00:30:58.242Z,2026-07-17,2026-07-17T00:41:16+00:00,2026-07-16 17:41 Thu,,false,,,,false,smartrecruiters:ServiceNow:744000138210479
ServiceNow:744000139345783,ServiceNow,Senior Agentic Search Infrastructure Engineer - Moveworks ,"Mountain View, CALIFORNIA, United States",Engineering,https://jobs.smartrecruiters.com/ServiceNow/744000139345783,2026-07-23T18:47:02.488Z,2026-07-23,2026-07-23T18:59:27+00:00,2026-07-23 11:59 Thu,,false,,,,false,smartrecruiters:ServiceNow:744000139345783
ServiceNow:744000143149569,ServiceNow,Senior AI Agent Engineer | Moveworks,"San Francisco, California, United States",Support and Product Success,https://jobs.smartrecruiters.com/ServiceNow/744000143149569,2026-08-12T16:53:45.393Z,2026-08-12,2026-08-12T16:59:51+00:00,2026-08-12 09:59 Wed,,false,,,,false,smartrecruiters:ServiceNow:744000143149569
ServiceNow:744000138419924,ServiceNow,Senior AI Agent Engineer – Moveworks,"San Francisco, California, United States",Support and Product Success,https://jobs.smartrecruiters.com/ServiceNow/744000138419924,2026-07-17T23:26:03.376Z,2026-07-17,2026-07-17T23:36:08+00:00,2026-07-17 16:36 Fri,,false,,,,false,smartrecruiters:ServiceNow:744000138419924
ServiceNow:744000129996714,ServiceNow,Senior AI Agent Engineer – Moveworks | Customer Deployment,"Issy Les Moulineaux, PARIS, France",Consulting,https://jobs.smartrecruiters.com/ServiceNow/744000129996714,2026-06-03T13:02:51.905Z,2026-06-03,2026-07-11T03:36:34+00:00,2026-07-10 20:36 Fri,,false,,,,false,smartrecruiters:ServiceNow:744000129996714
ServiceNow:744000133503739,ServiceNow,Senior AI Agent Engineer – Moveworks | Customer Deployment,"Bangalore, , India",Professional Services,https://jobs.smartrecruiters.com/ServiceNow/744000133503739,2026-06-23T04:25:48.954Z,2026-06-23,2026-07-11T03:36:34+00:00,2026-07-10 20:36 Fri,,false,,,,false,smartrecruiters:ServiceNow:744000133503739
ServiceNow:744000118271653,ServiceNow,"Senior AI Automation Engineer, CS Ops - Moveworks","Mountain View, CALIFORNIA, United States",Engineering,https://jobs.smartrecruiters.com/ServiceNow/744000118271653,2026-04-01T23:20:14.326Z,2026-04-01,2026-07-11T03:36:34+00:00,2026-07-10 20:36 Fri,,false,,,,false,smartrecruiters:ServiceNow:744000118271653
ServiceNow:744000138583994,ServiceNow,Senior Application Security Engineer,"Petah Tikva, , Israel",Engineering,https://jobs.smartrecruiters.com/ServiceNow/744000138583994,2026-07-20T08:42:07.173Z,2026-07-20,2026-07-20T08:59:22+00:00,2026-07-20 01:59 Mon,,false,,,,false,smartrecruiters:ServiceNow:744000138583994
ServiceNow:744000138862494,ServiceNow,Senior Application Security Engineer,"Petah Tikva, , Israel",Engineering,https://jobs.smartrecruiters.com/ServiceNow/744000138862494,2026-07-21T13:06:00.331Z,2026-07-21,2026-07-21T13:17:41+00:00,2026-07-21 06:17 Tue,,false,,,,false,smartrecruiters:ServiceNow:744000138862494
ServiceNow:744000130558571,ServiceNow,Senior Application Security Engineer - Moveworks,"Mountain View, CALIFORNIA, United States",Engineering,https://jobs.smartrecruiters.com/ServiceNow/744000130558571,2026-06-05T16:29:43.908Z,2026-06-05,2026-07-11T03:36:34+00:00,2026-07-10 20:36 Fri,,false,,,,false,smartrecruiters:ServiceNow:744000130558571
ServiceNow:744000137145613,ServiceNow,Senior Applied Research Scientist,"Toronto, Ontario, Canada","Engineering, Infrastructure and Operations",https://jobs.smartrecruiters.com/ServiceNow/744000137145613,2026-07-10T14:05:26.106Z,2026-07-10,2026-07-11T03:36:34+00:00,2026-07-10 20:36 Fri,,false,,,,false,smartrecruiters:ServiceNow:744000137145613
ServiceNow:744000137582829,ServiceNow,Senior Applied Research Scientist,"Montreal, QUEBEC, Canada","Engineering, Infrastructure and Operations",https://jobs.smartrecruiters.com/ServiceNow/744000137582829,2026-07-14T03:16:28.116Z,2026-07-14,2026-07-14T03:41:04+00:00,2026-07-13 20:41 Mon,,false,,,,false,smartrecruiters:ServiceNow:744000137582829
ServiceNow:744000139666069,ServiceNow,Senior Applied Research Scientist,"Montreal, QUEBEC, Canada","Engineering, Infrastructure and Operations",https://jobs.smartrecruiters.com/ServiceNow/744000139666069,2026-07-24T17:47:33.495Z,2026-07-24,2026-07-24T17:59:26+00:00,2026-07-24 10:59 Fri,,false,,,,false,smartrecruiters:ServiceNow:744000139666069
ServiceNow:744000137537409,ServiceNow,Senior Business Manager,"New York City, NEW YORK, United States",Strategy/Planning,https://jobs.smartrecruiters.com/ServiceNow/744000137537409,2026-07-13T20:40:10.397Z,2026-07-13,2026-07-13T20:59:16+00:00,2026-07-13 13:59 Mon,,false,,,,false,smartrecruiters:ServiceNow:744000137537409
ServiceNow:744000138420869,ServiceNow,Senior Business Manager,"New York, New York, New York, United States",Strategy/Planning,https://jobs.smartrecruiters.com/ServiceNow/744000138420869,2026-07-17T23:26:10.271Z,2026-07-17,2026-07-17T23:36:08+00:00,2026-07-17 16:36 Fri,,false,,,,false,smartrecruiters:ServiceNow:744000138420869
ServiceNow:744000140486959,ServiceNow,Senior Business Manager,"New York, New York, New York, United States",Strategy/Planning,https://jobs.smartrecruiters.com/ServiceNow/744000140486959,2026-07-29T14:42:43.027Z,2026-07-29,2026-07-29T14:59:13+00:00,2026-07-29 07:59 Wed,,false,,,,false,smartrecruiters:ServiceNow:744000140486959
ServiceNow:744000138240079,ServiceNow,Senior Cash Collection Analyst,"Hyderabad, Telangana, India",Finance & Accounting,https://jobs.smartrecruiters.com/ServiceNow/744000138240079,2026-07-17T02:18:08.133Z,2026-07-17,2026-07-17T02:41:18+00:00,2026-07-16 19:41 Thu,,false,,,,false,smartrecruiters:ServiceNow:744000138240079
ServiceNow:744000143844010,ServiceNow,Senior Commercial Growth AE ,"Staines, , United Kingdom",Sales,https://jobs.smartrecruiters.com/ServiceNow/744000143844010,2026-08-17T14:14:03.905Z,2026-08-17,2026-08-17T14:41:37+00:00,2026-08-17 07:41 Mon,,false,,,,false,smartrecruiters:ServiceNow:744000143844010
ServiceNow:744000144551809,ServiceNow,Senior Commercial Growth AE ,"Staines, , United Kingdom",Sales,https://jobs.smartrecruiters.com/ServiceNow/744000144551809,2026-08-20T13:09:24.792Z,2026-08-20,2026-08-20T13:18:58+00:00,2026-08-20 06:18 Thu,,false,,,,false,smartrecruiters:ServiceNow:744000144551809
ServiceNow:744000140162785,ServiceNow,Senior Commercial Growth AE French & Arabic ,"Dublin, , Ireland",Sales,https://jobs.smartrecruiters.com/ServiceNow/744000140162785,2026-07-28T07:18:35.109Z,2026-07-28,2026-07-28T07:41:38+00:00,2026-07-28 00:41 Tue,,false,,,,false,smartrecruiters:ServiceNow:744000140162785
ServiceNow:744000142597678,ServiceNow,Senior Commercial Growth AE French & Arabic ,"Dublin, , Ireland",Sales,https://jobs.smartrecruiters.com/ServiceNow/744000142597678,2026-08-10T09:47:42.198Z,2026-08-10,2026-08-10T09:59:21+00:00,2026-08-10 02:59 Mon,,false,,,,false,smartrecruiters:ServiceNow:744000142597678
ServiceNow:744000138721149,ServiceNow,Senior Content Strategy,"San Diego, California, United States",Marketing,https://jobs.smartrecruiters.com/ServiceNow/744000138721149,2026-07-20T19:47:48.363Z,2026-07-20,2026-07-20T19:59:35+00:00,2026-07-20 12:59 Mon,,false,,,,false,smartrecruiters:ServiceNow:744000138721149
ServiceNow:744000114175738,ServiceNow,Senior CRM Account Executive,"Seoul, , Korea, republic of",Sales,https://jobs.smartrecruiters.com/ServiceNow/744000114175738,2026-03-12T01:20:33.787Z,2026-03-12,2026-07-11T03:36:34+00:00,2026-07-10 20:36 Fri,,false,,,,false,smartrecruiters:ServiceNow:744000114175738
ServiceNow:744000139365014,ServiceNow,Senior CRM Account Executive - Automotive & Manufacturing,"New York, New York, United States",Sales,https://jobs.smartrecruiters.com/ServiceNow/744000139365014,2026-07-23T20:57:54.090Z,2026-07-23,2026-07-23T21:17:19+00:00,2026-07-23 14:17 Thu,,false,,,,false,smartrecruiters:ServiceNow:744000139365014
ServiceNow:744000138938440,ServiceNow,Senior CRM Account Executive - Business Services,"Santa Clara, California, United States",Sales,https://jobs.smartrecruiters.com/ServiceNow/744000138938440,2026-07-21T18:44:16.814Z,2026-07-21,2026-07-21T18:59:37+00:00,2026-07-21 11:59 Tue,,false,,,,false,smartrecruiters:ServiceNow:744000138938440
ServiceNow:744000141362549,ServiceNow,Senior CRM Account Executive - Business Services,"Santa Clara, California, United States",Sales,https://jobs.smartrecruiters.com/ServiceNow/744000141362549,2026-08-04T00:46:18.591Z,2026-08-04,2026-08-04T00:59:40+00:00,2026-08-03 17:59 Mon,,false,,,,false,smartrecruiters:ServiceNow:744000141362549
ServiceNow:744000129857489,ServiceNow,Senior CRM Account Executive - Energy & Utilities (West),"Addison, Texas, United States",Sales,https://jobs.smartrecruiters.com/ServiceNow/744000129857489,2026-06-02T21:25:56.550Z,2026-06-02,2026-07-11T03:36:34+00:00,2026-07-10 20:36 Fri,,false,,,,false,smartrecruiters:ServiceNow:744000129857489
ServiceNow:744000130576950,ServiceNow,Senior CRM Account Executive - Energy & Utilities (West),"Sacramento, California, United States",Sales,https://jobs.smartrecruiters.com/ServiceNow/744000130576950,2026-06-05T18:40:51.422Z,2026-06-05,2026-07-11T03:36:34+00:00,2026-07-10 20:36 Fri,,false,,,,false,smartrecruiters:ServiceNow:744000130576950
ServiceNow:744000136065124,ServiceNow,Senior CRM Account Executive - Enterprise Technology,"Santa Clara, CALIFORNIA, United States",Sales,https://jobs.smartrecruiters.com/ServiceNow/744000136065124,2026-07-06T17:04:54.744Z,2026-07-06,2026-07-11T03:36:34+00:00,2026-07-10 20:36 Fri,,false,,,,false,smartrecruiters:ServiceNow:744000136065124
ServiceNow:744000137769909,ServiceNow,Senior CRM Account Executive - Enterprise Technology,"Santa Clara, California, United States",Sales,https://jobs.smartrecruiters.com/ServiceNow/744000137769909,2026-07-15T00:44:55.255Z,2026-07-15,2026-07-15T00:59:12+00:00,2026-07-14 17:59 Tue,,false,,,,false,smartrecruiters:ServiceNow:744000137769909
ServiceNow:744000138962879,ServiceNow,Senior CRM Account Executive - Manufacturing,"New York, New York, United States",Sales,https://jobs.smartrecruiters.com/ServiceNow/744000138962879,2026-07-21T23:29:03.556Z,2026-07-21,2026-07-21T23:39:40+00:00,2026-07-21 16:39 Tue,,false,,,,false,smartrecruiters:ServiceNow:744000138962879
ServiceNow:744000138729519,ServiceNow,Senior CRM Account Executive - Transportation & Logistics,"Atlanta, Georgia, United States",Sales,https://jobs.smartrecruiters.com/ServiceNow/744000138729519,2026-07-20T21:07:36.206Z,2026-07-20,2026-07-20T21:17:23+00:00,2026-07-20 14:17 Mon,,false,,,,false,smartrecruiters:ServiceNow:744000138729519
ServiceNow:744000132105279,ServiceNow,Senior Customer Success Manager,"Tokyo, , Japan",Customer Outcomes,https://jobs.smartrecruiters.com/ServiceNow/744000132105279,2026-06-15T02:16:09.181Z,2026-06-15,2026-07-11T03:36:34+00:00,2026-07-10 20:36 Fri,,false,,,,false,smartrecruiters:ServiceNow:744000132105279
ServiceNow:744000137786189,ServiceNow,Senior Customer Success Manager,"Tokyo, , Japan",Customer Outcomes,https://jobs.smartrecruiters.com/ServiceNow/744000137786189,2026-07-15T01:21:00.763Z,2026-07-15,2026-07-15T01:41:33+00:00,2026-07-14 18:41 Tue,,false,,,,false,smartrecruiters:ServiceNow:744000137786189
ServiceNow:744000124120679,ServiceNow,Senior Customer Success Manager - Moveworks,"London, , United Kingdom",Customer Service,https://jobs.smartrecruiters.com/ServiceNow/744000124120679,2026-05-01T12:42:50.442Z,2026-05-01,2026-07-11T03:36:34+00:00,2026-07-10 20:36 Fri,,false,,,,false,smartrecruiters:ServiceNow:744000124120679
ServiceNow:744000134533439,ServiceNow,Senior Customer Success Manager - Moveworks,"Austin, TEXAS, United States",Customer Service,https://jobs.smartrecruiters.com/ServiceNow/744000134533439,2026-06-26T18:22:24.523Z,2026-06-26,2026-07-11T03:36:34+00:00,2026-07-10 20:36 Fri,,false,,,,false,smartrecruiters:ServiceNow:744000134533439
ServiceNow:744000139988619,ServiceNow,Senior Customer Success Manager - Moveworks,"London, , United Kingdom",Customer Outcomes,https://jobs.smartrecruiters.com/ServiceNow/744000139988619,2026-07-27T12:09:33.203Z,2026-07-27,2026-07-27T12:17:15+00:00,2026-07-27 05:17 Mon,,false,,,,false,smartrecruiters:ServiceNow:744000139988619
ServiceNow:744000140475602,ServiceNow,Senior Customer Success Manager - Moveworks,"Santa Clara, CALIFORNIA, United States",Customer Service,https://jobs.smartrecruiters.com/ServiceNow/744000140475602,2026-07-29T14:02:14.108Z,2026-07-29,2026-07-29T14:17:20+00:00,2026-07-29 07:17 Wed,,false,,,,false,smartrecruiters:ServiceNow:744000140475602
ServiceNow:744000140700179,ServiceNow,Senior Customer Success Manager - Moveworks,"Chicago, ILLINOIS, United States",Customer Service,https://jobs.smartrecruiters.com/ServiceNow/744000140700179,2026-07-30T14:01:25.965Z,2026-07-30,2026-07-30T14:17:40+00:00,2026-07-30 07:17 Thu,,false,,,,false,smartrecruiters:ServiceNow:744000140700179
ServiceNow:744000141556039,ServiceNow,Senior Customer Success Manager - Moveworks,"Vienna, VIRGINIA, United States",Customer Service,https://jobs.smartrecruiters.com/ServiceNow/744000141556039,2026-08-04T17:52:13.363Z,2026-08-04,2026-08-04T17:59:42+00:00,2026-08-04 10:59 Tue,,false,,,,false,smartrecruiters:ServiceNow:744000141556039
ServiceNow:744000141582929,ServiceNow,Senior Customer Success Manager - Moveworks,"Washington, District of Columbia, United States",Customer Service,https://jobs.smartrecruiters.com/ServiceNow/744000141582929,2026-08-04T21:19:58.861Z,2026-08-04,2026-08-04T21:41:51+00:00,2026-08-04 14:41 Tue,,false,,,,false,smartrecruiters:ServiceNow:744000141582929
ServiceNow:744000141723081,ServiceNow,Senior Customer Success Manager - Moveworks,"Santa Clara, CALIFORNIA, United States",Customer Service,https://jobs.smartrecruiters.com/ServiceNow/744000141723081,2026-08-05T13:36:18.849Z,2026-08-05,2026-08-05T13:41:49+00:00,2026-08-05 06:41 Wed,,false,,,,false,smartrecruiters:ServiceNow:744000141723081
ServiceNow:744000141972719,ServiceNow,Senior Customer Success Manager - Moveworks,"Waltham, Massachusetts, United States",Customer Service,https://jobs.smartrecruiters.com/ServiceNow/744000141972719,2026-08-06T17:18:38.388Z,2026-08-06,2026-08-06T17:35:45+00:00,2026-08-06 10:35 Thu,,false,,,,false,smartrecruiters:ServiceNow:744000141972719
ServiceNow:744000134531060,ServiceNow,Senior Customer Success Manager - Moveworks (Federal),"Washington, District of Columbia, United States",Customer Service,https://jobs.smartrecruiters.com/ServiceNow/744000134531060,2026-06-26T18:23:37.383Z,2026-06-26,2026-07-11T03:36:34+00:00,2026-07-10 20:36 Fri,,false,,,,false,smartrecruiters:ServiceNow:744000134531060
ServiceNow:744000144379649,ServiceNow,"Senior Customer Success Manager, Enterprise - Moveworks","Santa Clara, CALIFORNIA, United States",Customer Service,https://jobs.smartrecruiters.com/ServiceNow/744000144379649,2026-08-19T18:09:44.853Z,2026-08-19,2026-08-19T18:17:51+00:00,2026-08-19 11:17 Wed,,false,,,,false,smartrecruiters:ServiceNow:744000144379649
ServiceNow:744000143144289,ServiceNow,"Senior Customer Success Manager, Moveworks","Munich, , Germany",Customer Outcomes,https://jobs.smartrecruiters.com/ServiceNow/744000143144289,2026-08-12T16:20:37.667Z,2026-08-12,2026-08-12T16:42:00+00:00,2026-08-12 09:42 Wed,,false,,,,false,smartrecruiters:ServiceNow:744000143144289
ServiceNow:744000137214359,ServiceNow,Senior Data Scientist,"Mountain View, CALIFORNIA, United States",Engineering,https://jobs.smartrecruiters.com/ServiceNow/744000137214359,2026-07-10T20:45:41.939Z,2026-07-10,2026-07-11T03:36:34+00:00,2026-07-10 20:36 Fri,,false,,,,false,smartrecruiters:ServiceNow:744000137214359
ServiceNow:744000139376204,ServiceNow,Senior Data Scientist,"Mountain View, CALIFORNIA, United States",Engineering,https://jobs.smartrecruiters.com/ServiceNow/744000139376204,2026-07-23T23:04:23.968Z,2026-07-23,2026-07-23T23:17:14+00:00,2026-07-23 16:17 Thu,,false,,,,false,smartrecruiters:ServiceNow:744000139376204
ServiceNow:744000139376329,ServiceNow,Senior Data Scientist,"Mountain View, CALIFORNIA, United States",Engineering,https://jobs.smartrecruiters.com/ServiceNow/744000139376329,2026-07-23T23:03:25.151Z,2026-07-23,2026-07-23T23:17:14+00:00,2026-07-23 16:17 Thu,,false,,,,false,smartrecruiters:ServiceNow:744000139376329
ServiceNow:744000136116309,ServiceNow,Senior Database Engineer,"Santa Clara, California, United States","Engineering, Infrastructure and Operations",https://jobs.smartrecruiters.com/ServiceNow/744000136116309,2026-07-07T00:38:18.318Z,2026-07-07,2026-07-11T03:36:34+00:00,2026-07-10 20:36 Fri,,false,,,,false,smartrecruiters:ServiceNow:744000136116309
ServiceNow:744000136116489,ServiceNow,Senior Database Engineer,"West Palm Beach, Florida, United States","Engineering, Infrastructure and Operations",https://jobs.smartrecruiters.com/ServiceNow/744000136116489,2026-07-07T00:40:51.063Z,2026-07-07,2026-07-11T03:36:34+00:00,2026-07-10 20:36 Fri,,false,,,,false,smartrecruiters:ServiceNow:744000136116489
ServiceNow:744000141774309,ServiceNow,Senior Database Engineer,"Toronto, Ontario, Canada","Engineering, Infrastructure and Operations",https://jobs.smartrecruiters.com/ServiceNow/744000141774309,2026-08-05T17:56:38.404Z,2026-08-05,2026-08-05T18:17:55+00:00,2026-08-05 11:17 Wed,,false,,,,false,smartrecruiters:ServiceNow:744000141774309
ServiceNow:744000141785279,ServiceNow,Senior Database Engineer,"Toronto, Ontario, Canada","Engineering, Infrastructure and Operations",https://jobs.smartrecruiters.com/ServiceNow/744000141785279,2026-08-05T19:19:08.698Z,2026-08-05,2026-08-05T19:41:59+00:00,2026-08-05 12:41 Wed,,false,,,,false,smartrecruiters:ServiceNow:744000141785279
ServiceNow:744000144691979,ServiceNow,Senior DevOps Engineer,"Bangalore, Karnataka, India","Engineering, Infrastructure and Operations",https://jobs.smartrecruiters.com/ServiceNow/744000144691979,2026-08-21T06:40:27.896Z,2026-08-21,2026-08-21T06:59:36+00:00,2026-08-20 23:59 Thu,,false,,,,false,smartrecruiters:ServiceNow:744000144691979
ServiceNow:744000136531576,ServiceNow,Senior Director - AI Evaluation Platform,"Santa Clara, CALIFORNIA, United States","Engineering, Infrastructure and Operations",https://jobs.smartrecruiters.com/ServiceNow/744000136531576,2026-07-08T17:23:56.264Z,2026-07-08,2026-07-11T03:36:34+00:00,2026-07-10 20:36 Fri,,false,,,,false,smartrecruiters:ServiceNow:744000136531576
ServiceNow:744000131661949,ServiceNow,"Senior Director, Alliances & Channels Ecosystem EMEA North","Amsterdam, , Netherlands",Sales,https://jobs.smartrecruiters.com/ServiceNow/744000131661949,2026-06-11T12:36:11.205Z,2026-06-11,2026-07-11T03:36:34+00:00,2026-07-10 20:36 Fri,,false,,,,false,smartrecruiters:ServiceNow:744000131661949
ServiceNow:744000136966409,ServiceNow,"Senior Director, Core Business Workflow Services Americas","Santa Clara, CALIFORNIA, United States",Sales,https://jobs.smartrecruiters.com/ServiceNow/744000136966409,2026-07-10T02:09:58.675Z,2026-07-10,2026-07-11T03:36:34+00:00,2026-07-10 20:36 Fri,,false,,,,false,smartrecruiters:ServiceNow:744000136966409
ServiceNow:744000144174840,ServiceNow,"Senior Director, CX Strategy","Santa Clara, CALIFORNIA, United States",Corporate Development & Strategy,https://jobs.smartrecruiters.com/ServiceNow/744000144174840,2026-08-18T22:23:06.329Z,2026-08-18,2026-08-18T22:45:05+00:00,2026-08-18 15:45 Tue,,false,,,,false,smartrecruiters:ServiceNow:744000144174840
ServiceNow:744000143225899,ServiceNow,"Senior Director, Delivery Transformation AMS","Santa Clara, CALIFORNIA, United States",Sales,https://jobs.smartrecruiters.com/ServiceNow/744000143225899,2026-08-13T04:05:59.060Z,2026-08-13,2026-08-13T04:17:28+00:00,2026-08-12 21:17 Wed,,false,,,,false,smartrecruiters:ServiceNow:744000143225899
ServiceNow:744000144811449,ServiceNow,"Senior Director, Executive Communications, Finance & Strategy","Santa Clara, CALIFORNIA, United States","Marketing, Communications, and Brand",https://jobs.smartrecruiters.com/ServiceNow/744000144811449,2026-08-21T17:06:30.730Z,2026-08-21,2026-08-21T17:17:48+00:00,2026-08-21 10:17 Fri,,false,,,,false,smartrecruiters:ServiceNow:744000144811449
ServiceNow:744000135064189,ServiceNow,"Senior Director, HR Operations (Strategy, Transformation & Enablement)","West Palm Beach, Florida, United States",Human Resources,https://jobs.smartrecruiters.com/ServiceNow/744000135064189,2026-06-30T15:55:56.165Z,2026-06-30,2026-07-11T03:36:34+00:00,2026-07-10 20:36 Fri,,false,,,,false,smartrecruiters:ServiceNow:744000135064189
ServiceNow:744000143145528,ServiceNow,"Senior Director, HR Operations (Strategy, Transformation & Enablement)","West Palm Beach, Florida, United States",Human Resources,https://jobs.smartrecruiters.com/ServiceNow/744000143145528,2026-08-12T16:26:06.270Z,2026-08-12,2026-08-12T16:42:00+00:00,2026-08-12 09:42 Wed,,false,,,,false,smartrecruiters:ServiceNow:744000143145528
ServiceNow:744000141969660,ServiceNow,"Senior Director, Marketing Management - Field & Partner (Armis)","Vienna, VIRGINIA, United States","Marketing, Communications, and Brand",https://jobs.smartrecruiters.com/ServiceNow/744000141969660,2026-08-06T17:04:30.480Z,2026-08-06,2026-08-06T17:35:45+00:00,2026-08-06 10:35 Thu,,false,,,,false,smartrecruiters:ServiceNow:744000141969660
ServiceNow:744000140783414,ServiceNow,"Senior Director, Product Innovation","San Diego, CALIFORNIA, United States","Engineering, Infrastructure and Operations",https://jobs.smartrecruiters.com/ServiceNow/744000140783414,2026-07-30T22:17:55.956Z,2026-07-30,2026-07-30T22:41:30+00:00,2026-07-30 15:41 Thu,,false,,,,false,smartrecruiters:ServiceNow:744000140783414
ServiceNow:744000138248089,ServiceNow,"Senior Director, Reseller Channel Sales","Singapore, , Singapore",Sales,https://jobs.smartrecruiters.com/ServiceNow/744000138248089,2026-07-17T05:02:55.093Z,2026-07-17,2026-07-17T05:17:12+00:00,2026-07-16 22:17 Thu,,false,,,,false,smartrecruiters:ServiceNow:744000138248089
ServiceNow:744000141843299,ServiceNow,"Senior Director, Reseller Channel Sales","Singapore, , Singapore",Sales,https://jobs.smartrecruiters.com/ServiceNow/744000141843299,2026-08-06T05:43:52.999Z,2026-08-06,2026-08-06T05:59:24+00:00,2026-08-05 22:59 Wed,,false,,,,false,smartrecruiters:ServiceNow:744000141843299
ServiceNow:744000143779383,ServiceNow,"Senior Director, Solution Consulting - Autonomous IT CoE Lead, EMEA ","Amsterdam, , Netherlands",Sales,https://jobs.smartrecruiters.com/ServiceNow/744000143779383,2026-08-17T09:12:13.586Z,2026-08-17,2026-08-17T09:17:30+00:00,2026-08-17 02:17 Mon,,false,,,,false,smartrecruiters:ServiceNow:744000143779383
ServiceNow:744000143160659,ServiceNow,"Senior Director, Strategic Operations & Transformation","Santa Clara, CALIFORNIA, United States",Legal,https://jobs.smartrecruiters.com/ServiceNow/744000143160659,2026-08-12T18:12:16.901Z,2026-08-12,2026-08-12T18:18:19+00:00,2026-08-12 11:18 Wed,,false,,,,false,smartrecruiters:ServiceNow:744000143160659
ServiceNow:744000137983950,ServiceNow,"Senior Director, Technical Program Management  ","Santa Clara, CALIFORNIA, United States","Engineering, Infrastructure and Operations",https://jobs.smartrecruiters.com/ServiceNow/744000137983950,2026-07-15T21:40:17.053Z,2026-07-15,2026-07-15T21:59:08+00:00,2026-07-15 14:59 Wed,,false,,,,false,smartrecruiters:ServiceNow:744000137983950
ServiceNow:744000137984120,ServiceNow,"Senior Director, Technical Program Management  ","San Diego, CALIFORNIA, United States","Engineering, Infrastructure and Operations",https://jobs.smartrecruiters.com/ServiceNow/744000137984120,2026-07-15T21:42:20.510Z,2026-07-15,2026-07-15T21:59:08+00:00,2026-07-15 14:59 Wed,,false,,,,false,smartrecruiters:ServiceNow:744000137984120
ServiceNow:744000140344034,ServiceNow,"Senior Editor, Thought Leadership","New York City, New York, United States",Marketing,https://jobs.smartrecruiters.com/ServiceNow/744000140344034,2026-07-28T22:31:13.267Z,2026-07-28,2026-07-28T23:56:06+00:00,2026-07-28 16:56 Tue,,false,,,,false,smartrecruiters:ServiceNow:744000140344034
ServiceNow:744000139339539,ServiceNow,Senior Engineering Manager - AI Developer Products,"San Diego, California, United States","Engineering, Infrastructure and Operations",https://jobs.smartrecruiters.com/ServiceNow/744000139339539,2026-07-23T17:53:15.933Z,2026-07-23,2026-07-23T17:59:20+00:00,2026-07-23 10:59 Thu,,false,,,,false,smartrecruiters:ServiceNow:744000139339539
ServiceNow:744000140085190,ServiceNow,Senior Engineering Manager - Application Lifecycle Engineering,"San Francisco, California, United States","Engineering, Infrastructure and Operations",https://jobs.smartrecruiters.com/ServiceNow/744000140085190,2026-07-27T20:15:51.264Z,2026-07-27,2026-07-27T20:41:29+00:00,2026-07-27 13:41 Mon,,false,,,,false,smartrecruiters:ServiceNow:744000140085190
ServiceNow:744000140086094,ServiceNow,Senior Engineering Manager - Application Lifecycle Engineering,"New York, New York, United States","Engineering, Infrastructure and Operations",https://jobs.smartrecruiters.com/ServiceNow/744000140086094,2026-07-27T20:16:58.426Z,2026-07-27,2026-07-27T20:41:29+00:00,2026-07-27 13:41 Mon,,false,,,,false,smartrecruiters:ServiceNow:744000140086094
ServiceNow:744000138740919,ServiceNow,Senior Engineering Manager - Automated Testing Framework,"San Francisco, California, United States","Engineering, Infrastructure and Operations",https://jobs.smartrecruiters.com/ServiceNow/744000138740919,2026-07-20T23:36:15.521Z,2026-07-20,2026-07-20T23:41:14+00:00,2026-07-20 16:41 Mon,,false,,,,false,smartrecruiters:ServiceNow:744000138740919
ServiceNow:744000138741349,ServiceNow,Senior Engineering Manager - Automated Testing Framework,"New York, New York, United States","Engineering, Infrastructure and Operations",https://jobs.smartrecruiters.com/ServiceNow/744000138741349,2026-07-20T23:45:41.894Z,2026-07-20,2026-07-20T23:59:17+00:00,2026-07-20 16:59 Mon,,false,,,,false,smartrecruiters:ServiceNow:744000138741349
ServiceNow:744000138740959,ServiceNow,Senior Engineering Manager - Platform,"Santa Clara, California, United States","Engineering, Infrastructure and Operations",https://jobs.smartrecruiters.com/ServiceNow/744000138740959,2026-07-20T23:37:18.488Z,2026-07-20,2026-07-20T23:59:17+00:00,2026-07-20 16:59 Mon,,false,,,,false,smartrecruiters:ServiceNow:744000138740959
ServiceNow:744000141563299,ServiceNow,Senior Engineering Manager - Platform,"Santa Clara, California, United States","Engineering, Infrastructure and Operations",https://jobs.smartrecruiters.com/ServiceNow/744000141563299,2026-08-04T18:49:58.134Z,2026-08-04,2026-08-04T18:59:45+00:00,2026-08-04 11:59 Tue,,false,,,,false,smartrecruiters:ServiceNow:744000141563299
ServiceNow:744000137502479,ServiceNow,"Senior Engineering Manager, Agentic & Generative AI Benchmarking and Evaluations","Santa Clara, California, United States","Engineering, Infrastructure and Operations",https://jobs.smartrecruiters.com/ServiceNow/744000137502479,2026-07-13T16:21:49.219Z,2026-07-13,2026-07-13T16:41:06+00:00,2026-07-13 09:41 Mon,AI / ML,true,Keyword,43,keyword-only heuristic,false,smartrecruiters:ServiceNow:744000137502479
ServiceNow:744000131507469,ServiceNow,Senior Enterprise Account Executive,"Amsterdam, , Netherlands",Sales,https://jobs.smartrecruiters.com/ServiceNow/744000131507469,2026-06-10T17:23:49.234Z,2026-06-10,2026-07-11T03:36:34+00:00,2026-07-10 20:36 Fri,,false,,,,false,smartrecruiters:ServiceNow:744000131507469
ServiceNow:744000144404505,ServiceNow,Senior Enterprise Account Executive,"Montreal, QUEBEC, Canada",Sales,https://jobs.smartrecruiters.com/ServiceNow/744000144404505,2026-08-19T20:44:20.138Z,2026-08-19,2026-08-19T20:50:19+00:00,2026-08-19 13:50 Wed,,false,,,,false,smartrecruiters:ServiceNow:744000144404505
ServiceNow:744000138420290,ServiceNow,Senior Enterprise Account Executive ,"Chicago, Illinois, United States",Sales,https://jobs.smartrecruiters.com/ServiceNow/744000138420290,2026-07-17T23:22:02.727Z,2026-07-17,2026-07-17T23:36:08+00:00,2026-07-17 16:36 Fri,,false,,,,false,smartrecruiters:ServiceNow:744000138420290
ServiceNow:744000130207213,ServiceNow,Senior Enterprise Account Executive - Baltics,"Helsinki, , Finland",Sales,https://jobs.smartrecruiters.com/ServiceNow/744000130207213,2026-06-04T12:41:53.362Z,2026-06-04,2026-07-11T03:36:34+00:00,2026-07-10 20:36 Fri,,false,,,,false,smartrecruiters:ServiceNow:744000130207213
ServiceNow:744000140471445,ServiceNow,Senior Enterprise Account Executive - Baltics,"Helsinki, , Finland",Sales,https://jobs.smartrecruiters.com/ServiceNow/744000140471445,2026-07-29T13:53:57.604Z,2026-07-29,2026-07-29T13:59:43+00:00,2026-07-29 06:59 Wed,,false,,,,false,smartrecruiters:ServiceNow:744000140471445
ServiceNow:744000128935052,ServiceNow,Senior Enterprise Account Executive - FSI,"Issy Les Moulineaux, PARIS, France",Sales,https://jobs.smartrecruiters.com/ServiceNow/744000128935052,2026-05-28T11:45:48.670Z,2026-05-28,2026-07-11T03:36:34+00:00,2026-07-10 20:36 Fri,,false,,,,false,smartrecruiters:ServiceNow:744000128935052
ServiceNow:744000143646289,ServiceNow,Senior Enterprise Account Executive - FSI,"Issy Les Moulineaux, PARIS, France",Sales,https://jobs.smartrecruiters.com/ServiceNow/744000143646289,2026-08-15T14:15:21.000Z,2026-08-15,2026-08-15T14:38:29+00:00,2026-08-15 07:38 Sat,,false,,,,false,smartrecruiters:ServiceNow:744000143646289
ServiceNow:744000116121107,ServiceNow,Senior Enterprise Account Executive - Public Sector,"Issy Les Moulineaux, PARIS, France",Sales,https://jobs.smartrecruiters.com/ServiceNow/744000116121107,2026-03-23T08:17:20.603Z,2026-03-23,2026-07-11T03:36:34+00:00,2026-07-10 20:36 Fri,,false,,,,false,smartrecruiters:ServiceNow:744000116121107
ServiceNow:744000124837051,ServiceNow,Senior Enterprise Account Executive - Retail,"Stockholm, , Sweden",Sales,https://jobs.smartrecruiters.com/ServiceNow/744000124837051,2026-05-06T08:40:15.621Z,2026-05-06,2026-07-11T03:36:34+00:00,2026-07-10 20:36 Fri,,false,,,,false,smartrecruiters:ServiceNow:744000124837051
ServiceNow:744000124834682,ServiceNow,Senior Enterprise Account Executive - Telco,"Stockholm, , Sweden",Sales,https://jobs.smartrecruiters.com/ServiceNow/744000124834682,2026-05-06T08:37:44.319Z,2026-05-06,2026-07-11T03:36:34+00:00,2026-07-10 20:36 Fri,,false,,,,false,smartrecruiters:ServiceNow:744000124834682
ServiceNow:744000137114859,ServiceNow,Senior Enterprise Account Executive FSI,"Riyadh, , Saudi Arabia",Sales,https://jobs.smartrecruiters.com/ServiceNow/744000137114859,2026-07-10T11:58:37.794Z,2026-07-10,2026-07-11T03:36:34+00:00,2026-07-10 20:36 Fri,,false,,,,false,smartrecruiters:ServiceNow:744000137114859
ServiceNow:744000120355377,ServiceNow,"Senior Enterprise Account Executive, Deutsche Rentenversicherung & DGUV","Munich, , Germany",Sales,https://jobs.smartrecruiters.com/ServiceNow/744000120355377,2026-04-13T09:18:53.652Z,2026-04-13,2026-07-11T03:36:34+00:00,2026-07-10 20:36 Fri,,false,,,,false,smartrecruiters:ServiceNow:744000120355377
ServiceNow:744000124600717,ServiceNow,"Senior Enterprise Account Executive, Financial Services","Frankfurt, , Germany",Sales,https://jobs.smartrecruiters.com/ServiceNow/744000124600717,2026-05-05T09:35:13.828Z,2026-05-05,2026-07-11T03:36:34+00:00,2026-07-10 20:36 Fri,,false,,,,false,smartrecruiters:ServiceNow:744000124600717
ServiceNow:744000128651232,ServiceNow,"Senior Enterprise Account Executive, Insurance","Munich, , Germany",Sales,https://jobs.smartrecruiters.com/ServiceNow/744000128651232,2026-05-27T07:18:27.425Z,2026-05-27,2026-07-11T03:36:34+00:00,2026-07-10 20:36 Fri,,false,,,,false,smartrecruiters:ServiceNow:744000128651232
ServiceNow:744000140318999,ServiceNow,Senior Executive Recruiter - GTM,"Austin, TEXAS, United States",Human Resources,https://jobs.smartrecruiters.com/ServiceNow/744000140318999,2026-07-28T18:18:25.566Z,2026-07-28,2026-07-28T18:41:21+00:00,2026-07-28 11:41 Tue,,false,,,,false,smartrecruiters:ServiceNow:744000140318999
ServiceNow:744000143132154,ServiceNow,"Senior Financial Analyst, GTM Finance ","Santa Clara, CALIFORNIA, United States",Finance & Accounting,https://jobs.smartrecruiters.com/ServiceNow/744000143132154,2026-08-12T15:19:55.493Z,2026-08-12,2026-08-12T15:41:55+00:00,2026-08-12 08:41 Wed,,false,,,,false,smartrecruiters:ServiceNow:744000143132154
ServiceNow:744000107400460,ServiceNow,Senior Identity & Access Management Engineer - Moveworks,"Mountain View, CALIFORNIA, United States",Engineering,https://jobs.smartrecruiters.com/ServiceNow/744000107400460,2026-02-04T23:20:04.004Z,2026-02-04,2026-07-11T03:36:34+00:00,2026-07-10 20:36 Fri,,false,,,,false,smartrecruiters:ServiceNow:744000107400460
ServiceNow:744000126145759,ServiceNow,Senior Identity & Access Management Engineer - Moveworks,"Washington, DC, United States",Engineering,https://jobs.smartrecruiters.com/ServiceNow/744000126145759,2026-05-12T17:50:34.565Z,2026-05-12,2026-07-11T03:36:34+00:00,2026-07-10 20:36 Fri,,false,,,,false,smartrecruiters:ServiceNow:744000126145759
ServiceNow:744000126146189,ServiceNow,Senior Identity & Access Management Engineer - Moveworks,"Kirkland, Washington, United States",Engineering,https://jobs.smartrecruiters.com/ServiceNow/744000126146189,2026-05-12T17:53:34.811Z,2026-05-12,2026-07-11T03:36:34+00:00,2026-07-10 20:36 Fri,,false,,,,false,smartrecruiters:ServiceNow:744000126146189
ServiceNow:744000126146519,ServiceNow,Senior Identity & Access Management Engineer - Moveworks,"Chicago, Illinois, United States",Engineering,https://jobs.smartrecruiters.com/ServiceNow/744000126146519,2026-05-12T17:55:09.288Z,2026-05-12,2026-07-11T03:36:34+00:00,2026-07-10 20:36 Fri,,false,,,,false,smartrecruiters:ServiceNow:744000126146519
ServiceNow:744000126172468,ServiceNow,Senior Identity & Access Management Engineer - Moveworks,"Austin , Texas, United States",Engineering,https://jobs.smartrecruiters.com/ServiceNow/744000126172468,2026-05-12T21:22:15.618Z,2026-05-12,2026-07-11T03:36:34+00:00,2026-07-10 20:36 Fri,,false,,,,false,smartrecruiters:ServiceNow:744000126172468
ServiceNow:744000126172654,ServiceNow,Senior Identity & Access Management Engineer - Moveworks,"Sandy Springs, Georgia, United States",Engineering,https://jobs.smartrecruiters.com/ServiceNow/744000126172654,2026-05-12T21:25:31.052Z,2026-05-12,2026-07-11T03:36:34+00:00,2026-07-10 20:36 Fri,,false,,,,false,smartrecruiters:ServiceNow:744000126172654
ServiceNow:744000132339199,ServiceNow,Senior Inbound Product Manager,"Bangalore, Karnataka, India",Product,https://jobs.smartrecruiters.com/ServiceNow/744000132339199,2026-06-16T06:32:29.710Z,2026-06-16,2026-07-11T03:36:34+00:00,2026-07-10 20:36 Fri,,false,,,,false,smartrecruiters:ServiceNow:744000132339199
ServiceNow:744000136574600,ServiceNow,Senior Info Sec Operations Engineer | OKTA | IAM,"Kirkland, Washington, United States",Digital Technology,https://jobs.smartrecruiters.com/ServiceNow/744000136574600,2026-07-08T23:16:26.467Z,2026-07-08,2026-07-11T03:36:34+00:00,2026-07-10 20:36 Fri,,false,,,,false,smartrecruiters:ServiceNow:744000136574600
ServiceNow:744000143574864,ServiceNow,Senior Integrated Content Strategist,"Santa Clara, CALIFORNIA, United States","Marketing, Communications, and Brand",https://jobs.smartrecruiters.com/ServiceNow/744000143574864,2026-08-14T17:55:54.483Z,2026-08-14,2026-08-14T18:07:01+00:00,2026-08-14 11:07 Fri,,false,,,,false,smartrecruiters:ServiceNow:744000143574864
ServiceNow:744000141812830,ServiceNow,"Senior Machine Learning Engineer, Agentic AI Harness & Quality - Moveworks","Mountain View, CALIFORNIA, United States",Engineering,https://jobs.smartrecruiters.com/ServiceNow/744000141812830,2026-08-05T23:46:38.315Z,2026-08-05,2026-08-05T23:59:30+00:00,2026-08-05 16:59 Wed,,false,,,,false,smartrecruiters:ServiceNow:744000141812830
ServiceNow:744000107400781,ServiceNow,"Senior Machine Learning Engineer, Agentic AI Systems - Moveworks","Mountain View, CALIFORNIA, United States",Engineering,https://jobs.smartrecruiters.com/ServiceNow/744000107400781,2026-02-04T23:21:53.491Z,2026-02-04,2026-07-11T03:36:34+00:00,2026-07-10 20:36 Fri,,false,,,,false,smartrecruiters:ServiceNow:744000107400781
ServiceNow:744000134357379,ServiceNow,"Senior Machine Learning Engineer, Agentic Application","Mountain View, California, United States","Engineering, Infrastructure and Operations",https://jobs.smartrecruiters.com/ServiceNow/744000134357379,2026-06-26T00:48:19.800Z,2026-06-26,2026-07-11T03:36:34+00:00,2026-07-10 20:36 Fri,,false,,,,false,smartrecruiters:ServiceNow:744000134357379
ServiceNow:744000122090573,ServiceNow,"Senior Machine Learning Engineer, Agentic Systems - Moveworks","Mountain View, CALIFORNIA, United States",Engineering,https://jobs.smartrecruiters.com/ServiceNow/744000122090573,2026-04-21T18:01:57.703Z,2026-04-21,2026-07-11T03:36:34+00:00,2026-07-10 20:36 Fri,,false,,,,false,smartrecruiters:ServiceNow:744000122090573
ServiceNow:744000130259189,ServiceNow,"Senior Machine Learning Engineer, Agentic Systems - Moveworks","Mountain View, CALIFORNIA, United States",Engineering,https://jobs.smartrecruiters.com/ServiceNow/744000130259189,2026-06-04T16:19:58.065Z,2026-06-04,2026-07-11T03:36:34+00:00,2026-07-10 20:36 Fri,,false,,,,false,smartrecruiters:ServiceNow:744000130259189
ServiceNow:744000134028853,ServiceNow,"Senior Machine Learning Engineer, Agentic Systems - Moveworks","Mountain View, CALIFORNIA, United States",Engineering,https://jobs.smartrecruiters.com/ServiceNow/744000134028853,2026-06-24T20:29:37.538Z,2026-06-24,2026-07-11T03:36:34+00:00,2026-07-10 20:36 Fri,,false,,,,false,smartrecruiters:ServiceNow:744000134028853
ServiceNow:744000134029009,ServiceNow,"Senior Machine Learning Engineer, Agentic Systems - Moveworks","Mountain View, CALIFORNIA, United States",Engineering,https://jobs.smartrecruiters.com/ServiceNow/744000134029009,2026-06-24T20:30:15.320Z,2026-06-24,2026-07-11T03:36:34+00:00,2026-07-10 20:36 Fri,,false,,,,false,smartrecruiters:ServiceNow:744000134029009
ServiceNow:744000137759960,ServiceNow,"Senior Machine Learning Engineer, Agentic Systems - Moveworks","Mountain View, CALIFORNIA, United States",Engineering,https://jobs.smartrecruiters.com/ServiceNow/744000137759960,2026-07-14T22:27:05.028Z,2026-07-14,2026-07-14T22:40:39+00:00,2026-07-14 15:40 Tue,AI / ML,true,Keyword,43,keyword-only heuristic,false,smartrecruiters:ServiceNow:744000137759960
ServiceNow:744000137761439,ServiceNow,"Senior Machine Learning Engineer, Agentic Systems - Moveworks","Mountain View, CALIFORNIA, United States",Engineering,https://jobs.smartrecruiters.com/ServiceNow/744000137761439,2026-07-14T22:29:05.247Z,2026-07-14,2026-07-14T22:40:39+00:00,2026-07-14 15:40 Tue,AI / ML,true,Keyword,43,keyword-only heuristic,false,smartrecruiters:ServiceNow:744000137761439
ServiceNow:744000139369551,ServiceNow,"Senior Machine Learning Engineer, Agentic Systems - Moveworks","Mountain View, CALIFORNIA, United States",Engineering,https://jobs.smartrecruiters.com/ServiceNow/744000139369551,2026-07-23T21:48:09.453Z,2026-07-23,2026-07-23T21:59:54+00:00,2026-07-23 14:59 Thu,,false,,,,false,smartrecruiters:ServiceNow:744000139369551
ServiceNow:744000139370469,ServiceNow,"Senior Machine Learning Engineer, Agentic Systems - Moveworks","Mountain View, CALIFORNIA, United States",Engineering,https://jobs.smartrecruiters.com/ServiceNow/744000139370469,2026-07-23T21:47:02.744Z,2026-07-23,2026-07-23T21:59:54+00:00,2026-07-23 14:59 Thu,,false,,,,false,smartrecruiters:ServiceNow:744000139370469
ServiceNow:744000144420159,ServiceNow,"Senior Machine Learning Engineer, GAI Search Platform - Moveworks","Mountain View, CALIFORNIA, United States","Engineering, Infrastructure and Operations",https://jobs.smartrecruiters.com/ServiceNow/744000144420159,2026-08-20T00:22:56.367Z,2026-08-20,2026-08-20T00:41:21+00:00,2026-08-19 17:41 Wed,,false,,,,false,smartrecruiters:ServiceNow:744000144420159
ServiceNow:744000122345610,ServiceNow,"Senior Machine Learning Engineer, GAI Search Relevance - Moveworks","Mountain View, CALIFORNIA, United States","Engineering, Infrastructure and Operations",https://jobs.smartrecruiters.com/ServiceNow/744000122345610,2026-04-22T22:01:16.783Z,2026-04-22,2026-07-11T03:36:34+00:00,2026-07-10 20:36 Fri,,false,,,,false,smartrecruiters:ServiceNow:744000122345610
ServiceNow:744000138176524,ServiceNow,"Senior Machine Learning Engineer, GAI Search Relevance - Moveworks","Mountain View, CALIFORNIA, United States","Engineering, Infrastructure and Operations",https://jobs.smartrecruiters.com/ServiceNow/744000138176524,2026-07-16T18:23:10.128Z,2026-07-16,2026-07-16T18:41:38+00:00,2026-07-16 11:41 Thu,,false,,,,false,smartrecruiters:ServiceNow:744000138176524
ServiceNow:744000144420889,ServiceNow,"Senior Machine Learning Engineer, GAI Search Relevance - Moveworks","Mountain View, CALIFORNIA, United States","Engineering, Infrastructure and Operations",https://jobs.smartrecruiters.com/ServiceNow/744000144420889,2026-08-20T00:40:33.302Z,2026-08-20,2026-08-20T00:59:31+00:00,2026-08-19 17:59 Wed,,false,,,,false,smartrecruiters:ServiceNow:744000144420889
ServiceNow:744000134798034,ServiceNow,Senior Manager - Product Red Team,"Petah Tikva, , Israel",Engineering,https://jobs.smartrecruiters.com/ServiceNow/744000134798034,2026-06-29T13:45:40.552Z,2026-06-29,2026-07-11T03:36:34+00:00,2026-07-10 20:36 Fri,,false,,,,false,smartrecruiters:ServiceNow:744000134798034
ServiceNow:744000139527209,ServiceNow,Senior Manager - Product Red Team,"Petah Tikva, , Israel",Engineering,https://jobs.smartrecruiters.com/ServiceNow/744000139527209,2026-07-24T06:57:57.598Z,2026-07-24,2026-07-24T07:17:27+00:00,2026-07-24 00:17 Fri,,false,,,,false,smartrecruiters:ServiceNow:744000139527209
ServiceNow:744000140456431,ServiceNow,Senior Manager - Product Red Team,"Petah Tikva, , Israel",Engineering,https://jobs.smartrecruiters.com/ServiceNow/744000140456431,2026-07-29T12:45:22.010Z,2026-07-29,2026-07-29T12:59:31+00:00,2026-07-29 05:59 Wed,,false,,,,false,smartrecruiters:ServiceNow:744000140456431
ServiceNow:744000141461369,ServiceNow,Senior Manager - Product Red Team,"Petah Tikva, , Israel",Engineering,https://jobs.smartrecruiters.com/ServiceNow/744000141461369,2026-08-04T10:36:39.733Z,2026-08-04,2026-08-04T10:59:21+00:00,2026-08-04 03:59 Tue,,false,,,,false,smartrecruiters:ServiceNow:744000141461369
ServiceNow:744000141885789,ServiceNow,Senior Manager - Product Red Team,"Petah Tikva, , Israel",Engineering,https://jobs.smartrecruiters.com/ServiceNow/744000141885789,2026-08-06T10:13:58.156Z,2026-08-06,2026-08-06T10:24:13+00:00,2026-08-06 03:24 Thu,,false,,,,false,smartrecruiters:ServiceNow:744000141885789
ServiceNow:744000144815209,ServiceNow,"Senior Manager, Americas Benefits","West Palm Beach, Florida, United States",Human Resources,https://jobs.smartrecruiters.com/ServiceNow/744000144815209,2026-08-21T17:41:02.185Z,2026-08-21,2026-08-21T17:50:15+00:00,2026-08-21 10:50 Fri,,false,,,,false,smartrecruiters:ServiceNow:744000144815209
ServiceNow:744000144843568,ServiceNow,"Senior Manager, Americas Benefits","Orlando, Florida, United States",Human Resources,https://jobs.smartrecruiters.com/ServiceNow/744000144843568,2026-08-21T21:43:35.354Z,2026-08-21,2026-08-21T21:59:40+00:00,2026-08-21 14:59 Fri,,false,,,,false,smartrecruiters:ServiceNow:744000144843568
ServiceNow:744000138349199,ServiceNow,"Senior Manager, Core Presales Solution Consulting","Staines, , United Kingdom",Sales,https://jobs.smartrecruiters.com/ServiceNow/744000138349199,2026-07-17T14:24:21.303Z,2026-07-17,2026-07-17T14:41:53+00:00,2026-07-17 07:41 Fri,,false,,,,false,smartrecruiters:ServiceNow:744000138349199
ServiceNow:744000129600529,ServiceNow,"Senior Manager, Customer Engagement Strategy & Operations - Moveworks from ServiceNow ","Mountain View, California, United States",Product,https://jobs.smartrecruiters.com/ServiceNow/744000129600529,2026-06-01T22:35:18.274Z,2026-06-01,2026-07-11T03:36:34+00:00,2026-07-10 20:36 Fri,,false,,,,false,smartrecruiters:ServiceNow:744000129600529
ServiceNow:744000142725919,ServiceNow,"Senior Manager, Customer Marketing Management","Munich, , Germany","Marketing, Communications, and Brand",https://jobs.smartrecruiters.com/ServiceNow/744000142725919,2026-08-10T19:47:56.990Z,2026-08-10,2026-08-10T19:59:55+00:00,2026-08-10 12:59 Mon,,false,,,,false,smartrecruiters:ServiceNow:744000142725919
ServiceNow:744000144231779,ServiceNow,"Senior Manager, Customer Success ","Tokyo, , Japan",Customer Outcomes,https://jobs.smartrecruiters.com/ServiceNow/744000144231779,2026-08-19T05:39:33.680Z,2026-08-19,2026-08-19T05:56:24+00:00,2026-08-18 22:56 Tue,,false,,,,false,smartrecruiters:ServiceNow:744000144231779
ServiceNow:744000138119615,ServiceNow,"Senior Manager, Customer Success Mid Market - Moveworks","San Francisco, CALIFORNIA, United States",Customer Service,https://jobs.smartrecruiters.com/ServiceNow/744000138119615,2026-07-16T13:40:33.717Z,2026-07-16,2026-07-16T13:59:26+00:00,2026-07-16 06:59 Thu,,false,,,,false,smartrecruiters:ServiceNow:744000138119615
ServiceNow:744000139204550,ServiceNow,"Senior Manager, Deal Desk Operations - APAC","Singapore, , Singapore",Customer Service and Support,https://jobs.smartrecruiters.com/ServiceNow/744000139204550,2026-07-23T05:34:42.867Z,2026-07-23,2026-07-23T05:41:12+00:00,2026-07-22 22:41 Wed,,false,,,,false,smartrecruiters:ServiceNow:744000139204550
ServiceNow:744000140375259,ServiceNow,"Senior Manager, Deal Desk Operations - APAC","Singapore, , Singapore",Customer Service and Support,https://jobs.smartrecruiters.com/ServiceNow/744000140375259,2026-07-29T02:49:14.071Z,2026-07-29,2026-07-29T02:59:21+00:00,2026-07-28 19:59 Tue,,false,,,,false,smartrecruiters:ServiceNow:744000140375259
ServiceNow:744000138409249,ServiceNow,"Senior Manager, Email Lifecycle Strategy ","Santa Clara, CALIFORNIA, United States","Marketing, Communications, and Brand",https://jobs.smartrecruiters.com/ServiceNow/744000138409249,2026-07-17T20:51:19.158Z,2026-07-17,2026-07-17T20:59:09+00:00,2026-07-17 13:59 Fri,,false,,,,false,smartrecruiters:ServiceNow:744000138409249
ServiceNow:744000141317919,ServiceNow,"Senior Manager, Event Content Program Management & Operations","Santa Clara, CALIFORNIA, United States","Marketing, Communications, and Brand",https://jobs.smartrecruiters.com/ServiceNow/744000141317919,2026-08-03T17:27:07.048Z,2026-08-03,2026-08-03T17:32:59+00:00,2026-08-03 10:32 Mon,,false,,,,false,smartrecruiters:ServiceNow:744000141317919
ServiceNow:744000140525287,ServiceNow,"Senior Manager, Event Content Program Management & Operations ","Santa Clara, CALIFORNIA, United States","Marketing, Communications, and Brand",https://jobs.smartrecruiters.com/ServiceNow/744000140525287,2026-07-29T18:09:08.887Z,2026-07-29,2026-07-29T18:17:38+00:00,2026-07-29 11:17 Wed,,false,,,,false,smartrecruiters:ServiceNow:744000140525287
ServiceNow:744000140538344,ServiceNow,"Senior Manager, Event Content Program Management & Operations ","Santa Clara, CALIFORNIA, United States","Marketing, Communications, and Brand",https://jobs.smartrecruiters.com/ServiceNow/744000140538344,2026-07-29T19:35:10.575Z,2026-07-29,2026-07-29T19:41:58+00:00,2026-07-29 12:41 Wed,,false,,,,false,smartrecruiters:ServiceNow:744000140538344
ServiceNow:744000140972680,ServiceNow,"Senior Manager, GTM Strategy & Process Optimization ","San Diego, California, United States",Marketing,https://jobs.smartrecruiters.com/ServiceNow/744000140972680,2026-07-31T18:02:57.120Z,2026-07-31,2026-07-31T18:17:52+00:00,2026-07-31 11:17 Fri,,false,,,,false,smartrecruiters:ServiceNow:744000140972680
ServiceNow:744000142906393,ServiceNow,"Senior Manager, HRBP and HR Transformation ","Philadelphia, PENNSYLVANIA, United States",Human Resources,https://jobs.smartrecruiters.com/ServiceNow/744000142906393,2026-08-11T15:17:29.766Z,2026-08-11,2026-08-11T15:23:31+00:00,2026-08-11 08:23 Tue,,false,,,,false,smartrecruiters:ServiceNow:744000142906393
ServiceNow:744000138405549,ServiceNow,"Senior Manager, Influencer Marketing & Amplification Lead","San Diego, California, United States",Marketing,https://jobs.smartrecruiters.com/ServiceNow/744000138405549,2026-07-17T20:13:26.407Z,2026-07-17,2026-07-17T20:35:32+00:00,2026-07-17 13:35 Fri,,false,,,,false,smartrecruiters:ServiceNow:744000138405549
ServiceNow:744000142008449,ServiceNow,"Senior Manager, M&A Project Management and TR Program Delivery ","San Diego, California, United States",Strategy/Planning,https://jobs.smartrecruiters.com/ServiceNow/744000142008449,2026-08-06T21:55:37.509Z,2026-08-06,2026-08-06T22:18:08+00:00,2026-08-06 15:18 Thu,,false,,,,false,smartrecruiters:ServiceNow:744000142008449
ServiceNow:744000141569229,ServiceNow,"Senior Manager, Marketing Management - Americas Regional Marketing (Armis)","Columbus, Ohio, United States","Marketing, Communications, and Brand",https://jobs.smartrecruiters.com/ServiceNow/744000141569229,2026-08-04T19:30:27.665Z,2026-08-04,2026-08-04T19:42:12+00:00,2026-08-04 12:42 Tue,,false,,,,false,smartrecruiters:ServiceNow:744000141569229
ServiceNow:744000135339719,ServiceNow,"Senior Manager, Product Marketing - Telecommunications","Santa Clara, CALIFORNIA, United States","Marketing, Communications, and Brand",https://jobs.smartrecruiters.com/ServiceNow/744000135339719,2026-07-01T19:37:13.488Z,2026-07-01,2026-07-11T03:36:34+00:00,2026-07-10 20:36 Fri,,false,,,,false,smartrecruiters:ServiceNow:744000135339719
ServiceNow:744000141346118,ServiceNow,"Senior Manager, Product Marketing – CRM for Banking","Santa Clara, CALIFORNIA, United States","Marketing, Communications, and Brand",https://jobs.smartrecruiters.com/ServiceNow/744000141346118,2026-08-03T21:07:53.461Z,2026-08-03,2026-08-03T21:17:44+00:00,2026-08-03 14:17 Mon,,false,,,,false,smartrecruiters:ServiceNow:744000141346118
ServiceNow:744000141346719,ServiceNow,"Senior Manager, Product Marketing – CRM for Banking","New York, New York, United States","Marketing, Communications, and Brand",https://jobs.smartrecruiters.com/ServiceNow/744000141346719,2026-08-03T21:11:52.342Z,2026-08-03,2026-08-03T21:17:44+00:00,2026-08-03 14:17 Mon,,false,,,,false,smartrecruiters:ServiceNow:744000141346719
ServiceNow:744000138406349,ServiceNow,"Senior Manager, Social Strategist ","San Diego, California, United States",Marketing,https://jobs.smartrecruiters.com/ServiceNow/744000138406349,2026-07-17T20:21:40.186Z,2026-07-17,2026-07-17T20:35:32+00:00,2026-07-17 13:35 Fri,,false,,,,false,smartrecruiters:ServiceNow:744000138406349
ServiceNow:744000137801379,ServiceNow,"Senior Manager, Software Engineering","Hyderabad, , India","Engineering, Infrastructure and Operations",https://jobs.smartrecruiters.com/ServiceNow/744000137801379,2026-07-15T05:24:27.681Z,2026-07-15,2026-07-15T05:41:42+00:00,2026-07-14 22:41 Tue,,false,,,,false,smartrecruiters:ServiceNow:744000137801379
ServiceNow:744000117872247,ServiceNow,"Senior Manager, Solution Consulting - Moveworks","Munich, , Germany",Sales,https://jobs.smartrecruiters.com/ServiceNow/744000117872247,2026-03-31T12:33:39.798Z,2026-03-31,2026-07-11T03:36:34+00:00,2026-07-10 20:36 Fri,,false,,,,false,smartrecruiters:ServiceNow:744000117872247
ServiceNow:744000143323500,ServiceNow,"Senior Manager, Solution Consulting - Moveworks","Munich, , Germany",Sales,https://jobs.smartrecruiters.com/ServiceNow/744000143323500,2026-08-13T13:57:17.628Z,2026-08-13,2026-08-13T14:17:45+00:00,2026-08-13 07:17 Thu,,false,,,,false,smartrecruiters:ServiceNow:744000143323500
ServiceNow:744000137726509,ServiceNow,"Senior Manager, Expo Experiences","Santa Clara, CALIFORNIA, United States","Marketing, Communications, and Brand",https://jobs.smartrecruiters.com/ServiceNow/744000137726509,2026-07-14T18:21:53.499Z,2026-07-14,2026-07-14T18:41:32+00:00,2026-07-14 11:41 Tue,,false,,,,false,smartrecruiters:ServiceNow:744000137726509
ServiceNow:744000141297069,ServiceNow,Senior Marketing Manager - Digital (Armis),"Kirkland, Washington, United States","Marketing, Communications, and Brand",https://jobs.smartrecruiters.com/ServiceNow/744000141297069,2026-08-03T15:27:47.477Z,2026-08-03,2026-08-03T15:34:11+00:00,2026-08-03 08:34 Mon,,false,,,,false,smartrecruiters:ServiceNow:744000141297069
ServiceNow:744000141238500,ServiceNow,Senior Marketing Specialist (Regional Marketing Americas),"Waltham, Massachusetts, United States","Marketing, Communications, and Brand",https://jobs.smartrecruiters.com/ServiceNow/744000141238500,2026-08-03T11:25:35.830Z,2026-08-03,2026-08-03T11:41:46+00:00,2026-08-03 04:41 Mon,,false,,,,false,smartrecruiters:ServiceNow:744000141238500
ServiceNow:744000141279269,ServiceNow,Senior Marketing Specialist - Regional Marketing Americas (Armis),"Waltham, Massachusetts, United States","Marketing, Communications, and Brand",https://jobs.smartrecruiters.com/ServiceNow/744000141279269,2026-08-03T14:24:55.329Z,2026-08-03,2026-08-03T14:41:22+00:00,2026-08-03 07:41 Mon,,false,,,,false,smartrecruiters:ServiceNow:744000141279269
ServiceNow:744000141293208,ServiceNow,Senior Marketing Specialist - Regional Marketing Americas (Armis),"Waltham, Massachusetts, United States","Marketing, Communications, and Brand",https://jobs.smartrecruiters.com/ServiceNow/744000141293208,2026-08-03T15:17:55.496Z,2026-08-03,2026-08-03T15:34:11+00:00,2026-08-03 08:34 Mon,,false,,,,false,smartrecruiters:ServiceNow:744000141293208
ServiceNow:744000141566856,ServiceNow,Senior Marketing Specialist - Regional Marketing Americas (Armis),"Waltham, Massachusetts, United States","Marketing, Communications, and Brand",https://jobs.smartrecruiters.com/ServiceNow/744000141566856,2026-08-04T19:26:17.908Z,2026-08-04,2026-08-04T19:42:12+00:00,2026-08-04 12:42 Tue,,false,,,,false,smartrecruiters:ServiceNow:744000141566856
ServiceNow:744000143435698,ServiceNow,Senior Partner Marketing Manager,"Sydney, NSW, Australia","Marketing, Communications, and Brand",https://jobs.smartrecruiters.com/ServiceNow/744000143435698,2026-08-14T04:08:34.520Z,2026-08-14,2026-08-14T04:17:30+00:00,2026-08-13 21:17 Thu,,false,,,,false,smartrecruiters:ServiceNow:744000143435698
ServiceNow:744000133643648,ServiceNow,Senior Partner Talent & Success Specialist,"Amsterdam, , Netherlands",Sales,https://jobs.smartrecruiters.com/ServiceNow/744000133643648,2026-06-23T15:45:21.202Z,2026-06-23,2026-07-11T03:36:34+00:00,2026-07-10 20:36 Fri,,false,,,,false,smartrecruiters:ServiceNow:744000133643648
ServiceNow:744000125075882,ServiceNow,Senior Platform Architect,"Madrid, , Spain",Customer Outcomes,https://jobs.smartrecruiters.com/ServiceNow/744000125075882,2026-05-07T09:00:40.861Z,2026-05-07,2026-07-11T03:36:34+00:00,2026-07-10 20:36 Fri,,false,,,,false,smartrecruiters:ServiceNow:744000125075882
ServiceNow:744000125077419,ServiceNow,Senior Platform Architect,"Milan, , Italy",Customer Outcomes,https://jobs.smartrecruiters.com/ServiceNow/744000125077419,2026-05-07T09:04:45.656Z,2026-05-07,2026-07-11T03:36:34+00:00,2026-07-10 20:36 Fri,,false,,,,false,smartrecruiters:ServiceNow:744000125077419
ServiceNow:744000125159538,ServiceNow,Senior Platform Architect,"Warsaw, , Poland",Customer Outcomes,https://jobs.smartrecruiters.com/ServiceNow/744000125159538,2026-05-07T14:41:20.382Z,2026-05-07,2026-07-11T03:36:34+00:00,2026-07-10 20:36 Fri,,false,,,,false,smartrecruiters:ServiceNow:744000125159538
ServiceNow:744000126499770,ServiceNow,Senior Platform Architect,"Oslo, , Norway",Customer Outcomes,https://jobs.smartrecruiters.com/ServiceNow/744000126499770,2026-05-14T11:17:08.098Z,2026-05-14,2026-07-11T03:36:34+00:00,2026-07-10 20:36 Fri,,false,,,,false,smartrecruiters:ServiceNow:744000126499770
ServiceNow:744000128560480,ServiceNow,Senior Platform Architect,"Issy Les Moulineaux, PARIS, France",Customer Outcomes,https://jobs.smartrecruiters.com/ServiceNow/744000128560480,2026-05-26T18:03:07.455Z,2026-05-26,2026-07-11T03:36:34+00:00,2026-07-10 20:36 Fri,,false,,,,false,smartrecruiters:ServiceNow:744000128560480
ServiceNow:744000131462479,ServiceNow,Senior Platform Architect,"Soborg, , Denmark",Customer Outcomes,https://jobs.smartrecruiters.com/ServiceNow/744000131462479,2026-06-10T13:57:50.112Z,2026-06-10,2026-07-11T03:36:34+00:00,2026-07-10 20:36 Fri,,false,,,,false,smartrecruiters:ServiceNow:744000131462479
ServiceNow:744000132579024,ServiceNow,Senior Platform Architect,"Petah Tikva, , Israel",Customer Outcomes,https://jobs.smartrecruiters.com/ServiceNow/744000132579024,2026-06-17T08:05:08.490Z,2026-06-17,2026-07-11T03:36:34+00:00,2026-07-10 20:36 Fri,,false,,,,false,smartrecruiters:ServiceNow:744000132579024
ServiceNow:744000132599249,ServiceNow,Senior Platform Architect,"Staines, , United Kingdom",Customer Outcomes,https://jobs.smartrecruiters.com/ServiceNow/744000132599249,2026-06-17T09:35:53.264Z,2026-06-17,2026-07-11T03:36:34+00:00,2026-07-10 20:36 Fri,,false,,,,false,smartrecruiters:ServiceNow:744000132599249
ServiceNow:744000136957179,ServiceNow,Senior Platform Architect,"Tokyo, , Japan",Customer Outcomes,https://jobs.smartrecruiters.com/ServiceNow/744000136957179,2026-07-10T01:57:13.318Z,2026-07-10,2026-07-11T03:36:34+00:00,2026-07-10 20:36 Fri,,false,,,,false,smartrecruiters:ServiceNow:744000136957179
ServiceNow:744000140447600,ServiceNow,Senior Platform Architect,"Brussels, , Belgium",Customer Outcomes,https://jobs.smartrecruiters.com/ServiceNow/744000140447600,2026-07-29T12:03:16.795Z,2026-07-29,2026-07-29T12:17:49+00:00,2026-07-29 05:17 Wed,,false,,,,false,smartrecruiters:ServiceNow:744000140447600
ServiceNow:744000140732784,ServiceNow,Senior Platform Architect,"Brussels, , Belgium",Customer Outcomes,https://jobs.smartrecruiters.com/ServiceNow/744000140732784,2026-07-30T16:20:10.407Z,2026-07-30,2026-07-30T16:42:00+00:00,2026-07-30 09:42 Thu,,false,,,,false,smartrecruiters:ServiceNow:744000140732784
ServiceNow:744000142668306,ServiceNow,Senior Platform Architect,"Soborg, , Denmark",Customer Outcomes,https://jobs.smartrecruiters.com/ServiceNow/744000142668306,2026-08-10T14:53:03.199Z,2026-08-10,2026-08-10T14:59:56+00:00,2026-08-10 07:59 Mon,,false,,,,false,smartrecruiters:ServiceNow:744000142668306
ServiceNow:744000143263859,ServiceNow,Senior Platform Architect,"Helsinki, , Finland",Customer Outcomes,https://jobs.smartrecruiters.com/ServiceNow/744000143263859,2026-08-13T09:07:14.008Z,2026-08-13,2026-08-13T09:17:48+00:00,2026-08-13 02:17 Thu,,false,,,,false,smartrecruiters:ServiceNow:744000143263859
ServiceNow:744000140499439,ServiceNow,Senior Platform Architect - Norwegian Speaker,"Oslo, , Norway",Customer Outcomes,https://jobs.smartrecruiters.com/ServiceNow/744000140499439,2026-07-29T15:29:30.540Z,2026-07-29,2026-07-29T15:41:44+00:00,2026-07-29 08:41 Wed,,false,,,,false,smartrecruiters:ServiceNow:744000140499439
ServiceNow:744000132948949,ServiceNow,Senior Pricing Manager,"Santa Clara, CALIFORNIA, United States",Marketing,https://jobs.smartrecruiters.com/ServiceNow/744000132948949,2026-06-18T21:49:58.466Z,2026-06-18,2026-07-11T03:36:34+00:00,2026-07-10 20:36 Fri,,false,,,,false,smartrecruiters:ServiceNow:744000132948949
ServiceNow:744000138421279,ServiceNow,Senior Pricing Manager,"Austin, TEXAS, United States",Marketing,https://jobs.smartrecruiters.com/ServiceNow/744000138421279,2026-07-17T23:49:29.760Z,2026-07-17,2026-07-17T23:58:56+00:00,2026-07-17 16:58 Fri,,false,,,,false,smartrecruiters:ServiceNow:744000138421279
ServiceNow:744000131492210,ServiceNow,Senior Pricing Strategy Manager,"Santa Clara, CALIFORNIA, United States",Sales,https://jobs.smartrecruiters.com/ServiceNow/744000131492210,2026-06-10T16:01:58.097Z,2026-06-10,2026-07-11T03:36:34+00:00,2026-07-10 20:36 Fri,,false,,,,false,smartrecruiters:ServiceNow:744000131492210
ServiceNow:744000141982505,ServiceNow,Senior Principal Inbound Product Manager ,"San Diego, California, United States",Product,https://jobs.smartrecruiters.com/ServiceNow/744000141982505,2026-08-06T18:29:10.774Z,2026-08-06,2026-08-06T19:26:51+00:00,2026-08-06 12:26 Thu,,false,,,,false,smartrecruiters:ServiceNow:744000141982505
ServiceNow:744000138673614,ServiceNow,Senior Principal Platform Architect,"Toronto, Ontario, Canada",Customer Outcomes,https://jobs.smartrecruiters.com/ServiceNow/744000138673614,2026-07-20T15:16:40.602Z,2026-07-20,2026-07-20T15:42:10+00:00,2026-07-20 08:42 Mon,,false,,,,false,smartrecruiters:ServiceNow:744000138673614
ServiceNow:744000140751039,ServiceNow,Senior Principal Platform Architect,"Santa Clara, California, United States",Customer Outcomes,https://jobs.smartrecruiters.com/ServiceNow/744000140751039,2026-07-30T18:13:09.729Z,2026-07-30,2026-07-30T18:41:42+00:00,2026-07-30 11:41 Thu,,false,,,,false,smartrecruiters:ServiceNow:744000140751039
ServiceNow:744000143081159,ServiceNow,Senior Principal Platform Architect,"Staines, , United Kingdom",Customer Outcomes,https://jobs.smartrecruiters.com/ServiceNow/744000143081159,2026-08-12T11:25:36.464Z,2026-08-12,2026-08-12T11:41:46+00:00,2026-08-12 04:41 Wed,,false,,,,false,smartrecruiters:ServiceNow:744000143081159
ServiceNow:744000136850889,ServiceNow,Senior Principal Platform Architect - Systems Integrators ,"San Diego, California, United States",Customer Outcomes,https://jobs.smartrecruiters.com/ServiceNow/744000136850889,2026-07-09T15:20:53.416Z,2026-07-09,2026-07-11T03:36:34+00:00,2026-07-10 20:36 Fri,,false,,,,false,smartrecruiters:ServiceNow:744000136850889
ServiceNow:744000142670804,ServiceNow,Senior Product Manager - U.S. Public Sector Platforms,"Washington DC, WASHINGTON DC, United States",Product,https://jobs.smartrecruiters.com/ServiceNow/744000142670804,2026-08-10T14:59:10.641Z,2026-08-10,2026-08-10T15:15:57+00:00,2026-08-10 08:15 Mon,,false,,,,false,smartrecruiters:ServiceNow:744000142670804
ServiceNow:744000137709589,ServiceNow,"Senior Product Marketing Manager, Developer & AI Demo Experiences","Santa Clara, CALIFORNIA, United States",Product,https://jobs.smartrecruiters.com/ServiceNow/744000137709589,2026-07-14T16:34:59.379Z,2026-07-14,2026-07-14T16:42:13+00:00,2026-07-14 09:42 Tue,,false,,,,false,smartrecruiters:ServiceNow:744000137709589
ServiceNow:744000141599869,ServiceNow,"Senior Product Strategy Lead, Digital M&A & Product Launches","San Francisco, CALIFORNIA, United States","Marketing, Communications, and Brand",https://jobs.smartrecruiters.com/ServiceNow/744000141599869,2026-08-04T23:42:45.782Z,2026-08-04,2026-08-04T23:59:24+00:00,2026-08-04 16:59 Tue,,false,,,,false,smartrecruiters:ServiceNow:744000141599869
ServiceNow:744000141749869,ServiceNow,"Senior Product Strategy Lead, Digital M&A & Product Launches","San Francisco, CALIFORNIA, United States","Marketing, Communications, and Brand",https://jobs.smartrecruiters.com/ServiceNow/744000141749869,2026-08-05T15:23:19.806Z,2026-08-05,2026-08-05T15:41:56+00:00,2026-08-05 08:41 Wed,,false,,,,false,smartrecruiters:ServiceNow:744000141749869
ServiceNow:744000141750319,ServiceNow,"Senior Product Strategy Lead, Digital M&A & Product Launches","New York, New York, United States","Marketing, Communications, and Brand",https://jobs.smartrecruiters.com/ServiceNow/744000141750319,2026-08-05T15:24:30.815Z,2026-08-05,2026-08-05T15:41:56+00:00,2026-08-05 08:41 Wed,,false,,,,false,smartrecruiters:ServiceNow:744000141750319
ServiceNow:744000142712665,ServiceNow,"Senior Product Strategy Lead, Digital M&A & Product Launches","San Francisco, CALIFORNIA, United States","Marketing, Communications, and Brand",https://jobs.smartrecruiters.com/ServiceNow/744000142712665,2026-08-10T18:34:26.725Z,2026-08-10,2026-08-10T18:41:38+00:00,2026-08-10 11:41 Mon,,false,,,,false,smartrecruiters:ServiceNow:744000142712665
ServiceNow:744000142713889,ServiceNow,"Senior Product Strategy Lead, Digital M&A & Product Launches","New York, New York, United States","Marketing, Communications, and Brand",https://jobs.smartrecruiters.com/ServiceNow/744000142713889,2026-08-10T18:35:00.614Z,2026-08-10,2026-08-10T18:41:38+00:00,2026-08-10 11:41 Mon,,false,,,,false,smartrecruiters:ServiceNow:744000142713889
ServiceNow:744000138720679,ServiceNow,Senior Program Manager,"San Diego, California, United States",Marketing,https://jobs.smartrecruiters.com/ServiceNow/744000138720679,2026-07-20T19:43:15.095Z,2026-07-20,2026-07-20T19:59:35+00:00,2026-07-20 12:59 Mon,,false,,,,false,smartrecruiters:ServiceNow:744000138720679
ServiceNow:744000139670699,ServiceNow,Senior Program Manager,"San Diego, California, United States",Marketing,https://jobs.smartrecruiters.com/ServiceNow/744000139670699,2026-07-24T18:27:02.494Z,2026-07-24,2026-07-24T18:41:59+00:00,2026-07-24 11:41 Fri,,false,,,,false,smartrecruiters:ServiceNow:744000139670699
ServiceNow:744000139009865,ServiceNow,Senior Renewal Account Manager,"Stockholm, , Sweden",Sales,https://jobs.smartrecruiters.com/ServiceNow/744000139009865,2026-07-22T07:33:05.809Z,2026-07-22,2026-07-22T07:41:16+00:00,2026-07-22 00:41 Wed,,false,,,,false,smartrecruiters:ServiceNow:744000139009865
ServiceNow:744000113537771,ServiceNow,Senior Research Engineer/Scientist,"Montreal, QUEBEC, Canada","Engineering, Infrastructure and Operations",https://jobs.smartrecruiters.com/ServiceNow/744000113537771,2026-03-09T16:38:50.502Z,2026-03-09,2026-07-11T03:36:34+00:00,2026-07-10 20:36 Fri,,false,,,,false,smartrecruiters:ServiceNow:744000113537771
ServiceNow:744000144418699,ServiceNow,Senior Research Engineer/Scientist,"Montreal, QUEBEC, Canada","Engineering, Infrastructure and Operations",https://jobs.smartrecruiters.com/ServiceNow/744000144418699,2026-08-19T23:53:01.692Z,2026-08-19,2026-08-19T23:57:43+00:00,2026-08-19 16:57 Wed,,false,,,,false,smartrecruiters:ServiceNow:744000144418699
ServiceNow:744000144457589,ServiceNow,Senior Research Engineer/Scientist,"Hyderabad, , India","Engineering, Infrastructure and Operations",https://jobs.smartrecruiters.com/ServiceNow/744000144457589,2026-08-20T05:11:33.109Z,2026-08-20,2026-08-20T05:17:31+00:00,2026-08-19 22:17 Wed,,false,,,,false,smartrecruiters:ServiceNow:744000144457589
ServiceNow:744000141434680,ServiceNow,Senior Sales Enablement Manager,"London, , United Kingdom",Sales,https://jobs.smartrecruiters.com/ServiceNow/744000141434680,2026-08-04T08:20:47.600Z,2026-08-04,2026-08-04T08:41:43+00:00,2026-08-04 01:41 Tue,,false,,,,false,smartrecruiters:ServiceNow:744000141434680
ServiceNow:744000141518064,ServiceNow,Senior Sales Enablement Manager,"London, , United Kingdom",Sales,https://jobs.smartrecruiters.com/ServiceNow/744000141518064,2026-08-04T14:47:53.123Z,2026-08-04,2026-08-04T14:59:41+00:00,2026-08-04 07:59 Tue,,false,,,,false,smartrecruiters:ServiceNow:744000141518064
ServiceNow:744000141886419,ServiceNow,Senior Sales Enablement Manager- Moveworks,"London, , United Kingdom",Sales,https://jobs.smartrecruiters.com/ServiceNow/744000141886419,2026-08-06T10:18:23.755Z,2026-08-06,2026-08-06T10:24:13+00:00,2026-08-06 03:24 Thu,,false,,,,false,smartrecruiters:ServiceNow:744000141886419
ServiceNow:744000142367499,ServiceNow,Senior Sales Operations Manager,"Singapore, , Singapore",Sales,https://jobs.smartrecruiters.com/ServiceNow/744000142367499,2026-08-08T08:28:07.703Z,2026-08-08,2026-08-08T08:41:20+00:00,2026-08-08 01:41 Sat,,false,,,,false,smartrecruiters:ServiceNow:744000142367499
ServiceNow:744000118983032,ServiceNow,"Senior Security Engineer, Security Operations - Moveworks ","Mountain View, CALIFORNIA, United States",Engineering,https://jobs.smartrecruiters.com/ServiceNow/744000118983032,2026-04-06T23:42:13.234Z,2026-04-06,2026-07-11T03:36:34+00:00,2026-07-10 20:36 Fri,,false,,,,false,smartrecruiters:ServiceNow:744000118983032
ServiceNow:744000142147069,ServiceNow,"Senior Security Software Engineer, IAM - Moveworks","Mountain View, CALIFORNIA, United States",Engineering,https://jobs.smartrecruiters.com/ServiceNow/744000142147069,2026-08-07T14:07:20.946Z,2026-08-07,2026-08-07T14:17:58+00:00,2026-08-07 07:17 Fri,,false,,,,false,smartrecruiters:ServiceNow:744000142147069
ServiceNow:744000142148287,ServiceNow,"Senior Security Software Engineer, IAM - Moveworks","Washington, District of Columbia, United States",Engineering,https://jobs.smartrecruiters.com/ServiceNow/744000142148287,2026-08-07T14:11:17.319Z,2026-08-07,2026-08-07T14:17:58+00:00,2026-08-07 07:17 Fri,,false,,,,false,smartrecruiters:ServiceNow:744000142148287
ServiceNow:744000142150121,ServiceNow,"Senior Security Software Engineer, IAM - Moveworks","Austin, Texas, United States",Engineering,https://jobs.smartrecruiters.com/ServiceNow/744000142150121,2026-08-07T14:22:45.984Z,2026-08-07,2026-08-07T14:41:46+00:00,2026-08-07 07:41 Fri,,false,,,,false,smartrecruiters:ServiceNow:744000142150121
ServiceNow:744000142151549,ServiceNow,"Senior Security Software Engineer, IAM - Moveworks","Sandy Springs, Georgia, United States",Engineering,https://jobs.smartrecruiters.com/ServiceNow/744000142151549,2026-08-07T14:21:39.903Z,2026-08-07,2026-08-07T14:41:46+00:00,2026-08-07 07:41 Fri,,false,,,,false,smartrecruiters:ServiceNow:744000142151549
ServiceNow:744000142152119,ServiceNow,"Senior Security Software Engineer, IAM - Moveworks","Kirkland , Washington, United States",Engineering,https://jobs.smartrecruiters.com/ServiceNow/744000142152119,2026-08-07T14:22:27.347Z,2026-08-07,2026-08-07T14:41:46+00:00,2026-08-07 07:41 Fri,,false,,,,false,smartrecruiters:ServiceNow:744000142152119
ServiceNow:744000142152309,ServiceNow,"Senior Security Software Engineer, IAM - Moveworks","Chicago, Illinois, United States",Engineering,https://jobs.smartrecruiters.com/ServiceNow/744000142152309,2026-08-07T14:23:16.087Z,2026-08-07,2026-08-07T14:41:46+00:00,2026-08-07 07:41 Fri,,false,,,,false,smartrecruiters:ServiceNow:744000142152309
ServiceNow:744000143984539,ServiceNow,Senior Services Account Executive,"Osaka, , Japan",Customer Outcomes,https://jobs.smartrecruiters.com/ServiceNow/744000143984539,2026-08-18T05:54:24.393Z,2026-08-18,2026-08-18T05:59:31+00:00,2026-08-17 22:59 Mon,,false,,,,false,smartrecruiters:ServiceNow:744000143984539
ServiceNow:744000144656049,ServiceNow,Senior Services Account Executive,"Osaka, , Japan",Customer Outcomes,https://jobs.smartrecruiters.com/ServiceNow/744000144656049,2026-08-20T23:50:44.112Z,2026-08-20,2026-08-20T23:59:45+00:00,2026-08-20 16:59 Thu,,false,,,,false,smartrecruiters:ServiceNow:744000144656049
ServiceNow:744000144658269,ServiceNow,Senior Services Account Executive,"Osaka, , Japan",Customer Outcomes,https://jobs.smartrecruiters.com/ServiceNow/744000144658269,2026-08-21T00:21:14.568Z,2026-08-21,2026-08-21T00:41:54+00:00,2026-08-20 17:41 Thu,,false,,,,false,smartrecruiters:ServiceNow:744000144658269
ServiceNow:744000136571959,ServiceNow,Senior Software Engineer,"Santa Clara, California, United States","Engineering, Infrastructure and Operations",https://jobs.smartrecruiters.com/ServiceNow/744000136571959,2026-07-08T22:18:12.035Z,2026-07-08,2026-07-11T03:36:34+00:00,2026-07-10 20:36 Fri,,false,,,,false,smartrecruiters:ServiceNow:744000136571959
ServiceNow:744000141541897,ServiceNow,Senior Software Engineer,"Santa Clara, California, United States","Engineering, Infrastructure and Operations",https://jobs.smartrecruiters.com/ServiceNow/744000141541897,2026-08-04T16:29:59.553Z,2026-08-04,2026-08-04T16:42:14+00:00,2026-08-04 09:42 Tue,,false,,,,false,smartrecruiters:ServiceNow:744000141541897
ServiceNow:744000138163594,ServiceNow,Senior Software Engineer - Agent Development,"Santa Clara, California, United States","Engineering, Infrastructure and Operations",https://jobs.smartrecruiters.com/ServiceNow/744000138163594,2026-07-16T16:41:10.891Z,2026-07-16,2026-07-16T16:57:09+00:00,2026-07-16 09:57 Thu,,false,,,,false,smartrecruiters:ServiceNow:744000138163594
ServiceNow:744000142970949,ServiceNow,Senior Software Engineer - Data Platform - Kubernetes - Distributed Systems,"San Diego, CALIFORNIA, United States","Engineering, Infrastructure and Operations",https://jobs.smartrecruiters.com/ServiceNow/744000142970949,2026-08-11T20:11:45.616Z,2026-08-11,2026-08-11T20:17:36+00:00,2026-08-11 13:17 Tue,,false,,,,false,smartrecruiters:ServiceNow:744000142970949
ServiceNow:744000142973849,ServiceNow,Senior Software Engineer - Data Platform - Kubernetes - Distributed Systems,"San Diego, CALIFORNIA, United States","Engineering, Infrastructure and Operations",https://jobs.smartrecruiters.com/ServiceNow/744000142973849,2026-08-11T20:40:51.861Z,2026-08-11,2026-08-11T20:59:57+00:00,2026-08-11 13:59 Tue,,false,,,,false,smartrecruiters:ServiceNow:744000142973849
ServiceNow:744000143155199,ServiceNow,Senior Software Engineer - Data Platform - Kubernetes - Distributed Systems - Federal,"San Diego, CALIFORNIA, United States","Engineering, Infrastructure and Operations",https://jobs.smartrecruiters.com/ServiceNow/744000143155199,2026-08-12T17:32:24.132Z,2026-08-12,2026-08-12T17:41:49+00:00,2026-08-12 10:41 Wed,,false,,,,false,smartrecruiters:ServiceNow:744000143155199
ServiceNow:744000143155360,ServiceNow,Senior Software Engineer - Data Platform - Kubernetes - Distributed Systems - Federal,"San Diego, CALIFORNIA, United States","Engineering, Infrastructure and Operations",https://jobs.smartrecruiters.com/ServiceNow/744000143155360,2026-08-12T17:34:51.414Z,2026-08-12,2026-08-12T17:41:49+00:00,2026-08-12 10:41 Wed,,false,,,,false,smartrecruiters:ServiceNow:744000143155360
ServiceNow:744000143385899,ServiceNow,"Senior Software Engineer, Agent Eval Platform","Mountain View, CALIFORNIA, United States",Engineering,https://jobs.smartrecruiters.com/ServiceNow/744000143385899,2026-08-13T19:53:16.539Z,2026-08-13,2026-08-13T19:59:56+00:00,2026-08-13 12:59 Thu,,false,,,,false,smartrecruiters:ServiceNow:744000143385899
ServiceNow:744000143386961,ServiceNow,"Senior Software Engineer, Agent Eval Platform","Mountain View, CALIFORNIA, United States",Engineering,https://jobs.smartrecruiters.com/ServiceNow/744000143386961,2026-08-13T20:04:12.417Z,2026-08-13,2026-08-13T20:17:46+00:00,2026-08-13 13:17 Thu,,false,,,,false,smartrecruiters:ServiceNow:744000143386961
ServiceNow:744000141813479,ServiceNow,"Senior Software Engineer, Agentic AI Harness & Quality - Moveworks","Mountain View, CALIFORNIA, United States",Engineering,https://jobs.smartrecruiters.com/ServiceNow/744000141813479,2026-08-05T23:51:04.894Z,2026-08-05,2026-08-05T23:59:30+00:00,2026-08-05 16:59 Wed,,false,,,,false,smartrecruiters:ServiceNow:744000141813479
ServiceNow:744000141813769,ServiceNow,"Senior Software Engineer, Agentic AI Harness & Quality - Moveworks","Mountain View, CALIFORNIA, United States",Engineering,https://jobs.smartrecruiters.com/ServiceNow/744000141813769,2026-08-05T23:53:03.713Z,2026-08-05,2026-08-05T23:59:30+00:00,2026-08-05 16:59 Wed,,false,,,,false,smartrecruiters:ServiceNow:744000141813769
ServiceNow:744000107606742,ServiceNow,"Senior Software Engineer, Agentic AI Systems - Moveworks","Mountain View, CALIFORNIA, United States",Engineering,https://jobs.smartrecruiters.com/ServiceNow/744000107606742,2026-02-05T20:51:01.853Z,2026-02-05,2026-07-11T03:36:34+00:00,2026-07-10 20:36 Fri,,false,,,,false,smartrecruiters:ServiceNow:744000107606742
ServiceNow:744000134029129,ServiceNow,"Senior Software Engineer, Agentic AI Systems - Moveworks","Mountain View, CALIFORNIA, United States",Engineering,https://jobs.smartrecruiters.com/ServiceNow/744000134029129,2026-06-24T20:30:39.079Z,2026-06-24,2026-07-11T03:36:34+00:00,2026-07-10 20:36 Fri,,false,,,,false,smartrecruiters:ServiceNow:744000134029129
ServiceNow:744000139370730,ServiceNow,"Senior Software Engineer, Agentic AI Systems - Moveworks","Mountain View, CALIFORNIA, United States",Engineering,https://jobs.smartrecruiters.com/ServiceNow/744000139370730,2026-07-23T21:54:12.834Z,2026-07-23,2026-07-23T21:59:54+00:00,2026-07-23 14:59 Thu,,false,,,,false,smartrecruiters:ServiceNow:744000139370730
ServiceNow:744000125214274,ServiceNow,"Senior Software Engineer, Agentic Systems - Moveworks","Mountain View, CALIFORNIA, United States",Engineering,https://jobs.smartrecruiters.com/ServiceNow/744000125214274,2026-05-07T20:10:24.514Z,2026-05-07,2026-07-11T03:36:34+00:00,2026-07-10 20:36 Fri,,false,,,,false,smartrecruiters:ServiceNow:744000125214274
ServiceNow:744000130255494,ServiceNow,"Senior Software Engineer, Agentic Systems - Moveworks","Mountain View, CALIFORNIA, United States",Engineering,https://jobs.smartrecruiters.com/ServiceNow/744000130255494,2026-06-04T16:19:19.742Z,2026-06-04,2026-07-11T03:36:34+00:00,2026-07-10 20:36 Fri,,false,,,,false,smartrecruiters:ServiceNow:744000130255494
ServiceNow:744000132705860,ServiceNow,"Senior Software Engineer, Core Infrastructure - Moveworks","Mountain View, CALIFORNIA, United States",Engineering,https://jobs.smartrecruiters.com/ServiceNow/744000132705860,2026-06-17T18:37:26.130Z,2026-06-17,2026-07-11T03:36:34+00:00,2026-07-10 20:36 Fri,,false,,,,false,smartrecruiters:ServiceNow:744000132705860
ServiceNow:744000135162530,ServiceNow,"Senior Software Engineer, Core Platform- Moveworks","Bangalore, Karnataka, India","Engineering, Infrastructure and Operations",https://jobs.smartrecruiters.com/ServiceNow/744000135162530,2026-07-01T03:43:50.775Z,2026-07-01,2026-07-11T03:36:34+00:00,2026-07-10 20:36 Fri,,false,,,,false,smartrecruiters:ServiceNow:744000135162530
ServiceNow:744000136547510,ServiceNow,"Senior Software Engineer, Developer Experience — Moveworks","Mountain View, CALIFORNIA, United States",Engineering,https://jobs.smartrecruiters.com/ServiceNow/744000136547510,2026-07-08T18:47:34.392Z,2026-07-08,2026-07-11T03:36:34+00:00,2026-07-10 20:36 Fri,,false,,,,false,smartrecruiters:ServiceNow:744000136547510
ServiceNow:744000138209659,ServiceNow,"Senior Software Engineer, Developer Experience — Moveworks","Mountain View, CALIFORNIA, United States",Engineering,https://jobs.smartrecruiters.com/ServiceNow/744000138209659,2026-07-17T00:12:41.567Z,2026-07-17,2026-07-17T00:41:16+00:00,2026-07-16 17:41 Thu,,false,,,,false,smartrecruiters:ServiceNow:744000138209659
ServiceNow:744000132713870,ServiceNow,"Senior Software Engineer, DevOps - Moveworks","Mountain View, CALIFORNIA, United States",Engineering,https://jobs.smartrecruiters.com/ServiceNow/744000132713870,2026-06-17T19:44:44.487Z,2026-06-17,2026-07-11T03:36:34+00:00,2026-07-10 20:36 Fri,,false,,,,false,smartrecruiters:ServiceNow:744000132713870
ServiceNow:744000138181601,ServiceNow,"Senior Software Engineer, DevOps - Moveworks","Mountain View, CALIFORNIA, United States",Engineering,https://jobs.smartrecruiters.com/ServiceNow/744000138181601,2026-07-16T19:02:21.829Z,2026-07-16,2026-07-16T19:17:48+00:00,2026-07-16 12:17 Thu,,false,,,,false,smartrecruiters:ServiceNow:744000138181601
ServiceNow:744000138204940,ServiceNow,"Senior Software Engineer, DevOps - Moveworks","Mountain View, CALIFORNIA, United States",Engineering,https://jobs.smartrecruiters.com/ServiceNow/744000138204940,2026-07-16T22:52:57.489Z,2026-07-16,2026-07-16T22:59:02+00:00,2026-07-16 15:59 Thu,,false,,,,false,smartrecruiters:ServiceNow:744000138204940
ServiceNow:744000144803914,ServiceNow,"Senior Software Engineer- Core Platform, Moveworks","Bangalore, Karnataka, India","Engineering, Infrastructure and Operations",https://jobs.smartrecruiters.com/ServiceNow/744000144803914,2026-08-21T16:17:03.420Z,2026-08-21,2026-08-21T16:41:54+00:00,2026-08-21 09:41 Fri,,false,,,,false,smartrecruiters:ServiceNow:744000144803914
ServiceNow:744000142223189,ServiceNow,Senior Software Engineering Manager - FinOps Platform Services,"Pleasanton, California, United States","Engineering, Infrastructure and Operations",https://jobs.smartrecruiters.com/ServiceNow/744000142223189,2026-08-07T22:00:56.946Z,2026-08-07,2026-08-07T22:14:59+00:00,2026-08-07 15:14 Fri,,false,,,,false,smartrecruiters:ServiceNow:744000142223189
ServiceNow:744000143600504,ServiceNow,Senior Software Engineering Manager | Applied AI Engineering,"Santa Clara, California, United States",Digital Technology,https://jobs.smartrecruiters.com/ServiceNow/744000143600504,2026-08-14T20:29:30.309Z,2026-08-14,2026-08-14T20:41:46+00:00,2026-08-14 13:41 Fri,,false,,,,false,smartrecruiters:ServiceNow:744000143600504
ServiceNow:744000143461670,ServiceNow,Senior Solution Consultant - Schwarz Digits Cloud,"Munich, , Germany",Sales,https://jobs.smartrecruiters.com/ServiceNow/744000143461670,2026-08-14T08:12:22.305Z,2026-08-14,2026-08-14T08:17:26+00:00,2026-08-14 01:17 Fri,,false,,,,false,smartrecruiters:ServiceNow:744000143461670
ServiceNow:744000143092859,ServiceNow,Senior Solution Sales Executive,"Munich, , Germany",Sales,https://jobs.smartrecruiters.com/ServiceNow/744000143092859,2026-08-12T12:28:29.955Z,2026-08-12,2026-08-12T12:42:00+00:00,2026-08-12 05:42 Wed,,false,,,,false,smartrecruiters:ServiceNow:744000143092859
ServiceNow:744000143158099,ServiceNow,Senior Solution Sales Executive (Risk & Security),"Wien, , Austria",Sales,https://jobs.smartrecruiters.com/ServiceNow/744000143158099,2026-08-12T17:53:35.853Z,2026-08-12,2026-08-12T17:59:46+00:00,2026-08-12 10:59 Wed,,false,,,,false,smartrecruiters:ServiceNow:744000143158099
ServiceNow:744000121856317,ServiceNow,Senior Solution Sales Executive (Risk/Security),"Wien, , Austria",Sales,https://jobs.smartrecruiters.com/ServiceNow/744000121856317,2026-04-20T18:11:47.500Z,2026-04-20,2026-07-11T03:36:34+00:00,2026-07-10 20:36 Fri,,false,,,,false,smartrecruiters:ServiceNow:744000121856317
ServiceNow:744000143158189,ServiceNow,Senior Solution Sales Executive - (Risk & Security),"Munich, , Germany",Sales,https://jobs.smartrecruiters.com/ServiceNow/744000143158189,2026-08-12T17:54:28.241Z,2026-08-12,2026-08-12T17:59:46+00:00,2026-08-12 10:59 Wed,,false,,,,false,smartrecruiters:ServiceNow:744000143158189
ServiceNow:744000143158249,ServiceNow,Senior Solution Sales Executive - (Risk & Security),"Frankfurt, , Germany",Sales,https://jobs.smartrecruiters.com/ServiceNow/744000143158249,2026-08-12T17:55:26.892Z,2026-08-12,2026-08-12T18:18:19+00:00,2026-08-12 11:18 Wed,,false,,,,false,smartrecruiters:ServiceNow:744000143158249
ServiceNow:744000122380869,ServiceNow,Senior Solution Sales Executive - CRM & Industry Workflows,"Tokyo, , Japan",Sales,https://jobs.smartrecruiters.com/ServiceNow/744000122380869,2026-04-23T06:01:26.271Z,2026-04-23,2026-07-11T03:36:34+00:00,2026-07-10 20:36 Fri,,false,,,,false,smartrecruiters:ServiceNow:744000122380869
ServiceNow:744000131811939,ServiceNow,Senior Solution Sales Executive - CRM & Industry Workflows,"Tokyo, , Japan",Sales,https://jobs.smartrecruiters.com/ServiceNow/744000131811939,2026-06-12T04:36:35.676Z,2026-06-12,2026-07-11T03:36:34+00:00,2026-07-10 20:36 Fri,,false,,,,false,smartrecruiters:ServiceNow:744000131811939
ServiceNow:744000144222279,ServiceNow,Senior Solution Sales Executive - CRM & Industry Workflows,"Tokyo, , Japan",Sales,https://jobs.smartrecruiters.com/ServiceNow/744000144222279,2026-08-19T02:08:33.909Z,2026-08-19,2026-08-19T02:28:28+00:00,2026-08-18 19:28 Tue,,false,,,,false,smartrecruiters:ServiceNow:744000144222279
ServiceNow:744000141809989,ServiceNow,Senior Solution Sales Executive - Finance & Supply Chain Solutions,"Denver, Colorado, United States",Sales,https://jobs.smartrecruiters.com/ServiceNow/744000141809989,2026-08-05T22:46:24.416Z,2026-08-05,2026-08-05T22:59:00+00:00,2026-08-05 15:59 Wed,,false,,,,false,smartrecruiters:ServiceNow:744000141809989
ServiceNow:744000141810149,ServiceNow,Senior Solution Sales Executive - Finance & Supply Chain Solutions,"San Francisco, California, United States",Sales,https://jobs.smartrecruiters.com/ServiceNow/744000141810149,2026-08-05T22:48:04.511Z,2026-08-05,2026-08-05T22:59:00+00:00,2026-08-05 15:59 Wed,,false,,,,false,smartrecruiters:ServiceNow:744000141810149
ServiceNow:744000141810189,ServiceNow,Senior Solution Sales Executive - Finance & Supply Chain Solutions,"Austin, Texas, United States",Sales,https://jobs.smartrecruiters.com/ServiceNow/744000141810189,2026-08-05T22:48:57.066Z,2026-08-05,2026-08-05T22:59:00+00:00,2026-08-05 15:59 Wed,,false,,,,false,smartrecruiters:ServiceNow:744000141810189
ServiceNow:744000141891009,ServiceNow,Senior Solution Sales Executive - Finance & Supply Chain Solutions,"Frankfurt, , Germany",Sales,https://jobs.smartrecruiters.com/ServiceNow/744000141891009,2026-08-06T10:45:12.573Z,2026-08-06,2026-08-06T10:59:49+00:00,2026-08-06 03:59 Thu,,false,,,,false,smartrecruiters:ServiceNow:744000141891009
ServiceNow:744000141891249,ServiceNow,Senior Solution Sales Executive - Finance & Supply Chain Solutions,"London, GREATER LONDON, United Kingdom",Sales,https://jobs.smartrecruiters.com/ServiceNow/744000141891249,2026-08-06T10:45:52.262Z,2026-08-06,2026-08-06T10:59:49+00:00,2026-08-06 03:59 Thu,,false,,,,false,smartrecruiters:ServiceNow:744000141891249
ServiceNow:744000142942499,ServiceNow,Senior Solution Sales Executive - Finance & Supply Chain Solutions,"New York, New York, United States",Sales,https://jobs.smartrecruiters.com/ServiceNow/744000142942499,2026-08-11T17:34:14.941Z,2026-08-11,2026-08-11T17:46:00+00:00,2026-08-11 10:46 Tue,,false,,,,false,smartrecruiters:ServiceNow:744000142942499
ServiceNow:744000130192600,ServiceNow,Senior Solution Sales Executive - Moveworks,"Amsterdam, , Netherlands",Sales,https://jobs.smartrecruiters.com/ServiceNow/744000130192600,2026-06-04T11:08:36.216Z,2026-06-04,2026-07-11T03:36:34+00:00,2026-07-10 20:36 Fri,,false,,,,false,smartrecruiters:ServiceNow:744000130192600
ServiceNow:744000132593205,ServiceNow,Senior Solution Sales Executive - Moveworks,"Berlin, , Germany",Sales,https://jobs.smartrecruiters.com/ServiceNow/744000132593205,2026-06-17T09:15:36.528Z,2026-06-17,2026-07-11T03:36:34+00:00,2026-07-10 20:36 Fri,,false,,,,false,smartrecruiters:ServiceNow:744000132593205
ServiceNow:744000134322050,ServiceNow,Senior Solution Sales Executive - Moveworks,"San Francisco, CA, United States",Sales,https://jobs.smartrecruiters.com/ServiceNow/744000134322050,2026-06-25T18:22:12.049Z,2026-06-25,2026-07-11T03:36:34+00:00,2026-07-10 20:36 Fri,,false,,,,false,smartrecruiters:ServiceNow:744000134322050
ServiceNow:744000140731413,ServiceNow,Senior Solution Sales Executive - Moveworks,"Wien, VIENNA, Austria",Sales,https://jobs.smartrecruiters.com/ServiceNow/744000140731413,2026-07-30T16:06:56.120Z,2026-07-30,2026-07-30T16:15:58+00:00,2026-07-30 09:15 Thu,,false,,,,false,smartrecruiters:ServiceNow:744000140731413
ServiceNow:744000141522139,ServiceNow,Senior Solution Sales Executive - Moveworks,"Troutdale, OR, United States",Sales,https://jobs.smartrecruiters.com/ServiceNow/744000141522139,2026-08-04T14:57:12.676Z,2026-08-04,2026-08-04T15:16:18+00:00,2026-08-04 08:16 Tue,,false,,,,false,smartrecruiters:ServiceNow:744000141522139
ServiceNow:744000122455929,ServiceNow,Senior Solution Sales Executive - Public Sector - Moveworks,"London, , United Kingdom",Sales,https://jobs.smartrecruiters.com/ServiceNow/744000122455929,2026-04-23T13:07:27.177Z,2026-04-23,2026-07-11T03:36:34+00:00,2026-07-10 20:36 Fri,,false,,,,false,smartrecruiters:ServiceNow:744000122455929
ServiceNow:744000139132478,ServiceNow,Senior Solution Sales Executive - Risk and Security,"San Diego, California, United States",Sales,https://jobs.smartrecruiters.com/ServiceNow/744000139132478,2026-07-22T17:59:40.241Z,2026-07-22,2026-07-22T18:18:09+00:00,2026-07-22 11:18 Wed,,false,,,,false,smartrecruiters:ServiceNow:744000139132478
ServiceNow:744000138919930,ServiceNow,Senior Solution Sales Executive - Risk and Security ,"San Diego, California, United States",Sales,https://jobs.smartrecruiters.com/ServiceNow/744000138919930,2026-07-21T16:45:40.330Z,2026-07-21,2026-07-21T16:59:51+00:00,2026-07-21 09:59 Tue,,false,,,,false,smartrecruiters:ServiceNow:744000138919930
ServiceNow:744000138416182,ServiceNow,Senior Solution Sales Executive - Risk and Security (Financial Services),"Chicago, Illinois, United States",Sales,https://jobs.smartrecruiters.com/ServiceNow/744000138416182,2026-07-17T22:24:03.466Z,2026-07-17,2026-07-17T22:32:21+00:00,2026-07-17 15:32 Fri,,false,,,,false,smartrecruiters:ServiceNow:744000138416182
ServiceNow:744000138558520,ServiceNow,Senior Solution Sales Executive - Security ,"Bangalore, Karnataka, India",Sales,https://jobs.smartrecruiters.com/ServiceNow/744000138558520,2026-07-20T05:49:12.888Z,2026-07-20,2026-07-20T05:59:01+00:00,2026-07-19 22:59 Sun,,false,,,,false,smartrecruiters:ServiceNow:744000138558520
ServiceNow:744000136170364,ServiceNow,Senior Solution Sales Executive - Security and Identity,"Bangalore, Karnataka, India",Sales,https://jobs.smartrecruiters.com/ServiceNow/744000136170364,2026-07-07T08:40:53.969Z,2026-07-07,2026-07-11T03:36:34+00:00,2026-07-10 20:36 Fri,,false,,,,false,smartrecruiters:ServiceNow:744000136170364
ServiceNow:744000133677791,ServiceNow,"Senior Solution Sales Executive, FinServ - Moveworks","New York, NY, United States",Sales,https://jobs.smartrecruiters.com/ServiceNow/744000133677791,2026-06-23T18:46:15.635Z,2026-06-23,2026-07-11T03:36:34+00:00,2026-07-10 20:36 Fri,,false,,,,false,smartrecruiters:ServiceNow:744000133677791
ServiceNow:744000137493058,ServiceNow,"Senior Solution Sales Executive, FinServ - Moveworks","New York, NEW YORK, United States",Sales,https://jobs.smartrecruiters.com/ServiceNow/744000137493058,2026-07-13T15:35:49.209Z,2026-07-13,2026-07-13T15:40:57+00:00,2026-07-13 08:40 Mon,,false,,,,false,smartrecruiters:ServiceNow:744000137493058
ServiceNow:744000143848949,ServiceNow,"Senior Solution Sales Executive, Manufacturing - Moveworks","Chicago, ILLINOIS, United States",Sales,https://jobs.smartrecruiters.com/ServiceNow/744000143848949,2026-08-17T14:11:27.775Z,2026-08-17,2026-08-17T14:17:39+00:00,2026-08-17 07:17 Mon,,false,,,,false,smartrecruiters:ServiceNow:744000143848949
ServiceNow:744000103252590,ServiceNow,"Senior Solution Sales Executive, Operational Technology - CH/AT/CEE region","Munich, , Germany",Sales,https://jobs.smartrecruiters.com/ServiceNow/744000103252590,2026-01-13T10:47:15.679Z,2026-01-13,2026-07-11T03:36:34+00:00,2026-07-10 20:36 Fri,,false,,,,false,smartrecruiters:ServiceNow:744000103252590
ServiceNow:744000126127049,ServiceNow,"Senior Solution Sales Executive, Platform, Data & AI - Public Sector Germany","Munich, , Germany",Sales,https://jobs.smartrecruiters.com/ServiceNow/744000126127049,2026-05-12T15:55:21.155Z,2026-05-12,2026-07-11T03:36:34+00:00,2026-07-10 20:36 Fri,,false,,,,false,smartrecruiters:ServiceNow:744000126127049
ServiceNow:744000136510769,ServiceNow,"Senior Solution Sales Executive, Retail & Hospitality - Moveworks","New York, NY, United States",Sales,https://jobs.smartrecruiters.com/ServiceNow/744000136510769,2026-07-08T15:43:54.966Z,2026-07-08,2026-07-11T03:36:34+00:00,2026-07-10 20:36 Fri,,false,,,,false,smartrecruiters:ServiceNow:744000136510769
ServiceNow:744000140412599,ServiceNow,Senior Staff AI Security Engineer ,"Petah Tikva, , Israel",Engineering,https://jobs.smartrecruiters.com/ServiceNow/744000140412599,2026-07-29T08:41:50.819Z,2026-07-29,2026-07-29T08:59:15+00:00,2026-07-29 01:59 Wed,,false,,,,false,smartrecruiters:ServiceNow:744000140412599
ServiceNow:744000127578599,ServiceNow,Senior Staff AI-Native Software Engineer – Agentic Systems,"Bangalore, Karnataka, India",Product,https://jobs.smartrecruiters.com/ServiceNow/744000127578599,2026-05-21T05:37:01.959Z,2026-05-21,2026-07-11T03:36:34+00:00,2026-07-10 20:36 Fri,,false,,,,false,smartrecruiters:ServiceNow:744000127578599
ServiceNow:744000143912119,ServiceNow,Senior Staff AI-Native Software Engineer – Agentic Systems,"Santa Clara, CALIFORNIA, United States","Engineering, Infrastructure and Operations",https://jobs.smartrecruiters.com/ServiceNow/744000143912119,2026-08-17T19:06:42.114Z,2026-08-17,2026-08-17T19:18:05+00:00,2026-08-17 12:18 Mon,,false,,,,false,smartrecruiters:ServiceNow:744000143912119
ServiceNow:744000131541919,ServiceNow,Senior Staff AI-Native Software Engineer – Agentic Systems ,"Santa Clara, CALIFORNIA, United States","Engineering, Infrastructure and Operations",https://jobs.smartrecruiters.com/ServiceNow/744000131541919,2026-06-10T21:32:32.953Z,2026-06-10,2026-07-11T03:36:34+00:00,2026-07-10 20:36 Fri,,false,,,,false,smartrecruiters:ServiceNow:744000131541919
ServiceNow:744000134856037,ServiceNow,Senior Staff Cloud FinOps Analyst,"Santa Clara, California, United States","Engineering, Infrastructure and Operations",https://jobs.smartrecruiters.com/ServiceNow/744000134856037,2026-06-29T18:18:04.171Z,2026-06-29,2026-07-11T03:36:34+00:00,2026-07-10 20:36 Fri,,false,,,,false,smartrecruiters:ServiceNow:744000134856037
ServiceNow:744000137986259,ServiceNow,Senior Staff Cloud Security Engineer | Operational Technology | Office of CISO,"Toronto, Ontario, Canada",Digital Technology,https://jobs.smartrecruiters.com/ServiceNow/744000137986259,2026-07-15T22:16:52.371Z,2026-07-15,2026-07-15T22:39:01+00:00,2026-07-15 15:39 Wed,,false,,,,false,smartrecruiters:ServiceNow:744000137986259
ServiceNow:744000138905274,ServiceNow,Senior Staff Cloud Security Engineer | Operational Technology | Office of CISO,"Toronto, Ontario, Canada",Digital Technology,https://jobs.smartrecruiters.com/ServiceNow/744000138905274,2026-07-21T15:33:01.243Z,2026-07-21,2026-07-21T15:41:30+00:00,2026-07-21 08:41 Tue,,false,,,,false,smartrecruiters:ServiceNow:744000138905274
ServiceNow:744000138908584,ServiceNow,Senior Staff Cloud Security Engineer | Operational Technology | Office of CISO,"Alberta, CANADA, Canada",Digital Technology,https://jobs.smartrecruiters.com/ServiceNow/744000138908584,2026-07-21T15:44:21.061Z,2026-07-21,2026-07-21T15:59:56+00:00,2026-07-21 08:59 Tue,,false,,,,false,smartrecruiters:ServiceNow:744000138908584
ServiceNow:744000138922049,ServiceNow,Senior Staff Cloud Security Engineer – Financial Services - Office of the CISO,"Toronto, Ontario, Canada",Digital Technology,https://jobs.smartrecruiters.com/ServiceNow/744000138922049,2026-07-21T17:01:19.406Z,2026-07-21,2026-07-21T17:18:00+00:00,2026-07-21 10:18 Tue,,false,,,,false,smartrecruiters:ServiceNow:744000138922049
ServiceNow:744000137989399,ServiceNow,Senior Staff Cloud Security Engineer – Office of the CISO,"Toronto, Ontario, Canada",Digital Technology,https://jobs.smartrecruiters.com/ServiceNow/744000137989399,2026-07-15T23:13:09.539Z,2026-07-15,2026-07-15T23:41:03+00:00,2026-07-15 16:41 Wed,,false,,,,false,smartrecruiters:ServiceNow:744000137989399
ServiceNow:744000138907099,ServiceNow,Senior Staff Cloud Security Engineer – Office of the CISO,"Toronto, Ontario, Canada",Digital Technology,https://jobs.smartrecruiters.com/ServiceNow/744000138907099,2026-07-21T15:38:06.246Z,2026-07-21,2026-07-21T15:59:56+00:00,2026-07-21 08:59 Tue,,false,,,,false,smartrecruiters:ServiceNow:744000138907099
ServiceNow:744000140862129,ServiceNow,Senior Staff Data Platform Software Engineer (Persistence & Data Management),"Hyderabad, , India","Engineering, Infrastructure and Operations",https://jobs.smartrecruiters.com/ServiceNow/744000140862129,2026-07-31T09:21:16.827Z,2026-07-31,2026-07-31T09:41:30+00:00,2026-07-31 02:41 Fri,,false,,,,false,smartrecruiters:ServiceNow:744000140862129
ServiceNow:744000141468909,ServiceNow,Senior Staff Data Platform Software Engineer (Persistence & Data Management),"Hyderabad, , India","Engineering, Infrastructure and Operations",https://jobs.smartrecruiters.com/ServiceNow/744000141468909,2026-08-04T11:19:27.802Z,2026-08-04,2026-08-04T11:28:14+00:00,2026-08-04 04:28 Tue,,false,,,,false,smartrecruiters:ServiceNow:744000141468909
ServiceNow:744000144370909,ServiceNow,Senior Staff Data Platform Software Engineer (Persistence & Data Management),"Hyderabad, , India","Engineering, Infrastructure and Operations",https://jobs.smartrecruiters.com/ServiceNow/744000144370909,2026-08-19T17:13:01.587Z,2026-08-19,2026-08-19T17:41:28+00:00,2026-08-19 10:41 Wed,,false,,,,false,smartrecruiters:ServiceNow:744000144370909
ServiceNow:744000136903224,ServiceNow,Senior Staff Database Engineer,"Santa Clara, California, United States","Engineering, Infrastructure and Operations",https://jobs.smartrecruiters.com/ServiceNow/744000136903224,2026-07-09T21:14:08.836Z,2026-07-09,2026-07-11T03:36:34+00:00,2026-07-10 20:36 Fri,,false,,,,false,smartrecruiters:ServiceNow:744000136903224
ServiceNow:744000136904189,ServiceNow,Senior Staff Database Engineer,"West Palm Beach, Florida, United States","Engineering, Infrastructure and Operations",https://jobs.smartrecruiters.com/ServiceNow/744000136904189,2026-07-09T21:22:41.636Z,2026-07-09,2026-07-11T03:36:34+00:00,2026-07-10 20:36 Fri,,false,,,,false,smartrecruiters:ServiceNow:744000136904189
ServiceNow:744000144400229,ServiceNow,Senior Staff Inbound Product Manager,"Mountain View , Californa , United States",Product,https://jobs.smartrecruiters.com/ServiceNow/744000144400229,2026-08-19T20:06:52.489Z,2026-08-19,2026-08-19T20:18:01+00:00,2026-08-19 13:18 Wed,,false,,,,false,smartrecruiters:ServiceNow:744000144400229
ServiceNow:744000138702417,ServiceNow,Senior Staff Inbound Product Manager - Sourcing and Procurement,"San Diego, California, United States",Product,https://jobs.smartrecruiters.com/ServiceNow/744000138702417,2026-07-20T17:38:15.205Z,2026-07-20,2026-07-20T17:59:41+00:00,2026-07-20 10:59 Mon,,false,,,,false,smartrecruiters:ServiceNow:744000138702417
ServiceNow:744000138698522,ServiceNow,"Senior Staff Inbound Product Manager, ServiceNow SDK -Platform Agentic Build Lifecycle Team","San Diego, California, United States",Product,https://jobs.smartrecruiters.com/ServiceNow/744000138698522,2026-07-20T17:16:44.500Z,2026-07-20,2026-07-20T17:41:49+00:00,2026-07-20 10:41 Mon,,false,,,,false,smartrecruiters:ServiceNow:744000138698522
ServiceNow:744000134750839,ServiceNow,Senior Staff Machine Learning Engineer (Java + LLM),"Bangalore, Karnataka, India","Engineering, Infrastructure and Operations",https://jobs.smartrecruiters.com/ServiceNow/744000134750839,2026-06-29T10:12:04.488Z,2026-06-29,2026-07-11T03:36:34+00:00,2026-07-10 20:36 Fri,,false,,,,false,smartrecruiters:ServiceNow:744000134750839
ServiceNow:744000143915904,ServiceNow,Senior Staff Machine Learning Engineer - Agentic AI,"Santa Clara, CALIFORNIA, United States","Engineering, Infrastructure and Operations",https://jobs.smartrecruiters.com/ServiceNow/744000143915904,2026-08-17T19:36:22.577Z,2026-08-17,2026-08-17T19:48:50+00:00,2026-08-17 12:48 Mon,,false,,,,false,smartrecruiters:ServiceNow:744000143915904
ServiceNow:744000134357240,ServiceNow,"Senior Staff Machine Learning Engineer, Agentic Application","Mountain View, CALIFORNIA, United States",Engineering,https://jobs.smartrecruiters.com/ServiceNow/744000134357240,2026-06-26T00:50:00.324Z,2026-06-26,2026-07-11T03:36:34+00:00,2026-07-10 20:36 Fri,,false,,,,false,smartrecruiters:ServiceNow:744000134357240
ServiceNow:744000139369857,ServiceNow,"Senior Staff Machine Learning Engineer, Agentic Application","Mountain View, CALIFORNIA, United States",Engineering,https://jobs.smartrecruiters.com/ServiceNow/744000139369857,2026-07-23T21:55:38.351Z,2026-07-23,2026-07-23T22:17:40+00:00,2026-07-23 15:17 Thu,,false,,,,false,smartrecruiters:ServiceNow:744000139369857
ServiceNow:744000144573740,ServiceNow,Senior Staff Outbound Product Manager,"Denver, Colorado, United States",Product,https://jobs.smartrecruiters.com/ServiceNow/744000144573740,2026-08-20T14:37:31.437Z,2026-08-20,2026-08-20T14:53:29+00:00,2026-08-20 07:53 Thu,,false,,,,false,smartrecruiters:ServiceNow:744000144573740
ServiceNow:744000143912179,ServiceNow,Senior Staff Outbound Product Manager - EmployeeWorks GTM,"Santa Clara, California, United States",Product,https://jobs.smartrecruiters.com/ServiceNow/744000143912179,2026-08-17T19:06:57.886Z,2026-08-17,2026-08-17T19:18:05+00:00,2026-08-17 12:18 Mon,,false,,,,false,smartrecruiters:ServiceNow:744000143912179
ServiceNow:744000140326719,ServiceNow,"Senior Staff Product Manager, AI Platform","Santa Clara, California, United States",Product,https://jobs.smartrecruiters.com/ServiceNow/744000140326719,2026-07-28T19:31:49.552Z,2026-07-28,2026-07-28T19:41:49+00:00,2026-07-28 12:41 Tue,,false,,,,false,smartrecruiters:ServiceNow:744000140326719
ServiceNow:744000137186699,ServiceNow,Senior Staff Product Security Engineer | Product Security Incident Response Team (PSIRT),"Kirkland, Washington, United States",Digital Technology,https://jobs.smartrecruiters.com/ServiceNow/744000137186699,2026-07-10T17:20:25.041Z,2026-07-10,2026-07-11T03:36:34+00:00,2026-07-10 20:36 Fri,,false,,,,false,smartrecruiters:ServiceNow:744000137186699
ServiceNow:744000130601489,ServiceNow,Senior Staff Security Incident Commander | Security Org,"Santa Clara, California, United States",Digital Technology,https://jobs.smartrecruiters.com/ServiceNow/744000130601489,2026-06-05T23:42:05.348Z,2026-06-05,2026-07-11T03:36:34+00:00,2026-07-10 20:36 Fri,,false,,,,false,smartrecruiters:ServiceNow:744000130601489
ServiceNow:744000136568939,ServiceNow,Senior Staff Software Engineer,"Santa Clara, California, United States","Engineering, Infrastructure and Operations",https://jobs.smartrecruiters.com/ServiceNow/744000136568939,2026-07-08T21:40:51.295Z,2026-07-08,2026-07-11T03:36:34+00:00,2026-07-10 20:36 Fri,,false,,,,false,smartrecruiters:ServiceNow:744000136568939
ServiceNow:744000138724259,ServiceNow,Senior Staff Software Engineer,"San Diego, California, United States","Engineering, Infrastructure and Operations",https://jobs.smartrecruiters.com/ServiceNow/744000138724259,2026-07-20T20:16:10.022Z,2026-07-20,2026-07-20T20:41:43+00:00,2026-07-20 13:41 Mon,,false,,,,false,smartrecruiters:ServiceNow:744000138724259
ServiceNow:744000139606374,ServiceNow,Senior Staff Software Engineer,"San Diego, California, United States","Engineering, Infrastructure and Operations",https://jobs.smartrecruiters.com/ServiceNow/744000139606374,2026-07-24T13:30:51.805Z,2026-07-24,2026-07-24T13:41:30+00:00,2026-07-24 06:41 Fri,,false,,,,false,smartrecruiters:ServiceNow:744000139606374
ServiceNow:744000139613750,ServiceNow,Senior Staff Software Engineer,"San Diego, California, United States","Engineering, Infrastructure and Operations",https://jobs.smartrecruiters.com/ServiceNow/744000139613750,2026-07-24T14:06:05.366Z,2026-07-24,2026-07-24T14:17:42+00:00,2026-07-24 07:17 Fri,,false,,,,false,smartrecruiters:ServiceNow:744000139613750
ServiceNow:744000142983469,ServiceNow,Senior Staff Software Engineer,"San Diego, California, United States","Engineering, Infrastructure and Operations",https://jobs.smartrecruiters.com/ServiceNow/744000142983469,2026-08-11T22:28:56.831Z,2026-08-11,2026-08-11T22:41:42+00:00,2026-08-11 15:41 Tue,,false,,,,false,smartrecruiters:ServiceNow:744000142983469
ServiceNow:744000138161377,ServiceNow,Senior Staff Software Engineer - Agent Development,"Santa Clara, CALIFORNIA, United States","Engineering, Infrastructure and Operations",https://jobs.smartrecruiters.com/ServiceNow/744000138161377,2026-07-16T16:43:46.643Z,2026-07-16,2026-07-16T16:57:09+00:00,2026-07-16 09:57 Thu,,false,,,,false,smartrecruiters:ServiceNow:744000138161377
ServiceNow:744000138166660,ServiceNow,Senior Staff Software Engineer - Agent Development,"Santa Clara, CALIFORNIA, United States","Engineering, Infrastructure and Operations",https://jobs.smartrecruiters.com/ServiceNow/744000138166660,2026-07-16T17:04:42.728Z,2026-07-16,2026-07-16T17:17:47+00:00,2026-07-16 10:17 Thu,,false,,,,false,smartrecruiters:ServiceNow:744000138166660
ServiceNow:744000140968304,ServiceNow,"Senior Staff Software Engineer – SRE, Release & Test Platforms","Santa Clara, CALIFORNIA, United States","Engineering, Infrastructure and Operations",https://jobs.smartrecruiters.com/ServiceNow/744000140968304,2026-07-31T17:41:33.125Z,2026-07-31,2026-07-31T17:59:31+00:00,2026-07-31 10:59 Fri,,false,,,,false,smartrecruiters:ServiceNow:744000140968304
ServiceNow:744000141813404,ServiceNow,"Senior Staff Software Engineer, Agentic AI Harness & Quality - Moveworks","Mountain View, CALIFORNIA, United States",Engineering,https://jobs.smartrecruiters.com/ServiceNow/744000141813404,2026-08-05T23:54:38.925Z,2026-08-05,2026-08-06T00:17:33+00:00,2026-08-05 17:17 Wed,,false,,,,false,smartrecruiters:ServiceNow:744000141813404
ServiceNow:744000107221016,ServiceNow,"Senior Staff Software Engineer, Agentic AI Systems - Moveworks","Mountain View, CALIFORNIA, United States",Engineering,https://jobs.smartrecruiters.com/ServiceNow/744000107221016,2026-02-04T05:15:34.928Z,2026-02-04,2026-07-11T03:36:34+00:00,2026-07-10 20:36 Fri,,false,,,,false,smartrecruiters:ServiceNow:744000107221016
ServiceNow:744000133461829,ServiceNow,"Senior Staff Software Engineer, Integrations (Tech Lead) — Veza","Santa Clara, CALIFORNIA, United States","Engineering, Infrastructure and Operations",https://jobs.smartrecruiters.com/ServiceNow/744000133461829,2026-06-22T22:02:01.872Z,2026-06-22,2026-07-11T03:36:34+00:00,2026-07-10 20:36 Fri,,false,,,,false,smartrecruiters:ServiceNow:744000133461829
ServiceNow:744000135126544,ServiceNow,"Senior Staff Software Engineer, Performance (Tech Lead)","Santa Clara, CALIFORNIA, United States","Engineering, Infrastructure and Operations",https://jobs.smartrecruiters.com/ServiceNow/744000135126544,2026-07-01T00:03:50.383Z,2026-07-01,2026-07-11T03:36:34+00:00,2026-07-10 20:36 Fri,,false,,,,false,smartrecruiters:ServiceNow:744000135126544
ServiceNow:744000143146781,ServiceNow,Senior Staff Technical Product Owner - FinOps Data Platform & Engineering,"Santa Clara, California, United States","Engineering, Infrastructure and Operations",https://jobs.smartrecruiters.com/ServiceNow/744000143146781,2026-08-12T16:35:35.750Z,2026-08-12,2026-08-12T16:42:00+00:00,2026-08-12 09:42 Wed,,false,,,,false,smartrecruiters:ServiceNow:744000143146781
ServiceNow:744000140516224,ServiceNow,Senior Staff Technical Program Manager,"Santa Clara, CALIFORNIA, United States",Product,https://jobs.smartrecruiters.com/ServiceNow/744000140516224,2026-07-29T16:58:31.584Z,2026-07-29,2026-07-29T17:17:36+00:00,2026-07-29 10:17 Wed,,false,,,,false,smartrecruiters:ServiceNow:744000140516224
ServiceNow:744000139107863,ServiceNow,"Senior Staff, Product Manager- AI Evaluation & Quality","Santa Clara, California, United States",Product,https://jobs.smartrecruiters.com/ServiceNow/744000139107863,2026-07-22T15:27:05.057Z,2026-07-22,2026-07-22T15:41:51+00:00,2026-07-22 08:41 Wed,,false,,,,false,smartrecruiters:ServiceNow:744000139107863
ServiceNow:744000142725039,ServiceNow,Senior Staff Applications Development Engineer,"Santa Clara, California, United States","Engineering, Infrastructure and Operations",https://jobs.smartrecruiters.com/ServiceNow/744000142725039,2026-08-10T19:42:10.619Z,2026-08-10,2026-08-10T19:48:52+00:00,2026-08-10 12:48 Mon,,false,,,,false,smartrecruiters:ServiceNow:744000142725039
ServiceNow:744000142725349,ServiceNow,Senior Staff Applications Development Engineer,"Santa Clara, California, United States","Engineering, Infrastructure and Operations",https://jobs.smartrecruiters.com/ServiceNow/744000142725349,2026-08-10T19:43:40.792Z,2026-08-10,2026-08-10T19:59:55+00:00,2026-08-10 12:59 Mon,,false,,,,false,smartrecruiters:ServiceNow:744000142725349
ServiceNow:744000143362839,ServiceNow,Senior Staff Applications Development Engineer,"Santa Clara, California, United States","Engineering, Infrastructure and Operations",https://jobs.smartrecruiters.com/ServiceNow/744000143362839,2026-08-13T16:54:29.441Z,2026-08-13,2026-08-13T17:14:12+00:00,2026-08-13 10:14 Thu,,false,,,,false,smartrecruiters:ServiceNow:744000143362839
ServiceNow:744000134603229,ServiceNow,Senior Tax Analyst – US Indirect Tax,"Hyderabad, Telangana, India",Finance & Accounting,https://jobs.smartrecruiters.com/ServiceNow/744000134603229,2026-06-27T13:32:34.535Z,2026-06-27,2026-07-11T03:36:34+00:00,2026-07-10 20:36 Fri,,false,,,,false,smartrecruiters:ServiceNow:744000134603229
ServiceNow:744000141516889,ServiceNow,Senior Technical Consultant,"Tokyo, , Japan",Customer Outcomes,https://jobs.smartrecruiters.com/ServiceNow/744000141516889,2026-08-04T14:38:46.684Z,2026-08-04,2026-08-04T14:47:39+00:00,2026-08-04 07:47 Tue,,false,,,,false,smartrecruiters:ServiceNow:744000141516889
ServiceNow:744000144079531,ServiceNow,"Senior Technical Consultant (Technical Architect), Core Business Workflows","Bangalore, Karnataka, India",Customer Excellence HQ,https://jobs.smartrecruiters.com/ServiceNow/744000144079531,2026-08-18T13:50:15.345Z,2026-08-18,2026-08-18T14:12:13+00:00,2026-08-18 07:12 Tue,,false,,,,false,smartrecruiters:ServiceNow:744000144079531
ServiceNow:744000134523622,ServiceNow,Senior Technical Support Engineer,"Orlando, Florida, United States",Customer Service,https://jobs.smartrecruiters.com/ServiceNow/744000134523622,2026-06-26T17:08:58.118Z,2026-06-26,2026-07-11T03:36:34+00:00,2026-07-10 20:36 Fri,,false,,,,false,smartrecruiters:ServiceNow:744000134523622
ServiceNow:744000143931978,ServiceNow,Senior Applications Development Engineer,"Santa Clara, California, United States","Engineering, Infrastructure and Operations",https://jobs.smartrecruiters.com/ServiceNow/744000143931978,2026-08-17T21:33:02.419Z,2026-08-17,2026-08-17T21:40:45+00:00,2026-08-17 14:40 Mon,,false,,,,false,smartrecruiters:ServiceNow:744000143931978
ServiceNow:744000142940634,ServiceNow,Service Delivery Manager,"Addison, TEXAS, United States",Customer Outcomes,https://jobs.smartrecruiters.com/ServiceNow/744000142940634,2026-08-11T17:21:31.140Z,2026-08-11,2026-08-11T17:38:45+00:00,2026-08-11 10:38 Tue,,false,,,,false,smartrecruiters:ServiceNow:744000142940634
ServiceNow:744000144387732,ServiceNow,Service Delivery Manager ,"Santa Clara, California , United States",Customer Excellence Geo HQ,https://jobs.smartrecruiters.com/ServiceNow/744000144387732,2026-08-19T19:03:32.172Z,2026-08-19,2026-08-19T19:18:07+00:00,2026-08-19 12:18 Wed,,false,,,,false,smartrecruiters:ServiceNow:744000144387732
ServiceNow:744000136549129,ServiceNow,ServiceNow Futures Summit — GTM Experience ,"West Palm Beach, Florida, United States",Early In Career,https://jobs.smartrecruiters.com/ServiceNow/744000136549129,2026-07-08T18:50:42.730Z,2026-07-08,2026-07-11T03:36:34+00:00,2026-07-10 20:36 Fri,,false,,,,false,smartrecruiters:ServiceNow:744000136549129
ServiceNow:744000122078187,ServiceNow,ServiceNow Technical Consultant/Developer for Finance & Supply Chain Solution Implementations,"West Palm Beach, Florida, United States",Customer Outcomes,https://jobs.smartrecruiters.com/ServiceNow/744000122078187,2026-04-21T16:35:47.689Z,2026-04-21,2026-07-11T03:36:34+00:00,2026-07-10 20:36 Fri,,false,,,,false,smartrecruiters:ServiceNow:744000122078187
ServiceNow:744000144386100,ServiceNow,Software Engineer,"Hyderabad, , India",Product,https://jobs.smartrecruiters.com/ServiceNow/744000144386100,2026-08-19T18:51:22.054Z,2026-08-19,2026-08-19T19:02:22+00:00,2026-08-19 12:02 Wed,,false,,,,false,smartrecruiters:ServiceNow:744000144386100
ServiceNow:744000144386220,ServiceNow,Software Engineer,"Hyderabad, , India",Product,https://jobs.smartrecruiters.com/ServiceNow/744000144386220,2026-08-19T18:52:39.957Z,2026-08-19,2026-08-19T19:02:22+00:00,2026-08-19 12:02 Wed,,false,,,,false,smartrecruiters:ServiceNow:744000144386220
ServiceNow:https://jobs.smartrecruiters.com/ServiceNow/744000141814009-software-engineer-agentic-ai-harness-quality-moveworks?oga=true,ServiceNow,Software Engineer - Agentic AI Harness & Quality - Moveworks,"Mountain View, CA",,https://jobs.smartrecruiters.com/ServiceNow/744000141814009-software-engineer-agentic-ai-harness-quality-moveworks?oga=true,,,2026-08-06T14:41:55+00:00,2026-08-06 07:41 Thu,AI / ML,true,CLI,72,"Strong fit through Python, ML, reinforcement learning, automated testing, backend systems, Docker, and demonstrated debugging and quality-engineering experience, though direct agentic AI harness and production LLM evaluation experience is not shown.",true,speedyapply:SpeedyApply SWE:https://jobs.smartrecruiters.com/ServiceNow/744000141814009-software-engineer-agentic-ai-harness-quality-moveworks?oga=true
ServiceNow:https://jobs.smartrecruiters.com/ServiceNow/744000126417779-software-engineer-agentic-ai-systems-moveworks?oga=true,ServiceNow,Software Engineer - Agentic AI Systems - Moveworks,"Mountain View, CA",,https://jobs.smartrecruiters.com/ServiceNow/744000126417779-software-engineer-agentic-ai-systems-moveworks?oga=true,,,2026-07-31T14:41:48+00:00,2026-07-31 07:41 Fri,Software Engineering,true,Keyword,43,keyword-only heuristic,false,speedyapply:SpeedyApply SWE:https://jobs.smartrecruiters.com/ServiceNow/744000126417779-software-engineer-agentic-ai-systems-moveworks?oga=true
ServiceNow:744000141804089,ServiceNow,"Software Engineer, Agentic AI Harness & Quality - Moveworks","Mountain View, CALIFORNIA, United States",Engineering,https://jobs.smartrecruiters.com/ServiceNow/744000141804089,2026-08-05T21:40:33.606Z,2026-08-05,2026-08-05T21:57:57+00:00,2026-08-05 14:57 Wed,AI / ML,true,CLI,82,"Strong fit through Python software development, automated testing, AI/ML systems, reinforcement learning, APIs, Docker, and debugging experience, though direct agentic AI harness and large-scale quality engineering experience is not demonstrated.",true,smartrecruiters:ServiceNow:744000141804089
ServiceNow:744000141814009,ServiceNow,"Software Engineer, Agentic AI Harness & Quality - Moveworks","Mountain View, CALIFORNIA, United States",Engineering,https://jobs.smartrecruiters.com/ServiceNow/744000141814009,2026-08-05T23:56:55.276Z,2026-08-05,2026-08-06T00:17:33+00:00,2026-08-05 17:17 Wed,AI / ML,true,CLI,62,"Strong fit for the software engineering, Python automation, testing, and AI experimentation aspects, but the resume lacks direct experience with agentic AI, LLMs, or AI harness and quality systems.",true,smartrecruiters:ServiceNow:744000141814009
ServiceNow:744000126417779,ServiceNow,"Software Engineer, Agentic AI Systems - Moveworks","Mountain View, CALIFORNIA, United States",Engineering,https://jobs.smartrecruiters.com/ServiceNow/744000126417779,2026-05-13T23:43:25.237Z,2026-05-13,2026-07-11T03:36:34+00:00,2026-07-10 20:36 Fri,,false,,,,false,smartrecruiters:ServiceNow:744000126417779
ServiceNow:744000128997739,ServiceNow,"Software Engineer, Agentic AI Systems - Moveworks","Mountain View, CALIFORNIA, United States",Engineering,https://jobs.smartrecruiters.com/ServiceNow/744000128997739,2026-05-28T16:03:44.454Z,2026-05-28,2026-07-11T03:36:34+00:00,2026-07-10 20:36 Fri,,false,,,,false,smartrecruiters:ServiceNow:744000128997739
ServiceNow:744000132715119,ServiceNow,"Software Engineer, DevOps - Moveworks","Mountain View, CALIFORNIA, United States",Engineering,https://jobs.smartrecruiters.com/ServiceNow/744000132715119,2026-06-17T19:43:04.888Z,2026-06-17,2026-07-11T03:36:34+00:00,2026-07-10 20:36 Fri,,false,,,,false,smartrecruiters:ServiceNow:744000132715119
ServiceNow:744000138182861,ServiceNow,"Software Engineer, DevOps - Moveworks","Mountain View, CALIFORNIA, United States",Engineering,https://jobs.smartrecruiters.com/ServiceNow/744000138182861,2026-07-16T19:03:34.138Z,2026-07-16,2026-07-16T19:17:48+00:00,2026-07-16 12:17 Thu,Software Engineering,true,Keyword,40,keyword-only heuristic,false,smartrecruiters:ServiceNow:744000138182861
ServiceNow:744000138205419,ServiceNow,"Software Engineer, DevOps - Moveworks","Mountain View, CALIFORNIA, United States",Engineering,https://jobs.smartrecruiters.com/ServiceNow/744000138205419,2026-07-16T22:52:59.743Z,2026-07-16,2026-07-16T22:59:02+00:00,2026-07-16 15:59 Thu,Software Engineering,true,Keyword,40,keyword-only heuristic,false,smartrecruiters:ServiceNow:744000138205419
ServiceNow:744000144649929,ServiceNow,"Software Engineer, Fullstack - Moveworks","Mountain View, CALIFORNIA, United States","Engineering, Infrastructure and Operations",https://jobs.smartrecruiters.com/ServiceNow/744000144649929,2026-08-20T22:13:10.880Z,2026-08-20,2026-08-20T22:42:08+00:00,2026-08-20 15:42 Thu,Software Engineering,true,Keyword,56,keyword-only heuristic (title only),true,smartrecruiters:ServiceNow:744000144649929
ServiceNow:744000138740839,ServiceNow,Software Engineering Manager - Build Agent,"Santa Clara, California, United States","Engineering, Infrastructure and Operations",https://jobs.smartrecruiters.com/ServiceNow/744000138740839,2026-07-20T23:35:02.506Z,2026-07-20,2026-07-20T23:41:14+00:00,2026-07-20 16:41 Mon,Software Engineering,true,Keyword,40,keyword-only heuristic,false,smartrecruiters:ServiceNow:744000138740839
ServiceNow:744000127347199,ServiceNow,Solution Architect,"Tokyo, , Japan",Customer Outcomes,https://jobs.smartrecruiters.com/ServiceNow/744000127347199,2026-05-20T02:49:37.279Z,2026-05-20,2026-07-11T03:36:34+00:00,2026-07-10 20:36 Fri,,false,,,,false,smartrecruiters:ServiceNow:744000127347199
ServiceNow:744000136060020,ServiceNow,Solution Architect - AI & Data,"Phoenix, Arizona , United States",Customer Outcomes,https://jobs.smartrecruiters.com/ServiceNow/744000136060020,2026-07-06T16:50:06.839Z,2026-07-06,2026-07-11T03:36:34+00:00,2026-07-10 20:36 Fri,,false,,,,false,smartrecruiters:ServiceNow:744000136060020
ServiceNow:744000136060444,ServiceNow,Solution Architect - AI & Data,"Chicago, Illinois, United States",Customer Outcomes,https://jobs.smartrecruiters.com/ServiceNow/744000136060444,2026-07-06T16:51:41.252Z,2026-07-06,2026-07-11T03:36:34+00:00,2026-07-10 20:36 Fri,,false,,,,false,smartrecruiters:ServiceNow:744000136060444
ServiceNow:744000136062290,ServiceNow,Solution Architect - AI & Data,"Addison, TEXAS, United States",Customer Outcomes,https://jobs.smartrecruiters.com/ServiceNow/744000136062290,2026-07-06T16:47:55.875Z,2026-07-06,2026-07-11T03:36:34+00:00,2026-07-10 20:36 Fri,,false,,,,false,smartrecruiters:ServiceNow:744000136062290
ServiceNow:744000136062440,ServiceNow,Solution Architect - AI & Data,"Atlanta, Georgia, United States",Customer Outcomes,https://jobs.smartrecruiters.com/ServiceNow/744000136062440,2026-07-06T16:49:32.134Z,2026-07-06,2026-07-11T03:36:34+00:00,2026-07-10 20:36 Fri,,false,,,,false,smartrecruiters:ServiceNow:744000136062440
ServiceNow:744000136063259,ServiceNow,Solution Architect - AI & Data,"Austin, Texas, United States",Customer Outcomes,https://jobs.smartrecruiters.com/ServiceNow/744000136063259,2026-07-06T16:50:40.748Z,2026-07-06,2026-07-11T03:36:34+00:00,2026-07-10 20:36 Fri,,false,,,,false,smartrecruiters:ServiceNow:744000136063259
ServiceNow:744000136063369,ServiceNow,Solution Architect - AI & Data,"Denver, Colorado, United States",Customer Outcomes,https://jobs.smartrecruiters.com/ServiceNow/744000136063369,2026-07-06T16:51:06.054Z,2026-07-06,2026-07-11T03:36:34+00:00,2026-07-10 20:36 Fri,,false,,,,false,smartrecruiters:ServiceNow:744000136063369
ServiceNow:744000142878784,ServiceNow,Solution Architect - AI & Data,"Chicago, Illinois , United States",Customer Outcomes,https://jobs.smartrecruiters.com/ServiceNow/744000142878784,2026-08-11T13:30:58.045Z,2026-08-11,2026-08-11T13:41:52+00:00,2026-08-11 06:41 Tue,,false,,,,false,smartrecruiters:ServiceNow:744000142878784
ServiceNow:744000138579359,ServiceNow,Solution Consultant,"Staines, , United Kingdom",Customer Outcomes,https://jobs.smartrecruiters.com/ServiceNow/744000138579359,2026-07-20T08:14:51.138Z,2026-07-20,2026-07-20T08:41:45+00:00,2026-07-20 01:41 Mon,,false,,,,false,smartrecruiters:ServiceNow:744000138579359
ServiceNow:744000144459519,ServiceNow,Solution Consultant - Enterprise,"Tokyo, , Japan",Sales,https://jobs.smartrecruiters.com/ServiceNow/744000144459519,2026-08-20T05:41:57.732Z,2026-08-20,2026-08-20T05:47:50+00:00,2026-08-19 22:47 Wed,,false,,,,false,smartrecruiters:ServiceNow:744000144459519
ServiceNow:744000122286883,ServiceNow,Solution Consultant - Talent Community,"West Palm Beach, Florida, United States",Sales,https://jobs.smartrecruiters.com/ServiceNow/744000122286883,2026-04-22T15:39:20.683Z,2026-04-22,2026-07-11T03:36:34+00:00,2026-07-10 20:36 Fri,,false,,,,false,smartrecruiters:ServiceNow:744000122286883
ServiceNow:744000133886725,ServiceNow,"Solution Consultant - TMT, Enterprise","Tokyo, , Japan",Sales,https://jobs.smartrecruiters.com/ServiceNow/744000133886725,2026-06-24T08:23:13.323Z,2026-06-24,2026-07-11T03:36:34+00:00,2026-07-10 20:36 Fri,,false,,,,false,smartrecruiters:ServiceNow:744000133886725
ServiceNow:744000141314399,ServiceNow,Solution Sales Executive (Armis),"San Diego, CALIFORNIA, United States",Sales,https://jobs.smartrecruiters.com/ServiceNow/744000141314399,2026-08-03T17:04:01.652Z,2026-08-03,2026-08-03T17:17:50+00:00,2026-08-03 10:17 Mon,,false,,,,false,smartrecruiters:ServiceNow:744000141314399
ServiceNow:744000139172459,ServiceNow,Solution Sales Executive - CRM & Industry Workflows,"Tokyo, , Japan",Sales,https://jobs.smartrecruiters.com/ServiceNow/744000139172459,2026-07-23T01:00:33.920Z,2026-07-23,2026-07-23T01:11:53+00:00,2026-07-22 18:11 Wed,,false,,,,false,smartrecruiters:ServiceNow:744000139172459
ServiceNow:744000144447059,ServiceNow,Solution Sales Executive - CRM & Industry Workflows,"Tokyo, , Japan",Sales,https://jobs.smartrecruiters.com/ServiceNow/744000144447059,2026-08-20T02:00:11.976Z,2026-08-20,2026-08-20T02:18:06+00:00,2026-08-19 19:18 Wed,,false,,,,false,smartrecruiters:ServiceNow:744000144447059
ServiceNow:744000144610914,ServiceNow,Solution Sales Executive - Finance & Supply Chain Solutions,"Frankfurt, , Germany",Sales,https://jobs.smartrecruiters.com/ServiceNow/744000144610914,2026-08-20T18:01:16.378Z,2026-08-20,2026-08-20T18:17:47+00:00,2026-08-20 11:17 Thu,,false,,,,false,smartrecruiters:ServiceNow:744000144610914
ServiceNow:744000144611159,ServiceNow,Solution Sales Executive - Finance & Supply Chain Solutions,"London, GREATER LONDON, United Kingdom",Sales,https://jobs.smartrecruiters.com/ServiceNow/744000144611159,2026-08-20T18:00:33.724Z,2026-08-20,2026-08-20T18:17:47+00:00,2026-08-20 11:17 Thu,,false,,,,false,smartrecruiters:ServiceNow:744000144611159
ServiceNow:744000103152539,ServiceNow,Solution Sales Executive - Moveworks,"Vienna, , Austria",Sales,https://jobs.smartrecruiters.com/ServiceNow/744000103152539,2026-01-12T21:34:28.477Z,2026-01-12,2026-07-11T03:36:34+00:00,2026-07-10 20:36 Fri,,false,,,,false,smartrecruiters:ServiceNow:744000103152539
ServiceNow:744000132198150,ServiceNow,Solution Sales Executive - Moveworks,"Berlin, , Germany",Sales,https://jobs.smartrecruiters.com/ServiceNow/744000132198150,2026-06-15T13:05:02.046Z,2026-06-15,2026-07-11T03:36:34+00:00,2026-07-10 20:36 Fri,,false,,,,false,smartrecruiters:ServiceNow:744000132198150
ServiceNow:744000143523867,ServiceNow,Solution Sales Executive - Moveworks,"Tampa, FL, United States",Sales,https://jobs.smartrecruiters.com/ServiceNow/744000143523867,2026-08-14T14:03:26.851Z,2026-08-14,2026-08-14T14:17:21+00:00,2026-08-14 07:17 Fri,,false,,,,false,smartrecruiters:ServiceNow:744000143523867
ServiceNow:744000140990901,ServiceNow,"Solution Sales Executive, Cybersecurity ","San Diego, CALIFORNIA, United States",Sales,https://jobs.smartrecruiters.com/ServiceNow/744000140990901,2026-07-31T20:10:33.279Z,2026-07-31,2026-07-31T20:17:38+00:00,2026-07-31 13:17 Fri,,false,,,,false,smartrecruiters:ServiceNow:744000140990901
ServiceNow:744000141791529,ServiceNow,"Solution Sales Executive, Financial Services (Armis)","Denver, Colorado, United States",Sales,https://jobs.smartrecruiters.com/ServiceNow/744000141791529,2026-08-05T20:04:51.843Z,2026-08-05,2026-08-05T20:17:18+00:00,2026-08-05 13:17 Wed,,false,,,,false,smartrecruiters:ServiceNow:744000141791529
ServiceNow:744000143846730,ServiceNow,"Solution Sales Executive, Manufacturing - Moveworks","Chicago, ILLINOIS, United States",Sales,https://jobs.smartrecruiters.com/ServiceNow/744000143846730,2026-08-17T14:09:59.725Z,2026-08-17,2026-08-17T14:17:39+00:00,2026-08-17 07:17 Mon,,false,,,,false,smartrecruiters:ServiceNow:744000143846730
ServiceNow:744000126466370,ServiceNow,Sr Advisory Enterprise Architect,"Seoul, , Korea, republic of",Sales,https://jobs.smartrecruiters.com/ServiceNow/744000126466370,2026-05-14T06:26:49.620Z,2026-05-14,2026-07-11T03:36:34+00:00,2026-07-10 20:36 Fri,,false,,,,false,smartrecruiters:ServiceNow:744000126466370
ServiceNow:744000137196520,ServiceNow,Sr Advisory Solution Architect- Moveworks,"New York, NEW YORK, United States",Consulting,https://jobs.smartrecruiters.com/ServiceNow/744000137196520,2026-07-10T18:41:51.704Z,2026-07-10,2026-07-11T03:36:34+00:00,2026-07-10 20:36 Fri,,false,,,,false,smartrecruiters:ServiceNow:744000137196520
ServiceNow:744000137587520,ServiceNow,Sr Advisory Solution Consultant,"Bangalore, Karnataka, India",Sales,https://jobs.smartrecruiters.com/ServiceNow/744000137587520,2026-07-14T04:50:27.705Z,2026-07-14,2026-07-14T04:58:59+00:00,2026-07-13 21:58 Mon,,false,,,,false,smartrecruiters:ServiceNow:744000137587520
ServiceNow:744000143139703,ServiceNow,Sr Advisory Solution Consultant,"Vienna, VIRGINIA, United States",Sales,https://jobs.smartrecruiters.com/ServiceNow/744000143139703,2026-08-12T16:05:29.075Z,2026-08-12,2026-08-12T16:11:51+00:00,2026-08-12 09:11 Wed,,false,,,,false,smartrecruiters:ServiceNow:744000143139703
ServiceNow:744000135922419,ServiceNow,Sr Advisory Solution Consultant (Hong Kong),"Causeway Bay, , Hong Kong",Sales,https://jobs.smartrecruiters.com/ServiceNow/744000135922419,2026-07-06T06:55:24.964Z,2026-07-06,2026-07-11T03:36:34+00:00,2026-07-10 20:36 Fri,,false,,,,false,smartrecruiters:ServiceNow:744000135922419
ServiceNow:744000128763709,ServiceNow,Sr Advisory Solution Consultant (Pre-Sales) - Dutch Speaking,"Amsterdam, , Netherlands",Sales,https://jobs.smartrecruiters.com/ServiceNow/744000128763709,2026-05-27T16:18:53.095Z,2026-05-27,2026-07-11T03:36:34+00:00,2026-07-10 20:36 Fri,,false,,,,false,smartrecruiters:ServiceNow:744000128763709
ServiceNow:744000141518727,ServiceNow,Sr Advisory Solution Consultant - Federal (Armis),"Vienna, VIRGINIA, United States",Sales,https://jobs.smartrecruiters.com/ServiceNow/744000141518727,2026-08-04T14:47:26.350Z,2026-08-04,2026-08-04T14:59:41+00:00,2026-08-04 07:59 Tue,,false,,,,false,smartrecruiters:ServiceNow:744000141518727
ServiceNow:744000141519399,ServiceNow,Sr Advisory Solution Consultant - Federal (Armis),"Vienna, VIRGINIA, United States",Sales,https://jobs.smartrecruiters.com/ServiceNow/744000141519399,2026-08-04T14:47:45.273Z,2026-08-04,2026-08-04T14:59:41+00:00,2026-08-04 07:59 Tue,,false,,,,false,smartrecruiters:ServiceNow:744000141519399
ServiceNow:744000142734488,ServiceNow,Sr Advisory Solution Consultant - Federal (Armis),"Vienna, VIRGINIA, United States",Sales,https://jobs.smartrecruiters.com/ServiceNow/744000142734488,2026-08-10T20:55:17.838Z,2026-08-10,2026-08-10T21:17:38+00:00,2026-08-10 14:17 Mon,,false,,,,false,smartrecruiters:ServiceNow:744000142734488
ServiceNow:744000139906029,ServiceNow,"Sr Advisory Solution Consultant, Core Business Solutions (Korea)","Seoul, , Korea, republic of",Sales,https://jobs.smartrecruiters.com/ServiceNow/744000139906029,2026-07-27T01:54:39.567Z,2026-07-27,2026-07-27T02:17:28+00:00,2026-07-26 19:17 Sun,,false,,,,false,smartrecruiters:ServiceNow:744000139906029
ServiceNow:744000140488159,ServiceNow,"Sr Advisory Solution Consultant, Core Business Solutions/HR Solutions (Korea)","Seoul, , Korea, republic of",Sales,https://jobs.smartrecruiters.com/ServiceNow/744000140488159,2026-07-29T14:46:14.400Z,2026-07-29,2026-07-29T14:59:13+00:00,2026-07-29 07:59 Wed,,false,,,,false,smartrecruiters:ServiceNow:744000140488159
ServiceNow:744000124292409,ServiceNow,"Sr Advisory Solution Consultant, CRM (Korea)","Seoul, , Korea, republic of",Sales,https://jobs.smartrecruiters.com/ServiceNow/744000124292409,2026-05-03T08:38:07.237Z,2026-05-03,2026-07-11T03:36:34+00:00,2026-07-10 20:36 Fri,,false,,,,false,smartrecruiters:ServiceNow:744000124292409
ServiceNow:744000130701459,ServiceNow,"Sr Advisory Solution Consultant, CRM (Singapore Public Sector)","Singapore, , Singapore",Sales,https://jobs.smartrecruiters.com/ServiceNow/744000130701459,2026-06-08T03:38:22.478Z,2026-06-08,2026-07-11T03:36:34+00:00,2026-07-10 20:36 Fri,,false,,,,false,smartrecruiters:ServiceNow:744000130701459
ServiceNow:744000141516572,ServiceNow,"Sr Advisory Solution Consultant, Federal (Armis)","Vienna, VIRGINIA, United States",Sales,https://jobs.smartrecruiters.com/ServiceNow/744000141516572,2026-08-04T14:46:01.228Z,2026-08-04,2026-08-04T14:59:41+00:00,2026-08-04 07:59 Tue,,false,,,,false,smartrecruiters:ServiceNow:744000141516572
ServiceNow:744000143553729,ServiceNow,"Sr Advisory Solution Consultant, Federal (Armis/Veza)","Vienna, VIRGINIA, United States",Sales,https://jobs.smartrecruiters.com/ServiceNow/744000143553729,2026-08-14T15:58:19.582Z,2026-08-14,2026-08-14T16:08:10+00:00,2026-08-14 09:08 Fri,,false,,,,false,smartrecruiters:ServiceNow:744000143553729
ServiceNow:744000143879789,ServiceNow,"Sr Advisory Solution Consultant, Federal (Armis/Veza) - Washington DC Area ","Vienna, VIRGINIA, United States",Sales,https://jobs.smartrecruiters.com/ServiceNow/744000143879789,2026-08-17T16:11:06.120Z,2026-08-17,2026-08-17T16:17:46+00:00,2026-08-17 09:17 Mon,,false,,,,false,smartrecruiters:ServiceNow:744000143879789
ServiceNow:744000124291850,ServiceNow,"Sr Advisory Solution Consultant, Security ","Seoul, , Korea, republic of",Sales,https://jobs.smartrecruiters.com/ServiceNow/744000124291850,2026-05-03T08:22:41.234Z,2026-05-03,2026-07-11T03:36:34+00:00,2026-07-10 20:36 Fri,,false,,,,false,smartrecruiters:ServiceNow:744000124291850
ServiceNow:744000142096959,ServiceNow,"Sr Advisory Solution Consultant, Singapore Public Sector","Singapore, , Singapore",Sales,https://jobs.smartrecruiters.com/ServiceNow/744000142096959,2026-08-07T10:16:11.041Z,2026-08-07,2026-08-07T10:35:53+00:00,2026-08-07 03:35 Fri,,false,,,,false,smartrecruiters:ServiceNow:744000142096959
ServiceNow:744000143076929,ServiceNow,"Sr Advisory Solution Consultant, Singapore Public Sector","Singapore, , Singapore",Sales,https://jobs.smartrecruiters.com/ServiceNow/744000143076929,2026-08-12T10:53:01.900Z,2026-08-12,2026-08-12T10:59:41+00:00,2026-08-12 03:59 Wed,,false,,,,false,smartrecruiters:ServiceNow:744000143076929
ServiceNow:744000138401940,ServiceNow,Sr Advisory Solution Consultant- Moveworks,"Philadelphia, PENNSYLVANIA, United States",Consulting,https://jobs.smartrecruiters.com/ServiceNow/744000138401940,2026-07-17T19:46:38.829Z,2026-07-17,2026-07-17T19:59:51+00:00,2026-07-17 12:59 Fri,,false,,,,false,smartrecruiters:ServiceNow:744000138401940
ServiceNow:744000138405599,ServiceNow,Sr Advisory Solution Consultant- Moveworks,"Philadelphia, PENNSYLVANIA, United States",Consulting,https://jobs.smartrecruiters.com/ServiceNow/744000138405599,2026-07-17T20:14:18.547Z,2026-07-17,2026-07-17T20:35:32+00:00,2026-07-17 13:35 Fri,,false,,,,false,smartrecruiters:ServiceNow:744000138405599
ServiceNow:744000140771269,ServiceNow,"Sr Advisory Solution Consultant– Security, Identity & Exposure Management ","New York, NEW YORK, United States",Sales,https://jobs.smartrecruiters.com/ServiceNow/744000140771269,2026-07-30T20:18:55.841Z,2026-07-30,2026-07-30T20:42:03+00:00,2026-07-30 13:42 Thu,,false,,,,false,smartrecruiters:ServiceNow:744000140771269
ServiceNow:744000141303749,ServiceNow,"Sr Advisory Solution Consultant– Security, Identity & Exposure Management (Armis)","New York, NEW YORK, United States",Sales,https://jobs.smartrecruiters.com/ServiceNow/744000141303749,2026-08-03T15:58:59.920Z,2026-08-03,2026-08-03T16:17:29+00:00,2026-08-03 09:17 Mon,,false,,,,false,smartrecruiters:ServiceNow:744000141303749
ServiceNow:744000142142185,ServiceNow,"Sr Advisory Solution Consultant– Security, Identity & Exposure Management (Armis)","Dallas, TEXAS, United States",Sales,https://jobs.smartrecruiters.com/ServiceNow/744000142142185,2026-08-07T14:02:11.284Z,2026-08-07,2026-08-07T14:17:58+00:00,2026-08-07 07:17 Fri,,false,,,,false,smartrecruiters:ServiceNow:744000142142185
ServiceNow:744000142145549,ServiceNow,"Sr Advisory Solution Consultant– Security, Identity & Exposure Management (Armis)","Austin, TEXAS, United States",Sales,https://jobs.smartrecruiters.com/ServiceNow/744000142145549,2026-08-07T14:01:28.268Z,2026-08-07,2026-08-07T14:17:58+00:00,2026-08-07 07:17 Fri,,false,,,,false,smartrecruiters:ServiceNow:744000142145549
ServiceNow:744000142145919,ServiceNow,"Sr Advisory Solution Consultant– Security, Identity & Exposure Management (Armis)","Houston, TEXAS, United States",Sales,https://jobs.smartrecruiters.com/ServiceNow/744000142145919,2026-08-07T14:02:41.457Z,2026-08-07,2026-08-07T14:17:58+00:00,2026-08-07 07:17 Fri,,false,,,,false,smartrecruiters:ServiceNow:744000142145919
ServiceNow:744000143919550,ServiceNow,"Sr Advisory Solution Consultant– Security, Identity & Exposure Management (Armis)","New York, NEW YORK, United States",Sales,https://jobs.smartrecruiters.com/ServiceNow/744000143919550,2026-08-17T19:56:05.507Z,2026-08-17,2026-08-17T20:06:49+00:00,2026-08-17 13:06 Mon,,false,,,,false,smartrecruiters:ServiceNow:744000143919550
ServiceNow:744000143920709,ServiceNow,"Sr Advisory Solution Consultant– Security, Identity & Exposure Management (Armis)","Boston , Massachusetts, United States",Sales,https://jobs.smartrecruiters.com/ServiceNow/744000143920709,2026-08-17T19:56:55.622Z,2026-08-17,2026-08-17T20:06:49+00:00,2026-08-17 13:06 Mon,,false,,,,false,smartrecruiters:ServiceNow:744000143920709
ServiceNow:744000143920969,ServiceNow,"Sr Advisory Solution Consultant– Security, Identity & Exposure Management (Armis)","Philadelphia , Pennsylvania, United States",Sales,https://jobs.smartrecruiters.com/ServiceNow/744000143920969,2026-08-17T19:57:43.317Z,2026-08-17,2026-08-17T20:06:49+00:00,2026-08-17 13:06 Mon,,false,,,,false,smartrecruiters:ServiceNow:744000143920969
ServiceNow:744000142731884,ServiceNow,"Sr Advisory Solution Consultant– Security, Identity & Exposure Management (Armis) - Texas","Dallas, TEXAS, United States",Sales,https://jobs.smartrecruiters.com/ServiceNow/744000142731884,2026-08-10T20:39:22.675Z,2026-08-10,2026-08-10T20:59:34+00:00,2026-08-10 13:59 Mon,,false,,,,false,smartrecruiters:ServiceNow:744000142731884
ServiceNow:744000142732269,ServiceNow,"Sr Advisory Solution Consultant– Security, Identity & Exposure Management (Armis) - Texas","Austin, TEXAS, United States",Sales,https://jobs.smartrecruiters.com/ServiceNow/744000142732269,2026-08-10T20:38:49.721Z,2026-08-10,2026-08-10T20:59:34+00:00,2026-08-10 13:59 Mon,,false,,,,false,smartrecruiters:ServiceNow:744000142732269
ServiceNow:744000142732439,ServiceNow,"Sr Advisory Solution Consultant– Security, Identity & Exposure Management (Armis) - Texas","Houston, TEXAS, United States",Sales,https://jobs.smartrecruiters.com/ServiceNow/744000142732439,2026-08-10T20:39:46.486Z,2026-08-10,2026-08-10T20:59:34+00:00,2026-08-10 13:59 Mon,,false,,,,false,smartrecruiters:ServiceNow:744000142732439
ServiceNow:744000141561579,ServiceNow,"Sr Advisory Solution Consultant– Security, Identity & Exposure Management (Armis) New York City Based ","New York, NEW YORK, United States",Sales,https://jobs.smartrecruiters.com/ServiceNow/744000141561579,2026-08-04T18:36:47.232Z,2026-08-04,2026-08-04T18:59:45+00:00,2026-08-04 11:59 Tue,,false,,,,false,smartrecruiters:ServiceNow:744000141561579
ServiceNow:744000141782668,ServiceNow,"Sr Advisory Solution Consultant– Security, Identity & Exposure Management (Armis) New York City Based ","New York, NEW YORK, United States",Sales,https://jobs.smartrecruiters.com/ServiceNow/744000141782668,2026-08-05T18:56:41.181Z,2026-08-05,2026-08-05T19:17:49+00:00,2026-08-05 12:17 Wed,,false,,,,false,smartrecruiters:ServiceNow:744000141782668
ServiceNow:744000144832940,ServiceNow,"Sr Advisory Solution Consultant– Security, Identity & Exposure Management (Armis/Veza) Northeast","New York, NEW YORK, United States",Sales,https://jobs.smartrecruiters.com/ServiceNow/744000144832940,2026-08-21T20:10:07.184Z,2026-08-21,2026-08-21T20:18:10+00:00,2026-08-21 13:18 Fri,,false,,,,false,smartrecruiters:ServiceNow:744000144832940
ServiceNow:744000144834730,ServiceNow,"Sr Advisory Solution Consultant– Security, Identity & Exposure Management (Armis/Veza) Northeast","Boston , Massachusetts, United States",Sales,https://jobs.smartrecruiters.com/ServiceNow/744000144834730,2026-08-21T20:10:52.014Z,2026-08-21,2026-08-21T20:18:10+00:00,2026-08-21 13:18 Fri,,false,,,,false,smartrecruiters:ServiceNow:744000144834730
ServiceNow:744000144835659,ServiceNow,"Sr Advisory Solution Consultant– Security, Identity & Exposure Management (Armis/Veza) Northeast","Washington, District of Columbia , United States",Sales,https://jobs.smartrecruiters.com/ServiceNow/744000144835659,2026-08-21T20:12:11.499Z,2026-08-21,2026-08-21T20:18:10+00:00,2026-08-21 13:18 Fri,,false,,,,false,smartrecruiters:ServiceNow:744000144835659
ServiceNow:744000144835450,ServiceNow,"Sr Advisory Solution Consultant– Security, Identity & Exposure Management (Armis/Veza) Northeast","Boston , Massachusetts, United States",Sales,https://jobs.smartrecruiters.com/ServiceNow/744000144835450,2026-08-21T20:17:09.426Z,2026-08-21,2026-08-21T20:40:40+00:00,2026-08-21 13:40 Fri,,false,,,,false,smartrecruiters:ServiceNow:744000144835450
ServiceNow:744000144836079,ServiceNow,"Sr Advisory Solution Consultant– Security, Identity & Exposure Management (Armis/Veza) Northeast","New York, NEW YORK, United States",Sales,https://jobs.smartrecruiters.com/ServiceNow/744000144836079,2026-08-21T20:16:41.031Z,2026-08-21,2026-08-21T20:40:40+00:00,2026-08-21 13:40 Fri,,false,,,,false,smartrecruiters:ServiceNow:744000144836079
ServiceNow:744000144836189,ServiceNow,"Sr Advisory Solution Consultant– Security, Identity & Exposure Management (Armis/Veza) Northeast","Washington, District of Columbia , United States",Sales,https://jobs.smartrecruiters.com/ServiceNow/744000144836189,2026-08-21T20:17:32.202Z,2026-08-21,2026-08-21T20:40:40+00:00,2026-08-21 13:40 Fri,,false,,,,false,smartrecruiters:ServiceNow:744000144836189
ServiceNow:744000139117689,ServiceNow,Sr Commercial Account Exec,"Raleigh, North Carolina, United States",Sales,https://jobs.smartrecruiters.com/ServiceNow/744000139117689,2026-07-22T16:16:16.762Z,2026-07-22,2026-07-22T16:41:31+00:00,2026-07-22 09:41 Wed,,false,,,,false,smartrecruiters:ServiceNow:744000139117689
ServiceNow:744000136332499,ServiceNow,Sr Commercial Account Executive,"District of Columbia, District of Columbia, United States",Sales,https://jobs.smartrecruiters.com/ServiceNow/744000136332499,2026-07-07T21:24:43.937Z,2026-07-07,2026-07-11T03:36:34+00:00,2026-07-10 20:36 Fri,,false,,,,false,smartrecruiters:ServiceNow:744000136332499
ServiceNow:744000142000949,ServiceNow,Sr Commercial Account Executive,"Atlanta, Georgia, United States",Sales,https://jobs.smartrecruiters.com/ServiceNow/744000142000949,2026-08-06T20:39:39.618Z,2026-08-06,2026-08-06T20:59:30+00:00,2026-08-06 13:59 Thu,,false,,,,false,smartrecruiters:ServiceNow:744000142000949
ServiceNow:744000144805621,ServiceNow,Sr Commercial Account Executive,"District of Columbia, District of Columbia, United States",Sales,https://jobs.smartrecruiters.com/ServiceNow/744000144805621,2026-08-21T16:34:55.969Z,2026-08-21,2026-08-21T16:41:54+00:00,2026-08-21 09:41 Fri,,false,,,,false,smartrecruiters:ServiceNow:744000144805621
ServiceNow:744000132922739,ServiceNow,Sr Commercial Account Executive - Michigan,"Detroit, Michigan, United States",Sales,https://jobs.smartrecruiters.com/ServiceNow/744000132922739,2026-06-18T17:45:51.379Z,2026-06-18,2026-07-11T03:36:34+00:00,2026-07-10 20:36 Fri,,false,,,,false,smartrecruiters:ServiceNow:744000132922739
ServiceNow:744000132922374,ServiceNow,Sr Commercial Account Executive - Ohio,"Columbus , Ohio , United States",Sales,https://jobs.smartrecruiters.com/ServiceNow/744000132922374,2026-06-18T17:43:17.218Z,2026-06-18,2026-07-11T03:36:34+00:00,2026-07-10 20:36 Fri,,false,,,,false,smartrecruiters:ServiceNow:744000132922374
ServiceNow:744000132922554,ServiceNow,Sr Commercial Account Executive - Wisconsin ,"Madison, Wisconsin, United States",Sales,https://jobs.smartrecruiters.com/ServiceNow/744000132922554,2026-06-18T17:46:52.903Z,2026-06-18,2026-07-11T03:36:34+00:00,2026-07-10 20:36 Fri,,false,,,,false,smartrecruiters:ServiceNow:744000132922554
ServiceNow:744000138937729,ServiceNow,Sr CRM Account Executive,"Washington, District of Columbia, United States",Sales,https://jobs.smartrecruiters.com/ServiceNow/744000138937729,2026-07-21T18:37:35.021Z,2026-07-21,2026-07-21T18:59:37+00:00,2026-07-21 11:59 Tue,,false,,,,false,smartrecruiters:ServiceNow:744000138937729
ServiceNow:744000137537949,ServiceNow,Sr CRM Account Executive - Banking,"New York, New York, United States",Sales,https://jobs.smartrecruiters.com/ServiceNow/744000137537949,2026-07-13T20:44:00.733Z,2026-07-13,2026-07-13T20:59:16+00:00,2026-07-13 13:59 Mon,,false,,,,false,smartrecruiters:ServiceNow:744000137537949
ServiceNow:744000130839669,ServiceNow,Sr CRM Account Executive - Insurance,"New York, New York, United States",Sales,https://jobs.smartrecruiters.com/ServiceNow/744000130839669,2026-06-08T15:41:03.819Z,2026-06-08,2026-07-11T03:36:34+00:00,2026-07-10 20:36 Fri,,false,,,,false,smartrecruiters:ServiceNow:744000130839669
ServiceNow:744000136041170,ServiceNow,Sr Customer Success Manager,"Munich, , Germany",Customer Service and Support,https://jobs.smartrecruiters.com/ServiceNow/744000136041170,2026-07-06T15:14:29.827Z,2026-07-06,2026-07-11T03:36:34+00:00,2026-07-10 20:36 Fri,,false,,,,false,smartrecruiters:ServiceNow:744000136041170
ServiceNow:744000139597045,ServiceNow,Sr Customer Success Manager,"Munich, , Germany",Customer Service and Support,https://jobs.smartrecruiters.com/ServiceNow/744000139597045,2026-07-24T12:56:49.676Z,2026-07-24,2026-07-24T13:17:33+00:00,2026-07-24 06:17 Fri,,false,,,,false,smartrecruiters:ServiceNow:744000139597045
ServiceNow:744000141267118,ServiceNow,Sr Customer Success Manager (Armis),"Munich, , Germany",Customer Service and Support,https://jobs.smartrecruiters.com/ServiceNow/744000141267118,2026-08-03T13:35:53.421Z,2026-08-03,2026-08-03T13:42:11+00:00,2026-08-03 06:42 Mon,,false,,,,false,smartrecruiters:ServiceNow:744000141267118
ServiceNow:744000141293444,ServiceNow,Sr Customer Success Manager (Armis),"Munich, , Germany",Customer Service and Support,https://jobs.smartrecruiters.com/ServiceNow/744000141293444,2026-08-03T15:18:38.944Z,2026-08-03,2026-08-03T15:34:11+00:00,2026-08-03 08:34 Mon,,false,,,,false,smartrecruiters:ServiceNow:744000141293444
ServiceNow:744000143324052,ServiceNow,Sr Customer Success Manager (Armis/Veza),"San Diego, CALIFORNIA, United States",Customer Service and Support,https://jobs.smartrecruiters.com/ServiceNow/744000143324052,2026-08-13T14:08:03.613Z,2026-08-13,2026-08-13T14:17:45+00:00,2026-08-13 07:17 Thu,,false,,,,false,smartrecruiters:ServiceNow:744000143324052
ServiceNow:744000132868112,ServiceNow,Sr Customer Success Manager - Veza,"Silver Spring, Maryland, United States",Customer Outcomes,https://jobs.smartrecruiters.com/ServiceNow/744000132868112,2026-06-18T13:30:17.062Z,2026-06-18,2026-07-11T03:36:34+00:00,2026-07-10 20:36 Fri,,false,,,,false,smartrecruiters:ServiceNow:744000132868112
ServiceNow:744000133461159,ServiceNow,Sr Customer Success Manager - Veza,"Remote , Washington, United States",Customer Outcomes,https://jobs.smartrecruiters.com/ServiceNow/744000133461159,2026-06-22T21:54:11.244Z,2026-06-22,2026-07-11T03:36:34+00:00,2026-07-10 20:36 Fri,,false,,,,false,smartrecruiters:ServiceNow:744000133461159
ServiceNow:744000137742869,ServiceNow,Sr Customer Success Manager - Veza,"Remote, California, United States",Customer Outcomes,https://jobs.smartrecruiters.com/ServiceNow/744000137742869,2026-07-14T20:02:00.100Z,2026-07-14,2026-07-14T20:17:39+00:00,2026-07-14 13:17 Tue,,false,,,,false,smartrecruiters:ServiceNow:744000137742869
ServiceNow:744000143333409,ServiceNow,Sr Data Analytics Mgr. Paid Media Campaigns,"San Diego, California, United States",Strategy/Planning,https://jobs.smartrecruiters.com/ServiceNow/744000143333409,2026-08-13T14:32:27.464Z,2026-08-13,2026-08-13T14:41:47+00:00,2026-08-13 07:41 Thu,,false,,,,false,smartrecruiters:ServiceNow:744000143333409
ServiceNow:744000134828350,ServiceNow,Sr Deal Desk Manager,"West Palm Beach, Florida, United States",Sales,https://jobs.smartrecruiters.com/ServiceNow/744000134828350,2026-06-29T15:49:51.555Z,2026-06-29,2026-07-11T03:36:34+00:00,2026-07-10 20:36 Fri,,false,,,,false,smartrecruiters:ServiceNow:744000134828350
ServiceNow:744000138931662,ServiceNow,Sr Deal Desk Manager,"San Diego, California, United States",Sales,https://jobs.smartrecruiters.com/ServiceNow/744000138931662,2026-07-21T18:13:01.612Z,2026-07-21,2026-07-21T18:41:53+00:00,2026-07-21 11:41 Tue,,false,,,,false,smartrecruiters:ServiceNow:744000138931662
ServiceNow:744000144166549,ServiceNow,Sr Deal Desk Manager,"Silver Spring, MARYLAND, United States",Sales,https://jobs.smartrecruiters.com/ServiceNow/744000144166549,2026-08-18T20:55:08.214Z,2026-08-18,2026-08-18T21:10:47+00:00,2026-08-18 14:10 Tue,,false,,,,false,smartrecruiters:ServiceNow:744000144166549
ServiceNow:744000138931789,ServiceNow,Sr Dir PM- Agentic Core Platform,"Santa Clara, CALIFORNIA, United States",Product,https://jobs.smartrecruiters.com/ServiceNow/744000138931789,2026-07-21T18:01:33.694Z,2026-07-21,2026-07-21T18:17:29+00:00,2026-07-21 11:17 Tue,,false,,,,false,smartrecruiters:ServiceNow:744000138931789
ServiceNow:744000131554070,ServiceNow,"Sr Dir, Global Partnerships and Channels, Korea","Seoul, , Korea, republic of",Sales,https://jobs.smartrecruiters.com/ServiceNow/744000131554070,2026-06-11T01:06:25.081Z,2026-06-11,2026-07-11T03:36:34+00:00,2026-07-10 20:36 Fri,,false,,,,false,smartrecruiters:ServiceNow:744000131554070
ServiceNow:744000138206399,ServiceNow,"Sr Dir, Sales FSI ANZ","Melbourne, , Australia",Sales,https://jobs.smartrecruiters.com/ServiceNow/744000138206399,2026-07-16T23:03:31.524Z,2026-07-16,2026-07-16T23:17:32+00:00,2026-07-16 16:17 Thu,,false,,,,false,smartrecruiters:ServiceNow:744000138206399
ServiceNow:744000144622530,ServiceNow,"Sr Dir, Sales Training (Armis/Vez)","New York, NEW YORK, United States",Sales,https://jobs.smartrecruiters.com/ServiceNow/744000144622530,2026-08-20T19:36:29.569Z,2026-08-20,2026-08-20T19:41:53+00:00,2026-08-20 12:41 Thu,,false,,,,false,smartrecruiters:ServiceNow:744000144622530
ServiceNow:744000144781924,ServiceNow,"Sr Dir, Sales Training (Armis/Veza)","New York, NEW YORK, United States",Sales,https://jobs.smartrecruiters.com/ServiceNow/744000144781924,2026-08-21T14:32:03.087Z,2026-08-21,2026-08-21T14:41:52+00:00,2026-08-21 07:41 Fri,,false,,,,false,smartrecruiters:ServiceNow:744000144781924
ServiceNow:744000132938027,ServiceNow,"Sr Director, EMEA South COO ","Issy Les Moulineaux, PARIS, France",Sales,https://jobs.smartrecruiters.com/ServiceNow/744000132938027,2026-06-18T20:02:37.581Z,2026-06-18,2026-07-11T03:36:34+00:00,2026-07-10 20:36 Fri,,false,,,,false,smartrecruiters:ServiceNow:744000132938027
ServiceNow:744000140029747,ServiceNow,"Sr Director, EMEA South COO ","Issy Les Moulineaux, PARIS, France",Sales,https://jobs.smartrecruiters.com/ServiceNow/744000140029747,2026-07-27T14:54:02.367Z,2026-07-27,2026-07-27T14:59:28+00:00,2026-07-27 07:59 Mon,,false,,,,false,smartrecruiters:ServiceNow:744000140029747
ServiceNow:744000138936319,ServiceNow,Sr Enterprise Account Exec,"Albany, NEW YORK, United States",Sales,https://jobs.smartrecruiters.com/ServiceNow/744000138936319,2026-07-21T18:29:03.251Z,2026-07-21,2026-07-21T18:41:53+00:00,2026-07-21 11:41 Tue,,false,,,,false,smartrecruiters:ServiceNow:744000138936319
ServiceNow:744000139669159,ServiceNow,Sr Enterprise Account Exec,"London, GREATER LONDON, United Kingdom",Sales,https://jobs.smartrecruiters.com/ServiceNow/744000139669159,2026-07-24T18:13:36.123Z,2026-07-24,2026-07-24T18:41:59+00:00,2026-07-24 11:41 Fri,,false,,,,false,smartrecruiters:ServiceNow:744000139669159
ServiceNow:744000140743359,ServiceNow,Sr Enterprise Account Exec,"San Diego, CALIFORNIA, United States",Sales,https://jobs.smartrecruiters.com/ServiceNow/744000140743359,2026-07-30T17:14:00.814Z,2026-07-30,2026-07-30T17:42:04+00:00,2026-07-30 10:42 Thu,,false,,,,false,smartrecruiters:ServiceNow:744000140743359
ServiceNow:744000140843899,ServiceNow,Sr Enterprise Account Exec,"Vienna, VIRGINIA, United States",Sales,https://jobs.smartrecruiters.com/ServiceNow/744000140843899,2026-07-31T07:51:02.058Z,2026-07-31,2026-07-31T07:59:16+00:00,2026-07-31 00:59 Fri,,false,,,,false,smartrecruiters:ServiceNow:744000140843899
ServiceNow:744000140843964,ServiceNow,Sr Enterprise Account Exec,"Lysaker, Akershus, Norway",Sales,https://jobs.smartrecruiters.com/ServiceNow/744000140843964,2026-07-31T07:51:51.813Z,2026-07-31,2026-07-31T07:59:16+00:00,2026-07-31 00:59 Fri,,false,,,,false,smartrecruiters:ServiceNow:744000140843964
ServiceNow:744000140844249,ServiceNow,Sr Enterprise Account Exec,"Stockholm, Stockholm County, Sweden",Sales,https://jobs.smartrecruiters.com/ServiceNow/744000140844249,2026-07-31T07:52:58.382Z,2026-07-31,2026-07-31T07:59:16+00:00,2026-07-31 00:59 Fri,,false,,,,false,smartrecruiters:ServiceNow:744000140844249
ServiceNow:744000143403219,ServiceNow,Sr Enterprise Account Exec,"Montreal, QUEBEC, Canada",Sales,https://jobs.smartrecruiters.com/ServiceNow/744000143403219,2026-08-13T22:56:23.548Z,2026-08-13,2026-08-13T23:06:38+00:00,2026-08-13 16:06 Thu,,false,,,,false,smartrecruiters:ServiceNow:744000143403219
ServiceNow:744000144570289,ServiceNow,Sr Enterprise Account Exec,"Minneapolis, Minnesota, United States",Sales,https://jobs.smartrecruiters.com/ServiceNow/744000144570289,2026-08-20T14:20:22.834Z,2026-08-20,2026-08-20T14:41:56+00:00,2026-08-20 07:41 Thu,,false,,,,false,smartrecruiters:ServiceNow:744000144570289
ServiceNow:744000141314699,ServiceNow,Sr Enterprise Account Exec (Armis),"Minneapolis, Minnesota, United States",Sales,https://jobs.smartrecruiters.com/ServiceNow/744000141314699,2026-08-03T17:05:16.796Z,2026-08-03,2026-08-03T17:17:50+00:00,2026-08-03 10:17 Mon,,false,,,,false,smartrecruiters:ServiceNow:744000141314699
ServiceNow:744000140547869,ServiceNow,Sr Enterprise Account Exec (Cybersecurity),"Minneapolis, Minnesota, United States",Sales,https://jobs.smartrecruiters.com/ServiceNow/744000140547869,2026-07-29T20:45:23.615Z,2026-07-29,2026-07-29T20:59:36+00:00,2026-07-29 13:59 Wed,,false,,,,false,smartrecruiters:ServiceNow:744000140547869
ServiceNow:744000140936519,ServiceNow,Sr Enterprise Account Exec (Cybersecurity),"Minneapolis, Minnesota, United States",Sales,https://jobs.smartrecruiters.com/ServiceNow/744000140936519,2026-07-31T14:55:46.809Z,2026-07-31,2026-07-31T15:09:33+00:00,2026-07-31 08:09 Fri,,false,,,,false,smartrecruiters:ServiceNow:744000140936519
ServiceNow:744000137930186,ServiceNow,Sr Enterprise Account Exec (Intelligence Community) ,"Vienna, VIRGINIA, United States",Sales,https://jobs.smartrecruiters.com/ServiceNow/744000137930186,2026-07-15T15:49:43.110Z,2026-07-15,2026-07-15T15:59:43+00:00,2026-07-15 08:59 Wed,,false,,,,false,smartrecruiters:ServiceNow:744000137930186
ServiceNow:744000137166866,ServiceNow,Sr Enterprise Account Exec - Education (Cybersecurity) ,"Boston, MA, United States",Sales,https://jobs.smartrecruiters.com/ServiceNow/744000137166866,2026-07-10T15:31:47.524Z,2026-07-10,2026-07-11T03:36:34+00:00,2026-07-10 20:36 Fri,,false,,,,false,smartrecruiters:ServiceNow:744000137166866
ServiceNow:744000137076756,ServiceNow,Sr Enterprise Account Exec - Financial Services ,"Staines, , United Kingdom",Sales,https://jobs.smartrecruiters.com/ServiceNow/744000137076756,2026-07-10T08:53:28.168Z,2026-07-10,2026-07-11T03:36:34+00:00,2026-07-10 20:36 Fri,,false,,,,false,smartrecruiters:ServiceNow:744000137076756
ServiceNow:744000138415410,ServiceNow,Sr Enterprise Account Exec - Higher Education,"Vienna, Virginia, United States",Sales,https://jobs.smartrecruiters.com/ServiceNow/744000138415410,2026-07-17T22:30:08.099Z,2026-07-17,2026-07-17T22:41:22+00:00,2026-07-17 15:41 Fri,,false,,,,false,smartrecruiters:ServiceNow:744000138415410
ServiceNow:744000141942129,ServiceNow,Sr Enterprise Account Exec - Secure Government ,"Staines, , United Kingdom",Sales,https://jobs.smartrecruiters.com/ServiceNow/744000141942129,2026-08-06T14:47:51.079Z,2026-08-06,2026-08-06T14:59:28+00:00,2026-08-06 07:59 Thu,,false,,,,false,smartrecruiters:ServiceNow:744000141942129
ServiceNow:744000141429060,ServiceNow,"Sr Enterprise Account Exec - State Gov & Public Health - WA, SA, NT","Perth, Western Australia, Australia",Sales,https://jobs.smartrecruiters.com/ServiceNow/744000141429060,2026-08-04T07:55:10.465Z,2026-08-04,2026-08-04T08:17:21+00:00,2026-08-04 01:17 Tue,,false,,,,false,smartrecruiters:ServiceNow:744000141429060
ServiceNow:744000133053399,ServiceNow,Sr Enterprise Account Exec -Manufacturing ,"Staines, , United Kingdom",Sales,https://jobs.smartrecruiters.com/ServiceNow/744000133053399,2026-06-19T12:00:45.794Z,2026-06-19,2026-07-11T03:36:34+00:00,2026-07-10 20:36 Fri,,false,,,,false,smartrecruiters:ServiceNow:744000133053399
ServiceNow:744000139543485,ServiceNow,Sr Enterprise Account Exec 6 months - Ministry of Defence ,"Staines, , United Kingdom",Sales,https://jobs.smartrecruiters.com/ServiceNow/744000139543485,2026-07-24T08:38:46.966Z,2026-07-24,2026-07-24T08:59:17+00:00,2026-07-24 01:59 Fri,,false,,,,false,smartrecruiters:ServiceNow:744000139543485
ServiceNow:744000134196055,ServiceNow,Sr Enterprise Account Exec Large Retailers ,"Staines, , United Kingdom",Sales,https://jobs.smartrecruiters.com/ServiceNow/744000134196055,2026-06-25T07:57:51.630Z,2026-06-25,2026-07-11T03:36:34+00:00,2026-07-10 20:36 Fri,,false,,,,false,smartrecruiters:ServiceNow:744000134196055
ServiceNow:744000139315656,ServiceNow,Sr Enterprise Account Exec NHS - 6 month contract ,"Staines, , United Kingdom",Sales,https://jobs.smartrecruiters.com/ServiceNow/744000139315656,2026-07-23T15:20:03.479Z,2026-07-23,2026-07-23T15:41:53+00:00,2026-07-23 08:41 Thu,,false,,,,false,smartrecruiters:ServiceNow:744000139315656
ServiceNow:744000140019789,ServiceNow,Sr Enterprise Account Exec Telco ,"Staines, , United Kingdom",Sales,https://jobs.smartrecruiters.com/ServiceNow/744000140019789,2026-07-27T14:14:40.614Z,2026-07-27,2026-07-27T14:41:47+00:00,2026-07-27 07:41 Mon,,false,,,,false,smartrecruiters:ServiceNow:744000140019789
ServiceNow:744000137175102,ServiceNow,"Sr Enterprise Account Exec, Cybersecurity (Education)","Waltham, Massachusetts, United States",Sales,https://jobs.smartrecruiters.com/ServiceNow/744000137175102,2026-07-10T16:25:38.405Z,2026-07-10,2026-07-11T03:36:34+00:00,2026-07-10 20:36 Fri,,false,,,,false,smartrecruiters:ServiceNow:744000137175102
ServiceNow:744000137177090,ServiceNow,"Sr Enterprise Account Exec, Cybersecurity (Education)","Manchester, NEW HAMPSHIRE, United States",Sales,https://jobs.smartrecruiters.com/ServiceNow/744000137177090,2026-07-10T16:24:36.651Z,2026-07-10,2026-07-11T03:36:34+00:00,2026-07-10 20:36 Fri,,false,,,,false,smartrecruiters:ServiceNow:744000137177090
ServiceNow:744000137178099,ServiceNow,"Sr Enterprise Account Exec, Cybersecurity (Education)","Bridgeport , Connecticut, United States",Sales,https://jobs.smartrecruiters.com/ServiceNow/744000137178099,2026-07-10T16:28:14.686Z,2026-07-10,2026-07-11T03:36:34+00:00,2026-07-10 20:36 Fri,,false,,,,false,smartrecruiters:ServiceNow:744000137178099
ServiceNow:744000137705657,ServiceNow,"Sr Enterprise Account Exec, Cybersecurity (Education)","Boston, Massachusetts, United States",Sales,https://jobs.smartrecruiters.com/ServiceNow/744000137705657,2026-07-14T16:14:14.672Z,2026-07-14,2026-07-14T16:42:13+00:00,2026-07-14 09:42 Tue,,false,,,,false,smartrecruiters:ServiceNow:744000137705657
ServiceNow:744000136882949,ServiceNow,"Sr Enterprise Account Exec, Cybersecurity (Fed - COCOM/SOF)","Tampa Bay , Florida, United States",Sales,https://jobs.smartrecruiters.com/ServiceNow/744000136882949,2026-07-09T18:39:02.093Z,2026-07-09,2026-07-11T03:36:34+00:00,2026-07-10 20:36 Fri,,false,,,,false,smartrecruiters:ServiceNow:744000136882949
ServiceNow:744000137177255,ServiceNow,"Sr Enterprise Account Exec, Cybersecurity (SLED)","Philadelphia, PENNSYLVANIA, United States",Sales,https://jobs.smartrecruiters.com/ServiceNow/744000137177255,2026-07-10T16:30:19.593Z,2026-07-10,2026-07-11T03:36:34+00:00,2026-07-10 20:36 Fri,,false,,,,false,smartrecruiters:ServiceNow:744000137177255
ServiceNow:744000137178510,ServiceNow,"Sr Enterprise Account Exec, Cybersecurity (SLED)","Charlotte, North Carolina , United States",Sales,https://jobs.smartrecruiters.com/ServiceNow/744000137178510,2026-07-10T16:35:22.204Z,2026-07-10,2026-07-11T03:36:34+00:00,2026-07-10 20:36 Fri,,false,,,,false,smartrecruiters:ServiceNow:744000137178510
ServiceNow:744000137178849,ServiceNow,"Sr Enterprise Account Exec, Cybersecurity (SLED)","Dallas, TEXAS, United States",Sales,https://jobs.smartrecruiters.com/ServiceNow/744000137178849,2026-07-10T16:31:29.522Z,2026-07-10,2026-07-11T03:36:34+00:00,2026-07-10 20:36 Fri,,false,,,,false,smartrecruiters:ServiceNow:744000137178849
ServiceNow:744000137179009,ServiceNow,"Sr Enterprise Account Exec, Cybersecurity (SLED)","Oklahoma City , Oklahoma , United States",Sales,https://jobs.smartrecruiters.com/ServiceNow/744000137179009,2026-07-10T16:32:14.866Z,2026-07-10,2026-07-11T03:36:34+00:00,2026-07-10 20:36 Fri,,false,,,,false,smartrecruiters:ServiceNow:744000137179009
ServiceNow:744000137179349,ServiceNow,"Sr Enterprise Account Exec, Cybersecurity (SLED)","Vienna, VIRGINIA, United States",Sales,https://jobs.smartrecruiters.com/ServiceNow/744000137179349,2026-07-10T16:34:06.684Z,2026-07-10,2026-07-11T03:36:34+00:00,2026-07-10 20:36 Fri,,false,,,,false,smartrecruiters:ServiceNow:744000137179349
ServiceNow:744000137179629,ServiceNow,"Sr Enterprise Account Exec, Cybersecurity (SLED)","Charleston, West Virginia, United States",Sales,https://jobs.smartrecruiters.com/ServiceNow/744000137179629,2026-07-10T16:36:21.404Z,2026-07-10,2026-07-11T03:36:34+00:00,2026-07-10 20:36 Fri,,false,,,,false,smartrecruiters:ServiceNow:744000137179629
ServiceNow:744000140931390,ServiceNow,"Sr Enterprise Account Exec, Cybersecurity (SLED)","Vienna, VIRGINIA, United States",Sales,https://jobs.smartrecruiters.com/ServiceNow/744000140931390,2026-07-31T14:34:29.269Z,2026-07-31,2026-07-31T14:41:48+00:00,2026-07-31 07:41 Fri,,false,,,,false,smartrecruiters:ServiceNow:744000140931390
ServiceNow:744000144269787,ServiceNow,"Sr Enterprise Account Exec, Cybersecurity (SLED)","Philadelphia, PENNSYLVANIA, United States",Sales,https://jobs.smartrecruiters.com/ServiceNow/744000144269787,2026-08-19T09:37:56.825Z,2026-08-19,2026-08-19T09:57:05+00:00,2026-08-19 02:57 Wed,,false,,,,false,smartrecruiters:ServiceNow:744000144269787
ServiceNow:744000141991809,ServiceNow,"Sr Enterprise Account Exec, Healthcare (Armis)","Minneapolis, Minnesota, United States",Sales,https://jobs.smartrecruiters.com/ServiceNow/744000141991809,2026-08-06T19:25:50.181Z,2026-08-06,2026-08-06T19:42:10+00:00,2026-08-06 12:42 Thu,,false,,,,false,smartrecruiters:ServiceNow:744000141991809
ServiceNow:744000138403224,ServiceNow,Sr Enterprise Account Executive,"Milwaukee, Wisconsin, United States",Sales,https://jobs.smartrecruiters.com/ServiceNow/744000138403224,2026-07-17T19:54:58.635Z,2026-07-17,2026-07-17T20:17:32+00:00,2026-07-17 13:17 Fri,,false,,,,false,smartrecruiters:ServiceNow:744000138403224
ServiceNow:744000139105584,ServiceNow,Sr Enterprise Account Executive,"Vienna, Virginia, United States",Sales,https://jobs.smartrecruiters.com/ServiceNow/744000139105584,2026-07-22T15:17:12.947Z,2026-07-22,2026-07-22T15:41:51+00:00,2026-07-22 08:41 Wed,,false,,,,false,smartrecruiters:ServiceNow:744000139105584
ServiceNow:744000140110109,ServiceNow,Sr Enterprise Account Executive,"New York, New York, United States",Sales,https://jobs.smartrecruiters.com/ServiceNow/744000140110109,2026-07-28T00:07:32.338Z,2026-07-28,2026-07-28T00:17:42+00:00,2026-07-27 17:17 Mon,,false,,,,false,smartrecruiters:ServiceNow:744000140110109
ServiceNow:744000141960524,ServiceNow,Sr Enterprise Account Executive,"Philadelphia, PENNSYLVANIA, United States",Sales,https://jobs.smartrecruiters.com/ServiceNow/744000141960524,2026-08-06T16:21:00.929Z,2026-08-06,2026-08-06T16:46:51+00:00,2026-08-06 09:46 Thu,,false,,,,false,smartrecruiters:ServiceNow:744000141960524
ServiceNow:744000142212059,ServiceNow,Sr Enterprise Account Executive,"Columbus, Ohio, United States",Sales,https://jobs.smartrecruiters.com/ServiceNow/744000142212059,2026-08-07T20:21:03.912Z,2026-08-07,2026-08-07T20:41:46+00:00,2026-08-07 13:41 Fri,,false,,,,false,smartrecruiters:ServiceNow:744000142212059
ServiceNow:744000144651659,ServiceNow,Sr Enterprise Account Executive,"Toronto, Ontario, Canada",Sales,https://jobs.smartrecruiters.com/ServiceNow/744000144651659,2026-08-20T22:40:33.355Z,2026-08-20,2026-08-20T22:49:50+00:00,2026-08-20 15:49 Thu,,false,,,,false,smartrecruiters:ServiceNow:744000144651659
ServiceNow:744000144652839,ServiceNow,Sr Enterprise Account Executive,"Toronto, Ontario, Canada",Sales,https://jobs.smartrecruiters.com/ServiceNow/744000144652839,2026-08-20T22:58:08.023Z,2026-08-20,2026-08-20T23:17:47+00:00,2026-08-20 16:17 Thu,,false,,,,false,smartrecruiters:ServiceNow:744000144652839
ServiceNow:744000140574264,ServiceNow,Sr Enterprise Account Executive ,"New York City, New York, United States",Sales,https://jobs.smartrecruiters.com/ServiceNow/744000140574264,2026-07-30T01:07:45.059Z,2026-07-30,2026-07-30T01:17:30+00:00,2026-07-29 18:17 Wed,,false,,,,false,smartrecruiters:ServiceNow:744000140574264
ServiceNow:744000135419549,ServiceNow,Sr Enterprise Account Executive - Adani,"Mumbai, Maharashtra, India",Sales,https://jobs.smartrecruiters.com/ServiceNow/744000135419549,2026-07-02T06:45:52.209Z,2026-07-02,2026-07-11T03:36:34+00:00,2026-07-10 20:36 Fri,,false,,,,false,smartrecruiters:ServiceNow:744000135419549
ServiceNow:744000144474279,ServiceNow,Sr Enterprise Account Executive - BFSI,"Gurgaon, , India",Sales,https://jobs.smartrecruiters.com/ServiceNow/744000144474279,2026-08-20T07:23:09.849Z,2026-08-20,2026-08-20T07:41:22+00:00,2026-08-20 00:41 Thu,,false,,,,false,smartrecruiters:ServiceNow:744000144474279
ServiceNow:744000122296850,ServiceNow,Sr Enterprise Account Executive - HDFC,"Mumbai, Maharashtra, India",Sales,https://jobs.smartrecruiters.com/ServiceNow/744000122296850,2026-04-22T16:17:15.209Z,2026-04-22,2026-07-11T03:36:34+00:00,2026-07-10 20:36 Fri,,false,,,,false,smartrecruiters:ServiceNow:744000122296850
ServiceNow:744000140819721,ServiceNow,Sr Enterprise Account Executive - HDFC,"Mumbai, Maharashtra, India",Sales,https://jobs.smartrecruiters.com/ServiceNow/744000140819721,2026-07-31T04:08:06.206Z,2026-07-31,2026-07-31T04:17:22+00:00,2026-07-30 21:17 Thu,,false,,,,false,smartrecruiters:ServiceNow:744000140819721
ServiceNow:744000138409299,ServiceNow,Sr Enterprise Account Executive - Healthcare,"Denver, Colorado , United States",Sales,https://jobs.smartrecruiters.com/ServiceNow/744000138409299,2026-07-17T20:51:23.242Z,2026-07-17,2026-07-17T20:59:09+00:00,2026-07-17 13:59 Fri,,false,,,,false,smartrecruiters:ServiceNow:744000138409299
ServiceNow:744000138410499,ServiceNow,Sr Enterprise Account Executive - Healthcare,"Denver, Colorado , United States",Sales,https://jobs.smartrecruiters.com/ServiceNow/744000138410499,2026-07-17T21:02:58.403Z,2026-07-17,2026-07-17T21:17:32+00:00,2026-07-17 14:17 Fri,,false,,,,false,smartrecruiters:ServiceNow:744000138410499
ServiceNow:744000140068949,ServiceNow,Sr Enterprise Account Executive - Healthcare,"Denver, Colorado , United States",Sales,https://jobs.smartrecruiters.com/ServiceNow/744000140068949,2026-07-27T18:18:31.246Z,2026-07-27,2026-07-27T18:41:48+00:00,2026-07-27 11:41 Mon,,false,,,,false,smartrecruiters:ServiceNow:744000140068949
ServiceNow:744000133987419,ServiceNow,Sr Enterprise Account Executive - Healthcare ,"Columbus, Ohio, United States",Sales,https://jobs.smartrecruiters.com/ServiceNow/744000133987419,2026-06-24T15:46:51.427Z,2026-06-24,2026-07-11T03:36:34+00:00,2026-07-10 20:36 Fri,,false,,,,false,smartrecruiters:ServiceNow:744000133987419
ServiceNow:744000138411159,ServiceNow,Sr Enterprise Account Executive - Healthcare ,"Santa Clara , California, United States",Sales,https://jobs.smartrecruiters.com/ServiceNow/744000138411159,2026-07-17T21:07:36.712Z,2026-07-17,2026-07-17T21:17:32+00:00,2026-07-17 14:17 Fri,,false,,,,false,smartrecruiters:ServiceNow:744000138411159
ServiceNow:744000140068659,ServiceNow,Sr Enterprise Account Executive - Healthcare ,"Santa Clara , California, United States",Sales,https://jobs.smartrecruiters.com/ServiceNow/744000140068659,2026-07-27T18:16:39.397Z,2026-07-27,2026-07-27T18:41:48+00:00,2026-07-27 11:41 Mon,,false,,,,false,smartrecruiters:ServiceNow:744000140068659
ServiceNow:744000140662859,ServiceNow,Sr Enterprise Account Executive - Insurance ,"New York City, New York, United States",Sales,https://jobs.smartrecruiters.com/ServiceNow/744000140662859,2026-07-30T11:23:26.276Z,2026-07-30,2026-07-30T11:41:51+00:00,2026-07-30 04:41 Thu,,false,,,,false,smartrecruiters:ServiceNow:744000140662859
ServiceNow:744000142871625,ServiceNow,Sr Enterprise Account Executive - Insurance ,"New York , New York, United States",Sales,https://jobs.smartrecruiters.com/ServiceNow/744000142871625,2026-08-11T13:08:00.734Z,2026-08-11,2026-08-11T13:18:00+00:00,2026-08-11 06:18 Tue,,false,,,,false,smartrecruiters:ServiceNow:744000142871625
ServiceNow:744000135103098,ServiceNow,Sr Enterprise Account Executive - Manufacturing ,"Milwaukee, Wisconsin, United States",Sales,https://jobs.smartrecruiters.com/ServiceNow/744000135103098,2026-06-30T20:16:34.566Z,2026-06-30,2026-07-11T03:36:34+00:00,2026-07-10 20:36 Fri,,false,,,,false,smartrecruiters:ServiceNow:744000135103098
ServiceNow:744000133465864,ServiceNow,Sr Enterprise Account Executive - Retail,"Toronto, Ontario, Canada",Sales,https://jobs.smartrecruiters.com/ServiceNow/744000133465864,2026-06-22T22:41:57.093Z,2026-06-22,2026-07-11T03:36:34+00:00,2026-07-10 20:36 Fri,,false,,,,false,smartrecruiters:ServiceNow:744000133465864
ServiceNow:744000137770069,ServiceNow,Sr Enterprise Account Executive - Retail,"Toronto, Ontario, Canada",Sales,https://jobs.smartrecruiters.com/ServiceNow/744000137770069,2026-07-15T00:47:35.999Z,2026-07-15,2026-07-15T00:59:12+00:00,2026-07-14 17:59 Tue,,false,,,,false,smartrecruiters:ServiceNow:744000137770069
ServiceNow:744000143401569,ServiceNow,Sr Enterprise Account Executive - SLED,"Raleigh, North Carolina, United States",Sales,https://jobs.smartrecruiters.com/ServiceNow/744000143401569,2026-08-13T22:30:34.446Z,2026-08-13,2026-08-13T22:41:58+00:00,2026-08-13 15:41 Thu,,false,,,,false,smartrecruiters:ServiceNow:744000143401569
ServiceNow:744000129268269,ServiceNow,Sr Enterprise Account Executive - State & Local Government,"New York, New York, United States",Sales,https://jobs.smartrecruiters.com/ServiceNow/744000129268269,2026-05-29T23:05:16.744Z,2026-05-29,2026-07-11T03:36:34+00:00,2026-07-10 20:36 Fri,,false,,,,false,smartrecruiters:ServiceNow:744000129268269
ServiceNow:744000134168788,ServiceNow,Sr Enterprise Account Executive - TMT,"Tokyo, , Japan",Sales,https://jobs.smartrecruiters.com/ServiceNow/744000134168788,2026-06-25T04:02:55.222Z,2026-06-25,2026-07-11T03:36:34+00:00,2026-07-10 20:36 Fri,,false,,,,false,smartrecruiters:ServiceNow:744000134168788
ServiceNow:744000141319224,ServiceNow,Sr Enterprise Account Executive - TMT - Bay Area,"Santa Clara, California, United States",Sales,https://jobs.smartrecruiters.com/ServiceNow/744000141319224,2026-08-03T17:45:21.634Z,2026-08-03,2026-08-03T17:59:47+00:00,2026-08-03 10:59 Mon,,false,,,,false,smartrecruiters:ServiceNow:744000141319224
ServiceNow:744000136766419,ServiceNow,"Sr Enterprise Account Executive, Public Sector","Riyadh, , Saudi Arabia",Sales,https://jobs.smartrecruiters.com/ServiceNow/744000136766419,2026-07-09T09:23:11.500Z,2026-07-09,2026-07-11T03:36:34+00:00,2026-07-10 20:36 Fri,,false,,,,false,smartrecruiters:ServiceNow:744000136766419
ServiceNow:744000136070074,ServiceNow,Sr Enterprise Sales Associate,"Vienna, Virginia, United States",Sales,https://jobs.smartrecruiters.com/ServiceNow/744000136070074,2026-07-06T17:41:12.836Z,2026-07-06,2026-07-11T03:36:34+00:00,2026-07-10 20:36 Fri,,false,,,,false,smartrecruiters:ServiceNow:744000136070074
ServiceNow:744000138419989,ServiceNow,Sr Enterprise Sales Associate,"Vienna, VIRGINIA, United States",Sales,https://jobs.smartrecruiters.com/ServiceNow/744000138419989,2026-07-17T23:04:54.123Z,2026-07-17,2026-07-17T23:17:19+00:00,2026-07-17 16:17 Fri,,false,,,,false,smartrecruiters:ServiceNow:744000138419989
ServiceNow:744000138929157,ServiceNow,Sr Enterprise Sales Associate,"Waltham, Massachusetts, United States",Sales,https://jobs.smartrecruiters.com/ServiceNow/744000138929157,2026-07-21T17:57:06.468Z,2026-07-21,2026-07-21T18:17:29+00:00,2026-07-21 11:17 Tue,,false,,,,false,smartrecruiters:ServiceNow:744000138929157
ServiceNow:744000138960269,ServiceNow,Sr Enterprise Sales Associate,"West Palm Beach, Florida, United States",Sales,https://jobs.smartrecruiters.com/ServiceNow/744000138960269,2026-07-21T21:20:32.263Z,2026-07-21,2026-07-21T21:27:02+00:00,2026-07-21 14:27 Tue,,false,,,,false,smartrecruiters:ServiceNow:744000138960269
ServiceNow:744000139122498,ServiceNow,Sr Enterprise Sales Associate,"West Palm Beach, Florida, United States",Sales,https://jobs.smartrecruiters.com/ServiceNow/744000139122498,2026-07-22T16:45:02.281Z,2026-07-22,2026-07-22T16:59:28+00:00,2026-07-22 09:59 Wed,,false,,,,false,smartrecruiters:ServiceNow:744000139122498
ServiceNow:744000139124099,ServiceNow,Sr Enterprise Sales Associate,"West Palm Beach, Florida, United States",Sales,https://jobs.smartrecruiters.com/ServiceNow/744000139124099,2026-07-22T16:54:29.483Z,2026-07-22,2026-07-22T17:18:00+00:00,2026-07-22 10:18 Wed,,false,,,,false,smartrecruiters:ServiceNow:744000139124099
ServiceNow:744000141806649,ServiceNow,Sr Enterprise Sales Associate,"West Palm Beach, Florida, United States",Sales,https://jobs.smartrecruiters.com/ServiceNow/744000141806649,2026-08-05T22:07:46.428Z,2026-08-05,2026-08-05T22:17:25+00:00,2026-08-05 15:17 Wed,,false,,,,false,smartrecruiters:ServiceNow:744000141806649
ServiceNow:744000130272559,ServiceNow,Sr Executive Assistant,"Santa Clara, CALIFORNIA, United States",Product,https://jobs.smartrecruiters.com/ServiceNow/744000130272559,2026-06-04T18:02:10.785Z,2026-06-04,2026-07-11T03:36:34+00:00,2026-07-10 20:36 Fri,,false,,,,false,smartrecruiters:ServiceNow:744000130272559
ServiceNow:744000133452779,ServiceNow,Sr Federal Enterprise Account Executive  - JSOC,"Charlotte, North Carolina, United States",Sales,https://jobs.smartrecruiters.com/ServiceNow/744000133452779,2026-06-22T20:50:41.092Z,2026-06-22,2026-07-11T03:36:34+00:00,2026-07-10 20:36 Fri,,false,,,,false,smartrecruiters:ServiceNow:744000133452779
ServiceNow:744000138671809,ServiceNow,Sr Federal Enterprise Account Executive - DAF,"Vienna, Virginia, United States",Sales,https://jobs.smartrecruiters.com/ServiceNow/744000138671809,2026-07-20T15:07:20.698Z,2026-07-20,2026-07-20T15:17:46+00:00,2026-07-20 08:17 Mon,,false,,,,false,smartrecruiters:ServiceNow:744000138671809
ServiceNow:744000138494569,ServiceNow,Sr Information Security Analyst,"Dublin, , Ireland",Information Technology,https://jobs.smartrecruiters.com/ServiceNow/744000138494569,2026-07-19T06:50:23.944Z,2026-07-19,2026-07-19T06:59:13+00:00,2026-07-18 23:59 Sat,,false,,,,false,smartrecruiters:ServiceNow:744000138494569
ServiceNow:744000143030249,ServiceNow,Sr Information Security Analyst,"Dublin, , Ireland",Information Technology,https://jobs.smartrecruiters.com/ServiceNow/744000143030249,2026-08-12T06:00:15.841Z,2026-08-12,2026-08-12T06:07:28+00:00,2026-08-11 23:07 Tue,,false,,,,false,smartrecruiters:ServiceNow:744000143030249
ServiceNow:744000143295469,ServiceNow,Sr Information Security Analyst,"Dublin, , Ireland",Information Technology,https://jobs.smartrecruiters.com/ServiceNow/744000143295469,2026-08-13T11:49:37.410Z,2026-08-13,2026-08-13T11:59:27+00:00,2026-08-13 04:59 Thu,,false,,,,false,smartrecruiters:ServiceNow:744000143295469
ServiceNow:744000137510539,ServiceNow,"Sr Manager, Reliability Engineering Management","Santa Clara, CALIFORNIA, United States","Engineering, Infrastructure and Operations",https://jobs.smartrecruiters.com/ServiceNow/744000137510539,2026-07-13T17:15:03.241Z,2026-07-13,2026-07-13T17:41:23+00:00,2026-07-13 10:41 Mon,,false,,,,false,smartrecruiters:ServiceNow:744000137510539
ServiceNow:744000140850839,ServiceNow,"Sr Manager, Solution Consulting, CRM","Singapore, , Singapore",Sales,https://jobs.smartrecruiters.com/ServiceNow/744000140850839,2026-07-31T08:26:25.105Z,2026-07-31,2026-07-31T08:41:21+00:00,2026-07-31 01:41 Fri,,false,,,,false,smartrecruiters:ServiceNow:744000140850839
ServiceNow:744000141239249,ServiceNow,"Sr Marketing Specialist, ABX","New York, NEW YORK, United States","Marketing, Communications, and Brand",https://jobs.smartrecruiters.com/ServiceNow/744000141239249,2026-08-03T11:29:36.976Z,2026-08-03,2026-08-03T11:41:46+00:00,2026-08-03 04:41 Mon,,false,,,,false,smartrecruiters:ServiceNow:744000141239249
ServiceNow:744000141286217,ServiceNow,"Sr Marketing Specialist, ABX (Armis)","New York, NEW YORK, United States","Marketing, Communications, and Brand",https://jobs.smartrecruiters.com/ServiceNow/744000141286217,2026-08-03T14:54:04.359Z,2026-08-03,2026-08-03T14:59:45+00:00,2026-08-03 07:59 Mon,,false,,,,false,smartrecruiters:ServiceNow:744000141286217
ServiceNow:744000141288934,ServiceNow,"Sr Marketing Specialist, ABX (Armis)","New York, NEW YORK, United States","Marketing, Communications, and Brand",https://jobs.smartrecruiters.com/ServiceNow/744000141288934,2026-08-03T15:16:58.695Z,2026-08-03,2026-08-03T15:34:11+00:00,2026-08-03 08:34 Mon,,false,,,,false,smartrecruiters:ServiceNow:744000141288934
ServiceNow:744000143466029,ServiceNow,"Sr Marketing Specialist, ABX (Armis)","New York, NEW YORK, United States","Marketing, Communications, and Brand",https://jobs.smartrecruiters.com/ServiceNow/744000143466029,2026-08-14T08:36:45.501Z,2026-08-14,2026-08-14T08:59:13+00:00,2026-08-14 01:59 Fri,,false,,,,false,smartrecruiters:ServiceNow:744000143466029
ServiceNow:744000144645562,ServiceNow,"Sr Mgr, Database Engrg Mgmt","Dublin, , Ireland","Engineering, Infrastructure and Operations",https://jobs.smartrecruiters.com/ServiceNow/744000144645562,2026-08-20T21:47:59.312Z,2026-08-20,2026-08-20T21:59:28+00:00,2026-08-20 14:59 Thu,,false,,,,false,smartrecruiters:ServiceNow:744000144645562
ServiceNow:744000142367409,ServiceNow,"Sr Mgr, Partner Solution Consulting","Singapore, , Singapore",Sales,https://jobs.smartrecruiters.com/ServiceNow/744000142367409,2026-08-08T08:22:45.481Z,2026-08-08,2026-08-08T08:41:20+00:00,2026-08-08 01:41 Sat,,false,,,,false,smartrecruiters:ServiceNow:744000142367409
ServiceNow:744000141314199,ServiceNow,"Sr Mgr, Partner Solution Consulting (Armis)","New York, NEW YORK, United States",Sales,https://jobs.smartrecruiters.com/ServiceNow/744000141314199,2026-08-03T17:02:39.437Z,2026-08-03,2026-08-03T17:17:50+00:00,2026-08-03 10:17 Mon,,false,,,,false,smartrecruiters:ServiceNow:744000141314199
ServiceNow:744000139110449,ServiceNow,"Sr Mgr, Partner Solution Consulting (Cybersecurity)","New York, NEW YORK, United States",Sales,https://jobs.smartrecruiters.com/ServiceNow/744000139110449,2026-07-22T15:36:28.437Z,2026-07-22,2026-07-22T15:41:51+00:00,2026-07-22 08:41 Wed,,false,,,,false,smartrecruiters:ServiceNow:744000139110449
ServiceNow:744000140756320,ServiceNow,"Sr Mgr, Sales","Chicago, ILLINOIS, United States",Sales,https://jobs.smartrecruiters.com/ServiceNow/744000140756320,2026-07-30T18:51:23.131Z,2026-07-30,2026-07-30T18:59:37+00:00,2026-07-30 11:59 Thu,,false,,,,false,smartrecruiters:ServiceNow:744000140756320
ServiceNow:744000136293734,ServiceNow,"Sr Mgr, Sales (Energy/Transportation) ","Austin, TEXAS, United States",Sales,https://jobs.smartrecruiters.com/ServiceNow/744000136293734,2026-07-07T17:21:07.444Z,2026-07-07,2026-07-11T03:36:34+00:00,2026-07-10 20:36 Fri,,false,,,,false,smartrecruiters:ServiceNow:744000136293734
ServiceNow:744000137149529,ServiceNow,"Sr Mgr, Sales, Cybersecurity (Insurance)","Chicago, ILLINOIS, United States",Sales,https://jobs.smartrecruiters.com/ServiceNow/744000137149529,2026-07-10T14:16:34.920Z,2026-07-10,2026-07-11T03:36:34+00:00,2026-07-10 20:36 Fri,,false,,,,false,smartrecruiters:ServiceNow:744000137149529
ServiceNow:744000137154755,ServiceNow,"Sr Mgr, Sales, Cybersecurity (Insurance)","Boston, MA, United States",Sales,https://jobs.smartrecruiters.com/ServiceNow/744000137154755,2026-07-10T14:45:48.858Z,2026-07-10,2026-07-11T03:36:34+00:00,2026-07-10 20:36 Fri,,false,,,,false,smartrecruiters:ServiceNow:744000137154755
ServiceNow:744000143029419,ServiceNow,"Sr Mgr, Software Engrg Mgmt - Moveworks","Bangalore, , India","Engineering, Infrastructure and Operations",https://jobs.smartrecruiters.com/ServiceNow/744000143029419,2026-08-12T05:52:52.147Z,2026-08-12,2026-08-12T05:59:25+00:00,2026-08-11 22:59 Tue,,false,,,,false,smartrecruiters:ServiceNow:744000143029419
ServiceNow:744000141429924,ServiceNow,"Sr Mgr, Systems Engrg Mgmt","Tel Aviv, , Israel","Engineering, Infrastructure and Operations",https://jobs.smartrecruiters.com/ServiceNow/744000141429924,2026-08-04T07:57:05.216Z,2026-08-04,2026-08-04T08:17:21+00:00,2026-08-04 01:17 Tue,,false,,,,false,smartrecruiters:ServiceNow:744000141429924
ServiceNow:744000133911674,ServiceNow,"Sr Mgr, Applications Dev Engrg Management","Hyderabad, , India","Engineering, Infrastructure and Operations",https://jobs.smartrecruiters.com/ServiceNow/744000133911674,2026-06-24T10:25:54.331Z,2026-06-24,2026-07-11T03:36:34+00:00,2026-07-10 20:36 Fri,,false,,,,false,smartrecruiters:ServiceNow:744000133911674
ServiceNow:744000135910020,ServiceNow,Sr Partner Sales Manager India,"Bangalore, Karnataka, India",Sales,https://jobs.smartrecruiters.com/ServiceNow/744000135910020,2026-07-06T04:52:46.193Z,2026-07-06,2026-07-11T03:36:34+00:00,2026-07-10 20:36 Fri,,false,,,,false,smartrecruiters:ServiceNow:744000135910020
ServiceNow:744000140152469,ServiceNow,Sr Partner Sales Manager India,"Bangalore, Karnataka, India",Sales,https://jobs.smartrecruiters.com/ServiceNow/744000140152469,2026-07-28T05:59:59.809Z,2026-07-28,2026-07-28T06:17:23+00:00,2026-07-27 23:17 Mon,,false,,,,false,smartrecruiters:ServiceNow:744000140152469
ServiceNow:744000130553165,ServiceNow,Sr Platform Architect,"Munich, , Germany",Customer Outcomes,https://jobs.smartrecruiters.com/ServiceNow/744000130553165,2026-06-05T16:05:54.892Z,2026-06-05,2026-07-11T03:36:34+00:00,2026-07-10 20:36 Fri,,false,,,,false,smartrecruiters:ServiceNow:744000130553165
ServiceNow:744000132175899,ServiceNow,Sr Platform Architect,"Zurich, , Switzerland",Customer Outcomes,https://jobs.smartrecruiters.com/ServiceNow/744000132175899,2026-06-15T11:23:33.023Z,2026-06-15,2026-07-11T03:36:34+00:00,2026-07-10 20:36 Fri,,false,,,,false,smartrecruiters:ServiceNow:744000132175899
ServiceNow:744000134500302,ServiceNow,Sr Platform Architect,"Wien, , Austria",Customer Outcomes,https://jobs.smartrecruiters.com/ServiceNow/744000134500302,2026-06-26T15:18:32.659Z,2026-06-26,2026-07-11T03:36:34+00:00,2026-07-10 20:36 Fri,,false,,,,false,smartrecruiters:ServiceNow:744000134500302
ServiceNow:744000141882770,ServiceNow,Sr Platform Architect,"Munich, , Germany",Customer Outcomes,https://jobs.smartrecruiters.com/ServiceNow/744000141882770,2026-08-06T09:53:04.827Z,2026-08-06,2026-08-06T09:59:12+00:00,2026-08-06 02:59 Thu,,false,,,,false,smartrecruiters:ServiceNow:744000141882770
ServiceNow:744000143193099,ServiceNow,Sr Pricing Manager,"Santa Clara, CALIFORNIA, United States",Marketing,https://jobs.smartrecruiters.com/ServiceNow/744000143193099,2026-08-12T23:11:02.202Z,2026-08-12,2026-08-12T23:17:35+00:00,2026-08-12 16:17 Wed,,false,,,,false,smartrecruiters:ServiceNow:744000143193099
ServiceNow:744000144615949,ServiceNow,Sr Pricing Manager - AI Security,"Santa Clara, CALIFORNIA, United States",Marketing,https://jobs.smartrecruiters.com/ServiceNow/744000144615949,2026-08-20T18:33:26.690Z,2026-08-20,2026-08-20T18:41:58+00:00,2026-08-20 11:41 Thu,,false,,,,false,smartrecruiters:ServiceNow:744000144615949
ServiceNow:744000144619200,ServiceNow,Sr Pricing Manager - AI Security,"Santa Clara, CALIFORNIA, United States",Marketing,https://jobs.smartrecruiters.com/ServiceNow/744000144619200,2026-08-20T18:58:47.314Z,2026-08-20,2026-08-20T19:09:12+00:00,2026-08-20 12:09 Thu,,false,,,,false,smartrecruiters:ServiceNow:744000144619200
ServiceNow:744000127485110,ServiceNow,Sr Principal Platform Architect,"Toronto, Ontario, Canada",Customer Outcomes,https://jobs.smartrecruiters.com/ServiceNow/744000127485110,2026-05-20T16:50:05.978Z,2026-05-20,2026-07-11T03:36:34+00:00,2026-07-10 20:36 Fri,,false,,,,false,smartrecruiters:ServiceNow:744000127485110
ServiceNow:744000136252909,ServiceNow,Sr Product Security Engineer,"Petah Tikva, , Israel",Engineering,https://jobs.smartrecruiters.com/ServiceNow/744000136252909,2026-07-07T14:26:10.428Z,2026-07-07,2026-07-11T03:36:34+00:00,2026-07-10 20:36 Fri,,false,,,,false,smartrecruiters:ServiceNow:744000136252909
ServiceNow:744000138497339,ServiceNow,Sr Product Security Engineer,"Petah Tikva, , Israel",Engineering,https://jobs.smartrecruiters.com/ServiceNow/744000138497339,2026-07-19T10:16:34.476Z,2026-07-19,2026-07-19T10:41:10+00:00,2026-07-19 03:41 Sun,,false,,,,false,smartrecruiters:ServiceNow:744000138497339
ServiceNow:744000131902956,ServiceNow,Sr Renewal Account Manager,"Stockholm, , Sweden",Sales,https://jobs.smartrecruiters.com/ServiceNow/744000131902956,2026-06-12T13:22:53.545Z,2026-06-12,2026-07-11T03:36:34+00:00,2026-07-10 20:36 Fri,,false,,,,false,smartrecruiters:ServiceNow:744000131902956
ServiceNow:744000141433409,ServiceNow,Sr Sales Enablement Manager,"London, , United Kingdom",Sales,https://jobs.smartrecruiters.com/ServiceNow/744000141433409,2026-08-04T08:08:45.006Z,2026-08-04,2026-08-04T08:17:21+00:00,2026-08-04 01:17 Tue,,false,,,,false,smartrecruiters:ServiceNow:744000141433409
ServiceNow:744000143888359,ServiceNow,Sr Services Sales Executive,"San Diego, CALIFORNIA, United States",Consulting,https://jobs.smartrecruiters.com/ServiceNow/744000143888359,2026-08-17T16:59:17.450Z,2026-08-17,2026-08-17T17:17:44+00:00,2026-08-17 10:17 Mon,,false,,,,false,smartrecruiters:ServiceNow:744000143888359
ServiceNow:744000144237667,ServiceNow,Sr Software Engineer,"Hyderabad, , India","Engineering, Infrastructure and Operations",https://jobs.smartrecruiters.com/ServiceNow/744000144237667,2026-08-19T06:50:04.859Z,2026-08-19,2026-08-19T07:11:06+00:00,2026-08-19 00:11 Wed,,false,,,,false,smartrecruiters:ServiceNow:744000144237667
ServiceNow:744000144238749,ServiceNow,Sr Software Engineer,"Hyderabad, , India","Engineering, Infrastructure and Operations",https://jobs.smartrecruiters.com/ServiceNow/744000144238749,2026-08-19T06:51:39.836Z,2026-08-19,2026-08-19T07:11:06+00:00,2026-08-19 00:11 Wed,,false,,,,false,smartrecruiters:ServiceNow:744000144238749
ServiceNow:744000137550979,ServiceNow,Sr Software Engineer - Access Review- Veza,"Kirkland, Washington, United States","Engineering, Infrastructure and Operations",https://jobs.smartrecruiters.com/ServiceNow/744000137550979,2026-07-13T22:48:52.043Z,2026-07-13,2026-07-13T22:59:02+00:00,2026-07-13 15:59 Mon,Software Engineering,true,Keyword,40,keyword-only heuristic,false,smartrecruiters:ServiceNow:744000137550979
ServiceNow:744000140342215,ServiceNow,Sr Software Engineer - Access Review- Veza,"Kirkland, Washington, United States","Engineering, Infrastructure and Operations",https://jobs.smartrecruiters.com/ServiceNow/744000140342215,2026-07-28T21:50:39.305Z,2026-07-28,2026-07-28T23:50:04+00:00,2026-07-28 16:50 Tue,,false,,,,false,smartrecruiters:ServiceNow:744000140342215
ServiceNow:744000142919585,ServiceNow,Sr Software Engineer - Access Review- Veza,"Kirkland, Washington, United States","Engineering, Infrastructure and Operations",https://jobs.smartrecruiters.com/ServiceNow/744000142919585,2026-08-11T15:59:15.805Z,2026-08-11,2026-08-11T16:17:41+00:00,2026-08-11 09:17 Tue,,false,,,,false,smartrecruiters:ServiceNow:744000142919585
ServiceNow:744000142055094,ServiceNow,"Sr Software Engineer - Cloud Platform—Kubernetes, Hyperscalers & Distributed Systems","Hyderabad, , India","Engineering, Infrastructure and Operations",https://jobs.smartrecruiters.com/ServiceNow/744000142055094,2026-08-07T06:41:17.612Z,2026-08-07,2026-08-07T06:56:51+00:00,2026-08-06 23:56 Thu,,false,,,,false,smartrecruiters:ServiceNow:744000142055094
ServiceNow:744000142603654,ServiceNow,"Sr Software Engineer - Cloud Platform—Kubernetes, Hyperscalers & Distributed Systems","Hyderabad, , India","Engineering, Infrastructure and Operations",https://jobs.smartrecruiters.com/ServiceNow/744000142603654,2026-08-10T10:16:38.222Z,2026-08-10,2026-08-10T10:41:40+00:00,2026-08-10 03:41 Mon,,false,,,,false,smartrecruiters:ServiceNow:744000142603654
ServiceNow:744000140389389,ServiceNow,Sr Software Engineer - Product Security,"Petah Tikva, , Israel",Engineering,https://jobs.smartrecruiters.com/ServiceNow/744000140389389,2026-07-29T06:32:40.813Z,2026-07-29,2026-07-29T06:41:22+00:00,2026-07-28 23:41 Tue,,false,,,,false,smartrecruiters:ServiceNow:744000140389389
ServiceNow:744000133390050,ServiceNow,Sr Software Engineer - Product Security ,"Petah Tikva, , Israel",Engineering,https://jobs.smartrecruiters.com/ServiceNow/744000133390050,2026-06-22T14:56:39.538Z,2026-06-22,2026-07-11T03:36:34+00:00,2026-07-10 20:36 Fri,,false,,,,false,smartrecruiters:ServiceNow:744000133390050
ServiceNow:744000138169209,ServiceNow,Sr Staff Inbound Product Manager — Supply Chain Operations,"San Diego, California , United States",Product,https://jobs.smartrecruiters.com/ServiceNow/744000138169209,2026-07-16T17:22:43.626Z,2026-07-16,2026-07-16T17:42:03+00:00,2026-07-16 10:42 Thu,,false,,,,false,smartrecruiters:ServiceNow:744000138169209
ServiceNow:744000138689974,ServiceNow,Sr Staff Inbound Product Manager — Supply Chain Operations,"Addison, Texas, United States",Product,https://jobs.smartrecruiters.com/ServiceNow/744000138689974,2026-07-20T16:48:40.106Z,2026-07-20,2026-07-20T16:59:39+00:00,2026-07-20 09:59 Mon,,false,,,,false,smartrecruiters:ServiceNow:744000138689974
ServiceNow:744000138691710,ServiceNow,Sr Staff Inbound Product Manager — Supply Chain Operations,"Atlanta, Georgia, United States",Product,https://jobs.smartrecruiters.com/ServiceNow/744000138691710,2026-07-20T16:48:01.716Z,2026-07-20,2026-07-20T16:59:39+00:00,2026-07-20 09:59 Mon,,false,,,,false,smartrecruiters:ServiceNow:744000138691710
ServiceNow:744000138693434,ServiceNow,Sr Staff Inbound Product Manager — Supply Chain Operations,"West Palm Beach, Florida, United States",Product,https://jobs.smartrecruiters.com/ServiceNow/744000138693434,2026-07-20T16:46:56.717Z,2026-07-20,2026-07-20T16:59:39+00:00,2026-07-20 09:59 Mon,,false,,,,false,smartrecruiters:ServiceNow:744000138693434
ServiceNow:744000138058820,ServiceNow,Sr Staff Outbound Product Manager,"London, , United Kingdom","Engineering, Infrastructure and Operations",https://jobs.smartrecruiters.com/ServiceNow/744000138058820,2026-07-16T08:44:04.666Z,2026-07-16,2026-07-16T08:59:22+00:00,2026-07-16 01:59 Thu,,false,,,,false,smartrecruiters:ServiceNow:744000138058820
ServiceNow:744000144823729,ServiceNow,Sr Staff Outbound Product Manager,"San Diego, California, United States",Product,https://jobs.smartrecruiters.com/ServiceNow/744000144823729,2026-08-21T18:45:00.129Z,2026-08-21,2026-08-21T18:56:37+00:00,2026-08-21 11:56 Fri,,false,,,,false,smartrecruiters:ServiceNow:744000144823729
ServiceNow:744000139156324,ServiceNow,Sr Staff Outbound Product Manager — AI & PLG ,"Santa Clara, California, United States",Product,https://jobs.smartrecruiters.com/ServiceNow/744000139156324,2026-07-22T21:08:46.496Z,2026-07-22,2026-07-22T21:22:34+00:00,2026-07-22 14:22 Wed,,false,,,,false,smartrecruiters:ServiceNow:744000139156324
ServiceNow:744000138202379,ServiceNow,Sr Staff Product Manager - Cross-APEX Licensing and Entitlement,"Santa Clara, California, United States",Product,https://jobs.smartrecruiters.com/ServiceNow/744000138202379,2026-07-16T22:05:34.936Z,2026-07-16,2026-07-16T22:17:18+00:00,2026-07-16 15:17 Thu,,false,,,,false,smartrecruiters:ServiceNow:744000138202379
ServiceNow:744000138202669,ServiceNow,Sr Staff Product Manager - Cross-APEX Licensing and Entitlement,"Kirkland, Washington, United States",Product,https://jobs.smartrecruiters.com/ServiceNow/744000138202669,2026-07-16T22:09:18.517Z,2026-07-16,2026-07-16T22:17:18+00:00,2026-07-16 15:17 Thu,,false,,,,false,smartrecruiters:ServiceNow:744000138202669
ServiceNow:744000140532424,ServiceNow,Sr Staff Product Manager - Cross-APEX Licensing and Entitlement,"Santa Clara, California, United States",Product,https://jobs.smartrecruiters.com/ServiceNow/744000140532424,2026-07-29T18:42:58.708Z,2026-07-29,2026-07-29T18:59:43+00:00,2026-07-29 11:59 Wed,,false,,,,false,smartrecruiters:ServiceNow:744000140532424
ServiceNow:744000140534515,ServiceNow,Sr Staff Product Manager - Cross-APEX Licensing and Entitlement,"Kirkland, Washington, United States",Product,https://jobs.smartrecruiters.com/ServiceNow/744000140534515,2026-07-29T19:09:36.187Z,2026-07-29,2026-07-29T19:17:34+00:00,2026-07-29 12:17 Wed,,false,,,,false,smartrecruiters:ServiceNow:744000140534515
ServiceNow:744000140573260,ServiceNow,Sr Staff Product Manager - Cross-APEX Licensing and Entitlement,"Kirkland, Washington, United States",Product,https://jobs.smartrecruiters.com/ServiceNow/744000140573260,2026-07-30T01:05:51.050Z,2026-07-30,2026-07-30T01:17:30+00:00,2026-07-29 18:17 Wed,,false,,,,false,smartrecruiters:ServiceNow:744000140573260
ServiceNow:744000144604069,ServiceNow,Sr Staff Product Manager – AI Monetization (Pricing & Packaging) ,"Santa Clara, California, United States",Product,https://jobs.smartrecruiters.com/ServiceNow/744000144604069,2026-08-20T17:05:26.082Z,2026-08-20,2026-08-20T17:17:55+00:00,2026-08-20 10:17 Thu,,false,,,,false,smartrecruiters:ServiceNow:744000144604069
ServiceNow:744000144607219,ServiceNow,Sr Staff Product Manager – AI Monetization (Pricing & Packaging) ,"Kirkland, Washington, United States",Product,https://jobs.smartrecruiters.com/ServiceNow/744000144607219,2026-08-20T17:30:58.247Z,2026-08-20,2026-08-20T17:41:55+00:00,2026-08-20 10:41 Thu,,false,,,,false,smartrecruiters:ServiceNow:744000144607219
ServiceNow:744000139311970,ServiceNow,Sr Staff Product Manager — AI & PLG ,"Santa Clara, California, United States",Product,https://jobs.smartrecruiters.com/ServiceNow/744000139311970,2026-07-23T15:00:44.953Z,2026-07-23,2026-07-23T15:18:24+00:00,2026-07-23 08:18 Thu,,false,,,,false,smartrecruiters:ServiceNow:744000139311970
ServiceNow:744000140274819,ServiceNow,Sr Staff Product Manager — AI & Product Led Motion,"Santa Clara, California, United States",Product,https://jobs.smartrecruiters.com/ServiceNow/744000140274819,2026-07-28T15:27:51.791Z,2026-07-28,2026-07-28T15:42:00+00:00,2026-07-28 08:42 Tue,,false,,,,false,smartrecruiters:ServiceNow:744000140274819
ServiceNow:744000141811659,ServiceNow,Sr Staff Product Manager — AI & Product Led Motion,"Kirkland, Washington, United States",Product,https://jobs.smartrecruiters.com/ServiceNow/744000141811659,2026-08-05T23:14:14.920Z,2026-08-05,2026-08-05T23:23:25+00:00,2026-08-05 16:23 Wed,,false,,,,false,smartrecruiters:ServiceNow:744000141811659
ServiceNow:744000128852989,ServiceNow,Sr Staff Site Reliability Engineer - Veza ,"Santa Clara, California, United States","Engineering, Infrastructure and Operations",https://jobs.smartrecruiters.com/ServiceNow/744000128852989,2026-05-28T03:29:46.133Z,2026-05-28,2026-07-11T03:36:34+00:00,2026-07-10 20:36 Fri,,false,,,,false,smartrecruiters:ServiceNow:744000128852989
ServiceNow:744000137835349,ServiceNow,Sr Staff Software Engineer,"Petah Tikva, , Israel","Engineering, Infrastructure and Operations",https://jobs.smartrecruiters.com/ServiceNow/744000137835349,2026-07-15T08:47:53.799Z,2026-07-15,2026-07-15T08:59:02+00:00,2026-07-15 01:59 Wed,,false,,,,false,smartrecruiters:ServiceNow:744000137835349
ServiceNow:744000140737697,ServiceNow,Sr Staff Software Engineer,"Mountain View, CALIFORNIA, United States",Engineering,https://jobs.smartrecruiters.com/ServiceNow/744000140737697,2026-07-30T16:50:10.639Z,2026-07-30,2026-07-30T16:59:45+00:00,2026-07-30 09:59 Thu,,false,,,,false,smartrecruiters:ServiceNow:744000140737697
ServiceNow:744000144064119,ServiceNow,Sr Staff Software Engineer,"Hyderabad, , India","Engineering, Infrastructure and Operations",https://jobs.smartrecruiters.com/ServiceNow/744000144064119,2026-08-18T12:55:27.029Z,2026-08-18,2026-08-18T13:11:57+00:00,2026-08-18 06:11 Tue,,false,,,,false,smartrecruiters:ServiceNow:744000144064119
ServiceNow:744000139926479,ServiceNow,Sr Staff Software Engineer - AI Product Security ,"Petah Tikva, , Israel",Engineering,https://jobs.smartrecruiters.com/ServiceNow/744000139926479,2026-07-27T07:07:15.521Z,2026-07-27,2026-07-27T07:19:04+00:00,2026-07-27 00:19 Mon,,false,,,,false,smartrecruiters:ServiceNow:744000139926479
ServiceNow:744000135637969,ServiceNow,Sr Staff Software Engineer - Moveworks,"Bangalore, Karnataka, India","Engineering, Infrastructure and Operations",https://jobs.smartrecruiters.com/ServiceNow/744000135637969,2026-07-03T03:45:22.577Z,2026-07-03,2026-07-11T03:36:34+00:00,2026-07-10 20:36 Fri,,false,,,,false,smartrecruiters:ServiceNow:744000135637969
ServiceNow:744000137360949,ServiceNow,Sr Staff Software Engineer - Moveworks,"Bangalore, Karnataka, India","Engineering, Infrastructure and Operations",https://jobs.smartrecruiters.com/ServiceNow/744000137360949,2026-07-13T03:35:17.142Z,2026-07-13,2026-07-13T03:40:50+00:00,2026-07-12 20:40 Sun,,false,,,,false,smartrecruiters:ServiceNow:744000137360949
ServiceNow:744000133395110,ServiceNow,Sr Staff Software Engineer - Product Security ,"Petah Tikva, , Israel",Engineering,https://jobs.smartrecruiters.com/ServiceNow/744000133395110,2026-06-22T14:58:06.026Z,2026-06-22,2026-07-11T03:36:34+00:00,2026-07-10 20:36 Fri,,false,,,,false,smartrecruiters:ServiceNow:744000133395110
ServiceNow:744000138558219,ServiceNow,Sr Staff Software Engineer - Product Security ,"Petah Tikva, , Israel",Engineering,https://jobs.smartrecruiters.com/ServiceNow/744000138558219,2026-07-20T05:36:27.441Z,2026-07-20,2026-07-20T05:41:28+00:00,2026-07-19 22:41 Sun,,false,,,,false,smartrecruiters:ServiceNow:744000138558219
ServiceNow:744000138558309,ServiceNow,Sr Staff Software Engineer - Product Security ,"Petah Tikva, , Israel",Engineering,https://jobs.smartrecruiters.com/ServiceNow/744000138558309,2026-07-20T05:37:00.950Z,2026-07-20,2026-07-20T05:59:01+00:00,2026-07-19 22:59 Sun,,false,,,,false,smartrecruiters:ServiceNow:744000138558309
ServiceNow:744000136336549,ServiceNow,Sr Strategic Sourcing Manager,"San Diego, CALIFORNIA, United States",General Business,https://jobs.smartrecruiters.com/ServiceNow/744000136336549,2026-07-07T21:56:23.061Z,2026-07-07,2026-07-11T03:36:34+00:00,2026-07-10 20:36 Fri,,false,,,,false,smartrecruiters:ServiceNow:744000136336549
ServiceNow:744000137725019,ServiceNow,Sr Strategic Sourcing Manager,"San Diego, California, United States",General Business,https://jobs.smartrecruiters.com/ServiceNow/744000137725019,2026-07-14T18:09:34.249Z,2026-07-14,2026-07-14T18:17:38+00:00,2026-07-14 11:17 Tue,,false,,,,false,smartrecruiters:ServiceNow:744000137725019
ServiceNow:744000142704179,ServiceNow,Sr Strategic Sourcing Manager,"San Diego, California, United States",General Business,https://jobs.smartrecruiters.com/ServiceNow/744000142704179,2026-08-10T17:34:42.314Z,2026-08-10,2026-08-10T17:43:26+00:00,2026-08-10 10:43 Mon,,false,,,,false,smartrecruiters:ServiceNow:744000142704179
ServiceNow:744000142704689,ServiceNow,Sr Strategic Sourcing Manager,"West Palm Beach, Florida, United States",General Business,https://jobs.smartrecruiters.com/ServiceNow/744000142704689,2026-08-10T17:37:53.388Z,2026-08-10,2026-08-10T17:59:46+00:00,2026-08-10 10:59 Mon,,false,,,,false,smartrecruiters:ServiceNow:744000142704689
ServiceNow:744000137189553,ServiceNow,Sr. CRM Account Executive,"New York, New York, United States",Sales,https://jobs.smartrecruiters.com/ServiceNow/744000137189553,2026-07-10T17:39:58.110Z,2026-07-10,2026-07-11T03:36:34+00:00,2026-07-10 20:36 Fri,,false,,,,false,smartrecruiters:ServiceNow:744000137189553
ServiceNow:744000138933169,ServiceNow,Sr. CRM Account Executive,"Addison, Texas, United States",Sales,https://jobs.smartrecruiters.com/ServiceNow/744000138933169,2026-07-21T18:09:11.305Z,2026-07-21,2026-07-21T18:17:29+00:00,2026-07-21 11:17 Tue,,false,,,,false,smartrecruiters:ServiceNow:744000138933169
ServiceNow:744000133468529,ServiceNow,Sr. CRM Account Executive (Financial Services),"New York, New York, United States",Sales,https://jobs.smartrecruiters.com/ServiceNow/744000133468529,2026-06-22T23:04:26.596Z,2026-06-22,2026-07-11T03:36:34+00:00,2026-07-10 20:36 Fri,,false,,,,false,smartrecruiters:ServiceNow:744000133468529
ServiceNow:744000118484487,ServiceNow,Sr. CRM Account Executive - Manufacturing,"Chicago, Illinois, United States",Sales,https://jobs.smartrecruiters.com/ServiceNow/744000118484487,2026-04-02T19:04:32.979Z,2026-04-02,2026-07-11T03:36:34+00:00,2026-07-10 20:36 Fri,,false,,,,false,smartrecruiters:ServiceNow:744000118484487
ServiceNow:744000130843369,ServiceNow,Sr. CRM Account Executive - Manufacturing,"Chicago, Illinois, United States",Sales,https://jobs.smartrecruiters.com/ServiceNow/744000130843369,2026-06-08T15:58:07.534Z,2026-06-08,2026-07-11T03:36:34+00:00,2026-07-10 20:36 Fri,,false,,,,false,smartrecruiters:ServiceNow:744000130843369
ServiceNow:744000138651346,ServiceNow,Sr. CRM Account Executive - Manufacturing,"Chicago, Illinois, United States",Sales,https://jobs.smartrecruiters.com/ServiceNow/744000138651346,2026-07-20T13:56:51.402Z,2026-07-20,2026-07-20T14:17:53+00:00,2026-07-20 07:17 Mon,,false,,,,false,smartrecruiters:ServiceNow:744000138651346
ServiceNow:744000142001879,ServiceNow,Sr. CRM Account Executive - Manufacturing,"Chicago, Illinois, United States",Sales,https://jobs.smartrecruiters.com/ServiceNow/744000142001879,2026-08-06T20:45:12.778Z,2026-08-06,2026-08-06T20:59:30+00:00,2026-08-06 13:59 Thu,,false,,,,false,smartrecruiters:ServiceNow:744000142001879
ServiceNow:744000140074619,ServiceNow,Sr. CRM Account Executive - Strategic Tech,"San Diego, California, United States",Sales,https://jobs.smartrecruiters.com/ServiceNow/744000140074619,2026-07-27T19:00:13.034Z,2026-07-27,2026-07-27T19:08:39+00:00,2026-07-27 12:08 Mon,,false,,,,false,smartrecruiters:ServiceNow:744000140074619
ServiceNow:744000142923140,ServiceNow,"Sr. Dir., AI Engineering ","Santa Clara, CALIFORNIA, United States",Digital Technology,https://jobs.smartrecruiters.com/ServiceNow/744000142923140,2026-08-11T16:07:31.014Z,2026-08-11,2026-08-11T16:17:41+00:00,2026-08-11 09:17 Tue,,false,,,,false,smartrecruiters:ServiceNow:744000142923140
ServiceNow:744000144581511,ServiceNow,"Sr. Dir., Architecture and Technology","Santa Clara, CALIFORNIA, United States",Digital Technology,https://jobs.smartrecruiters.com/ServiceNow/744000144581511,2026-08-20T15:18:17.167Z,2026-08-20,2026-08-20T15:41:51+00:00,2026-08-20 08:41 Thu,,false,,,,false,smartrecruiters:ServiceNow:744000144581511
ServiceNow:744000144789694,ServiceNow,"Sr. Dir., Portfolio Management (Connected Customer Experience/PMO)","Santa Clara, CALIFORNIA, United States",Digital Technology,https://jobs.smartrecruiters.com/ServiceNow/744000144789694,2026-08-21T15:14:05.317Z,2026-08-21,2026-08-21T15:42:03+00:00,2026-08-21 08:42 Fri,,false,,,,false,smartrecruiters:ServiceNow:744000144789694
ServiceNow:744000128598249,ServiceNow,Sr. Director Executive Communications ,"Santa Clara, CALIFORNIA, United States",Marketing,https://jobs.smartrecruiters.com/ServiceNow/744000128598249,2026-05-26T22:46:51.619Z,2026-05-26,2026-07-11T03:36:34+00:00,2026-07-10 20:36 Fri,,false,,,,false,smartrecruiters:ServiceNow:744000128598249
ServiceNow:744000125923397,ServiceNow,"Sr. Director, Healthcare Provider Industry GTM Lead","Santa Clara, California, United States",Sales,https://jobs.smartrecruiters.com/ServiceNow/744000125923397,2026-05-11T19:21:23.426Z,2026-05-11,2026-07-11T03:36:34+00:00,2026-07-10 20:36 Fri,,false,,,,false,smartrecruiters:ServiceNow:744000125923397
ServiceNow:744000143393426,ServiceNow,"Sr. Director, UX Research - AI","Santa Clara, CALIFORNIA, United States",User Experience Design,https://jobs.smartrecruiters.com/ServiceNow/744000143393426,2026-08-13T21:00:33.457Z,2026-08-13,2026-08-13T21:06:57+00:00,2026-08-13 14:06 Thu,,false,,,,false,smartrecruiters:ServiceNow:744000143393426
ServiceNow:744000143393175,ServiceNow,"Sr. Director, UX Research - AI","Santa Clara, CALIFORNIA, United States",User Experience Design,https://jobs.smartrecruiters.com/ServiceNow/744000143393175,2026-08-13T21:03:29.171Z,2026-08-13,2026-08-13T21:17:33+00:00,2026-08-13 14:17 Thu,,false,,,,false,smartrecruiters:ServiceNow:744000143393175
ServiceNow:744000143594587,ServiceNow,Sr. Executive Assistant,"Santa Clara, CALIFORNIA, United States","Marketing, Communications, and Brand",https://jobs.smartrecruiters.com/ServiceNow/744000143594587,2026-08-14T19:31:46.926Z,2026-08-14,2026-08-14T19:42:07+00:00,2026-08-14 12:42 Fri,,false,,,,false,smartrecruiters:ServiceNow:744000143594587
ServiceNow:744000144165679,ServiceNow,Sr. Executive Assistant,"Santa Clara, CALIFORNIA, United States","Marketing, Communications, and Brand",https://jobs.smartrecruiters.com/ServiceNow/744000144165679,2026-08-18T20:48:57.876Z,2026-08-18,2026-08-18T21:10:47+00:00,2026-08-18 14:10 Tue,,false,,,,false,smartrecruiters:ServiceNow:744000144165679
ServiceNow:744000144419229,ServiceNow,"Sr. Manager, AI GTM & M&A ","Addison, Texas, United States",Corporate Development & Strategy,https://jobs.smartrecruiters.com/ServiceNow/744000144419229,2026-08-19T23:59:27.317Z,2026-08-19,2026-08-20T00:04:12+00:00,2026-08-19 17:04 Wed,,false,,,,false,smartrecruiters:ServiceNow:744000144419229
ServiceNow:744000138956800,ServiceNow,"Sr. Manager, Product Marketing – CRM ","San Diego, CALIFORNIA, United States","Marketing, Communications, and Brand",https://jobs.smartrecruiters.com/ServiceNow/744000138956800,2026-07-21T20:48:49.375Z,2026-07-21,2026-07-21T20:59:55+00:00,2026-07-21 13:59 Tue,,false,,,,false,smartrecruiters:ServiceNow:744000138956800
ServiceNow:744000143891094,ServiceNow,"Sr. Manager, Product Marketing – CRM ","San Diego, CALIFORNIA, United States","Marketing, Communications, and Brand",https://jobs.smartrecruiters.com/ServiceNow/744000143891094,2026-08-17T17:20:28.040Z,2026-08-17,2026-08-17T17:42:06+00:00,2026-08-17 10:42 Mon,,false,,,,false,smartrecruiters:ServiceNow:744000143891094
ServiceNow:744000137736699,ServiceNow,"Sr. Manager, Technical Program Management, Experience Team","San Diego, CALIFORNIA, United States",User Experience Design,https://jobs.smartrecruiters.com/ServiceNow/744000137736699,2026-07-14T19:24:26.411Z,2026-07-14,2026-07-14T19:41:21+00:00,2026-07-14 12:41 Tue,,false,,,,false,smartrecruiters:ServiceNow:744000137736699
ServiceNow:744000131525364,ServiceNow,Sr. Partner Manager,"Vienna, Virginia, United States",Sales,https://jobs.smartrecruiters.com/ServiceNow/744000131525364,2026-06-10T19:30:07.311Z,2026-06-10,2026-07-11T03:36:34+00:00,2026-07-10 20:36 Fri,,false,,,,false,smartrecruiters:ServiceNow:744000131525364
ServiceNow:744000137156328,ServiceNow,Sr. Partner Manager,"Toronto, Ontario, Canada",Sales,https://jobs.smartrecruiters.com/ServiceNow/744000137156328,2026-07-10T14:42:36.115Z,2026-07-10,2026-07-11T03:36:34+00:00,2026-07-10 20:36 Fri,,false,,,,false,smartrecruiters:ServiceNow:744000137156328
ServiceNow:744000137509219,ServiceNow,Sr. Partner Manager,"Toronto, Ontario, Canada",Sales,https://jobs.smartrecruiters.com/ServiceNow/744000137509219,2026-07-13T17:05:01.895Z,2026-07-13,2026-07-13T17:17:02+00:00,2026-07-13 10:17 Mon,,false,,,,false,smartrecruiters:ServiceNow:744000137509219
ServiceNow:744000138183889,ServiceNow,Sr. Partner Manager,"Toronto, Ontario, Canada",Sales,https://jobs.smartrecruiters.com/ServiceNow/744000138183889,2026-07-16T19:04:19.970Z,2026-07-16,2026-07-16T19:17:48+00:00,2026-07-16 12:17 Thu,,false,,,,false,smartrecruiters:ServiceNow:744000138183889
ServiceNow:744000144587242,ServiceNow,Sr. Platform Architect,"Bangalore, Karnataka, India",Customer Excellence Geo HQ,https://jobs.smartrecruiters.com/ServiceNow/744000144587242,2026-08-20T15:40:30.952Z,2026-08-20,2026-08-20T15:49:33+00:00,2026-08-20 08:49 Thu,,false,,,,false,smartrecruiters:ServiceNow:744000144587242
ServiceNow:744000143943079,ServiceNow,"Sr. Principal Strategist, Inspire Value","Melbourne, Victoria, Australia",Sales,https://jobs.smartrecruiters.com/ServiceNow/744000143943079,2026-08-18T00:06:13.083Z,2026-08-18,2026-08-18T00:17:53+00:00,2026-08-17 17:17 Mon,,false,,,,false,smartrecruiters:ServiceNow:744000143943079
ServiceNow:744000138695418,ServiceNow,"Sr. Principal Strategist, Value Led Transformation","Charlotte, North Carolina, United States",Sales,https://jobs.smartrecruiters.com/ServiceNow/744000138695418,2026-07-20T16:56:08.459Z,2026-07-20,2026-07-20T17:17:26+00:00,2026-07-20 10:17 Mon,,false,,,,false,smartrecruiters:ServiceNow:744000138695418
ServiceNow:744000138705071,ServiceNow,"Sr. Principal Strategist, Value Led Transformation","Charlotte, North Carolina, United States",Sales,https://jobs.smartrecruiters.com/ServiceNow/744000138705071,2026-07-20T17:59:52.263Z,2026-07-20,2026-07-20T18:17:25+00:00,2026-07-20 11:17 Mon,,false,,,,false,smartrecruiters:ServiceNow:744000138705071
ServiceNow:744000140332789,ServiceNow,"Sr. Principal Strategist, Value Led Transformation","Charlotte, North Carolina, United States",Sales,https://jobs.smartrecruiters.com/ServiceNow/744000140332789,2026-07-28T20:13:17.451Z,2026-07-28,2026-07-28T20:41:46+00:00,2026-07-28 13:41 Tue,,false,,,,false,smartrecruiters:ServiceNow:744000140332789
ServiceNow:744000144403864,ServiceNow,Sr. Product Marketing Manager,"Austin, Texas, United States",Product,https://jobs.smartrecruiters.com/ServiceNow/744000144403864,2026-08-19T20:41:31.663Z,2026-08-19,2026-08-19T20:50:19+00:00,2026-08-19 13:50 Wed,,false,,,,false,smartrecruiters:ServiceNow:744000144403864
ServiceNow:744000144404209,ServiceNow,Sr. Product Marketing Manager,"Santa Clara, California, United States",Product,https://jobs.smartrecruiters.com/ServiceNow/744000144404209,2026-08-19T20:38:00.452Z,2026-08-19,2026-08-19T20:50:19+00:00,2026-08-19 13:50 Wed,,false,,,,false,smartrecruiters:ServiceNow:744000144404209
ServiceNow:744000140782575,ServiceNow,"Sr. Program Manager, M&A","San Diego, California, United States",Marketing,https://jobs.smartrecruiters.com/ServiceNow/744000140782575,2026-07-30T22:15:51.060Z,2026-07-30,2026-07-30T22:41:30+00:00,2026-07-30 15:41 Thu,,false,,,,false,smartrecruiters:ServiceNow:744000140782575
ServiceNow:744000144139174,ServiceNow,"Sr. Program Manager, M&A","San Diego, California, United States",Marketing,https://jobs.smartrecruiters.com/ServiceNow/744000144139174,2026-08-18T17:47:33.749Z,2026-08-18,2026-08-18T18:12:26+00:00,2026-08-18 11:12 Tue,,false,,,,false,smartrecruiters:ServiceNow:744000144139174
ServiceNow:744000140782499,ServiceNow,"Sr. Program Manager, Transformation","San Diego, CALIFORNIA, United States",Marketing,https://jobs.smartrecruiters.com/ServiceNow/744000140782499,2026-07-30T22:10:40.165Z,2026-07-30,2026-07-30T22:17:30+00:00,2026-07-30 15:17 Thu,,false,,,,false,smartrecruiters:ServiceNow:744000140782499
ServiceNow:744000140783024,ServiceNow,"Sr. Program Manager, Transformation","San Diego, California, United States",Marketing,https://jobs.smartrecruiters.com/ServiceNow/744000140783024,2026-07-30T22:17:13.875Z,2026-07-30,2026-07-30T22:41:30+00:00,2026-07-30 15:41 Thu,,false,,,,false,smartrecruiters:ServiceNow:744000140783024
ServiceNow:744000144278349,ServiceNow,Sr. Regional Partner Manager,"Sydney, NSW, Australia",Sales,https://jobs.smartrecruiters.com/ServiceNow/744000144278349,2026-08-19T10:06:49.385Z,2026-08-19,2026-08-19T10:15:11+00:00,2026-08-19 03:15 Wed,,false,,,,false,smartrecruiters:ServiceNow:744000144278349
ServiceNow:744000125226734,ServiceNow,"Sr. Software Engineer, Frontend/Fullstack - Moveworks","Mountain View, CALIFORNIA, United States","Engineering, Infrastructure and Operations",https://jobs.smartrecruiters.com/ServiceNow/744000125226734,2026-05-07T22:30:45.337Z,2026-05-07,2026-07-11T03:36:34+00:00,2026-07-10 20:36 Fri,,false,,,,false,smartrecruiters:ServiceNow:744000125226734
ServiceNow:744000144421139,ServiceNow,"Sr. Software Engineer, Fullstack - Moveworks","Mountain View, CALIFORNIA, United States","Engineering, Infrastructure and Operations",https://jobs.smartrecruiters.com/ServiceNow/744000144421139,2026-08-20T00:46:39.248Z,2026-08-20,2026-08-20T00:59:31+00:00,2026-08-19 17:59 Wed,,false,,,,false,smartrecruiters:ServiceNow:744000144421139
ServiceNow:744000127051834,ServiceNow,"Sr. Specialist, Marketing Technology","Addison, TX, United States","Marketing, Communications, and Brand",https://jobs.smartrecruiters.com/ServiceNow/744000127051834,2026-05-18T17:33:34.079Z,2026-05-18,2026-07-11T03:36:34+00:00,2026-07-10 20:36 Fri,,false,,,,false,smartrecruiters:ServiceNow:744000127051834
ServiceNow:744000127051875,ServiceNow,"Sr. Specialist, Marketing Technology","Santa Clara, California , United States","Marketing, Communications, and Brand",https://jobs.smartrecruiters.com/ServiceNow/744000127051875,2026-05-18T17:31:26.082Z,2026-05-18,2026-07-11T03:36:34+00:00,2026-07-10 20:36 Fri,,false,,,,false,smartrecruiters:ServiceNow:744000127051875
ServiceNow:744000127052899,ServiceNow,"Sr. Specialist, Marketing Technology","Waltham, MA, United States","Marketing, Communications, and Brand",https://jobs.smartrecruiters.com/ServiceNow/744000127052899,2026-05-18T17:36:10.431Z,2026-05-18,2026-07-11T03:36:34+00:00,2026-07-10 20:36 Fri,,false,,,,false,smartrecruiters:ServiceNow:744000127052899
ServiceNow:744000139698159,ServiceNow,Sr. Staff Content Governance Lead ,"San Diego, CALIFORNIA, United States",User Experience Design,https://jobs.smartrecruiters.com/ServiceNow/744000139698159,2026-07-24T23:39:10.762Z,2026-07-24,2026-07-24T23:59:26+00:00,2026-07-24 16:59 Fri,,false,,,,false,smartrecruiters:ServiceNow:744000139698159
ServiceNow:744000122087338,ServiceNow,"Sr. Staff Information Architect, IA & Taxonomy Solutions ","Kirkland, Washington, United States",User Experience Design,https://jobs.smartrecruiters.com/ServiceNow/744000122087338,2026-04-21T17:38:25.702Z,2026-04-21,2026-07-11T03:36:34+00:00,2026-07-10 20:36 Fri,,false,,,,false,smartrecruiters:ServiceNow:744000122087338
ServiceNow:744000137499577,ServiceNow,"Sr. Staff Process Engineer, DTIO ISM Solutions","West Palm Beach, Florida, United States",Digital Technology,https://jobs.smartrecruiters.com/ServiceNow/744000137499577,2026-07-13T16:06:12.098Z,2026-07-13,2026-07-13T16:12:44+00:00,2026-07-13 09:12 Mon,,false,,,,false,smartrecruiters:ServiceNow:744000137499577
ServiceNow:744000130593679,ServiceNow,"Sr. Staff Product Designer, Identity Security Platform & Systems","Santa Clara, CALIFORNIA, United States",User Experience Design,https://jobs.smartrecruiters.com/ServiceNow/744000130593679,2026-06-05T21:25:56.659Z,2026-06-05,2026-07-11T03:36:34+00:00,2026-07-10 20:36 Fri,,false,,,,false,smartrecruiters:ServiceNow:744000130593679
ServiceNow:744000139130415,ServiceNow,"Sr. Staff Product Designer, Identity Security Platform & Systems","Santa Clara, CALIFORNIA, United States",User Experience Design,https://jobs.smartrecruiters.com/ServiceNow/744000139130415,2026-07-22T17:54:31.201Z,2026-07-22,2026-07-22T18:18:09+00:00,2026-07-22 11:18 Wed,,false,,,,false,smartrecruiters:ServiceNow:744000139130415
ServiceNow:744000122057117,ServiceNow,"Sr. Technical Consultant (Developer), ServiceNow Finance & Procurement (Source-to-Pay) Solutions","Addison, TEXAS, United States",Customer Outcomes,https://jobs.smartrecruiters.com/ServiceNow/744000122057117,2026-04-21T15:05:22.761Z,2026-04-21,2026-07-11T03:36:34+00:00,2026-07-10 20:36 Fri,,false,,,,false,smartrecruiters:ServiceNow:744000122057117
ServiceNow:744000122077162,ServiceNow,"Sr. Technical Consultant (Developer), ServiceNow Finance & Supply Chain (Source-to-Pay) and Contracting Operations Solutions","Atlanta, Georgia, United States",Customer Outcomes,https://jobs.smartrecruiters.com/ServiceNow/744000122077162,2026-04-21T16:33:57.501Z,2026-04-21,2026-07-11T03:36:34+00:00,2026-07-10 20:36 Fri,,false,,,,false,smartrecruiters:ServiceNow:744000122077162
ServiceNow:744000122077468,ServiceNow,"Sr. Technical Consultant (Developer), ServiceNow Finance & Supply Chain (Source-to-Pay) and Contracting Operations Solutions","San Diego, California, United States",Customer Outcomes,https://jobs.smartrecruiters.com/ServiceNow/744000122077468,2026-04-21T16:34:43.344Z,2026-04-21,2026-07-11T03:36:34+00:00,2026-07-10 20:36 Fri,,false,,,,false,smartrecruiters:ServiceNow:744000122077468
ServiceNow:744000122078067,ServiceNow,"Sr. Technical Consultant (Developer), ServiceNow Finance & Supply Chain (Source-to-Pay) and Contracting Operations Solutions","Chicago, Illinois, United States",Customer Outcomes,https://jobs.smartrecruiters.com/ServiceNow/744000122078067,2026-04-21T16:35:12.716Z,2026-04-21,2026-07-11T03:36:34+00:00,2026-07-10 20:36 Fri,,false,,,,false,smartrecruiters:ServiceNow:744000122078067
ServiceNow:744000143882175,ServiceNow,Sr. Technology Consultant,"San Diego, CALIFORNIA, United States",Consulting,https://jobs.smartrecruiters.com/ServiceNow/744000143882175,2026-08-17T16:26:59.745Z,2026-08-17,2026-08-17T16:41:56+00:00,2026-08-17 09:41 Mon,,false,,,,false,smartrecruiters:ServiceNow:744000143882175
ServiceNow:744000136547750,ServiceNow,Staff Agentic Search Infrastructure Engineer - Moveworks,"Mountain View, CALIFORNIA, United States",Engineering,https://jobs.smartrecruiters.com/ServiceNow/744000136547750,2026-07-08T18:43:31.083Z,2026-07-08,2026-07-11T03:36:34+00:00,2026-07-10 20:36 Fri,,false,,,,false,smartrecruiters:ServiceNow:744000136547750
ServiceNow:744000138210460,ServiceNow,Staff Agentic Search Infrastructure Engineer - Moveworks,"Mountain View, CALIFORNIA, United States",Engineering,https://jobs.smartrecruiters.com/ServiceNow/744000138210460,2026-07-17T00:34:26.112Z,2026-07-17,2026-07-17T00:41:16+00:00,2026-07-16 17:41 Thu,,false,,,,false,smartrecruiters:ServiceNow:744000138210460
ServiceNow:744000129995998,ServiceNow,Staff AI Agent Engineer – Moveworks | Customer Deployment,"Munich, , Germany",Consulting,https://jobs.smartrecruiters.com/ServiceNow/744000129995998,2026-06-03T12:59:41.097Z,2026-06-03,2026-07-11T03:36:34+00:00,2026-07-10 20:36 Fri,,false,,,,false,smartrecruiters:ServiceNow:744000129995998
ServiceNow:744000138420329,ServiceNow,Staff AI Agent Engineer – Moveworks | Customer Deployment,"San Francisco, California, United States",Support and Product Success,https://jobs.smartrecruiters.com/ServiceNow/744000138420329,2026-07-17T23:10:44.108Z,2026-07-17,2026-07-17T23:17:19+00:00,2026-07-17 16:17 Fri,,false,,,,false,smartrecruiters:ServiceNow:744000138420329
ServiceNow:744000143892019,ServiceNow,Staff AI Agent Engineer – Moveworks | Customer Deployment,"Staines, , United Kingdom",Consulting,https://jobs.smartrecruiters.com/ServiceNow/744000143892019,2026-08-17T17:25:10.292Z,2026-08-17,2026-08-17T17:42:06+00:00,2026-08-17 10:42 Mon,,false,,,,false,smartrecruiters:ServiceNow:744000143892019
ServiceNow:744000136348549,ServiceNow,Staff AI Agent Engineer – Moveworks | Implementations & Partner Success,"New York, New York, United States",Support and Product Success,https://jobs.smartrecruiters.com/ServiceNow/744000136348549,2026-07-08T00:22:08.758Z,2026-07-08,2026-07-11T03:36:34+00:00,2026-07-10 20:36 Fri,,false,,,,false,smartrecruiters:ServiceNow:744000136348549
ServiceNow:744000134539069,ServiceNow,Staff AI Engineer - Conversational & Agentic AI,"Santa Clara, California, United States","Engineering, Infrastructure and Operations",https://jobs.smartrecruiters.com/ServiceNow/744000134539069,2026-06-26T19:07:48.858Z,2026-06-26,2026-07-11T03:36:34+00:00,2026-07-10 20:36 Fri,,false,,,,false,smartrecruiters:ServiceNow:744000134539069
ServiceNow:744000134857579,ServiceNow,Staff Cloud FinOps Analyst,"Santa Clara, California, United States","Engineering, Infrastructure and Operations",https://jobs.smartrecruiters.com/ServiceNow/744000134857579,2026-06-29T18:17:26.443Z,2026-06-29,2026-07-11T03:36:34+00:00,2026-07-10 20:36 Fri,,false,,,,false,smartrecruiters:ServiceNow:744000134857579
ServiceNow:744000144524899,ServiceNow,Staff Data Engineer,"Hyderabad, Telangana , India","Engineering, Infrastructure and Operations",https://jobs.smartrecruiters.com/ServiceNow/744000144524899,2026-08-20T11:14:56.174Z,2026-08-20,2026-08-20T11:41:38+00:00,2026-08-20 04:41 Thu,,false,,,,false,smartrecruiters:ServiceNow:744000144524899
ServiceNow:744000136193379,ServiceNow,Staff Data Scientist,"Tel Aviv, , Israel","Engineering, Infrastructure and Operations",https://jobs.smartrecruiters.com/ServiceNow/744000136193379,2026-07-07T10:20:18.778Z,2026-07-07,2026-07-11T03:36:34+00:00,2026-07-10 20:36 Fri,,false,,,,false,smartrecruiters:ServiceNow:744000136193379
ServiceNow:744000141774689,ServiceNow,Staff Database Engineer,"Toronto, Ontario, Canada","Engineering, Infrastructure and Operations",https://jobs.smartrecruiters.com/ServiceNow/744000141774689,2026-08-05T17:59:52.968Z,2026-08-05,2026-08-05T18:17:55+00:00,2026-08-05 11:17 Wed,,false,,,,false,smartrecruiters:ServiceNow:744000141774689
ServiceNow:744000141790293,ServiceNow,Staff Database Engineer,"Toronto, Ontario, Canada","Engineering, Infrastructure and Operations",https://jobs.smartrecruiters.com/ServiceNow/744000141790293,2026-08-05T20:13:52.468Z,2026-08-05,2026-08-05T20:41:46+00:00,2026-08-05 13:41 Wed,,false,,,,false,smartrecruiters:ServiceNow:744000141790293
ServiceNow:744000134887379,ServiceNow,Staff DevOps Engineer,"Deerfield, ILLINOIS, United States","Engineering, Infrastructure and Operations",https://jobs.smartrecruiters.com/ServiceNow/744000134887379,2026-06-29T22:02:26.931Z,2026-06-29,2026-07-11T03:36:34+00:00,2026-07-10 20:36 Fri,,false,,,,false,smartrecruiters:ServiceNow:744000134887379
ServiceNow:744000137516039,ServiceNow,Staff DevOps Engineer,"Chicago, ILLINOIS, United States","Engineering, Infrastructure and Operations",https://jobs.smartrecruiters.com/ServiceNow/744000137516039,2026-07-13T17:55:28.020Z,2026-07-13,2026-07-13T18:10:35+00:00,2026-07-13 11:10 Mon,,false,,,,false,smartrecruiters:ServiceNow:744000137516039
ServiceNow:744000139341360,ServiceNow,Staff DevOps Engineer,"Chicago, Illionois, United States","Engineering, Infrastructure and Operations",https://jobs.smartrecruiters.com/ServiceNow/744000139341360,2026-07-23T18:12:24.722Z,2026-07-23,2026-07-23T18:18:03+00:00,2026-07-23 11:18 Thu,,false,,,,false,smartrecruiters:ServiceNow:744000139341360
ServiceNow:744000139341539,ServiceNow,Staff DevOps Engineer,"Deerfield, Illinois, United States","Engineering, Infrastructure and Operations",https://jobs.smartrecruiters.com/ServiceNow/744000139341539,2026-07-23T18:11:30.139Z,2026-07-23,2026-07-23T18:18:03+00:00,2026-07-23 11:18 Thu,,false,,,,false,smartrecruiters:ServiceNow:744000139341539
ServiceNow:744000141083849,ServiceNow,Staff DevOps Engineer - Federal,"Deerfield, Illinois, United States","Engineering, Infrastructure and Operations",https://jobs.smartrecruiters.com/ServiceNow/744000141083849,2026-08-01T23:04:32.519Z,2026-08-01,2026-08-01T23:13:36+00:00,2026-08-01 16:13 Sat,,false,,,,false,smartrecruiters:ServiceNow:744000141083849
ServiceNow:744000141083889,ServiceNow,Staff DevOps Engineer - Federal,"Chicago, Illionois, United States","Engineering, Infrastructure and Operations",https://jobs.smartrecruiters.com/ServiceNow/744000141083889,2026-08-01T23:05:06.547Z,2026-08-01,2026-08-01T23:13:36+00:00,2026-08-01 16:13 Sat,,false,,,,false,smartrecruiters:ServiceNow:744000141083889
ServiceNow:744000142977046,ServiceNow,Staff DevOps Engineer - Federal,"Chicago, Illinois, United States","Engineering, Infrastructure and Operations",https://jobs.smartrecruiters.com/ServiceNow/744000142977046,2026-08-11T21:03:42.505Z,2026-08-11,2026-08-11T21:17:54+00:00,2026-08-11 14:17 Tue,,false,,,,false,smartrecruiters:ServiceNow:744000142977046
ServiceNow:744000134548469,ServiceNow,Staff FinOps AI Governance Lead,"Santa Clara, California, United States","Engineering, Infrastructure and Operations",https://jobs.smartrecruiters.com/ServiceNow/744000134548469,2026-06-26T20:29:23.743Z,2026-06-26,2026-07-11T03:36:34+00:00,2026-07-10 20:36 Fri,,false,,,,false,smartrecruiters:ServiceNow:744000134548469
ServiceNow:744000143174559,ServiceNow,Staff Full Stack Software Engineer,"Santa Clara, California, United States","Engineering, Infrastructure and Operations",https://jobs.smartrecruiters.com/ServiceNow/744000143174559,2026-08-12T20:02:28.067Z,2026-08-12,2026-08-12T20:18:06+00:00,2026-08-12 13:18 Wed,,false,,,,false,smartrecruiters:ServiceNow:744000143174559
ServiceNow:744000144420249,ServiceNow,Staff Full Stack Software Engineer,"Santa Clara, California, United States","Engineering, Infrastructure and Operations",https://jobs.smartrecruiters.com/ServiceNow/744000144420249,2026-08-20T00:24:49.824Z,2026-08-20,2026-08-20T00:41:21+00:00,2026-08-19 17:41 Wed,,false,,,,false,smartrecruiters:ServiceNow:744000144420249
ServiceNow:744000141575829,ServiceNow,Staff Inbound Product Manager,"Orlando, Florida, United States",Product,https://jobs.smartrecruiters.com/ServiceNow/744000141575829,2026-08-04T20:16:44.444Z,2026-08-04,2026-08-04T20:24:33+00:00,2026-08-04 13:24 Tue,,false,,,,false,smartrecruiters:ServiceNow:744000141575829
ServiceNow:744000135337097,ServiceNow,Staff Inbound Product Manager- AI ,"Santa Clara, California, United States",Product,https://jobs.smartrecruiters.com/ServiceNow/744000135337097,2026-07-01T19:22:47.957Z,2026-07-01,2026-07-11T03:36:34+00:00,2026-07-10 20:36 Fri,,false,,,,false,smartrecruiters:ServiceNow:744000135337097
ServiceNow:744000144390357,ServiceNow,Staff Machine Learning Engineer,"Santa Clara, California, United States","Engineering, Infrastructure and Operations",https://jobs.smartrecruiters.com/ServiceNow/744000144390357,2026-08-19T19:09:42.792Z,2026-08-19,2026-08-19T19:18:07+00:00,2026-08-19 12:18 Wed,,false,,,,false,smartrecruiters:ServiceNow:744000144390357
ServiceNow:744000144418167,ServiceNow,Staff Machine Learning Engineer,"Santa Clara, California, United States","Engineering, Infrastructure and Operations",https://jobs.smartrecruiters.com/ServiceNow/744000144418167,2026-08-19T23:48:29.083Z,2026-08-19,2026-08-19T23:57:43+00:00,2026-08-19 16:57 Wed,,false,,,,false,smartrecruiters:ServiceNow:744000144418167
ServiceNow:744000144610339,ServiceNow,Staff Machine Learning Engineer,"Santa Clara, California, United States","Engineering, Infrastructure and Operations",https://jobs.smartrecruiters.com/ServiceNow/744000144610339,2026-08-20T17:53:58.244Z,2026-08-20,2026-08-20T17:59:50+00:00,2026-08-20 10:59 Thu,,false,,,,false,smartrecruiters:ServiceNow:744000144610339
ServiceNow:744000144838319,ServiceNow,Staff Machine Learning Engineer,"Santa Clara, California, United States","Engineering, Infrastructure and Operations",https://jobs.smartrecruiters.com/ServiceNow/744000144838319,2026-08-21T20:39:02.857Z,2026-08-21,2026-08-21T20:48:00+00:00,2026-08-21 13:48 Fri,,false,,,,false,smartrecruiters:ServiceNow:744000144838319
ServiceNow:744000141813872,ServiceNow,"Staff Machine Learning Engineer, Agentic AI Harness & Quality - Moveworks","Mountain View, CALIFORNIA, United States",Engineering,https://jobs.smartrecruiters.com/ServiceNow/744000141813872,2026-08-05T23:58:52.532Z,2026-08-05,2026-08-06T00:17:33+00:00,2026-08-05 17:17 Wed,,false,,,,false,smartrecruiters:ServiceNow:744000141813872
ServiceNow:744000139370399,ServiceNow,"Staff Machine Learning Engineer, Agentic AI Systems - Moveworks","Mountain View, CALIFORNIA, United States",Engineering,https://jobs.smartrecruiters.com/ServiceNow/744000139370399,2026-07-23T21:46:01.629Z,2026-07-23,2026-07-23T21:59:54+00:00,2026-07-23 14:59 Thu,,false,,,,false,smartrecruiters:ServiceNow:744000139370399
ServiceNow:744000130551941,ServiceNow,"Staff Machine Learning Engineer, Agentic App Platform","Mountain View, CALIFORNIA, United States",Engineering,https://jobs.smartrecruiters.com/ServiceNow/744000130551941,2026-06-05T16:08:13.286Z,2026-06-05,2026-07-11T03:36:34+00:00,2026-07-10 20:36 Fri,,false,,,,false,smartrecruiters:ServiceNow:744000130551941
ServiceNow:744000134028450,ServiceNow,"Staff Machine Learning Engineer, Agentic App Platform","Mountain View, CALIFORNIA, United States",Engineering,https://jobs.smartrecruiters.com/ServiceNow/744000134028450,2026-06-24T20:27:06.051Z,2026-06-24,2026-07-11T03:36:34+00:00,2026-07-10 20:36 Fri,,false,,,,false,smartrecruiters:ServiceNow:744000134028450
ServiceNow:744000139371520,ServiceNow,"Staff Machine Learning Engineer, Agentic App Platform","Mountain View, CALIFORNIA, United States",Engineering,https://jobs.smartrecruiters.com/ServiceNow/744000139371520,2026-07-23T21:59:41.304Z,2026-07-23,2026-07-23T22:17:40+00:00,2026-07-23 15:17 Thu,,false,,,,false,smartrecruiters:ServiceNow:744000139371520
ServiceNow:744000142013444,ServiceNow,"Staff Machine Learning Engineer, Agentic App Platform","Mountain View, CALIFORNIA, United States",Other,https://jobs.smartrecruiters.com/ServiceNow/744000142013444,2026-08-06T23:26:40.091Z,2026-08-06,2026-08-06T23:41:52+00:00,2026-08-06 16:41 Thu,,false,,,,false,smartrecruiters:ServiceNow:744000142013444
ServiceNow:744000134028348,ServiceNow,"Staff Machine Learning Engineer, Agentic App Platform - Moveworks","Mountain View, CALIFORNIA, United States",Engineering,https://jobs.smartrecruiters.com/ServiceNow/744000134028348,2026-06-24T20:25:39.615Z,2026-06-24,2026-07-11T03:36:34+00:00,2026-07-10 20:36 Fri,,false,,,,false,smartrecruiters:ServiceNow:744000134028348
ServiceNow:744000139371699,ServiceNow,"Staff Machine Learning Engineer, Agentic App Platform - Moveworks","Mountain View, CALIFORNIA, United States",Engineering,https://jobs.smartrecruiters.com/ServiceNow/744000139371699,2026-07-23T22:00:55.884Z,2026-07-23,2026-07-23T22:17:40+00:00,2026-07-23 15:17 Thu,,false,,,,false,smartrecruiters:ServiceNow:744000139371699
ServiceNow:744000134357109,ServiceNow,"Staff Machine Learning Engineer, Agentic Application","Mountain View, CALIFORNIA, United States",Engineering,https://jobs.smartrecruiters.com/ServiceNow/744000134357109,2026-06-26T00:45:10.547Z,2026-06-26,2026-07-11T03:36:34+00:00,2026-07-10 20:36 Fri,,false,,,,false,smartrecruiters:ServiceNow:744000134357109
ServiceNow:744000134357289,ServiceNow,"Staff Machine Learning Engineer, Agentic Application","Mountain View, CALIFORNIA, United States",Engineering,https://jobs.smartrecruiters.com/ServiceNow/744000134357289,2026-06-26T00:47:39.962Z,2026-06-26,2026-07-11T03:36:34+00:00,2026-07-10 20:36 Fri,,false,,,,false,smartrecruiters:ServiceNow:744000134357289
ServiceNow:744000139370709,ServiceNow,"Staff Machine Learning Engineer, Agentic Application","Mountain View, CALIFORNIA, United States",Engineering,https://jobs.smartrecruiters.com/ServiceNow/744000139370709,2026-07-23T21:50:07.977Z,2026-07-23,2026-07-23T21:59:54+00:00,2026-07-23 14:59 Thu,,false,,,,false,smartrecruiters:ServiceNow:744000139370709
ServiceNow:744000139371409,ServiceNow,"Staff Machine Learning Engineer, Agentic Application","Mountain View, CALIFORNIA, United States",Engineering,https://jobs.smartrecruiters.com/ServiceNow/744000139371409,2026-07-23T21:58:30.405Z,2026-07-23,2026-07-23T22:17:40+00:00,2026-07-23 15:17 Thu,,false,,,,false,smartrecruiters:ServiceNow:744000139371409
ServiceNow:744000107801692,ServiceNow,"Staff Machine Learning Engineer, Agentic Systems - Moveworks","Mountain View, CALIFORNIA, United States",Engineering,https://jobs.smartrecruiters.com/ServiceNow/744000107801692,2026-02-06T18:41:14.745Z,2026-02-06,2026-07-11T03:36:34+00:00,2026-07-10 20:36 Fri,,false,,,,false,smartrecruiters:ServiceNow:744000107801692
ServiceNow:744000142014199,ServiceNow,"Staff Machine Learning Engineer, Agentic Systems - Moveworks","Mountain View, CALIFORNIA, United States",Other,https://jobs.smartrecruiters.com/ServiceNow/744000142014199,2026-08-06T23:33:17.240Z,2026-08-06,2026-08-06T23:41:52+00:00,2026-08-06 16:41 Thu,,false,,,,false,smartrecruiters:ServiceNow:744000142014199
ServiceNow:744000144421079,ServiceNow,"Staff Machine Learning, GAI Search Relevance - Moveworks","Mountain View, CALIFORNIA, United States",Other,https://jobs.smartrecruiters.com/ServiceNow/744000144421079,2026-08-20T00:44:31.122Z,2026-08-20,2026-08-20T00:59:31+00:00,2026-08-19 17:59 Wed,,false,,,,false,smartrecruiters:ServiceNow:744000144421079
ServiceNow:744000129017890,ServiceNow,"Staff MLE, GAI Search Platform - Moveworks ","Mountain View, CALIFORNIA, United States","Engineering, Infrastructure and Operations",https://jobs.smartrecruiters.com/ServiceNow/744000129017890,2026-05-28T18:45:25.976Z,2026-05-28,2026-07-11T03:36:34+00:00,2026-07-10 20:36 Fri,,false,,,,false,smartrecruiters:ServiceNow:744000129017890
ServiceNow:744000137530179,ServiceNow,"Staff MLE, GAI Search Relevance - Moveworks","Mountain View, CALIFORNIA, United States","Engineering, Infrastructure and Operations",https://jobs.smartrecruiters.com/ServiceNow/744000137530179,2026-07-13T19:37:57.689Z,2026-07-13,2026-07-13T19:49:20+00:00,2026-07-13 12:49 Mon,,false,,,,false,smartrecruiters:ServiceNow:744000137530179
ServiceNow:744000142002717,ServiceNow,"Staff MLE, GAI Search Relevance - Moveworks","Mountain View, CALIFORNIA, United States",Other,https://jobs.smartrecruiters.com/ServiceNow/744000142002717,2026-08-06T20:52:32.117Z,2026-08-06,2026-08-06T20:59:30+00:00,2026-08-06 13:59 Thu,,false,,,,false,smartrecruiters:ServiceNow:744000142002717
ServiceNow:744000142011729,ServiceNow,Staff Outbound Product Manager,"Santa Clara, California, United States",Product,https://jobs.smartrecruiters.com/ServiceNow/744000142011729,2026-08-06T22:52:20.076Z,2026-08-06,2026-08-06T22:59:39+00:00,2026-08-06 15:59 Thu,,false,,,,false,smartrecruiters:ServiceNow:744000142011729
ServiceNow:744000143361709,ServiceNow,Staff Outbound Product Manager,"Santa Clara, California, United States",Product,https://jobs.smartrecruiters.com/ServiceNow/744000143361709,2026-08-13T16:47:02.291Z,2026-08-13,2026-08-13T16:59:49+00:00,2026-08-13 09:59 Thu,,false,,,,false,smartrecruiters:ServiceNow:744000143361709
ServiceNow:744000136865499,ServiceNow,"Staff Performance Engineer, ServiceNow Platform","Chicago, Illinois, United States",Digital Technology,https://jobs.smartrecruiters.com/ServiceNow/744000136865499,2026-07-09T16:28:51.467Z,2026-07-09,2026-07-11T03:36:34+00:00,2026-07-10 20:36 Fri,,false,,,,false,smartrecruiters:ServiceNow:744000136865499
ServiceNow:744000143173984,ServiceNow,"Staff Product Designer, Customer & Partner Experience (CPEX)","San Diego, CALIFORNIA, United States",User Experience Design,https://jobs.smartrecruiters.com/ServiceNow/744000143173984,2026-08-12T20:09:44.927Z,2026-08-12,2026-08-12T20:18:06+00:00,2026-08-12 13:18 Wed,,false,,,,false,smartrecruiters:ServiceNow:744000143173984
ServiceNow:744000143175648,ServiceNow,"Staff Product Designer, Customer & Partner Experience (CPEX)","Chicago, Illinois, United States",User Experience Design,https://jobs.smartrecruiters.com/ServiceNow/744000143175648,2026-08-12T20:11:14.945Z,2026-08-12,2026-08-12T20:18:06+00:00,2026-08-12 13:18 Wed,,false,,,,false,smartrecruiters:ServiceNow:744000143175648
ServiceNow:744000131548019,ServiceNow,"Staff Product Designer, Moveworks","Mountain View, CALIFORNIA, United States",User Experience Design,https://jobs.smartrecruiters.com/ServiceNow/744000131548019,2026-06-10T23:02:10.664Z,2026-06-10,2026-07-11T03:36:34+00:00,2026-07-10 20:36 Fri,,false,,,,false,smartrecruiters:ServiceNow:744000131548019
ServiceNow:744000134017657,ServiceNow,Staff Product Manager – Integration Security & AI Gateway ,"Santa Clara, California, United States",Product,https://jobs.smartrecruiters.com/ServiceNow/744000134017657,2026-06-24T19:08:32.254Z,2026-06-24,2026-07-11T03:36:34+00:00,2026-07-10 20:36 Fri,,false,,,,false,smartrecruiters:ServiceNow:744000134017657
ServiceNow:744000138172310,ServiceNow,Staff Product Manager – Integration Security & AI Gateway ,"Santa Clara, California, United States",Product,https://jobs.smartrecruiters.com/ServiceNow/744000138172310,2026-07-16T18:04:13.712Z,2026-07-16,2026-07-16T18:17:25+00:00,2026-07-16 11:17 Thu,,false,,,,false,smartrecruiters:ServiceNow:744000138172310
ServiceNow:744000142671519,ServiceNow,"Staff Product Manager, Microsoft Product Partnership","Kirkland, Washington, United States",Product,https://jobs.smartrecruiters.com/ServiceNow/744000142671519,2026-08-10T14:57:23.855Z,2026-08-10,2026-08-10T15:15:57+00:00,2026-08-10 08:15 Mon,,false,,,,false,smartrecruiters:ServiceNow:744000142671519
ServiceNow:744000137089339,ServiceNow,Staff Product Security Engineer,"Petah Tikva, , Israel",Engineering,https://jobs.smartrecruiters.com/ServiceNow/744000137089339,2026-07-10T09:45:43.410Z,2026-07-10,2026-07-11T03:36:34+00:00,2026-07-10 20:36 Fri,,false,,,,false,smartrecruiters:ServiceNow:744000137089339
ServiceNow:744000140049937,ServiceNow,Staff Reliability Engineer,"Minneapolis, Minnesota, United States","Engineering, Infrastructure and Operations",https://jobs.smartrecruiters.com/ServiceNow/744000140049937,2026-07-27T16:27:19.590Z,2026-07-27,2026-07-27T16:41:26+00:00,2026-07-27 09:41 Mon,,false,,,,false,smartrecruiters:ServiceNow:744000140049937
ServiceNow:744000140988259,ServiceNow,Staff Reliability Engineer,"Santa Clara, CALIFORNIA, United States","Engineering, Infrastructure and Operations",https://jobs.smartrecruiters.com/ServiceNow/744000140988259,2026-07-31T19:48:15.227Z,2026-07-31,2026-07-31T19:59:21+00:00,2026-07-31 12:59 Fri,,false,,,,false,smartrecruiters:ServiceNow:744000140988259
ServiceNow:744000141784585,ServiceNow,Staff Reliability Engineer,"Santa Clara, CALIFORNIA, United States","Engineering, Infrastructure and Operations",https://jobs.smartrecruiters.com/ServiceNow/744000141784585,2026-08-05T19:16:15.659Z,2026-08-05,2026-08-05T19:41:59+00:00,2026-08-05 12:41 Wed,,false,,,,false,smartrecruiters:ServiceNow:744000141784585
ServiceNow:744000142167019,ServiceNow,Staff Reliability Engineer,"Santa Clara, CALIFORNIA, United States","Engineering, Infrastructure and Operations",https://jobs.smartrecruiters.com/ServiceNow/744000142167019,2026-08-07T15:15:02.238Z,2026-08-07,2026-08-07T15:41:26+00:00,2026-08-07 08:41 Fri,,false,,,,false,smartrecruiters:ServiceNow:744000142167019
ServiceNow:744000144608489,ServiceNow,Staff Reliability Engineer,"Kirkland, Washington, United States","Engineering, Infrastructure and Operations",https://jobs.smartrecruiters.com/ServiceNow/744000144608489,2026-08-20T17:38:46.412Z,2026-08-20,2026-08-20T17:49:39+00:00,2026-08-20 10:49 Thu,,false,,,,false,smartrecruiters:ServiceNow:744000144608489
ServiceNow:744000141573779,ServiceNow,Staff Security Engineer (Compliance) - Moveworks,"Mountain View, CALIFORNIA, United States",Engineering,https://jobs.smartrecruiters.com/ServiceNow/744000141573779,2026-08-04T20:02:30.026Z,2026-08-04,2026-08-04T20:17:37+00:00,2026-08-04 13:17 Tue,,false,,,,false,smartrecruiters:ServiceNow:744000141573779
ServiceNow:744000130893870,ServiceNow,"Staff Security Engineer, Security Operations - Moveworks ","Mountain View, CALIFORNIA, United States",Engineering,https://jobs.smartrecruiters.com/ServiceNow/744000130893870,2026-06-08T22:39:14.515Z,2026-06-08,2026-07-11T03:36:34+00:00,2026-07-10 20:36 Fri,,false,,,,false,smartrecruiters:ServiceNow:744000130893870
ServiceNow:744000144821164,ServiceNow,Staff Security Incident Commander,"Santa Clara, California, United States",Digital Technology,https://jobs.smartrecruiters.com/ServiceNow/744000144821164,2026-08-21T18:25:16.767Z,2026-08-21,2026-08-21T18:41:50+00:00,2026-08-21 11:41 Fri,,false,,,,false,smartrecruiters:ServiceNow:744000144821164
ServiceNow:744000144584394,ServiceNow,Staff Security Incident Response Commander_Hyderabad/Bangalore/Remote,"Hyderabad, Telangana, India",Digital Technology,https://jobs.smartrecruiters.com/ServiceNow/744000144584394,2026-08-20T15:34:43.774Z,2026-08-20,2026-08-20T15:41:51+00:00,2026-08-20 08:41 Thu,,false,,,,false,smartrecruiters:ServiceNow:744000144584394
ServiceNow:744000139114339,ServiceNow,Staff ServiceNow Developer,"Chicago, Illinois, United States",Digital Technology,https://jobs.smartrecruiters.com/ServiceNow/744000139114339,2026-07-22T15:55:40.489Z,2026-07-22,2026-07-22T16:10:34+00:00,2026-07-22 09:10 Wed,,false,,,,false,smartrecruiters:ServiceNow:744000139114339
ServiceNow:744000138203669,ServiceNow,Staff Site Reliability Engineer,"Dublin, , Ireland","Engineering, Infrastructure and Operations",https://jobs.smartrecruiters.com/ServiceNow/744000138203669,2026-07-16T22:23:52.837Z,2026-07-16,2026-07-16T22:38:12+00:00,2026-07-16 15:38 Thu,,false,,,,false,smartrecruiters:ServiceNow:744000138203669
ServiceNow:744000133443190,ServiceNow,Staff Software Engineer,"San Diego, California, United States","Engineering, Infrastructure and Operations",https://jobs.smartrecruiters.com/ServiceNow/744000133443190,2026-06-22T19:34:46.780Z,2026-06-22,2026-07-11T03:36:34+00:00,2026-07-10 20:36 Fri,,false,,,,false,smartrecruiters:ServiceNow:744000133443190
ServiceNow:744000136187230,ServiceNow,Staff Software Engineer,"Tel Aviv, , Israel","Engineering, Infrastructure and Operations",https://jobs.smartrecruiters.com/ServiceNow/744000136187230,2026-07-07T09:54:28.231Z,2026-07-07,2026-07-11T03:36:34+00:00,2026-07-10 20:36 Fri,,false,,,,false,smartrecruiters:ServiceNow:744000136187230
ServiceNow:744000137198069,ServiceNow,Staff Software Engineer,"Santa Clara, California, United States","Engineering, Infrastructure and Operations",https://jobs.smartrecruiters.com/ServiceNow/744000137198069,2026-07-10T18:38:13.276Z,2026-07-10,2026-07-11T03:36:34+00:00,2026-07-10 20:36 Fri,,false,,,,false,smartrecruiters:ServiceNow:744000137198069
ServiceNow:744000138732689,ServiceNow,Staff Software Engineer,"San Diego, California, United States","Engineering, Infrastructure and Operations",https://jobs.smartrecruiters.com/ServiceNow/744000138732689,2026-07-20T21:38:41.058Z,2026-07-20,2026-07-20T21:53:07+00:00,2026-07-20 14:53 Mon,,false,,,,false,smartrecruiters:ServiceNow:744000138732689
ServiceNow:744000141345919,ServiceNow,Staff Software Engineer,"Mountain View, CALIFORNIA, United States",Engineering,https://jobs.smartrecruiters.com/ServiceNow/744000141345919,2026-08-03T21:04:41.375Z,2026-08-03,2026-08-03T21:17:44+00:00,2026-08-03 14:17 Mon,,false,,,,false,smartrecruiters:ServiceNow:744000141345919
ServiceNow:744000142948259,ServiceNow,Staff Software Engineer,"Santa Clara, California, United States","Engineering, Infrastructure and Operations",https://jobs.smartrecruiters.com/ServiceNow/744000142948259,2026-08-11T18:13:19.955Z,2026-08-11,2026-08-11T18:35:00+00:00,2026-08-11 11:35 Tue,,false,,,,false,smartrecruiters:ServiceNow:744000142948259
ServiceNow:744000144238540,ServiceNow,Staff Software Engineer,"Hyderabad, , India","Engineering, Infrastructure and Operations",https://jobs.smartrecruiters.com/ServiceNow/744000144238540,2026-08-19T06:51:01.108Z,2026-08-19,2026-08-19T07:11:06+00:00,2026-08-19 00:11 Wed,,false,,,,false,smartrecruiters:ServiceNow:744000144238540
ServiceNow:744000142057526,ServiceNow,"Staff Software Engineer - Cloud Platform— Kubernetes, Hyperscalers & Distributed Systems","Hyderabad, , India","Engineering, Infrastructure and Operations",https://jobs.smartrecruiters.com/ServiceNow/744000142057526,2026-08-07T06:47:33.354Z,2026-08-07,2026-08-07T06:56:51+00:00,2026-08-06 23:56 Thu,,false,,,,false,smartrecruiters:ServiceNow:744000142057526
ServiceNow:744000143152039,ServiceNow,"Staff Software Engineer - Cloud Platform— Kubernetes, Hyperscalers & Distributed Systems","Hyderabad, , India","Engineering, Infrastructure and Operations",https://jobs.smartrecruiters.com/ServiceNow/744000143152039,2026-08-12T17:13:19.454Z,2026-08-12,2026-08-12T17:21:06+00:00,2026-08-12 10:21 Wed,,false,,,,false,smartrecruiters:ServiceNow:744000143152039
ServiceNow:744000143616759,ServiceNow,Staff Software Engineer - Data Platform - Kubernetes - Distributed Systems - Federal,"San Diego, CALIFORNIA, United States","Engineering, Infrastructure and Operations",https://jobs.smartrecruiters.com/ServiceNow/744000143616759,2026-08-14T23:54:30.184Z,2026-08-14,2026-08-15T00:05:25+00:00,2026-08-14 17:05 Fri,,false,,,,false,smartrecruiters:ServiceNow:744000143616759
ServiceNow:744000143616979,ServiceNow,Staff Software Engineer - Data Platform - Kubernetes - Distributed Systems - Federal,"Santa Clara, California, United States","Engineering, Infrastructure and Operations",https://jobs.smartrecruiters.com/ServiceNow/744000143616979,2026-08-14T23:59:49.295Z,2026-08-14,2026-08-15T00:05:25+00:00,2026-08-14 17:05 Fri,,false,,,,false,smartrecruiters:ServiceNow:744000143616979
ServiceNow:744000143617076,ServiceNow,Staff Software Engineer - Data Platform - Kubernetes - Distributed Systems - Federal,"San Diego, CALIFORNIA, United States","Engineering, Infrastructure and Operations",https://jobs.smartrecruiters.com/ServiceNow/744000143617076,2026-08-15T00:02:51.259Z,2026-08-15,2026-08-15T00:17:28+00:00,2026-08-14 17:17 Fri,,false,,,,false,smartrecruiters:ServiceNow:744000143617076
ServiceNow:744000143563419,ServiceNow,Staff Software Engineer - Data Platform Engineering,"San Diego, CALIFORNIA, United States","Engineering, Infrastructure and Operations",https://jobs.smartrecruiters.com/ServiceNow/744000143563419,2026-08-14T16:55:24.583Z,2026-08-14,2026-08-14T17:08:41+00:00,2026-08-14 10:08 Fri,,false,,,,false,smartrecruiters:ServiceNow:744000143563419
ServiceNow:744000134845259,ServiceNow,Staff Software Engineer - Forecast Engine,"Santa Clara, California, United States","Engineering, Infrastructure and Operations",https://jobs.smartrecruiters.com/ServiceNow/744000134845259,2026-06-29T17:09:05.293Z,2026-06-29,2026-07-11T03:36:34+00:00,2026-07-10 20:36 Fri,,false,,,,false,smartrecruiters:ServiceNow:744000134845259
ServiceNow:744000139124249,ServiceNow,Staff Software Engineer - Forecast Engine,"Santa Clara, California, United States","Engineering, Infrastructure and Operations",https://jobs.smartrecruiters.com/ServiceNow/744000139124249,2026-07-22T16:55:14.593Z,2026-07-22,2026-07-22T17:18:00+00:00,2026-07-22 10:18 Wed,,false,,,,false,smartrecruiters:ServiceNow:744000139124249
ServiceNow:744000127631869,ServiceNow,Staff Software Engineer - Moveworks,"Bangalore, Karnataka, India","Engineering, Infrastructure and Operations",https://jobs.smartrecruiters.com/ServiceNow/744000127631869,2026-05-21T09:59:47.237Z,2026-05-21,2026-07-11T03:36:34+00:00,2026-07-10 20:36 Fri,,false,,,,false,smartrecruiters:ServiceNow:744000127631869
ServiceNow:744000138028739,ServiceNow,Staff Software Engineer - Moveworks,"Bangalore, Karnataka, India","Engineering, Infrastructure and Operations",https://jobs.smartrecruiters.com/ServiceNow/744000138028739,2026-07-16T05:53:08.274Z,2026-07-16,2026-07-16T05:59:09+00:00,2026-07-15 22:59 Wed,,false,,,,false,smartrecruiters:ServiceNow:744000138028739
ServiceNow:744000142555049,ServiceNow,Staff Software Engineer - Moveworks,"Bangalore, Karnataka, India","Engineering, Infrastructure and Operations",https://jobs.smartrecruiters.com/ServiceNow/744000142555049,2026-08-10T04:10:02.063Z,2026-08-10,2026-08-10T04:17:27+00:00,2026-08-09 21:17 Sun,,false,,,,false,smartrecruiters:ServiceNow:744000142555049
ServiceNow:744000142793179,ServiceNow,Staff Software Engineer - Moveworks,"Bangalore, Karnataka, India","Engineering, Infrastructure and Operations",https://jobs.smartrecruiters.com/ServiceNow/744000142793179,2026-08-11T06:09:35.114Z,2026-08-11,2026-08-11T06:17:11+00:00,2026-08-10 23:17 Mon,,false,,,,false,smartrecruiters:ServiceNow:744000142793179
ServiceNow:744000139062045,ServiceNow,Staff Software Engineer - Product Security,"Petah Tikva, , Israel",Engineering,https://jobs.smartrecruiters.com/ServiceNow/744000139062045,2026-07-22T12:17:34.565Z,2026-07-22,2026-07-22T12:41:44+00:00,2026-07-22 05:41 Wed,,false,,,,false,smartrecruiters:ServiceNow:744000139062045
ServiceNow:744000133393416,ServiceNow,Staff Software Engineer - Product Security ,"Petah Tikva, , Israel",Engineering,https://jobs.smartrecruiters.com/ServiceNow/744000133393416,2026-06-22T14:57:08.115Z,2026-06-22,2026-07-11T03:36:34+00:00,2026-07-10 20:36 Fri,,false,,,,false,smartrecruiters:ServiceNow:744000133393416
ServiceNow:744000144602090,ServiceNow,"Staff Software Engineer, Agent Eval Platform","Santa Clara, CALIFORNIA, United States",Engineering,https://jobs.smartrecruiters.com/ServiceNow/744000144602090,2026-08-20T16:55:24.759Z,2026-08-20,2026-08-20T17:17:55+00:00,2026-08-20 10:17 Thu,,false,,,,false,smartrecruiters:ServiceNow:744000144602090
ServiceNow:744000141814159,ServiceNow,"Staff Software Engineer, Agentic AI Harness & Quality - Moveworks","Mountain View, CALIFORNIA, United States",Engineering,https://jobs.smartrecruiters.com/ServiceNow/744000141814159,2026-08-06T00:00:06.128Z,2026-08-06,2026-08-06T00:17:33+00:00,2026-08-05 17:17 Wed,,false,,,,false,smartrecruiters:ServiceNow:744000141814159
ServiceNow:744000132290750,ServiceNow,"Staff Software Engineer, Agentic AI Systems - Moveworks","Mountain View, CALIFORNIA, United States",Engineering,https://jobs.smartrecruiters.com/ServiceNow/744000132290750,2026-06-15T22:18:21.482Z,2026-06-15,2026-07-11T03:36:34+00:00,2026-07-10 20:36 Fri,,false,,,,false,smartrecruiters:ServiceNow:744000132290750
ServiceNow:744000130259399,ServiceNow,"Staff Software Engineer, Agentic Systems - Moveworks","Mountain View, CALIFORNIA, United States",Engineering,https://jobs.smartrecruiters.com/ServiceNow/744000130259399,2026-06-04T16:20:51.435Z,2026-06-04,2026-07-11T03:36:34+00:00,2026-07-10 20:36 Fri,,false,,,,false,smartrecruiters:ServiceNow:744000130259399
ServiceNow:744000142013449,ServiceNow,"Staff Software Engineer, Agentic Systems - Moveworks","Mountain View, CALIFORNIA, United States",Other,https://jobs.smartrecruiters.com/ServiceNow/744000142013449,2026-08-06T23:20:24.482Z,2026-08-06,2026-08-06T23:41:52+00:00,2026-08-06 16:41 Thu,,false,,,,false,smartrecruiters:ServiceNow:744000142013449
ServiceNow:744000134338969,ServiceNow,"Staff Software Engineer, Conversational and Agentic AI Platform Services","Santa Clara, California, United States","Engineering, Infrastructure and Operations",https://jobs.smartrecruiters.com/ServiceNow/744000134338969,2026-06-25T20:21:29.608Z,2026-06-25,2026-07-11T03:36:34+00:00,2026-07-10 20:36 Fri,,false,,,,false,smartrecruiters:ServiceNow:744000134338969
ServiceNow:744000128189969,ServiceNow,"Staff Software Engineer, Core Infra- Moveworks","Bangalore, Karnataka, India","Engineering, Infrastructure and Operations",https://jobs.smartrecruiters.com/ServiceNow/744000128189969,2026-05-25T07:14:32.344Z,2026-05-25,2026-07-11T03:36:34+00:00,2026-07-10 20:36 Fri,,false,,,,false,smartrecruiters:ServiceNow:744000128189969
ServiceNow:744000136548859,ServiceNow,"Staff Software Engineer, Developer Experience — Moveworks","Mountain View, CALIFORNIA, United States",Engineering,https://jobs.smartrecruiters.com/ServiceNow/744000136548859,2026-07-08T18:48:56.049Z,2026-07-08,2026-07-11T03:36:34+00:00,2026-07-10 20:36 Fri,,false,,,,false,smartrecruiters:ServiceNow:744000136548859
ServiceNow:744000138210239,ServiceNow,"Staff Software Engineer, Developer Experience — Moveworks","Mountain View, CALIFORNIA, United States",Engineering,https://jobs.smartrecruiters.com/ServiceNow/744000138210239,2026-07-17T00:29:32.211Z,2026-07-17,2026-07-17T00:41:16+00:00,2026-07-16 17:41 Thu,,false,,,,false,smartrecruiters:ServiceNow:744000138210239
ServiceNow:744000144418509,ServiceNow,"Staff Software Engineer, Frontend/Fullstack - Moveworks","Mountain View, CALIFORNIA, United States","Engineering, Infrastructure and Operations",https://jobs.smartrecruiters.com/ServiceNow/744000144418509,2026-08-19T23:50:46.551Z,2026-08-19,2026-08-19T23:57:43+00:00,2026-08-19 16:57 Wed,,false,,,,false,smartrecruiters:ServiceNow:744000144418509
ServiceNow:744000141764187,ServiceNow,Staff Systems Engineer,"Toronto, Ontario, Canada","Engineering, Infrastructure and Operations",https://jobs.smartrecruiters.com/ServiceNow/744000141764187,2026-08-05T16:39:48.741Z,2026-08-05,2026-08-05T16:54:34+00:00,2026-08-05 09:54 Wed,,false,,,,false,smartrecruiters:ServiceNow:744000141764187
ServiceNow:744000138884916,ServiceNow,Staff Technical Program Manager,"Tel Aviv, , Israel","Engineering, Infrastructure and Operations",https://jobs.smartrecruiters.com/ServiceNow/744000138884916,2026-07-21T14:11:51.846Z,2026-07-21,2026-07-21T14:17:49+00:00,2026-07-21 07:17 Tue,,false,,,,false,smartrecruiters:ServiceNow:744000138884916
ServiceNow:744000142523039,ServiceNow,Staff Technical Support Engineer,"Chiyoda City, Tokyo, Japan",Customer Service and Support,https://jobs.smartrecruiters.com/ServiceNow/744000142523039,2026-08-09T23:41:03.968Z,2026-08-09,2026-08-09T23:47:48+00:00,2026-08-09 16:47 Sun,,false,,,,false,smartrecruiters:ServiceNow:744000142523039
ServiceNow:744000136116359,ServiceNow,Staff Technical Support Engineer(Platform),"Chiyoda City, Tokyo, Japan",Customer Service and Support,https://jobs.smartrecruiters.com/ServiceNow/744000136116359,2026-07-07T00:38:23.852Z,2026-07-07,2026-07-11T03:36:34+00:00,2026-07-10 20:36 Fri,,false,,,,false,smartrecruiters:ServiceNow:744000136116359
ServiceNow:744000136317796,ServiceNow,Staff UI/UX Designer,"Santa Clara, CALIFORNIA, United States","Marketing, Communications, and Brand",https://jobs.smartrecruiters.com/ServiceNow/744000136317796,2026-07-07T19:50:50.208Z,2026-07-07,2026-07-11T03:36:34+00:00,2026-07-10 20:36 Fri,,false,,,,false,smartrecruiters:ServiceNow:744000136317796
ServiceNow:744000141996639,ServiceNow,"Staff UX Researcher, Customer Service Management (CSM)","Santa Clara, CALIFORNIA, United States",User Experience Design,https://jobs.smartrecruiters.com/ServiceNow/744000141996639,2026-08-06T20:03:23.520Z,2026-08-06,2026-08-06T20:17:17+00:00,2026-08-06 13:17 Thu,,false,,,,false,smartrecruiters:ServiceNow:744000141996639
ServiceNow:744000142224909,ServiceNow,"Staff UX Researcher, Customer Service Management (CSM)","Santa Clara, CALIFORNIA, United States",User Experience Design,https://jobs.smartrecruiters.com/ServiceNow/744000142224909,2026-08-07T22:31:47.634Z,2026-08-07,2026-08-07T22:42:01+00:00,2026-08-07 15:42 Fri,,false,,,,false,smartrecruiters:ServiceNow:744000142224909
ServiceNow:744000138796729,ServiceNow,Staff Applications Dev Engineer,"Hyderabad, , India","Engineering, Infrastructure and Operations",https://jobs.smartrecruiters.com/ServiceNow/744000138796729,2026-07-21T07:21:56.497Z,2026-07-21,2026-07-21T07:41:31+00:00,2026-07-21 00:41 Tue,,false,,,,false,smartrecruiters:ServiceNow:744000138796729
ServiceNow:744000141183854,ServiceNow,Staff Applications Dev Engineer,"Hyderabad, , India","Engineering, Infrastructure and Operations",https://jobs.smartrecruiters.com/ServiceNow/744000141183854,2026-08-03T06:39:46.607Z,2026-08-03,2026-08-03T06:59:14+00:00,2026-08-02 23:59 Sun,,false,,,,false,smartrecruiters:ServiceNow:744000141183854
ServiceNow:744000142559890,ServiceNow,Staff Applications Dev Engineer,"Hyderabad, , India","Engineering, Infrastructure and Operations",https://jobs.smartrecruiters.com/ServiceNow/744000142559890,2026-08-10T05:58:17.185Z,2026-08-10,2026-08-10T06:05:27+00:00,2026-08-09 23:05 Sun,,false,,,,false,smartrecruiters:ServiceNow:744000142559890
ServiceNow:744000143875789,ServiceNow,Strategic Customers – APAC 360 Deal Lead (Elevate),"Singapore, , Singapore",Support and Product Success,https://jobs.smartrecruiters.com/ServiceNow/744000143875789,2026-08-17T15:49:30.538Z,2026-08-17,2026-08-17T16:00:03+00:00,2026-08-17 09:00 Mon,,false,,,,false,smartrecruiters:ServiceNow:744000143875789
ServiceNow:744000143857488,ServiceNow,"Team Lead, People Operations – Recruitment & Onboarding, AMS ","San Francisco de Heredia, , Costa Rica",Human Resources,https://jobs.smartrecruiters.com/ServiceNow/744000143857488,2026-08-17T14:41:07.975Z,2026-08-17,2026-08-17T14:48:20+00:00,2026-08-17 07:48 Mon,,false,,,,false,smartrecruiters:ServiceNow:744000143857488
ServiceNow:744000143858889,ServiceNow,"Team Lead, People Operations – Recruitment & Onboarding, AMS ","San Francisco de Heredia, , Costa Rica",Human Resources,https://jobs.smartrecruiters.com/ServiceNow/744000143858889,2026-08-17T14:45:33.284Z,2026-08-17,2026-08-17T14:59:36+00:00,2026-08-17 07:59 Mon,,false,,,,false,smartrecruiters:ServiceNow:744000143858889
ServiceNow:744000126724432,ServiceNow,"Tech Lead, Agentic AI Product - Moveworks","Mountain View, CALIFORNIA, United States",Engineering,https://jobs.smartrecruiters.com/ServiceNow/744000126724432,2026-05-15T15:34:50.461Z,2026-05-15,2026-07-11T03:36:34+00:00,2026-07-10 20:36 Fri,,false,,,,false,smartrecruiters:ServiceNow:744000126724432
ServiceNow:744000119569219,ServiceNow,Technical Consultant - Risk & Security,"Tokyo, , Japan",Customer Outcomes,https://jobs.smartrecruiters.com/ServiceNow/744000119569219,2026-04-09T10:40:27.465Z,2026-04-09,2026-07-11T03:36:34+00:00,2026-07-10 20:36 Fri,,false,,,,false,smartrecruiters:ServiceNow:744000119569219
ServiceNow:744000141416322,ServiceNow,Technical Customer Success Manager (Cybersecurity),"Bangalore, Karnataka, India",Support and Product Success,https://jobs.smartrecruiters.com/ServiceNow/744000141416322,2026-08-04T06:31:55.306Z,2026-08-04,2026-08-04T06:41:28+00:00,2026-08-03 23:41 Mon,,false,,,,false,smartrecruiters:ServiceNow:744000141416322
ServiceNow:744000141447729,ServiceNow,Technical Customer Success Manager (Cybersecurity) - Armis,"Bangalore, Karnataka, India",Support and Product Success,https://jobs.smartrecruiters.com/ServiceNow/744000141447729,2026-08-04T09:18:13.140Z,2026-08-04,2026-08-04T09:29:20+00:00,2026-08-04 02:29 Tue,,false,,,,false,smartrecruiters:ServiceNow:744000141447729
ServiceNow:744000141343867,ServiceNow,Technical Readiness & Communities Director ,"Phoenix, Arizona, United States",Product,https://jobs.smartrecruiters.com/ServiceNow/744000141343867,2026-08-03T20:49:09.843Z,2026-08-03,2026-08-03T20:59:45+00:00,2026-08-03 13:59 Mon,,false,,,,false,smartrecruiters:ServiceNow:744000141343867
ServiceNow:744000143934539,ServiceNow,Technical Readiness & Communities Director ,"Remote , New York , United States",Product,https://jobs.smartrecruiters.com/ServiceNow/744000143934539,2026-08-17T22:06:59.446Z,2026-08-17,2026-08-17T22:17:56+00:00,2026-08-17 15:17 Mon,,false,,,,false,smartrecruiters:ServiceNow:744000143934539
ServiceNow:744000144130069,ServiceNow,Technical Readiness & Communities Director ,"Remote , Arizona, United States",Product,https://jobs.smartrecruiters.com/ServiceNow/744000144130069,2026-08-18T16:46:16.833Z,2026-08-18,2026-08-18T16:53:36+00:00,2026-08-18 09:53 Tue,,false,,,,false,smartrecruiters:ServiceNow:744000144130069
ServiceNow:744000144130299,ServiceNow,Technical Readiness & Communities Director ,"Remote , California, United States",Product,https://jobs.smartrecruiters.com/ServiceNow/744000144130299,2026-08-18T16:47:42.511Z,2026-08-18,2026-08-18T17:12:22+00:00,2026-08-18 10:12 Tue,,false,,,,false,smartrecruiters:ServiceNow:744000144130299
ServiceNow:744000136116019,ServiceNow,Technical Support Engineer,"Chiyoda city, Tokyo, Japan",Customer Service and Support,https://jobs.smartrecruiters.com/ServiceNow/744000136116019,2026-07-07T00:32:06.386Z,2026-07-07,2026-07-11T03:36:34+00:00,2026-07-10 20:36 Fri,,false,,,,false,smartrecruiters:ServiceNow:744000136116019
ServiceNow:744000143994739,ServiceNow,Technical Support Engineer (Armis),"Bangalore, Karnataka, India",Support and Product Success,https://jobs.smartrecruiters.com/ServiceNow/744000143994739,2026-08-18T07:06:09.274Z,2026-08-18,2026-08-18T07:17:10+00:00,2026-08-18 00:17 Tue,,false,,,,false,smartrecruiters:ServiceNow:744000143994739
ServiceNow:744000138781190,ServiceNow,Technology Consultant,"Bangalore, Karnataka, India",Professional Services,https://jobs.smartrecruiters.com/ServiceNow/744000138781190,2026-07-21T05:17:44.242Z,2026-07-21,2026-07-21T05:41:06+00:00,2026-07-20 22:41 Mon,,false,,,,false,smartrecruiters:ServiceNow:744000138781190
ServiceNow:744000139309410,ServiceNow,Technology Consultant,"San Diego, CALIFORNIA, United States",Consulting,https://jobs.smartrecruiters.com/ServiceNow/744000139309410,2026-07-23T14:53:11.051Z,2026-07-23,2026-07-23T14:59:49+00:00,2026-07-23 07:59 Thu,,false,,,,false,smartrecruiters:ServiceNow:744000139309410
ServiceNow:744000140296737,ServiceNow,Technology Consultant,"San Francisco de Heredia, Heredia, Costa Rica",Customer Service and Support,https://jobs.smartrecruiters.com/ServiceNow/744000140296737,2026-07-28T17:02:02.973Z,2026-07-28,2026-07-28T17:17:35+00:00,2026-07-28 10:17 Tue,,false,,,,false,smartrecruiters:ServiceNow:744000140296737
ServiceNow:744000141555486,ServiceNow,Technology Consultant,"London, GREATER LONDON, United Kingdom",Professional Services,https://jobs.smartrecruiters.com/ServiceNow/744000141555486,2026-08-04T18:01:25.757Z,2026-08-04,2026-08-04T18:17:44+00:00,2026-08-04 11:17 Tue,,false,,,,false,smartrecruiters:ServiceNow:744000141555486
ServiceNow:744000141596348,ServiceNow,Technology Consultant - Veza,"Santa Clara, California     , United States",Customer Excellence Geo HQ,https://jobs.smartrecruiters.com/ServiceNow/744000141596348,2026-08-04T22:25:14.203Z,2026-08-04,2026-08-04T22:41:12+00:00,2026-08-04 15:41 Tue,,false,,,,false,smartrecruiters:ServiceNow:744000141596348
ServiceNow:744000141329809,ServiceNow,Transformational Platform Consultant,"Chicago, ILLINOIS, United States",Consulting,https://jobs.smartrecruiters.com/ServiceNow/744000141329809,2026-08-03T18:48:08.951Z,2026-08-03,2026-08-03T18:59:30+00:00,2026-08-03 11:59 Mon,,false,,,,false,smartrecruiters:ServiceNow:744000141329809
ServiceNow:744000134035729,ServiceNow,"Vice President, CEG Global Partner Strategy and Management","Santa Clara, CALIFORNIA, United States",Sales,https://jobs.smartrecruiters.com/ServiceNow/744000134035729,2026-06-24T21:37:23.215Z,2026-06-24,2026-07-11T03:36:34+00:00,2026-07-10 20:36 Fri,,false,,,,false,smartrecruiters:ServiceNow:744000134035729
ServiceNow:744000132958944,ServiceNow,"Vice President, Corporate and Product Public Relations (Americas)","Santa Clara, CALIFORNIA, United States","Marketing, Communications, and Brand",https://jobs.smartrecruiters.com/ServiceNow/744000132958944,2026-06-19T01:01:40.201Z,2026-06-19,2026-07-11T03:36:34+00:00,2026-07-10 20:36 Fri,,false,,,,false,smartrecruiters:ServiceNow:744000132958944
ServiceNow:744000135548859,ServiceNow,"VP, Autonomous IT Solution Adoption and FDE ","Santa Clara, CALIFORNIA, United States",Product,https://jobs.smartrecruiters.com/ServiceNow/744000135548859,2026-07-02T16:19:23.316Z,2026-07-02,2026-07-11T03:36:34+00:00,2026-07-10 20:36 Fri,,false,,,,false,smartrecruiters:ServiceNow:744000135548859
ServiceNow:744000136030671,ServiceNow,"VP, Marketing","New York, NEW YORK, United States","Marketing, Communications, and Brand",https://jobs.smartrecruiters.com/ServiceNow/744000136030671,2026-07-06T14:45:22.970Z,2026-07-06,2026-07-11T03:36:34+00:00,2026-07-10 20:36 Fri,,false,,,,false,smartrecruiters:ServiceNow:744000136030671
ServiceNow:744000141292816,ServiceNow,"VP, Marketing (Armis from ServiceNow)","New York, NEW YORK, United States","Marketing, Communications, and Brand",https://jobs.smartrecruiters.com/ServiceNow/744000141292816,2026-08-03T15:21:18.761Z,2026-08-03,2026-08-03T15:34:11+00:00,2026-08-03 08:34 Mon,,false,,,,false,smartrecruiters:ServiceNow:744000141292816
ServiceNow:744000144582044,ServiceNow,"VP, Product Management-AI Platform Experience","Santa Clara, CALIFORNIA, United States",Product,https://jobs.smartrecruiters.com/ServiceNow/744000144582044,2026-08-20T15:11:00.059Z,2026-08-20,2026-08-20T15:18:00+00:00,2026-08-20 08:18 Thu,AI / ML,true,Keyword,48,keyword-only heuristic (title only),false,smartrecruiters:ServiceNow:744000144582044
ServiceNow:744000136876229,ServiceNow,"VP, Product Management: Application Developer Platform","Santa Clara, CALIFORNIA, United States",Product,https://jobs.smartrecruiters.com/ServiceNow/744000136876229,2026-07-09T17:41:25.591Z,2026-07-09,2026-07-11T03:36:34+00:00,2026-07-10 20:36 Fri,,false,,,,false,smartrecruiters:ServiceNow:744000136876229
ServiceNow:744000136876449,ServiceNow,"VP, Product Management: Application Developer Platform","Kirkland , Washington, United States",Product,https://jobs.smartrecruiters.com/ServiceNow/744000136876449,2026-07-09T17:44:11.585Z,2026-07-09,2026-07-11T03:36:34+00:00,2026-07-10 20:36 Fri,,false,,,,false,smartrecruiters:ServiceNow:744000136876449
ServiceNow:744000141263099,ServiceNow,"VP, Product Management: Application Developer Platform","Santa Clara, CALIFORNIA, United States",Product,https://jobs.smartrecruiters.com/ServiceNow/744000141263099,2026-08-03T13:20:57.571Z,2026-08-03,2026-08-03T13:42:11+00:00,2026-08-03 06:42 Mon,,false,,,,false,smartrecruiters:ServiceNow:744000141263099
ServiceNow:744000141758054,ServiceNow,Workplace Services - Site Lead,"Bangalore, Karnataka, India",Workplace Services,https://jobs.smartrecruiters.com/ServiceNow/744000141758054,2026-08-05T16:08:47.379Z,2026-08-05,2026-08-05T16:17:54+00:00,2026-08-05 09:17 Wed,,false,,,,false,smartrecruiters:ServiceNow:744000141758054
ServiceNow:744000141305979,ServiceNow,Workplace Services Site Lead,"Kirkland, Washington, United States",Finance & Accounting,https://jobs.smartrecruiters.com/ServiceNow/744000141305979,2026-08-03T16:10:55.534Z,2026-08-03,2026-08-03T16:17:29+00:00,2026-08-03 09:17 Mon,,false,,,,false,smartrecruiters:ServiceNow:744000141305979
ServiceNow:744000141317650,ServiceNow,Workplace Services Site Lead,"Kirkland, Washington, United States",Finance & Accounting,https://jobs.smartrecruiters.com/ServiceNow/744000141317650,2026-08-03T17:38:32.991Z,2026-08-03,2026-08-03T17:59:47+00:00,2026-08-03 10:59 Mon,,false,,,,false,smartrecruiters:ServiceNow:744000141317650
ServiceNow:744000141585420,ServiceNow,Workplace Services Site Lead,"Kirkland, Washington, United States",Finance & Accounting,https://jobs.smartrecruiters.com/ServiceNow/744000141585420,2026-08-04T21:47:01.533Z,2026-08-04,2026-08-04T21:57:15+00:00,2026-08-04 14:57 Tue,,false,,,,false,smartrecruiters:ServiceNow:744000141585420
