job_key,company,title,location,department,urls,date_posted,date_posted_iso,first_seen,first_seen_pt,track,scored,score_method,experience_score,reason,emailed,source_uids
Tempus:/job/Research-Triangle-Park/XMLNAME--Senior--Clinical-Study-Manager--Clinical-Development_JR202600701,Tempus,"(Senior) Clinical Study Manager, Clinical Development",2 Locations,,https://tempus.wd5.myworkdayjobs.com/en-US/Tempus_Careers/job/Research-Triangle-Park/XMLNAME--Senior--Clinical-Study-Manager--Clinical-Development_JR202600701,Posted 6 Days Ago,2026-07-22,2026-07-28T15:59:39+00:00,2026-07-28 08:59 Tue,,false,,,,false,workday:Tempus:/job/Research-Triangle-Park/XMLNAME--Senior--Clinical-Study-Manager--Clinical-Development_JR202600701
Tempus:/job/Remote---California/XMLNAME--Senior--Medical-Science-Liaison---External-Research_JR202600703,Tempus,(Senior) Medical Science Liaison - External Research,Remote - California,,https://tempus.wd5.myworkdayjobs.com/en-US/Tempus_Careers/job/Remote---California/XMLNAME--Senior--Medical-Science-Liaison---External-Research_JR202600703,Posted 13 Days Ago,2026-07-08,2026-07-21T15:59:56+00:00,2026-07-21 08:59 Tue,,false,,,,false,workday:Tempus:/job/Remote---California/XMLNAME--Senior--Medical-Science-Liaison---External-Research_JR202600703
Tempus:/job/Remote---Texas/XMLNAME--Senior--Medical-Science-Liaison---North-Texas--US-_JR202600857,Tempus,(Senior) Medical Science Liaison - North Texas (US),Remote - Texas,,https://tempus.wd5.myworkdayjobs.com/en-US/Tempus_Careers/job/Remote---Texas/XMLNAME--Senior--Medical-Science-Liaison---North-Texas--US-_JR202600857,Posted 8 Days Ago,2026-08-27,2026-08-27T16:59:53+00:00,2026-08-27 09:59 Thu,,false,,,,false,workday:Tempus:/job/Remote---Texas/XMLNAME--Senior--Medical-Science-Liaison---North-Texas--US-_JR202600857
Tempus:/job/Remote---Washington/XMLNAME--Senior--Medical-Science-Liaison_JR202600396,Tempus,(Senior) Medical Science Liaison - Pacific Northwest (Oregon/Washington),2 Locations,,https://tempus.wd5.myworkdayjobs.com/en-US/Tempus_Careers/job/Remote---Washington/XMLNAME--Senior--Medical-Science-Liaison_JR202600396,Posted 30+ Days Ago,2026-06-12,2026-07-12T07:45:02+00:00,2026-07-12 00:45 Sun,,false,,,,false,workday:Tempus:/job/Remote---Washington/XMLNAME--Senior--Medical-Science-Liaison_JR202600396
Tempus:/job/Remote---Illinois/XMLNAME--Senior--Medical-Science-Liaison--External-Research_JR202600374,Tempus,"(Senior) Medical Science Liaison, External Research",Remote---Illinois,,https://tempus.wd5.myworkdayjobs.com/en-US/Tempus_Careers/job/Remote---Illinois/XMLNAME--Senior--Medical-Science-Liaison--External-Research_JR202600374,Posted 7 Days Ago,2026-08-28,2026-07-12T07:45:02+00:00,2026-07-12 00:45 Sun,,false,,,,false,workday:Tempus:/job/Remote---Illinois/XMLNAME--Senior--Medical-Science-Liaison--External-Research_JR202600374
Tempus:/job/Chicago/XMLNAME--Senior--Operations-Associate--Life-Sciences-Sequencing_JR202600600,Tempus,"(Senior) Operations Associate, Life Sciences Sequencing",Chicago,,https://tempus.wd5.myworkdayjobs.com/en-US/Tempus_Careers/job/Chicago/XMLNAME--Senior--Operations-Associate--Life-Sciences-Sequencing_JR202600600,Posted 6 Days Ago,2026-08-14,2026-07-12T07:45:02+00:00,2026-07-12 00:45 Sun,,false,,,,false,workday:Tempus:/job/Chicago/XMLNAME--Senior--Operations-Associate--Life-Sciences-Sequencing_JR202600600
Tempus:/job/Remote---Pennsylvania/Account-Executive-Hereditary-Cancer---Philadelphia_JR202600347-2,Tempus,Account Executive Hereditary Cancer - Philadelphia,Remote - Pennsylvania,,https://tempus.wd5.myworkdayjobs.com/en-US/Tempus_Careers/job/Remote---Pennsylvania/Account-Executive-Hereditary-Cancer---Philadelphia_JR202600347-2,Posted 30+ Days Ago,2026-06-12,2026-07-12T07:45:02+00:00,2026-07-12 00:45 Sun,,false,,,,false,workday:Tempus:/job/Remote---Pennsylvania/Account-Executive-Hereditary-Cancer---Philadelphia_JR202600347-2
Tempus:/job/Chicago/Analyst--Reimbursement-Strategy---Analytics_JR202600630,Tempus,"Analyst, Reimbursement Strategy & Analytics",Chicago,,https://tempus.wd5.myworkdayjobs.com/en-US/Tempus_Careers/job/Chicago/Analyst--Reimbursement-Strategy---Analytics_JR202600630,Posted 30+ Days Ago,2026-06-12,2026-07-12T07:45:02+00:00,2026-07-12 00:45 Sun,,false,,,,false,workday:Tempus:/job/Chicago/Analyst--Reimbursement-Strategy---Analytics_JR202600630
Tempus:/job/Chicago/Anatomic-Pathologist_JR202600709,Tempus,Anatomic Pathologist,Chicago,,https://tempus.wd5.myworkdayjobs.com/en-US/Tempus_Careers/job/Chicago/Anatomic-Pathologist_JR202600709,Posted 11 Days Ago,2026-07-12,2026-07-23T17:42:05+00:00,2026-07-23 10:42 Thu,,false,,,,false,workday:Tempus:/job/Chicago/Anatomic-Pathologist_JR202600709
Tempus:/job/Remote---Florida/Area-Director--Enterprise-Solutions_JR202600353,Tempus,"Area Director, Enterprise Solutions",3 Locations,,https://tempus.wd5.myworkdayjobs.com/en-US/Tempus_Careers/job/Remote---Florida/Area-Director--Enterprise-Solutions_JR202600353,Posted 30+ Days Ago,2026-06-12,2026-07-12T07:45:02+00:00,2026-07-12 00:45 Sun,,false,,,,false,workday:Tempus:/job/Remote---Florida/Area-Director--Enterprise-Solutions_JR202600353
Tempus:/job/Remote---Illinois/Area-Director--Enterprise-Solutions_JR202600354,Tempus,"Area Director, Enterprise Solutions",3 Locations,,https://tempus.wd5.myworkdayjobs.com/en-US/Tempus_Careers/job/Remote---Illinois/Area-Director--Enterprise-Solutions_JR202600354,Posted 30+ Days Ago,2026-06-12,2026-07-12T07:45:02+00:00,2026-07-12 00:45 Sun,,false,,,,false,workday:Tempus:/job/Remote---Illinois/Area-Director--Enterprise-Solutions_JR202600354
Tempus:/job/Remote---Illinois/Area-Sales-Director--Rare-Disease---West-Region_JR202600575-1,Tempus,"Area Sales Director, Midwest Region",6 Locations,,https://tempus.wd5.myworkdayjobs.com/en-US/Tempus_Careers/job/Remote---Illinois/Area-Sales-Director--Rare-Disease---West-Region_JR202600575-1,Posted 24 Days Ago,2026-06-18,2026-07-12T07:45:02+00:00,2026-07-12 00:45 Sun,,false,,,,false,workday:Tempus:/job/Remote---Illinois/Area-Sales-Director--Rare-Disease---West-Region_JR202600575-1
Tempus:/job/Remote---Illinois/Area-Vice-President--Biotech_JR202600352,Tempus,"Area Vice President, Biotech",4 Locations,,https://tempus.wd5.myworkdayjobs.com/en-US/Tempus_Careers/job/Remote---Illinois/Area-Vice-President--Biotech_JR202600352,Posted 30+ Days Ago,2026-06-12,2026-07-12T07:45:02+00:00,2026-07-12 00:45 Sun,,false,,,,false,workday:Tempus:/job/Remote---Illinois/Area-Vice-President--Biotech_JR202600352
Tempus:/job/Remote---Illinois/Associate-Director-of-Bioinformatics_JR202600395,Tempus,Associate Director of Bioinformatics,Remote - Illinois,,https://tempus.wd5.myworkdayjobs.com/en-US/Tempus_Careers/job/Remote---Illinois/Associate-Director-of-Bioinformatics_JR202600395,Posted 30+ Days Ago,2026-06-12,2026-07-12T07:45:02+00:00,2026-07-12 00:45 Sun,,false,,,,false,workday:Tempus:/job/Remote---Illinois/Associate-Director-of-Bioinformatics_JR202600395
Tempus:/job/Remote---Colorado/Associate-Director--MSL-Central-Region_JR202600625-1,Tempus,"Associate Director, Medical Science Liaison: Central Region",8 Locations,,https://tempus.wd5.myworkdayjobs.com/en-US/Tempus_Careers/job/Remote---Colorado/Associate-Director--MSL-Central-Region_JR202600625-1,Posted 30+ Days Ago,2026-06-12,2026-07-12T07:45:02+00:00,2026-07-12 00:45 Sun,,false,,,,false,workday:Tempus:/job/Remote---Colorado/Associate-Director--MSL-Central-Region_JR202600625-1
Tempus:/job/Chicago/Associate-IAM-Engineer_JR202600549,Tempus,Associate IAM Engineer,Chicago,,https://tempus.wd5.myworkdayjobs.com/en-US/Tempus_Careers/job/Chicago/Associate-IAM-Engineer_JR202600549,Posted 30+ Days Ago,2026-06-12,2026-07-12T07:45:02+00:00,2026-07-12 00:45 Sun,,false,,,,false,workday:Tempus:/job/Chicago/Associate-IAM-Engineer_JR202600549
Tempus:/job/Remote---Illinois/Associate-Key-Account-Director--Data-and-AI-Apps_JR202600807,Tempus,"Associate Key Account Director, Data and AI Apps",Remote - Illinois,,https://tempus.wd5.myworkdayjobs.com/en-US/Tempus_Careers/job/Remote---Illinois/Associate-Key-Account-Director--Data-and-AI-Apps_JR202600807,Posted Today,2026-08-10,2026-08-10T16:17:29+00:00,2026-08-10 09:17 Mon,,false,,,,false,workday:Tempus:/job/Remote---Illinois/Associate-Key-Account-Director--Data-and-AI-Apps_JR202600807
Tempus:/job/Boston/Associate-Principal-Scientist--PharmaR-D_JR202501070,Tempus,"Associate Principal Scientist, PharmaR&D",Boston,,https://tempus.wd5.myworkdayjobs.com/en-US/Tempus_Careers/job/Boston/Associate-Principal-Scientist--PharmaR-D_JR202501070,Posted 4 Days Ago,2026-08-31,2026-07-12T07:45:02+00:00,2026-07-12 00:45 Sun,,false,,,,false,workday:Tempus:/job/Boston/Associate-Principal-Scientist--PharmaR-D_JR202501070
Tempus:/job/Chicago/Senior-Scientist-I--Translational-Research_JR202600792,Tempus,"Associate Principal Scientist, Translational Research",Chicago,,https://tempus.wd5.myworkdayjobs.com/en-US/Tempus_Careers/job/Chicago/Senior-Scientist-I--Translational-Research_JR202600792,Posted 3 Days Ago,2026-09-01,2026-08-05T18:48:36+00:00,2026-08-05 11:48 Wed,,false,,,,false,workday:Tempus:/job/Chicago/Senior-Scientist-I--Translational-Research_JR202600792
Tempus:/job/Chicago/Senior-Associate--Analytics---Business-Insights_JR202600470,Tempus,"Associate, Analytics & Business Insights",Chicago,,https://tempus.wd5.myworkdayjobs.com/en-US/Tempus_Careers/job/Chicago/Senior-Associate--Analytics---Business-Insights_JR202600470,Posted 4 Days Ago,2026-07-08,2026-07-12T07:45:02+00:00,2026-07-12 00:45 Sun,,false,,,,false,workday:Tempus:/job/Chicago/Senior-Associate--Analytics---Business-Insights_JR202600470
Tempus:/job/Chicago/Associate--Sales-Operations_JR202600795-1,Tempus,"Associate, Sales Operations",Chicago,,https://tempus.wd5.myworkdayjobs.com/en-US/Tempus_Careers/job/Chicago/Associate--Sales-Operations_JR202600795-1,Posted Today,2026-08-06,2026-08-06T00:41:44+00:00,2026-08-05 17:41 Wed,,false,,,,false,workday:Tempus:/job/Chicago/Associate--Sales-Operations_JR202600795-1
Tempus:/job/Chicago/Associate--Studies-Portfolio-Strategy_JR202600830,Tempus,"Associate, Studies Portfolio Strategy",Chicago,,https://tempus.wd5.myworkdayjobs.com/en-US/Tempus_Careers/job/Chicago/Associate--Studies-Portfolio-Strategy_JR202600830,Posted 8 Days Ago,2026-08-17,2026-08-17T16:41:56+00:00,2026-08-17 09:41 Mon,,false,,,,false,workday:Tempus:/job/Chicago/Associate--Studies-Portfolio-Strategy_JR202600830
Tempus:/job/Remote---California/Bioinformatics-Engineer-II_JR202600797-1,Tempus,Bioinformatics Engineer II,Remote - California,,https://tempus.wd5.myworkdayjobs.com/en-US/Tempus_Careers/job/Remote---California/Bioinformatics-Engineer-II_JR202600797-1,Posted 7 Days Ago,2026-08-20,2026-08-06T14:41:55+00:00,2026-08-06 07:41 Thu,Other Technical,true,CLI,35,"The candidate has relevant biomedical imaging, computer vision, Python/C++ engineering, and machine learning experience, but lacks clear genomics, bioinformatics pipeline, sequencing, or computational biology expertise expected for a Bioinformatics Engineer II role.",false,workday:Tempus:/job/Remote---California/Bioinformatics-Engineer-II_JR202600797-1
Tempus:/job/Redwood-City/Bioinformatics-Scientist_JR202600784,Tempus,Bioinformatics Scientist,2 Locations,,https://tempus.wd5.myworkdayjobs.com/en-US/Tempus_Careers/job/Redwood-City/Bioinformatics-Scientist_JR202600784,Posted Today,2026-08-04,2026-08-04T19:59:41+00:00,2026-08-04 12:59 Tue,,false,,,,false,workday:Tempus:/job/Redwood-City/Bioinformatics-Scientist_JR202600784
Tempus:/job/Remote---Illinois/Business-Development-Director--Multi-Omics--DTC-Busin_JR202600423,Tempus,"Business Development Director, Multi-Omics (Government)",Remote---Illinois,,https://tempus.wd5.myworkdayjobs.com/en-US/Tempus_Careers/job/Remote---Illinois/Business-Development-Director--Multi-Omics--DTC-Busin_JR202600423,Posted 7 Days Ago,2026-08-12,2026-07-12T07:45:02+00:00,2026-07-12 00:45 Sun,,false,,,,false,workday:Tempus:/job/Remote---Illinois/Business-Development-Director--Multi-Omics--DTC-Busin_JR202600423
Tempus:/job/Remote---Tennessee/Clinical-Account-Associate--Clinical-Account-Associate--Nashville_JR202600587,Tempus,"Clinical Account Associate - TN, Asheville",Remote - Tennessee,,https://tempus.wd5.myworkdayjobs.com/en-US/Tempus_Careers/job/Remote---Tennessee/Clinical-Account-Associate--Clinical-Account-Associate--Nashville_JR202600587,Posted 30+ Days Ago,2026-06-12,2026-07-12T07:45:02+00:00,2026-07-12 00:45 Sun,,false,,,,false,workday:Tempus:/job/Remote---Tennessee/Clinical-Account-Associate--Clinical-Account-Associate--Nashville_JR202600587
Tempus:/job/Remote---North-Carolina/Clinical-Account-Associate--Blue-Ridge_JR202600744,Tempus,"Clinical Account Associate, Blue Ridge",2 Locations,,https://tempus.wd5.myworkdayjobs.com/en-US/Tempus_Careers/job/Remote---North-Carolina/Clinical-Account-Associate--Blue-Ridge_JR202600744,Posted 6 Days Ago,2026-07-22,2026-07-28T18:17:27+00:00,2026-07-28 11:17 Tue,,false,,,,false,workday:Tempus:/job/Remote---North-Carolina/Clinical-Account-Associate--Blue-Ridge_JR202600744
Tempus:/job/Remote---Texas/Clinical-Account-Associate--Dallas_JR202600810,Tempus,"Clinical Account Associate, Dallas",Remote - Texas,,https://tempus.wd5.myworkdayjobs.com/en-US/Tempus_Careers/job/Remote---Texas/Clinical-Account-Associate--Dallas_JR202600810,Posted 7 Days Ago,2026-08-19,2026-08-10T18:59:57+00:00,2026-08-10 11:59 Mon,,false,,,,false,workday:Tempus:/job/Remote---Texas/Clinical-Account-Associate--Dallas_JR202600810
Tempus:/job/Remote---Georgia/Clinical-Account-Associate--Georgia--Alabama--Mississippi_JR202600487,Tempus,"Clinical Account Associate, Georgia, Alabama, Mississippi",2 Locations,,https://tempus.wd5.myworkdayjobs.com/en-US/Tempus_Careers/job/Remote---Georgia/Clinical-Account-Associate--Georgia--Alabama--Mississippi_JR202600487,Posted 30+ Days Ago,2026-06-12,2026-07-12T07:45:02+00:00,2026-07-12 00:45 Sun,,false,,,,false,workday:Tempus:/job/Remote---Georgia/Clinical-Account-Associate--Georgia--Alabama--Mississippi_JR202600487
Tempus:/job/Remote/Clinical-Account-Associate--Kentucky---Tennessee_JR202600581,Tempus,"Clinical Account Associate, Kentucky",Remote,,https://tempus.wd5.myworkdayjobs.com/en-US/Tempus_Careers/job/Remote/Clinical-Account-Associate--Kentucky---Tennessee_JR202600581,Posted 30+ Days Ago,2026-06-12,2026-07-12T07:45:02+00:00,2026-07-12 00:45 Sun,,false,,,,false,workday:Tempus:/job/Remote/Clinical-Account-Associate--Kentucky---Tennessee_JR202600581
Tempus:/job/Remote---California/Clinical-Account-Associate--NorCal_JR202600700,Tempus,"Clinical Account Associate, NorCal",Remote - California,,https://tempus.wd5.myworkdayjobs.com/en-US/Tempus_Careers/job/Remote---California/Clinical-Account-Associate--NorCal_JR202600700,Posted Today,2026-07-20,2026-07-20T18:17:25+00:00,2026-07-20 11:17 Mon,,false,,,,false,workday:Tempus:/job/Remote---California/Clinical-Account-Associate--NorCal_JR202600700
Tempus:/job/Remote---Maine/Clinical-Account-Associate--New-England_JR202600645,Tempus,Clinical Account Associate- New England,6 Locations,,https://tempus.wd5.myworkdayjobs.com/en-US/Tempus_Careers/job/Remote---Maine/Clinical-Account-Associate--New-England_JR202600645,Posted 30+ Days Ago,2026-06-12,2026-07-12T07:45:02+00:00,2026-07-12 00:45 Sun,,false,,,,false,workday:Tempus:/job/Remote---Maine/Clinical-Account-Associate--New-England_JR202600645
Tempus:/job/Remote---Montana/Clinical-Account-Coordinator--Big-Horn-Basin_JR202600728,Tempus,"Clinical Account Coordinator, Big Horn Basin",Remote - Montana,,https://tempus.wd5.myworkdayjobs.com/en-US/Tempus_Careers/job/Remote---Montana/Clinical-Account-Coordinator--Big-Horn-Basin_JR202600728,Posted 7 Days Ago,2026-07-20,2026-07-27T22:17:22+00:00,2026-07-27 15:17 Mon,,false,,,,false,workday:Tempus:/job/Remote---Montana/Clinical-Account-Coordinator--Big-Horn-Basin_JR202600728
Tempus:/job/Remote---Indiana/Clinical-Account-Coordinator--South-Bend_JR202600727,Tempus,"Clinical Account Coordinator, South Bend",Remote - Indiana,,https://tempus.wd5.myworkdayjobs.com/en-US/Tempus_Careers/job/Remote---Indiana/Clinical-Account-Coordinator--South-Bend_JR202600727,Posted 7 Days Ago,2026-07-20,2026-07-27T18:41:48+00:00,2026-07-27 11:41 Mon,,false,,,,false,workday:Tempus:/job/Remote---Indiana/Clinical-Account-Coordinator--South-Bend_JR202600727
Tempus:/job/Remote---Ohio/Clinical-Account-Executive---Columbus--OH_JR202600416,Tempus,"Clinical Account Executive - Columbus, OH",Remote - Ohio,,https://tempus.wd5.myworkdayjobs.com/en-US/Tempus_Careers/job/Remote---Ohio/Clinical-Account-Executive---Columbus--OH_JR202600416,Posted 30+ Days Ago,2026-06-12,2026-07-12T07:45:02+00:00,2026-07-12 00:45 Sun,,false,,,,false,workday:Tempus:/job/Remote---Ohio/Clinical-Account-Executive---Columbus--OH_JR202600416
Tempus:/job/Remote---Georgia/Clinical-Account-Executive-Hereditary-Cancer---Atlanta--GA_JR202600822-1,Tempus,"Clinical Account Executive Hereditary Cancer - Atlanta, GA",Remote - Georgia,,https://tempus.wd5.myworkdayjobs.com/en-US/Tempus_Careers/job/Remote---Georgia/Clinical-Account-Executive-Hereditary-Cancer---Atlanta--GA_JR202600822-1,Posted 9 Days Ago,2026-08-12,2026-08-12T22:41:48+00:00,2026-08-12 15:41 Wed,,false,,,,false,workday:Tempus:/job/Remote---Georgia/Clinical-Account-Executive-Hereditary-Cancer---Atlanta--GA_JR202600822-1
Tempus:/job/Remote---Nebraska/Clinical-Account-Executive-Hereditary-Cancer---Nebraska_JR202600821-1,Tempus,Clinical Account Executive Hereditary Cancer - Nebraska,Remote - Nebraska,,https://tempus.wd5.myworkdayjobs.com/en-US/Tempus_Careers/job/Remote---Nebraska/Clinical-Account-Executive-Hereditary-Cancer---Nebraska_JR202600821-1,Posted 9 Days Ago,2026-08-12,2026-08-12T22:17:39+00:00,2026-08-12 15:17 Wed,,false,,,,false,workday:Tempus:/job/Remote---Nebraska/Clinical-Account-Executive-Hereditary-Cancer---Nebraska_JR202600821-1
Tempus:/job/Remote---Virginia/Clinical-Account-Executive-Hereditary-Cancer---Richmond--VA_JR202600818-1,Tempus,"Clinical Account Executive Hereditary Cancer - Richmond, VA",Remote - Virginia,,https://tempus.wd5.myworkdayjobs.com/en-US/Tempus_Careers/job/Remote---Virginia/Clinical-Account-Executive-Hereditary-Cancer---Richmond--VA_JR202600818-1,Posted Today,2026-08-12,2026-08-12T21:59:39+00:00,2026-08-12 14:59 Wed,,false,,,,false,workday:Tempus:/job/Remote---Virginia/Clinical-Account-Executive-Hereditary-Cancer---Richmond--VA_JR202600818-1
Tempus:/job/Remote---Missouri/Clinical-Account-Executive-Hereditary-Cancer---St-Louis--MO_JR202600820-1,Tempus,"Clinical Account Executive Hereditary Cancer - St. Louis, MO",Remote - Missouri,,https://tempus.wd5.myworkdayjobs.com/en-US/Tempus_Careers/job/Remote---Missouri/Clinical-Account-Executive-Hereditary-Cancer---St-Louis--MO_JR202600820-1,Posted 4 Days Ago,2026-08-24,2026-08-12T22:17:39+00:00,2026-08-12 15:17 Wed,,false,,,,false,workday:Tempus:/job/Remote---Missouri/Clinical-Account-Executive-Hereditary-Cancer---St-Louis--MO_JR202600820-1
Tempus:/job/Remote---Indiana/Clinical-Account-Executive-Oncology--Indianapolis_JR202600826,Tempus,"Clinical Account Executive Oncology, Indianapolis",Remote - Indiana,,https://tempus.wd5.myworkdayjobs.com/en-US/Tempus_Careers/job/Remote---Indiana/Clinical-Account-Executive-Oncology--Indianapolis_JR202600826,Posted 11 Days Ago,2026-08-13,2026-08-13T20:59:37+00:00,2026-08-13 13:59 Thu,,false,,,,false,workday:Tempus:/job/Remote---Indiana/Clinical-Account-Executive-Oncology--Indianapolis_JR202600826
Tempus:/job/Remote---Virginia/Clinical-Account-Executive-Rare-Disease---DC-Metro_JR202600683-1,Tempus,Clinical Account Executive Rare Disease - DC Metro,Remote - Virginia,,https://tempus.wd5.myworkdayjobs.com/en-US/Tempus_Careers/job/Remote---Virginia/Clinical-Account-Executive-Rare-Disease---DC-Metro_JR202600683-1,Posted 19 Days Ago,2026-06-26,2026-07-15T18:42:06+00:00,2026-07-15 11:42 Wed,,false,,,,false,workday:Tempus:/job/Remote---Virginia/Clinical-Account-Executive-Rare-Disease---DC-Metro_JR202600683-1
Tempus:/job/Remote---Virginia/Clinical-Account-Executive-Rare-Disease---NJ-NY_JR202600721,Tempus,Clinical Account Executive Rare Disease - NJ/NY,Remote - Virginia,,https://tempus.wd5.myworkdayjobs.com/en-US/Tempus_Careers/job/Remote---Virginia/Clinical-Account-Executive-Rare-Disease---NJ-NY_JR202600721,Posted Today,2026-07-27,2026-07-27T14:41:47+00:00,2026-07-27 07:41 Mon,,false,,,,false,workday:Tempus:/job/Remote---Virginia/Clinical-Account-Executive-Rare-Disease---NJ-NY_JR202600721
Tempus:/job/Remote---New-Jersey/Clinical-Account-Executive-Rare-Disease---NJ-NY_JR202600721,Tempus,Clinical Account Executive Rare Disease - NJ/NY,2 Locations,,https://tempus.wd5.myworkdayjobs.com/en-US/Tempus_Careers/job/Remote---New-Jersey/Clinical-Account-Executive-Rare-Disease---NJ-NY_JR202600721,Posted 7 Days Ago,2026-07-20,2026-07-27T15:41:40+00:00,2026-07-27 08:41 Mon,,false,,,,false,workday:Tempus:/job/Remote---New-Jersey/Clinical-Account-Executive-Rare-Disease---NJ-NY_JR202600721
Tempus:/job/Remote---Oregon/Rare-Disease-Account-Executive---Northwest--Alaska--Washington--Oregon--Idaho--Montana--Wyoming-_JR202501007,Tempus,"Clinical Account Executive Rare Disease - Oregon, Idaho, Wyoming & Montana",Remote---Oregon,,https://tempus.wd5.myworkdayjobs.com/en-US/Tempus_Careers/job/Remote---Oregon/Rare-Disease-Account-Executive---Northwest--Alaska--Washington--Oregon--Idaho--Montana--Wyoming-_JR202501007,Posted 7 Days Ago,2026-08-12,2026-07-12T07:45:02+00:00,2026-07-12 00:45 Sun,,false,,,,false,workday:Tempus:/job/Remote---Oregon/Rare-Disease-Account-Executive---Northwest--Alaska--Washington--Oregon--Idaho--Montana--Wyoming-_JR202501007
Tempus:/job/Remote---Washington/Clinical-Account-Executive-Rare-Disease---WA-AK_JR202600719-1,Tempus,Clinical Account Executive Rare Disease - WA/AK,2 Locations,,https://tempus.wd5.myworkdayjobs.com/en-US/Tempus_Careers/job/Remote---Washington/Clinical-Account-Executive-Rare-Disease---WA-AK_JR202600719-1,Posted Today,2026-07-27,2026-07-27T14:41:47+00:00,2026-07-27 07:41 Mon,,false,,,,false,workday:Tempus:/job/Remote---Washington/Clinical-Account-Executive-Rare-Disease---WA-AK_JR202600719-1
Tempus:/job/Remote---Texas/Clinical-Account-Executive--Clinical-Account-Executive--Houston_JR202600526,Tempus,"Clinical Account Executive, Houston",Remote - Texas,,https://tempus.wd5.myworkdayjobs.com/en-US/Tempus_Careers/job/Remote---Texas/Clinical-Account-Executive--Clinical-Account-Executive--Houston_JR202600526,Posted 30+ Days Ago,2026-06-12,2026-07-12T07:45:02+00:00,2026-07-12 00:45 Sun,,false,,,,false,workday:Tempus:/job/Remote---Texas/Clinical-Account-Executive--Clinical-Account-Executive--Houston_JR202600526
Tempus:/job/Remote---Florida/Clinical-Account-Executive--Jacksonville---Tyler--TX_JR202600666-1,Tempus,"Clinical Account Executive, Jacksonville",Remote - Florida,,https://tempus.wd5.myworkdayjobs.com/en-US/Tempus_Careers/job/Remote---Florida/Clinical-Account-Executive--Jacksonville---Tyler--TX_JR202600666-1,Posted 25 Days Ago,2026-06-17,2026-07-12T07:45:02+00:00,2026-07-12 00:45 Sun,,false,,,,false,workday:Tempus:/job/Remote---Florida/Clinical-Account-Executive--Jacksonville---Tyler--TX_JR202600666-1
Tempus:/job/Remote---Tennessee/Clinical-Account-Executive--Memphis_JR202600827,Tempus,"Clinical Account Executive, Memphis",Remote - Tennessee,,https://tempus.wd5.myworkdayjobs.com/en-US/Tempus_Careers/job/Remote---Tennessee/Clinical-Account-Executive--Memphis_JR202600827,Posted 11 Days Ago,2026-08-13,2026-08-13T20:59:37+00:00,2026-08-13 13:59 Thu,,false,,,,false,workday:Tempus:/job/Remote---Tennessee/Clinical-Account-Executive--Memphis_JR202600827
Tempus:/job/Milwaukee/Clinical-Account-Executive--Milwaukee_JR202600564,Tempus,"Clinical Account Executive, Milwaukee",Milwaukee,,https://tempus.wd5.myworkdayjobs.com/en-US/Tempus_Careers/job/Milwaukee/Clinical-Account-Executive--Milwaukee_JR202600564,Posted 30+ Days Ago,2026-06-12,2026-07-12T07:45:02+00:00,2026-07-12 00:45 Sun,,false,,,,false,workday:Tempus:/job/Milwaukee/Clinical-Account-Executive--Milwaukee_JR202600564
Tempus:/job/Remote---Illinois/Clinical-Account-Executive--nP---Illinois-Wisconsin_JR202600767,Tempus,"Clinical Account Executive, nP - Illinois/Wisconsin",2 Locations,,https://tempus.wd5.myworkdayjobs.com/en-US/Tempus_Careers/job/Remote---Illinois/Clinical-Account-Executive--nP---Illinois-Wisconsin_JR202600767,Posted 4 Days Ago,2026-07-26,2026-07-30T18:59:37+00:00,2026-07-30 11:59 Thu,,false,,,,false,workday:Tempus:/job/Remote---Illinois/Clinical-Account-Executive--nP---Illinois-Wisconsin_JR202600767
Tempus:/job/Remote---Florida/Clinical-Account-Executive--nP---Orlando-Sarasota-Tampa_JR202600766,Tempus,"Clinical Account Executive, nP - Orlando/Sarasota/Tampa",Remote - Florida,,https://tempus.wd5.myworkdayjobs.com/en-US/Tempus_Careers/job/Remote---Florida/Clinical-Account-Executive--nP---Orlando-Sarasota-Tampa_JR202600766,Posted Yesterday,2026-09-03,2026-07-30T18:41:42+00:00,2026-07-30 11:41 Thu,,false,,,,false,workday:Tempus:/job/Remote---Florida/Clinical-Account-Executive--nP---Orlando-Sarasota-Tampa_JR202600766
Tempus:/job/Remote---Missouri/Clinical-Account-Executive--nP-Kansas-City-St-Louis_JR202600768,Tempus,"Clinical Account Executive, nP Kansas City/St. Louis",Remote - Missouri,,https://tempus.wd5.myworkdayjobs.com/en-US/Tempus_Careers/job/Remote---Missouri/Clinical-Account-Executive--nP-Kansas-City-St-Louis_JR202600768,Posted 4 Days Ago,2026-07-26,2026-07-30T18:59:37+00:00,2026-07-30 11:59 Thu,,false,,,,false,workday:Tempus:/job/Remote---Missouri/Clinical-Account-Executive--nP-Kansas-City-St-Louis_JR202600768
Tempus:/job/Remote---Louisiana/Clinical-Account-Executive--Shreveport---Tyler--TX_JR202600669,Tempus,"Clinical Account Executive, Shreveport / Tyler, TX",2 Locations,,https://tempus.wd5.myworkdayjobs.com/en-US/Tempus_Careers/job/Remote---Louisiana/Clinical-Account-Executive--Shreveport---Tyler--TX_JR202600669,Posted 25 Days Ago,2026-06-17,2026-07-12T07:45:02+00:00,2026-07-12 00:45 Sun,,false,,,,false,workday:Tempus:/job/Remote---Louisiana/Clinical-Account-Executive--Shreveport---Tyler--TX_JR202600669
Tempus:/job/Remote---New-Jersey/Clinical-Account-Executive--Atlantic-City_JR202600842,Tempus,"Clinical Account Executive, Southern New Jersey",Remote - New Jersey,,https://tempus.wd5.myworkdayjobs.com/en-US/Tempus_Careers/job/Remote---New-Jersey/Clinical-Account-Executive--Atlantic-City_JR202600842,Posted 4 Days Ago,2026-08-24,2026-08-21T19:38:39+00:00,2026-08-21 12:38 Fri,,false,,,,false,workday:Tempus:/job/Remote---New-Jersey/Clinical-Account-Executive--Atlantic-City_JR202600842
Tempus:/job/Remote---Texas/Clinical-Account-Executive--Hereditary-Cancer---Austin-San-Antonio_JR202600678-1,Tempus,Clinical Account Executive: Hereditary Cancer - Austin/San Antonio,Remote - Texas,,https://tempus.wd5.myworkdayjobs.com/en-US/Tempus_Careers/job/Remote---Texas/Clinical-Account-Executive--Hereditary-Cancer---Austin-San-Antonio_JR202600678-1,Posted 19 Days Ago,2026-06-26,2026-07-15T14:41:28+00:00,2026-07-15 07:41 Wed,,false,,,,false,workday:Tempus:/job/Remote---Texas/Clinical-Account-Executive--Hereditary-Cancer---Austin-San-Antonio_JR202600678-1
Tempus:/job/Seattle/Clinical-Account-Executive--Hereditary-Cancer---Seattle-South-Downtown_JR202600611-1,Tempus,Clinical Account Executive: Hereditary Cancer - Seattle South,Seattle,,https://tempus.wd5.myworkdayjobs.com/en-US/Tempus_Careers/job/Seattle/Clinical-Account-Executive--Hereditary-Cancer---Seattle-South-Downtown_JR202600611-1,Posted 6 Days Ago,2026-07-06,2026-07-12T07:45:02+00:00,2026-07-12 00:45 Sun,,false,,,,false,workday:Tempus:/job/Seattle/Clinical-Account-Executive--Hereditary-Cancer---Seattle-South-Downtown_JR202600611-1
Tempus:/job/Remote---USA/Clinical-Assistant-I_JR202600829-1,Tempus,Clinical Assistant I (Pacific Time Zone),Remote - USA,,https://tempus.wd5.myworkdayjobs.com/en-US/Tempus_Careers/job/Remote---USA/Clinical-Assistant-I_JR202600829-1,Posted 8 Days Ago,2026-08-18,2026-08-14T19:42:07+00:00,2026-08-14 12:42 Fri,,false,,,,false,workday:Tempus:/job/Remote---USA/Clinical-Assistant-I_JR202600829-1
Tempus:/job/Chicago/Clinical-Data-Abstractor-I_JR202600513,Tempus,Clinical Data Abstractor I,2 Locations,,https://tempus.wd5.myworkdayjobs.com/en-US/Tempus_Careers/job/Chicago/Clinical-Data-Abstractor-I_JR202600513,Posted 30+ Days Ago,2026-06-12,2026-07-12T07:45:02+00:00,2026-07-12 00:45 Sun,,false,,,,false,workday:Tempus:/job/Chicago/Clinical-Data-Abstractor-I_JR202600513
Tempus:/job/Ambry-Headquarters/Clinical-Genomic-Scientist-II--genome-analyst---REMOTE--USA_JR202600798-1,Tempus,"Clinical Genomic Scientist II (genome analyst): REMOTE, USA",Ambry Headquarters,,https://tempus.wd5.myworkdayjobs.com/en-US/Tempus_Careers/job/Ambry-Headquarters/Clinical-Genomic-Scientist-II--genome-analyst---REMOTE--USA_JR202600798-1,Posted Today,2026-08-06,2026-08-06T15:42:32+00:00,2026-08-06 08:42 Thu,,false,,,,false,workday:Tempus:/job/Ambry-Headquarters/Clinical-Genomic-Scientist-II--genome-analyst---REMOTE--USA_JR202600798-1
Tempus:/job/Ambry-Headquarters/Clinical-Genomic-Scientist-II--genome-analyst---REMOTE--USA_JR202600858,Tempus,"Clinical Genomic Scientist II (genome analyst): REMOTE, USA",Ambry Headquarters,,https://tempus.wd5.myworkdayjobs.com/en-US/Tempus_Careers/job/Ambry-Headquarters/Clinical-Genomic-Scientist-II--genome-analyst---REMOTE--USA_JR202600858,Posted 7 Days Ago,2026-08-28,2026-08-28T15:59:39+00:00,2026-08-28 08:59 Fri,,false,,,,false,workday:Tempus:/job/Ambry-Headquarters/Clinical-Genomic-Scientist-II--genome-analyst---REMOTE--USA_JR202600858
Tempus:/job/Chicago/Clinical-Lab-Associate-I_JR202600490,Tempus,Clinical Lab Associate I,Chicago,,https://tempus.wd5.myworkdayjobs.com/en-US/Tempus_Careers/job/Chicago/Clinical-Lab-Associate-I_JR202600490,Posted 30+ Days Ago,2026-06-12,2026-07-12T07:45:02+00:00,2026-07-12 00:45 Sun,,false,,,,false,workday:Tempus:/job/Chicago/Clinical-Lab-Associate-I_JR202600490
Tempus:/job/Minneapolis/Clinical-Lab-Associate--Accessioning_JR202600628,Tempus,"Clinical Lab Associate I-II, Accessioning",Minneapolis,,https://tempus.wd5.myworkdayjobs.com/en-US/Tempus_Careers/job/Minneapolis/Clinical-Lab-Associate--Accessioning_JR202600628,Posted 28 Days Ago,2026-06-14,2026-07-12T07:45:02+00:00,2026-07-12 00:45 Sun,,false,,,,false,workday:Tempus:/job/Minneapolis/Clinical-Lab-Associate--Accessioning_JR202600628
Tempus:/job/Atlanta/Lead-Clinical-Lab-Associate-III---Accessioning_JR202600429,Tempus,Clinical Lab Associate I-III - Accessioning,Atlanta,,https://tempus.wd5.myworkdayjobs.com/en-US/Tempus_Careers/job/Atlanta/Lead-Clinical-Lab-Associate-III---Accessioning_JR202600429,Posted 30+ Days Ago,2026-06-12,2026-07-12T07:45:02+00:00,2026-07-12 00:45 Sun,,false,,,,false,workday:Tempus:/job/Atlanta/Lead-Clinical-Lab-Associate-III---Accessioning_JR202600429
Tempus:/job/Chicago/Clinical-Operations-Coordinator--Reference-Lab-_JR202600717,Tempus,Clinical Operations Coordinator (Reference Lab),Chicago,,https://tempus.wd5.myworkdayjobs.com/en-US/Tempus_Careers/job/Chicago/Clinical-Operations-Coordinator--Reference-Lab-_JR202600717,Posted 5 Days Ago,2026-07-22,2026-07-27T13:41:49+00:00,2026-07-27 06:41 Mon,,false,,,,false,workday:Tempus:/job/Chicago/Clinical-Operations-Coordinator--Reference-Lab-_JR202600717
Tempus:/job/Chicago/Clinical-Operations-Coordinator--Reference-Lab-_JR202600865,Tempus,Clinical Operations Coordinator (Reference Lab),Chicago,,https://tempus.wd5.myworkdayjobs.com/en-US/Tempus_Careers/job/Chicago/Clinical-Operations-Coordinator--Reference-Lab-_JR202600865,Posted 3 Days Ago,2026-09-01,2026-09-01T21:18:19+00:00,2026-09-01 14:18 Tue,AI / ML,true,CLI,18,"The candidate meets the experience range and has some clinical-team coordination and quality-oriented workflow experience, but lacks the required healthcare operations background, biological or healthcare administration education, reference-lab operations, PHI, and FDA-regulated compliance experience.",false,workday:Tempus:/job/Chicago/Clinical-Operations-Coordinator--Reference-Lab-_JR202600865
Tempus:/job/Chicago/Clinical-Operations-Coordinator--Report-Gen-_JR202600720,Tempus,Clinical Operations Coordinator (Report Gen),Chicago,,https://tempus.wd5.myworkdayjobs.com/en-US/Tempus_Careers/job/Chicago/Clinical-Operations-Coordinator--Report-Gen-_JR202600720,Posted 7 Days Ago,2026-07-20,2026-07-27T14:41:47+00:00,2026-07-27 07:41 Mon,,false,,,,false,workday:Tempus:/job/Chicago/Clinical-Operations-Coordinator--Report-Gen-_JR202600720
Tempus:/job/Chicago/Clinical-Terminologist_JR202600833,Tempus,Clinical Terminologist,Chicago,,https://tempus.wd5.myworkdayjobs.com/en-US/Tempus_Careers/job/Chicago/Clinical-Terminologist_JR202600833,Posted 8 Days Ago,2026-08-18,2026-08-18T14:12:13+00:00,2026-08-18 07:12 Tue,,false,,,,false,workday:Tempus:/job/Chicago/Clinical-Terminologist_JR202600833
Tempus:/job/Chicago/Compensation-Manager_JR202600848,Tempus,Compensation Manager,Chicago,,https://tempus.wd5.myworkdayjobs.com/en-US/Tempus_Careers/job/Chicago/Compensation-Manager_JR202600848,Posted 7 Days Ago,2026-08-25,2026-08-25T22:48:52+00:00,2026-08-25 15:48 Tue,,false,,,,false,workday:Tempus:/job/Chicago/Compensation-Manager_JR202600848
Tempus:/job/Chicago/Contract-Recruiter_JR202600659,Tempus,Contract Recruiter,Chicago,,https://tempus.wd5.myworkdayjobs.com/en-US/Tempus_Careers/job/Chicago/Contract-Recruiter_JR202600659,Posted 28 Days Ago,2026-06-14,2026-07-12T07:45:02+00:00,2026-07-12 00:45 Sun,,false,,,,false,workday:Tempus:/job/Chicago/Contract-Recruiter_JR202600659
Tempus:/job/Chicago/Corporate-Counsel_JR202600803-1,Tempus,Corporate Counsel (Remote),Chicago,,https://tempus.wd5.myworkdayjobs.com/en-US/Tempus_Careers/job/Chicago/Corporate-Counsel_JR202600803-1,Posted 8 Days Ago,2026-08-26,2026-08-06T23:41:52+00:00,2026-08-06 16:41 Thu,,false,,,,false,workday:Tempus:/job/Chicago/Corporate-Counsel_JR202600803-1
Tempus:/job/Chicago/Customer-Success-Manager_JR202600580,Tempus,Customer Operations Manager,Chicago,,https://tempus.wd5.myworkdayjobs.com/en-US/Tempus_Careers/job/Chicago/Customer-Success-Manager_JR202600580,Posted 4 Days Ago,2026-07-10,2026-07-14T14:17:06+00:00,2026-07-14 07:17 Tue,,false,,,,false,workday:Tempus:/job/Chicago/Customer-Success-Manager_JR202600580
Tempus:/job/Remote---Illinois/Customer-Service-Representative_JR202600748,Tempus,Customer Service Representative,Remote - Illinois,,https://tempus.wd5.myworkdayjobs.com/en-US/Tempus_Careers/job/Remote---Illinois/Customer-Service-Representative_JR202600748,Posted 6 Days Ago,2026-07-22,2026-07-28T23:56:06+00:00,2026-07-28 16:56 Tue,,false,,,,false,workday:Tempus:/job/Remote---Illinois/Customer-Service-Representative_JR202600748
Tempus:/job/Remote---Illinois/Customer-Service-Representative_JR202600749,Tempus,Customer Service Representative,Remote - Illinois,,https://tempus.wd5.myworkdayjobs.com/en-US/Tempus_Careers/job/Remote---Illinois/Customer-Service-Representative_JR202600749,Posted 6 Days Ago,2026-07-22,2026-07-28T23:56:06+00:00,2026-07-28 16:56 Tue,,false,,,,false,workday:Tempus:/job/Remote---Illinois/Customer-Service-Representative_JR202600749
Tempus:/job/Remote---Illinois/Customer-Service-Representative_JR202600819,Tempus,Customer Service Representative,Remote - Illinois,,https://tempus.wd5.myworkdayjobs.com/en-US/Tempus_Careers/job/Remote---Illinois/Customer-Service-Representative_JR202600819,Posted Today,2026-08-12,2026-08-12T21:59:39+00:00,2026-08-12 14:59 Wed,,false,,,,false,workday:Tempus:/job/Remote---Illinois/Customer-Service-Representative_JR202600819
Tempus:/job/Chicago/Customer-Success-AI-Strategy---Agent-Development-Lead_JR202600314,Tempus,Customer Success AI Strategy & Agent Development Lead,Chicago,,https://tempus.wd5.myworkdayjobs.com/en-US/Tempus_Careers/job/Chicago/Customer-Success-AI-Strategy---Agent-Development-Lead_JR202600314,Posted 30+ Days Ago,2026-06-12,2026-07-12T07:45:02+00:00,2026-07-12 00:45 Sun,,false,,,,false,workday:Tempus:/job/Chicago/Customer-Success-AI-Strategy---Agent-Development-Lead_JR202600314
Tempus:/job/Chicago/Customer-Success-Representative_JR202500439-1,Tempus,Customer Success Representative,3 Locations,,https://tempus.wd5.myworkdayjobs.com/en-US/Tempus_Careers/job/Chicago/Customer-Success-Representative_JR202500439-1,Posted 30+ Days Ago,2026-06-12,2026-07-12T07:45:02+00:00,2026-07-12 00:45 Sun,,false,,,,false,workday:Tempus:/job/Chicago/Customer-Success-Representative_JR202500439-1
Tempus:/job/New-York-City/Data-Abstractor-I_JR202600679,Tempus,Data Abstractor I,New York City,,https://tempus.wd5.myworkdayjobs.com/en-US/Tempus_Careers/job/New-York-City/Data-Abstractor-I_JR202600679,Posted 14 Days Ago,2026-07-06,2026-07-20T18:59:37+00:00,2026-07-20 11:59 Mon,,false,,,,false,workday:Tempus:/job/New-York-City/Data-Abstractor-I_JR202600679
Tempus:/job/Chicago/Data-Architect--Next-Platform_JR202600742-1,Tempus,"Data Architect, Next Platform",4 Locations,,https://tempus.wd5.myworkdayjobs.com/en-US/Tempus_Careers/job/Chicago/Data-Architect--Next-Platform_JR202600742-1,Posted 5 Days Ago,2026-07-24,2026-07-29T20:59:36+00:00,2026-07-29 13:59 Wed,,false,,,,false,workday:Tempus:/job/Chicago/Data-Architect--Next-Platform_JR202600742-1
Tempus:/job/Chicago/Data-Scientist-II--Outcomes-Research_JR202600492,Tempus,"Data Scientist II, Outcomes Research",4 Locations,,https://tempus.wd5.myworkdayjobs.com/en-US/Tempus_Careers/job/Chicago/Data-Scientist-II--Outcomes-Research_JR202600492,Posted 30+ Days Ago,2026-06-12,2026-07-12T07:45:02+00:00,2026-07-12 00:45 Sun,,false,,,,false,workday:Tempus:/job/Chicago/Data-Scientist-II--Outcomes-Research_JR202600492
Tempus:/job/Chicago/Detection-Engineer_JR202600546,Tempus,Detection Engineer,Chicago,,https://tempus.wd5.myworkdayjobs.com/en-US/Tempus_Careers/job/Chicago/Detection-Engineer_JR202600546,Posted 30+ Days Ago,2026-06-12,2026-07-12T07:45:02+00:00,2026-07-12 00:45 Sun,,false,,,,false,workday:Tempus:/job/Chicago/Detection-Engineer_JR202600546
Tempus:/job/Chicago/Director-of-Data---AI-Partnerships--Life-Sciences_JR202600503,Tempus,"Director of Data & AI Partnerships, Life Sciences",4 Locations,,https://tempus.wd5.myworkdayjobs.com/en-US/Tempus_Careers/job/Chicago/Director-of-Data---AI-Partnerships--Life-Sciences_JR202600503,Posted 30+ Days Ago,2026-06-12,2026-07-12T07:45:02+00:00,2026-07-12 00:45 Sun,,false,,,,false,workday:Tempus:/job/Chicago/Director-of-Data---AI-Partnerships--Life-Sciences_JR202600503
Tempus:/job/Chicago/Director-of-Operations--CS_JR202600773,Tempus,"Director of Operations, CS",Chicago,,https://tempus.wd5.myworkdayjobs.com/en-US/Tempus_Careers/job/Chicago/Director-of-Operations--CS_JR202600773,Posted 3 Days Ago,2026-07-28,2026-07-31T18:17:52+00:00,2026-07-31 11:17 Fri,,false,,,,false,workday:Tempus:/job/Chicago/Director-of-Operations--CS_JR202600773
Tempus:/job/Chicago/Director---GCP--Quality-Assurance_JR202600802,Tempus,"Director, (GCP) Quality Assurance",Chicago,,https://tempus.wd5.myworkdayjobs.com/en-US/Tempus_Careers/job/Chicago/Director---GCP--Quality-Assurance_JR202600802,Posted Today,2026-08-06,2026-08-06T23:41:52+00:00,2026-08-06 16:41 Thu,,false,,,,false,workday:Tempus:/job/Chicago/Director---GCP--Quality-Assurance_JR202600802
Tempus:/job/Chicago/Director--Biostatistics_JR202600179,Tempus,"Director, Biostatistics",5 Locations,,https://tempus.wd5.myworkdayjobs.com/en-US/Tempus_Careers/job/Chicago/Director--Biostatistics_JR202600179,Posted 30+ Days Ago,2026-06-12,2026-07-12T07:45:02+00:00,2026-07-12 00:45 Sun,,false,,,,false,workday:Tempus:/job/Chicago/Director--Biostatistics_JR202600179
Tempus:/job/Remote---Illinois/Solutions-Director--TIME_JR202600556,Tempus,"Director, Business Development",Remote - Illinois,,https://tempus.wd5.myworkdayjobs.com/en-US/Tempus_Careers/job/Remote---Illinois/Solutions-Director--TIME_JR202600556,Posted Today,2026-08-05,2026-08-05T20:00:09+00:00,2026-08-05 13:00 Wed,,false,,,,false,workday:Tempus:/job/Remote---Illinois/Solutions-Director--TIME_JR202600556
Tempus:/job/Remote---Illinois/XMLNAME--Senior--Director--Business-Development---Pharma-Services_JR202600555,Tempus,"Director, Business Development - AI Drug Discovery",Remote - Illinois,,https://tempus.wd5.myworkdayjobs.com/en-US/Tempus_Careers/job/Remote---Illinois/XMLNAME--Senior--Director--Business-Development---Pharma-Services_JR202600555,Posted 7 Days Ago,2026-08-20,2026-07-12T07:45:02+00:00,2026-07-12 00:45 Sun,,false,,,,false,workday:Tempus:/job/Remote---Illinois/XMLNAME--Senior--Director--Business-Development---Pharma-Services_JR202600555
Tempus:/job/Remote---New-York/Director--Business-Development---AI-Products_JR202600292-1,Tempus,"Director, Business Development - AI Products",2 Locations,,https://tempus.wd5.myworkdayjobs.com/en-US/Tempus_Careers/job/Remote---New-York/Director--Business-Development---AI-Products_JR202600292-1,Posted 30+ Days Ago,2026-06-12,2026-07-12T07:45:02+00:00,2026-07-12 00:45 Sun,,false,,,,false,workday:Tempus:/job/Remote---New-York/Director--Business-Development---AI-Products_JR202600292-1
Tempus:/job/Chicago/Senior-Product-and-Operations-Manager--HYBRID--Chicago--NY--NC-_JR202600671-2,Tempus,"Director, Data Product & Operations (HYBRID: Chicago, NYC, RTP)",3 Locations,,https://tempus.wd5.myworkdayjobs.com/en-US/Tempus_Careers/job/Chicago/Senior-Product-and-Operations-Manager--HYBRID--Chicago--NY--NC-_JR202600671-2,Posted 11 Days Ago,2026-07-01,2026-07-12T07:45:02+00:00,2026-07-12 00:45 Sun,,false,,,,false,workday:Tempus:/job/Chicago/Senior-Product-and-Operations-Manager--HYBRID--Chicago--NY--NC-_JR202600671-2
Tempus:/job/Chicago/Director--Epidemiology---Methodological-Innovation_JR202600382,Tempus,"Director, Epidemiology & Methodological Innovation",Chicago,,https://tempus.wd5.myworkdayjobs.com/en-US/Tempus_Careers/job/Chicago/Director--Epidemiology---Methodological-Innovation_JR202600382,Posted 30+ Days Ago,2026-06-12,2026-07-12T07:45:02+00:00,2026-07-12 00:45 Sun,,false,,,,false,workday:Tempus:/job/Chicago/Director--Epidemiology---Methodological-Innovation_JR202600382
Tempus:/job/Remote---USA/Director--Epidemiology---Methodological-Innovation_JR202600382,Tempus,"Director, Epidemiology & Methodological Innovation",Remote---USA,,https://tempus.wd5.myworkdayjobs.com/en-US/Tempus_Careers/job/Remote---USA/Director--Epidemiology---Methodological-Innovation_JR202600382,Posted Today,2026-08-11,2026-08-11T21:07:06+00:00,2026-08-11 14:07 Tue,,false,,,,false,workday:Tempus:/job/Remote---USA/Director--Epidemiology---Methodological-Innovation_JR202600382
Tempus:/job/Chicago/Director--Strategy---Operations_JR202600718,Tempus,"Director, Strategy & Operations",3 Locations,,https://tempus.wd5.myworkdayjobs.com/en-US/Tempus_Careers/job/Chicago/Director--Strategy---Operations_JR202600718,Posted 7 Days Ago,2026-07-20,2026-07-27T14:41:47+00:00,2026-07-27 07:41 Mon,,false,,,,false,workday:Tempus:/job/Chicago/Director--Strategy---Operations_JR202600718
Tempus:/job/New-York-City/Director--Strategy---Operations---Life-Sciences-AI-Products_JR202600576,Tempus,"Director, Strategy & Operations - Life Sciences AI Products",New York City,,https://tempus.wd5.myworkdayjobs.com/en-US/Tempus_Careers/job/New-York-City/Director--Strategy---Operations---Life-Sciences-AI-Products_JR202600576,Posted 23 Days Ago,2026-06-19,2026-07-12T07:45:02+00:00,2026-07-12 00:45 Sun,,false,,,,false,workday:Tempus:/job/New-York-City/Director--Strategy---Operations---Life-Sciences-AI-Products_JR202600576
Tempus:/job/Chicago/Engineer-I---Laboratory-Automation_JR202600414,Tempus,Engineer I - Laboratory Automation,Chicago,,https://tempus.wd5.myworkdayjobs.com/en-US/Tempus_Careers/job/Chicago/Engineer-I---Laboratory-Automation_JR202600414,Posted 30+ Days Ago,2026-06-12,2026-07-12T07:45:02+00:00,2026-07-12 00:45 Sun,,false,,,,false,workday:Tempus:/job/Chicago/Engineer-I---Laboratory-Automation_JR202600414
Tempus:/job/Remote---New-York/Enterprise-Account-Manager_JR202600588-1,Tempus,Enterprise Account Manager - Northeast,9 Locations,,https://tempus.wd5.myworkdayjobs.com/en-US/Tempus_Careers/job/Remote---New-York/Enterprise-Account-Manager_JR202600588-1,Posted 18 Days Ago,2026-06-24,2026-07-12T07:45:02+00:00,2026-07-12 00:45 Sun,,false,,,,false,workday:Tempus:/job/Remote---New-York/Enterprise-Account-Manager_JR202600588-1
Tempus:/job/Remote---DC-Washington/Enterprise-Solutions-Director--DC--Virginia_JR202600284,Tempus,"Enterprise Solutions Director, DC/ Virginia",3 Locations,,https://tempus.wd5.myworkdayjobs.com/en-US/Tempus_Careers/job/Remote---DC-Washington/Enterprise-Solutions-Director--DC--Virginia_JR202600284,Posted 30+ Days Ago,2026-06-12,2026-07-12T07:45:02+00:00,2026-07-12 00:45 Sun,,false,,,,false,workday:Tempus:/job/Remote---DC-Washington/Enterprise-Solutions-Director--DC--Virginia_JR202600284
Tempus:/job/Remote---Illinois/Enterprise-Solutions-Director--Government-Accounts_JR202600169-1,Tempus,"Enterprise Solutions Director, Government Accounts",3 Locations,,https://tempus.wd5.myworkdayjobs.com/en-US/Tempus_Careers/job/Remote---Illinois/Enterprise-Solutions-Director--Government-Accounts_JR202600169-1,Posted 30+ Days Ago,2026-06-12,2026-07-12T07:45:02+00:00,2026-07-12 00:45 Sun,,false,,,,false,workday:Tempus:/job/Remote---Illinois/Enterprise-Solutions-Director--Government-Accounts_JR202600169-1
Tempus:/job/Chicago/GenAI-Product-Builder_JR202600350,Tempus,GenAI Product Builder,Chicago,,https://tempus.wd5.myworkdayjobs.com/en-US/Tempus_Careers/job/Chicago/GenAI-Product-Builder_JR202600350,Posted 30+ Days Ago,2026-06-12,2026-07-12T07:45:02+00:00,2026-07-12 00:45 Sun,,false,,,,false,workday:Tempus:/job/Chicago/GenAI-Product-Builder_JR202600350
Tempus:/job/Remote---Texas/Genomic-Science-Liaison-I--HCT--South-Central-region---Remote--USA_JR202600461-2,Tempus,"Genomic Science Liaison I, HCT (South Central region): Remote, USA",3 Locations,,https://tempus.wd5.myworkdayjobs.com/en-US/Tempus_Careers/job/Remote---Texas/Genomic-Science-Liaison-I--HCT--South-Central-region---Remote--USA_JR202600461-2,Posted 30+ Days Ago,2026-06-12,2026-07-12T07:45:02+00:00,2026-07-12 00:45 Sun,,false,,,,false,workday:Tempus:/job/Remote---Texas/Genomic-Science-Liaison-I--HCT--South-Central-region---Remote--USA_JR202600461-2
Tempus:/job/Remote---New-York/Genomic-Science-Liaison-I--HCT--Tri-State-region---Remote--USA_JR202600637-1,Tempus,"Genomic Science Liaison I, HCT (Tri-State region): Remote, USA",4 Locations,,https://tempus.wd5.myworkdayjobs.com/en-US/Tempus_Careers/job/Remote---New-York/Genomic-Science-Liaison-I--HCT--Tri-State-region---Remote--USA_JR202600637-1,Posted 11 Days Ago,2026-07-01,2026-07-12T07:45:02+00:00,2026-07-12 00:45 Sun,,false,,,,false,workday:Tempus:/job/Remote---New-York/Genomic-Science-Liaison-I--HCT--Tri-State-region---Remote--USA_JR202600637-1
Tempus:/job/Chicago/Tradeshow---Event-Strategy-Manager--Data---Apps_JR202600277,Tempus,"Head of Data & Apps Tradeshow & Conference Strategy, Manager",Chicago,,https://tempus.wd5.myworkdayjobs.com/en-US/Tempus_Careers/job/Chicago/Tradeshow---Event-Strategy-Manager--Data---Apps_JR202600277,Posted 8 Days Ago,2026-08-17,2026-07-24T21:41:12+00:00,2026-07-24 14:41 Fri,,false,,,,false,workday:Tempus:/job/Chicago/Tradeshow---Event-Strategy-Manager--Data---Apps_JR202600277
Tempus:/job/Chicago/Head-of-Marketing_JR202600505,Tempus,Head of Marketing,2 Locations,,https://tempus.wd5.myworkdayjobs.com/en-US/Tempus_Careers/job/Chicago/Head-of-Marketing_JR202600505,Posted 30+ Days Ago,2026-06-12,2026-07-12T07:45:02+00:00,2026-07-12 00:45 Sun,,false,,,,false,workday:Tempus:/job/Chicago/Head-of-Marketing_JR202600505
Tempus:/job/Chicago/Histology-Assistant_JR202600635,Tempus,Histology Assistant,Chicago,,https://tempus.wd5.myworkdayjobs.com/en-US/Tempus_Careers/job/Chicago/Histology-Assistant_JR202600635,Posted 30+ Days Ago,2026-06-12,2026-07-12T07:45:02+00:00,2026-07-12 00:45 Sun,,false,,,,false,workday:Tempus:/job/Chicago/Histology-Assistant_JR202600635
Tempus:/job/Chicago/Histotechnologist-II_JR202600473,Tempus,Histotechnologist II,Chicago,,https://tempus.wd5.myworkdayjobs.com/en-US/Tempus_Careers/job/Chicago/Histotechnologist-II_JR202600473,Posted 19 Days Ago,2026-06-23,2026-07-12T07:45:02+00:00,2026-07-12 00:45 Sun,,false,,,,false,workday:Tempus:/job/Chicago/Histotechnologist-II_JR202600473
Tempus:/job/Ambry-Headquarters/Human-Resources-Coordinator_JR202600557-1,Tempus,Human Resources Coordinator,Ambry Headquarters,,https://tempus.wd5.myworkdayjobs.com/en-US/Tempus_Careers/job/Ambry-Headquarters/Human-Resources-Coordinator_JR202600557-1,Posted 30+ Days Ago,2026-06-12,2026-07-12T07:45:02+00:00,2026-07-12 00:45 Sun,,false,,,,false,workday:Tempus:/job/Ambry-Headquarters/Human-Resources-Coordinator_JR202600557-1
Tempus:/job/Remote---Texas/Hunter-Account-Executive--HCT---DFW_JR202600762-1,Tempus,"Hunter Account Executive, HCT - DFW",Remote - Texas,,https://tempus.wd5.myworkdayjobs.com/en-US/Tempus_Careers/job/Remote---Texas/Hunter-Account-Executive--HCT---DFW_JR202600762-1,Posted 5 Days Ago,2026-07-24,2026-07-29T21:41:15+00:00,2026-07-29 14:41 Wed,,false,,,,false,workday:Tempus:/job/Remote---Texas/Hunter-Account-Executive--HCT---DFW_JR202600762-1
Tempus:/job/Remote---California/Hunter-Account-Executive--HCT---Los-Angeles-Orange-County_JR202600592-1,Tempus,"Hunter Account Executive, HCT - Los Angeles/Orange County",Remote - California,,https://tempus.wd5.myworkdayjobs.com/en-US/Tempus_Careers/job/Remote---California/Hunter-Account-Executive--HCT---Los-Angeles-Orange-County_JR202600592-1,Posted 27 Days Ago,2026-06-15,2026-07-12T07:45:02+00:00,2026-07-12 00:45 Sun,,false,,,,false,workday:Tempus:/job/Remote---California/Hunter-Account-Executive--HCT---Los-Angeles-Orange-County_JR202600592-1
Tempus:/job/Remote---California/Hunter-Account-Executive--HCT---South-Seattle_JR202600597-1,Tempus,"Hunter Account Executive, HCT - Sacramento",Remote - California,,https://tempus.wd5.myworkdayjobs.com/en-US/Tempus_Careers/job/Remote---California/Hunter-Account-Executive--HCT---South-Seattle_JR202600597-1,Posted 27 Days Ago,2026-06-15,2026-07-12T07:45:02+00:00,2026-07-12 00:45 Sun,,false,,,,false,workday:Tempus:/job/Remote---California/Hunter-Account-Executive--HCT---South-Seattle_JR202600597-1
Tempus:/job/Remote---New-York/Hunter-Account-Executive--HCT---Tri-State_JR202600589-1,Tempus,"Hunter Account Executive, HCT - Tri-State",Remote - New York,,https://tempus.wd5.myworkdayjobs.com/en-US/Tempus_Careers/job/Remote---New-York/Hunter-Account-Executive--HCT---Tri-State_JR202600589-1,Posted 27 Days Ago,2026-06-15,2026-07-12T07:45:02+00:00,2026-07-12 00:45 Sun,,false,,,,false,workday:Tempus:/job/Remote---New-York/Hunter-Account-Executive--HCT---Tri-State_JR202600589-1
Tempus:/job/Remote/Hunter-Clinical-Account-Executive--HCT---Chicago_JR202600619-1,Tempus,"Hunter Clinical Account Executive, HCT - St. Louis, MO",Remote,,https://tempus.wd5.myworkdayjobs.com/en-US/Tempus_Careers/job/Remote/Hunter-Clinical-Account-Executive--HCT---Chicago_JR202600619-1,Posted 8 Days Ago,2026-08-24,2026-08-12T22:06:45+00:00,2026-08-12 15:06 Wed,,false,,,,false,workday:Tempus:/job/Remote/Hunter-Clinical-Account-Executive--HCT---Chicago_JR202600619-1
Tempus:/job/Remote---International/International-MSL_JR202600692,Tempus,International MSL,Remote - International,,https://tempus.wd5.myworkdayjobs.com/en-US/Tempus_Careers/job/Remote---International/International-MSL_JR202600692,Posted 13 Days Ago,2026-07-08,2026-07-21T13:41:25+00:00,2026-07-21 06:41 Tue,,false,,,,false,workday:Tempus:/job/Remote---International/International-MSL_JR202600692
Tempus:/job/Chicago/Service-Desk-Manager_JR202600529,Tempus,IT Service Desk Manager,Chicago,,https://tempus.wd5.myworkdayjobs.com/en-US/Tempus_Careers/job/Chicago/Service-Desk-Manager_JR202600529,Posted 30+ Days Ago,2026-06-12,2026-07-12T07:45:02+00:00,2026-07-12 00:45 Sun,,false,,,,false,workday:Tempus:/job/Chicago/Service-Desk-Manager_JR202600529
Tempus:/job/Chicago/IT-Support-Specialist_JR202600670,Tempus,IT Support Specialist,Chicago,,https://tempus.wd5.myworkdayjobs.com/en-US/Tempus_Careers/job/Chicago/IT-Support-Specialist_JR202600670,Posted 25 Days Ago,2026-06-17,2026-07-12T07:45:02+00:00,2026-07-12 00:45 Sun,,false,,,,false,workday:Tempus:/job/Chicago/IT-Support-Specialist_JR202600670
Tempus:/job/Remote---Illinois/Junior-Clinical-Trials-Data-Specialist_JR202600459,Tempus,Junior Clinical Trials Data Specialist,Remote - Illinois,,https://tempus.wd5.myworkdayjobs.com/en-US/Tempus_Careers/job/Remote---Illinois/Junior-Clinical-Trials-Data-Specialist_JR202600459,Posted 30+ Days Ago,2026-06-12,2026-07-12T07:45:02+00:00,2026-07-12 00:45 Sun,,false,,,,false,workday:Tempus:/job/Remote---Illinois/Junior-Clinical-Trials-Data-Specialist_JR202600459
Tempus:/job/Remote---Pennsylvania/Key-Account-Director--Data---AI-Apps_JR202600279,Tempus,"Key Account Director, Data & AI Apps",2 Locations,,https://tempus.wd5.myworkdayjobs.com/en-US/Tempus_Careers/job/Remote---Pennsylvania/Key-Account-Director--Data---AI-Apps_JR202600279,Posted 30+ Days Ago,2026-06-12,2026-07-12T07:45:02+00:00,2026-07-12 00:45 Sun,,false,,,,false,workday:Tempus:/job/Remote---Pennsylvania/Key-Account-Director--Data---AI-Apps_JR202600279
Tempus:/job/Remote---Illinois/Key-Account-Director--Diagnostics-and-Research_JR202600638,Tempus,"Key Account Director, Diagnostics and Research",4 Locations,,https://tempus.wd5.myworkdayjobs.com/en-US/Tempus_Careers/job/Remote---Illinois/Key-Account-Director--Diagnostics-and-Research_JR202600638,Posted 30+ Days Ago,2026-06-12,2026-07-12T07:45:02+00:00,2026-07-12 00:45 Sun,,false,,,,false,workday:Tempus:/job/Remote---Illinois/Key-Account-Director--Diagnostics-and-Research_JR202600638
Tempus:/job/Remote---Illinois/Key-Account-Director--Diagnostics-and-Research_JR202600639,Tempus,"Key Account Director, Diagnostics and Research",4 Locations,,https://tempus.wd5.myworkdayjobs.com/en-US/Tempus_Careers/job/Remote---Illinois/Key-Account-Director--Diagnostics-and-Research_JR202600639,Posted 30+ Days Ago,2026-06-12,2026-07-12T07:45:02+00:00,2026-07-12 00:45 Sun,,false,,,,false,workday:Tempus:/job/Remote---Illinois/Key-Account-Director--Diagnostics-and-Research_JR202600639
Tempus:/job/Remote---Illinois/Key-Account-Director--Diagnostics-and-Research_JR202600644,Tempus,"Key Account Director, Diagnostics and Research",4 Locations,,https://tempus.wd5.myworkdayjobs.com/en-US/Tempus_Careers/job/Remote---Illinois/Key-Account-Director--Diagnostics-and-Research_JR202600644,Posted 30+ Days Ago,2026-06-12,2026-07-12T07:45:02+00:00,2026-07-12 00:45 Sun,,false,,,,false,workday:Tempus:/job/Remote---Illinois/Key-Account-Director--Diagnostics-and-Research_JR202600644
Tempus:/job/Chicago/Lab-Operations-Analyst-I-HYBRID--Chicago--IL--Tuesday-to-Saturday-12-00pm-8-30pm-_JR202600674,Tempus,"Lab Operations Analyst I HYBRID: Chicago, IL (Tuesday to Saturday 12:00pm-8:30pm)",Chicago,,https://tempus.wd5.myworkdayjobs.com/en-US/Tempus_Careers/job/Chicago/Lab-Operations-Analyst-I-HYBRID--Chicago--IL--Tuesday-to-Saturday-12-00pm-8-30pm-_JR202600674,Posted 2 Days Ago,2026-07-10,2026-07-12T07:45:02+00:00,2026-07-12 00:45 Sun,,false,,,,false,workday:Tempus:/job/Chicago/Lab-Operations-Analyst-I-HYBRID--Chicago--IL--Tuesday-to-Saturday-12-00pm-8-30pm-_JR202600674
Tempus:/job/Chicago/Lab-Operations-Associate-I_JR202500454,Tempus,Lab Operations Associate I,Chicago,,https://tempus.wd5.myworkdayjobs.com/en-US/Tempus_Careers/job/Chicago/Lab-Operations-Associate-I_JR202500454,Posted 7 Days Ago,2026-08-19,2026-08-06T20:17:17+00:00,2026-08-06 13:17 Thu,,false,,,,false,workday:Tempus:/job/Chicago/Lab-Operations-Associate-I_JR202500454
Tempus:/job/Remote---Nevada/Manager--Biostatistics_JR202600381,Tempus,"Manager, Biostatistics",4 Locations,,https://tempus.wd5.myworkdayjobs.com/en-US/Tempus_Careers/job/Remote---Nevada/Manager--Biostatistics_JR202600381,Posted 30+ Days Ago,2026-06-12,2026-07-12T07:45:02+00:00,2026-07-12 00:45 Sun,,false,,,,false,workday:Tempus:/job/Remote---Nevada/Manager--Biostatistics_JR202600381
Tempus:/job/Chicago/Sr-Manager--Customer-Experience--Hub---EHR_JR202600554,Tempus,"Manager, Customer Experience, Hub & EHR",Chicago,,https://tempus.wd5.myworkdayjobs.com/en-US/Tempus_Careers/job/Chicago/Sr-Manager--Customer-Experience--Hub---EHR_JR202600554,Posted 30+ Days Ago,2026-06-12,2026-07-12T07:45:02+00:00,2026-07-12 00:45 Sun,,false,,,,false,workday:Tempus:/job/Chicago/Sr-Manager--Customer-Experience--Hub---EHR_JR202600554
Tempus:/job/Chicago/Manager--Regulatory-Submissions_JR202600114,Tempus,"Manager, Regulatory Submissions (Remote)",Chicago,,https://tempus.wd5.myworkdayjobs.com/en-US/Tempus_Careers/job/Chicago/Manager--Regulatory-Submissions_JR202600114,Posted 30+ Days Ago,2026-06-12,2026-07-12T07:45:02+00:00,2026-07-12 00:45 Sun,,false,,,,false,workday:Tempus:/job/Chicago/Manager--Regulatory-Submissions_JR202600114
Tempus:/job/Chicago/Manager--Revenue-Accounting_JR202600837,Tempus,"Manager, Revenue Accounting",Chicago,,https://tempus.wd5.myworkdayjobs.com/en-US/Tempus_Careers/job/Chicago/Manager--Revenue-Accounting_JR202600837,Posted 7 Days Ago,2026-08-19,2026-08-19T18:54:29+00:00,2026-08-19 11:54 Wed,,false,,,,false,workday:Tempus:/job/Chicago/Manager--Revenue-Accounting_JR202600837
Tempus:/job/Chicago/Medical-Coder-I_JR202600632,Tempus,Medical Coder I,Chicago,,https://tempus.wd5.myworkdayjobs.com/en-US/Tempus_Careers/job/Chicago/Medical-Coder-I_JR202600632,Posted 12 Days Ago,2026-06-30,2026-07-12T07:45:02+00:00,2026-07-12 00:45 Sun,,false,,,,false,workday:Tempus:/job/Chicago/Medical-Coder-I_JR202600632
Tempus:/job/Chicago/Molecular-Lab-Supervisor_JR202600462,Tempus,Molecular Lab Supervisor,Chicago,,https://tempus.wd5.myworkdayjobs.com/en-US/Tempus_Careers/job/Chicago/Molecular-Lab-Supervisor_JR202600462,Posted 30+ Days Ago,2026-06-12,2026-07-12T07:45:02+00:00,2026-07-12 00:45 Sun,,false,,,,false,workday:Tempus:/job/Chicago/Molecular-Lab-Supervisor_JR202600462
Tempus:/job/Chicago/Molecular-Lab-Supervisor--3rd-Shift-_JR202600467,Tempus,Molecular Lab Supervisor (3rd Shift),Chicago,,https://tempus.wd5.myworkdayjobs.com/en-US/Tempus_Careers/job/Chicago/Molecular-Lab-Supervisor--3rd-Shift-_JR202600467,Posted 19 Days Ago,2026-06-23,2026-07-12T07:45:02+00:00,2026-07-12 00:45 Sun,,false,,,,false,workday:Tempus:/job/Chicago/Molecular-Lab-Supervisor--3rd-Shift-_JR202600467
Tempus:/job/Chicago/Molecular-Technologist-I--Extractions-_JR202500418,Tempus,Molecular Technologist I (Extractions),Chicago,,https://tempus.wd5.myworkdayjobs.com/en-US/Tempus_Careers/job/Chicago/Molecular-Technologist-I--Extractions-_JR202500418,Posted 3 Days Ago,2026-09-01,2026-07-12T07:45:02+00:00,2026-07-12 00:45 Sun,,false,,,,false,workday:Tempus:/job/Chicago/Molecular-Technologist-I--Extractions-_JR202500418
Tempus:/job/Atlanta/Molecular-Technologist-I-II--Clinical-Production-_JR202600780,Tempus,Molecular Technologist I-II (Clinical Production),Atlanta,,https://tempus.wd5.myworkdayjobs.com/en-US/Tempus_Careers/job/Atlanta/Molecular-Technologist-I-II--Clinical-Production-_JR202600780,Posted Today,2026-08-04,2026-08-04T13:41:48+00:00,2026-08-04 06:41 Tue,,false,,,,false,workday:Tempus:/job/Atlanta/Molecular-Technologist-I-II--Clinical-Production-_JR202600780
Tempus:/job/Minneapolis/Molecular-Technologist-I-III_JR202600647,Tempus,Molecular Technologist I-III,Minneapolis,,https://tempus.wd5.myworkdayjobs.com/en-US/Tempus_Careers/job/Minneapolis/Molecular-Technologist-I-III_JR202600647,Posted 24 Days Ago,2026-06-18,2026-07-12T07:45:02+00:00,2026-07-12 00:45 Sun,,false,,,,false,workday:Tempus:/job/Minneapolis/Molecular-Technologist-I-III_JR202600647
Tempus:/job/Research-Triangle-Park/Molecular-Technologist-I-III_JR202500862,Tempus,Molecular Technologist I-III,Research Triangle Park,,https://tempus.wd5.myworkdayjobs.com/en-US/Tempus_Careers/job/Research-Triangle-Park/Molecular-Technologist-I-III_JR202500862,Posted 30+ Days Ago,2026-06-12,2026-07-12T07:45:02+00:00,2026-07-12 00:45 Sun,,false,,,,false,workday:Tempus:/job/Research-Triangle-Park/Molecular-Technologist-I-III_JR202500862
Tempus:/job/Atlanta/Molecular-Technologist-I-III_JR202600603,Tempus,Molecular Technologist I-III (Clinical Production),Atlanta,,https://tempus.wd5.myworkdayjobs.com/en-US/Tempus_Careers/job/Atlanta/Molecular-Technologist-I-III_JR202600603,Posted 30+ Days Ago,2026-06-12,2026-07-12T07:45:02+00:00,2026-07-12 00:45 Sun,,false,,,,false,workday:Tempus:/job/Atlanta/Molecular-Technologist-I-III_JR202600603
Tempus:/job/Atlanta/Molecular-Technologist-I-III--Genotyping-_JR202600736,Tempus,Molecular Technologist I-III (Genotyping),Atlanta,,https://tempus.wd5.myworkdayjobs.com/en-US/Tempus_Careers/job/Atlanta/Molecular-Technologist-I-III--Genotyping-_JR202600736,Posted 8 Days Ago,2026-08-26,2026-07-28T16:41:27+00:00,2026-07-28 09:41 Tue,,false,,,,false,workday:Tempus:/job/Atlanta/Molecular-Technologist-I-III--Genotyping-_JR202600736
Tempus:/job/Atlanta/Molecular-Technologist-I-III--Pharmaseq-_JR202600604,Tempus,Molecular Technologist I-III (Pharmaseq),Atlanta,,https://tempus.wd5.myworkdayjobs.com/en-US/Tempus_Careers/job/Atlanta/Molecular-Technologist-I-III--Pharmaseq-_JR202600604,Posted 2 Days Ago,2026-09-02,2026-07-12T07:45:02+00:00,2026-07-12 00:45 Sun,,false,,,,false,workday:Tempus:/job/Atlanta/Molecular-Technologist-I-III--Pharmaseq-_JR202600604
Tempus:/job/Chicago/Molecular-Technologist-II--High-Complexity-_JR202500541-1,Tempus,Molecular Technologist I/II (High Complexity),Chicago,,https://tempus.wd5.myworkdayjobs.com/en-US/Tempus_Careers/job/Chicago/Molecular-Technologist-II--High-Complexity-_JR202500541-1,Posted 3 Days Ago,2026-09-01,2026-07-12T07:45:02+00:00,2026-07-12 00:45 Sun,,false,,,,false,workday:Tempus:/job/Chicago/Molecular-Technologist-II--High-Complexity-_JR202500541-1
Tempus:/job/Remote---California/MRD-Clinical-Account-Executive--Orange-County_JR202600385,Tempus,"MRD Clinical Account Executive, Los Angeles",Remote - California,,https://tempus.wd5.myworkdayjobs.com/en-US/Tempus_Careers/job/Remote---California/MRD-Clinical-Account-Executive--Orange-County_JR202600385,Posted 30+ Days Ago,2026-06-12,2026-07-12T07:45:02+00:00,2026-07-12 00:45 Sun,,false,,,,false,workday:Tempus:/job/Remote---California/MRD-Clinical-Account-Executive--Orange-County_JR202600385
Tempus:/job/Remote---Nevada/MRD-Clinical-Account-Executive--Mountain_JR202600640,Tempus,"MRD Clinical Account Executive, Mountain",4 Locations,,https://tempus.wd5.myworkdayjobs.com/en-US/Tempus_Careers/job/Remote---Nevada/MRD-Clinical-Account-Executive--Mountain_JR202600640,Posted 30+ Days Ago,2026-06-12,2026-07-12T07:45:02+00:00,2026-07-12 00:45 Sun,,false,,,,false,workday:Tempus:/job/Remote---Nevada/MRD-Clinical-Account-Executive--Mountain_JR202600640
Tempus:/job/Remote---Tennessee/MRD-Clinical-Account-Executive--Blue-Grass_JR202600642,Tempus,"MRD Clinical Account Executive, Nashville",Remote - Tennessee,,https://tempus.wd5.myworkdayjobs.com/en-US/Tempus_Careers/job/Remote---Tennessee/MRD-Clinical-Account-Executive--Blue-Grass_JR202600642,Posted 4 Days Ago,2026-08-24,2026-07-12T07:45:02+00:00,2026-07-12 00:45 Sun,,false,,,,false,workday:Tempus:/job/Remote---Tennessee/MRD-Clinical-Account-Executive--Blue-Grass_JR202600642
Tempus:/job/Remote---Kansas/MRD-Clinical-Account-Executive--Ozarks_JR202600839,Tempus,"MRD Clinical Account Executive, Ozarks",Remote---Kansas,,https://tempus.wd5.myworkdayjobs.com/en-US/Tempus_Careers/job/Remote---Kansas/MRD-Clinical-Account-Executive--Ozarks_JR202600839,Posted 7 Days Ago,2026-08-20,2026-08-20T15:49:33+00:00,2026-08-20 08:49 Thu,,false,,,,false,workday:Tempus:/job/Remote---Kansas/MRD-Clinical-Account-Executive--Ozarks_JR202600839
Tempus:/job/Remote---California/MRD-Clinical-Account-Executive--San-Diego-North-Phoenix_JR202600583,Tempus,"MRD Clinical Account Executive, San Diego/North Phoenix",2 Locations,,https://tempus.wd5.myworkdayjobs.com/en-US/Tempus_Careers/job/Remote---California/MRD-Clinical-Account-Executive--San-Diego-North-Phoenix_JR202600583,Posted 30+ Days Ago,2026-06-12,2026-07-12T07:45:02+00:00,2026-07-12 00:45 Sun,,false,,,,false,workday:Tempus:/job/Remote---California/MRD-Clinical-Account-Executive--San-Diego-North-Phoenix_JR202600583
Tempus:/job/Remote---Washington/MRD-Clinical-Account-Executive--Seattle-Portland_JR202600584,Tempus,"MRD Clinical Account Executive, Seattle/Portland",2 Locations,,https://tempus.wd5.myworkdayjobs.com/en-US/Tempus_Careers/job/Remote---Washington/MRD-Clinical-Account-Executive--Seattle-Portland_JR202600584,Posted 30+ Days Ago,2026-06-12,2026-07-12T07:45:02+00:00,2026-07-12 00:45 Sun,,false,,,,false,workday:Tempus:/job/Remote---Washington/MRD-Clinical-Account-Executive--Seattle-Portland_JR202600584
Tempus:/job/Remote---Florida/MRD-Clinical-Account-Executive--South-Florida_JR202600327,Tempus,"MRD Clinical Account Executive, South Florida",Remote - Florida,,https://tempus.wd5.myworkdayjobs.com/en-US/Tempus_Careers/job/Remote---Florida/MRD-Clinical-Account-Executive--South-Florida_JR202600327,Posted 30+ Days Ago,2026-06-12,2026-07-12T07:45:02+00:00,2026-07-12 00:45 Sun,,false,,,,false,workday:Tempus:/job/Remote---Florida/MRD-Clinical-Account-Executive--South-Florida_JR202600327
Tempus:/job/Remote---Texas/MRD-Clinical-Account-Executive--South-Texas_JR202600456,Tempus,"MRD Clinical Account Executive, South Texas",Remote - Texas,,https://tempus.wd5.myworkdayjobs.com/en-US/Tempus_Careers/job/Remote---Texas/MRD-Clinical-Account-Executive--South-Texas_JR202600456,Posted 30+ Days Ago,2026-06-12,2026-07-12T07:45:02+00:00,2026-07-12 00:45 Sun,,false,,,,false,workday:Tempus:/job/Remote---Texas/MRD-Clinical-Account-Executive--South-Texas_JR202600456
Tempus:/job/Remote---Missouri/MRD-Clinical-Account-Executive--St-Louis_JR202600422,Tempus,"MRD Clinical Account Executive, St. Louis",2 Locations,,https://tempus.wd5.myworkdayjobs.com/en-US/Tempus_Careers/job/Remote---Missouri/MRD-Clinical-Account-Executive--St-Louis_JR202600422,Posted 30+ Days Ago,2026-06-12,2026-07-12T07:45:02+00:00,2026-07-12 00:45 Sun,,false,,,,false,workday:Tempus:/job/Remote---Missouri/MRD-Clinical-Account-Executive--St-Louis_JR202600422
Tempus:/job/Remote---Texas/MRD-Regional-Sales-Manager--Central_JR202600615,Tempus,"MRD Regional Sales Manager, Central",Remote - Texas,,https://tempus.wd5.myworkdayjobs.com/en-US/Tempus_Careers/job/Remote---Texas/MRD-Regional-Sales-Manager--Central_JR202600615,Posted 30+ Days Ago,2026-06-12,2026-07-12T07:45:02+00:00,2026-07-12 00:45 Sun,,false,,,,false,workday:Tempus:/job/Remote---Texas/MRD-Regional-Sales-Manager--Central_JR202600615
Tempus:/job/Remote---Louisiana/MRD--Clinical-Account-Executive---New-Orleans_JR202600128,Tempus,"MRD, Clinical Account Executive,  New Orleans",Remote - Louisiana,,https://tempus.wd5.myworkdayjobs.com/en-US/Tempus_Careers/job/Remote---Louisiana/MRD--Clinical-Account-Executive---New-Orleans_JR202600128,Posted 30+ Days Ago,2026-06-12,2026-07-12T07:45:02+00:00,2026-07-12 00:45 Sun,,false,,,,false,workday:Tempus:/job/Remote---Louisiana/MRD--Clinical-Account-Executive---New-Orleans_JR202600128
Tempus:/job/Chicago/NGS-Senior-Scientist-1_JR202600783,Tempus,NGS Senior Scientist 1,Chicago,,https://tempus.wd5.myworkdayjobs.com/en-US/Tempus_Careers/job/Chicago/NGS-Senior-Scientist-1_JR202600783,Posted Today,2026-08-04,2026-08-04T17:41:54+00:00,2026-08-04 10:41 Tue,,false,,,,false,workday:Tempus:/job/Chicago/NGS-Senior-Scientist-1_JR202600783
Tempus:/job/Remote---Florida/Oncology-Clinical-Account-Executive--Orlando_JR202600878,Tempus,"Oncology Clinical Account Executive, Orlando",Remote - Florida,,https://tempus.wd5.myworkdayjobs.com/en-US/Tempus_Careers/job/Remote---Florida/Oncology-Clinical-Account-Executive--Orlando_JR202600878,Posted Yesterday,2026-09-03,2026-09-03T21:40:59+00:00,2026-09-03 14:40 Thu,,false,,,,false,workday:Tempus:/job/Remote---Florida/Oncology-Clinical-Account-Executive--Orlando_JR202600878
Tempus:/job/Remote---Indiana/Oncology-Regional-Sales-Manager---Heartland_JR202600568,Tempus,Oncology Regional Sales Manager - Heartland,2 Locations,,https://tempus.wd5.myworkdayjobs.com/en-US/Tempus_Careers/job/Remote---Indiana/Oncology-Regional-Sales-Manager---Heartland_JR202600568,Posted 30+ Days Ago,2026-06-12,2026-07-12T07:45:02+00:00,2026-07-12 00:45 Sun,,false,,,,false,workday:Tempus:/job/Remote---Indiana/Oncology-Regional-Sales-Manager---Heartland_JR202600568
Tempus:/job/Chicago/XMLNAME--Senior--Operations-Analyst--Life-Sciences-Sequencing_JR202600776,Tempus,"Operations Associate, Life Sciences Sequencing",Chicago,,https://tempus.wd5.myworkdayjobs.com/en-US/Tempus_Careers/job/Chicago/XMLNAME--Senior--Operations-Analyst--Life-Sciences-Sequencing_JR202600776,Posted Yesterday,2026-09-03,2026-08-03T15:17:22+00:00,2026-08-03 08:17 Mon,,false,,,,false,workday:Tempus:/job/Chicago/XMLNAME--Senior--Operations-Analyst--Life-Sciences-Sequencing_JR202600776
Tempus:/job/Chicago/Operations-Specialist_JR202600853,Tempus,Operations Specialist,Chicago,,https://tempus.wd5.myworkdayjobs.com/en-US/Tempus_Careers/job/Chicago/Operations-Specialist_JR202600853,Posted 7 Days Ago,2026-08-26,2026-08-26T16:09:33+00:00,2026-08-26 09:09 Wed,Computer Vision,true,Keyword,49,keyword-only heuristic,false,workday:Tempus:/job/Chicago/Operations-Specialist_JR202600853
Tempus:/job/Chicago/Pathology-Lab-Coordinator-I_JR202500674-1,Tempus,Pathology Lab Coordinator I,Chicago,,https://tempus.wd5.myworkdayjobs.com/en-US/Tempus_Careers/job/Chicago/Pathology-Lab-Coordinator-I_JR202500674-1,Posted 6 Days Ago,2026-08-21,2026-07-12T07:45:02+00:00,2026-07-12 00:45 Sun,,false,,,,false,workday:Tempus:/job/Chicago/Pathology-Lab-Coordinator-I_JR202500674-1
Tempus:/job/Chicago/Pre-Analytic-Supervisor_JR202600804,Tempus,Pre-Analytic Supervisor,Chicago,,https://tempus.wd5.myworkdayjobs.com/en-US/Tempus_Careers/job/Chicago/Pre-Analytic-Supervisor_JR202600804,Posted Today,2026-08-07,2026-08-07T16:41:45+00:00,2026-08-07 09:41 Fri,,false,,,,false,workday:Tempus:/job/Chicago/Pre-Analytic-Supervisor_JR202600804
Tempus:/job/Chicago/Pre-Analytic-Supervisor_JR202600805,Tempus,Pre-Analytic Supervisor,Chicago,,https://tempus.wd5.myworkdayjobs.com/en-US/Tempus_Careers/job/Chicago/Pre-Analytic-Supervisor_JR202600805,Posted Today,2026-08-07,2026-08-07T17:00:09+00:00,2026-08-07 10:00 Fri,,false,,,,false,workday:Tempus:/job/Chicago/Pre-Analytic-Supervisor_JR202600805
Tempus:/job/Chicago/Principal-Scientist---Data-Insights---Hypothesis-Design_JR202600696,Tempus,Principal Scientist – Data Insights & Hypothesis Design,5 Locations,,https://tempus.wd5.myworkdayjobs.com/en-US/Tempus_Careers/job/Chicago/Principal-Scientist---Data-Insights---Hypothesis-Design_JR202600696,Posted 17 Days Ago,2026-06-30,2026-07-17T19:28:42+00:00,2026-07-17 12:28 Fri,,false,,,,false,workday:Tempus:/job/Chicago/Principal-Scientist---Data-Insights---Hypothesis-Design_JR202600696
Tempus:/job/Chicago/Process-Manager--Lab-Operations_JR202600708,Tempus,"Process Manager, Lab Operations",Chicago,,https://tempus.wd5.myworkdayjobs.com/en-US/Tempus_Careers/job/Chicago/Process-Manager--Lab-Operations_JR202600708,Posted 11 Days Ago,2026-07-12,2026-07-23T16:59:38+00:00,2026-07-23 09:59 Thu,,false,,,,false,workday:Tempus:/job/Chicago/Process-Manager--Lab-Operations_JR202600708
Tempus:/job/Chicago/Process-Specialist---Major-Incidents_JR202600634-1,Tempus,Process Specialist - Major Incidents,Chicago,,https://tempus.wd5.myworkdayjobs.com/en-US/Tempus_Careers/job/Chicago/Process-Specialist---Major-Incidents_JR202600634-1,Posted 30+ Days Ago,2026-06-12,2026-07-12T07:45:02+00:00,2026-07-12 00:45 Sun,,false,,,,false,workday:Tempus:/job/Chicago/Process-Specialist---Major-Incidents_JR202600634-1
Tempus:/job/Chicago/Product-Director--Lab-Systems_JR202600534,Tempus,"Product Director, Lab Systems",Chicago,,https://tempus.wd5.myworkdayjobs.com/en-US/Tempus_Careers/job/Chicago/Product-Director--Lab-Systems_JR202600534,Posted 30+ Days Ago,2026-06-12,2026-07-12T07:45:02+00:00,2026-07-12 00:45 Sun,,false,,,,false,workday:Tempus:/job/Chicago/Product-Director--Lab-Systems_JR202600534
Tempus:/job/Chicago/Marketing-Manager--Life-Sciences_JR202500389,Tempus,"Product Marketing Manager, Life Sciences",Chicago,,https://tempus.wd5.myworkdayjobs.com/en-US/Tempus_Careers/job/Chicago/Marketing-Manager--Life-Sciences_JR202500389,Posted 7 Days Ago,2026-08-21,2026-07-12T07:45:02+00:00,2026-07-12 00:45 Sun,,false,,,,false,workday:Tempus:/job/Chicago/Marketing-Manager--Life-Sciences_JR202500389
Tempus:/job/Chicago/Product-Marketing-Manager--Life-Sciences-Research_JR202600633,Tempus,"Product Marketing Manager, Life Sciences Research",Chicago,,https://tempus.wd5.myworkdayjobs.com/en-US/Tempus_Careers/job/Chicago/Product-Marketing-Manager--Life-Sciences-Research_JR202600633,Posted 30+ Days Ago,2026-06-12,2026-07-12T07:45:02+00:00,2026-07-12 00:45 Sun,,false,,,,false,workday:Tempus:/job/Chicago/Product-Marketing-Manager--Life-Sciences-Research_JR202600633
Tempus:/job/Chicago/Program-Manager--Product-Development_JR202600391,Tempus,"Program Manager, Product Development",2 Locations,,https://tempus.wd5.myworkdayjobs.com/en-US/Tempus_Careers/job/Chicago/Program-Manager--Product-Development_JR202600391,Posted 30+ Days Ago,2026-06-12,2026-07-12T07:45:02+00:00,2026-07-12 00:45 Sun,,false,,,,false,workday:Tempus:/job/Chicago/Program-Manager--Product-Development_JR202600391
Tempus:/job/Chicago/Quality-Assurance--QA--Specialist_JR202600606,Tempus,Quality Assurance (QA) Specialist,Chicago,,https://tempus.wd5.myworkdayjobs.com/en-US/Tempus_Careers/job/Chicago/Quality-Assurance--QA--Specialist_JR202600606,Posted 17 Days Ago,2026-06-25,2026-07-12T07:45:02+00:00,2026-07-12 00:45 Sun,,false,,,,false,workday:Tempus:/job/Chicago/Quality-Assurance--QA--Specialist_JR202600606
Tempus:/job/Chicago/Quality-Assurance-Specialist_JR202600781,Tempus,Quality Assurance Specialist,Chicago,,https://tempus.wd5.myworkdayjobs.com/en-US/Tempus_Careers/job/Chicago/Quality-Assurance-Specialist_JR202600781,Posted Today,2026-08-04,2026-08-04T15:42:07+00:00,2026-08-04 08:42 Tue,,false,,,,false,workday:Tempus:/job/Chicago/Quality-Assurance-Specialist_JR202600781
Tempus:/job/Chicago/Quality-Control-Technologist-I-III_JR202600782,Tempus,Quality Control Technologist I-III,Chicago,,https://tempus.wd5.myworkdayjobs.com/en-US/Tempus_Careers/job/Chicago/Quality-Control-Technologist-I-III_JR202600782,Posted Today,2026-08-04,2026-08-04T16:35:14+00:00,2026-08-04 09:35 Tue,,false,,,,false,workday:Tempus:/job/Chicago/Quality-Control-Technologist-I-III_JR202600782
Tempus:/job/Remote---California/Rare-Disease-Account-Executive--Northern-California-_JR202600141-2,Tempus,Rare Disease Account Executive (Northern California),Remote - California,,https://tempus.wd5.myworkdayjobs.com/en-US/Tempus_Careers/job/Remote---California/Rare-Disease-Account-Executive--Northern-California-_JR202600141-2,Posted 7 Days Ago,2026-08-12,2026-07-12T07:45:02+00:00,2026-07-12 00:45 Sun,,false,,,,false,workday:Tempus:/job/Remote---California/Rare-Disease-Account-Executive--Northern-California-_JR202600141-2
Tempus:/job/Remote---Illinois/Rare-Disease-Account-Executive---Illinois_JR202500999-2,Tempus,Rare Disease Account Executive - Illinois,Remote - Illinois,,https://tempus.wd5.myworkdayjobs.com/en-US/Tempus_Careers/job/Remote---Illinois/Rare-Disease-Account-Executive---Illinois_JR202500999-2,Posted 18 Days Ago,2026-06-24,2026-07-12T07:45:02+00:00,2026-07-12 00:45 Sun,,false,,,,false,workday:Tempus:/job/Remote---Illinois/Rare-Disease-Account-Executive---Illinois_JR202500999-2
Tempus:/job/Remote/Rare-Disease-Account-Executive---Wisconsin---Iowa_JR202501006-2,Tempus,Rare Disease Account Executive - Wisconsin & Iowa,2 Locations,,https://tempus.wd5.myworkdayjobs.com/en-US/Tempus_Careers/job/Remote/Rare-Disease-Account-Executive---Wisconsin---Iowa_JR202501006-2,Posted 18 Days Ago,2026-06-24,2026-07-12T07:45:02+00:00,2026-07-12 00:45 Sun,,false,,,,false,workday:Tempus:/job/Remote/Rare-Disease-Account-Executive---Wisconsin---Iowa_JR202501006-2
Tempus:/job/Remote---California/Region-Sales-Manager--Southern-California_JR202600641-1,Tempus,"Region Sales Manager, Southern California",Remote - California,,https://tempus.wd5.myworkdayjobs.com/en-US/Tempus_Careers/job/Remote---California/Region-Sales-Manager--Southern-California_JR202600641-1,Posted 30+ Days Ago,2026-06-12,2026-07-12T07:45:02+00:00,2026-07-12 00:45 Sun,,false,,,,false,workday:Tempus:/job/Remote---California/Region-Sales-Manager--Southern-California_JR202600641-1
Tempus:/job/Remote---Illinois/Regional-Account-Manager--Central_JR202600154,Tempus,"Regional Account Manager, Central",Remote - Illinois,,https://tempus.wd5.myworkdayjobs.com/en-US/Tempus_Careers/job/Remote---Illinois/Regional-Account-Manager--Central_JR202600154,Posted 30+ Days Ago,2026-06-12,2026-07-12T07:45:02+00:00,2026-07-12 00:45 Sun,,false,,,,false,workday:Tempus:/job/Remote---Illinois/Regional-Account-Manager--Central_JR202600154
Tempus:/job/Remote---Illinois/Regional-Account-Manager--EAST_JR202600579,Tempus,"Regional Account Manager, EAST",Remote---Illinois,,https://tempus.wd5.myworkdayjobs.com/en-US/Tempus_Careers/job/Remote---Illinois/Regional-Account-Manager--EAST_JR202600579,Posted Yesterday,2026-08-19,2026-07-12T07:45:02+00:00,2026-07-12 00:45 Sun,,false,,,,false,workday:Tempus:/job/Remote---Illinois/Regional-Account-Manager--EAST_JR202600579
Tempus:/job/Remote---Florida/Regional-Sales-Manager--North-Florida_JR202600838,Tempus,"Regional Sales Manager, North Florida",Remote - Florida,,https://tempus.wd5.myworkdayjobs.com/en-US/Tempus_Careers/job/Remote---Florida/Regional-Sales-Manager--North-Florida_JR202600838,Posted 6 Days Ago,2026-08-20,2026-08-20T15:41:51+00:00,2026-08-20 08:41 Thu,,false,,,,false,workday:Tempus:/job/Remote---Florida/Regional-Sales-Manager--North-Florida_JR202600838
Tempus:/job/Remote---Massachusetts/Regional-Sales-Manager--Northeast_JR202600460-1,Tempus,"Regional Sales Manager, Northeast",4 Locations,,https://tempus.wd5.myworkdayjobs.com/en-US/Tempus_Careers/job/Remote---Massachusetts/Regional-Sales-Manager--Northeast_JR202600460-1,Posted 30+ Days Ago,2026-06-12,2026-07-12T07:45:02+00:00,2026-07-12 00:45 Sun,,false,,,,false,workday:Tempus:/job/Remote---Massachusetts/Regional-Sales-Manager--Northeast_JR202600460-1
Tempus:/job/Chicago/Regional-Vice-President---Oncology-Sales_JR202600849-1,Tempus,Regional Vice President - Oncology Sales,Chicago,,https://tempus.wd5.myworkdayjobs.com/en-US/Tempus_Careers/job/Chicago/Regional-Vice-President---Oncology-Sales_JR202600849-1,Posted 7 Days Ago,2026-08-25,2026-08-25T23:38:52+00:00,2026-08-25 16:38 Tue,,false,,,,false,workday:Tempus:/job/Chicago/Regional-Vice-President---Oncology-Sales_JR202600849-1
Tempus:/job/Redwood-City/Scientist-II--Translational-Research_JR202600617-1,Tempus,"Scientist II, Translational Research",4 Locations,,https://tempus.wd5.myworkdayjobs.com/en-US/Tempus_Careers/job/Redwood-City/Scientist-II--Translational-Research_JR202600617-1,Posted 16 Days Ago,2026-06-26,2026-07-12T07:45:02+00:00,2026-07-12 00:45 Sun,,false,,,,false,workday:Tempus:/job/Redwood-City/Scientist-II--Translational-Research_JR202600617-1
Tempus:/job/Redwood-City/Scientist-II--Translational-Research_JR202600806,Tempus,"Scientist II, Translational Research",Redwood-City,,https://tempus.wd5.myworkdayjobs.com/en-US/Tempus_Careers/job/Redwood-City/Scientist-II--Translational-Research_JR202600806,Posted Today,2026-08-07,2026-08-07T21:41:51+00:00,2026-08-07 14:41 Fri,,false,,,,false,workday:Tempus:/job/Redwood-City/Scientist-II--Translational-Research_JR202600806
Tempus:/job/Boston/Scientist-II--Translational-Research_JR202600863,Tempus,"Scientist II, Translational Research",Boston,,https://tempus.wd5.myworkdayjobs.com/en-US/Tempus_Careers/job/Boston/Scientist-II--Translational-Research_JR202600863,Posted 3 Days Ago,2026-09-01,2026-09-01T16:00:24+00:00,2026-09-01 09:00 Tue,AI / ML,true,Keyword,70,keyword-only heuristic,true,workday:Tempus:/job/Boston/Scientist-II--Translational-Research_JR202600863
Tempus:/job/Chicago/Senior-Accountant_JR202600573,Tempus,Senior Accountant,Chicago,,https://tempus.wd5.myworkdayjobs.com/en-US/Tempus_Careers/job/Chicago/Senior-Accountant_JR202600573,Posted 8 Days Ago,2026-08-26,2026-07-12T07:45:02+00:00,2026-07-12 00:45 Sun,,false,,,,false,workday:Tempus:/job/Chicago/Senior-Accountant_JR202600573
Tempus:/job/Redwood-City/Senior-AI-Scientist--AI-Products---Life-Sciences_JR202600676,Tempus,"Senior AI Scientist, AI Products / Life Sciences",Redwood-City,,https://tempus.wd5.myworkdayjobs.com/en-US/Tempus_Careers/job/Redwood-City/Senior-AI-Scientist--AI-Products---Life-Sciences_JR202600676,Posted 8 Days Ago,2026-08-25,2026-08-10T19:17:39+00:00,2026-08-10 12:17 Mon,,false,,,,false,workday:Tempus:/job/Redwood-City/Senior-AI-Scientist--AI-Products---Life-Sciences_JR202600676
Tempus:/job/Chicago/Senior-Alliance-Manager_JR202600502,Tempus,Senior Alliance Manager,Chicago,,https://tempus.wd5.myworkdayjobs.com/en-US/Tempus_Careers/job/Chicago/Senior-Alliance-Manager_JR202600502,Posted 5 Days Ago,2026-08-17,2026-07-12T07:45:02+00:00,2026-07-12 00:45 Sun,,false,,,,false,workday:Tempus:/job/Chicago/Senior-Alliance-Manager_JR202600502
Tempus:/job/Chicago/Senior-Application-Security-Engineer_JR202500982,Tempus,Senior Application Security Engineer,Chicago,,https://tempus.wd5.myworkdayjobs.com/en-US/Tempus_Careers/job/Chicago/Senior-Application-Security-Engineer_JR202500982,Posted 30+ Days Ago,2026-06-12,2026-07-12T07:45:02+00:00,2026-07-12 00:45 Sun,,false,,,,false,workday:Tempus:/job/Chicago/Senior-Application-Security-Engineer_JR202500982
Tempus:/job/New-York-City/Senior-Computational-Biologist-I_JR202600116,Tempus,Senior Computational Biologist I,2 Locations,,https://tempus.wd5.myworkdayjobs.com/en-US/Tempus_Careers/job/New-York-City/Senior-Computational-Biologist-I_JR202600116,Posted 30+ Days Ago,2026-06-12,2026-07-12T07:45:02+00:00,2026-07-12 00:45 Sun,,false,,,,false,workday:Tempus:/job/New-York-City/Senior-Computational-Biologist-I_JR202600116
Tempus:/job/Chicago/Senior-Data-Analyst_JR202600790,Tempus,Senior Data Analyst,53 Locations,,https://tempus.wd5.myworkdayjobs.com/en-US/Tempus_Careers/job/Chicago/Senior-Data-Analyst_JR202600790,Posted Today,2026-08-05,2026-08-05T18:41:57+00:00,2026-08-05 11:41 Wed,,false,,,,false,workday:Tempus:/job/Chicago/Senior-Data-Analyst_JR202600790
Tempus:/job/Chicago/Senior-Data-Engineer_JR202600871,Tempus,Senior Data Engineer,Chicago,,https://tempus.wd5.myworkdayjobs.com/en-US/Tempus_Careers/job/Chicago/Senior-Data-Engineer_JR202600871,Posted Yesterday,2026-09-03,2026-09-03T18:18:01+00:00,2026-09-03 11:18 Thu,,false,,,,false,workday:Tempus:/job/Chicago/Senior-Data-Engineer_JR202600871
Tempus:/job/Chicago/Senior-Data-Modeler_JR202600655,Tempus,Senior Data Modeler,3 Locations,,https://tempus.wd5.myworkdayjobs.com/en-US/Tempus_Careers/job/Chicago/Senior-Data-Modeler_JR202600655,Posted 30+ Days Ago,2026-06-12,2026-07-12T07:45:02+00:00,2026-07-12 00:45 Sun,,false,,,,false,workday:Tempus:/job/Chicago/Senior-Data-Modeler_JR202600655
Tempus:/job/Boston/Data-Scientist-II--Real-World-Evidence--RWE---Pharma-R-D_JR202501065,Tempus,"Senior Data Scientist II, Real World Evidence (RWE), Pharma R&D",4 Locations,,https://tempus.wd5.myworkdayjobs.com/en-US/Tempus_Careers/job/Boston/Data-Scientist-II--Real-World-Evidence--RWE---Pharma-R-D_JR202501065,Posted 30+ Days Ago,2026-06-12,2026-07-12T07:45:02+00:00,2026-07-12 00:45 Sun,,false,,,,false,workday:Tempus:/job/Boston/Data-Scientist-II--Real-World-Evidence--RWE---Pharma-R-D_JR202501065
Tempus:/job/Chicago/Senior-Director--Functional-Genomics---Organoid-Systems-Biology_JR202600707,Tempus,"Senior Director, Functional Genomics & Organoid Systems Biology",Chicago,,https://tempus.wd5.myworkdayjobs.com/en-US/Tempus_Careers/job/Chicago/Senior-Director--Functional-Genomics---Organoid-Systems-Biology_JR202600707,Posted 12 Days Ago,2026-07-10,2026-07-22T22:00:00+00:00,2026-07-22 15:00 Wed,,false,,,,false,workday:Tempus:/job/Chicago/Senior-Director--Functional-Genomics---Organoid-Systems-Biology_JR202600707
Tempus:/job/Chicago/Senior-Director--Research---Development_JR202600623,Tempus,"Senior Director, Research & Development",Chicago,,https://tempus.wd5.myworkdayjobs.com/en-US/Tempus_Careers/job/Chicago/Senior-Director--Research---Development_JR202600623,Posted 30+ Days Ago,2026-06-12,2026-07-12T07:45:02+00:00,2026-07-12 00:45 Sun,,false,,,,false,workday:Tempus:/job/Chicago/Senior-Director--Research---Development_JR202600623
Tempus:/job/Chicago/Senior-Endpoint-Systems-Engineer--HYBRID--Chicago-_JR202600672-1,Tempus,Senior Endpoint Systems Engineer (HYBRID: Chicago),Chicago,,https://tempus.wd5.myworkdayjobs.com/en-US/Tempus_Careers/job/Chicago/Senior-Endpoint-Systems-Engineer--HYBRID--Chicago-_JR202600672-1,Posted Yesterday,2026-09-03,2026-07-12T07:45:02+00:00,2026-07-12 00:45 Sun,,false,,,,false,workday:Tempus:/job/Chicago/Senior-Endpoint-Systems-Engineer--HYBRID--Chicago-_JR202600672-1
Tempus:/job/Chicago/Senior-IAM-Engineer_JR202600164,Tempus,Senior IAM Engineer II,Chicago,,https://tempus.wd5.myworkdayjobs.com/en-US/Tempus_Careers/job/Chicago/Senior-IAM-Engineer_JR202600164,Posted 30+ Days Ago,2026-06-12,2026-07-12T07:45:02+00:00,2026-07-12 00:45 Sun,,false,,,,false,workday:Tempus:/job/Chicago/Senior-IAM-Engineer_JR202600164
Tempus:/job/Chicago/Senior-IT-Support-Specialist_JR202600530-1,Tempus,Senior IT Support Specialist,Chicago,,https://tempus.wd5.myworkdayjobs.com/en-US/Tempus_Careers/job/Chicago/Senior-IT-Support-Specialist_JR202600530-1,Posted 30+ Days Ago,2026-06-12,2026-07-12T07:45:02+00:00,2026-07-12 00:45 Sun,,false,,,,false,workday:Tempus:/job/Chicago/Senior-IT-Support-Specialist_JR202600530-1
Tempus:/job/Chicago/Senior-Manager--Companion-Diagnostics--CDx-_JR202600646,Tempus,"Senior Manager, Companion Diagnostics (CDx)",Chicago,,https://tempus.wd5.myworkdayjobs.com/en-US/Tempus_Careers/job/Chicago/Senior-Manager--Companion-Diagnostics--CDx-_JR202600646,Posted 30+ Days Ago,2026-06-12,2026-07-12T07:45:02+00:00,2026-07-12 00:45 Sun,,false,,,,false,workday:Tempus:/job/Chicago/Senior-Manager--Companion-Diagnostics--CDx-_JR202600646
Tempus:/job/Chicago/Senior-Product-Manager_JR202600522,Tempus,Senior Product Manager,Chicago,,https://tempus.wd5.myworkdayjobs.com/en-US/Tempus_Careers/job/Chicago/Senior-Product-Manager_JR202600522,Posted 30+ Days Ago,2026-06-12,2026-07-12T07:45:02+00:00,2026-07-12 00:45 Sun,,false,,,,false,workday:Tempus:/job/Chicago/Senior-Product-Manager_JR202600522
Tempus:/job/Chicago/Senior-Product-Manager_JR202600763,Tempus,Senior Product Manager,Chicago,,https://tempus.wd5.myworkdayjobs.com/en-US/Tempus_Careers/job/Chicago/Senior-Product-Manager_JR202600763,Posted 4 Days Ago,2026-07-26,2026-07-30T15:42:09+00:00,2026-07-30 08:42 Thu,,false,,,,false,workday:Tempus:/job/Chicago/Senior-Product-Manager_JR202600763
Tempus:/job/Remote---Illinois/Senior-Program-Manager--Product-Development_JR202600316,Tempus,"Senior Program Manager, Product Development",2 Locations,,https://tempus.wd5.myworkdayjobs.com/en-US/Tempus_Careers/job/Remote---Illinois/Senior-Program-Manager--Product-Development_JR202600316,Posted 30+ Days Ago,2026-06-12,2026-07-12T07:45:02+00:00,2026-07-12 00:45 Sun,,false,,,,false,workday:Tempus:/job/Remote---Illinois/Senior-Program-Manager--Product-Development_JR202600316
Tempus:/job/Chicago/Senior-Quality-Engineer_JR202600392-1,Tempus,Senior Quality Engineer,Chicago,,https://tempus.wd5.myworkdayjobs.com/en-US/Tempus_Careers/job/Chicago/Senior-Quality-Engineer_JR202600392-1,Posted 8 Days Ago,2026-08-27,2026-07-12T07:45:02+00:00,2026-07-12 00:45 Sun,,false,,,,false,workday:Tempus:/job/Chicago/Senior-Quality-Engineer_JR202600392-1
Tempus:/job/Redwood-City/Scientist--II--Translational-Research_JR202600616,Tempus,"Senior Scientist I, Translational Research",4 Locations,,https://tempus.wd5.myworkdayjobs.com/en-US/Tempus_Careers/job/Redwood-City/Scientist--II--Translational-Research_JR202600616,Posted 4 Days Ago,2026-07-08,2026-07-12T07:45:02+00:00,2026-07-12 00:45 Sun,,false,,,,false,workday:Tempus:/job/Redwood-City/Scientist--II--Translational-Research_JR202600616
Tempus:/job/Redwood-City/Senior-Scientist-I--Translational-Research_JR202600618,Tempus,"Senior Scientist I, Translational Research",4 Locations,,https://tempus.wd5.myworkdayjobs.com/en-US/Tempus_Careers/job/Redwood-City/Senior-Scientist-I--Translational-Research_JR202600618,Posted 16 Days Ago,2026-06-26,2026-07-12T07:45:02+00:00,2026-07-12 00:45 Sun,,false,,,,false,workday:Tempus:/job/Redwood-City/Senior-Scientist-I--Translational-Research_JR202600618
Tempus:/job/Chicago/Senior-Scientist-II--Data-Solutions_JR202600859,Tempus,"Senior Scientist II, Data Solutions",Chicago,,https://tempus.wd5.myworkdayjobs.com/en-US/Tempus_Careers/job/Chicago/Senior-Scientist-II--Data-Solutions_JR202600859,Posted 7 Days Ago,2026-08-28,2026-08-28T17:00:06+00:00,2026-08-28 10:00 Fri,,false,,,,false,workday:Tempus:/job/Chicago/Senior-Scientist-II--Data-Solutions_JR202600859
Tempus:/job/Chicago/Senior-Scientist-II--Data-Solutions---Sales_JR202600547,Tempus,"Senior Scientist II, Data Solutions - Sales",Chicago,,https://tempus.wd5.myworkdayjobs.com/en-US/Tempus_Careers/job/Chicago/Senior-Scientist-II--Data-Solutions---Sales_JR202600547,Posted 30+ Days Ago,2026-06-12,2026-07-12T07:45:02+00:00,2026-07-12 00:45 Sun,,false,,,,false,workday:Tempus:/job/Chicago/Senior-Scientist-II--Data-Solutions---Sales_JR202600547
Tempus:/job/Chicago/Senior-Scientist-R-D_JR202600643,Tempus,Senior Scientist R&D,2 Locations,,https://tempus.wd5.myworkdayjobs.com/en-US/Tempus_Careers/job/Chicago/Senior-Scientist-R-D_JR202600643,Posted 30+ Days Ago,2026-06-12,2026-07-12T07:45:02+00:00,2026-07-12 00:45 Sun,,false,,,,false,workday:Tempus:/job/Chicago/Senior-Scientist-R-D_JR202600643
Tempus:/job/Barcelona/Senior-Software-Engineer_JR202600291,Tempus,Senior Software Engineer,Barcelona,,https://tempus.wd5.myworkdayjobs.com/en-US/Tempus_Careers/job/Barcelona/Senior-Software-Engineer_JR202600291,Posted 30+ Days Ago,2026-06-12,2026-07-12T07:45:02+00:00,2026-07-12 00:45 Sun,,false,,,,false,workday:Tempus:/job/Barcelona/Senior-Software-Engineer_JR202600291
Tempus:/job/Chicago/Senior-Software-Engineer_JR202600808-1,Tempus,Senior Software Engineer,Chicago,,https://tempus.wd5.myworkdayjobs.com/en-US/Tempus_Careers/job/Chicago/Senior-Software-Engineer_JR202600808-1,Posted Today,2026-08-10,2026-08-10T18:33:48+00:00,2026-08-10 11:33 Mon,,false,,,,false,workday:Tempus:/job/Chicago/Senior-Software-Engineer_JR202600808-1
Tempus:/job/Chicago/Senior-Software-Engineer--OS-Ecosystem_JR202600497,Tempus,"Senior Software Engineer I, Transforms Platform",Chicago,,https://tempus.wd5.myworkdayjobs.com/en-US/Tempus_Careers/job/Chicago/Senior-Software-Engineer--OS-Ecosystem_JR202600497,Posted 8 Days Ago,2026-08-27,2026-07-12T07:45:02+00:00,2026-07-12 00:45 Sun,,false,,,,false,workday:Tempus:/job/Chicago/Senior-Software-Engineer--OS-Ecosystem_JR202600497
Tempus:/job/Chicago/Engineering-Lead--Data-Products-Platform_JR202600135-1,Tempus,"Senior Software Engineer II, Data Products",Chicago,,https://tempus.wd5.myworkdayjobs.com/en-US/Tempus_Careers/job/Chicago/Engineering-Lead--Data-Products-Platform_JR202600135-1,Posted 30+ Days Ago,2026-06-12,2026-07-12T07:45:02+00:00,2026-07-12 00:45 Sun,,false,,,,false,workday:Tempus:/job/Chicago/Engineering-Lead--Data-Products-Platform_JR202600135-1
Tempus:/job/Chicago/Senior-Technical-Product-Manager_JR202600601,Tempus,Senior Technical Product Manager,Chicago,,https://tempus.wd5.myworkdayjobs.com/en-US/Tempus_Careers/job/Chicago/Senior-Technical-Product-Manager_JR202600601,Posted 8 Days Ago,2026-08-26,2026-07-12T07:45:02+00:00,2026-07-12 00:45 Sun,,false,,,,false,workday:Tempus:/job/Chicago/Senior-Technical-Product-Manager_JR202600601
Tempus:/job/Chicago/Senior-Technical-Project-Manager_JR202600400,Tempus,Senior Technical Project Manager,Chicago,,https://tempus.wd5.myworkdayjobs.com/en-US/Tempus_Careers/job/Chicago/Senior-Technical-Project-Manager_JR202600400,Posted 30+ Days Ago,2026-06-12,2026-07-12T07:45:02+00:00,2026-07-12 00:45 Sun,,false,,,,false,workday:Tempus:/job/Chicago/Senior-Technical-Project-Manager_JR202600400
Tempus:/job/Remote---New-York/Senior-Vice-President--Medical-Affairs_JR202600673,Tempus,"Senior Vice President, Medical Affairs",Remote - New York,,https://tempus.wd5.myworkdayjobs.com/en-US/Tempus_Careers/job/Remote---New-York/Senior-Vice-President--Medical-Affairs_JR202600673,Posted 20 Days Ago,2026-06-22,2026-07-12T07:45:02+00:00,2026-07-12 00:45 Sun,,false,,,,false,workday:Tempus:/job/Remote---New-York/Senior-Vice-President--Medical-Affairs_JR202600673
Tempus:/job/Chicago/ServiceNow-Engineer-I_JR202600764,Tempus,ServiceNow Engineer I,Chicago,,https://tempus.wd5.myworkdayjobs.com/en-US/Tempus_Careers/job/Chicago/ServiceNow-Engineer-I_JR202600764,Posted 4 Days Ago,2026-07-26,2026-07-30T15:42:09+00:00,2026-07-30 08:42 Thu,,false,,,,false,workday:Tempus:/job/Chicago/ServiceNow-Engineer-I_JR202600764
Tempus:/job/Calgary/Site-Reliability-Engineer_JR202600494-1,Tempus,Site Reliability Engineer,Calgary,,https://tempus.wd5.myworkdayjobs.com/en-US/Tempus_Careers/job/Calgary/Site-Reliability-Engineer_JR202600494-1,Posted 30+ Days Ago,2026-06-12,2026-07-12T07:45:02+00:00,2026-07-12 00:45 Sun,,false,,,,false,workday:Tempus:/job/Calgary/Site-Reliability-Engineer_JR202600494-1
Tempus:/job/Chicago/Site-Reliability-Engineer_JR202600495,Tempus,Site Reliability Engineer,Chicago,,https://tempus.wd5.myworkdayjobs.com/en-US/Tempus_Careers/job/Chicago/Site-Reliability-Engineer_JR202600495,Posted 30+ Days Ago,2026-06-12,2026-07-12T07:45:02+00:00,2026-07-12 00:45 Sun,,false,,,,false,workday:Tempus:/job/Chicago/Site-Reliability-Engineer_JR202600495
Tempus:/job/Remote---California/Software-Engineer-II_JR202600801-1,Tempus,Software Engineer II,Remote - California,,https://tempus.wd5.myworkdayjobs.com/en-US/Tempus_Careers/job/Remote---California/Software-Engineer-II_JR202600801-1,Posted Today,2026-08-06,2026-08-06T19:26:51+00:00,2026-08-06 12:26 Thu,Software Engineering,true,CLI,78,"Strong fit for a Software Engineer II role through five years of Python/C++ development, computer vision, machine learning, backend systems, Docker, Redis, MySQL, and demonstrated algorithm optimization, though the resume provides limited evidence of production-scale software engineering ownership or Tempus-specific healthcare experience.",true,workday:Tempus:/job/Remote---California/Software-Engineer-II_JR202600801-1
Tempus:/job/Chicago/Software-Engineer-II_JR202600812,Tempus,Software Engineer II,Chicago,,https://tempus.wd5.myworkdayjobs.com/en-US/Tempus_Careers/job/Chicago/Software-Engineer-II_JR202600812,Posted Today,2026-08-11,2026-08-11T20:41:39+00:00,2026-08-11 13:41 Tue,Software Engineering,true,CLI,65,"The candidate has about five years of software engineering experience across Python, C++, backend systems, testing, Docker, databases, and machine learning, but the missing job description prevents confirming alignment with Tempus’s specific Software Engineer II domain and requirements.",true,workday:Tempus:/job/Chicago/Software-Engineer-II_JR202600812
Tempus:/job/Chicago/Software-Engineer-II--Data-Solutions_JR202600542,Tempus,"Software Engineer II, Data Solutions",Chicago,,https://tempus.wd5.myworkdayjobs.com/en-US/Tempus_Careers/job/Chicago/Software-Engineer-II--Data-Solutions_JR202600542,Posted 30+ Days Ago,2026-06-12,2026-07-12T07:45:02+00:00,2026-07-12 00:45 Sun,,false,,,,false,workday:Tempus:/job/Chicago/Software-Engineer-II--Data-Solutions_JR202600542
Tempus:/job/Chicago/Solutions-Director--TIME_JR202600556,Tempus,"Solutions Director, TIME",4 Locations,,https://tempus.wd5.myworkdayjobs.com/en-US/Tempus_Careers/job/Chicago/Solutions-Director--TIME_JR202600556,Posted 30+ Days Ago,2026-06-12,2026-07-12T07:45:02+00:00,2026-07-12 00:45 Sun,,false,,,,false,workday:Tempus:/job/Chicago/Solutions-Director--TIME_JR202600556
Tempus:/job/Chicago/Sr-Associate--Sales-Operations_JR202600843,Tempus,"Sr Associate, Sales Operations",Chicago,,https://tempus.wd5.myworkdayjobs.com/en-US/Tempus_Careers/job/Chicago/Sr-Associate--Sales-Operations_JR202600843,Posted 4 Days Ago,2026-08-24,2026-08-21T20:18:10+00:00,2026-08-21 13:18 Fri,,false,,,,false,workday:Tempus:/job/Chicago/Sr-Associate--Sales-Operations_JR202600843
Tempus:/job/Chicago/Sr-Associate--Strategy---Operations_JR202600785,Tempus,"Sr Associate, Strategy & Operations",Chicago,,https://tempus.wd5.myworkdayjobs.com/en-US/Tempus_Careers/job/Chicago/Sr-Associate--Strategy---Operations_JR202600785,Posted Today,2026-08-04,2026-08-04T23:23:35+00:00,2026-08-04 16:23 Tue,,false,,,,false,workday:Tempus:/job/Chicago/Sr-Associate--Strategy---Operations_JR202600785
Tempus:/job/Remote---Illinois/Sr-Manager--Software-Engineering_JR202600496,Tempus,"Sr Manager, Software Engineering",Remote - Illinois,,https://tempus.wd5.myworkdayjobs.com/en-US/Tempus_Careers/job/Remote---Illinois/Sr-Manager--Software-Engineering_JR202600496,Posted 30+ Days Ago,2026-06-12,2026-07-12T07:45:02+00:00,2026-07-12 00:45 Sun,,false,,,,false,workday:Tempus:/job/Remote---Illinois/Sr-Manager--Software-Engineering_JR202600496
Tempus:/job/Chicago/Sr-Business-Intelligence-Engineer_JR202600620,Tempus,Sr. Business Intelligence Engineer,Chicago,,https://tempus.wd5.myworkdayjobs.com/en-US/Tempus_Careers/job/Chicago/Sr-Business-Intelligence-Engineer_JR202600620,Posted 30+ Days Ago,2026-06-12,2026-07-12T07:45:02+00:00,2026-07-12 00:45 Sun,,false,,,,false,workday:Tempus:/job/Chicago/Sr-Business-Intelligence-Engineer_JR202600620
Tempus:/job/Chicago/Customer---Strategy-Operations-Associate_JR202600106,Tempus,Sr. Data Operations Analyst,Chicago,,https://tempus.wd5.myworkdayjobs.com/en-US/Tempus_Careers/job/Chicago/Customer---Strategy-Operations-Associate_JR202600106,Posted 30+ Days Ago,2026-06-12,2026-07-12T07:45:02+00:00,2026-07-12 00:45 Sun,,false,,,,false,workday:Tempus:/job/Chicago/Customer---Strategy-Operations-Associate_JR202600106
Tempus:/job/Remote---Illinois/Sr-Data-Scientist--Outcomes-Research_JR202600002,Tempus,"Sr. Data Scientist, Outcomes Research",Remote - Illinois,,https://tempus.wd5.myworkdayjobs.com/en-US/Tempus_Careers/job/Remote---Illinois/Sr-Data-Scientist--Outcomes-Research_JR202600002,Posted 30+ Days Ago,2026-06-12,2026-07-12T07:45:02+00:00,2026-07-12 00:45 Sun,,false,,,,false,workday:Tempus:/job/Remote---Illinois/Sr-Data-Scientist--Outcomes-Research_JR202600002
Tempus:/job/Chicago/Sr-Data-Scientist--Translational-Research_JR202600424,Tempus,"Sr. Data Scientist, Translational Research",3 Locations,,https://tempus.wd5.myworkdayjobs.com/en-US/Tempus_Careers/job/Chicago/Sr-Data-Scientist--Translational-Research_JR202600424,Posted 30+ Days Ago,2026-06-12,2026-07-12T07:45:02+00:00,2026-07-12 00:45 Sun,,false,,,,false,workday:Tempus:/job/Chicago/Sr-Data-Scientist--Translational-Research_JR202600424
Tempus:/job/Madison/Sr-Integration-Analyst_JR202600743,Tempus,Sr. Integration Analyst,Madison,,https://tempus.wd5.myworkdayjobs.com/en-US/Tempus_Careers/job/Madison/Sr-Integration-Analyst_JR202600743,Posted 6 Days Ago,2026-07-22,2026-07-28T17:41:30+00:00,2026-07-28 10:41 Tue,,false,,,,false,workday:Tempus:/job/Madison/Sr-Integration-Analyst_JR202600743
Tempus:/job/Chicago/Sr-Manager--Field-Operations_JR202600787,Tempus,"Sr. Manager, Field Operations",Chicago,,https://tempus.wd5.myworkdayjobs.com/en-US/Tempus_Careers/job/Chicago/Sr-Manager--Field-Operations_JR202600787,Posted Today,2026-08-04,2026-08-04T23:59:24+00:00,2026-08-04 16:59 Tue,,false,,,,false,workday:Tempus:/job/Chicago/Sr-Manager--Field-Operations_JR202600787
Tempus:/job/Chicago/Sr-Manager--Medical-Device-Cyber-Security_JR202600409-1,Tempus,"Sr. Manager, Medical Device Cyber Security",Chicago,,https://tempus.wd5.myworkdayjobs.com/en-US/Tempus_Careers/job/Chicago/Sr-Manager--Medical-Device-Cyber-Security_JR202600409-1,Posted 30+ Days Ago,2026-06-12,2026-07-12T07:45:02+00:00,2026-07-12 00:45 Sun,,false,,,,false,workday:Tempus:/job/Chicago/Sr-Manager--Medical-Device-Cyber-Security_JR202600409-1
Tempus:/job/Chicago/Sr-Manager--Quality-Assurance_JR202600605,Tempus,"Sr. Manager, Quality Assurance",Chicago,,https://tempus.wd5.myworkdayjobs.com/en-US/Tempus_Careers/job/Chicago/Sr-Manager--Quality-Assurance_JR202600605,Posted 30+ Days Ago,2026-06-12,2026-07-12T07:45:02+00:00,2026-07-12 00:45 Sun,,false,,,,false,workday:Tempus:/job/Chicago/Sr-Manager--Quality-Assurance_JR202600605
Tempus:/job/Chicago/Staff-AI-Scientist---AI-Products---Life-Sciences_JR202600267,Tempus,Staff AI Scientist - AI Products / Life Sciences,4 Locations,,https://tempus.wd5.myworkdayjobs.com/en-US/Tempus_Careers/job/Chicago/Staff-AI-Scientist---AI-Products---Life-Sciences_JR202600267,Posted 30+ Days Ago,2026-06-12,2026-07-12T07:45:02+00:00,2026-07-12 00:45 Sun,,false,,,,false,workday:Tempus:/job/Chicago/Staff-AI-Scientist---AI-Products---Life-Sciences_JR202600267
Tempus:/job/Chicago/Staff-Product-Designer_JR202600516,Tempus,Staff Product Designer,Chicago,,https://tempus.wd5.myworkdayjobs.com/en-US/Tempus_Careers/job/Chicago/Staff-Product-Designer_JR202600516,Posted 20 Days Ago,2026-06-22,2026-07-12T07:45:02+00:00,2026-07-12 00:45 Sun,,false,,,,false,workday:Tempus:/job/Chicago/Staff-Product-Designer_JR202600516
Tempus:/job/Remote---California/Staff--Software-Engineer_JR202600774-1,Tempus,"Staff, Software Engineer",Remote - California,,https://tempus.wd5.myworkdayjobs.com/en-US/Tempus_Careers/job/Remote---California/Staff--Software-Engineer_JR202600774-1,Posted 3 Days Ago,2026-07-28,2026-07-31T22:17:29+00:00,2026-07-31 15:17 Fri,,false,,,,false,workday:Tempus:/job/Remote---California/Staff--Software-Engineer_JR202600774-1
Tempus:/job/Chicago/Staff-Senior-Machine-Learning-Engineer--Clinical-AI_JR202600443,Tempus,"Staff/Senior Machine Learning Engineer, Clinical AI",5 Locations,,https://tempus.wd5.myworkdayjobs.com/en-US/Tempus_Careers/job/Chicago/Staff-Senior-Machine-Learning-Engineer--Clinical-AI_JR202600443,Posted 30+ Days Ago,2026-06-12,2026-07-12T07:45:02+00:00,2026-07-12 00:45 Sun,,false,,,,false,workday:Tempus:/job/Chicago/Staff-Senior-Machine-Learning-Engineer--Clinical-AI_JR202600443
Tempus:/job/Chicago/Strategy---Operations-Associate_JR202600517,Tempus,Strategy & Operations Associate,2 Locations,,https://tempus.wd5.myworkdayjobs.com/en-US/Tempus_Careers/job/Chicago/Strategy---Operations-Associate_JR202600517,Posted 30+ Days Ago,2026-06-12,2026-07-12T07:45:02+00:00,2026-07-12 00:45 Sun,,false,,,,false,workday:Tempus:/job/Chicago/Strategy---Operations-Associate_JR202600517
Tempus:/job/Chicago/Study-Start-Up-Manager_JR202600536,Tempus,Study Start-Up Manager,Chicago,,https://tempus.wd5.myworkdayjobs.com/en-US/Tempus_Careers/job/Chicago/Study-Start-Up-Manager_JR202600536,Posted 30+ Days Ago,2026-06-12,2026-07-12T07:45:02+00:00,2026-07-12 00:45 Sun,,false,,,,false,workday:Tempus:/job/Chicago/Study-Start-Up-Manager_JR202600536
Tempus:/job/Chicago/Study-Start-Up-Specialist_JR202600770,Tempus,Study Start-Up Specialist,2 Locations,,https://tempus.wd5.myworkdayjobs.com/en-US/Tempus_Careers/job/Chicago/Study-Start-Up-Specialist_JR202600770,Posted 3 Days Ago,2026-07-28,2026-07-31T15:41:36+00:00,2026-07-31 08:41 Fri,,false,,,,false,workday:Tempus:/job/Chicago/Study-Start-Up-Specialist_JR202600770
Tempus:/job/Chicago/SVP--Head-of-Growth-for-AI-Applications---Data-Connectivity_JR202600538,Tempus,"SVP, Head of Growth for AI Applications & Data Connectivity",Chicago,,https://tempus.wd5.myworkdayjobs.com/en-US/Tempus_Careers/job/Chicago/SVP--Head-of-Growth-for-AI-Applications---Data-Connectivity_JR202600538,Posted 30+ Days Ago,2026-06-12,2026-07-12T07:45:02+00:00,2026-07-12 00:45 Sun,,false,,,,false,workday:Tempus:/job/Chicago/SVP--Head-of-Growth-for-AI-Applications---Data-Connectivity_JR202600538
Tempus:/job/Chicago/VP--Product----Oncology---Somatic-Tissue_JR202600215,Tempus,"SVP, Product",Chicago,,https://tempus.wd5.myworkdayjobs.com/en-US/Tempus_Careers/job/Chicago/VP--Product----Oncology---Somatic-Tissue_JR202600215,Posted 30+ Days Ago,2026-06-12,2026-07-12T07:45:02+00:00,2026-07-12 00:45 Sun,,false,,,,false,workday:Tempus:/job/Chicago/VP--Product----Oncology---Somatic-Tissue_JR202600215
Tempus:/job/Remote---Illinois/TIME-Operations-Alliance-Manager_JR202600872,Tempus,TIME Operations Alliance Manager,Remote - Illinois,,https://tempus.wd5.myworkdayjobs.com/en-US/Tempus_Careers/job/Remote---Illinois/TIME-Operations-Alliance-Manager_JR202600872,Posted 2 Days Ago,2026-09-02,2026-09-02T20:42:04+00:00,2026-09-02 13:42 Wed,,false,,,,false,workday:Tempus:/job/Remote---Illinois/TIME-Operations-Alliance-Manager_JR202600872
Tempus:/job/Remote---Illinois/TIME-Operations-Manager_JR202600771,Tempus,TIME Operations Manager,Remote - Illinois,,https://tempus.wd5.myworkdayjobs.com/en-US/Tempus_Careers/job/Remote---Illinois/TIME-Operations-Manager_JR202600771,Posted 3 Days Ago,2026-07-28,2026-07-31T15:41:36+00:00,2026-07-31 08:41 Fri,,false,,,,false,workday:Tempus:/job/Remote---Illinois/TIME-Operations-Manager_JR202600771
Tempus:/job/New-York-City/Machine-Learning-Scientist--Applied-Machine-Learning-and-Agentic-AI--Pharma-R-D_JR202600508,Tempus,"Translational Scientist, Applied Machine Learning and Agentic AI, Pharma R&D",New-York-City,,https://tempus.wd5.myworkdayjobs.com/en-US/Tempus_Careers/job/New-York-City/Machine-Learning-Scientist--Applied-Machine-Learning-and-Agentic-AI--Pharma-R-D_JR202600508,Posted 8 Days Ago,2026-08-27,2026-07-12T07:45:02+00:00,2026-07-12 00:45 Sun,,false,,,,false,workday:Tempus:/job/New-York-City/Machine-Learning-Scientist--Applied-Machine-Learning-and-Agentic-AI--Pharma-R-D_JR202600508
Tempus:/job/Remote---Texas/Urology-Clinical-Account-Executive--Central_JR202600518,Tempus,"Urology Clinical Account Executive, Central",Remote - Texas,,https://tempus.wd5.myworkdayjobs.com/en-US/Tempus_Careers/job/Remote---Texas/Urology-Clinical-Account-Executive--Central_JR202600518,Posted 30+ Days Ago,2026-06-12,2026-07-12T07:45:02+00:00,2026-07-12 00:45 Sun,,false,,,,false,workday:Tempus:/job/Remote---Texas/Urology-Clinical-Account-Executive--Central_JR202600518
Tempus:/job/Remote---DC-Washington/Urology-Clinical-Account-Executive--East_JR202600521,Tempus,"Urology Clinical Account Executive, East",Remote - DC Washington,,https://tempus.wd5.myworkdayjobs.com/en-US/Tempus_Careers/job/Remote---DC-Washington/Urology-Clinical-Account-Executive--East_JR202600521,Posted 30+ Days Ago,2026-06-12,2026-07-12T07:45:02+00:00,2026-07-12 00:45 Sun,,false,,,,false,workday:Tempus:/job/Remote---DC-Washington/Urology-Clinical-Account-Executive--East_JR202600521
Tempus:/job/Remote---Illinois/Urology-Clinical-Account-Executive--Central_JR202600519,Tempus,"Urology Clinical Account Executive, North",Remote - Illinois,,https://tempus.wd5.myworkdayjobs.com/en-US/Tempus_Careers/job/Remote---Illinois/Urology-Clinical-Account-Executive--Central_JR202600519,Posted 30+ Days Ago,2026-06-12,2026-07-12T07:45:02+00:00,2026-07-12 00:45 Sun,,false,,,,false,workday:Tempus:/job/Remote---Illinois/Urology-Clinical-Account-Executive--Central_JR202600519
Tempus:/job/Remote---California/Urology-Clinical-Account-Executive--West_JR202600510,Tempus,"Urology Clinical Account Executive, West",Remote - California,,https://tempus.wd5.myworkdayjobs.com/en-US/Tempus_Careers/job/Remote---California/Urology-Clinical-Account-Executive--West_JR202600510,Posted 30+ Days Ago,2026-06-12,2026-07-12T07:45:02+00:00,2026-07-12 00:45 Sun,,false,,,,false,workday:Tempus:/job/Remote---California/Urology-Clinical-Account-Executive--West_JR202600510
Tempus:/job/Remote---Illinois/Variant-Scientist_JR202600663,Tempus,Variant Scientist,Remote - Illinois,,https://tempus.wd5.myworkdayjobs.com/en-US/Tempus_Careers/job/Remote---Illinois/Variant-Scientist_JR202600663,Posted 28 Days Ago,2026-06-14,2026-07-12T07:45:02+00:00,2026-07-12 00:45 Sun,,false,,,,false,workday:Tempus:/job/Remote---Illinois/Variant-Scientist_JR202600663
Tempus:/job/Remote/Vice-President--Clinical-Development-Operations_JR202600677,Tempus,"Vice President, Clinical Development Operations",Remote,,https://tempus.wd5.myworkdayjobs.com/en-US/Tempus_Careers/job/Remote/Vice-President--Clinical-Development-Operations_JR202600677,Posted 19 Days Ago,2026-06-26,2026-07-15T14:53:39+00:00,2026-07-15 07:53 Wed,,false,,,,false,workday:Tempus:/job/Remote/Vice-President--Clinical-Development-Operations_JR202600677
Tempus:/job/Chicago/VP--Data-Product-Strategy---GTM_JR202600661,Tempus,"VP, Data Strategy & GTM",Chicago,,https://tempus.wd5.myworkdayjobs.com/en-US/Tempus_Careers/job/Chicago/VP--Data-Product-Strategy---GTM_JR202600661,Posted 26 Days Ago,2026-06-16,2026-07-12T07:45:02+00:00,2026-07-12 00:45 Sun,,false,,,,false,workday:Tempus:/job/Chicago/VP--Data-Product-Strategy---GTM_JR202600661
