job_key,company,title,location,department,urls,date_posted,date_posted_iso,first_seen,first_seen_pt,track,scored,score_method,experience_score,reason,emailed,source_uids
Workday:/job/Sr-Recruiting-Consultant---Workday-Success-Plans_JR-0108804,Workday,,,,https://workday.wd5.myworkdayjobs.com/en-US/Workday/job/Sr-Recruiting-Consultant---Workday-Success-Plans_JR-0108804,,,2026-07-15T10:17:31+00:00,2026-07-15 03:17 Wed,,false,,,,false,workday:Workday:/job/Sr-Recruiting-Consultant---Workday-Success-Plans_JR-0108804
Workday:/job/AI-Product-Manager_JR-0108616,Workday,,,,https://workday.wd5.myworkdayjobs.com/en-US/Workday/job/AI-Product-Manager_JR-0108616,,,2026-07-20T14:58:38+00:00,2026-07-20 07:58 Mon,,false,,,,false,workday:Workday:/job/AI-Product-Manager_JR-0108616
Workday:/job/Software-Development-Engineer_JR-0107613,Workday,,,,https://workday.wd5.myworkdayjobs.com/en-US/Workday/job/Software-Development-Engineer_JR-0107613,,,2026-07-20T16:59:39+00:00,2026-07-20 09:59 Mon,,false,,,,false,workday:Workday:/job/Software-Development-Engineer_JR-0107613
Workday:/job/Senior-Software-Engineer---Data-Platform--Spark---Trino-_JR-0107708,Workday,,,,https://workday.wd5.myworkdayjobs.com/en-US/Workday/job/Senior-Software-Engineer---Data-Platform--Spark---Trino-_JR-0107708,,,2026-07-23T14:17:42+00:00,2026-07-23 07:17 Thu,,false,,,,false,workday:Workday:/job/Senior-Software-Engineer---Data-Platform--Spark---Trino-_JR-0107708
Workday:/job/Software-Development-Engineer---AI-Tools_JR-0108294,Workday,,,,https://workday.wd5.myworkdayjobs.com/en-US/Workday/job/Software-Development-Engineer---AI-Tools_JR-0108294,,,2026-07-24T07:17:27+00:00,2026-07-24 00:17 Fri,,false,,,,false,workday:Workday:/job/Software-Development-Engineer---AI-Tools_JR-0108294
Workday:/job/Sr-Workday-Education-Field-Solutions-Manager_JR-0108871,Workday,,,,https://workday.wd5.myworkdayjobs.com/en-US/Workday/job/Sr-Workday-Education-Field-Solutions-Manager_JR-0108871,,,2026-07-28T19:17:44+00:00,2026-07-28 12:17 Tue,,false,,,,false,workday:Workday:/job/Sr-Workday-Education-Field-Solutions-Manager_JR-0108871
Workday:/job/Sr-Product-Marketing-Manager_JR-0109017,Workday,,,,https://workday.wd5.myworkdayjobs.com/en-US/Workday/job/Sr-Product-Marketing-Manager_JR-0109017,,,2026-07-31T16:41:40+00:00,2026-07-31 09:41 Fri,,false,,,,false,workday:Workday:/job/Sr-Product-Marketing-Manager_JR-0109017
Workday:/job/Senior-Software-Development-Engineer_JR-0107046,Workday,,,,https://workday.wd5.myworkdayjobs.com/en-US/Workday/job/Senior-Software-Development-Engineer_JR-0107046,,,2026-08-02T14:59:24+00:00,2026-08-02 07:59 Sun,,false,,,,false,workday:Workday:/job/Senior-Software-Development-Engineer_JR-0107046
Workday:/job/Senior-Director--Global-Project-Delivery_JR-0107263,Workday,,,,https://workday.wd5.myworkdayjobs.com/en-US/Workday/job/Senior-Director--Global-Project-Delivery_JR-0107263,,,2026-08-05T01:59:54+00:00,2026-08-04 18:59 Tue,,false,,,,false,workday:Workday:/job/Senior-Director--Global-Project-Delivery_JR-0107263
Workday:/job/Sr-Program-Manager-Program-Manager-Non-Technical-_JR-0108462,Workday,,,,https://workday.wd5.myworkdayjobs.com/en-US/Workday/job/Sr-Program-Manager-Program-Manager-Non-Technical-_JR-0108462,,,2026-08-05T23:17:09+00:00,2026-08-05 16:17 Wed,,false,,,,false,workday:Workday:/job/Sr-Program-Manager-Program-Manager-Non-Technical-_JR-0108462
Workday:/job/Join-our-Talent-Community---Account-Executive-Large-Enterprise--UKI_JR-0105894,Workday,,,,https://workday.wd5.myworkdayjobs.com/en-US/Workday/job/Join-our-Talent-Community---Account-Executive-Large-Enterprise--UKI_JR-0105894,,,2026-08-06T10:17:43+00:00,2026-08-06 03:17 Thu,,false,,,,false,workday:Workday:/job/Join-our-Talent-Community---Account-Executive-Large-Enterprise--UKI_JR-0105894
Workday:/job/GTM-Manager_JR-0108640,Workday,,,,https://workday.wd5.myworkdayjobs.com/en-US/Workday/job/GTM-Manager_JR-0108640,,,2026-08-10T04:41:34+00:00,2026-08-09 21:41 Sun,,false,,,,false,workday:Workday:/job/GTM-Manager_JR-0108640
Workday:/job/Principal---Senior-Partner-Solution-Architect--Workday-Wellness_JR-0109178,Workday,,,,https://workday.wd5.myworkdayjobs.com/en-US/Workday/job/Principal---Senior-Partner-Solution-Architect--Workday-Wellness_JR-0109178,,,2026-08-13T13:42:07+00:00,2026-08-13 06:42 Thu,,false,,,,false,workday:Workday:/job/Principal---Senior-Partner-Solution-Architect--Workday-Wellness_JR-0109178
Workday:/job/Enterprise-Architect_JR-0108429,Workday,,,,https://workday.wd5.myworkdayjobs.com/en-US/Workday/job/Enterprise-Architect_JR-0108429,,,2026-08-17T19:18:05+00:00,2026-08-17 12:18 Mon,,false,,,,false,workday:Workday:/job/Enterprise-Architect_JR-0108429
Workday:/job/Sr-Functional-Consultant_JR-0108703,Workday,,,,https://workday.wd5.myworkdayjobs.com/en-US/Workday/job/Sr-Functional-Consultant_JR-0108703,,,2026-08-18T12:10:51+00:00,2026-08-18 05:10 Tue,,false,,,,false,workday:Workday:/job/Sr-Functional-Consultant_JR-0108703
Workday:/job/Mobile-Engineer---iOS_JR-0108389,Workday,,,,https://workday.wd5.myworkdayjobs.com/en-US/Workday/job/Mobile-Engineer---iOS_JR-0108389,,,2026-08-18T14:31:10+00:00,2026-08-18 07:31 Tue,,false,,,,false,workday:Workday:/job/Mobile-Engineer---iOS_JR-0108389
Workday:/job/CX-Delivery-Excellence-Product-Lead_JR-0104531,Workday,,,,https://workday.wd5.myworkdayjobs.com/en-US/Workday/job/CX-Delivery-Excellence-Product-Lead_JR-0104531,,,2026-08-18T15:30:06+00:00,2026-08-18 08:30 Tue,,false,,,,false,workday:Workday:/job/CX-Delivery-Excellence-Product-Lead_JR-0104531
Workday:/job/Sr-Software-Development-Engineer_JR-0108085,Workday,,,,https://workday.wd5.myworkdayjobs.com/en-US/Workday/job/Sr-Software-Development-Engineer_JR-0108085,,,2026-08-18T15:30:06+00:00,2026-08-18 08:30 Tue,,false,,,,false,workday:Workday:/job/Sr-Software-Development-Engineer_JR-0108085
Workday:/job/Sr-Data-Scientist--AI-Innovation_JR-0108874,Workday,,,,https://workday.wd5.myworkdayjobs.com/en-US/Workday/job/Sr-Data-Scientist--AI-Innovation_JR-0108874,,,2026-08-18T17:53:30+00:00,2026-08-18 10:53 Tue,,false,,,,false,workday:Workday:/job/Sr-Data-Scientist--AI-Innovation_JR-0108874
Workday:/job/Customer-Base-Account-Executive--Large-Enterprise--FSI-_JR-0109121,Workday,,,,https://workday.wd5.myworkdayjobs.com/en-US/Workday/job/Customer-Base-Account-Executive--Large-Enterprise--FSI-_JR-0109121,,,2026-08-18T21:29:21+00:00,2026-08-18 14:29 Tue,,false,,,,false,workday:Workday:/job/Customer-Base-Account-Executive--Large-Enterprise--FSI-_JR-0109121
Workday:/job/Regional-Sales-Director--Large-Enterprise-Customer-Base_JR-0109438,Workday,,,,https://workday.wd5.myworkdayjobs.com/en-US/Workday/job/Regional-Sales-Director--Large-Enterprise-Customer-Base_JR-0109438,,,2026-08-18T22:08:50+00:00,2026-08-18 15:08 Tue,,false,,,,false,workday:Workday:/job/Regional-Sales-Director--Large-Enterprise-Customer-Base_JR-0109438
Workday:/job/Business-Process-Analyst_JR-0109187-1,Workday,,,,https://workday.wd5.myworkdayjobs.com/en-US/Workday/job/Business-Process-Analyst_JR-0109187-1,,,2026-08-19T06:13:48+00:00,2026-08-18 23:13 Tue,,false,,,,false,workday:Workday:/job/Business-Process-Analyst_JR-0109187-1
Workday:/job/Join-Our-Talent-Community---Senior-Account-Executive---Nordics_JR-0107972,Workday,,,,https://workday.wd5.myworkdayjobs.com/en-US/Workday/job/Join-Our-Talent-Community---Senior-Account-Executive---Nordics_JR-0107972,,,2026-08-19T11:10:38+00:00,2026-08-19 04:10 Wed,,false,,,,false,workday:Workday:/job/Join-Our-Talent-Community---Senior-Account-Executive---Nordics_JR-0107972
Workday:/job/USAVAReston/XMLNAME--Senior--Software-Development-Engineer--US-Federal-_JR-0108565,Workday,(Senior) Software Development Engineer (US Federal),USA.VA.Reston,,https://workday.wd5.myworkdayjobs.com/en-US/Workday/job/USAVAReston/XMLNAME--Senior--Software-Development-Engineer--US-Federal-_JR-0108565,Posted 3 Days Ago,2026-08-29,2026-07-11T03:36:34+00:00,2026-07-10 20:36 Fri,,false,,,,false,workday:Workday:/job/USAVAReston/XMLNAME--Senior--Software-Development-Engineer--US-Federal-_JR-0108565
Workday:/job/Germany-Berlin/Account-Executive---Customer-Base_JR-0107173,Workday,(Sr.) Account Executive - Customer Base - Germany,3 Locations,,https://workday.wd5.myworkdayjobs.com/en-US/Workday/job/Germany-Berlin/Account-Executive---Customer-Base_JR-0107173,Posted 11 Days Ago,2026-06-30,2026-07-11T03:36:34+00:00,2026-07-10 20:36 Fri,,false,,,,false,workday:Workday:/job/Germany-Berlin/Account-Executive---Customer-Base_JR-0107173
Workday:/job/USAVAReston/XMLNAME--Sr--Site-Reliability-Engineer--US-Federal-_JR-0108251,Workday,(Sr.) Software Development Engineer- SRE ( US Federal),USA.VA.Reston,,https://workday.wd5.myworkdayjobs.com/en-US/Workday/job/USAVAReston/XMLNAME--Sr--Site-Reliability-Engineer--US-Federal-_JR-0108251,Posted 2 Days Ago,2026-07-09,2026-07-11T03:36:34+00:00,2026-07-10 20:36 Fri,,false,,,,false,workday:Workday:/job/USAVAReston/XMLNAME--Sr--Site-Reliability-Engineer--US-Federal-_JR-0108251
Workday:/job/Japan-Tokyo/Account-Executive_JR-0103573-1,Workday,Account Executive,"Japan, Tokyo",,https://workday.wd5.myworkdayjobs.com/en-US/Workday/job/Japan-Tokyo/Account-Executive_JR-0103573-1,Posted 30+ Days Ago,2026-07-19,2026-08-18T12:10:51+00:00,2026-08-18 05:10 Tue,,false,,,,false,workday:Workday:/job/Japan-Tokyo/Account-Executive_JR-0103573-1
Workday:/job/Hong-Kong/Account-Executive---Customer-Base_JR-0108350,Workday,Account Executive - Customer Base,Hong Kong,,https://workday.wd5.myworkdayjobs.com/en-US/Workday/job/Hong-Kong/Account-Executive---Customer-Base_JR-0108350,Posted 17 Days Ago,2026-06-30,2026-07-17T02:17:09+00:00,2026-07-16 19:17 Thu,,false,,,,false,workday:Workday:/job/Hong-Kong/Account-Executive---Customer-Base_JR-0108350
Workday:/job/Hong-Kong/Account-Executive---Customer-Base_JR-0109279,Workday,Account Executive - Customer Base,Hong Kong,,https://workday.wd5.myworkdayjobs.com/en-US/Workday/job/Hong-Kong/Account-Executive---Customer-Base_JR-0109279,Posted Today,2026-08-25,2026-08-24T05:41:21+00:00,2026-08-23 22:41 Sun,,false,,,,false,workday:Workday:/job/Hong-Kong/Account-Executive---Customer-Base_JR-0109279
Workday:/job/USA-IL-Chicago/Account-Executive---Customer-Base-LE_JR-0107548-1,Workday,Account Executive - Customer Base LE,"USA, IL, Chicago",,https://workday.wd5.myworkdayjobs.com/en-US/Workday/job/USA-IL-Chicago/Account-Executive---Customer-Base-LE_JR-0107548-1,Posted 7 Days Ago,2026-07-04,2026-07-11T03:36:34+00:00,2026-07-10 20:36 Fri,,false,,,,false,workday:Workday:/job/USA-IL-Chicago/Account-Executive---Customer-Base-LE_JR-0107548-1
Workday:/job/USA-TX-Frisco/Account-Executive---Customer-Base-LE_JR-0107549-1,Workday,Account Executive - Customer Base LE,4 Locations,,https://workday.wd5.myworkdayjobs.com/en-US/Workday/job/USA-TX-Frisco/Account-Executive---Customer-Base-LE_JR-0107549-1,Posted 19 Days Ago,2026-06-26,2026-07-15T19:41:33+00:00,2026-07-15 12:41 Wed,,false,,,,false,workday:Workday:/job/USA-TX-Frisco/Account-Executive---Customer-Base-LE_JR-0107549-1
Workday:/job/USA-GA-Atlanta/Account-Executive---Customer-Base-LE_JR-0107540,Workday,Account Executive - Customer Base LE,"USA, GA, Atlanta",,https://workday.wd5.myworkdayjobs.com/en-US/Workday/job/USA-GA-Atlanta/Account-Executive---Customer-Base-LE_JR-0107540,Posted 18 Days Ago,2026-06-28,2026-07-16T22:17:18+00:00,2026-07-16 15:17 Thu,,false,,,,false,workday:Workday:/job/USA-GA-Atlanta/Account-Executive---Customer-Base-LE_JR-0107540
Workday:/job/Canada-ON-Toronto/Account-Executive---Customer-Base-Major-Accounts_JR-0108311,Workday,Account Executive - Customer Base Major Accounts,"Canada, ON, Toronto",,https://workday.wd5.myworkdayjobs.com/en-US/Workday/job/Canada-ON-Toronto/Account-Executive---Customer-Base-Major-Accounts_JR-0108311,Posted 14 Days Ago,2026-06-27,2026-07-11T03:36:34+00:00,2026-07-10 20:36 Fri,,false,,,,false,workday:Workday:/job/Canada-ON-Toronto/Account-Executive---Customer-Base-Major-Accounts_JR-0108311
Workday:/job/USA-NY-Remote/Account-Executive---Customer-Base-Major-Accounts_JR-0108396,Workday,Account Executive - Customer Base Major Accounts,4 Locations,,https://workday.wd5.myworkdayjobs.com/en-US/Workday/job/USA-NY-Remote/Account-Executive---Customer-Base-Major-Accounts_JR-0108396,Posted 4 Days Ago,2026-07-07,2026-07-11T03:36:34+00:00,2026-07-10 20:36 Fri,,false,,,,false,workday:Workday:/job/USA-NY-Remote/Account-Executive---Customer-Base-Major-Accounts_JR-0108396
Workday:/job/USA-DC-Home-Office/Account-Executive---Customer-Base-Major-Accounts_JR-0107547,Workday,Account Executive - Customer Base Major Accounts,USA-DC-Home-Office,,https://workday.wd5.myworkdayjobs.com/en-US/Workday/job/USA-DC-Home-Office/Account-Executive---Customer-Base-Major-Accounts_JR-0107547,Posted Yesterday,2026-08-27,2026-07-20T15:59:43+00:00,2026-07-20 08:59 Mon,,false,,,,false,workday:Workday:/job/USA-DC-Home-Office/Account-Executive---Customer-Base-Major-Accounts_JR-0107547
Workday:/job/USA-NY-Remote/Account-Executive---Customer-Base-Major-Accounts_JR-0108699-1,Workday,Account Executive - Customer Base Major Accounts,4 Locations,,https://workday.wd5.myworkdayjobs.com/en-US/Workday/job/USA-NY-Remote/Account-Executive---Customer-Base-Major-Accounts_JR-0108699-1,Posted Today,2026-07-28,2026-07-28T21:17:59+00:00,2026-07-28 14:17 Tue,,false,,,,false,workday:Workday:/job/USA-NY-Remote/Account-Executive---Customer-Base-Major-Accounts_JR-0108699-1
Workday:/job/USA-TX-Home-Office/Account-Executive---Large-Enterprise_JR-0107543,Workday,Account Executive - Large Enterprise,5 Locations,,https://workday.wd5.myworkdayjobs.com/en-US/Workday/job/USA-TX-Home-Office/Account-Executive---Large-Enterprise_JR-0107543,Posted 2 Days Ago,2026-07-09,2026-07-11T03:36:34+00:00,2026-07-10 20:36 Fri,,false,,,,false,workday:Workday:/job/USA-TX-Home-Office/Account-Executive---Large-Enterprise_JR-0107543
Workday:/job/USA-TX-Home-Office/Account-Executive---Large-Enterprise_JR-0107542,Workday,Account Executive - Large Enterprise,"USA, TX, Home Office",,https://workday.wd5.myworkdayjobs.com/en-US/Workday/job/USA-TX-Home-Office/Account-Executive---Large-Enterprise_JR-0107542,Posted Today,2026-07-30,2026-07-30T19:42:12+00:00,2026-07-30 12:42 Thu,,false,,,,false,workday:Workday:/job/USA-TX-Home-Office/Account-Executive---Large-Enterprise_JR-0107542
Workday:/job/USA-CA-Pleasanton/Account-Executive---Large-Enterprise_JR-0108998,Workday,Account Executive - Large Enterprise,3 Locations,,https://workday.wd5.myworkdayjobs.com/en-US/Workday/job/USA-CA-Pleasanton/Account-Executive---Large-Enterprise_JR-0108998,Posted 3 Days Ago,2026-07-28,2026-07-31T21:41:10+00:00,2026-07-31 14:41 Fri,,false,,,,false,workday:Workday:/job/USA-CA-Pleasanton/Account-Executive---Large-Enterprise_JR-0108998
Workday:/job/United-Kingdom-London/Join-our-Talent-Community---Account-Executive-Large-Enterprise--UKI_JR-0105894,Workday,Account Executive - Large Enterprise Retail and Hospitality UKI,2 Locations,,https://workday.wd5.myworkdayjobs.com/en-US/Workday/job/United-Kingdom-London/Join-our-Talent-Community---Account-Executive-Large-Enterprise--UKI_JR-0105894,Posted 7 Days Ago,2026-07-04,2026-07-11T03:36:34+00:00,2026-07-10 20:36 Fri,,false,,,,false,workday:Workday:/job/United-Kingdom-London/Join-our-Talent-Community---Account-Executive-Large-Enterprise--UKI_JR-0105894
Workday:/job/USA-NY-New-York-City/Account-Executive---New-York_JR-0108434,Workday,Account Executive - New York,"USA, NY, New York City",,https://workday.wd5.myworkdayjobs.com/en-US/Workday/job/USA-NY-New-York-City/Account-Executive---New-York_JR-0108434,Posted Today,2026-07-15,2026-07-15T17:41:48+00:00,2026-07-15 10:41 Wed,,false,,,,false,workday:Workday:/job/USA-NY-New-York-City/Account-Executive---New-York_JR-0108434
Workday:/job/USA-GA-Remote/Account-Executive-Customer-Base---LE_JR-0108944,Workday,Account Executive Customer Base - LE,"USA, GA, Remote",,https://workday.wd5.myworkdayjobs.com/en-US/Workday/job/USA-GA-Remote/Account-Executive-Customer-Base---LE_JR-0108944,Posted Today,2026-08-10,2026-08-10T21:59:12+00:00,2026-08-10 14:59 Mon,,false,,,,false,workday:Workday:/job/USA-GA-Remote/Account-Executive-Customer-Base---LE_JR-0108944
Workday:/job/France-Paris/Account-Executive-Customer-Base-Large-Enterprise_JR-0107739,Workday,Account Executive Customer Base Large Enterprise - Retail / Hospitality / Transportation,"France, Paris",,https://workday.wd5.myworkdayjobs.com/en-US/Workday/job/France-Paris/Account-Executive-Customer-Base-Large-Enterprise_JR-0107739,Posted 30+ Days Ago,2026-07-19,2026-08-18T12:10:51+00:00,2026-08-18 05:10 Tue,,false,,,,false,workday:Workday:/job/France-Paris/Account-Executive-Customer-Base-Large-Enterprise_JR-0107739
Workday:/job/Italy-Milan/Account-Executive-Large-Enterprise_JR-0109824,Workday,Account Executive Large Enterprise,"Italy, Milan",,https://workday.wd5.myworkdayjobs.com/en-US/Workday/job/Italy-Milan/Account-Executive-Large-Enterprise_JR-0109824,Posted Today,2026-09-02,2026-09-02T08:17:35+00:00,2026-09-02 01:17 Wed,,false,,,,false,workday:Workday:/job/Italy-Milan/Account-Executive-Large-Enterprise_JR-0109824
Workday:/job/France-Paris/Account-Executive-Large-Enterprise---Services---Tech---Mdia_JR-0104040,Workday,Account Executive Large Enterprise - Services / Tech / Média,"France, Paris",,https://workday.wd5.myworkdayjobs.com/en-US/Workday/job/France-Paris/Account-Executive-Large-Enterprise---Services---Tech---Mdia_JR-0104040,Posted 30+ Days Ago,2026-07-19,2026-08-18T12:10:51+00:00,2026-08-18 05:10 Tue,,false,,,,false,workday:Workday:/job/France-Paris/Account-Executive-Large-Enterprise---Services---Tech---Mdia_JR-0104040
Workday:/job/INDPune/Accounts-Receivable-Analyst--Payments_JR-0108723-1,Workday,"Accounts Receivable Analyst, Payments",IND.Pune,,https://workday.wd5.myworkdayjobs.com/en-US/Workday/job/INDPune/Accounts-Receivable-Analyst--Payments_JR-0108723-1,Posted 3 Days Ago,2026-07-28,2026-07-31T10:41:09+00:00,2026-07-31 03:41 Fri,,false,,,,false,workday:Workday:/job/INDPune/Accounts-Receivable-Analyst--Payments_JR-0108723-1
Workday:/job/INDPune/AD--Azure-AD-and-PKI-Architect_JR-0108937-1,Workday,"AD, Azure AD and PKI Architect",IND.Pune,,https://workday.wd5.myworkdayjobs.com/en-US/Workday/job/INDPune/AD--Azure-AD-and-PKI-Architect_JR-0108937-1,Posted Today,2026-08-17,2026-08-17T08:41:28+00:00,2026-08-17 01:41 Mon,,false,,,,false,workday:Workday:/job/INDPune/AD--Azure-AD-and-PKI-Architect_JR-0108937-1
Workday:/job/Singapore/Adaptive-Planning-Sales-Specialist---Singapore-NN---CB_JR-0105619,Workday,Adaptive Planning Sales Specialist - Singapore NN & CB,Singapore,,https://workday.wd5.myworkdayjobs.com/en-US/Workday/job/Singapore/Adaptive-Planning-Sales-Specialist---Singapore-NN---CB_JR-0105619,Posted 30+ Days Ago,2026-07-19,2026-08-18T12:10:51+00:00,2026-08-18 05:10 Tue,,false,,,,false,workday:Workday:/job/Singapore/Adaptive-Planning-Sales-Specialist---Singapore-NN---CB_JR-0105619
Workday:/job/Costa-Rica/AI-Commercial-Excellence--Manager_JR-0109122,Workday,"AI Commercial Excellence, Manager",Costa Rica,,https://workday.wd5.myworkdayjobs.com/en-US/Workday/job/Costa-Rica/AI-Commercial-Excellence--Manager_JR-0109122,Posted 3 Days Ago,2026-08-29,2026-08-28T22:41:42+00:00,2026-08-28 15:41 Fri,,false,,,,false,workday:Workday:/job/Costa-Rica/AI-Commercial-Excellence--Manager_JR-0109122
Workday:/job/Israel-Tel-Aviv/AI-Data-Quality-Analyst--Paradox-_JR-0108912,Workday,AI Data Quality Analyst (Paradox),"Israel, Tel Aviv",,https://workday.wd5.myworkdayjobs.com/en-US/Workday/job/Israel-Tel-Aviv/AI-Data-Quality-Analyst--Paradox-_JR-0108912,Posted 2 Days Ago,2026-08-18,2026-08-12T06:07:28+00:00,2026-08-11 23:07 Tue,,false,,,,false,workday:Workday:/job/Israel-Tel-Aviv/AI-Data-Quality-Analyst--Paradox-_JR-0108912
Workday:/job/USA-IL-Chicago/Engagement-Manager--AI-Practice_JR-0106562,Workday,AI Engagement Manager,USA-IL-Chicago,,https://workday.wd5.myworkdayjobs.com/en-US/Workday/job/USA-IL-Chicago/Engagement-Manager--AI-Practice_JR-0106562,Posted 3 Days Ago,2026-08-27,2026-07-21T14:41:53+00:00,2026-07-21 07:41 Tue,,false,,,,false,workday:Workday:/job/USA-IL-Chicago/Engagement-Manager--AI-Practice_JR-0106562
Workday:/job/Canada-BC-Vancouver/AI-Engineer_JR-0109305,Workday,AI Engineer,"Canada, BC, Vancouver",,https://workday.wd5.myworkdayjobs.com/en-US/Workday/job/Canada-BC-Vancouver/AI-Engineer_JR-0109305,Posted Today,2026-08-12,2026-08-12T21:07:17+00:00,2026-08-12 14:07 Wed,,false,,,,false,workday:Workday:/job/Canada-BC-Vancouver/AI-Engineer_JR-0109305
Workday:/job/Canada-BC-Vancouver/Machine-Learning-Engineer---Evisort_JR-0103943-1,Workday,AI Engineer/Senior AI Engineer - Evisort,2 Locations,,https://workday.wd5.myworkdayjobs.com/en-US/Workday/job/Canada-BC-Vancouver/Machine-Learning-Engineer---Evisort_JR-0103943-1,Posted 20 Days Ago,2026-06-21,2026-07-11T03:36:34+00:00,2026-07-10 20:36 Fri,,false,,,,false,workday:Workday:/job/Canada-BC-Vancouver/Machine-Learning-Engineer---Evisort_JR-0103943-1
Workday:/job/INDPune/AI-Platforms-Engineer_JR-0109223-1,Workday,AI Platforms Engineer,IND.Pune,,https://workday.wd5.myworkdayjobs.com/en-US/Workday/job/INDPune/AI-Platforms-Engineer_JR-0109223-1,Posted Today,2026-09-02,2026-09-01T07:17:27+00:00,2026-09-01 00:17 Tue,,false,,,,false,workday:Workday:/job/INDPune/AI-Platforms-Engineer_JR-0109223-1
Workday:/job/Israel-Tel-Aviv/AI-Product-Manager_JR-0108616,Workday,AI Product Manager,"Israel, Tel Aviv",,https://workday.wd5.myworkdayjobs.com/en-US/Workday/job/Israel-Tel-Aviv/AI-Product-Manager_JR-0108616,Posted Yesterday,2026-08-20,2026-07-13T11:58:49+00:00,2026-07-13 04:58 Mon,,false,,,,false,workday:Workday:/job/Israel-Tel-Aviv/AI-Product-Manager_JR-0108616
Workday:/job/United-Kingdom-London/AI-Services-Sales-Advisor_JR-0109191,Workday,AI Services Sales Advisor,"United Kingdom, London",,https://workday.wd5.myworkdayjobs.com/en-US/Workday/job/United-Kingdom-London/AI-Services-Sales-Advisor_JR-0109191,Posted Today,2026-08-06,2026-08-06T13:59:29+00:00,2026-08-06 06:59 Thu,,false,,,,false,workday:Workday:/job/United-Kingdom-London/AI-Services-Sales-Advisor_JR-0109191
Workday:/job/USA-TX-Austin/Partner-Business-Intelligence-Analyst_JR-0109404,Workday,Analytics Engineer,USA-TX-Austin,,https://workday.wd5.myworkdayjobs.com/en-US/Workday/job/USA-TX-Austin/Partner-Business-Intelligence-Analyst_JR-0109404,Posted Yesterday,2026-08-21,2026-08-19T22:59:16+00:00,2026-08-19 15:59 Wed,,false,,,,false,workday:Workday:/job/USA-TX-Austin/Partner-Business-Intelligence-Analyst_JR-0109404
Workday:/job/USAVAReston/Analytics-Sr-Software-Engineer--US-Federal-_JR-0108035,Workday,Analytics Sr Software Engineer (US Federal),USA.VA.Reston,,https://workday.wd5.myworkdayjobs.com/en-US/Workday/job/USAVAReston/Analytics-Sr-Software-Engineer--US-Federal-_JR-0108035,Posted 6 Days Ago,2026-07-05,2026-07-11T03:36:34+00:00,2026-07-10 20:36 Fri,,false,,,,false,workday:Workday:/job/USAVAReston/Analytics-Sr-Software-Engineer--US-Federal-_JR-0108035
Workday:/job/USAVAReston/Analytics-Sr-Software-Engineer--US-Federal-_JR-0105493,Workday,Analytics Sr Software Engineer (US Federal),USA.VA.Reston,,https://workday.wd5.myworkdayjobs.com/en-US/Workday/job/USAVAReston/Analytics-Sr-Software-Engineer--US-Federal-_JR-0105493,Posted 6 Days Ago,2026-07-19,2026-07-25T02:17:15+00:00,2026-07-24 19:17 Fri,,false,,,,false,workday:Workday:/job/USAVAReston/Analytics-Sr-Software-Engineer--US-Federal-_JR-0105493
Workday:/job/Australia-VIC-Melbourne/Area-Manager---Workplace-Operations_JR-0109456,Workday,Area Manager – Workplace Operations,"Australia, VIC, Melbourne",,https://workday.wd5.myworkdayjobs.com/en-US/Workday/job/Australia-VIC-Melbourne/Area-Manager---Workplace-Operations_JR-0109456,Posted Yesterday,2026-08-21,2026-08-20T05:17:31+00:00,2026-08-19 22:17 Wed,,false,,,,false,workday:Workday:/job/Australia-VIC-Melbourne/Area-Manager---Workplace-Operations_JR-0109456
Workday:/job/USA-GA-Atlanta/Assistant-General-Counsel_JR-0108695,Workday,Assistant General Counsel,2 Locations,,https://workday.wd5.myworkdayjobs.com/en-US/Workday/job/USA-GA-Atlanta/Assistant-General-Counsel_JR-0108695,Posted 2 Days Ago,2026-07-09,2026-07-11T03:36:34+00:00,2026-07-10 20:36 Fri,,false,,,,false,workday:Workday:/job/USA-GA-Atlanta/Assistant-General-Counsel_JR-0108695
Workday:/job/USA-GA-Home-Office/Assistant-General-Counsel--Corporate---Securities_JR-0108092,Workday,"Assistant General Counsel, Corporate & Securities","USA, GA, Home Office",,https://workday.wd5.myworkdayjobs.com/en-US/Workday/job/USA-GA-Home-Office/Assistant-General-Counsel--Corporate---Securities_JR-0108092,Posted Today,2026-08-11,2026-08-11T17:46:00+00:00,2026-08-11 10:46 Tue,,false,,,,false,workday:Workday:/job/USA-GA-Home-Office/Assistant-General-Counsel--Corporate---Securities_JR-0108092
Workday:/job/Costa-Rica/Associate-Accounting-Operations-Collections-Analyst_JR-0108743-1,Workday,Associate Accounting Operations Collections Analyst,Costa Rica,,https://workday.wd5.myworkdayjobs.com/en-US/Workday/job/Costa-Rica/Associate-Accounting-Operations-Collections-Analyst_JR-0108743-1,Posted Today,2026-07-21,2026-07-21T19:41:56+00:00,2026-07-21 12:41 Tue,,false,,,,false,workday:Workday:/job/Costa-Rica/Associate-Accounting-Operations-Collections-Analyst_JR-0108743-1
Workday:/job/INDPune/Associate-Consultant--Workday-Data-Conversion_JR-0109421-1,Workday,"Associate Consultant, Workday Data Conversion",IND.Pune,,https://workday.wd5.myworkdayjobs.com/en-US/Workday/job/INDPune/Associate-Consultant--Workday-Data-Conversion_JR-0109421-1,Posted Yesterday,2026-08-27,2026-08-26T18:42:07+00:00,2026-08-26 11:42 Wed,,false,,,,false,workday:Workday:/job/INDPune/Associate-Consultant--Workday-Data-Conversion_JR-0109421-1
Workday:/job/USA-CA-Pleasanton/Associate-General-Counsel_JR-0108324,Workday,Associate General Counsel,3 Locations,,https://workday.wd5.myworkdayjobs.com/en-US/Workday/job/USA-CA-Pleasanton/Associate-General-Counsel_JR-0108324,Posted 3 Days Ago,2026-07-08,2026-07-11T03:36:34+00:00,2026-07-10 20:36 Fri,,false,,,,false,workday:Workday:/job/USA-CA-Pleasanton/Associate-General-Counsel_JR-0108324
Workday:/job/USA-AZ-Scottsdale/Associate-Marketing-Designer_JR-0109308,Workday,Associate Marketing Designer,"USA, AZ, Scottsdale",,https://workday.wd5.myworkdayjobs.com/en-US/Workday/job/USA-AZ-Scottsdale/Associate-Marketing-Designer_JR-0109308,Posted Yesterday,2026-08-27,2026-08-26T18:59:59+00:00,2026-08-26 11:59 Wed,,false,,,,false,workday:Workday:/job/USA-AZ-Scottsdale/Associate-Marketing-Designer_JR-0109308
Workday:/job/Costa-Rica/Associate-Sourcing-Manager_JR-0109705,Workday,Associate Sourcing Manager,Costa Rica,,https://workday.wd5.myworkdayjobs.com/en-US/Workday/job/Costa-Rica/Associate-Sourcing-Manager_JR-0109705,Posted Today,2026-09-02,2026-09-02T17:18:11+00:00,2026-09-02 10:18 Wed,,false,,,,false,workday:Workday:/job/Costa-Rica/Associate-Sourcing-Manager_JR-0109705
Workday:/job/Israel-Tel-Aviv/Backend-Engineer---AI-Team---Paradox_JR-0109112,Workday,Backend Engineer - AI Team - Paradox,"Israel, Tel Aviv",,https://workday.wd5.myworkdayjobs.com/en-US/Workday/job/Israel-Tel-Aviv/Backend-Engineer---AI-Team---Paradox_JR-0109112,Posted Today,2026-08-12,2026-08-12T10:59:41+00:00,2026-08-12 03:59 Wed,,false,,,,false,workday:Workday:/job/Israel-Tel-Aviv/Backend-Engineer---AI-Team---Paradox_JR-0109112
Workday:/job/USA-CA-Pleasanton/BT-Strategic-Operations---Enablement---Senior-Director_JR-0109093-1,Workday,BT Strategic Operations & Enablement - Senior Director,USA-CA-Pleasanton,,https://workday.wd5.myworkdayjobs.com/en-US/Workday/job/USA-CA-Pleasanton/BT-Strategic-Operations---Enablement---Senior-Director_JR-0109093-1,Posted 3 Days Ago,2026-08-22,2026-08-19T16:00:09+00:00,2026-08-19 09:00 Wed,,false,,,,false,workday:Workday:/job/USA-CA-Pleasanton/BT-Strategic-Operations---Enablement---Senior-Director_JR-0109093-1
Workday:/job/Singapore/Business-Development-Representative_JR-0109422,Workday,Business Development Representative,Singapore,,https://workday.wd5.myworkdayjobs.com/en-US/Workday/job/Singapore/Business-Development-Representative_JR-0109422,Posted Today,2026-08-20,2026-08-19T16:17:31+00:00,2026-08-19 09:17 Wed,,false,,,,false,workday:Workday:/job/Singapore/Business-Development-Representative_JR-0109422
Workday:/job/Singapore/Business-Development-Representative_JR-0109563,Workday,Business Development Representative,Singapore,,https://workday.wd5.myworkdayjobs.com/en-US/Workday/job/Singapore/Business-Development-Representative_JR-0109563,Posted Today,2026-08-25,2026-08-24T03:59:28+00:00,2026-08-23 20:59 Sun,,false,,,,false,workday:Workday:/job/Singapore/Business-Development-Representative_JR-0109563
Workday:/job/Singapore/Business-Development-Representative_JR-0109532,Workday,Business Development Representative,Singapore,,https://workday.wd5.myworkdayjobs.com/en-US/Workday/job/Singapore/Business-Development-Representative_JR-0109532,Posted Today,2026-08-26,2026-08-24T16:17:52+00:00,2026-08-24 09:17 Mon,,false,,,,false,workday:Workday:/job/Singapore/Business-Development-Representative_JR-0109532
Workday:/job/Ireland-Dublin/Business-Development-Representative--Dutch-Speaking-_JR-0098604,Workday,Business Development Representative (Dutch Speaker),"Ireland, Dublin",,https://workday.wd5.myworkdayjobs.com/en-US/Workday/job/Ireland-Dublin/Business-Development-Representative--Dutch-Speaking-_JR-0098604,Posted 30+ Days Ago,2026-07-19,2026-08-18T12:10:51+00:00,2026-08-18 05:10 Tue,,false,,,,false,workday:Workday:/job/Ireland-Dublin/Business-Development-Representative--Dutch-Speaking-_JR-0098604
Workday:/job/Ireland-Dublin/Business-Development-Representative--Polish-Speaker-_JR-0109048,Workday,Business Development Representative (Polish Speaker),"Ireland, Dublin",,https://workday.wd5.myworkdayjobs.com/en-US/Workday/job/Ireland-Dublin/Business-Development-Representative--Polish-Speaker-_JR-0109048,Posted 3 Days Ago,2026-07-28,2026-07-31T08:41:21+00:00,2026-07-31 01:41 Fri,,false,,,,false,workday:Workday:/job/Ireland-Dublin/Business-Development-Representative--Polish-Speaker-_JR-0109048
Workday:/job/Singapore/Business-Development-Representative---Korean-Speaking_JR-0109533,Workday,Business Development Representative - [Expression of interest],Singapore,,https://workday.wd5.myworkdayjobs.com/en-US/Workday/job/Singapore/Business-Development-Representative---Korean-Speaking_JR-0109533,Posted Today,2026-08-22,2026-08-21T04:59:33+00:00,2026-08-20 21:59 Thu,,false,,,,false,workday:Workday:/job/Singapore/Business-Development-Representative---Korean-Speaking_JR-0109533
Workday:/job/Singapore/Business-Development-Representative---Thailand_JR-0108040,Workday,Business Development Representative - Thailand,Singapore,,https://workday.wd5.myworkdayjobs.com/en-US/Workday/job/Singapore/Business-Development-Representative---Thailand_JR-0108040,Posted 30+ Days Ago,2026-07-19,2026-08-18T12:10:51+00:00,2026-08-18 05:10 Tue,,false,,,,false,workday:Workday:/job/Singapore/Business-Development-Representative---Thailand_JR-0108040
Workday:/job/Ireland-Dublin/Corporate-Sales-Development-Nordics--Norwegian--Swedish---Dutch-_JR-0095228,Workday,"Business Development Representative Nordics (Norwegian, Swedish or Danish)","Ireland, Dublin",,https://workday.wd5.myworkdayjobs.com/en-US/Workday/job/Ireland-Dublin/Corporate-Sales-Development-Nordics--Norwegian--Swedish---Dutch-_JR-0095228,Posted 30+ Days Ago,2026-07-19,2026-08-18T12:10:51+00:00,2026-08-18 05:10 Tue,,false,,,,false,workday:Workday:/job/Ireland-Dublin/Corporate-Sales-Development-Nordics--Norwegian--Swedish---Dutch-_JR-0095228
Workday:/job/Ireland-Dublin/Corporate-Sales-development-UKI--Outbound-_JR-0094228,Workday,Business Development Representative UKI,"Ireland, Dublin",,https://workday.wd5.myworkdayjobs.com/en-US/Workday/job/Ireland-Dublin/Corporate-Sales-development-UKI--Outbound-_JR-0094228,Posted 30+ Days Ago,2026-07-19,2026-08-18T12:10:51+00:00,2026-08-18 05:10 Tue,,false,,,,false,workday:Workday:/job/Ireland-Dublin/Corporate-Sales-development-UKI--Outbound-_JR-0094228
Workday:/job/Ireland-Dublin/Corporate-Sales-Development-DACH--Outbound-_JR-0095231,Workday,Business Development Representative | German | Dublin based,Ireland-Dublin,,https://workday.wd5.myworkdayjobs.com/en-US/Workday/job/Ireland-Dublin/Corporate-Sales-Development-DACH--Outbound-_JR-0095231,Posted 30+ Days Ago,2026-07-19,2026-08-18T12:10:51+00:00,2026-08-18 05:10 Tue,,false,,,,false,workday:Workday:/job/Ireland-Dublin/Corporate-Sales-Development-DACH--Outbound-_JR-0095231
Workday:/job/INDPune/Business-Process-Analyst_JR-0109187-1,Workday,Business Process Analyst,IND.Pune,,https://workday.wd5.myworkdayjobs.com/en-US/Workday/job/INDPune/Business-Process-Analyst_JR-0109187-1,Posted Today,2026-08-14,2026-08-14T11:59:52+00:00,2026-08-14 04:59 Fri,,false,,,,false,workday:Workday:/job/INDPune/Business-Process-Analyst_JR-0109187-1
Workday:/job/Costa-Rica/Business-Process-Analyst_JR-0109229,Workday,Business Process Analyst,Costa Rica,,https://workday.wd5.myworkdayjobs.com/en-US/Workday/job/Costa-Rica/Business-Process-Analyst_JR-0109229,Posted Today,2026-08-26,2026-08-21T18:17:29+00:00,2026-08-21 11:17 Fri,,false,,,,false,workday:Workday:/job/Costa-Rica/Business-Process-Analyst_JR-0109229
Workday:/job/USA-CA-Pleasanton/Business-Systems-Analyst--Business-Finance--Tax----Treasury-_JR-0107348,Workday,Business Systems Analyst - Workday Financials,2 Locations,,https://workday.wd5.myworkdayjobs.com/en-US/Workday/job/USA-CA-Pleasanton/Business-Systems-Analyst--Business-Finance--Tax----Treasury-_JR-0107348,Posted 3 Days Ago,2026-07-08,2026-07-11T03:36:34+00:00,2026-07-10 20:36 Fri,,false,,,,false,workday:Workday:/job/USA-CA-Pleasanton/Business-Systems-Analyst--Business-Finance--Tax----Treasury-_JR-0107348
Workday:/job/USA-TX-Home-Office/Business-Systems-Analyst--Business-Finance--Tax----Treasury-_JR-0107348,Workday,Business Systems Analyst - Workday Financials,3 Locations,,https://workday.wd5.myworkdayjobs.com/en-US/Workday/job/USA-TX-Home-Office/Business-Systems-Analyst--Business-Finance--Tax----Treasury-_JR-0107348,Posted Today,2026-07-27,2026-07-27T16:41:26+00:00,2026-07-27 09:41 Mon,,false,,,,false,workday:Workday:/job/USA-TX-Home-Office/Business-Systems-Analyst--Business-Finance--Tax----Treasury-_JR-0107348
Workday:/job/USA-CA-Pleasanton/Business-Systems-Analyst---Workday-Financials_JR-0109032-1,Workday,Business Systems Analyst - Workday Financials,USA-CA-Pleasanton,,https://workday.wd5.myworkdayjobs.com/en-US/Workday/job/USA-CA-Pleasanton/Business-Systems-Analyst---Workday-Financials_JR-0109032-1,Posted Yesterday,2026-08-20,2026-08-20T15:00:42+00:00,2026-08-20 08:00 Thu,,false,,,,false,workday:Workday:/job/USA-CA-Pleasanton/Business-Systems-Analyst---Workday-Financials_JR-0109032-1
Workday:/job/USADCHome-Office-Washington-DC-Metro/Capture-Director--US-Federal-_JR-0108652,Workday,Capture Director (US Federal),USA.DC.Home Office Washington DC Metro,,https://workday.wd5.myworkdayjobs.com/en-US/Workday/job/USADCHome-Office-Washington-DC-Metro/Capture-Director--US-Federal-_JR-0108652,Posted 19 Days Ago,2026-06-26,2026-07-15T15:41:44+00:00,2026-07-15 08:41 Wed,,false,,,,false,workday:Workday:/job/USADCHome-Office-Washington-DC-Metro/Capture-Director--US-Federal-_JR-0108652
Workday:/job/USAVAReston/Site-Reliability-Engineer--SRE----Database-Engineering--US-Federal-_JR-0093733,Workday,Cloud Engineer (US Federal),USA.VA.Reston,,https://workday.wd5.myworkdayjobs.com/en-US/Workday/job/USAVAReston/Site-Reliability-Engineer--SRE----Database-Engineering--US-Federal-_JR-0093733,Posted 5 Days Ago,2026-07-10,2026-07-15T21:41:19+00:00,2026-07-15 14:41 Wed,,false,,,,false,workday:Workday:/job/USAVAReston/Site-Reliability-Engineer--SRE----Database-Engineering--US-Federal-_JR-0093733
Workday:/job/USAVAReston/Cloud-Engineer--US-Federal-_JR-0109319,Workday,Cloud Engineer (US Federal),USA.VA.Reston,,https://workday.wd5.myworkdayjobs.com/en-US/Workday/job/USAVAReston/Cloud-Engineer--US-Federal-_JR-0109319,Posted Today,2026-08-16,2026-08-16T07:06:28+00:00,2026-08-16 00:06 Sun,Other Technical,true,CLI,35,"The candidate has relevant backend, Docker, GCP, Linux, Redis, MySQL, and scalability experience, but limited direct cloud infrastructure experience and no evident US federal, Workday, or government-sector background.",false,workday:Workday:/job/USAVAReston/Cloud-Engineer--US-Federal-_JR-0109319
Workday:/job/INDPune/Collections-Analyst_JR-0108811,Workday,Collections Analyst,IND.Pune,,https://workday.wd5.myworkdayjobs.com/en-US/Workday/job/INDPune/Collections-Analyst_JR-0108811,Posted Today,2026-07-24,2026-07-24T11:17:15+00:00,2026-07-24 04:17 Fri,,false,,,,false,workday:Workday:/job/INDPune/Collections-Analyst_JR-0108811
Workday:/job/USA-GA-Atlanta/Senior-Compensation-Partner_JR-0107855,Workday,Compensation Business Partner,2 Locations,,https://workday.wd5.myworkdayjobs.com/en-US/Workday/job/USA-GA-Atlanta/Senior-Compensation-Partner_JR-0107855,Posted 26 Days Ago,2026-06-15,2026-07-11T03:36:34+00:00,2026-07-10 20:36 Fri,,false,,,,false,workday:Workday:/job/USA-GA-Atlanta/Senior-Compensation-Partner_JR-0107855
Workday:/job/USA-CA-Pleasanton/Senior-Compensation-Business-Partner--Sales_JR-0108857,Workday,"Compensation Business Partner, GTM/Customer Experience","USA, CA, Pleasanton",,https://workday.wd5.myworkdayjobs.com/en-US/Workday/job/USA-CA-Pleasanton/Senior-Compensation-Business-Partner--Sales_JR-0108857,Posted Yesterday,2026-08-20,2026-08-11T17:59:53+00:00,2026-08-11 10:59 Tue,,false,,,,false,workday:Workday:/job/USA-CA-Pleasanton/Senior-Compensation-Business-Partner--Sales_JR-0108857
Workday:/job/USA-CA-Pleasanton/WoW-Finance-Source-to-Pay-Functional-Architect---Customer-Zero_JR-0107331-1,Workday,"Contract Lifecycle Management, Functional Architect",2 Locations,,https://workday.wd5.myworkdayjobs.com/en-US/Workday/job/USA-CA-Pleasanton/WoW-Finance-Source-to-Pay-Functional-Architect---Customer-Zero_JR-0107331-1,Posted 18 Days Ago,2026-06-23,2026-07-11T03:36:34+00:00,2026-07-10 20:36 Fri,,false,,,,false,workday:Workday:/job/USA-CA-Pleasanton/WoW-Finance-Source-to-Pay-Functional-Architect---Customer-Zero_JR-0107331-1
Workday:/job/Ireland-Dublin/Contract-Manager_JR-0108863-1,Workday,Contract Manager,2 Locations,,https://workday.wd5.myworkdayjobs.com/en-US/Workday/job/Ireland-Dublin/Contract-Manager_JR-0108863-1,Posted 3 Days Ago,2026-07-28,2026-07-31T12:41:32+00:00,2026-07-31 05:41 Fri,,false,,,,false,workday:Workday:/job/Ireland-Dublin/Contract-Manager_JR-0108863-1
Workday:/job/Malaysia-Kuala-Lumpur/Country-Director--Malaysia_JR-0109249,Workday,"Country Director, Malaysia","Malaysia, Kuala Lumpur",,https://workday.wd5.myworkdayjobs.com/en-US/Workday/job/Malaysia-Kuala-Lumpur/Country-Director--Malaysia_JR-0109249,Posted Today,2026-08-11,2026-08-11T06:59:12+00:00,2026-08-10 23:59 Mon,,false,,,,false,workday:Workday:/job/Malaysia-Kuala-Lumpur/Country-Director--Malaysia_JR-0109249
Workday:/job/Malaysia-Kuala-Lumpur/Country-Director--Malaysia_JR-0109248,Workday,"Country Director, Malaysia","Malaysia, Kuala Lumpur",,https://workday.wd5.myworkdayjobs.com/en-US/Workday/job/Malaysia-Kuala-Lumpur/Country-Director--Malaysia_JR-0109248,Posted 4 Days Ago,2026-08-29,2026-08-28T07:41:40+00:00,2026-08-28 00:41 Fri,,false,,,,false,workday:Workday:/job/Malaysia-Kuala-Lumpur/Country-Director--Malaysia_JR-0109248
Workday:/job/USA-OH-Remote/Customer-Base-Account-Executive--Large-Enterprise--FSI-_JR-0109121,Workday,"Customer Base Account Executive, Large Enterprise (FSI)",4 Locations,,https://workday.wd5.myworkdayjobs.com/en-US/Workday/job/USA-OH-Remote/Customer-Base-Account-Executive--Large-Enterprise--FSI-_JR-0109121,Posted Today,2026-08-03,2026-08-03T19:41:43+00:00,2026-08-03 12:41 Mon,,false,,,,false,workday:Workday:/job/USA-OH-Remote/Customer-Base-Account-Executive--Large-Enterprise--FSI-_JR-0109121
Workday:/job/United-Kingdom-London/Customer-Solution-Strategist_JR-0104164,Workday,Customer Solution Strategist - Presales,"United Kingdom, London",,https://workday.wd5.myworkdayjobs.com/en-US/Workday/job/United-Kingdom-London/Customer-Solution-Strategist_JR-0104164,Posted Yesterday,2026-08-27,2026-08-21T11:47:19+00:00,2026-08-21 04:47 Fri,,false,,,,false,workday:Workday:/job/United-Kingdom-London/Customer-Solution-Strategist_JR-0104164
Workday:/job/Costa-Rica/Customer-Success-Manager_JR-0108337,Workday,Customer Success Manager,Costa Rica,,https://workday.wd5.myworkdayjobs.com/en-US/Workday/job/Costa-Rica/Customer-Success-Manager_JR-0108337,Posted Today,2026-07-16,2026-07-16T19:17:48+00:00,2026-07-16 12:17 Thu,,false,,,,false,workday:Workday:/job/Costa-Rica/Customer-Success-Manager_JR-0108337
Workday:/job/Poland-Warsaw/Customer-Success-Manager_JR-0108223,Workday,Customer Success Manager,"Poland, Warsaw",,https://workday.wd5.myworkdayjobs.com/en-US/Workday/job/Poland-Warsaw/Customer-Success-Manager_JR-0108223,Posted 14 Days Ago,2026-07-06,2026-07-20T12:17:34+00:00,2026-07-20 05:17 Mon,,false,,,,false,workday:Workday:/job/Poland-Warsaw/Customer-Success-Manager_JR-0108223
Workday:/job/Poland-Warsaw/Customer-Success-Manager_JR-0108336,Workday,Customer Success Manager,"Poland, Warsaw",,https://workday.wd5.myworkdayjobs.com/en-US/Workday/job/Poland-Warsaw/Customer-Success-Manager_JR-0108336,Posted 4 Days Ago,2026-07-26,2026-07-30T15:42:09+00:00,2026-07-30 08:42 Thu,,false,,,,false,workday:Workday:/job/Poland-Warsaw/Customer-Success-Manager_JR-0108336
Workday:/job/Costa-Rica/Customer-Success-Manager_JR-0109702,Workday,Customer Success Manager,Costa Rica,,https://workday.wd5.myworkdayjobs.com/en-US/Workday/job/Costa-Rica/Customer-Success-Manager_JR-0109702,Posted 3 Days Ago,2026-08-29,2026-08-28T18:41:36+00:00,2026-08-28 11:41 Fri,,false,,,,false,workday:Workday:/job/Costa-Rica/Customer-Success-Manager_JR-0109702
Workday:/job/USA-AZ-Scottsdale/Customer-Success-Manager---Paradox_JR-0107605-1,Workday,Customer Success Manager - Paradox,2 Locations,,https://workday.wd5.myworkdayjobs.com/en-US/Workday/job/USA-AZ-Scottsdale/Customer-Success-Manager---Paradox_JR-0107605-1,Posted Today,2026-07-17,2026-07-17T20:35:32+00:00,2026-07-17 13:35 Fri,,false,,,,false,workday:Workday:/job/USA-AZ-Scottsdale/Customer-Success-Manager---Paradox_JR-0107605-1
Workday:/job/USA-NY-New-York-City/Sana-Learn-Customer-Success-Manager_JR-0108353,Workday,Customer Success Manager - Sana Learn,USA-NY-New-York-City,,https://workday.wd5.myworkdayjobs.com/en-US/Workday/job/USA-NY-New-York-City/Sana-Learn-Customer-Success-Manager_JR-0108353,Posted Today,2026-09-02,2026-07-11T03:36:34+00:00,2026-07-10 20:36 Fri,,false,,,,false,workday:Workday:/job/USA-NY-New-York-City/Sana-Learn-Customer-Success-Manager_JR-0108353
Workday:/job/USA-AZ-Scottsdale/Customer-Success-Manager--Paradox_JR-0108919,Workday,"Customer Success Manager, Paradox",2 Locations,,https://workday.wd5.myworkdayjobs.com/en-US/Workday/job/USA-AZ-Scottsdale/Customer-Success-Manager--Paradox_JR-0108919,Posted Today,2026-08-04,2026-08-04T23:23:35+00:00,2026-08-04 16:23 Tue,,false,,,,false,workday:Workday:/job/USA-AZ-Scottsdale/Customer-Success-Manager--Paradox_JR-0108919
Workday:/job/USA-CA-Pleasanton/CX-Delivery-Excellence-Product-Lead_JR-0104531,Workday,CX Delivery Excellence Product Lead,3 Locations,,https://workday.wd5.myworkdayjobs.com/en-US/Workday/job/USA-CA-Pleasanton/CX-Delivery-Excellence-Product-Lead_JR-0104531,Posted 6 Days Ago,2026-07-22,2026-07-28T19:17:44+00:00,2026-07-28 12:17 Tue,,false,,,,false,workday:Workday:/job/USA-CA-Pleasanton/CX-Delivery-Excellence-Product-Lead_JR-0104531
Workday:/job/Ireland-Dublin/Cybersecurity-Engineer_JR-0108247,Workday,Cybersecurity Engineer,"Ireland, Dublin",,https://workday.wd5.myworkdayjobs.com/en-US/Workday/job/Ireland-Dublin/Cybersecurity-Engineer_JR-0108247,Posted 14 Days Ago,2026-06-27,2026-07-11T03:36:34+00:00,2026-07-10 20:36 Fri,,false,,,,false,workday:Workday:/job/Ireland-Dublin/Cybersecurity-Engineer_JR-0108247
Workday:/job/USAVAReston/Cybersecurity-Engineer_JR-0108746,Workday,Cybersecurity Engineer,3 Locations,,https://workday.wd5.myworkdayjobs.com/en-US/Workday/job/USAVAReston/Cybersecurity-Engineer_JR-0108746,Posted Today,2026-07-20,2026-07-20T17:59:41+00:00,2026-07-20 10:59 Mon,,false,,,,false,workday:Workday:/job/USAVAReston/Cybersecurity-Engineer_JR-0108746
Workday:/job/Ireland-Dublin/Cybersecurity-Engineer_JR-0109196,Workday,Cybersecurity Engineer,"Ireland, Dublin",,https://workday.wd5.myworkdayjobs.com/en-US/Workday/job/Ireland-Dublin/Cybersecurity-Engineer_JR-0109196,Posted Today,2026-08-14,2026-08-14T16:08:10+00:00,2026-08-14 09:08 Fri,,false,,,,false,workday:Workday:/job/Ireland-Dublin/Cybersecurity-Engineer_JR-0109196
Workday:/job/USAVAReston/Cybersecurity-Engineer---US-Federal_JR-0109169,Workday,Cybersecurity Engineer - US Federal,USA.VA.Reston,,https://workday.wd5.myworkdayjobs.com/en-US/Workday/job/USAVAReston/Cybersecurity-Engineer---US-Federal_JR-0109169,Posted Today,2026-08-15,2026-08-15T21:03:22+00:00,2026-08-15 14:03 Sat,,false,,,,false,workday:Workday:/job/USAVAReston/Cybersecurity-Engineer---US-Federal_JR-0109169
Workday:/job/USAVAReston/Cybersecurity-Engineer---US-Federal_JR-0109436,Workday,Cybersecurity Engineer - US Federal,USA.VA.Reston,,https://workday.wd5.myworkdayjobs.com/en-US/Workday/job/USAVAReston/Cybersecurity-Engineer---US-Federal_JR-0109436,Posted Yesterday,2026-08-20,2026-08-19T07:11:06+00:00,2026-08-19 00:11 Wed,,false,,,,false,workday:Workday:/job/USAVAReston/Cybersecurity-Engineer---US-Federal_JR-0109436
Workday:/job/Ireland-Dublin/Data-Platform-Engineer---Cybersecurity_JR-0108816,Workday,Data Platform Engineer - Cybersecurity,"Ireland, Dublin",,https://workday.wd5.myworkdayjobs.com/en-US/Workday/job/Ireland-Dublin/Data-Platform-Engineer---Cybersecurity_JR-0108816,Posted 4 Days Ago,2026-07-26,2026-07-30T14:17:40+00:00,2026-07-30 07:17 Thu,,false,,,,false,workday:Workday:/job/Ireland-Dublin/Data-Platform-Engineer---Cybersecurity_JR-0108816
Workday:/job/USAVAReston/Data-Privacy-and-Security-Counsel--US-Federal-_JR-0109221,Workday,Data Privacy and Security Counsel (US Federal),USA.VA.Reston,,https://workday.wd5.myworkdayjobs.com/en-US/Workday/job/USAVAReston/Data-Privacy-and-Security-Counsel--US-Federal-_JR-0109221,Posted Today,2026-08-15,2026-08-15T23:34:32+00:00,2026-08-15 16:34 Sat,,false,,,,false,workday:Workday:/job/USAVAReston/Data-Privacy-and-Security-Counsel--US-Federal-_JR-0109221
Workday:/job/Ireland-Dublin/Data-Scientist_JR-0108262,Workday,Data Scientist,"Ireland, Dublin",,https://workday.wd5.myworkdayjobs.com/en-US/Workday/job/Ireland-Dublin/Data-Scientist_JR-0108262,Posted 3 Days Ago,2026-08-27,2026-08-27T12:17:31+00:00,2026-08-27 05:17 Thu,,false,,,,false,workday:Workday:/job/Ireland-Dublin/Data-Scientist_JR-0108262
Workday:/job/USA-GA-Atlanta/Data-Scientist---AI-Platform_JR-0107067,Workday,Data Scientist - AI Platform,"USA, GA, Atlanta",,https://workday.wd5.myworkdayjobs.com/en-US/Workday/job/USA-GA-Atlanta/Data-Scientist---AI-Platform_JR-0107067,Posted 6 Days Ago,2026-07-16,2026-07-22T14:41:50+00:00,2026-07-22 07:41 Wed,AI / ML,true,Keyword,43,keyword-only heuristic,false,workday:Workday:/job/USA-GA-Atlanta/Data-Scientist---AI-Platform_JR-0107067
Workday:/job/INDPune/Software-Development-Engineer_JR-0107613,Workday,Dev Ops or Cloud Engineer,IND.Pune,,https://workday.wd5.myworkdayjobs.com/en-US/Workday/job/INDPune/Software-Development-Engineer_JR-0107613,Posted Today,2026-07-19,2026-07-19T03:41:16+00:00,2026-07-18 20:41 Sat,,false,,,,false,workday:Workday:/job/INDPune/Software-Development-Engineer_JR-0107613
Workday:/job/USA-CA-Pleasanton/Director-of-Customer-Advocacy--North-America_JR-0108729,Workday,"Director of Customer Advocacy, North America","USA, CA, Pleasanton",,https://workday.wd5.myworkdayjobs.com/en-US/Workday/job/USA-CA-Pleasanton/Director-of-Customer-Advocacy--North-America_JR-0108729,Posted 18 Days Ago,2026-06-28,2026-07-16T15:41:58+00:00,2026-07-16 08:41 Thu,,false,,,,false,workday:Workday:/job/USA-CA-Pleasanton/Director-of-Customer-Advocacy--North-America_JR-0108729
Workday:/job/USA-CA-Pleasanton/Director--Enterprise-Applications_JR-0109389,Workday,"Director, Enterprise Applications",USA-CA-Pleasanton,,https://workday.wd5.myworkdayjobs.com/en-US/Workday/job/USA-CA-Pleasanton/Director--Enterprise-Applications_JR-0109389,Posted Yesterday,2026-09-01,2026-08-31T16:41:55+00:00,2026-08-31 09:41 Mon,,false,,,,false,workday:Workday:/job/USA-CA-Pleasanton/Director--Enterprise-Applications_JR-0109389
Workday:/job/USA-IL-Remote/Director--Solution-Portfolio-Excellence_JR-0109411,Workday,"Director, GTM Enablement, Solution Portfolio",USA-IL-Remote,,https://workday.wd5.myworkdayjobs.com/en-US/Workday/job/USA-IL-Remote/Director--Solution-Portfolio-Excellence_JR-0109411,Posted Today,2026-09-02,2026-08-21T18:41:50+00:00,2026-08-21 11:41 Fri,,false,,,,false,workday:Workday:/job/USA-IL-Remote/Director--Solution-Portfolio-Excellence_JR-0109411
Workday:/job/INDPune/Director--IT-Service-Management_JR-0109405,Workday,"Director, IT Service Management",IND.Pune,,https://workday.wd5.myworkdayjobs.com/en-US/Workday/job/INDPune/Director--IT-Service-Management_JR-0109405,Posted Yesterday,2026-08-21,2026-08-20T06:17:12+00:00,2026-08-19 23:17 Wed,,false,,,,false,workday:Workday:/job/INDPune/Director--IT-Service-Management_JR-0109405
Workday:/job/USA-CA-Pleasanton/Director--Process-Owner--Source-to-Pay-_JR-0109236,Workday,"Director, Process Owner (Source to Pay)",USA-CA-Pleasanton,,https://workday.wd5.myworkdayjobs.com/en-US/Workday/job/USA-CA-Pleasanton/Director--Process-Owner--Source-to-Pay-_JR-0109236,Posted Today,2026-08-14,2026-08-14T22:06:59+00:00,2026-08-14 15:06 Fri,,false,,,,false,workday:Workday:/job/USA-CA-Pleasanton/Director--Process-Owner--Source-to-Pay-_JR-0109236
Workday:/job/USA-CA-Pleasanton/Director--Product-Manager--Context-Engine---Data-Cloud_JR-0109108,Workday,"Director, Product Management - Context Engine, Data Cloud","USA, CA, Pleasanton",,https://workday.wd5.myworkdayjobs.com/en-US/Workday/job/USA-CA-Pleasanton/Director--Product-Manager--Context-Engine---Data-Cloud_JR-0109108,Posted 3 Days Ago,2026-08-29,2026-08-17T18:41:44+00:00,2026-08-17 11:41 Mon,,false,,,,false,workday:Workday:/job/USA-CA-Pleasanton/Director--Product-Manager--Context-Engine---Data-Cloud_JR-0109108
Workday:/job/USA-CA-San-Francisco/Director--Sales-Development_JR-0109468,Workday,"Director, Sales Development",USA-CA-San-Francisco,,https://workday.wd5.myworkdayjobs.com/en-US/Workday/job/USA-CA-San-Francisco/Director--Sales-Development_JR-0109468,Posted Yesterday,2026-08-27,2026-08-26T21:18:03+00:00,2026-08-26 14:18 Wed,,false,,,,false,workday:Workday:/job/USA-CA-San-Francisco/Director--Sales-Development_JR-0109468
Workday:/job/USA-CA-Remote/Director--Shared-Services-Enablement_JR-0108830,Workday,"Director, Shared Services Enablement",19 Locations,,https://workday.wd5.myworkdayjobs.com/en-US/Workday/job/USA-CA-Remote/Director--Shared-Services-Enablement_JR-0108830,Posted Today,2026-07-23,2026-07-23T01:41:31+00:00,2026-07-22 18:41 Wed,,false,,,,false,workday:Workday:/job/USA-CA-Remote/Director--Shared-Services-Enablement_JR-0108830
Workday:/job/USA-CA-Pleasanton/Director--Strategy-and-Operations---Data-Cloud_JR-0108771-1,Workday,"Director, Strategy and Operations - Data Cloud",USA-CA-Pleasanton,,https://workday.wd5.myworkdayjobs.com/en-US/Workday/job/USA-CA-Pleasanton/Director--Strategy-and-Operations---Data-Cloud_JR-0108771-1,Posted Today,2026-08-28,2026-07-20T15:17:46+00:00,2026-07-20 08:17 Mon,,false,,,,false,workday:Workday:/job/USA-CA-Pleasanton/Director--Strategy-and-Operations---Data-Cloud_JR-0108771-1
Workday:/job/USA-CA-Pleasanton/Director--Talent-Acquisition---Global-CX---Partners_JR-0108942,Workday,"Director, Talent Acquisition - Global CX & Partners",8 Locations,,https://workday.wd5.myworkdayjobs.com/en-US/Workday/job/USA-CA-Pleasanton/Director--Talent-Acquisition---Global-CX---Partners_JR-0108942,Posted 6 Days Ago,2026-07-22,2026-07-28T15:42:00+00:00,2026-07-28 08:42 Tue,,false,,,,false,workday:Workday:/job/USA-CA-Pleasanton/Director--Talent-Acquisition---Global-CX---Partners_JR-0108942
Workday:/job/Canada-QC-Montreal/Dveloppement-d-affaires--Sales-Development-Representative-_JR-0109052,Workday,Développement d'affaires (Sales Development Representative),"Canada, QC, Montreal",,https://workday.wd5.myworkdayjobs.com/en-US/Workday/job/Canada-QC-Montreal/Dveloppement-d-affaires--Sales-Development-Representative-_JR-0109052,Posted Today,2026-08-03,2026-08-03T21:17:44+00:00,2026-08-03 14:17 Mon,,false,,,,false,workday:Workday:/job/Canada-QC-Montreal/Dveloppement-d-affaires--Sales-Development-Representative-_JR-0109052
Workday:/job/United-Kingdom-London/EMEA-Public-Cloud-Strategy---GTM-Leader_JR-0109386-1,Workday,EMEA Public Cloud Strategy & GTM Leader,United-Kingdom-London,,https://workday.wd5.myworkdayjobs.com/en-US/Workday/job/United-Kingdom-London/EMEA-Public-Cloud-Strategy---GTM-Leader_JR-0109386-1,Posted Today,2026-08-27,2026-08-19T18:42:08+00:00,2026-08-19 11:42 Wed,,false,,,,false,workday:Workday:/job/United-Kingdom-London/EMEA-Public-Cloud-Strategy---GTM-Leader_JR-0109386-1
Workday:/job/United-Kingdom-London/Engagement-Associate_JR-0108645,Workday,Engagement Associate,"United Kingdom, London",,https://workday.wd5.myworkdayjobs.com/en-US/Workday/job/United-Kingdom-London/Engagement-Associate_JR-0108645,Posted Today,2026-07-16,2026-07-16T15:41:58+00:00,2026-07-16 08:41 Thu,,false,,,,false,workday:Workday:/job/United-Kingdom-London/Engagement-Associate_JR-0108645
Workday:/job/Sweden-Stockholm/Engagement-Associate_JR-0103533,Workday,Engagement Associate,"Sweden, Stockholm",,https://workday.wd5.myworkdayjobs.com/en-US/Workday/job/Sweden-Stockholm/Engagement-Associate_JR-0103533,Posted Today,2026-07-17,2026-07-17T16:41:43+00:00,2026-07-17 09:41 Fri,,false,,,,false,workday:Workday:/job/Sweden-Stockholm/Engagement-Associate_JR-0103533
Workday:/job/USA-NY-New-York-City/Solutions-Engineer---Sana_JR-0108377,Workday,Engagement Associate - Sana,"USA, NY, New York City",,https://workday.wd5.myworkdayjobs.com/en-US/Workday/job/USA-NY-New-York-City/Solutions-Engineer---Sana_JR-0108377,Posted Today,2026-08-27,2026-08-27T18:17:54+00:00,2026-08-27 11:17 Thu,AI / ML,true,Keyword,58,keyword-only heuristic,true,workday:Workday:/job/USA-NY-New-York-City/Solutions-Engineer---Sana_JR-0108377
Workday:/job/United-Kingdom-London/Engagement-Manager_JR-0108756,Workday,Engagement Manager,2 Locations,,https://workday.wd5.myworkdayjobs.com/en-US/Workday/job/United-Kingdom-London/Engagement-Manager_JR-0108756,Posted 13 Days Ago,2026-07-03,2026-07-16T14:42:01+00:00,2026-07-16 07:42 Thu,,false,,,,false,workday:Workday:/job/United-Kingdom-London/Engagement-Manager_JR-0108756
Workday:/job/United-Kingdom-London/Engagement-Manager_JR-0104287,Workday,Engagement Manager,"United Kingdom, London",,https://workday.wd5.myworkdayjobs.com/en-US/Workday/job/United-Kingdom-London/Engagement-Manager_JR-0104287,Posted Today,2026-08-04,2026-08-04T17:41:54+00:00,2026-08-04 10:41 Tue,,false,,,,false,workday:Workday:/job/United-Kingdom-London/Engagement-Manager_JR-0104287
Workday:/job/USA-NY-New-York-City/Engagement-Manager_JR-0106791,Workday,Engagement Manager,"USA, NY, New York City",,https://workday.wd5.myworkdayjobs.com/en-US/Workday/job/USA-NY-New-York-City/Engagement-Manager_JR-0106791,Posted 30+ Days Ago,2026-07-19,2026-08-18T12:10:51+00:00,2026-08-18 05:10 Tue,,false,,,,false,workday:Workday:/job/USA-NY-New-York-City/Engagement-Manager_JR-0106791
Workday:/job/USA-NY-New-York-City/Engagement-Manager_JR-0106917,Workday,Engagement Manager,"USA, NY, New York City",,https://workday.wd5.myworkdayjobs.com/en-US/Workday/job/USA-NY-New-York-City/Engagement-Manager_JR-0106917,Posted 30+ Days Ago,2026-07-19,2026-08-18T12:10:51+00:00,2026-08-18 05:10 Tue,,false,,,,false,workday:Workday:/job/USA-NY-New-York-City/Engagement-Manager_JR-0106917
Workday:/job/Sweden-Stockholm/Engagement-Manager_JR-0106909,Workday,Engagement Manager,"Sweden, Stockholm",,https://workday.wd5.myworkdayjobs.com/en-US/Workday/job/Sweden-Stockholm/Engagement-Manager_JR-0106909,Posted Today,2026-08-22,2026-08-21T15:42:03+00:00,2026-08-21 08:42 Fri,,false,,,,false,workday:Workday:/job/Sweden-Stockholm/Engagement-Manager_JR-0106909
Workday:/job/India-Mumbai/Enterprise-Account-Executive---Large-Enterprise_JR-0106386,Workday,Enterprise Account Executive - Large Enterprise,"India, Mumbai",,https://workday.wd5.myworkdayjobs.com/en-US/Workday/job/India-Mumbai/Enterprise-Account-Executive---Large-Enterprise_JR-0106386,Posted 30+ Days Ago,2026-07-19,2026-08-18T12:10:51+00:00,2026-08-18 05:10 Tue,,false,,,,false,workday:Workday:/job/India-Mumbai/Enterprise-Account-Executive---Large-Enterprise_JR-0106386
Workday:/job/USAVAReston/Principal-Solution-Consultant---Technical-Advisor--US-Federal-_JR-0106588,Workday,Enterprise Architect & Technical Advisor (US Federal),5 Locations,,https://workday.wd5.myworkdayjobs.com/en-US/Workday/job/USAVAReston/Principal-Solution-Consultant---Technical-Advisor--US-Federal-_JR-0106588,Posted 13 Days Ago,2026-07-08,2026-07-21T13:41:25+00:00,2026-07-21 06:41 Tue,,false,,,,false,workday:Workday:/job/USAVAReston/Principal-Solution-Consultant---Technical-Advisor--US-Federal-_JR-0106588
Workday:/job/Italy-Milan/Enterprise-Architect-Italy_JR-0103983,Workday,Enterprise Architect Italy,"Italy, Milan",,https://workday.wd5.myworkdayjobs.com/en-US/Workday/job/Italy-Milan/Enterprise-Architect-Italy_JR-0103983,Posted 30+ Days Ago,2026-07-19,2026-08-18T12:10:51+00:00,2026-08-18 05:10 Tue,,false,,,,false,workday:Workday:/job/Italy-Milan/Enterprise-Architect-Italy_JR-0103983
Workday:/job/USA-CA-Pleasanton/Enterprise-Solutions-Architect--Engineering-Platform-Services_JR-0108034,Workday,"Enterprise Solutions Architect, Engineering Platform Services","USA, CA, Pleasanton",,https://workday.wd5.myworkdayjobs.com/en-US/Workday/job/USA-CA-Pleasanton/Enterprise-Solutions-Architect--Engineering-Platform-Services_JR-0108034,Posted 17 Days Ago,2026-06-24,2026-07-11T03:36:34+00:00,2026-07-10 20:36 Fri,,false,,,,false,workday:Workday:/job/USA-CA-Pleasanton/Enterprise-Solutions-Architect--Engineering-Platform-Services_JR-0108034
Workday:/job/USA-AZ-Scottsdale/Events-Manager--3rd-Party-Events_JR-0109309,Workday,"Events Manager, 3rd Party Events","USA, AZ, Scottsdale",,https://workday.wd5.myworkdayjobs.com/en-US/Workday/job/USA-AZ-Scottsdale/Events-Manager--3rd-Party-Events_JR-0109309,Posted Today,2026-08-20,2026-08-20T17:49:39+00:00,2026-08-20 10:49 Thu,,false,,,,false,workday:Workday:/job/USA-AZ-Scottsdale/Events-Manager--3rd-Party-Events_JR-0109309
Workday:/job/USA-AZ-Scottsdale/Events-Manager--Corporate_JR-0109307-1,Workday,"Events Manager, Corporate","USA, AZ, Scottsdale",,https://workday.wd5.myworkdayjobs.com/en-US/Workday/job/USA-AZ-Scottsdale/Events-Manager--Corporate_JR-0109307-1,Posted Yesterday,2026-08-20,2026-08-20T17:59:50+00:00,2026-08-20 10:59 Thu,,false,,,,false,workday:Workday:/job/USA-AZ-Scottsdale/Events-Manager--Corporate_JR-0109307-1
Workday:/job/Germany-Munich/Executive-Assistant_JR-0108684,Workday,Executive Assistant,Germany-Munich,,https://workday.wd5.myworkdayjobs.com/en-US/Workday/job/Germany-Munich/Executive-Assistant_JR-0108684,Posted Yesterday,2026-08-27,2026-07-11T03:36:34+00:00,2026-07-10 20:36 Fri,,false,,,,false,workday:Workday:/job/Germany-Munich/Executive-Assistant_JR-0108684
Workday:/job/Singapore/Expression-of-Interest--Business-Development-Representative--Supporting-Hong-Kong-_JR-0101859,Workday,Expression of Interest: Business Development Representative (Supporting Hong Kong),Singapore,,https://workday.wd5.myworkdayjobs.com/en-US/Workday/job/Singapore/Expression-of-Interest--Business-Development-Representative--Supporting-Hong-Kong-_JR-0101859,Posted 30+ Days Ago,2026-07-19,2026-08-18T12:10:51+00:00,2026-08-18 05:10 Tue,,false,,,,false,workday:Workday:/job/Singapore/Expression-of-Interest--Business-Development-Representative--Supporting-Hong-Kong-_JR-0101859
Workday:/job/Singapore/Expression-of-Interest--Business-Development-Representative--Supporting-Taiwan-_JR-0101860,Workday,Expression of Interest: Business Development Representative (Supporting Taiwan),Singapore,,https://workday.wd5.myworkdayjobs.com/en-US/Workday/job/Singapore/Expression-of-Interest--Business-Development-Representative--Supporting-Taiwan-_JR-0101860,Posted 30+ Days Ago,2026-07-19,2026-08-18T12:10:51+00:00,2026-08-18 05:10 Tue,,false,,,,false,workday:Workday:/job/Singapore/Expression-of-Interest--Business-Development-Representative--Supporting-Taiwan-_JR-0101860
Workday:/job/Poland-Warsaw/Field-Analytics-Advisor_JR-0107270,Workday,Field Analytics Advisor,"Poland, Warsaw",,https://workday.wd5.myworkdayjobs.com/en-US/Workday/job/Poland-Warsaw/Field-Analytics-Advisor_JR-0107270,Posted 30+ Days Ago,2026-07-19,2026-08-18T12:10:51+00:00,2026-08-18 05:10 Tue,,false,,,,false,workday:Workday:/job/Poland-Warsaw/Field-Analytics-Advisor_JR-0107270
Workday:/job/USA-CA-Pleasanton/Finance-Manager_JR-0108504,Workday,Finance Manager,"USA, CA, Pleasanton",,https://workday.wd5.myworkdayjobs.com/en-US/Workday/job/USA-CA-Pleasanton/Finance-Manager_JR-0108504,Posted 2 Days Ago,2026-07-09,2026-07-11T03:36:34+00:00,2026-07-10 20:36 Fri,,false,,,,false,workday:Workday:/job/USA-CA-Pleasanton/Finance-Manager_JR-0108504
Workday:/job/USA-CA-Pleasanton/Finance-Manager_JR-0109082,Workday,Finance Manager,"USA, CA, Pleasanton",,https://workday.wd5.myworkdayjobs.com/en-US/Workday/job/USA-CA-Pleasanton/Finance-Manager_JR-0109082,Posted 3 Days Ago,2026-08-21,2026-08-04T17:59:42+00:00,2026-08-04 10:59 Tue,,false,,,,false,workday:Workday:/job/USA-CA-Pleasanton/Finance-Manager_JR-0109082
Workday:/job/USA-CA-Remote/Forward-Deployed-Partner-Architect_JR-0108918,Workday,Forward Deployed Partner Architect,USA-CA-Remote,,https://workday.wd5.myworkdayjobs.com/en-US/Workday/job/USA-CA-Remote/Forward-Deployed-Partner-Architect_JR-0108918,Posted Today,2026-08-20,2026-07-22T17:18:00+00:00,2026-07-22 10:18 Wed,,false,,,,false,workday:Workday:/job/USA-CA-Remote/Forward-Deployed-Partner-Architect_JR-0108918
Workday:/job/Sweden-Stockholm/Fullstack-Product-Engineer_JR-0108621,Workday,Fullstack Product Engineer,"Sweden, Stockholm",,https://workday.wd5.myworkdayjobs.com/en-US/Workday/job/Sweden-Stockholm/Fullstack-Product-Engineer_JR-0108621,Posted Today,2026-07-13,2026-07-13T09:40:48+00:00,2026-07-13 02:40 Mon,,false,,,,false,workday:Workday:/job/Sweden-Stockholm/Fullstack-Product-Engineer_JR-0108621
Workday:/job/USA-CA-Pleasanton/Functional-Consultant_JR-0108666-1,Workday,Functional Consultant,"USA, CA, Pleasanton",,https://workday.wd5.myworkdayjobs.com/en-US/Workday/job/USA-CA-Pleasanton/Functional-Consultant_JR-0108666-1,Posted 4 Days Ago,2026-07-07,2026-07-11T03:36:34+00:00,2026-07-10 20:36 Fri,,false,,,,false,workday:Workday:/job/USA-CA-Pleasanton/Functional-Consultant_JR-0108666-1
Workday:/job/USA-GA-Atlanta/Functional-Consultant---HCM-and-Security---Workday-Success-Plans_JR-0108580,Workday,Functional Consultant - HCM and Security - Workday Success Plans,USA-GA-Atlanta,,https://workday.wd5.myworkdayjobs.com/en-US/Workday/job/USA-GA-Atlanta/Functional-Consultant---HCM-and-Security---Workday-Success-Plans_JR-0108580,Posted 3 Days Ago,2026-08-21,2026-07-11T03:36:34+00:00,2026-07-10 20:36 Fri,,false,,,,false,workday:Workday:/job/USA-GA-Atlanta/Functional-Consultant---HCM-and-Security---Workday-Success-Plans_JR-0108580
Workday:/job/Australia-NSW-North-Sydney/Functional-Consultant---Paradox_JR-0106984-1,Workday,Functional Consultant - Paradox,"Australia, NSW, North Sydney",,https://workday.wd5.myworkdayjobs.com/en-US/Workday/job/Australia-NSW-North-Sydney/Functional-Consultant---Paradox_JR-0106984-1,Posted 30+ Days Ago,2026-07-19,2026-08-18T12:10:51+00:00,2026-08-18 05:10 Tue,,false,,,,false,workday:Workday:/job/Australia-NSW-North-Sydney/Functional-Consultant---Paradox_JR-0106984-1
Workday:/job/United-Kingdom-London/Functional-Consultant---Planning_JR-0106347,Workday,Functional Consultant - Planning,"United Kingdom, London",,https://workday.wd5.myworkdayjobs.com/en-US/Workday/job/United-Kingdom-London/Functional-Consultant---Planning_JR-0106347,Posted 8 Days Ago,2026-07-03,2026-07-11T03:36:34+00:00,2026-07-10 20:36 Fri,,false,,,,false,workday:Workday:/job/United-Kingdom-London/Functional-Consultant---Planning_JR-0106347
Workday:/job/USA-IL-Chicago/Functional-Consultant---Record-to-Report-and-Grants---Workday-Success-Plans_JR-0108783,Workday,Functional Consultant - Record to Report and Grants - Workday Success Plans,116 Locations,,https://workday.wd5.myworkdayjobs.com/en-US/Workday/job/USA-IL-Chicago/Functional-Consultant---Record-to-Report-and-Grants---Workday-Success-Plans_JR-0108783,Posted 5 Days Ago,2026-07-09,2026-07-14T14:41:21+00:00,2026-07-14 07:41 Tue,,false,,,,false,workday:Workday:/job/USA-IL-Chicago/Functional-Consultant---Record-to-Report-and-Grants---Workday-Success-Plans_JR-0108783
Workday:/job/USA-GA-Atlanta/Functional-Consultant---Talent-and-Performance-and-Learning---Workday-Success-Plans_JR-0108581,Workday,Functional Consultant - Talent and Performance and Learning - Workday Success Plans,2 Locations,,https://workday.wd5.myworkdayjobs.com/en-US/Workday/job/USA-GA-Atlanta/Functional-Consultant---Talent-and-Performance-and-Learning---Workday-Success-Plans_JR-0108581,Posted 8 Days Ago,2026-07-03,2026-07-11T03:36:34+00:00,2026-07-10 20:36 Fri,,false,,,,false,workday:Workday:/job/USA-GA-Atlanta/Functional-Consultant---Talent-and-Performance-and-Learning---Workday-Success-Plans_JR-0108581
Workday:/job/USA-CA-Pleasanton/Functional-Consultant-for-Workday-CLM-Evisort_JR-0107370,Workday,Functional Consultant for Workday CLM Evisort,USA-CA-Pleasanton,,https://workday.wd5.myworkdayjobs.com/en-US/Workday/job/USA-CA-Pleasanton/Functional-Consultant-for-Workday-CLM-Evisort_JR-0107370,Posted Yesterday,2026-08-26,2026-07-11T03:36:34+00:00,2026-07-10 20:36 Fri,,false,,,,false,workday:Workday:/job/USA-CA-Pleasanton/Functional-Consultant-for-Workday-CLM-Evisort_JR-0107370
Workday:/job/Japan-Tokyo/Functional-Consultant---Financials--ERP-_JR-0107671,Workday,Functional Consultant – Financials (ERP),"Japan, Tokyo",,https://workday.wd5.myworkdayjobs.com/en-US/Workday/job/Japan-Tokyo/Functional-Consultant---Financials--ERP-_JR-0107671,Posted 30+ Days Ago,2026-07-19,2026-08-18T12:10:51+00:00,2026-08-18 05:10 Tue,,false,,,,false,workday:Workday:/job/Japan-Tokyo/Functional-Consultant---Financials--ERP-_JR-0107671
Workday:/job/USA-NY-New-York-City/Go-To-Market--GTM--Associate_JR-0109458-1,Workday,Go-To-Market (GTM) Associate,USA-NY-New-York-City,,https://workday.wd5.myworkdayjobs.com/en-US/Workday/job/USA-NY-New-York-City/Go-To-Market--GTM--Associate_JR-0109458-1,Posted Yesterday,2026-09-01,2026-08-18T18:12:26+00:00,2026-08-18 11:12 Tue,,false,,,,false,workday:Workday:/job/USA-NY-New-York-City/Go-To-Market--GTM--Associate_JR-0109458-1
Workday:/job/USA-AZ-Scottsdale/Growth-Marketing-Manager_JR-0109316,Workday,Growth Marketing Manager,"USA, AZ, Scottsdale",,https://workday.wd5.myworkdayjobs.com/en-US/Workday/job/USA-AZ-Scottsdale/Growth-Marketing-Manager_JR-0109316,Posted Yesterday,2026-08-19,2026-08-19T22:17:25+00:00,2026-08-19 15:17 Wed,,false,,,,false,workday:Workday:/job/USA-AZ-Scottsdale/Growth-Marketing-Manager_JR-0109316
Workday:/job/USA-NY-New-York-City/Growth-Marketing-Manager_JR-0109235,Workday,Growth Marketing Manager,"USA, NY, New York City",,https://workday.wd5.myworkdayjobs.com/en-US/Workday/job/USA-NY-New-York-City/Growth-Marketing-Manager_JR-0109235,Posted Yesterday,2026-09-01,2026-08-31T12:41:44+00:00,2026-08-31 05:41 Mon,,false,,,,false,workday:Workday:/job/USA-NY-New-York-City/Growth-Marketing-Manager_JR-0109235
Workday:/job/USA-CA-Pleasanton/Principal--Product-Owner--GTM_JR-0108086,Workday,GTM Analytics Product Owner,2 Locations,,https://workday.wd5.myworkdayjobs.com/en-US/Workday/job/USA-CA-Pleasanton/Principal--Product-Owner--GTM_JR-0108086,Posted 26 Days Ago,2026-06-15,2026-07-11T03:36:34+00:00,2026-07-10 20:36 Fri,,false,,,,false,workday:Workday:/job/USA-CA-Pleasanton/Principal--Product-Owner--GTM_JR-0108086
Workday:/job/United-Kingdom-London/GTM-Associate-Manager_JR-0109656-1,Workday,GTM Associate Manager,"United Kingdom, London",,https://workday.wd5.myworkdayjobs.com/en-US/Workday/job/United-Kingdom-London/GTM-Associate-Manager_JR-0109656-1,Posted 3 Days Ago,2026-08-27,2026-08-27T16:42:07+00:00,2026-08-27 09:42 Thu,,false,,,,false,workday:Workday:/job/United-Kingdom-London/GTM-Associate-Manager_JR-0109656-1
Workday:/job/United-Kingdom-London/GTM-Associate-Manager---Dutch-speaking_JR-0108674,Workday,GTM Associate Manager - Dutch speaking,"United Kingdom, London",,https://workday.wd5.myworkdayjobs.com/en-US/Workday/job/United-Kingdom-London/GTM-Associate-Manager---Dutch-speaking_JR-0108674,Posted Today,2026-09-02,2026-09-01T18:17:36+00:00,2026-09-01 11:17 Tue,,false,,,,false,workday:Workday:/job/United-Kingdom-London/GTM-Associate-Manager---Dutch-speaking_JR-0108674
Workday:/job/USA-NY-New-York-City/GTM-Manager_JR-0109087,Workday,GTM Manager,"USA, NY, New York City",,https://workday.wd5.myworkdayjobs.com/en-US/Workday/job/USA-NY-New-York-City/GTM-Manager_JR-0109087,Posted Today,2026-08-03,2026-08-03T16:17:29+00:00,2026-08-03 09:17 Mon,,false,,,,false,workday:Workday:/job/USA-NY-New-York-City/GTM-Manager_JR-0109087
Workday:/job/USA-NY-New-York-City/GTM-Manager_JR-0108638,Workday,GTM Manager,"USA, NY, New York City",,https://workday.wd5.myworkdayjobs.com/en-US/Workday/job/USA-NY-New-York-City/GTM-Manager_JR-0108638,Posted Today,2026-08-07,2026-08-07T16:41:45+00:00,2026-08-07 09:41 Fri,,false,,,,false,workday:Workday:/job/USA-NY-New-York-City/GTM-Manager_JR-0108638
Workday:/job/USA-NY-New-York-City/GTM-Manager_JR-0108640,Workday,GTM Manager,"USA, NY, New York City",,https://workday.wd5.myworkdayjobs.com/en-US/Workday/job/USA-NY-New-York-City/GTM-Manager_JR-0108640,Posted Today,2026-08-07,2026-08-07T16:41:45+00:00,2026-08-07 09:41 Fri,,false,,,,false,workday:Workday:/job/USA-NY-New-York-City/GTM-Manager_JR-0108640
Workday:/job/Sweden-Stockholm/GTM-Manager_JR-0109143,Workday,GTM Manager,"Sweden, Stockholm",,https://workday.wd5.myworkdayjobs.com/en-US/Workday/job/Sweden-Stockholm/GTM-Manager_JR-0109143,Posted Today,2026-08-12,2026-08-12T08:59:25+00:00,2026-08-12 01:59 Wed,,false,,,,false,workday:Workday:/job/Sweden-Stockholm/GTM-Manager_JR-0109143
Workday:/job/USA-NY-New-York-City/GTM-Manager_JR-0108639,Workday,GTM Manager,"USA, NY, New York City",,https://workday.wd5.myworkdayjobs.com/en-US/Workday/job/USA-NY-New-York-City/GTM-Manager_JR-0108639,Posted Today,2026-08-13,2026-08-13T11:59:27+00:00,2026-08-13 04:59 Thu,,false,,,,false,workday:Workday:/job/USA-NY-New-York-City/GTM-Manager_JR-0108639
Workday:/job/USA-NY-New-York-City/GTM-Manager_JR-0108644,Workday,GTM Manager,"USA, NY, New York City",,https://workday.wd5.myworkdayjobs.com/en-US/Workday/job/USA-NY-New-York-City/GTM-Manager_JR-0108644,Posted Today,2026-08-17,2026-08-17T12:41:39+00:00,2026-08-17 05:41 Mon,,false,,,,false,workday:Workday:/job/USA-NY-New-York-City/GTM-Manager_JR-0108644
Workday:/job/United-Kingdom-London/GTM-Manager_JR-0109654,Workday,GTM Manager,"United Kingdom, London",,https://workday.wd5.myworkdayjobs.com/en-US/Workday/job/United-Kingdom-London/GTM-Manager_JR-0109654,Posted Today,2026-09-02,2026-08-27T16:42:07+00:00,2026-08-27 09:42 Thu,,false,,,,false,workday:Workday:/job/United-Kingdom-London/GTM-Manager_JR-0109654
Workday:/job/United-Kingdom-London/GTM-Manager----London_JR-0106280,Workday,GTM Manager  - London,"United Kingdom, London",,https://workday.wd5.myworkdayjobs.com/en-US/Workday/job/United-Kingdom-London/GTM-Manager----London_JR-0106280,Posted Today,2026-08-27,2026-08-27T00:18:02+00:00,2026-08-26 17:18 Wed,,false,,,,false,workday:Workday:/job/United-Kingdom-London/GTM-Manager----London_JR-0106280
Workday:/job/United-Kingdom-London/GTM-Manager---French_JR-0108670,Workday,GTM Manager - French,"United Kingdom, London",,https://workday.wd5.myworkdayjobs.com/en-US/Workday/job/United-Kingdom-London/GTM-Manager---French_JR-0108670,Posted Today,2026-09-02,2026-09-01T16:17:55+00:00,2026-09-01 09:17 Tue,,false,,,,false,workday:Workday:/job/United-Kingdom-London/GTM-Manager---French_JR-0108670
Workday:/job/United-Kingdom-London/GTM-Manager---German-speaking_JR-0108672,Workday,GTM Manager - German speaking,"United Kingdom, London",,https://workday.wd5.myworkdayjobs.com/en-US/Workday/job/United-Kingdom-London/GTM-Manager---German-speaking_JR-0108672,Posted Today,2026-09-02,2026-09-02T08:41:46+00:00,2026-09-02 01:41 Wed,,false,,,,false,workday:Workday:/job/United-Kingdom-London/GTM-Manager---German-speaking_JR-0108672
Workday:/job/United-Kingdom-London/GTM-Manager---Stockholm_JR-0108671,Workday,GTM Manager - Stockholm,United-Kingdom-London,,https://workday.wd5.myworkdayjobs.com/en-US/Workday/job/United-Kingdom-London/GTM-Manager---Stockholm_JR-0108671,Posted Today,2026-09-02,2026-09-02T09:17:20+00:00,2026-09-02 02:17 Wed,,false,,,,false,workday:Workday:/job/United-Kingdom-London/GTM-Manager---Stockholm_JR-0108671
Workday:/job/USA-NY-New-York-City/GTM-Manager_JR-0108611,Workday,GTM-Manager,"USA, NY, New York City",,https://workday.wd5.myworkdayjobs.com/en-US/Workday/job/USA-NY-New-York-City/GTM-Manager_JR-0108611,Posted Today,2026-07-11,2026-07-11T03:36:34+00:00,2026-07-10 20:36 Fri,,false,,,,false,workday:Workday:/job/USA-NY-New-York-City/GTM-Manager_JR-0108611
Workday:/job/USA-NY-New-York-City/GTM-Manager_JR-0104938,Workday,GTM-Manager,"USA, NY, New York City",,https://workday.wd5.myworkdayjobs.com/en-US/Workday/job/USA-NY-New-York-City/GTM-Manager_JR-0104938,Posted Today,2026-08-25,2026-08-25T11:59:37+00:00,2026-08-25 04:59 Tue,,false,,,,false,workday:Workday:/job/USA-NY-New-York-City/GTM-Manager_JR-0104938
Workday:/job/MEXZapopan/Functional-Consultant_JR-0108498,Workday,HCM Functional Consultant,MEX.Zapopan,,https://workday.wd5.myworkdayjobs.com/en-US/Workday/job/MEXZapopan/Functional-Consultant_JR-0108498,Posted 10 Days Ago,2026-07-01,2026-07-11T03:36:34+00:00,2026-07-10 20:36 Fri,,false,,,,false,workday:Workday:/job/MEXZapopan/Functional-Consultant_JR-0108498
Workday:/job/Costa-Rica/HCM-Functional-Consultant---Workday-Success-Plans_JR-0108014,Workday,HCM Functional Consultant - Workday Success Plans,Costa Rica,,https://workday.wd5.myworkdayjobs.com/en-US/Workday/job/Costa-Rica/HCM-Functional-Consultant---Workday-Success-Plans_JR-0108014,Posted 15 Days Ago,2026-06-26,2026-07-11T03:36:34+00:00,2026-07-10 20:36 Fri,,false,,,,false,workday:Workday:/job/Costa-Rica/HCM-Functional-Consultant---Workday-Success-Plans_JR-0108014
Workday:/job/Costa-Rica/HCM-Functional-Consultant---Workday-Success-Plans_JR-0109135-1,Workday,HCM Functional Consultant - Workday Success Plans,Costa Rica,,https://workday.wd5.myworkdayjobs.com/en-US/Workday/job/Costa-Rica/HCM-Functional-Consultant---Workday-Success-Plans_JR-0109135-1,Posted Today,2026-09-02,2026-08-13T19:59:56+00:00,2026-08-13 12:59 Thu,,false,,,,false,workday:Workday:/job/Costa-Rica/HCM-Functional-Consultant---Workday-Success-Plans_JR-0109135-1
Workday:/job/Costa-Rica/HCM-Implementation-Consultant_JR-0109497,Workday,HCM Implementation Consultant,Costa Rica,,https://workday.wd5.myworkdayjobs.com/en-US/Workday/job/Costa-Rica/HCM-Implementation-Consultant_JR-0109497,Posted Today,2026-08-27,2026-08-21T18:41:50+00:00,2026-08-21 11:41 Fri,,false,,,,false,workday:Workday:/job/Costa-Rica/HCM-Implementation-Consultant_JR-0109497
Workday:/job/Italy-Milan/HCM-Lead-Functional-Consultant--Italian-speaking-_JR-0109160,Workday,HCM Lead Functional Consultant (Italian speaking),Italy-Milan,,https://workday.wd5.myworkdayjobs.com/en-US/Workday/job/Italy-Milan/HCM-Lead-Functional-Consultant--Italian-speaking-_JR-0109160,Posted Today,2026-09-02,2026-09-01T15:00:18+00:00,2026-09-01 08:00 Tue,,false,,,,false,workday:Workday:/job/Italy-Milan/HCM-Lead-Functional-Consultant--Italian-speaking-_JR-0109160
Workday:/job/USA-CA-Pleasanton/Head-of-Global-People-Relations_JR-0109489,Workday,Head of Global People Relations,"USA, CA, Pleasanton",,https://workday.wd5.myworkdayjobs.com/en-US/Workday/job/USA-CA-Pleasanton/Head-of-Global-People-Relations_JR-0109489,Posted Yesterday,2026-08-21,2026-08-20T17:17:55+00:00,2026-08-20 10:17 Thu,,false,,,,false,workday:Workday:/job/USA-CA-Pleasanton/Head-of-Global-People-Relations_JR-0109489
Workday:/job/Singapore/HR-Compliance-Program-Manager_JR-0107210,Workday,HR Compliance Program Manager,2 Locations,,https://workday.wd5.myworkdayjobs.com/en-US/Workday/job/Singapore/HR-Compliance-Program-Manager_JR-0107210,Posted Today,2026-07-28,2026-07-28T15:59:39+00:00,2026-07-28 08:59 Tue,,false,,,,false,workday:Workday:/job/Singapore/HR-Compliance-Program-Manager_JR-0107210
Workday:/job/Ireland-Dublin/Identity---Access-Management--IAM--Engineer_JR-0108256-1,Workday,Identity & Access Management (IAM) Engineer,"Ireland, Dublin",,https://workday.wd5.myworkdayjobs.com/en-US/Workday/job/Ireland-Dublin/Identity---Access-Management--IAM--Engineer_JR-0108256-1,Posted Today,2026-08-28,2026-07-11T03:36:34+00:00,2026-07-10 20:36 Fri,,false,,,,false,workday:Workday:/job/Ireland-Dublin/Identity---Access-Management--IAM--Engineer_JR-0108256-1
Workday:/job/USA-GA-Atlanta/Infrastructure---Digital-Employee-Experience--Principal-Program-Manager_JR-0108718-1,Workday,"Infrastructure & Digital Employee Experience, Principal Program Manager",2 Locations,,https://workday.wd5.myworkdayjobs.com/en-US/Workday/job/USA-GA-Atlanta/Infrastructure---Digital-Employee-Experience--Principal-Program-Manager_JR-0108718-1,Posted 5 Days Ago,2026-07-24,2026-07-29T18:41:53+00:00,2026-07-29 11:41 Wed,,false,,,,false,workday:Workday:/job/USA-GA-Atlanta/Infrastructure---Digital-Employee-Experience--Principal-Program-Manager_JR-0108718-1
Workday:/job/USA-GA-Atlanta/Security-Engineer---Insider-Threat_JR-0108199,Workday,Insider Threat Investigator,USA-GA-Atlanta,,https://workday.wd5.myworkdayjobs.com/en-US/Workday/job/USA-GA-Atlanta/Security-Engineer---Insider-Threat_JR-0108199,Posted 2 Days Ago,2026-08-29,2026-07-11T03:36:34+00:00,2026-07-10 20:36 Fri,,false,,,,false,workday:Workday:/job/USA-GA-Atlanta/Security-Engineer---Insider-Threat_JR-0108199
Workday:/job/Costa-Rica/Content-Developer-Instructional-Designer---Technical-Education_JR-0108174,Workday,Instructional Designer - Technical Education,Costa Rica,,https://workday.wd5.myworkdayjobs.com/en-US/Workday/job/Costa-Rica/Content-Developer-Instructional-Designer---Technical-Education_JR-0108174,Posted 25 Days Ago,2026-06-16,2026-07-11T03:36:34+00:00,2026-07-10 20:36 Fri,,false,,,,false,workday:Workday:/job/Costa-Rica/Content-Developer-Instructional-Designer---Technical-Education_JR-0108174
Workday:/job/Netherlands-Amsterdam/Integration-Consultant---Workday-Success-Plans_JR-0107504-1,Workday,Integration Consultant - Workday Success Plans,2 Locations,,https://workday.wd5.myworkdayjobs.com/en-US/Workday/job/Netherlands-Amsterdam/Integration-Consultant---Workday-Success-Plans_JR-0107504-1,Posted 14 Days Ago,2026-06-27,2026-07-11T03:36:34+00:00,2026-07-10 20:36 Fri,,false,,,,false,workday:Workday:/job/Netherlands-Amsterdam/Integration-Consultant---Workday-Success-Plans_JR-0107504-1
Workday:/job/Ireland-Dublin/International-Payroll-Analysist_JR-0109382,Workday,International Payroll Analyst,"Ireland, Dublin",,https://workday.wd5.myworkdayjobs.com/en-US/Workday/job/Ireland-Dublin/International-Payroll-Analysist_JR-0109382,Posted Yesterday,2026-08-26,2026-08-21T12:17:52+00:00,2026-08-21 05:17 Fri,,false,,,,false,workday:Workday:/job/Ireland-Dublin/International-Payroll-Analysist_JR-0109382
Workday:/job/USA-CA-Pleasanton/Key-Accounts-Director_JR-0108590-1,Workday,Key Accounts Director,"USA, CA, Pleasanton",,https://workday.wd5.myworkdayjobs.com/en-US/Workday/job/USA-CA-Pleasanton/Key-Accounts-Director_JR-0108590-1,Posted 18 Days Ago,2026-06-28,2026-07-16T17:59:45+00:00,2026-07-16 10:59 Thu,,false,,,,false,workday:Workday:/job/USA-CA-Pleasanton/Key-Accounts-Director_JR-0108590-1
Workday:/job/USANYHome-Office-NY-Metro-Tri-State/Key-Accounts-Director_JR-0108984-1,Workday,Key Accounts Director,6 Locations,,https://workday.wd5.myworkdayjobs.com/en-US/Workday/job/USANYHome-Office-NY-Metro-Tri-State/Key-Accounts-Director_JR-0108984-1,Posted 3 Days Ago,2026-07-28,2026-07-31T22:41:46+00:00,2026-07-31 15:41 Fri,,false,,,,false,workday:Workday:/job/USANYHome-Office-NY-Metro-Tri-State/Key-Accounts-Director_JR-0108984-1
Workday:/job/USA-CO-Denver/Account-Executive---Customer-Base-LE_JR-0107539,Workday,Large Enterprise Account Executive - Customer Base,"USA, CO, Denver",,https://workday.wd5.myworkdayjobs.com/en-US/Workday/job/USA-CO-Denver/Account-Executive---Customer-Base-LE_JR-0107539,Posted Today,2026-07-16,2026-07-16T14:42:01+00:00,2026-07-16 07:42 Thu,,false,,,,false,workday:Workday:/job/USA-CO-Denver/Account-Executive---Customer-Base-LE_JR-0107539
Workday:/job/USA-MN-Minneapolis/Account-Executive---Customer-Base-LE_JR-0107539,Workday,Large Enterprise Account Executive - Customer Base,5 Locations,,https://workday.wd5.myworkdayjobs.com/en-US/Workday/job/USA-MN-Minneapolis/Account-Executive---Customer-Base-LE_JR-0107539,Posted 3 Days Ago,2026-07-18,2026-07-21T15:41:30+00:00,2026-07-21 08:41 Tue,,false,,,,false,workday:Workday:/job/USA-MN-Minneapolis/Account-Executive---Customer-Base-LE_JR-0107539
Workday:/job/USA-CA-Pleasanton/Account-Executive---Customer-Base-LE_JR-0107537,Workday,Large Enterprise Account Executive - Customer Base,"USA, CA, Pleasanton",,https://workday.wd5.myworkdayjobs.com/en-US/Workday/job/USA-CA-Pleasanton/Account-Executive---Customer-Base-LE_JR-0107537,Posted 4 Days Ago,2026-07-17,2026-07-21T19:17:38+00:00,2026-07-21 12:17 Tue,,false,,,,false,workday:Workday:/job/USA-CA-Pleasanton/Account-Executive---Customer-Base-LE_JR-0107537
Workday:/job/USA-NY-New-York-City/Account-Executive---Large-Enterprise-FSI_JR-0107764-1,Workday,Large Enterprise Account Executive - FSI,3 Locations,,https://workday.wd5.myworkdayjobs.com/en-US/Workday/job/USA-NY-New-York-City/Account-Executive---Large-Enterprise-FSI_JR-0107764-1,Posted 2 Days Ago,2026-07-09,2026-07-11T03:36:34+00:00,2026-07-10 20:36 Fri,,false,,,,false,workday:Workday:/job/USA-NY-New-York-City/Account-Executive---Large-Enterprise-FSI_JR-0107764-1
Workday:/job/USA-CA-Pleasanton/Large-Enterprise-Account-Executive---Local-Government_JR-0107523,Workday,Large Enterprise Account Executive - Local Government,12 Locations,,https://workday.wd5.myworkdayjobs.com/en-US/Workday/job/USA-CA-Pleasanton/Large-Enterprise-Account-Executive---Local-Government_JR-0107523,Posted 15 Days Ago,2026-06-26,2026-07-11T03:36:34+00:00,2026-07-10 20:36 Fri,,false,,,,false,workday:Workday:/job/USA-CA-Pleasanton/Large-Enterprise-Account-Executive---Local-Government_JR-0107523
Workday:/job/USA-IL-Chicago/Account-Executive---Large-Enterprise_JR-0107545,Workday,Large Enterprise Account Executive - Manufacturing,2 Locations,,https://workday.wd5.myworkdayjobs.com/en-US/Workday/job/USA-IL-Chicago/Account-Executive---Large-Enterprise_JR-0107545,Posted 6 Days Ago,2026-07-05,2026-07-11T03:36:34+00:00,2026-07-10 20:36 Fri,,false,,,,false,workday:Workday:/job/USA-IL-Chicago/Account-Executive---Large-Enterprise_JR-0107545
Workday:/job/USA-CO-Denver/Large-Enterprise-Account-Executive--Education---oCFO_JR-0107524-1,Workday,"Large Enterprise Account Executive, Education - oCFO",USA-CO-Denver,,https://workday.wd5.myworkdayjobs.com/en-US/Workday/job/USA-CO-Denver/Large-Enterprise-Account-Executive--Education---oCFO_JR-0107524-1,Posted Today,2026-08-25,2026-07-11T03:36:34+00:00,2026-07-10 20:36 Fri,,false,,,,false,workday:Workday:/job/USA-CO-Denver/Large-Enterprise-Account-Executive--Education---oCFO_JR-0107524-1
Workday:/job/USA-CA-Pleasanton/Large-Enterprise-Customer-Base-Account-Executive_JR-0107344,Workday,Large Enterprise Customer Base Account Executive,"USA, CA, Pleasanton",,https://workday.wd5.myworkdayjobs.com/en-US/Workday/job/USA-CA-Pleasanton/Large-Enterprise-Customer-Base-Account-Executive_JR-0107344,Posted 17 Days Ago,2026-06-24,2026-07-11T03:36:34+00:00,2026-07-10 20:36 Fri,,false,,,,false,workday:Workday:/job/USA-CA-Pleasanton/Large-Enterprise-Customer-Base-Account-Executive_JR-0107344
Workday:/job/USA-CA-San-Francisco/Account-Executive-Customer-Base---LE_JR-0107265,Workday,Large Enterprise Customer Base Account Executive,"USA, CA, San Francisco",,https://workday.wd5.myworkdayjobs.com/en-US/Workday/job/USA-CA-San-Francisco/Account-Executive-Customer-Base---LE_JR-0107265,Posted 17 Days Ago,2026-06-24,2026-07-11T03:36:34+00:00,2026-07-10 20:36 Fri,,false,,,,false,workday:Workday:/job/USA-CA-San-Francisco/Account-Executive-Customer-Base---LE_JR-0107265
Workday:/job/USA-MN-Minneapolis/Large-Enterprise-Customer-Base-Account-Executive_JR-0107541,Workday,Large Enterprise Customer Base Account Executive,"USA, MN, Minneapolis",,https://workday.wd5.myworkdayjobs.com/en-US/Workday/job/USA-MN-Minneapolis/Large-Enterprise-Customer-Base-Account-Executive_JR-0107541,Posted Today,2026-07-14,2026-07-14T18:49:44+00:00,2026-07-14 11:49 Tue,,false,,,,false,workday:Workday:/job/USA-MN-Minneapolis/Large-Enterprise-Customer-Base-Account-Executive_JR-0107541
Workday:/job/USA-CO-Denver/Large-Enterprise-Customer-Base-Account-Executive_JR-0107541,Workday,Large Enterprise Customer Base Account Executive,"USA, CO, Denver",,https://workday.wd5.myworkdayjobs.com/en-US/Workday/job/USA-CO-Denver/Large-Enterprise-Customer-Base-Account-Executive_JR-0107541,Posted 4 Days Ago,2026-07-26,2026-07-30T23:41:26+00:00,2026-07-30 16:41 Thu,,false,,,,false,workday:Workday:/job/USA-CO-Denver/Large-Enterprise-Customer-Base-Account-Executive_JR-0107541
Workday:/job/USACAHome-Office-Bay-Area/Large-Enterprise-Customer-Base-Account-Executive_JR-0109148,Workday,Large Enterprise Customer Base Account Executive,USA.CA.Home Office Bay Area,,https://workday.wd5.myworkdayjobs.com/en-US/Workday/job/USACAHome-Office-Bay-Area/Large-Enterprise-Customer-Base-Account-Executive_JR-0109148,Posted Today,2026-08-05,2026-08-05T22:41:39+00:00,2026-08-05 15:41 Wed,,false,,,,false,workday:Workday:/job/USACAHome-Office-Bay-Area/Large-Enterprise-Customer-Base-Account-Executive_JR-0109148
Workday:/job/USA-CA-Remote/Large-Enterprise-Customer-Base-Account-Executive_JR-0109359-1,Workday,Large Enterprise Customer Base Account Executive,USA-CA-Remote,,https://workday.wd5.myworkdayjobs.com/en-US/Workday/job/USA-CA-Remote/Large-Enterprise-Customer-Base-Account-Executive_JR-0109359-1,Posted 2 Days Ago,2026-08-18,2026-08-17T16:41:56+00:00,2026-08-17 09:41 Mon,,false,,,,false,workday:Workday:/job/USA-CA-Remote/Large-Enterprise-Customer-Base-Account-Executive_JR-0109359-1
Workday:/job/USA-IL-Chicago/Large-Enterprise-Customer-Base-Account-Executive---Healthcare_JR-0107978,Workday,Large Enterprise Customer Base Account Executive - Healthcare,3 Locations,,https://workday.wd5.myworkdayjobs.com/en-US/Workday/job/USA-IL-Chicago/Large-Enterprise-Customer-Base-Account-Executive---Healthcare_JR-0107978,Posted 16 Days Ago,2026-06-25,2026-07-11T03:36:34+00:00,2026-07-10 20:36 Fri,,false,,,,false,workday:Workday:/job/USA-IL-Chicago/Large-Enterprise-Customer-Base-Account-Executive---Healthcare_JR-0107978
Workday:/job/USA-MN-Minneapolis/Large-Enterprise-Customer-Base-Account-Executive---Healthcare_JR-0107527-1,Workday,Large Enterprise Customer Base Account Executive - Healthcare,2 Locations,,https://workday.wd5.myworkdayjobs.com/en-US/Workday/job/USA-MN-Minneapolis/Large-Enterprise-Customer-Base-Account-Executive---Healthcare_JR-0107527-1,Posted 17 Days Ago,2026-06-24,2026-07-11T03:36:34+00:00,2026-07-10 20:36 Fri,,false,,,,false,workday:Workday:/job/USA-MN-Minneapolis/Large-Enterprise-Customer-Base-Account-Executive---Healthcare_JR-0107527-1
Workday:/job/Poland-Warsaw/Learning-Consultant---Workday-Success-Plans_JR-0108406,Workday,Learning Consultant - Workday Success Plans,"Poland, Warsaw",,https://workday.wd5.myworkdayjobs.com/en-US/Workday/job/Poland-Warsaw/Learning-Consultant---Workday-Success-Plans_JR-0108406,Posted 14 Days Ago,2026-06-27,2026-07-11T03:36:34+00:00,2026-07-10 20:36 Fri,,false,,,,false,workday:Workday:/job/Poland-Warsaw/Learning-Consultant---Workday-Success-Plans_JR-0108406
Workday:/job/USA-CA-Pleasanton/Legal-Counsel_JR-0107351,Workday,Legal Counsel,4 Locations,,https://workday.wd5.myworkdayjobs.com/en-US/Workday/job/USA-CA-Pleasanton/Legal-Counsel_JR-0107351,Posted Today,2026-07-13,2026-07-13T16:18:38+00:00,2026-07-13 09:18 Mon,,false,,,,false,workday:Workday:/job/USA-CA-Pleasanton/Legal-Counsel_JR-0107351
Workday:/job/United-Kingdom-London/Legal-Director--Employment-Legal_JR-0107277,Workday,"Legal Director, Employment Legal",2 Locations,,https://workday.wd5.myworkdayjobs.com/en-US/Workday/job/United-Kingdom-London/Legal-Director--Employment-Legal_JR-0107277,Posted Today,2026-07-16,2026-07-16T16:41:41+00:00,2026-07-16 09:41 Thu,,false,,,,false,workday:Workday:/job/United-Kingdom-London/Legal-Director--Employment-Legal_JR-0107277
Workday:/job/Costa-Rica/Legal-Resource---Enablement-Manager_JR-0108307-1,Workday,Legal Resource & Enablement Manager,Costa Rica,,https://workday.wd5.myworkdayjobs.com/en-US/Workday/job/Costa-Rica/Legal-Resource---Enablement-Manager_JR-0108307-1,Posted Today,2026-07-13,2026-07-13T22:37:07+00:00,2026-07-13 15:37 Mon,,false,,,,false,workday:Workday:/job/Costa-Rica/Legal-Resource---Enablement-Manager_JR-0108307-1
Workday:/job/Israel-Tel-Aviv/LLM-Engineer_JR-0103197,Workday,LLM Engineer,"Israel, Tel Aviv",,https://workday.wd5.myworkdayjobs.com/en-US/Workday/job/Israel-Tel-Aviv/LLM-Engineer_JR-0103197,Posted 21 Days Ago,2026-06-22,2026-07-13T08:16:44+00:00,2026-07-13 01:16 Mon,,false,,,,false,workday:Workday:/job/Israel-Tel-Aviv/LLM-Engineer_JR-0103197
Workday:/job/USA-CA-Pleasanton/Sr-Principal-Program-Manager--Business-Technology-PMO_JR-0105865,Workday,"M&A Integration Sr. Principal Program Manager, BT PMO",2 Locations,,https://workday.wd5.myworkdayjobs.com/en-US/Workday/job/USA-CA-Pleasanton/Sr-Principal-Program-Manager--Business-Technology-PMO_JR-0105865,Posted 19 Days Ago,2026-06-26,2026-07-15T20:41:45+00:00,2026-07-15 13:41 Wed,,false,,,,false,workday:Workday:/job/USA-CA-Pleasanton/Sr-Principal-Program-Manager--Business-Technology-PMO_JR-0105865
Workday:/job/Canada-BC-Vancouver/Machine-Learning-Engineer_JR-0108809-1,Workday,Machine Learning Engineer,"Canada, BC, Vancouver",,https://workday.wd5.myworkdayjobs.com/en-US/Workday/job/Canada-BC-Vancouver/Machine-Learning-Engineer_JR-0108809-1,Posted 4 Days Ago,2026-07-26,2026-07-30T21:59:36+00:00,2026-07-30 14:59 Thu,,false,,,,false,workday:Workday:/job/Canada-BC-Vancouver/Machine-Learning-Engineer_JR-0108809-1
Workday:/job/Canada-BC-Vancouver/Machine-Learning-Engineer_JR-0109545-1,Workday,Machine Learning Engineer,"Canada, BC, Vancouver",,https://workday.wd5.myworkdayjobs.com/en-US/Workday/job/Canada-BC-Vancouver/Machine-Learning-Engineer_JR-0109545-1,Posted Yesterday,2026-09-01,2026-09-01T02:41:26+00:00,2026-08-31 19:41 Mon,,false,,,,false,workday:Workday:/job/Canada-BC-Vancouver/Machine-Learning-Engineer_JR-0109545-1
Workday:/job/USA-CA-Pleasanton/Machine-Learning-Engineer_JR-0106147,Workday,Machine Learning Engineer III,USA-CA-Pleasanton,,https://workday.wd5.myworkdayjobs.com/en-US/Workday/job/USA-CA-Pleasanton/Machine-Learning-Engineer_JR-0106147,Posted Yesterday,2026-08-25,2026-08-07T06:17:34+00:00,2026-08-06 23:17 Thu,AI / ML,true,Keyword,48,keyword-only heuristic (title only),false,workday:Workday:/job/USA-CA-Pleasanton/Machine-Learning-Engineer_JR-0106147
Workday:/job/USA-CA-Pleasanton/Machine-Learning-Engineer---Document-Intelligence_JR-0107515,Workday,Machine Learning Engineer III - Document Intelligence,USA-CA-Pleasanton,,https://workday.wd5.myworkdayjobs.com/en-US/Workday/job/USA-CA-Pleasanton/Machine-Learning-Engineer---Document-Intelligence_JR-0107515,Posted Today,2026-08-11,2026-08-11T21:41:45+00:00,2026-08-11 14:41 Tue,AI / ML,true,Keyword,48,keyword-only heuristic (title only),false,workday:Workday:/job/USA-CA-Pleasanton/Machine-Learning-Engineer---Document-Intelligence_JR-0107515
Workday:/job/USA-CA-Pleasanton/Majors-Account-Executive---Healthcare_JR-0108418-1,Workday,Majors Account Executive - Healthcare,USA-CA-Pleasanton,,https://workday.wd5.myworkdayjobs.com/en-US/Workday/job/USA-CA-Pleasanton/Majors-Account-Executive---Healthcare_JR-0108418-1,Posted Today,2026-09-02,2026-07-13T16:59:04+00:00,2026-07-13 09:59 Mon,,false,,,,false,workday:Workday:/job/USA-CA-Pleasanton/Majors-Account-Executive---Healthcare_JR-0108418-1
Workday:/job/New-Zealand-Auckland/Manager-Site-Reliability-Engineer_JR-0106209-1,Workday,Manager Site Reliability Engineer,"New Zealand, Auckland",,https://workday.wd5.myworkdayjobs.com/en-US/Workday/job/New-Zealand-Auckland/Manager-Site-Reliability-Engineer_JR-0106209-1,Posted 30+ Days Ago,2026-07-19,2026-08-18T12:10:51+00:00,2026-08-18 05:10 Tue,,false,,,,false,workday:Workday:/job/New-Zealand-Auckland/Manager-Site-Reliability-Engineer_JR-0106209-1
Workday:/job/Costa-Rica/Manager-Workmate-Support_JR-0109488,Workday,"Manager Workmate Support, HR Operations",Costa Rica,,https://workday.wd5.myworkdayjobs.com/en-US/Workday/job/Costa-Rica/Manager-Workmate-Support_JR-0109488,Posted Today,2026-09-02,2026-08-24T20:50:10+00:00,2026-08-24 13:50 Mon,,false,,,,false,workday:Workday:/job/Costa-Rica/Manager-Workmate-Support_JR-0109488
Workday:/job/Poland-Warsaw/Manager--Customer-Care_JR-0108428,Workday,"Manager, Customer Care","Poland, Warsaw",,https://workday.wd5.myworkdayjobs.com/en-US/Workday/job/Poland-Warsaw/Manager--Customer-Care_JR-0108428,Posted 10 Days Ago,2026-07-14,2026-07-24T08:59:17+00:00,2026-07-24 01:59 Fri,,false,,,,false,workday:Workday:/job/Poland-Warsaw/Manager--Customer-Care_JR-0108428
Workday:/job/USA-NY-New-York-City/Manager--Go-To-Market--GTM--Associates_JR-0108463,Workday,"Manager, Go-To-Market (GTM) Associates","USA, NY, New York City",,https://workday.wd5.myworkdayjobs.com/en-US/Workday/job/USA-NY-New-York-City/Manager--Go-To-Market--GTM--Associates_JR-0108463,Posted Yesterday,2026-09-01,2026-08-24T20:41:41+00:00,2026-08-24 13:41 Mon,,false,,,,false,workday:Workday:/job/USA-NY-New-York-City/Manager--Go-To-Market--GTM--Associates_JR-0108463
Workday:/job/USA-GA-Atlanta/Manager--North-America-Payroll_JR-0109371,Workday,"Manager, North America Payroll",USA-GA-Atlanta,,https://workday.wd5.myworkdayjobs.com/en-US/Workday/job/USA-GA-Atlanta/Manager--North-America-Payroll_JR-0109371,Posted 3 Days Ago,2026-08-22,2026-08-22T01:42:40+00:00,2026-08-21 18:42 Fri,,false,,,,false,workday:Workday:/job/USA-GA-Atlanta/Manager--North-America-Payroll_JR-0109371
Workday:/job/Costa-Rica/Manager--Renewal-Manager--Adaptive-Planning_JR-0109174,Workday,"Manager, Renewal Manager, Adaptive Planning",Costa Rica,,https://workday.wd5.myworkdayjobs.com/en-US/Workday/job/Costa-Rica/Manager--Renewal-Manager--Adaptive-Planning_JR-0109174,Posted Today,2026-08-17,2026-08-17T06:08:51+00:00,2026-08-16 23:08 Sun,,false,,,,false,workday:Workday:/job/Costa-Rica/Manager--Renewal-Manager--Adaptive-Planning_JR-0109174
Workday:/job/USA-GA-Atlanta/Manager--Sales-Development_JR-0108419,Workday,"Manager, Sales Development",USA-GA-Atlanta,,https://workday.wd5.myworkdayjobs.com/en-US/Workday/job/USA-GA-Atlanta/Manager--Sales-Development_JR-0108419,Posted Yesterday,2026-08-26,2026-07-29T00:02:24+00:00,2026-07-28 17:02 Tue,,false,,,,false,workday:Workday:/job/USA-GA-Atlanta/Manager--Sales-Development_JR-0108419
Workday:/job/INDPune/Manager--Services-Consulting-Management_JR-0108227-1,Workday,"Manager, Services Consulting Management",IND.Pune,,https://workday.wd5.myworkdayjobs.com/en-US/Workday/job/INDPune/Manager--Services-Consulting-Management_JR-0108227-1,Posted Yesterday,2026-08-19,2026-07-21T18:59:37+00:00,2026-07-21 11:59 Tue,,false,,,,false,workday:Workday:/job/INDPune/Manager--Services-Consulting-Management_JR-0108227-1
Workday:/job/INDPune/Manager--Services-Consulting-Management_JR-0109514,Workday,"Manager, Services Consulting Management",IND.Pune,,https://workday.wd5.myworkdayjobs.com/en-US/Workday/job/INDPune/Manager--Services-Consulting-Management_JR-0109514,Posted Today,2026-09-01,2026-08-31T08:17:40+00:00,2026-08-31 01:17 Mon,,false,,,,false,workday:Workday:/job/INDPune/Manager--Services-Consulting-Management_JR-0109514
Workday:/job/USA-CA-Pleasanton/Manager--Software-Development-Engineer_JR-0107879,Workday,"Manager, Software Development Engineer","USA, CA, Pleasanton",,https://workday.wd5.myworkdayjobs.com/en-US/Workday/job/USA-CA-Pleasanton/Manager--Software-Development-Engineer_JR-0107879,Posted Today,2026-07-28,2026-07-28T23:56:06+00:00,2026-07-28 16:56 Tue,,false,,,,false,workday:Workday:/job/USA-CA-Pleasanton/Manager--Software-Development-Engineer_JR-0107879
Workday:/job/United-Kingdom-London/Manager--Solution-Consulting_JR-0107737-1,Workday,"Manager, Solution Consulting","United Kingdom, London",,https://workday.wd5.myworkdayjobs.com/en-US/Workday/job/United-Kingdom-London/Manager--Solution-Consulting_JR-0107737-1,Posted 4 Days Ago,2026-07-07,2026-07-11T03:36:34+00:00,2026-07-10 20:36 Fri,,false,,,,false,workday:Workday:/job/United-Kingdom-London/Manager--Solution-Consulting_JR-0107737-1
Workday:/job/USA-IL-Remote/Manager--Solution-Consulting--oCIO----Technology---Media_JR-0109007,Workday,"Manager, Solution Consulting (oCIO) - Technology & Media",50 Locations,,https://workday.wd5.myworkdayjobs.com/en-US/Workday/job/USA-IL-Remote/Manager--Solution-Consulting--oCIO----Technology---Media_JR-0109007,Posted Today,2026-08-03,2026-08-03T16:17:29+00:00,2026-08-03 09:17 Mon,,false,,,,false,workday:Workday:/job/USA-IL-Remote/Manager--Solution-Consulting--oCIO----Technology---Media_JR-0109007
Workday:/job/Poland-Warsaw/Manager--Technical-Support-Delivery---Core-HCM_JR-0107209,Workday,"Manager, Technical Support Delivery - Core HCM","Poland, Warsaw",,https://workday.wd5.myworkdayjobs.com/en-US/Workday/job/Poland-Warsaw/Manager--Technical-Support-Delivery---Core-HCM_JR-0107209,Posted 30+ Days Ago,2026-07-19,2026-08-18T12:10:51+00:00,2026-08-18 05:10 Tue,,false,,,,false,workday:Workday:/job/Poland-Warsaw/Manager--Technical-Support-Delivery---Core-HCM_JR-0107209
Workday:/job/Costa-Rica/Manager--Technical-Support-Delivery---Paradox--12pm-9pm-_JR-0109548,Workday,"Manager, Technical Support Delivery - Paradox (12pm-9pm)",Costa Rica,,https://workday.wd5.myworkdayjobs.com/en-US/Workday/job/Costa-Rica/Manager--Technical-Support-Delivery---Paradox--12pm-9pm-_JR-0109548,Posted Today,2026-09-02,2026-09-01T16:42:10+00:00,2026-09-01 09:42 Tue,,false,,,,false,workday:Workday:/job/Costa-Rica/Manager--Technical-Support-Delivery---Paradox--12pm-9pm-_JR-0109548
Workday:/job/USA-IL-Chicago/Medium-Enterprise-Account-Executive_JR-0107215,Workday,Medium Enterprise Account Executive,"USA, IL, Chicago",,https://workday.wd5.myworkdayjobs.com/en-US/Workday/job/USA-IL-Chicago/Medium-Enterprise-Account-Executive_JR-0107215,Posted 17 Days Ago,2026-06-24,2026-07-11T03:36:34+00:00,2026-07-10 20:36 Fri,,false,,,,false,workday:Workday:/job/USA-IL-Chicago/Medium-Enterprise-Account-Executive_JR-0107215
Workday:/job/USA-MA-Boston/Medium-Enterprise-Account-Executive_JR-0108506,Workday,Medium Enterprise Account Executive,2 Locations,,https://workday.wd5.myworkdayjobs.com/en-US/Workday/job/USA-MA-Boston/Medium-Enterprise-Account-Executive_JR-0108506,Posted 8 Days Ago,2026-07-03,2026-07-11T03:36:34+00:00,2026-07-10 20:36 Fri,,false,,,,false,workday:Workday:/job/USA-MA-Boston/Medium-Enterprise-Account-Executive_JR-0108506
Workday:/job/USA-CA-Pleasanton/Account-Executive---Medium-Enterprise_JR-0107533,Workday,Medium Enterprise Account Executive - FSI,4 Locations,,https://workday.wd5.myworkdayjobs.com/en-US/Workday/job/USA-CA-Pleasanton/Account-Executive---Medium-Enterprise_JR-0107533,Posted 9 Days Ago,2026-07-02,2026-07-11T03:36:34+00:00,2026-07-10 20:36 Fri,,false,,,,false,workday:Workday:/job/USA-CA-Pleasanton/Account-Executive---Medium-Enterprise_JR-0107533
Workday:/job/USA-TX-Frisco/Medium-Enterprise-Account-Executive---Government_JR-0107519,Workday,Medium Enterprise Account Executive - Government,2 Locations,,https://workday.wd5.myworkdayjobs.com/en-US/Workday/job/USA-TX-Frisco/Medium-Enterprise-Account-Executive---Government_JR-0107519,Posted 3 Days Ago,2026-07-08,2026-07-11T03:36:34+00:00,2026-07-10 20:36 Fri,,false,,,,false,workday:Workday:/job/USA-TX-Frisco/Medium-Enterprise-Account-Executive---Government_JR-0107519
Workday:/job/USA-NY-New-York-City/Account-Executive--Medium-Enterprise--Health-Care_JR-0107774,Workday,Medium Enterprise Account Executive - Healthcare,8 Locations,,https://workday.wd5.myworkdayjobs.com/en-US/Workday/job/USA-NY-New-York-City/Account-Executive--Medium-Enterprise--Health-Care_JR-0107774,Posted Today,2026-07-11,2026-07-11T03:36:34+00:00,2026-07-10 20:36 Fri,,false,,,,false,workday:Workday:/job/USA-NY-New-York-City/Account-Executive--Medium-Enterprise--Health-Care_JR-0107774
Workday:/job/USA-CO-Boulder/Medium-Enterprise-Account-Executive---Healthcare_JR-0107927,Workday,Medium Enterprise Account Executive - Healthcare,6 Locations,,https://workday.wd5.myworkdayjobs.com/en-US/Workday/job/USA-CO-Boulder/Medium-Enterprise-Account-Executive---Healthcare_JR-0107927,Posted Today,2026-07-14,2026-07-14T22:17:13+00:00,2026-07-14 15:17 Tue,,false,,,,false,workday:Workday:/job/USA-CO-Boulder/Medium-Enterprise-Account-Executive---Healthcare_JR-0107927
Workday:/job/USA-NY-New-York-City/Medium-Enterprise-Account-Executive---Nonprofit_JR-0107330,Workday,Medium Enterprise Account Executive - Nonprofit,2 Locations,,https://workday.wd5.myworkdayjobs.com/en-US/Workday/job/USA-NY-New-York-City/Medium-Enterprise-Account-Executive---Nonprofit_JR-0107330,Posted 10 Days Ago,2026-07-01,2026-07-11T03:36:34+00:00,2026-07-10 20:36 Fri,,false,,,,false,workday:Workday:/job/USA-NY-New-York-City/Medium-Enterprise-Account-Executive---Nonprofit_JR-0107330
Workday:/job/USA-CA-Pleasanton/Medium-Enterprise-Account-Executive---Professional-Business-Services_JR-0107132,Workday,Medium Enterprise Account Executive - Professional Business Services,5 Locations,,https://workday.wd5.myworkdayjobs.com/en-US/Workday/job/USA-CA-Pleasanton/Medium-Enterprise-Account-Executive---Professional-Business-Services_JR-0107132,Posted 9 Days Ago,2026-07-02,2026-07-11T03:36:34+00:00,2026-07-10 20:36 Fri,,false,,,,false,workday:Workday:/job/USA-CA-Pleasanton/Medium-Enterprise-Account-Executive---Professional-Business-Services_JR-0107132
Workday:/job/USA-CO-Denver/Medium-Enterprise-Account-Executive---Professional-Business-Services_JR-0108472,Workday,Medium Enterprise Account Executive - Professional Business Services,3 Locations,,https://workday.wd5.myworkdayjobs.com/en-US/Workday/job/USA-CO-Denver/Medium-Enterprise-Account-Executive---Professional-Business-Services_JR-0108472,Posted Today,2026-07-15,2026-07-15T15:07:15+00:00,2026-07-15 08:07 Wed,,false,,,,false,workday:Workday:/job/USA-CO-Denver/Medium-Enterprise-Account-Executive---Professional-Business-Services_JR-0108472
Workday:/job/Canada-QC-Montreal/Large-Enterprise-Account-Executive---SLED_JR-0106594,Workday,Medium Enterprise Account Executive - SLED,2 Locations,,https://workday.wd5.myworkdayjobs.com/en-US/Workday/job/Canada-QC-Montreal/Large-Enterprise-Account-Executive---SLED_JR-0106594,Posted Today,2026-07-22,2026-07-22T14:41:50+00:00,2026-07-22 07:41 Wed,,false,,,,false,workday:Workday:/job/Canada-QC-Montreal/Large-Enterprise-Account-Executive---SLED_JR-0106594
Workday:/job/USA-MA-Boston/Medium-Enterprise-Account-Executive---Retail--Hospitality-and-Transportation_JR-0107816,Workday,Medium Enterprise Account Executive - Technology and Media,3 Locations,,https://workday.wd5.myworkdayjobs.com/en-US/Workday/job/USA-MA-Boston/Medium-Enterprise-Account-Executive---Retail--Hospitality-and-Transportation_JR-0107816,Posted Yesterday,2026-07-10,2026-07-11T03:36:34+00:00,2026-07-10 20:36 Fri,,false,,,,false,workday:Workday:/job/USA-MA-Boston/Medium-Enterprise-Account-Executive---Retail--Hospitality-and-Transportation_JR-0107816
Workday:/job/USA-GA-Atlanta/Medium-Enterprise-Account-Executive--Retail--Hospitality-and-Transportation_JR-0108446,Workday,"Medium Enterprise Account Executive- Retail, Hospitality and Transportation","USA, GA, Atlanta",,https://workday.wd5.myworkdayjobs.com/en-US/Workday/job/USA-GA-Atlanta/Medium-Enterprise-Account-Executive--Retail--Hospitality-and-Transportation_JR-0108446,Posted 9 Days Ago,2026-07-02,2026-07-11T03:36:34+00:00,2026-07-10 20:36 Fri,,false,,,,false,workday:Workday:/job/USA-GA-Atlanta/Medium-Enterprise-Account-Executive--Retail--Hospitality-and-Transportation_JR-0108446
Workday:/job/USA-CO-Denver/Medium-Enterprise-Customer-Base-Account-Executive---Healthcare---Payor_JR-0108457,Workday,Medium Enterprise Customer Base Account Executive - Healthcare - Payor,USA-CO-Denver,,https://workday.wd5.myworkdayjobs.com/en-US/Workday/job/USA-CO-Denver/Medium-Enterprise-Customer-Base-Account-Executive---Healthcare---Payor_JR-0108457,Posted 3 Days Ago,2026-08-27,2026-07-11T03:36:34+00:00,2026-07-10 20:36 Fri,,false,,,,false,workday:Workday:/job/USA-CO-Denver/Medium-Enterprise-Customer-Base-Account-Executive---Healthcare---Payor_JR-0108457
Workday:/job/USA-CA-Pleasanton/Medium-Enterprise-Customer-Base-Account-Executive---Manufacturing_JR-0108424,Workday,Medium Enterprise Customer Base Account Executive - Manufacturing,6 Locations,,https://workday.wd5.myworkdayjobs.com/en-US/Workday/job/USA-CA-Pleasanton/Medium-Enterprise-Customer-Base-Account-Executive---Manufacturing_JR-0108424,Posted 4 Days Ago,2026-07-07,2026-07-11T03:36:34+00:00,2026-07-10 20:36 Fri,,false,,,,false,workday:Workday:/job/USA-CA-Pleasanton/Medium-Enterprise-Customer-Base-Account-Executive---Manufacturing_JR-0108424
Workday:/job/USA-CA-Pleasanton/Medium-Enterprise-Customer-Base-Account-Executive---Tech-Media_JR-0108425-1,Workday,Medium Enterprise Customer Base Account Executive - Tech/Media,7 Locations,,https://workday.wd5.myworkdayjobs.com/en-US/Workday/job/USA-CA-Pleasanton/Medium-Enterprise-Customer-Base-Account-Executive---Tech-Media_JR-0108425-1,Posted 4 Days Ago,2026-07-07,2026-07-11T03:36:34+00:00,2026-07-10 20:36 Fri,,false,,,,false,workday:Workday:/job/USA-CA-Pleasanton/Medium-Enterprise-Customer-Base-Account-Executive---Tech-Media_JR-0108425-1
Workday:/job/USA-NY-New-York-City/Medium-Enterprise-Regional-Sales-Director---FSI_JR-0108741,Workday,Medium Enterprise Regional Sales Director - FSI,2 Locations,,https://workday.wd5.myworkdayjobs.com/en-US/Workday/job/USA-NY-New-York-City/Medium-Enterprise-Regional-Sales-Director---FSI_JR-0108741,Posted Today,2026-07-15,2026-07-15T18:42:06+00:00,2026-07-15 11:42 Wed,,false,,,,false,workday:Workday:/job/USA-NY-New-York-City/Medium-Enterprise-Regional-Sales-Director---FSI_JR-0108741
Workday:/job/USA-MA-Boston/Medium-Enterprise--Regional-Sales-Director---Healthcare_JR-0109172-1,Workday,Medium Enterprise Regional Sales Director - Healthcare,USA-MA-Boston,,https://workday.wd5.myworkdayjobs.com/en-US/Workday/job/USA-MA-Boston/Medium-Enterprise--Regional-Sales-Director---Healthcare_JR-0109172-1,Posted Yesterday,2026-09-01,2026-08-10T20:25:42+00:00,2026-08-10 13:25 Mon,,false,,,,false,workday:Workday:/job/USA-MA-Boston/Medium-Enterprise--Regional-Sales-Director---Healthcare_JR-0109172-1
Workday:/job/USAVAReston/Software-Development-Engineer--US-Federal-_JR-0105503,Workday,Mid/Senior Software Development Engineer (US Federal),USA.VA.Reston,,https://workday.wd5.myworkdayjobs.com/en-US/Workday/job/USAVAReston/Software-Development-Engineer--US-Federal-_JR-0105503,Posted 30+ Days Ago,2026-07-19,2026-08-18T12:10:51+00:00,2026-08-18 05:10 Tue,,false,,,,false,workday:Workday:/job/USAVAReston/Software-Development-Engineer--US-Federal-_JR-0105503
Workday:/job/USAVAReston/Software-Engineer---Developer-Platform--US-Federal-_JR-0105497,Workday,Mid/Senior Software Engineer - Developer Platform (US Federal),USA.VA.Reston,,https://workday.wd5.myworkdayjobs.com/en-US/Workday/job/USAVAReston/Software-Engineer---Developer-Platform--US-Federal-_JR-0105497,Posted 30+ Days Ago,2026-07-19,2026-08-18T12:10:51+00:00,2026-08-18 05:10 Tue,,false,,,,false,workday:Workday:/job/USAVAReston/Software-Engineer---Developer-Platform--US-Federal-_JR-0105497
Workday:/job/USA-CA-Pleasanton/Paid-Media---ABX-Campaign-Manager--North-America_JR-0108205,Workday,"Paid Media & ABX Campaign Manager, North America","USA, CA, Pleasanton",,https://workday.wd5.myworkdayjobs.com/en-US/Workday/job/USA-CA-Pleasanton/Paid-Media---ABX-Campaign-Manager--North-America_JR-0108205,Posted 16 Days Ago,2026-06-25,2026-07-11T03:36:34+00:00,2026-07-10 20:36 Fri,,false,,,,false,workday:Workday:/job/USA-CA-Pleasanton/Paid-Media---ABX-Campaign-Manager--North-America_JR-0108205
Workday:/job/USA-CA-Pleasanton/Partner-Solution-Consultant-Advisor---oCFO_JR-0108016,Workday,Partner AI Solution Consultant Advisor - oCFO,USA-CA-Pleasanton,,https://workday.wd5.myworkdayjobs.com/en-US/Workday/job/USA-CA-Pleasanton/Partner-Solution-Consultant-Advisor---oCFO_JR-0108016,Posted 3 Days Ago,2026-08-27,2026-08-13T20:41:47+00:00,2026-08-13 13:41 Thu,,false,,,,false,workday:Workday:/job/USA-CA-Pleasanton/Partner-Solution-Consultant-Advisor---oCFO_JR-0108016
Workday:/job/USA-CA-Pleasanton/Principal-Partner-Solution-Consultant--oCHRO_JR-0108018,Workday,Partner AI Solution Consultant Advisor - oCHRO,USA-CA-Pleasanton,,https://workday.wd5.myworkdayjobs.com/en-US/Workday/job/USA-CA-Pleasanton/Principal-Partner-Solution-Consultant--oCHRO_JR-0108018,Posted 3 Days Ago,2026-08-27,2026-08-11T04:41:42+00:00,2026-08-10 21:41 Mon,,false,,,,false,workday:Workday:/job/USA-CA-Pleasanton/Principal-Partner-Solution-Consultant--oCHRO_JR-0108018
Workday:/job/Korea-Seoul/Partner-Ecosystem-Specialist---Korea_JR-0109070,Workday,Partner Ecosystem Specialist - Korea,"Korea, Seoul",,https://workday.wd5.myworkdayjobs.com/en-US/Workday/job/Korea-Seoul/Partner-Ecosystem-Specialist---Korea_JR-0109070,Posted Today,2026-08-26,2026-08-03T01:41:38+00:00,2026-08-02 18:41 Sun,,false,,,,false,workday:Workday:/job/Korea-Seoul/Partner-Ecosystem-Specialist---Korea_JR-0109070
Workday:/job/USA-CA-Pleasanton/Partner-Strategy---Business-Development_JR-0107648-1,Workday,Partner Strategy & Business Development,10 Locations,,https://workday.wd5.myworkdayjobs.com/en-US/Workday/job/USA-CA-Pleasanton/Partner-Strategy---Business-Development_JR-0107648-1,Posted Today,2026-07-20,2026-07-20T12:41:27+00:00,2026-07-20 05:41 Mon,,false,,,,false,workday:Workday:/job/USA-CA-Pleasanton/Partner-Strategy---Business-Development_JR-0107648-1
Workday:/job/USA-CA-Pleasanton/Payroll-and-Time-Tracking---Enterprise-Applications-Analyst_JR-0109085-1,Workday,Payroll and Time Tracking - Enterprise Applications Analyst,USA-CA-Pleasanton,,https://workday.wd5.myworkdayjobs.com/en-US/Workday/job/USA-CA-Pleasanton/Payroll-and-Time-Tracking---Enterprise-Applications-Analyst_JR-0109085-1,Posted Yesterday,2026-08-26,2026-08-24T23:36:10+00:00,2026-08-24 16:36 Mon,,false,,,,false,workday:Workday:/job/USA-CA-Pleasanton/Payroll-and-Time-Tracking---Enterprise-Applications-Analyst_JR-0109085-1
Workday:/job/USA-Remote/Payroll-Consultant--Higher-Education_JR-0105924,Workday,"Payroll Consultant, Higher Education",USA Remote,,https://workday.wd5.myworkdayjobs.com/en-US/Workday/job/USA-Remote/Payroll-Consultant--Higher-Education_JR-0105924,Posted 3 Days Ago,2026-07-08,2026-07-11T03:36:34+00:00,2026-07-10 20:36 Fri,,false,,,,false,workday:Workday:/job/USA-Remote/Payroll-Consultant--Higher-Education_JR-0105924
Workday:/job/United-Kingdom-London/Pipeline-Orchestration-Manager_JR-0109600,Workday,Pipeline Orchestration Manager,United-Kingdom-London,,https://workday.wd5.myworkdayjobs.com/en-US/Workday/job/United-Kingdom-London/Pipeline-Orchestration-Manager_JR-0109600,Posted 3 Days Ago,2026-08-27,2026-08-27T12:59:48+00:00,2026-08-27 05:59 Thu,,false,,,,false,workday:Workday:/job/United-Kingdom-London/Pipeline-Orchestration-Manager_JR-0109600
Workday:/job/Australia-NSW-North-Sydney/Planning-Account-Executive---Customer-Base_JR-0109445,Workday,Planning Account Executive - Customer Base,Australia-NSW-North-Sydney,,https://workday.wd5.myworkdayjobs.com/en-US/Workday/job/Australia-NSW-North-Sydney/Planning-Account-Executive---Customer-Base_JR-0109445,Posted Today,2026-09-02,2026-09-02T00:41:42+00:00,2026-09-01 17:41 Tue,,false,,,,false,workday:Workday:/job/Australia-NSW-North-Sydney/Planning-Account-Executive---Customer-Base_JR-0109445
Workday:/job/USA-CA-Pleasanton/Portfolio---Delivery-Lead--Order-to-Cash_JR-0108943-1,Workday,"Portfolio & Delivery Lead, Order to Cash",3 Locations,,https://workday.wd5.myworkdayjobs.com/en-US/Workday/job/USA-CA-Pleasanton/Portfolio---Delivery-Lead--Order-to-Cash_JR-0108943-1,Posted 7 Days Ago,2026-07-20,2026-07-27T21:41:44+00:00,2026-07-27 14:41 Mon,,false,,,,false,workday:Workday:/job/USA-CA-Pleasanton/Portfolio---Delivery-Lead--Order-to-Cash_JR-0108943-1
Workday:/job/USA-Remote/Presales--HCM-Solution-Consultant---Healthcare---East_JR-0109658,Workday,Presales -HCM Solution Consultant - Healthcare - East,USA Remote,,https://workday.wd5.myworkdayjobs.com/en-US/Workday/job/USA-Remote/Presales--HCM-Solution-Consultant---Healthcare---East_JR-0109658,Posted Yesterday,2026-09-01,2026-08-31T19:42:06+00:00,2026-08-31 12:42 Mon,,false,,,,false,workday:Workday:/job/USA-Remote/Presales--HCM-Solution-Consultant---Healthcare---East_JR-0109658
Workday:/job/USA-TX-Remote/Presales--Enterprise-Architect_JR-0109768,Workday,Presales- Enterprise Architect,USA-TX-Remote,,https://workday.wd5.myworkdayjobs.com/en-US/Workday/job/USA-TX-Remote/Presales--Enterprise-Architect_JR-0109768,Posted Yesterday,2026-09-01,2026-09-01T00:17:40+00:00,2026-08-31 17:17 Mon,,false,,,,false,workday:Workday:/job/USA-TX-Remote/Presales--Enterprise-Architect_JR-0109768
Workday:/job/USA-MN-Minneapolis/Senior-HCM-and-Compensation-Consultant--Healthcare_JR-0108340,Workday,"Principal / Senior HCM and Compensation Consultant, Healthcare",USA-MN-Minneapolis,,https://workday.wd5.myworkdayjobs.com/en-US/Workday/job/USA-MN-Minneapolis/Senior-HCM-and-Compensation-Consultant--Healthcare_JR-0108340,Posted Today,2026-09-02,2026-07-11T03:36:34+00:00,2026-07-10 20:36 Fri,,false,,,,false,workday:Workday:/job/USA-MN-Minneapolis/Senior-HCM-and-Compensation-Consultant--Healthcare_JR-0108340
Workday:/job/USA-IL-Chicago/Principal---Senior-Partner-Solution-Architect--Workday-Wellness_JR-0109178,Workday,"Principal / Senior Partner Technical Enablement Lead, Workday Wellness",USA-IL-Chicago,,https://workday.wd5.myworkdayjobs.com/en-US/Workday/job/USA-IL-Chicago/Principal---Senior-Partner-Solution-Architect--Workday-Wellness_JR-0109178,Posted Yesterday,2026-08-21,2026-08-13T14:17:45+00:00,2026-08-13 07:17 Thu,,false,,,,false,workday:Workday:/job/USA-IL-Chicago/Principal---Senior-Partner-Solution-Architect--Workday-Wellness_JR-0109178
Workday:/job/USA-MN-Minneapolis/Principal---Senior-Payroll-Consultant--Healthcare_JR-0109529,Workday,"Principal / Senior Payroll Consultant, Healthcare",USA-MN-Minneapolis,,https://workday.wd5.myworkdayjobs.com/en-US/Workday/job/USA-MN-Minneapolis/Principal---Senior-Payroll-Consultant--Healthcare_JR-0109529,Posted Today,2026-09-02,2026-09-01T17:42:20+00:00,2026-09-01 10:42 Tue,,false,,,,false,workday:Workday:/job/USA-MN-Minneapolis/Principal---Senior-Payroll-Consultant--Healthcare_JR-0109529
Workday:/job/USA-CA-Pleasanton/Principal-Accountant_JR-0107859,Workday,Principal Accountant,"USA, CA, Pleasanton",,https://workday.wd5.myworkdayjobs.com/en-US/Workday/job/USA-CA-Pleasanton/Principal-Accountant_JR-0107859,Posted 18 Days Ago,2026-06-23,2026-07-11T03:36:34+00:00,2026-07-10 20:36 Fri,,false,,,,false,workday:Workday:/job/USA-CA-Pleasanton/Principal-Accountant_JR-0107859
Workday:/job/USAVAReston/Principal-Active-Defense-Engineer_JR-0109596-1,Workday,Principal Active Defense Engineer,USA.VA.Reston,,https://workday.wd5.myworkdayjobs.com/en-US/Workday/job/USAVAReston/Principal-Active-Defense-Engineer_JR-0109596-1,Posted Today,2026-09-02,2026-09-01T07:17:27+00:00,2026-09-01 00:17 Tue,,false,,,,false,workday:Workday:/job/USAVAReston/Principal-Active-Defense-Engineer_JR-0109596-1
Workday:/job/USA-WA-Seattle/Principal-Machine-Learning-Engineer_JR-0107128,Workday,Principal AI Engineer,3 Locations,,https://workday.wd5.myworkdayjobs.com/en-US/Workday/job/USA-WA-Seattle/Principal-Machine-Learning-Engineer_JR-0107128,Posted 20 Days Ago,2026-06-21,2026-07-11T03:36:34+00:00,2026-07-10 20:36 Fri,,false,,,,false,workday:Workday:/job/USA-WA-Seattle/Principal-Machine-Learning-Engineer_JR-0107128
Workday:/job/USA-CA-Pleasanton/Principal-AI-Engineer_JR-0108789,Workday,Principal AI Engineer,7 Locations,,https://workday.wd5.myworkdayjobs.com/en-US/Workday/job/USA-CA-Pleasanton/Principal-AI-Engineer_JR-0108789,Posted Today,2026-07-16,2026-07-16T16:57:09+00:00,2026-07-16 09:57 Thu,,false,,,,false,workday:Workday:/job/USA-CA-Pleasanton/Principal-AI-Engineer_JR-0108789
Workday:/job/USA-GA-Atlanta/Principal-AI-Engineer_JR-0108761,Workday,Principal AI Engineer,USA-GA-Atlanta,,https://workday.wd5.myworkdayjobs.com/en-US/Workday/job/USA-GA-Atlanta/Principal-AI-Engineer_JR-0108761,Posted Yesterday,2026-08-25,2026-07-17T18:41:51+00:00,2026-07-17 11:41 Fri,,false,,,,false,workday:Workday:/job/USA-GA-Atlanta/Principal-AI-Engineer_JR-0108761
Workday:/job/Canada-BC-Vancouver/Principal-Machine-Learning-Engineer_JR-0107128,Workday,Principal AI Engineer,"Canada, BC, Vancouver",,https://workday.wd5.myworkdayjobs.com/en-US/Workday/job/Canada-BC-Vancouver/Principal-Machine-Learning-Engineer_JR-0107128,Posted Yesterday,2026-08-25,2026-08-24T17:18:11+00:00,2026-08-24 10:18 Mon,,false,,,,false,workday:Workday:/job/Canada-BC-Vancouver/Principal-Machine-Learning-Engineer_JR-0107128
Workday:/job/USA-CA-Pleasanton/Principal-AI-Researcher_JR-0107313,Workday,Principal AI Researcher,USA-CA-Pleasanton,,https://workday.wd5.myworkdayjobs.com/en-US/Workday/job/USA-CA-Pleasanton/Principal-AI-Researcher_JR-0107313,Posted Today,2026-09-02,2026-08-18T12:10:51+00:00,2026-08-18 05:10 Tue,,false,,,,false,workday:Workday:/job/USA-CA-Pleasanton/Principal-AI-Researcher_JR-0107313
Workday:/job/USA-CA-Pleasanton/Principal-Analytics-Engineer_JR-0107883,Workday,Principal Analytics Engineer,2 Locations,,https://workday.wd5.myworkdayjobs.com/en-US/Workday/job/USA-CA-Pleasanton/Principal-Analytics-Engineer_JR-0107883,Posted 11 Days Ago,2026-06-30,2026-07-11T03:36:34+00:00,2026-07-10 20:36 Fri,,false,,,,false,workday:Workday:/job/USA-CA-Pleasanton/Principal-Analytics-Engineer_JR-0107883
Workday:/job/USAVAReston/Analytics-Sr-Software-Engineer--US-Federal-_JR-0105494,Workday,Principal Analytics Engineer (US Federal),USA.VA.Reston,,https://workday.wd5.myworkdayjobs.com/en-US/Workday/job/USAVAReston/Analytics-Sr-Software-Engineer--US-Federal-_JR-0105494,Posted 4 Days Ago,2026-07-21,2026-07-25T02:17:15+00:00,2026-07-24 19:17 Fri,,false,,,,false,workday:Workday:/job/USAVAReston/Analytics-Sr-Software-Engineer--US-Federal-_JR-0105494
Workday:/job/USA-CA-Pleasanton/Principal-API-Architect--Product-Engineering---Agent-Ready-APIs---Data_JR-0108218,Workday,Principal API Architect/Engineer – API Platform (Python/Typescript),"USA, CA, Pleasanton",,https://workday.wd5.myworkdayjobs.com/en-US/Workday/job/USA-CA-Pleasanton/Principal-API-Architect--Product-Engineering---Agent-Ready-APIs---Data_JR-0108218,Posted 19 Days Ago,2026-06-26,2026-07-15T22:39:01+00:00,2026-07-15 15:39 Wed,,false,,,,false,workday:Workday:/job/USA-CA-Pleasanton/Principal-API-Architect--Product-Engineering---Agent-Ready-APIs---Data_JR-0108218
Workday:/job/USA-CA-Pleasanton/Principal-Business-Partner---B-T_JR-0107337,Workday,"Principal Business Partner - B&T, Cyber Security & Trust","USA, CA, Pleasanton",,https://workday.wd5.myworkdayjobs.com/en-US/Workday/job/USA-CA-Pleasanton/Principal-Business-Partner---B-T_JR-0107337,Posted 4 Days Ago,2026-07-09,2026-07-13T23:41:09+00:00,2026-07-13 16:41 Mon,,false,,,,false,workday:Workday:/job/USA-CA-Pleasanton/Principal-Business-Partner---B-T_JR-0107337
Workday:/job/USA-CA-Remote/Principal-Business-Process-Analyst_JR-0109086,Workday,Principal Business Process Analyst,"USA, CA, Remote",,https://workday.wd5.myworkdayjobs.com/en-US/Workday/job/USA-CA-Remote/Principal-Business-Process-Analyst_JR-0109086,Posted Today,2026-08-03,2026-08-03T17:17:50+00:00,2026-08-03 10:17 Mon,,false,,,,false,workday:Workday:/job/USA-CA-Remote/Principal-Business-Process-Analyst_JR-0109086
Workday:/job/USAVAReston/Principal-Cloud-Engineer---US-Federal_JR-0108260,Workday,Principal Cloud Engineer - US Federal,USA.VA.Reston,,https://workday.wd5.myworkdayjobs.com/en-US/Workday/job/USAVAReston/Principal-Cloud-Engineer---US-Federal_JR-0108260,Posted 5 Days Ago,2026-07-12,2026-07-17T15:03:14+00:00,2026-07-17 08:03 Fri,,false,,,,false,workday:Workday:/job/USAVAReston/Principal-Cloud-Engineer---US-Federal_JR-0108260
Workday:/job/USAVAReston/Principal-Cloud-IAM-Engineer_JR-0106596,Workday,Principal Cloud IAM Engineer,USA.VA.Reston,,https://workday.wd5.myworkdayjobs.com/en-US/Workday/job/USAVAReston/Principal-Cloud-IAM-Engineer_JR-0106596,Posted 17 Days Ago,2026-06-30,2026-07-17T17:17:33+00:00,2026-07-17 10:17 Fri,,false,,,,false,workday:Workday:/job/USAVAReston/Principal-Cloud-IAM-Engineer_JR-0106596
Workday:/job/USAVAReston/Principal-Cloud-Engineer--US-Federal-_JR-0104997,Workday,Principal Cloud IAM Engineer (US Federal),USA.VA.Reston,,https://workday.wd5.myworkdayjobs.com/en-US/Workday/job/USAVAReston/Principal-Cloud-Engineer--US-Federal-_JR-0104997,Posted 17 Days Ago,2026-06-30,2026-07-17T15:17:53+00:00,2026-07-17 08:17 Fri,,false,,,,false,workday:Workday:/job/USAVAReston/Principal-Cloud-Engineer--US-Federal-_JR-0104997
Workday:/job/New-Zealand-Auckland/Principal-Customer-Success-Manager_JR-0107921,Workday,Principal Customer Success Manager,"New Zealand, Auckland",,https://workday.wd5.myworkdayjobs.com/en-US/Workday/job/New-Zealand-Auckland/Principal-Customer-Success-Manager_JR-0107921,Posted 16 Days Ago,2026-06-25,2026-07-11T03:36:34+00:00,2026-07-10 20:36 Fri,,false,,,,false,workday:Workday:/job/New-Zealand-Auckland/Principal-Customer-Success-Manager_JR-0107921
Workday:/job/USAVAReston/Principal-Cybersecurity-Engineer_JR-0108926,Workday,Principal Cybersecurity Engineer,USAVAReston,,https://workday.wd5.myworkdayjobs.com/en-US/Workday/job/USAVAReston/Principal-Cybersecurity-Engineer_JR-0108926,Posted Today,2026-09-02,2026-07-28T23:56:06+00:00,2026-07-28 16:56 Tue,,false,,,,false,workday:Workday:/job/USAVAReston/Principal-Cybersecurity-Engineer_JR-0108926
Workday:/job/USAVAReston/Principal-Cybersecurity-Engineer_JR-0106961,Workday,Principal Cybersecurity Engineer,USA.VA.Reston,,https://workday.wd5.myworkdayjobs.com/en-US/Workday/job/USAVAReston/Principal-Cybersecurity-Engineer_JR-0106961,Posted 30+ Days Ago,2026-07-19,2026-08-18T12:10:51+00:00,2026-08-18 05:10 Tue,,false,,,,false,workday:Workday:/job/USAVAReston/Principal-Cybersecurity-Engineer_JR-0106961
Workday:/job/USAVAReston/Principal-Cybersecurity-Engineer---US-Federal_JR-0106965,Workday,Principal Cybersecurity Engineer - US Federal,USA.VA.Reston,,https://workday.wd5.myworkdayjobs.com/en-US/Workday/job/USAVAReston/Principal-Cybersecurity-Engineer---US-Federal_JR-0106965,Posted 13 Days Ago,2026-06-28,2026-07-11T03:36:34+00:00,2026-07-10 20:36 Fri,,false,,,,false,workday:Workday:/job/USAVAReston/Principal-Cybersecurity-Engineer---US-Federal_JR-0106965
Workday:/job/USAVAReston/Principal-Cybersecurity-Engineer---US-Federal_JR-0109437,Workday,Principal Cybersecurity Engineer - US Federal,USA.VA.Reston,,https://workday.wd5.myworkdayjobs.com/en-US/Workday/job/USAVAReston/Principal-Cybersecurity-Engineer---US-Federal_JR-0109437,Posted Yesterday,2026-08-20,2026-08-19T07:11:06+00:00,2026-08-19 00:11 Wed,,false,,,,false,workday:Workday:/job/USAVAReston/Principal-Cybersecurity-Engineer---US-Federal_JR-0109437
Workday:/job/Canada-ON-Toronto/Principal-Engineer--AI-Production-Readiness_JR-0109418-1,Workday,"Principal Engineer, AI Production Readiness","Canada, ON, Toronto",,https://workday.wd5.myworkdayjobs.com/en-US/Workday/job/Canada-ON-Toronto/Principal-Engineer--AI-Production-Readiness_JR-0109418-1,Posted Yesterday,2026-09-01,2026-08-31T16:17:55+00:00,2026-08-31 09:17 Mon,,false,,,,false,workday:Workday:/job/Canada-ON-Toronto/Principal-Engineer--AI-Production-Readiness_JR-0109418-1
Workday:/job/Australia-VIC-Melbourne/Principal-Enterprise-Architect_JR-0108745,Workday,Principal Enterprise Architect,2 Locations,,https://workday.wd5.myworkdayjobs.com/en-US/Workday/job/Australia-VIC-Melbourne/Principal-Enterprise-Architect_JR-0108745,Posted 18 Days Ago,2026-06-28,2026-07-16T02:17:36+00:00,2026-07-15 19:17 Wed,,false,,,,false,workday:Workday:/job/Australia-VIC-Melbourne/Principal-Enterprise-Architect_JR-0108745
Workday:/job/USA-TX-Remote/Principal-Financial-Implementation-Consultant--Healthcare-_JR-0109205,Workday,Principal Financial Implementation Consultant (Healthcare),USA-TX-Remote,,https://workday.wd5.myworkdayjobs.com/en-US/Workday/job/USA-TX-Remote/Principal-Financial-Implementation-Consultant--Healthcare-_JR-0109205,Posted Yesterday,2026-08-21,2026-08-20T17:00:12+00:00,2026-08-20 10:00 Thu,,false,,,,false,workday:Workday:/job/USA-TX-Remote/Principal-Financial-Implementation-Consultant--Healthcare-_JR-0109205
Workday:/job/Hong-Kong/Principal-Financials-Functional-Consultant_JR-0103610,Workday,Principal Financials Functional Consultant,Hong Kong,,https://workday.wd5.myworkdayjobs.com/en-US/Workday/job/Hong-Kong/Principal-Financials-Functional-Consultant_JR-0103610,Posted Today,2026-07-13,2026-07-13T04:59:00+00:00,2026-07-12 21:59 Sun,,false,,,,false,workday:Workday:/job/Hong-Kong/Principal-Financials-Functional-Consultant_JR-0103610
Workday:/job/Singapore/Principal-Financials-Functional-Consultant_JR-0109110,Workday,Principal Financials Functional Consultant,Singapore,,https://workday.wd5.myworkdayjobs.com/en-US/Workday/job/Singapore/Principal-Financials-Functional-Consultant_JR-0109110,Posted Today,2026-08-06,2026-08-06T02:41:25+00:00,2026-08-05 19:41 Wed,,false,,,,false,workday:Workday:/job/Singapore/Principal-Financials-Functional-Consultant_JR-0109110
Workday:/job/United-Kingdom-London/Principal-Functional-Consultant---AI-Practice---EMEA_JR-0107117,Workday,Principal Functional Consultant - AI Practice - EMEA,2 Locations,,https://workday.wd5.myworkdayjobs.com/en-US/Workday/job/United-Kingdom-London/Principal-Functional-Consultant---AI-Practice---EMEA_JR-0107117,Posted 7 Days Ago,2026-07-04,2026-07-11T03:36:34+00:00,2026-07-10 20:36 Fri,,false,,,,false,workday:Workday:/job/United-Kingdom-London/Principal-Functional-Consultant---AI-Practice---EMEA_JR-0107117
Workday:/job/Netherlands-Amsterdam/Principal-Functional-Consultant---AI-Practice---EMEA_JR-0108537,Workday,Principal Functional Consultant - AI Practice – EMEA,2 Locations,,https://workday.wd5.myworkdayjobs.com/en-US/Workday/job/Netherlands-Amsterdam/Principal-Functional-Consultant---AI-Practice---EMEA_JR-0108537,Posted 8 Days Ago,2026-07-03,2026-07-11T03:36:34+00:00,2026-07-10 20:36 Fri,,false,,,,false,workday:Workday:/job/Netherlands-Amsterdam/Principal-Functional-Consultant---AI-Practice---EMEA_JR-0108537
Workday:/job/India-Mumbai/Principal-Financials-Functional-Consultant_JR-0106085,Workday,Principal Functional Consultant - Workday Finance,"India, Mumbai",,https://workday.wd5.myworkdayjobs.com/en-US/Workday/job/India-Mumbai/Principal-Financials-Functional-Consultant_JR-0106085,Posted Yesterday,2026-08-19,2026-07-13T09:58:46+00:00,2026-07-13 02:58 Mon,,false,,,,false,workday:Workday:/job/India-Mumbai/Principal-Financials-Functional-Consultant_JR-0106085
Workday:/job/Germany-Berlin/Principal-Functional-Consultant--oCFO-Architect--German-Speaking-_JR-0108941,Workday,"Principal Functional Consultant, oCFO Architect (German Speaking)",Germany-Berlin,,https://workday.wd5.myworkdayjobs.com/en-US/Workday/job/Germany-Berlin/Principal-Functional-Consultant--oCFO-Architect--German-Speaking-_JR-0108941,Posted Today,2026-08-11,2026-08-11T10:32:57+00:00,2026-08-11 03:32 Tue,,false,,,,false,workday:Workday:/job/Germany-Berlin/Principal-Functional-Consultant--oCFO-Architect--German-Speaking-_JR-0108941
Workday:/job/Canada-BC-Vancouver/Principal-Managing-Partner_JR-0108268,Workday,Principal Managing Partner,2 Locations,,https://workday.wd5.myworkdayjobs.com/en-US/Workday/job/Canada-BC-Vancouver/Principal-Managing-Partner_JR-0108268,Posted 15 Days Ago,2026-06-26,2026-07-11T03:36:34+00:00,2026-07-10 20:36 Fri,,false,,,,false,workday:Workday:/job/Canada-BC-Vancouver/Principal-Managing-Partner_JR-0108268
Workday:/job/Germany-Munich/Principal-Managing-Partner_JR-0108752,Workday,Principal Managing Partner,2 Locations,,https://workday.wd5.myworkdayjobs.com/en-US/Workday/job/Germany-Munich/Principal-Managing-Partner_JR-0108752,Posted 13 Days Ago,2026-07-08,2026-07-21T13:59:30+00:00,2026-07-21 06:59 Tue,,false,,,,false,workday:Workday:/job/Germany-Munich/Principal-Managing-Partner_JR-0108752
Workday:/job/USA-TX-Home-Office/Principal-Managing-Partner_JR-0109360,Workday,Principal Managing Partner,USA-TX-Home-Office,,https://workday.wd5.myworkdayjobs.com/en-US/Workday/job/USA-TX-Home-Office/Principal-Managing-Partner_JR-0109360,Posted 2 Days Ago,2026-08-18,2026-08-17T22:39:38+00:00,2026-08-17 15:39 Mon,,false,,,,false,workday:Workday:/job/USA-TX-Home-Office/Principal-Managing-Partner_JR-0109360
Workday:/job/Japan-Tokyo/Principal-Managing-Partner_JR-0106255,Workday,Principal Managing Partner,"Japan, Tokyo",,https://workday.wd5.myworkdayjobs.com/en-US/Workday/job/Japan-Tokyo/Principal-Managing-Partner_JR-0106255,Posted 30+ Days Ago,2026-07-19,2026-08-18T12:10:51+00:00,2026-08-18 05:10 Tue,,false,,,,false,workday:Workday:/job/Japan-Tokyo/Principal-Managing-Partner_JR-0106255
Workday:/job/USA-TX-Frisco/Principal-Managing-Partner_JR-0109588,Workday,Principal Managing Partner,USA-TX-Frisco,,https://workday.wd5.myworkdayjobs.com/en-US/Workday/job/USA-TX-Frisco/Principal-Managing-Partner_JR-0109588,Posted Yesterday,2026-08-25,2026-08-24T21:17:37+00:00,2026-08-24 14:17 Mon,,false,,,,false,workday:Workday:/job/USA-TX-Frisco/Principal-Managing-Partner_JR-0109588
Workday:/job/USA-NY-New-York-City/Principal-Managing-Partner---Healthcare_JR-0107491,Workday,Principal Managing Partner - Industry Capabilities,USA-NY-New-York-City,,https://workday.wd5.myworkdayjobs.com/en-US/Workday/job/USA-NY-New-York-City/Principal-Managing-Partner---Healthcare_JR-0107491,Posted 2 Days Ago,2026-08-18,2026-07-31T18:17:52+00:00,2026-07-31 11:17 Fri,,false,,,,false,workday:Workday:/job/USA-NY-New-York-City/Principal-Managing-Partner---Healthcare_JR-0107491
Workday:/job/USA-Remote/Principal-Managing-Partner---Education---Government_JR-0108986-1,Workday,Principal Managing Partner - State & Local and Higher Ed (SLED),USA-Remote,,https://workday.wd5.myworkdayjobs.com/en-US/Workday/job/USA-Remote/Principal-Managing-Partner---Education---Government_JR-0108986-1,Posted Yesterday,2026-09-01,2026-07-24T23:59:26+00:00,2026-07-24 16:59 Fri,,false,,,,false,workday:Workday:/job/USA-Remote/Principal-Managing-Partner---Education---Government_JR-0108986-1
Workday:/job/United-Kingdom-London/Principal-Managing-Partner---Financial-Software_JR-0107017,Workday,Principal Managing Partner - UKI,"United Kingdom, London",,https://workday.wd5.myworkdayjobs.com/en-US/Workday/job/United-Kingdom-London/Principal-Managing-Partner---Financial-Software_JR-0107017,Posted 7 Days Ago,2026-07-20,2026-07-27T12:46:48+00:00,2026-07-27 05:46 Mon,,false,,,,false,workday:Workday:/job/United-Kingdom-London/Principal-Managing-Partner---Financial-Software_JR-0107017
Workday:/job/USA-CA-Pleasanton/Principal-Partner-Enterprise-Architect_JR-0108006,Workday,Principal Partner AI Architect,USA-CA-Pleasanton,,https://workday.wd5.myworkdayjobs.com/en-US/Workday/job/USA-CA-Pleasanton/Principal-Partner-Enterprise-Architect_JR-0108006,Posted Yesterday,2026-09-01,2026-08-11T16:34:03+00:00,2026-08-11 09:34 Tue,,false,,,,false,workday:Workday:/job/USA-CA-Pleasanton/Principal-Partner-Enterprise-Architect_JR-0108006
Workday:/job/India-Mumbai/Principal-Partner-Sales-Executive_JR-0109617,Workday,Principal Partner Sales Executive,India-Mumbai,,https://workday.wd5.myworkdayjobs.com/en-US/Workday/job/India-Mumbai/Principal-Partner-Sales-Executive_JR-0109617,Posted 2 Days Ago,2026-08-30,2026-08-28T19:17:49+00:00,2026-08-28 12:17 Fri,,false,,,,false,workday:Workday:/job/India-Mumbai/Principal-Partner-Sales-Executive_JR-0109617
Workday:/job/USA-CA-Pleasanton/Principal-Partner-Value-Advisor_JR-0108007,Workday,Principal Partner Value Advisor,USA-CA-Pleasanton,,https://workday.wd5.myworkdayjobs.com/en-US/Workday/job/USA-CA-Pleasanton/Principal-Partner-Value-Advisor_JR-0108007,Posted Today,2026-08-10,2026-08-10T18:59:57+00:00,2026-08-10 11:59 Mon,,false,,,,false,workday:Workday:/job/USA-CA-Pleasanton/Principal-Partner-Value-Advisor_JR-0108007
Workday:/job/USA-CA-Pleasanton/Principal-People-Business-Partner---Talent-Partner_JR-0107042-1,Workday,Principal People Business Partner & Talent Partner,"USA, CA, Pleasanton",,https://workday.wd5.myworkdayjobs.com/en-US/Workday/job/USA-CA-Pleasanton/Principal-People-Business-Partner---Talent-Partner_JR-0107042-1,Posted Today,2026-07-21,2026-07-21T15:41:30+00:00,2026-07-21 08:41 Tue,,false,,,,false,workday:Workday:/job/USA-CA-Pleasanton/Principal-People-Business-Partner---Talent-Partner_JR-0107042-1
Workday:/job/USA-CA-Pleasanton/Principal-Developer-Relations-Engineer_JR-0107990,Workday,Principal Product Advisor - Developer Platform,"USA, CA, Pleasanton",,https://workday.wd5.myworkdayjobs.com/en-US/Workday/job/USA-CA-Pleasanton/Principal-Developer-Relations-Engineer_JR-0107990,Posted Today,2026-08-03,2026-08-03T18:41:46+00:00,2026-08-03 11:41 Mon,,false,,,,false,workday:Workday:/job/USA-CA-Pleasanton/Principal-Developer-Relations-Engineer_JR-0107990
Workday:/job/USA-GA-Atlanta/Principal-Product-Advisor--Financials_JR-0107139-1,Workday,"Principal Product Advisor, Financials",3 Locations,,https://workday.wd5.myworkdayjobs.com/en-US/Workday/job/USA-GA-Atlanta/Principal-Product-Advisor--Financials_JR-0107139-1,Posted 10 Days Ago,2026-07-01,2026-07-11T03:36:34+00:00,2026-07-10 20:36 Fri,,false,,,,false,workday:Workday:/job/USA-GA-Atlanta/Principal-Product-Advisor--Financials_JR-0107139-1
Workday:/job/USA-GA-Atlanta/Principal-Product-Advisor--Revenue-Management_JR-0107141-1,Workday,"Principal Product Advisor, Revenue Management",3 Locations,,https://workday.wd5.myworkdayjobs.com/en-US/Workday/job/USA-GA-Atlanta/Principal-Product-Advisor--Revenue-Management_JR-0107141-1,Posted 10 Days Ago,2026-07-01,2026-07-11T03:36:34+00:00,2026-07-10 20:36 Fri,,false,,,,false,workday:Workday:/job/USA-GA-Atlanta/Principal-Product-Advisor--Revenue-Management_JR-0107141-1
Workday:/job/USA-GA-Atlanta/Principal-Product-Advisor--Spend-Management_JR-0107142-1,Workday,"Principal Product Advisor, Spend Management",3 Locations,,https://workday.wd5.myworkdayjobs.com/en-US/Workday/job/USA-GA-Atlanta/Principal-Product-Advisor--Spend-Management_JR-0107142-1,Posted 10 Days Ago,2026-07-01,2026-07-11T03:36:34+00:00,2026-07-10 20:36 Fri,,false,,,,false,workday:Workday:/job/USA-GA-Atlanta/Principal-Product-Advisor--Spend-Management_JR-0107142-1
Workday:/job/USA-CA-Pleasanton/Principal-Product-Manager_JR-0107980,Workday,Principal Product Manager - Data Analytics Platform,2 Locations,,https://workday.wd5.myworkdayjobs.com/en-US/Workday/job/USA-CA-Pleasanton/Principal-Product-Manager_JR-0107980,Posted 8 Days Ago,2026-07-03,2026-07-11T03:36:34+00:00,2026-07-10 20:36 Fri,,false,,,,false,workday:Workday:/job/USA-CA-Pleasanton/Principal-Product-Manager_JR-0107980
Workday:/job/USA-CA-San-Francisco/Principal-Product-Manager---Evisort-AI_JR-0108875,Workday,Principal Product Manager - Evisort AI,3 Locations,,https://workday.wd5.myworkdayjobs.com/en-US/Workday/job/USA-CA-San-Francisco/Principal-Product-Manager---Evisort-AI_JR-0108875,Posted Today,2026-08-05,2026-08-05T21:18:05+00:00,2026-08-05 14:18 Wed,,false,,,,false,workday:Workday:/job/USA-CA-San-Francisco/Principal-Product-Manager---Evisort-AI_JR-0108875
Workday:/job/USA-CA-Pleasanton/Principal-Product-Manager---Workday-AI_JR-0102286,Workday,Principal Product Manager - Workday AI - Agent Factory,USA-CA-Pleasanton,,https://workday.wd5.myworkdayjobs.com/en-US/Workday/job/USA-CA-Pleasanton/Principal-Product-Manager---Workday-AI_JR-0102286,Posted 30+ Days Ago,2026-07-19,2026-08-18T12:10:51+00:00,2026-08-18 05:10 Tue,,false,,,,false,workday:Workday:/job/USA-CA-Pleasanton/Principal-Product-Manager---Workday-AI_JR-0102286
Workday:/job/USA-CA-Pleasanton/Principal-Product-Manager--Enterprise-Applications_JR-0108799,Workday,"Principal Product Manager, Enterprise Applications","USA, CA, Pleasanton",,https://workday.wd5.myworkdayjobs.com/en-US/Workday/job/USA-CA-Pleasanton/Principal-Product-Manager--Enterprise-Applications_JR-0108799,Posted 6 Days Ago,2026-07-09,2026-07-15T22:59:25+00:00,2026-07-15 15:59 Wed,,false,,,,false,workday:Workday:/job/USA-CA-Pleasanton/Principal-Product-Manager--Enterprise-Applications_JR-0108799
Workday:/job/United-Kingdom-London/Principal-Product-Marketing-Manager--Payroll_JR-0107901,Workday,"Principal Product Marketing Manager, Payroll",2 Locations,,https://workday.wd5.myworkdayjobs.com/en-US/Workday/job/United-Kingdom-London/Principal-Product-Marketing-Manager--Payroll_JR-0107901,Posted 9 Days Ago,2026-07-02,2026-07-11T03:36:34+00:00,2026-07-10 20:36 Fri,,false,,,,false,workday:Workday:/job/United-Kingdom-London/Principal-Product-Marketing-Manager--Payroll_JR-0107901
Workday:/job/Ireland-Dublin/Principal-Product-Marketing-Manager--Payroll_JR-0107901,Workday,"Principal Product Marketing Manager, Workforce Management","Ireland, Dublin",,https://workday.wd5.myworkdayjobs.com/en-US/Workday/job/Ireland-Dublin/Principal-Product-Marketing-Manager--Payroll_JR-0107901,Posted Today,2026-09-02,2026-09-02T13:41:56+00:00,2026-09-02 06:41 Wed,,false,,,,false,workday:Workday:/job/Ireland-Dublin/Principal-Product-Marketing-Manager--Payroll_JR-0107901
Workday:/job/USAVAReston/Principal-Project-Manager--US-Federal-_JR-0108271-1,Workday,Principal Project Manager (US Federal),USA.VA.Reston,,https://workday.wd5.myworkdayjobs.com/en-US/Workday/job/USAVAReston/Principal-Project-Manager--US-Federal-_JR-0108271-1,Posted Yesterday,2026-07-10,2026-07-11T03:36:34+00:00,2026-07-10 20:36 Fri,,false,,,,false,workday:Workday:/job/USAVAReston/Principal-Project-Manager--US-Federal-_JR-0108271-1
Workday:/job/USAVAReston/Principal-Program-Manager---US-Federal_JR-0107167,Workday,Principal Project Manager - US Federal,USA.VA.Reston,,https://workday.wd5.myworkdayjobs.com/en-US/Workday/job/USAVAReston/Principal-Program-Manager---US-Federal_JR-0107167,Posted 30+ Days Ago,2026-07-19,2026-08-18T12:10:51+00:00,2026-08-18 05:10 Tue,,false,,,,false,workday:Workday:/job/USAVAReston/Principal-Program-Manager---US-Federal_JR-0107167
Workday:/job/USA-Remote/Principal-Reporting---Prism-Consultant--State---Local-Government_JR-0109222,Workday,"Principal Reporting & Prism Consultant, State & Local Government",USA Remote,,https://workday.wd5.myworkdayjobs.com/en-US/Workday/job/USA-Remote/Principal-Reporting---Prism-Consultant--State---Local-Government_JR-0109222,Posted Yesterday,2026-08-26,2026-08-08T02:59:21+00:00,2026-08-07 19:59 Fri,,false,,,,false,workday:Workday:/job/USA-Remote/Principal-Reporting---Prism-Consultant--State---Local-Government_JR-0109222
Workday:/job/INDPune/Principal-Revenue---Finance-System-Architect_JR-0108647-1,Workday,Principal Revenue & Finance System Architect,IND.Pune,,https://workday.wd5.myworkdayjobs.com/en-US/Workday/job/INDPune/Principal-Revenue---Finance-System-Architect_JR-0108647-1,Posted Yesterday,2026-08-21,2026-08-20T06:41:26+00:00,2026-08-19 23:41 Wed,,false,,,,false,workday:Workday:/job/INDPune/Principal-Revenue---Finance-System-Architect_JR-0108647-1
Workday:/job/Singapore/Principal-Services-Executive_JR-0108604,Workday,Principal Services Executive,Singapore,,https://workday.wd5.myworkdayjobs.com/en-US/Workday/job/Singapore/Principal-Services-Executive_JR-0108604,Posted 7 Days Ago,2026-07-04,2026-07-11T03:36:34+00:00,2026-07-10 20:36 Fri,,false,,,,false,workday:Workday:/job/Singapore/Principal-Services-Executive_JR-0108604
Workday:/job/USA-IL-Chicago/Principal-Software-Alliances-Director--Workday-Wellness_JR-0108359,Workday,"Principal Software Alliances Director, Workday Wellness",13 Locations,,https://workday.wd5.myworkdayjobs.com/en-US/Workday/job/USA-IL-Chicago/Principal-Software-Alliances-Director--Workday-Wellness_JR-0108359,Posted 10 Days Ago,2026-07-01,2026-07-11T03:36:34+00:00,2026-07-10 20:36 Fri,,false,,,,false,workday:Workday:/job/USA-IL-Chicago/Principal-Software-Alliances-Director--Workday-Wellness_JR-0108359
Workday:/job/Canada-BC-Vancouver/Principal-Software-Development-Engineer_JR-0108602-1,Workday,Principal Software Development Engineer,2 Locations,,https://workday.wd5.myworkdayjobs.com/en-US/Workday/job/Canada-BC-Vancouver/Principal-Software-Development-Engineer_JR-0108602-1,Posted 27 Days Ago,2026-06-14,2026-07-11T03:36:34+00:00,2026-07-10 20:36 Fri,,false,,,,false,workday:Workday:/job/Canada-BC-Vancouver/Principal-Software-Development-Engineer_JR-0108602-1
Workday:/job/USAVAReston/Principal-Software-Development-Engineer_JR-0106962,Workday,Principal Software Development Engineer,USA.VA.Reston,,https://workday.wd5.myworkdayjobs.com/en-US/Workday/job/USAVAReston/Principal-Software-Development-Engineer_JR-0106962,Posted 30+ Days Ago,2026-07-19,2026-08-18T12:10:51+00:00,2026-08-18 05:10 Tue,,false,,,,false,workday:Workday:/job/USAVAReston/Principal-Software-Development-Engineer_JR-0106962
Workday:/job/USA-CO-Boulder/Principal-Software-Development-Engineer---Agent-Factory_JR-0108561,Workday,Principal Software Development Engineer - Agent Factory,"USA, CO, Boulder",,https://workday.wd5.myworkdayjobs.com/en-US/Workday/job/USA-CO-Boulder/Principal-Software-Development-Engineer---Agent-Factory_JR-0108561,Posted 4 Days Ago,2026-07-10,2026-07-14T21:38:42+00:00,2026-07-14 14:38 Tue,,false,,,,false,workday:Workday:/job/USA-CO-Boulder/Principal-Software-Development-Engineer---Agent-Factory_JR-0108561
Workday:/job/USA-CA-Pleasanton/Principal-Software-Development-Engineer---Developer-Platform_JR-0107781-1,Workday,Principal Software Development Engineer - Developer Platform,"USA, CA, Pleasanton",,https://workday.wd5.myworkdayjobs.com/en-US/Workday/job/USA-CA-Pleasanton/Principal-Software-Development-Engineer---Developer-Platform_JR-0107781-1,Posted 3 Days Ago,2026-07-08,2026-07-11T03:36:34+00:00,2026-07-10 20:36 Fri,,false,,,,false,workday:Workday:/job/USA-CA-Pleasanton/Principal-Software-Development-Engineer---Developer-Platform_JR-0107781-1
Workday:/job/USAVAReston/Principal-Software-Development-Engineer---US-Federal_JR-0108302,Workday,Principal Software Development Engineer - US Federal,USA.VA.Reston,,https://workday.wd5.myworkdayjobs.com/en-US/Workday/job/USAVAReston/Principal-Software-Development-Engineer---US-Federal_JR-0108302,Posted 5 Days Ago,2026-07-12,2026-07-17T15:03:14+00:00,2026-07-17 08:03 Fri,,false,,,,false,workday:Workday:/job/USAVAReston/Principal-Software-Development-Engineer---US-Federal_JR-0108302
Workday:/job/Czech-Republic-Prague/Principal-AI-Engineer_JR-0108372,Workday,Principal Software Engineer (AI),"Czech Republic, Prague",,https://workday.wd5.myworkdayjobs.com/en-US/Workday/job/Czech-Republic-Prague/Principal-AI-Engineer_JR-0108372,Posted 6 Days Ago,2026-07-10,2026-07-16T15:00:06+00:00,2026-07-16 08:00 Thu,,false,,,,false,workday:Workday:/job/Czech-Republic-Prague/Principal-AI-Engineer_JR-0108372
Workday:/job/Ireland-Dublin/Principal-Machine-Learning-Engineer_JR-0105191-1,Workday,"Principal Software Engineer, AI","Ireland, Dublin",,https://workday.wd5.myworkdayjobs.com/en-US/Workday/job/Ireland-Dublin/Principal-Machine-Learning-Engineer_JR-0105191-1,Posted 30+ Days Ago,2026-07-19,2026-08-18T12:10:51+00:00,2026-08-18 05:10 Tue,,false,,,,false,workday:Workday:/job/Ireland-Dublin/Principal-Machine-Learning-Engineer_JR-0105191-1
Workday:/job/USA-CA-Remote/Principal-Technical-Consultant---Paradox_JR-0108382,Workday,Principal Technical Consultant - Paradox,132 Locations,,https://workday.wd5.myworkdayjobs.com/en-US/Workday/job/USA-CA-Remote/Principal-Technical-Consultant---Paradox_JR-0108382,Posted 15 Days Ago,2026-06-26,2026-07-11T03:36:34+00:00,2026-07-10 20:36 Fri,,false,,,,false,workday:Workday:/job/USA-CA-Remote/Principal-Technical-Consultant---Paradox_JR-0108382
Workday:/job/USA-CO-Boulder/Principal-Technical-Product-Marketing-Manager--Agent-Platform_JR-0107266-1,Workday,"Principal Technical Product Marketing Manager, Agent Platform",3 Locations,,https://workday.wd5.myworkdayjobs.com/en-US/Workday/job/USA-CO-Boulder/Principal-Technical-Product-Marketing-Manager--Agent-Platform_JR-0107266-1,Posted Today,2026-07-22,2026-07-22T23:17:18+00:00,2026-07-22 16:17 Wed,,false,,,,false,workday:Workday:/job/USA-CO-Boulder/Principal-Technical-Product-Marketing-Manager--Agent-Platform_JR-0107266-1
Workday:/job/Canada-BC-Vancouver/Principal-UX-Designer_JR-0108633,Workday,Principal UX Designer,"Canada, BC, Vancouver",,https://workday.wd5.myworkdayjobs.com/en-US/Workday/job/Canada-BC-Vancouver/Principal-UX-Designer_JR-0108633,Posted Today,2026-07-11,2026-07-11T03:36:34+00:00,2026-07-10 20:36 Fri,,false,,,,false,workday:Workday:/job/Canada-BC-Vancouver/Principal-UX-Designer_JR-0108633
Workday:/job/USA-WA-Seattle/Principal--Global-Customer-Support-Role-Excellence_JR-0108210,Workday,"Principal, Global Customer Support Role Excellence",USA-WA-Seattle,,https://workday.wd5.myworkdayjobs.com/en-US/Workday/job/USA-WA-Seattle/Principal--Global-Customer-Support-Role-Excellence_JR-0108210,Posted Yesterday,2026-08-27,2026-08-26T22:33:16+00:00,2026-08-26 15:33 Wed,,false,,,,false,workday:Workday:/job/USA-WA-Seattle/Principal--Global-Customer-Support-Role-Excellence_JR-0108210
Workday:/job/USA-AZ-Home-Office/Principal--Global-Customer-Support-Role-Excellence_JR-0108210,Workday,"Principal, Global Customer Support Role Excellence",USA-AZ-Home-Office,,https://workday.wd5.myworkdayjobs.com/en-US/Workday/job/USA-AZ-Home-Office/Principal--Global-Customer-Support-Role-Excellence_JR-0108210,Posted Yesterday,2026-09-01,2026-09-01T21:41:49+00:00,2026-09-01 14:41 Tue,,false,,,,false,workday:Workday:/job/USA-AZ-Home-Office/Principal--Global-Customer-Support-Role-Excellence_JR-0108210
Workday:/job/USA-CA-San-Francisco/Principal--Partner-Account-Manager--Open-_JR-0108206,Workday,"Principal, Partner Account Manager (Open)",14 Locations,,https://workday.wd5.myworkdayjobs.com/en-US/Workday/job/USA-CA-San-Francisco/Principal--Partner-Account-Manager--Open-_JR-0108206,Posted Today,2026-07-15,2026-07-15T18:59:38+00:00,2026-07-15 11:59 Wed,,false,,,,false,workday:Workday:/job/USA-CA-San-Francisco/Principal--Partner-Account-Manager--Open-_JR-0108206
Workday:/job/USA-CA-Remote/Principal--Partner-Enablement_JR-0108813,Workday,"Principal, Partner Enablement",21 Locations,,https://workday.wd5.myworkdayjobs.com/en-US/Workday/job/USA-CA-Remote/Principal--Partner-Enablement_JR-0108813,Posted Today,2026-07-23,2026-07-23T01:41:31+00:00,2026-07-22 18:41 Wed,,false,,,,false,workday:Workday:/job/USA-CA-Remote/Principal--Partner-Enablement_JR-0108813
Workday:/job/USA-GA-Atlanta/Principal--Product-Owner--Business-Performance_JR-0108062,Workday,"Principal, Product Owner, Business Performance","USA, GA, Atlanta",,https://workday.wd5.myworkdayjobs.com/en-US/Workday/job/USA-GA-Atlanta/Principal--Product-Owner--Business-Performance_JR-0108062,Posted 11 Days Ago,2026-06-30,2026-07-11T03:36:34+00:00,2026-07-10 20:36 Fri,,false,,,,false,workday:Workday:/job/USA-GA-Atlanta/Principal--Product-Owner--Business-Performance_JR-0108062
Workday:/job/USA-CA-Pleasanton/Principal--Software-Engineer--Distributed-Systems-_JR-0107752,Workday,"Principal, Software Engineer (Distributed Systems)","USA, CA, Pleasanton",,https://workday.wd5.myworkdayjobs.com/en-US/Workday/job/USA-CA-Pleasanton/Principal--Software-Engineer--Distributed-Systems-_JR-0107752,Posted 10 Days Ago,2026-07-01,2026-07-11T03:36:34+00:00,2026-07-10 20:36 Fri,,false,,,,false,workday:Workday:/job/USA-CA-Pleasanton/Principal--Software-Engineer--Distributed-Systems-_JR-0107752
Workday:/job/USA-CA-Pleasanton/Principal--Solution-Consultant_JR-0108665-1,Workday,"Principal, Solution Consultant","USA, CA, Pleasanton",,https://workday.wd5.myworkdayjobs.com/en-US/Workday/job/USA-CA-Pleasanton/Principal--Solution-Consultant_JR-0108665-1,Posted 4 Days Ago,2026-07-07,2026-07-11T03:36:34+00:00,2026-07-10 20:36 Fri,,false,,,,false,workday:Workday:/job/USA-CA-Pleasanton/Principal--Solution-Consultant_JR-0108665-1
Workday:/job/USA-IL-Chicago/Principal--Strategic-Business-Development_JR-0109063,Workday,"Principal, Strategic Business Development",9 Locations,,https://workday.wd5.myworkdayjobs.com/en-US/Workday/job/USA-IL-Chicago/Principal--Strategic-Business-Development_JR-0109063,Posted Today,2026-08-03,2026-08-03T21:42:11+00:00,2026-08-03 14:42 Mon,,false,,,,false,workday:Workday:/job/USA-IL-Chicago/Principal--Strategic-Business-Development_JR-0109063
Workday:/job/USA-GA-Atlanta/Senior-Reporting-and-Analytics-Consultant---Prism_JR-0103116,Workday,Prism Reporting & Analytics Consultant,13 Locations,,https://workday.wd5.myworkdayjobs.com/en-US/Workday/job/USA-GA-Atlanta/Senior-Reporting-and-Analytics-Consultant---Prism_JR-0103116,Posted 9 Days Ago,2026-07-02,2026-07-11T03:36:34+00:00,2026-07-10 20:36 Fri,,false,,,,false,workday:Workday:/job/USA-GA-Atlanta/Senior-Reporting-and-Analytics-Consultant---Prism_JR-0103116
Workday:/job/Costa-Rica/Product-Instructor_JR-0108501,Workday,Product Instructor Workday Integrations & Extend,Costa Rica,,https://workday.wd5.myworkdayjobs.com/en-US/Workday/job/Costa-Rica/Product-Instructor_JR-0108501,Posted 10 Days Ago,2026-07-01,2026-07-11T03:36:34+00:00,2026-07-10 20:36 Fri,,false,,,,false,workday:Workday:/job/Costa-Rica/Product-Instructor_JR-0108501
Workday:/job/USA-CA-Pleasanton/Product-Manager_JR-0107137-1,Workday,Product Manager,"USA, CA, Pleasanton",,https://workday.wd5.myworkdayjobs.com/en-US/Workday/job/USA-CA-Pleasanton/Product-Manager_JR-0107137-1,Posted 10 Days Ago,2026-07-14,2026-07-24T20:59:32+00:00,2026-07-24 13:59 Fri,,false,,,,false,workday:Workday:/job/USA-CA-Pleasanton/Product-Manager_JR-0107137-1
Workday:/job/USA-CA-Pleasanton/Product-Manager_JR-0107140-1,Workday,Product Manager,"USA, CA, Pleasanton",,https://workday.wd5.myworkdayjobs.com/en-US/Workday/job/USA-CA-Pleasanton/Product-Manager_JR-0107140-1,Posted 10 Days Ago,2026-07-14,2026-07-24T20:59:32+00:00,2026-07-24 13:59 Fri,,false,,,,false,workday:Workday:/job/USA-CA-Pleasanton/Product-Manager_JR-0107140-1
Workday:/job/Canada-BC-Vancouver/Product-Manager---Sr-Product-Manager---Evisort-AI_JR-0103398,Workday,"Product Manager - Activation & Deployment, Evisort AI",Canada-BC-Vancouver,,https://workday.wd5.myworkdayjobs.com/en-US/Workday/job/Canada-BC-Vancouver/Product-Manager---Sr-Product-Manager---Evisort-AI_JR-0103398,Posted Today,2026-08-07,2026-08-07T15:17:37+00:00,2026-08-07 08:17 Fri,,false,,,,false,workday:Workday:/job/Canada-BC-Vancouver/Product-Manager---Sr-Product-Manager---Evisort-AI_JR-0103398
Workday:/job/USA-GA-Atlanta/Product-Manager--Agent-Platform_JR-0107282,Workday,"Product Manager, Agent Platform","USA, GA, Atlanta",,https://workday.wd5.myworkdayjobs.com/en-US/Workday/job/USA-GA-Atlanta/Product-Manager--Agent-Platform_JR-0107282,Posted 5 Days Ago,2026-07-24,2026-07-29T19:59:44+00:00,2026-07-29 12:59 Wed,,false,,,,false,workday:Workday:/job/USA-GA-Atlanta/Product-Manager--Agent-Platform_JR-0107282
Workday:/job/USA-CA-San-Francisco/Product-Manager--Integrations_JR-0108770,Workday,"Product Manager, Integrations","USA, CA, San Francisco",,https://workday.wd5.myworkdayjobs.com/en-US/Workday/job/USA-CA-San-Francisco/Product-Manager--Integrations_JR-0108770,Posted Yesterday,2026-09-01,2026-08-24T07:17:18+00:00,2026-08-24 00:17 Mon,AI / ML,true,Keyword,55,keyword-only heuristic,true,workday:Workday:/job/USA-CA-San-Francisco/Product-Manager--Integrations_JR-0108770
Workday:/job/USA-AZ-Scottsdale/Product-Manager--Paradox-Employee-Communications_JR-0108693,Workday,"Product Manager, Paradox Employee Communications","USA, AZ, Scottsdale",,https://workday.wd5.myworkdayjobs.com/en-US/Workday/job/USA-AZ-Scottsdale/Product-Manager--Paradox-Employee-Communications_JR-0108693,Posted Today,2026-07-15,2026-07-15T17:41:48+00:00,2026-07-15 10:41 Wed,,false,,,,false,workday:Workday:/job/USA-AZ-Scottsdale/Product-Manager--Paradox-Employee-Communications_JR-0108693
Workday:/job/USA-CA-Pleasanton/Product-Manager--Workday-Student_JR-0108791-1,Workday,"Product Manager, Workday Student","USA, CA, Pleasanton",,https://workday.wd5.myworkdayjobs.com/en-US/Workday/job/USA-CA-Pleasanton/Product-Manager--Workday-Student_JR-0108791-1,Posted 3 Days Ago,2026-07-28,2026-07-31T16:41:40+00:00,2026-07-31 09:41 Fri,,false,,,,false,workday:Workday:/job/USA-CA-Pleasanton/Product-Manager--Workday-Student_JR-0108791-1
Workday:/job/United-Kingdom-London/Product-Sales-Specialist---CLM---Document-AI_JR-0108492-1,Workday,Product Sales Specialist – CLM & Document AI,2 Locations,,https://workday.wd5.myworkdayjobs.com/en-US/Workday/job/United-Kingdom-London/Product-Sales-Specialist---CLM---Document-AI_JR-0108492-1,Posted 6 Days Ago,2026-07-05,2026-07-11T03:36:34+00:00,2026-07-10 20:36 Fri,,false,,,,false,workday:Workday:/job/United-Kingdom-London/Product-Sales-Specialist---CLM---Document-AI_JR-0108492-1
Workday:/job/France-Paris/Product-Sales-Specialist---CLM---Document-AI_JR-0108492-1,Workday,Product Sales Specialist – CLM & Document AI,2 Locations,,https://workday.wd5.myworkdayjobs.com/en-US/Workday/job/France-Paris/Product-Sales-Specialist---CLM---Document-AI_JR-0108492-1,Posted Today,2026-07-20,2026-07-20T15:17:46+00:00,2026-07-20 08:17 Mon,,false,,,,false,workday:Workday:/job/France-Paris/Product-Sales-Specialist---CLM---Document-AI_JR-0108492-1
Workday:/job/USA-GA-Atlanta/Product-Solution-Architect---Quote-to-Cash--Salesforce-CPQ---CLM-_JR-0109155-1,Workday,Product Solution Architect – Quote to Cash (Salesforce CPQ & CLM),"USA, GA, Atlanta",,https://workday.wd5.myworkdayjobs.com/en-US/Workday/job/USA-GA-Atlanta/Product-Solution-Architect---Quote-to-Cash--Salesforce-CPQ---CLM-_JR-0109155-1,Posted Yesterday,2026-08-25,2026-08-24T22:48:24+00:00,2026-08-24 15:48 Mon,,false,,,,false,workday:Workday:/job/USA-GA-Atlanta/Product-Solution-Architect---Quote-to-Cash--Salesforce-CPQ---CLM-_JR-0109155-1
Workday:/job/USA-IL-Chicago/Product-Specialist_JR-0104850,Workday,Product Specialist- Global Payroll Center of Excellence,6 Locations,,https://workday.wd5.myworkdayjobs.com/en-US/Workday/job/USA-IL-Chicago/Product-Specialist_JR-0104850,Posted Today,2026-07-14,2026-07-14T13:58:58+00:00,2026-07-14 06:58 Tue,,false,,,,false,workday:Workday:/job/USA-IL-Chicago/Product-Specialist_JR-0104850
Workday:/job/USAVAReston/Program-Manager--Cybersecurity-Risk_JR-0108687,Workday,"Program Manager, Cybersecurity Risk",USA.VA.Reston,,https://workday.wd5.myworkdayjobs.com/en-US/Workday/job/USAVAReston/Program-Manager--Cybersecurity-Risk_JR-0108687,Posted Today,2026-07-20,2026-07-20T15:42:10+00:00,2026-07-20 08:42 Mon,,false,,,,false,workday:Workday:/job/USAVAReston/Program-Manager--Cybersecurity-Risk_JR-0108687
Workday:/job/USA-Remote/Project-Director--State---Local-Government_JR-0108511,Workday,"Project Director, State & Local Government",USA Remote,,https://workday.wd5.myworkdayjobs.com/en-US/Workday/job/USA-Remote/Project-Director--State---Local-Government_JR-0108511,Posted Yesterday,2026-09-01,2026-07-11T03:36:34+00:00,2026-07-10 20:36 Fri,,false,,,,false,workday:Workday:/job/USA-Remote/Project-Director--State---Local-Government_JR-0108511
Workday:/job/INDPune/Purchasing-Analyst_JR-0108195,Workday,Purchasing Analyst,IND.Pune,,https://workday.wd5.myworkdayjobs.com/en-US/Workday/job/INDPune/Purchasing-Analyst_JR-0108195,Posted Today,2026-08-25,2026-08-07T13:41:24+00:00,2026-08-07 06:41 Fri,,false,,,,false,workday:Workday:/job/INDPune/Purchasing-Analyst_JR-0108195
Workday:/job/Germany-Munich/Regional-Sales-Director--Specialised-Sales---Talent-Suite_JR-0102969,Workday,Regional Sales Director - AI Talent Suite CoE,2 Locations,,https://workday.wd5.myworkdayjobs.com/en-US/Workday/job/Germany-Munich/Regional-Sales-Director--Specialised-Sales---Talent-Suite_JR-0102969,Posted Today,2026-07-14,2026-07-14T08:58:16+00:00,2026-07-14 01:58 Tue,,false,,,,false,workday:Workday:/job/Germany-Munich/Regional-Sales-Director--Specialised-Sales---Talent-Suite_JR-0102969
Workday:/job/USAVAReston/Regional-Sales-Director---Federal-Systems-Integrators--DOD-and-IC_JR-0105160,Workday,"Regional Sales Director - Federal Systems Integrators, DOD and IC",USAVAReston,,https://workday.wd5.myworkdayjobs.com/en-US/Workday/job/USAVAReston/Regional-Sales-Director---Federal-Systems-Integrators--DOD-and-IC_JR-0105160,Posted 3 Days Ago,2026-08-21,2026-08-21T18:56:37+00:00,2026-08-21 11:56 Fri,,false,,,,false,workday:Workday:/job/USAVAReston/Regional-Sales-Director---Federal-Systems-Integrators--DOD-and-IC_JR-0105160
Workday:/job/USA-NY-New-York-City/Regional-Sales-Director---Medium-Enterprise-Customer-Base_JR-0108334,Workday,Regional Sales Director - Medium Enterprise Customer Base,2 Locations,,https://workday.wd5.myworkdayjobs.com/en-US/Workday/job/USA-NY-New-York-City/Regional-Sales-Director---Medium-Enterprise-Customer-Base_JR-0108334,Posted 16 Days Ago,2026-06-25,2026-07-11T03:36:34+00:00,2026-07-10 20:36 Fri,,false,,,,false,workday:Workday:/job/USA-NY-New-York-City/Regional-Sales-Director---Medium-Enterprise-Customer-Base_JR-0108334
Workday:/job/USA-NY-New-York-City/Regional-Sales-Director_JR-0108242,Workday,"Regional Sales Director, Large Enterprise Customer Base",3 Locations,,https://workday.wd5.myworkdayjobs.com/en-US/Workday/job/USA-NY-New-York-City/Regional-Sales-Director_JR-0108242,Posted 10 Days Ago,2026-07-01,2026-07-11T03:36:34+00:00,2026-07-10 20:36 Fri,,false,,,,false,workday:Workday:/job/USA-NY-New-York-City/Regional-Sales-Director_JR-0108242
Workday:/job/USA-IL-Chicago/Regional-Sales-Director_JR-0109141,Workday,"Regional Sales Director, Large Enterprise Customer Base","USA, IL, Chicago",,https://workday.wd5.myworkdayjobs.com/en-US/Workday/job/USA-IL-Chicago/Regional-Sales-Director_JR-0109141,Posted Yesterday,2026-08-19,2026-08-10T19:48:52+00:00,2026-08-10 12:48 Mon,,false,,,,false,workday:Workday:/job/USA-IL-Chicago/Regional-Sales-Director_JR-0109141
Workday:/job/USA-IL-Chicago/Regional-Sales-Director--Large-Enterprise-Customer-Base_JR-0109438,Workday,"Regional Sales Director, Large Enterprise Customer Base",USA-IL-Chicago,,https://workday.wd5.myworkdayjobs.com/en-US/Workday/job/USA-IL-Chicago/Regional-Sales-Director--Large-Enterprise-Customer-Base_JR-0109438,Posted Yesterday,2026-08-19,2026-08-18T20:29:52+00:00,2026-08-18 13:29 Tue,,false,,,,false,workday:Workday:/job/USA-IL-Chicago/Regional-Sales-Director--Large-Enterprise-Customer-Base_JR-0109438
Workday:/job/Costa-Rica/Reporting---Analytics-Consultant---Workday-Success-Plans_JR-0108856,Workday,Reporting & Analytics Consultant - Workday Success Plans,Costa Rica,,https://workday.wd5.myworkdayjobs.com/en-US/Workday/job/Costa-Rica/Reporting---Analytics-Consultant---Workday-Success-Plans_JR-0108856,Posted 3 Days Ago,2026-07-28,2026-07-31T17:04:47+00:00,2026-07-31 10:04 Fri,,false,,,,false,workday:Workday:/job/Costa-Rica/Reporting---Analytics-Consultant---Workday-Success-Plans_JR-0108856
Workday:/job/Ireland-Dublin/Responsible-AI-Senior-Data-Scientist_JR-0108084,Workday,Responsible AI Senior Data Scientist,"Ireland, Dublin",,https://workday.wd5.myworkdayjobs.com/en-US/Workday/job/Ireland-Dublin/Responsible-AI-Senior-Data-Scientist_JR-0108084,Posted 17 Days Ago,2026-06-24,2026-07-11T03:36:34+00:00,2026-07-10 20:36 Fri,,false,,,,false,workday:Workday:/job/Ireland-Dublin/Responsible-AI-Senior-Data-Scientist_JR-0108084
Workday:/job/INDPune/Revenue-Operations-Analyst_JR-0108369,Workday,Revenue Operations Analyst,IND.Pune,,https://workday.wd5.myworkdayjobs.com/en-US/Workday/job/INDPune/Revenue-Operations-Analyst_JR-0108369,Posted 5 Days Ago,2026-07-24,2026-07-29T07:41:21+00:00,2026-07-29 00:41 Wed,,false,,,,false,workday:Workday:/job/INDPune/Revenue-Operations-Analyst_JR-0108369
Workday:/job/USA-CA-Remote/Revenue-Operations-Director_JR-0109006,Workday,Revenue Operations Director,3 Locations,,https://workday.wd5.myworkdayjobs.com/en-US/Workday/job/USA-CA-Remote/Revenue-Operations-Director_JR-0109006,Posted Today,2026-08-05,2026-08-05T14:41:47+00:00,2026-08-05 07:41 Wed,,false,,,,false,workday:Workday:/job/USA-CA-Remote/Revenue-Operations-Director_JR-0109006
Workday:/job/France-Paris/Field-Strategy---Operations-Director--EMEA_JR-0109253,Workday,"Revenue Operations Director, EMEA South","France, Paris",,https://workday.wd5.myworkdayjobs.com/en-US/Workday/job/France-Paris/Field-Strategy---Operations-Director--EMEA_JR-0109253,Posted Today,2026-08-19,2026-08-19T11:28:43+00:00,2026-08-19 04:28 Wed,,false,,,,false,workday:Workday:/job/France-Paris/Field-Strategy---Operations-Director--EMEA_JR-0109253
Workday:/job/USA-IL-Chicago/Revenue-Program-Manager--North-America_JR-0109202,Workday,"Revenue Program Manager, North America",USA-IL-Chicago,,https://workday.wd5.myworkdayjobs.com/en-US/Workday/job/USA-IL-Chicago/Revenue-Program-Manager--North-America_JR-0109202,Posted Today,2026-08-10,2026-08-10T21:17:38+00:00,2026-08-10 14:17 Mon,,false,,,,false,workday:Workday:/job/USA-IL-Chicago/Revenue-Program-Manager--North-America_JR-0109202
Workday:/job/USA-CA-Pleasanton/Incentive-Compensation-Communications-and-Enablement-Lead_JR-0109064,Workday,Sales Compensation Activation Lead,USA-CA-Pleasanton,,https://workday.wd5.myworkdayjobs.com/en-US/Workday/job/USA-CA-Pleasanton/Incentive-Compensation-Communications-and-Enablement-Lead_JR-0109064,Posted 2 Days Ago,2026-08-22,2026-08-18T18:53:47+00:00,2026-08-18 11:53 Tue,,false,,,,false,workday:Workday:/job/USA-CA-Pleasanton/Incentive-Compensation-Communications-and-Enablement-Lead_JR-0109064
Workday:/job/USA-CA-Home-Office/Sales-Compensation-Policy-and-Governance-Principal_JR-0109504,Workday,Sales Compensation Policy and Governance Principal,"USA, CA, Home Office",,https://workday.wd5.myworkdayjobs.com/en-US/Workday/job/USA-CA-Home-Office/Sales-Compensation-Policy-and-Governance-Principal_JR-0109504,Posted Yesterday,2026-09-01,2026-08-28T21:59:45+00:00,2026-08-28 14:59 Fri,,false,,,,false,workday:Workday:/job/USA-CA-Home-Office/Sales-Compensation-Policy-and-Governance-Principal_JR-0109504
Workday:/job/USA-MA-Boston/Sales-Development-Representative_JR-0108398,Workday,Sales Development Representative,"USA, MA, Boston",,https://workday.wd5.myworkdayjobs.com/en-US/Workday/job/USA-MA-Boston/Sales-Development-Representative_JR-0108398,Posted 15 Days Ago,2026-06-26,2026-07-11T03:36:34+00:00,2026-07-10 20:36 Fri,,false,,,,false,workday:Workday:/job/USA-MA-Boston/Sales-Development-Representative_JR-0108398
Workday:/job/USA-UT-Salt-Lake-City/Sales-Development-Representative_JR-0108399,Workday,Sales Development Representative,"USA, UT, Salt Lake City",,https://workday.wd5.myworkdayjobs.com/en-US/Workday/job/USA-UT-Salt-Lake-City/Sales-Development-Representative_JR-0108399,Posted 3 Days Ago,2026-08-29,2026-07-11T03:36:34+00:00,2026-07-10 20:36 Fri,,false,,,,false,workday:Workday:/job/USA-UT-Salt-Lake-City/Sales-Development-Representative_JR-0108399
Workday:/job/USA-GA-Atlanta/Sales-Development-Representative_JR-0108952,Workday,Sales Development Representative,"USA, GA, Atlanta",,https://workday.wd5.myworkdayjobs.com/en-US/Workday/job/USA-GA-Atlanta/Sales-Development-Representative_JR-0108952,Posted 11 Days Ago,2026-07-12,2026-07-23T18:18:03+00:00,2026-07-23 11:18 Thu,,false,,,,false,workday:Workday:/job/USA-GA-Atlanta/Sales-Development-Representative_JR-0108952
Workday:/job/USA-IL-Chicago/Sales-Development-Representative_JR-0108954,Workday,Sales Development Representative,"USA, IL, Chicago",,https://workday.wd5.myworkdayjobs.com/en-US/Workday/job/USA-IL-Chicago/Sales-Development-Representative_JR-0108954,Posted Yesterday,2026-08-27,2026-07-23T18:18:03+00:00,2026-07-23 11:18 Thu,,false,,,,false,workday:Workday:/job/USA-IL-Chicago/Sales-Development-Representative_JR-0108954
Workday:/job/Costa-Rica/Sales-Development-Representative_JR-0108870,Workday,Sales Development Representative,Costa Rica,,https://workday.wd5.myworkdayjobs.com/en-US/Workday/job/Costa-Rica/Sales-Development-Representative_JR-0108870,Posted 3 Days Ago,2026-07-28,2026-07-31T16:17:25+00:00,2026-07-31 09:17 Fri,,false,,,,false,workday:Workday:/job/Costa-Rica/Sales-Development-Representative_JR-0108870
Workday:/job/Ireland-Dublin/Sales-Development-Representative---French_JR-0108407,Workday,Sales Development Representative | French,"Ireland, Dublin",,https://workday.wd5.myworkdayjobs.com/en-US/Workday/job/Ireland-Dublin/Sales-Development-Representative---French_JR-0108407,Posted 20 Days Ago,2026-06-24,2026-07-14T10:41:10+00:00,2026-07-14 03:41 Tue,,false,,,,false,workday:Workday:/job/Ireland-Dublin/Sales-Development-Representative---French_JR-0108407
Workday:/job/Australia-NSW-North-Sydney/Sales-Development-Representative---Inbound_JR-0108668-1,Workday,Sales Development Representative | Inbound,"Australia, NSW, North Sydney",,https://workday.wd5.myworkdayjobs.com/en-US/Workday/job/Australia-NSW-North-Sydney/Sales-Development-Representative---Inbound_JR-0108668-1,Posted 27 Days Ago,2026-06-14,2026-07-11T03:36:34+00:00,2026-07-10 20:36 Fri,,false,,,,false,workday:Workday:/job/Australia-NSW-North-Sydney/Sales-Development-Representative---Inbound_JR-0108668-1
Workday:/job/USA-GA-Atlanta/Sana-Account-Executive---Atlanta_JR-0108828,Workday,Sana Account Executive - Atlanta,"USA, GA, Atlanta",,https://workday.wd5.myworkdayjobs.com/en-US/Workday/job/USA-GA-Atlanta/Sana-Account-Executive---Atlanta_JR-0108828,Posted 18 Days Ago,2026-06-28,2026-07-16T16:41:41+00:00,2026-07-16 09:41 Thu,,false,,,,false,workday:Workday:/job/USA-GA-Atlanta/Sana-Account-Executive---Atlanta_JR-0108828
Workday:/job/USA-NY-New-York-City/Account-Executive---New-York_JR-0104569,Workday,Sana Account Executive - New York,"USA, NY, New York City",,https://workday.wd5.myworkdayjobs.com/en-US/Workday/job/USA-NY-New-York-City/Account-Executive---New-York_JR-0104569,Posted Yesterday,2026-09-01,2026-07-16T16:41:41+00:00,2026-07-16 09:41 Thu,,false,,,,false,workday:Workday:/job/USA-NY-New-York-City/Account-Executive---New-York_JR-0104569
Workday:/job/USA-MA-Remote/Sana-Account-Executive--Boston_JR-0108825,Workday,Sana Account Executive- Boston,"USA, MA, Remote",,https://workday.wd5.myworkdayjobs.com/en-US/Workday/job/USA-MA-Remote/Sana-Account-Executive--Boston_JR-0108825,Posted 18 Days Ago,2026-06-28,2026-07-16T16:17:23+00:00,2026-07-16 09:17 Thu,,false,,,,false,workday:Workday:/job/USA-MA-Remote/Sana-Account-Executive--Boston_JR-0108825
Workday:/job/Sweden-Stockholm/Sana-Learn-Customer-Success-Manager_JR-0108358,Workday,Sana Learn Customer Success Manager,"Sweden, Stockholm",,https://workday.wd5.myworkdayjobs.com/en-US/Workday/job/Sweden-Stockholm/Sana-Learn-Customer-Success-Manager_JR-0108358,Posted 16 Days Ago,2026-06-25,2026-07-11T03:36:34+00:00,2026-07-10 20:36 Fri,,false,,,,false,workday:Workday:/job/Sweden-Stockholm/Sana-Learn-Customer-Success-Manager_JR-0108358
Workday:/job/Korea-Seoul/Senior-Account-Executive_JR-0108490,Workday,Senior Account Executive,"Korea, Seoul",,https://workday.wd5.myworkdayjobs.com/en-US/Workday/job/Korea-Seoul/Senior-Account-Executive_JR-0108490,Posted Today,2026-07-15,2026-07-15T06:41:33+00:00,2026-07-14 23:41 Tue,,false,,,,false,workday:Workday:/job/Korea-Seoul/Senior-Account-Executive_JR-0108490
Workday:/job/Japan-Tokyo/Senior-Account-Executive_JR-0109320,Workday,Senior Account Executive,"Japan, Tokyo",,https://workday.wd5.myworkdayjobs.com/en-US/Workday/job/Japan-Tokyo/Senior-Account-Executive_JR-0109320,Posted Today,2026-08-22,2026-08-21T04:41:28+00:00,2026-08-20 21:41 Thu,,false,,,,false,workday:Workday:/job/Japan-Tokyo/Senior-Account-Executive_JR-0109320
Workday:/job/Norway-Oslo/Senior-Account-Executive---Customer-Base_JR-0109474,Workday,Senior Account Executive - Customer Base,"Norway, Oslo",,https://workday.wd5.myworkdayjobs.com/en-US/Workday/job/Norway-Oslo/Senior-Account-Executive---Customer-Base_JR-0109474,Posted Today,2026-08-22,2026-08-21T06:41:23+00:00,2026-08-20 23:41 Thu,,false,,,,false,workday:Workday:/job/Norway-Oslo/Senior-Account-Executive---Customer-Base_JR-0109474
Workday:/job/Netherlands-Amsterdam/Senior-Account-Executive---Medium-Enterprise_JR-0108002,Workday,Senior Account Executive - Medium Enterprise,"Netherlands, Amsterdam",,https://workday.wd5.myworkdayjobs.com/en-US/Workday/job/Netherlands-Amsterdam/Senior-Account-Executive---Medium-Enterprise_JR-0108002,Posted 16 Days Ago,2026-06-25,2026-07-11T03:36:34+00:00,2026-07-10 20:36 Fri,,false,,,,false,workday:Workday:/job/Netherlands-Amsterdam/Senior-Account-Executive---Medium-Enterprise_JR-0108002
Workday:/job/Belgium-Brussels/Senior-Account-Executive--Customer-Base_JR-0109476-1,Workday,"Senior Account Executive, Customer Base","Belgium, Brussels",,https://workday.wd5.myworkdayjobs.com/en-US/Workday/job/Belgium-Brussels/Senior-Account-Executive--Customer-Base_JR-0109476-1,Posted Today,2026-08-22,2026-08-21T10:49:00+00:00,2026-08-21 03:49 Fri,,false,,,,false,workday:Workday:/job/Belgium-Brussels/Senior-Account-Executive--Customer-Base_JR-0109476-1
Workday:/job/Denmark-Copenhagen/Join-Our-Talent-Community---Senior-Account-Executive---Nordics_JR-0107972,Workday,"Senior Account Executive, Net New","Denmark, Copenhagen",,https://workday.wd5.myworkdayjobs.com/en-US/Workday/job/Denmark-Copenhagen/Join-Our-Talent-Community---Senior-Account-Executive---Nordics_JR-0107972,Posted Yesterday,2026-08-20,2026-07-11T03:36:34+00:00,2026-07-10 20:36 Fri,,false,,,,false,workday:Workday:/job/Denmark-Copenhagen/Join-Our-Talent-Community---Senior-Account-Executive---Nordics_JR-0107972
Workday:/job/Poland-Warsaw/Senior-Account-Executive--Net-New--Poland_JR-0104339,Workday,"Senior Account Executive, Net New, Poland",2 Locations,,https://workday.wd5.myworkdayjobs.com/en-US/Workday/job/Poland-Warsaw/Senior-Account-Executive--Net-New--Poland_JR-0104339,Posted 15 Days Ago,2026-06-26,2026-07-11T03:36:34+00:00,2026-07-10 20:36 Fri,,false,,,,false,workday:Workday:/job/Poland-Warsaw/Senior-Account-Executive--Net-New--Poland_JR-0104339
Workday:/job/USA-CA-Pleasanton/Senior-Accountant_JR-0107100-1,Workday,Senior Accountant,"USA, CA, Pleasanton",,https://workday.wd5.myworkdayjobs.com/en-US/Workday/job/USA-CA-Pleasanton/Senior-Accountant_JR-0107100-1,Posted 7 Days Ago,2026-07-04,2026-07-11T03:36:34+00:00,2026-07-10 20:36 Fri,,false,,,,false,workday:Workday:/job/USA-CA-Pleasanton/Senior-Accountant_JR-0107100-1
Workday:/job/USA-IL-Chicago/Senior-Technical-Delivery-Consultant---AI-Practice_JR-0107977,Workday,Senior AI Deployment Engineer,USA-IL-Chicago,,https://workday.wd5.myworkdayjobs.com/en-US/Workday/job/USA-IL-Chicago/Senior-Technical-Delivery-Consultant---AI-Practice_JR-0107977,Posted Yesterday,2026-08-26,2026-07-11T03:36:34+00:00,2026-07-10 20:36 Fri,,false,,,,false,workday:Workday:/job/USA-IL-Chicago/Senior-Technical-Delivery-Consultant---AI-Practice_JR-0107977
Workday:/job/Ireland-Dublin/Senior-AI-Engineer_JR-0108715,Workday,Senior AI Engineer,"Ireland, Dublin",,https://workday.wd5.myworkdayjobs.com/en-US/Workday/job/Ireland-Dublin/Senior-AI-Engineer_JR-0108715,Posted Today,2026-08-06,2026-08-06T08:59:17+00:00,2026-08-06 01:59 Thu,,false,,,,false,workday:Workday:/job/Ireland-Dublin/Senior-AI-Engineer_JR-0108715
Workday:/job/Canada-BC-Vancouver/Senior-AI-Engineer_JR-0109358-1,Workday,Senior AI Engineer,"Canada, BC, Vancouver",,https://workday.wd5.myworkdayjobs.com/en-US/Workday/job/Canada-BC-Vancouver/Senior-AI-Engineer_JR-0109358-1,Posted Today,2026-08-13,2026-08-13T20:41:47+00:00,2026-08-13 13:41 Thu,,false,,,,false,workday:Workday:/job/Canada-BC-Vancouver/Senior-AI-Engineer_JR-0109358-1
Workday:/job/Vietnam/Senior-AI-Engineer---Da-Nang--Paradox-_JR-0108727,Workday,Senior AI Engineer - Da Nang (Paradox),Vietnam,,https://workday.wd5.myworkdayjobs.com/en-US/Workday/job/Vietnam/Senior-AI-Engineer---Da-Nang--Paradox-_JR-0108727,Posted Today,2026-08-10,2026-08-10T11:17:33+00:00,2026-08-10 04:17 Mon,,false,,,,false,workday:Workday:/job/Vietnam/Senior-AI-Engineer---Da-Nang--Paradox-_JR-0108727
Workday:/job/VNMDa-Nang/Senior-AI-Engineer---Da-Nang--Paradox-_JR-0108727,Workday,Senior AI Engineer - Da Nang (Paradox),VNM.Da Nang,,https://workday.wd5.myworkdayjobs.com/en-US/Workday/job/VNMDa-Nang/Senior-AI-Engineer---Da-Nang--Paradox-_JR-0108727,Posted 8 Days Ago,2026-08-10,2026-08-18T12:10:51+00:00,2026-08-18 05:10 Tue,,false,,,,false,workday:Workday:/job/VNMDa-Nang/Senior-AI-Engineer---Da-Nang--Paradox-_JR-0108727
Workday:/job/Canada-BC-Vancouver/Senior-AI-Engineer---Evisort-AI_JR-0108859,Workday,Senior AI Engineer - Evisort AI,"Canada, BC, Vancouver",,https://workday.wd5.myworkdayjobs.com/en-US/Workday/job/Canada-BC-Vancouver/Senior-AI-Engineer---Evisort-AI_JR-0108859,Posted Yesterday,2026-09-01,2026-08-11T17:17:46+00:00,2026-08-11 10:17 Tue,,false,,,,false,workday:Workday:/job/Canada-BC-Vancouver/Senior-AI-Engineer---Evisort-AI_JR-0108859
Workday:/job/Sweden-Stockholm/Senior-AI-Engineer---Sana_JR-0107620,Workday,Senior AI Engineer - Sana,"Sweden, Stockholm",,https://workday.wd5.myworkdayjobs.com/en-US/Workday/job/Sweden-Stockholm/Senior-AI-Engineer---Sana_JR-0107620,Posted Yesterday,2026-08-26,2026-07-11T03:36:34+00:00,2026-07-10 20:36 Fri,,false,,,,false,workday:Workday:/job/Sweden-Stockholm/Senior-AI-Engineer---Sana_JR-0107620
Workday:/job/Canada-BC-Vancouver/Senior-Machine-Learning-Engineer-Machine-Learning-Engineer-III_JR-0107996,Workday,Senior AI Engineer / AI Engineer III,Canada-BC-Vancouver,,https://workday.wd5.myworkdayjobs.com/en-US/Workday/job/Canada-BC-Vancouver/Senior-Machine-Learning-Engineer-Machine-Learning-Engineer-III_JR-0107996,Posted Yesterday,2026-08-26,2026-08-12T14:59:50+00:00,2026-08-12 07:59 Wed,,false,,,,false,workday:Workday:/job/Canada-BC-Vancouver/Senior-Machine-Learning-Engineer-Machine-Learning-Engineer-III_JR-0107996
Workday:/job/Canada-BC-Victoria/Mobile-Engineer---iOS_JR-0108389,Workday,Senior Associate Mobile Engineer - iOS,"Canada, BC, Victoria",,https://workday.wd5.myworkdayjobs.com/en-US/Workday/job/Canada-BC-Victoria/Mobile-Engineer---iOS_JR-0108389,Posted 7 Days Ago,2026-07-17,2026-07-24T17:17:41+00:00,2026-07-24 10:17 Fri,,false,,,,false,workday:Workday:/job/Canada-BC-Victoria/Mobile-Engineer---iOS_JR-0108389
Workday:/job/Israel-Tel-Aviv/Sr-Software-Development-Engineer_JR-0104334,Workday,Senior Backend Engineer - AI Team - Paradox,"Israel, Tel Aviv",,https://workday.wd5.myworkdayjobs.com/en-US/Workday/job/Israel-Tel-Aviv/Sr-Software-Development-Engineer_JR-0104334,Posted 30+ Days Ago,2026-07-19,2026-08-18T12:10:51+00:00,2026-08-18 05:10 Tue,,false,,,,false,workday:Workday:/job/Israel-Tel-Aviv/Sr-Software-Development-Engineer_JR-0104334
Workday:/job/Israel-Tel-Aviv/Senior-Software-Development-Engineer_JR-0107046,Workday,Senior Backend Platform Engineer,"Israel, Tel Aviv",,https://workday.wd5.myworkdayjobs.com/en-US/Workday/job/Israel-Tel-Aviv/Senior-Software-Development-Engineer_JR-0107046,Posted Today,2026-08-02,2026-08-02T06:17:33+00:00,2026-08-01 23:17 Sat,,false,,,,false,workday:Workday:/job/Israel-Tel-Aviv/Senior-Software-Development-Engineer_JR-0107046
Workday:/job/USAVAReston/Senior-Cloud-Engineer---US-Federal_JR-0108207,Workday,Senior Cloud Engineer - US Federal,USA.VA.Reston,,https://workday.wd5.myworkdayjobs.com/en-US/Workday/job/USAVAReston/Senior-Cloud-Engineer---US-Federal_JR-0108207,Posted 3 Days Ago,2026-08-22,2026-08-22T02:41:32+00:00,2026-08-21 19:41 Fri,,false,,,,false,workday:Workday:/job/USAVAReston/Senior-Cloud-Engineer---US-Federal_JR-0108207
Workday:/job/USA-IL-Chicago/Senior-Consultant---Payroll--FSI-and-PS-Industries_JR-0106366,Workday,"Senior Consultant - Payroll, FSI and PS Industries",76 Locations,,https://workday.wd5.myworkdayjobs.com/en-US/Workday/job/USA-IL-Chicago/Senior-Consultant---Payroll--FSI-and-PS-Industries_JR-0106366,Posted 9 Days Ago,2026-07-02,2026-07-11T03:36:34+00:00,2026-07-10 20:36 Fri,,false,,,,false,workday:Workday:/job/USA-IL-Chicago/Senior-Consultant---Payroll--FSI-and-PS-Industries_JR-0106366
Workday:/job/USA-GA-Atlanta/Senior-Consultant--WSP-Support-Model---Governance-Delivery_JR-0109419-1,Workday,"Senior Consultant, WSP Support Model & Governance Delivery",USA-GA-Atlanta,,https://workday.wd5.myworkdayjobs.com/en-US/Workday/job/USA-GA-Atlanta/Senior-Consultant--WSP-Support-Model---Governance-Delivery_JR-0109419-1,Posted Today,2026-09-02,2026-09-02T17:41:46+00:00,2026-09-02 10:41 Wed,,false,,,,false,workday:Workday:/job/USA-GA-Atlanta/Senior-Consultant--WSP-Support-Model---Governance-Delivery_JR-0109419-1
Workday:/job/Australia-NSW-North-Sydney/Senior-Customer-Strategy---Value-Manager_JR-0109685-1,Workday,Senior Customer Strategy & Value Manager,Australia-NSW-North-Sydney,,https://workday.wd5.myworkdayjobs.com/en-US/Workday/job/Australia-NSW-North-Sydney/Senior-Customer-Strategy---Value-Manager_JR-0109685-1,Posted Today,2026-09-02,2026-08-28T05:16:50+00:00,2026-08-27 22:16 Thu,,false,,,,false,workday:Workday:/job/Australia-NSW-North-Sydney/Senior-Customer-Strategy---Value-Manager_JR-0109685-1
Workday:/job/USA-IL-Chicago/Senior-Customer-Success-Manager--Specialized-Products--AI---Emerging-_JR-0109592,Workday,"Senior Customer Success Manager, Specialized Products (AI & Emerging)",USA-IL-Chicago,,https://workday.wd5.myworkdayjobs.com/en-US/Workday/job/USA-IL-Chicago/Senior-Customer-Success-Manager--Specialized-Products--AI---Emerging-_JR-0109592,Posted Today,2026-09-01,2026-08-25T00:41:57+00:00,2026-08-24 17:41 Mon,,false,,,,false,workday:Workday:/job/USA-IL-Chicago/Senior-Customer-Success-Manager--Specialized-Products--AI---Emerging-_JR-0109592
Workday:/job/USAVAReston/Senior-Cybersecurity-Data-Engineer---AI-ML-SME_JR-0107814,Workday,Senior Cybersecurity Data Engineer - AI/ML SME,USAVAReston,,https://workday.wd5.myworkdayjobs.com/en-US/Workday/job/USAVAReston/Senior-Cybersecurity-Data-Engineer---AI-ML-SME_JR-0107814,Posted Yesterday,2026-08-25,2026-07-14T00:16:45+00:00,2026-07-13 17:16 Mon,,false,,,,false,workday:Workday:/job/USAVAReston/Senior-Cybersecurity-Data-Engineer---AI-ML-SME_JR-0107814
Workday:/job/USAVAReston/Senior-Cybersecurity-Data-Engineer---Data-Platform---Lakehouse-SME_JR-0107830,Workday,Senior Cybersecurity Data Engineer - Data Platform & Lakehouse SME,USAVAReston,,https://workday.wd5.myworkdayjobs.com/en-US/Workday/job/USAVAReston/Senior-Cybersecurity-Data-Engineer---Data-Platform---Lakehouse-SME_JR-0107830,Posted 2 Days Ago,2026-08-18,2026-07-14T00:40:54+00:00,2026-07-13 17:40 Mon,,false,,,,false,workday:Workday:/job/USAVAReston/Senior-Cybersecurity-Data-Engineer---Data-Platform---Lakehouse-SME_JR-0107830
Workday:/job/Ireland-Dublin/Senior-Cybersecurity-Engineer_JR-0107259,Workday,Senior Cybersecurity Engineer,"Ireland, Dublin",,https://workday.wd5.myworkdayjobs.com/en-US/Workday/job/Ireland-Dublin/Senior-Cybersecurity-Engineer_JR-0107259,Posted 25 Days Ago,2026-06-16,2026-07-11T03:36:34+00:00,2026-07-10 20:36 Fri,,false,,,,false,workday:Workday:/job/Ireland-Dublin/Senior-Cybersecurity-Engineer_JR-0107259
Workday:/job/USAVAReston/Senior-Cybersecurity-Engineer--US-Federal-_JR-0105513,Workday,Senior Cybersecurity Engineer (US Federal),USA.VA.Reston,,https://workday.wd5.myworkdayjobs.com/en-US/Workday/job/USAVAReston/Senior-Cybersecurity-Engineer--US-Federal-_JR-0105513,Posted 28 Days Ago,2026-06-13,2026-07-11T03:36:34+00:00,2026-07-10 20:36 Fri,,false,,,,false,workday:Workday:/job/USAVAReston/Senior-Cybersecurity-Engineer--US-Federal-_JR-0105513
Workday:/job/USAVAReston/Senior-Cybersecurity-Engineer--US-Federal-_JR-0105514,Workday,Senior Cybersecurity Engineer (US Federal),USA.VA.Reston,,https://workday.wd5.myworkdayjobs.com/en-US/Workday/job/USAVAReston/Senior-Cybersecurity-Engineer--US-Federal-_JR-0105514,Posted 28 Days Ago,2026-06-13,2026-07-11T03:36:34+00:00,2026-07-10 20:36 Fri,,false,,,,false,workday:Workday:/job/USAVAReston/Senior-Cybersecurity-Engineer--US-Federal-_JR-0105514
Workday:/job/USAVAReston/Senior-Cybersecurity-Engineer---Network-Security--US-Federal-_JR-0107993,Workday,Senior Cybersecurity Engineer - Network Security (US Federal),USA.VA.Reston,,https://workday.wd5.myworkdayjobs.com/en-US/Workday/job/USAVAReston/Senior-Cybersecurity-Engineer---Network-Security--US-Federal-_JR-0107993,Posted 15 Days Ago,2026-06-26,2026-07-11T03:36:34+00:00,2026-07-10 20:36 Fri,,false,,,,false,workday:Workday:/job/USAVAReston/Senior-Cybersecurity-Engineer---Network-Security--US-Federal-_JR-0107993
Workday:/job/USAVAReston/Senior-Cybersecurity-Engineer---US-Federal_JR-0109166,Workday,Senior Cybersecurity Engineer - US Federal,USA.VA.Reston,,https://workday.wd5.myworkdayjobs.com/en-US/Workday/job/USAVAReston/Senior-Cybersecurity-Engineer---US-Federal_JR-0109166,Posted Yesterday,2026-08-21,2026-08-20T15:00:42+00:00,2026-08-20 08:00 Thu,,false,,,,false,workday:Workday:/job/USAVAReston/Senior-Cybersecurity-Engineer---US-Federal_JR-0109166
Workday:/job/INDPune/Senior-Data-Engineer_JR-0108822-1,Workday,Senior Data Engineer,IND.Pune,,https://workday.wd5.myworkdayjobs.com/en-US/Workday/job/INDPune/Senior-Data-Engineer_JR-0108822-1,Posted Today,2026-08-05,2026-08-05T15:06:36+00:00,2026-08-05 08:06 Wed,,false,,,,false,workday:Workday:/job/INDPune/Senior-Data-Engineer_JR-0108822-1
Workday:/job/Ireland-Dublin/Principal-Cybersecurity-Data-Engineer_JR-0108815,Workday,"Senior Data Engineer, Cybersecurity","Ireland, Dublin",,https://workday.wd5.myworkdayjobs.com/en-US/Workday/job/Ireland-Dublin/Principal-Cybersecurity-Data-Engineer_JR-0108815,Posted Today,2026-09-02,2026-07-31T16:58:08+00:00,2026-07-31 09:58 Fri,,false,,,,false,workday:Workday:/job/Ireland-Dublin/Principal-Cybersecurity-Data-Engineer_JR-0108815
Workday:/job/Costa-Rica/Senior-Delivery-Manager---HiredScore_JR-0109034-1,Workday,Senior Delivery Manager - HiredScore,Costa Rica,,https://workday.wd5.myworkdayjobs.com/en-US/Workday/job/Costa-Rica/Senior-Delivery-Manager---HiredScore_JR-0109034-1,Posted Today,2026-08-25,2026-07-28T23:56:06+00:00,2026-07-28 16:56 Tue,,false,,,,false,workday:Workday:/job/Costa-Rica/Senior-Delivery-Manager---HiredScore_JR-0109034-1
Workday:/job/USAVAReston/Software-Development-Engineer--DevOps--US-Federal-_JR-0095837,Workday,"Senior Devops Engineer, Alpaca Engineer (US Federal)",USA.VA.Reston,,https://workday.wd5.myworkdayjobs.com/en-US/Workday/job/USAVAReston/Software-Development-Engineer--DevOps--US-Federal-_JR-0095837,Posted 15 Days Ago,2026-06-26,2026-07-11T03:36:34+00:00,2026-07-10 20:36 Fri,,false,,,,false,workday:Workday:/job/USAVAReston/Software-Development-Engineer--DevOps--US-Federal-_JR-0095837
Workday:/job/USAVAReston/Senior-Devops-Engineer--US-Federal-_JR-0098542,Workday,"Senior Devops Engineer, Alpaca Engineer (US Federal)",USA.VA.Reston,,https://workday.wd5.myworkdayjobs.com/en-US/Workday/job/USAVAReston/Senior-Devops-Engineer--US-Federal-_JR-0098542,Posted 30+ Days Ago,2026-07-19,2026-08-18T12:10:51+00:00,2026-08-18 05:10 Tue,,false,,,,false,workday:Workday:/job/USAVAReston/Senior-Devops-Engineer--US-Federal-_JR-0098542
Workday:/job/USA-CA-Pleasanton/Senior-Director-Information-Development_JR-0108794,Workday,Senior Director Information Development,"USA, CA, Pleasanton",,https://workday.wd5.myworkdayjobs.com/en-US/Workday/job/USA-CA-Pleasanton/Senior-Director-Information-Development_JR-0108794,Posted 4 Days Ago,2026-07-26,2026-07-30T19:17:44+00:00,2026-07-30 12:17 Thu,,false,,,,false,workday:Workday:/job/USA-CA-Pleasanton/Senior-Director-Information-Development_JR-0108794
Workday:/job/USA-CA-Pleasanton/Senior-Director--AI-and-Data-Product-Management---Data-Cloud_JR-0109107,Workday,"Senior Director, AI and Data Product Management – Data Cloud","USA, CA, Pleasanton",,https://workday.wd5.myworkdayjobs.com/en-US/Workday/job/USA-CA-Pleasanton/Senior-Director--AI-and-Data-Product-Management---Data-Cloud_JR-0109107,Posted Yesterday,2026-08-31,2026-08-17T18:41:44+00:00,2026-08-17 11:41 Mon,,false,,,,false,workday:Workday:/job/USA-CA-Pleasanton/Senior-Director--AI-and-Data-Product-Management---Data-Cloud_JR-0109107
Workday:/job/USA-CA-Pleasanton/Senior-Director--Corporate-Development_JR-0103013,Workday,"Senior Director, Corporate Development","USA, CA, Pleasanton",,https://workday.wd5.myworkdayjobs.com/en-US/Workday/job/USA-CA-Pleasanton/Senior-Director--Corporate-Development_JR-0103013,Posted 10 Days Ago,2026-07-01,2026-07-11T03:36:34+00:00,2026-07-10 20:36 Fri,,false,,,,false,workday:Workday:/job/USA-CA-Pleasanton/Senior-Director--Corporate-Development_JR-0103013
Workday:/job/USA-CA-Pleasanton/Senior-Director--Global-Project-Delivery_JR-0107263,Workday,"Senior Director, Global Design, Construction & Workplace Sustainability","USA, CA, Pleasanton",,https://workday.wd5.myworkdayjobs.com/en-US/Workday/job/USA-CA-Pleasanton/Senior-Director--Global-Project-Delivery_JR-0107263,Posted Today,2026-08-04,2026-08-04T22:41:12+00:00,2026-08-04 15:41 Tue,,false,,,,false,workday:Workday:/job/USA-CA-Pleasanton/Senior-Director--Global-Project-Delivery_JR-0107263
Workday:/job/USA-CA-Pleasanton/Senior-Director--Global-Tax-Planning_JR-0107604,Workday,"Senior Director, Global Tax Planning","USA, CA, Pleasanton",,https://workday.wd5.myworkdayjobs.com/en-US/Workday/job/USA-CA-Pleasanton/Senior-Director--Global-Tax-Planning_JR-0107604,Posted 30+ Days Ago,2026-07-19,2026-08-18T12:10:51+00:00,2026-08-18 05:10 Tue,,false,,,,false,workday:Workday:/job/USA-CA-Pleasanton/Senior-Director--Global-Tax-Planning_JR-0107604
Workday:/job/INDPune/Senior-Engagement-Manager--Deployment-Success-Manager---Workday-Advisory-Services_JR-0108317,Workday,Senior Engagement Manager (Deployment Success Manager) - Workday Advisory Services,IND.Pune,,https://workday.wd5.myworkdayjobs.com/en-US/Workday/job/INDPune/Senior-Engagement-Manager--Deployment-Success-Manager---Workday-Advisory-Services_JR-0108317,Posted 7 Days Ago,2026-07-04,2026-07-11T03:36:34+00:00,2026-07-10 20:36 Fri,,false,,,,false,workday:Workday:/job/INDPune/Senior-Engagement-Manager--Deployment-Success-Manager---Workday-Advisory-Services_JR-0108317
Workday:/job/Germany-Munich/Senior-Engagement-Manager---DACH_JR-0108938,Workday,Senior Engagement Manager - DACH,2 Locations,,https://workday.wd5.myworkdayjobs.com/en-US/Workday/job/Germany-Munich/Senior-Engagement-Manager---DACH_JR-0108938,Posted 6 Days Ago,2026-07-22,2026-07-28T09:17:17+00:00,2026-07-28 02:17 Tue,,false,,,,false,workday:Workday:/job/Germany-Munich/Senior-Engagement-Manager---DACH_JR-0108938
Workday:/job/Japan-Tokyo/Senior-Engagement-Manager---Deployment-Success-Management-Japan_JR-0108885-1,Workday,Senior Engagement Manager - Deployment Success Management Japan,"Japan, Tokyo",,https://workday.wd5.myworkdayjobs.com/en-US/Workday/job/Japan-Tokyo/Senior-Engagement-Manager---Deployment-Success-Management-Japan_JR-0108885-1,Posted Today,2026-07-21,2026-07-21T04:59:09+00:00,2026-07-20 21:59 Mon,,false,,,,false,workday:Workday:/job/Japan-Tokyo/Senior-Engagement-Manager---Deployment-Success-Management-Japan_JR-0108885-1
Workday:/job/USA-NY-New-York-City/Senior-Engagement-Manager---Sana-Learn_JR-0109829,Workday,Senior Engagement Manager - Sana Learn,"USA, NY, New York City",,https://workday.wd5.myworkdayjobs.com/en-US/Workday/job/USA-NY-New-York-City/Senior-Engagement-Manager---Sana-Learn_JR-0109829,Posted Today,2026-09-02,2026-09-02T17:18:11+00:00,2026-09-02 10:18 Wed,,false,,,,false,workday:Workday:/job/USA-NY-New-York-City/Senior-Engagement-Manager---Sana-Learn_JR-0109829
Workday:/job/USA-NY-Remote/Senior-Engagement-Manager--AI-Solutions-Delivery_JR-0107750,Workday,"Senior Engagement Manager, AI Solutions Delivery",64 Locations,,https://workday.wd5.myworkdayjobs.com/en-US/Workday/job/USA-NY-Remote/Senior-Engagement-Manager--AI-Solutions-Delivery_JR-0107750,Posted 4 Days Ago,2026-07-07,2026-07-11T20:39:02+00:00,2026-07-11 13:39 Sat,,false,,,,false,workday:Workday:/job/USA-NY-Remote/Senior-Engagement-Manager--AI-Solutions-Delivery_JR-0107750
Workday:/job/USA-NY-Home-Office/Senior-Enterprise-Architect_JR-0108365,Workday,Senior Enterprise Architect,10 Locations,,https://workday.wd5.myworkdayjobs.com/en-US/Workday/job/USA-NY-Home-Office/Senior-Enterprise-Architect_JR-0108365,Posted 3 Days Ago,2026-07-08,2026-07-11T03:36:34+00:00,2026-07-10 20:36 Fri,,false,,,,false,workday:Workday:/job/USA-NY-Home-Office/Senior-Enterprise-Architect_JR-0108365
Workday:/job/USA-NJ-Remote/Enterprise-Architect_JR-0108429,Workday,Senior Enterprise Architect- FSI,USA-NJ-Remote,,https://workday.wd5.myworkdayjobs.com/en-US/Workday/job/USA-NJ-Remote/Enterprise-Architect_JR-0108429,Posted Today,2026-08-22,2026-07-11T03:36:34+00:00,2026-07-10 20:36 Fri,,false,,,,false,workday:Workday:/job/USA-NJ-Remote/Enterprise-Architect_JR-0108429
Workday:/job/USACAHome-Office-Bay-Area/Senior-Executive-Assistant_JR-0108784,Workday,Senior Executive Assistant,USA.CA.Home Office Bay Area,,https://workday.wd5.myworkdayjobs.com/en-US/Workday/job/USACAHome-Office-Bay-Area/Senior-Executive-Assistant_JR-0108784,Posted Today,2026-08-07,2026-08-07T20:15:53+00:00,2026-08-07 13:15 Fri,,false,,,,false,workday:Workday:/job/USACAHome-Office-Bay-Area/Senior-Executive-Assistant_JR-0108784
Workday:/job/USA-DC-Washington/Senior-Executive-Assistant_JR-0109275-1,Workday,Senior Executive Assistant,USA-DC-Washington,,https://workday.wd5.myworkdayjobs.com/en-US/Workday/job/USA-DC-Washington/Senior-Executive-Assistant_JR-0109275-1,Posted Yesterday,2026-08-19,2026-08-18T22:45:05+00:00,2026-08-18 15:45 Tue,,false,,,,false,workday:Workday:/job/USA-DC-Washington/Senior-Executive-Assistant_JR-0109275-1
Workday:/job/Poland-Warsaw/Senior-Expert-Assist-Consultant---Functional--PATT-_JR-0106731,Workday,Senior Expert Assist Consultant - Functional (PATT),"Poland, Warsaw",,https://workday.wd5.myworkdayjobs.com/en-US/Workday/job/Poland-Warsaw/Senior-Expert-Assist-Consultant---Functional--PATT-_JR-0106731,Posted 7 Days Ago,2026-07-20,2026-07-27T12:46:48+00:00,2026-07-27 05:46 Mon,,false,,,,false,workday:Workday:/job/Poland-Warsaw/Senior-Expert-Assist-Consultant---Functional--PATT-_JR-0106731
Workday:/job/Japan-Tokyo/Senior-Field-Marketing-Manager_JR-0108883-1,Workday,Senior Field Marketing Manager,"Japan, Tokyo",,https://workday.wd5.myworkdayjobs.com/en-US/Workday/job/Japan-Tokyo/Senior-Field-Marketing-Manager_JR-0108883-1,Posted 11 Days Ago,2026-07-12,2026-07-23T01:59:22+00:00,2026-07-22 18:59 Wed,,false,,,,false,workday:Workday:/job/Japan-Tokyo/Senior-Field-Marketing-Manager_JR-0108883-1
Workday:/job/USA-CA-Pleasanton/Senior-Financial-Analyst_JR-0108093,Workday,Senior Financial Analyst,"USA, CA, Pleasanton",,https://workday.wd5.myworkdayjobs.com/en-US/Workday/job/USA-CA-Pleasanton/Senior-Financial-Analyst_JR-0108093,Posted Yesterday,2026-08-27,2026-07-11T03:36:34+00:00,2026-07-10 20:36 Fri,,false,,,,false,workday:Workday:/job/USA-CA-Pleasanton/Senior-Financial-Analyst_JR-0108093
Workday:/job/Costa-Rica/Senior-Financial-Analyst_JR-0109274,Workday,Senior Financial Analyst,Costa Rica,,https://workday.wd5.myworkdayjobs.com/en-US/Workday/job/Costa-Rica/Senior-Financial-Analyst_JR-0109274,Posted Yesterday,2026-08-21,2026-08-20T18:17:47+00:00,2026-08-20 11:17 Thu,,false,,,,false,workday:Workday:/job/Costa-Rica/Senior-Financial-Analyst_JR-0109274
Workday:/job/USA-GA-Atlanta/Senior-Financial-Consultant---Workday-Success-Plans---Spend-Management_JR-0108067,Workday,Senior Financial Consultant - Workday Success Plans - Spend Management,USA-GA-Atlanta,,https://workday.wd5.myworkdayjobs.com/en-US/Workday/job/USA-GA-Atlanta/Senior-Financial-Consultant---Workday-Success-Plans---Spend-Management_JR-0108067,Posted 3 Days Ago,2026-08-29,2026-07-11T03:36:34+00:00,2026-07-10 20:36 Fri,,false,,,,false,workday:Workday:/job/USA-GA-Atlanta/Senior-Financial-Consultant---Workday-Success-Plans---Spend-Management_JR-0108067
Workday:/job/USA-GA-Atlanta/Full-Stack-Software-Engineer---Agent-Platform_JR-0107451-1,Workday,Senior Full Stack Software Engineer - Agent Platform,USA-GA-Atlanta,,https://workday.wd5.myworkdayjobs.com/en-US/Workday/job/USA-GA-Atlanta/Full-Stack-Software-Engineer---Agent-Platform_JR-0107451-1,Posted Today,2026-09-02,2026-08-25T11:17:37+00:00,2026-08-25 04:17 Tue,,false,,,,false,workday:Workday:/job/USA-GA-Atlanta/Full-Stack-Software-Engineer---Agent-Platform_JR-0107451-1
Workday:/job/USA-IL-Chicago/Senior-Functional-Consultant---Compensation--Advanced-Compensation--Human-Capital-Management---Workday-Success-Plans_JR-0108659,Workday,"Senior Functional Consultant - Compensation, Advanced Compensation, Human Capital Management - Workday Success Plans",USA-IL-Chicago,,https://workday.wd5.myworkdayjobs.com/en-US/Workday/job/USA-IL-Chicago/Senior-Functional-Consultant---Compensation--Advanced-Compensation--Human-Capital-Management---Workday-Success-Plans_JR-0108659,Posted Yesterday,2026-09-01,2026-07-11T03:36:34+00:00,2026-07-10 20:36 Fri,,false,,,,false,workday:Workday:/job/USA-IL-Chicago/Senior-Functional-Consultant---Compensation--Advanced-Compensation--Human-Capital-Management---Workday-Success-Plans_JR-0108659
Workday:/job/Poland-Warsaw/Senior-Functional-Consultant---HCM---Compensation--Workday-Success-Plans_JR-0109601,Workday,"Senior Functional Consultant - HCM & Compensation, Workday Success Plans",Poland-Warsaw,,https://workday.wd5.myworkdayjobs.com/en-US/Workday/job/Poland-Warsaw/Senior-Functional-Consultant---HCM---Compensation--Workday-Success-Plans_JR-0109601,Posted Today,2026-09-02,2026-09-02T11:22:09+00:00,2026-09-02 04:22 Wed,,false,,,,false,workday:Workday:/job/Poland-Warsaw/Senior-Functional-Consultant---HCM---Compensation--Workday-Success-Plans_JR-0109601
Workday:/job/USA-GA-Atlanta/Senior-Functional-Consultant---HCM-and-Security---Workday-Success-Plans_JR-0109582,Workday,Senior Functional Consultant - HCM and Security - Workday Success Plans,USA-GA-Atlanta,,https://workday.wd5.myworkdayjobs.com/en-US/Workday/job/USA-GA-Atlanta/Senior-Functional-Consultant---HCM-and-Security---Workday-Success-Plans_JR-0109582,Posted 4 Days Ago,2026-08-29,2026-08-24T18:42:24+00:00,2026-08-24 11:42 Mon,,false,,,,false,workday:Workday:/job/USA-GA-Atlanta/Senior-Functional-Consultant---HCM-and-Security---Workday-Success-Plans_JR-0109582
Workday:/job/USA-IL-Chicago/Senior-Functional-Consultant---Record-to-Report---Workday-Success-Plans_JR-0109214-1,Workday,Senior Functional Consultant - Record to Report - Workday Success Plans,USA-IL-Chicago,,https://workday.wd5.myworkdayjobs.com/en-US/Workday/job/USA-IL-Chicago/Senior-Functional-Consultant---Record-to-Report---Workday-Success-Plans_JR-0109214-1,Posted 4 Days Ago,2026-08-22,2026-08-07T16:17:28+00:00,2026-08-07 09:17 Fri,,false,,,,false,workday:Workday:/job/USA-IL-Chicago/Senior-Functional-Consultant---Record-to-Report---Workday-Success-Plans_JR-0109214-1
Workday:/job/USA-IL-Chicago/Senior-Functional-Consultant---Talent-Acquisition-Recruiting---Workday-Success-Plans_JR-0108660,Workday,Senior Functional Consultant - Talent Acquisition/Recruiting - Workday Success Plans,117 Locations,,https://workday.wd5.myworkdayjobs.com/en-US/Workday/job/USA-IL-Chicago/Senior-Functional-Consultant---Talent-Acquisition-Recruiting---Workday-Success-Plans_JR-0108660,Posted 14 Days Ago,2026-06-27,2026-07-11T03:36:34+00:00,2026-07-10 20:36 Fri,,false,,,,false,workday:Workday:/job/USA-IL-Chicago/Senior-Functional-Consultant---Talent-Acquisition-Recruiting---Workday-Success-Plans_JR-0108660
Workday:/job/USA-GA-Atlanta/Senior-Functional-Consultant-or-Functional-Consultant---Payroll---Workday-Success-Plans_JR-0108691,Workday,"Senior Functional Consultant or Functional Consultant - Payroll, Absence, Time Tracking - Workday Success Plans",USA-GA-Atlanta,,https://workday.wd5.myworkdayjobs.com/en-US/Workday/job/USA-GA-Atlanta/Senior-Functional-Consultant-or-Functional-Consultant---Payroll---Workday-Success-Plans_JR-0108691,Posted Yesterday,2026-09-01,2026-07-11T03:36:34+00:00,2026-07-10 20:36 Fri,,false,,,,false,workday:Workday:/job/USA-GA-Atlanta/Senior-Functional-Consultant-or-Functional-Consultant---Payroll---Workday-Success-Plans_JR-0108691
Workday:/job/Netherlands-Amsterdam/Senior-HCM-Consultant---Workday-Success-Plans_JR-0109602,Workday,Senior HCM Consultant - Workday Success Plans,Netherlands-Amsterdam,,https://workday.wd5.myworkdayjobs.com/en-US/Workday/job/Netherlands-Amsterdam/Senior-HCM-Consultant---Workday-Success-Plans_JR-0109602,Posted Today,2026-09-02,2026-09-02T07:41:29+00:00,2026-09-02 00:41 Wed,,false,,,,false,workday:Workday:/job/Netherlands-Amsterdam/Senior-HCM-Consultant---Workday-Success-Plans_JR-0109602
Workday:/job/Australia-VIC-Melbourne/Senior-HCM-Reporting-and-Analytics-Consultant_JR-0105674,Workday,Senior HCM Reporting and Analytics Consultant,4 Locations,,https://workday.wd5.myworkdayjobs.com/en-US/Workday/job/Australia-VIC-Melbourne/Senior-HCM-Reporting-and-Analytics-Consultant_JR-0105674,Posted 5 Days Ago,2026-07-24,2026-07-29T03:17:24+00:00,2026-07-28 20:17 Tue,,false,,,,false,workday:Workday:/job/Australia-VIC-Melbourne/Senior-HCM-Reporting-and-Analytics-Consultant_JR-0105674
Workday:/job/Australia-VIC-Melbourne/Senior-HCM-Reporting-and-Analytics-Consultant_JR-0109321,Workday,Senior HCM Reporting and Analytics Consultant,Australia-VIC-Melbourne,,https://workday.wd5.myworkdayjobs.com/en-US/Workday/job/Australia-VIC-Melbourne/Senior-HCM-Reporting-and-Analytics-Consultant_JR-0109321,Posted Today,2026-08-25,2026-08-13T03:41:43+00:00,2026-08-12 20:41 Wed,,false,,,,false,workday:Workday:/job/Australia-VIC-Melbourne/Senior-HCM-Reporting-and-Analytics-Consultant_JR-0109321
Workday:/job/Ireland-Dublin/Senior-Identity---Access-Management--IAM--Engineer_JR-0108252,Workday,Senior Identity & Access Management (IAM) Engineer,"Ireland, Dublin",,https://workday.wd5.myworkdayjobs.com/en-US/Workday/job/Ireland-Dublin/Senior-Identity---Access-Management--IAM--Engineer_JR-0108252,Posted 18 Days Ago,2026-06-23,2026-07-11T03:36:34+00:00,2026-07-10 20:36 Fri,,false,,,,false,workday:Workday:/job/Ireland-Dublin/Senior-Identity---Access-Management--IAM--Engineer_JR-0108252
Workday:/job/USA-GA-Atlanta/Senior-Insider-Threat-Analyst_JR-0109378,Workday,Senior Insider Threat Analyst,USA-GA-Atlanta,,https://workday.wd5.myworkdayjobs.com/en-US/Workday/job/USA-GA-Atlanta/Senior-Insider-Threat-Analyst_JR-0109378,Posted 3 Days Ago,2026-08-29,2026-08-28T18:41:36+00:00,2026-08-28 11:41 Fri,,false,,,,false,workday:Workday:/job/USA-GA-Atlanta/Senior-Insider-Threat-Analyst_JR-0109378
Workday:/job/Costa-Rica/Senior-Internal-Controls---Process-Analyst_JR-0108961,Workday,Senior Internal Controls & Process Analyst,Costa Rica,,https://workday.wd5.myworkdayjobs.com/en-US/Workday/job/Costa-Rica/Senior-Internal-Controls---Process-Analyst_JR-0108961,Posted 3 Days Ago,2026-07-29,2026-08-01T00:17:19+00:00,2026-07-31 17:17 Fri,,false,,,,false,workday:Workday:/job/Costa-Rica/Senior-Internal-Controls---Process-Analyst_JR-0108961
Workday:/job/USA-GA-Atlanta/Assistant-General-Counsel--Global-Legal--Services-COE_JR-0106013,Workday,"Senior Legal Counsel, Global Legal Services",6 Locations,,https://workday.wd5.myworkdayjobs.com/en-US/Workday/job/USA-GA-Atlanta/Assistant-General-Counsel--Global-Legal--Services-COE_JR-0106013,Posted Today,2026-07-13,2026-07-13T15:59:13+00:00,2026-07-13 08:59 Mon,,false,,,,false,workday:Workday:/job/USA-GA-Atlanta/Assistant-General-Counsel--Global-Legal--Services-COE_JR-0106013
Workday:/job/USA-CO-Boulder/Machine-Learning-Engineer-III---Senior-Machine-Learning-Engineer---AI-Platform_JR-0106812,Workday,Senior Machine Learning Engineer - AI Platform,"USA, CO, Boulder",,https://workday.wd5.myworkdayjobs.com/en-US/Workday/job/USA-CO-Boulder/Machine-Learning-Engineer-III---Senior-Machine-Learning-Engineer---AI-Platform_JR-0106812,Posted 3 Days Ago,2026-07-08,2026-07-11T03:36:34+00:00,2026-07-10 20:36 Fri,,false,,,,false,workday:Workday:/job/USA-CO-Boulder/Machine-Learning-Engineer-III---Senior-Machine-Learning-Engineer---AI-Platform_JR-0106812
Workday:/job/Israel-Tel-Aviv/Senior-Software-Development-Engineer--Backend-_JR-0105163-1,Workday,Senior Machine Learning Engineer- HiredScore,"Israel, Tel Aviv",,https://workday.wd5.myworkdayjobs.com/en-US/Workday/job/Israel-Tel-Aviv/Senior-Software-Development-Engineer--Backend-_JR-0105163-1,Posted Today,2026-09-02,2026-07-11T03:36:34+00:00,2026-07-10 20:36 Fri,,false,,,,false,workday:Workday:/job/Israel-Tel-Aviv/Senior-Software-Development-Engineer--Backend-_JR-0105163-1
Workday:/job/USA-WA-Seattle/Senior-Machine-Learning-Engineer-Machine-Learning-Engineer-III_JR-0107996,Workday,Senior Machine Learning Engineer/Machine Learning Engineer III,"USA, WA, Seattle",,https://workday.wd5.myworkdayjobs.com/en-US/Workday/job/USA-WA-Seattle/Senior-Machine-Learning-Engineer-Machine-Learning-Engineer-III_JR-0107996,Posted 14 Days Ago,2026-06-27,2026-07-11T03:36:34+00:00,2026-07-10 20:36 Fri,,false,,,,false,workday:Workday:/job/USA-WA-Seattle/Senior-Machine-Learning-Engineer-Machine-Learning-Engineer-III_JR-0107996
Workday:/job/USA-CA-Pleasanton/Senior-Manager--Corporate-FP-A_JR-0108678,Workday,"Senior Manager, Corporate FP&A","USA, CA, Pleasanton",,https://workday.wd5.myworkdayjobs.com/en-US/Workday/job/USA-CA-Pleasanton/Senior-Manager--Corporate-FP-A_JR-0108678,Posted 7 Days Ago,2026-07-04,2026-07-11T03:36:34+00:00,2026-07-10 20:36 Fri,,false,,,,false,workday:Workday:/job/USA-CA-Pleasanton/Senior-Manager--Corporate-FP-A_JR-0108678
Workday:/job/USAVAReston/Senior-Manager--Cybersecurity---US-Federal_JR-0107187,Workday,"Senior Manager, Cybersecurity - US Federal",USA.VA.Reston,,https://workday.wd5.myworkdayjobs.com/en-US/Workday/job/USAVAReston/Senior-Manager--Cybersecurity---US-Federal_JR-0107187,Posted Today,2026-07-18,2026-07-18T03:17:12+00:00,2026-07-17 20:17 Fri,,false,,,,false,workday:Workday:/job/USAVAReston/Senior-Manager--Cybersecurity---US-Federal_JR-0107187
Workday:/job/USA-CA-Pleasanton/Senior-Manager--Global-Stock-Administration_JR-0109302,Workday,"Senior Manager, Global Stock Administration",USA-CA-Pleasanton,,https://workday.wd5.myworkdayjobs.com/en-US/Workday/job/USA-CA-Pleasanton/Senior-Manager--Global-Stock-Administration_JR-0109302,Posted Today,2026-08-22,2026-08-21T16:59:36+00:00,2026-08-21 09:59 Fri,,false,,,,false,workday:Workday:/job/USA-CA-Pleasanton/Senior-Manager--Global-Stock-Administration_JR-0109302
Workday:/job/USA-GA-Atlanta/Senior-Manager--GTM-Strategy-and-Planning_JR-0107001,Workday,"Senior Manager, GTM Strategy and Planning",3 Locations,,https://workday.wd5.myworkdayjobs.com/en-US/Workday/job/USA-GA-Atlanta/Senior-Manager--GTM-Strategy-and-Planning_JR-0107001,Posted Today,2026-07-14,2026-07-14T21:59:20+00:00,2026-07-14 14:59 Tue,,false,,,,false,workday:Workday:/job/USA-GA-Atlanta/Senior-Manager--GTM-Strategy-and-Planning_JR-0107001
Workday:/job/USA-CA-Pleasanton/Senior-Manager--Internal-Audit_JR-0108880,Workday,"Senior Manager, Internal Audit","USA, CA, Pleasanton",,https://workday.wd5.myworkdayjobs.com/en-US/Workday/job/USA-CA-Pleasanton/Senior-Manager--Internal-Audit_JR-0108880,Posted 7 Days Ago,2026-07-20,2026-07-27T22:41:37+00:00,2026-07-27 15:41 Mon,,false,,,,false,workday:Workday:/job/USA-CA-Pleasanton/Senior-Manager--Internal-Audit_JR-0108880
Workday:/job/USA-CA-Pleasanton/Senior-Manager--International-Tax_JR-0108281,Workday,"Senior Manager, International Tax","USA, CA, Pleasanton",,https://workday.wd5.myworkdayjobs.com/en-US/Workday/job/USA-CA-Pleasanton/Senior-Manager--International-Tax_JR-0108281,Posted 9 Days Ago,2026-07-02,2026-07-11T03:36:34+00:00,2026-07-10 20:36 Fri,,false,,,,false,workday:Workday:/job/USA-CA-Pleasanton/Senior-Manager--International-Tax_JR-0108281
Workday:/job/New-Zealand-Auckland/Senior-Manager--Product-Management_JR-0108635,Workday,"Senior Manager, Product Management","New Zealand, Auckland",,https://workday.wd5.myworkdayjobs.com/en-US/Workday/job/New-Zealand-Auckland/Senior-Manager--Product-Management_JR-0108635,Posted 20 Days Ago,2026-06-24,2026-07-14T10:16:55+00:00,2026-07-14 03:16 Tue,,false,,,,false,workday:Workday:/job/New-Zealand-Auckland/Senior-Manager--Product-Management_JR-0108635
Workday:/job/USA-CA-Pleasanton/Senior-Manager--Software-Development-Engineering_JR-0109521,Workday,"Senior Manager, Software Development Engineering","USA, CA, Pleasanton",,https://workday.wd5.myworkdayjobs.com/en-US/Workday/job/USA-CA-Pleasanton/Senior-Manager--Software-Development-Engineering_JR-0109521,Posted Yesterday,2026-08-27,2026-08-26T22:59:41+00:00,2026-08-26 15:59 Wed,,false,,,,false,workday:Workday:/job/USA-CA-Pleasanton/Senior-Manager--Software-Development-Engineering_JR-0109521
Workday:/job/Japan-Tokyo/Senior-Manager--Solution-Consulting_JR-0108747,Workday,"Senior Manager, Solution Consulting","Japan, Tokyo",,https://workday.wd5.myworkdayjobs.com/en-US/Workday/job/Japan-Tokyo/Senior-Manager--Solution-Consulting_JR-0108747,Posted 20 Days Ago,2026-06-24,2026-07-14T08:16:59+00:00,2026-07-14 01:16 Tue,,false,,,,false,workday:Workday:/job/Japan-Tokyo/Senior-Manager--Solution-Consulting_JR-0108747
Workday:/job/Japan-Tokyo/Senior-Manager--Talent-Acquisition_JR-0109329-1,Workday,"Senior Manager, Talent Acquisition","Japan, Tokyo",,https://workday.wd5.myworkdayjobs.com/en-US/Workday/job/Japan-Tokyo/Senior-Manager--Talent-Acquisition_JR-0109329-1,Posted Today,2026-08-14,2026-08-14T10:59:46+00:00,2026-08-14 03:59 Fri,,false,,,,false,workday:Workday:/job/Japan-Tokyo/Senior-Manager--Talent-Acquisition_JR-0109329-1
Workday:/job/United-Kingdom-London/Senior-Marketing-Advisor_JR-0108071,Workday,Senior Marketing Advisor,2 Locations,,https://workday.wd5.myworkdayjobs.com/en-US/Workday/job/United-Kingdom-London/Senior-Marketing-Advisor_JR-0108071,Posted 10 Days Ago,2026-07-01,2026-07-11T03:36:34+00:00,2026-07-10 20:36 Fri,,false,,,,false,workday:Workday:/job/United-Kingdom-London/Senior-Marketing-Advisor_JR-0108071
Workday:/job/USA-GA-Atlanta/Senior-or-Principal-HCM-Functional-Consultant_JR-0108978,Workday,Senior or Principal HCM Functional Consultant,USA-GA-Atlanta,,https://workday.wd5.myworkdayjobs.com/en-US/Workday/job/USA-GA-Atlanta/Senior-or-Principal-HCM-Functional-Consultant_JR-0108978,Posted Today,2026-08-22,2026-07-30T16:15:58+00:00,2026-07-30 09:15 Thu,,false,,,,false,workday:Workday:/job/USA-GA-Atlanta/Senior-or-Principal-HCM-Functional-Consultant_JR-0108978
Workday:/job/USA-WA-Seattle/Principal-Software-Development-Engineer---Senior-Software-Development-Engineer---Full-Stack_JR-0106537,Workday,Senior or Principal Software Development Engineer (Full Stack) - Agent Factory,USA-WA-Seattle,,https://workday.wd5.myworkdayjobs.com/en-US/Workday/job/USA-WA-Seattle/Principal-Software-Development-Engineer---Senior-Software-Development-Engineer---Full-Stack_JR-0106537,Posted 30+ Days Ago,2026-07-19,2026-08-18T12:10:51+00:00,2026-08-18 05:10 Tue,,false,,,,false,workday:Workday:/job/USA-WA-Seattle/Principal-Software-Development-Engineer---Senior-Software-Development-Engineer---Full-Stack_JR-0106537
Workday:/job/Canada-BC-Vancouver/Principal-Software-Development-Engineer---Senior-Software-Development-Engineer---Full-Stack_JR-0106537,Workday,Senior or Principal Software Development Engineer (Full Stack) - Agent Factory,"Canada, BC, Vancouver",,https://workday.wd5.myworkdayjobs.com/en-US/Workday/job/Canada-BC-Vancouver/Principal-Software-Development-Engineer---Senior-Software-Development-Engineer---Full-Stack_JR-0106537,Posted Yesterday,2026-09-01,2026-09-01T21:00:07+00:00,2026-09-01 14:00 Tue,,false,,,,false,workday:Workday:/job/Canada-BC-Vancouver/Principal-Software-Development-Engineer---Senior-Software-Development-Engineer---Full-Stack_JR-0106537
Workday:/job/USA-CO-Boulder/Senior-or-Principal-Software-Development-Engineer---Agent-Factory_JR-0109441,Workday,Senior or Principal Software Development Engineer - Agent Factory,USA-CO-Boulder,,https://workday.wd5.myworkdayjobs.com/en-US/Workday/job/USA-CO-Boulder/Senior-or-Principal-Software-Development-Engineer---Agent-Factory_JR-0109441,Posted Yesterday,2026-09-01,2026-08-17T23:37:04+00:00,2026-08-17 16:37 Mon,,false,,,,false,workday:Workday:/job/USA-CO-Boulder/Senior-or-Principal-Software-Development-Engineer---Agent-Factory_JR-0109441
Workday:/job/INDPune/Senior-PAM-Engineer---Delinea-Cloud_JR-0108936,Workday,Senior PAM Engineer – Delinea Cloud,IND.Pune,,https://workday.wd5.myworkdayjobs.com/en-US/Workday/job/INDPune/Senior-PAM-Engineer---Delinea-Cloud_JR-0108936,Posted Today,2026-08-12,2026-08-12T04:17:06+00:00,2026-08-11 21:17 Tue,,false,,,,false,workday:Workday:/job/INDPune/Senior-PAM-Engineer---Delinea-Cloud_JR-0108936
Workday:/job/United-Kingdom-London/Senior-Payroll-Consultant---UKI_JR-0108380,Workday,Senior Payroll Consultant - UKI,2 Locations,,https://workday.wd5.myworkdayjobs.com/en-US/Workday/job/United-Kingdom-London/Senior-Payroll-Consultant---UKI_JR-0108380,Posted 15 Days Ago,2026-06-26,2026-07-11T03:36:34+00:00,2026-07-10 20:36 Fri,,false,,,,false,workday:Workday:/job/United-Kingdom-London/Senior-Payroll-Consultant---UKI_JR-0108380
Workday:/job/USA-CO-Denver/Senior-Principal--GTM-Strategy_JR-0108310-1,Workday,"Senior Principal, GTM Strategy",4 Locations,,https://workday.wd5.myworkdayjobs.com/en-US/Workday/job/USA-CO-Denver/Senior-Principal--GTM-Strategy_JR-0108310-1,Posted Today,2026-07-14,2026-07-14T21:59:20+00:00,2026-07-14 14:59 Tue,,false,,,,false,workday:Workday:/job/USA-CO-Denver/Senior-Principal--GTM-Strategy_JR-0108310-1
Workday:/job/USA-CA-Pleasanton/Senior-Principal--Market-Intelligence_JR-0109126-1,Workday,"Senior Principal, Market Intelligence",USA-CA-Pleasanton,,https://workday.wd5.myworkdayjobs.com/en-US/Workday/job/USA-CA-Pleasanton/Senior-Principal--Market-Intelligence_JR-0109126-1,Posted Today,2026-09-02,2026-09-02T16:41:58+00:00,2026-09-02 09:41 Wed,,false,,,,false,workday:Workday:/job/USA-CA-Pleasanton/Senior-Principal--Market-Intelligence_JR-0109126-1
Workday:/job/USA-IL-Chicago/Senior-Prism-Reporting-and-Analytics-Consultant_JR-0109036,Workday,Senior Prism Reporting and Analytics Consultant,3 Locations,,https://workday.wd5.myworkdayjobs.com/en-US/Workday/job/USA-IL-Chicago/Senior-Prism-Reporting-and-Analytics-Consultant_JR-0109036,Posted 4 Days Ago,2026-07-26,2026-07-30T15:59:57+00:00,2026-07-30 08:59 Thu,,false,,,,false,workday:Workday:/job/USA-IL-Chicago/Senior-Prism-Reporting-and-Analytics-Consultant_JR-0109036
Workday:/job/USA-CA-Pleasanton/Senior-Privacy-Compliance-Program-Manager_JR-0108473,Workday,Senior Privacy Compliance Program Manager,5 Locations,,https://workday.wd5.myworkdayjobs.com/en-US/Workday/job/USA-CA-Pleasanton/Senior-Privacy-Compliance-Program-Manager_JR-0108473,Posted Yesterday,2026-07-10,2026-07-11T03:36:34+00:00,2026-07-10 20:36 Fri,,false,,,,false,workday:Workday:/job/USA-CA-Pleasanton/Senior-Privacy-Compliance-Program-Manager_JR-0108473
Workday:/job/USA-CA-Pleasanton/Senior-Developer-Relations-Engineer_JR-0107991,Workday,Senior Product Advisor - Developer Platform,"USA, CA, Pleasanton",,https://workday.wd5.myworkdayjobs.com/en-US/Workday/job/USA-CA-Pleasanton/Senior-Developer-Relations-Engineer_JR-0107991,Posted Yesterday,2026-08-20,2026-08-03T18:41:46+00:00,2026-08-03 11:41 Mon,,false,,,,false,workday:Workday:/job/USA-CA-Pleasanton/Senior-Developer-Relations-Engineer_JR-0107991
Workday:/job/USA-CA-Pleasanton/Senior-Product-Advisor---Developer-Platform_JR-0109142,Workday,Senior Product Advisor - Developer Platform,"USA, CA, Pleasanton",,https://workday.wd5.myworkdayjobs.com/en-US/Workday/job/USA-CA-Pleasanton/Senior-Product-Advisor---Developer-Platform_JR-0109142,Posted Yesterday,2026-09-01,2026-08-31T20:41:45+00:00,2026-08-31 13:41 Mon,,false,,,,false,workday:Workday:/job/USA-CA-Pleasanton/Senior-Product-Advisor---Developer-Platform_JR-0109142
Workday:/job/Canada-BC-Vancouver/Senior-Product-Manager_JR-0107982,Workday,Senior Product Manager - Data Analytics Platform,"Canada, BC, Vancouver",,https://workday.wd5.myworkdayjobs.com/en-US/Workday/job/Canada-BC-Vancouver/Senior-Product-Manager_JR-0107982,Posted 8 Days Ago,2026-07-03,2026-07-11T03:36:34+00:00,2026-07-10 20:36 Fri,,false,,,,false,workday:Workday:/job/Canada-BC-Vancouver/Senior-Product-Manager_JR-0107982
Workday:/job/USA-CA-Pleasanton/Senior-Product-Manager--Core-Financials-AI_JR-0106826-1,Workday,"Senior Product Manager, Core Financials AI","USA, CA, Pleasanton",,https://workday.wd5.myworkdayjobs.com/en-US/Workday/job/USA-CA-Pleasanton/Senior-Product-Manager--Core-Financials-AI_JR-0106826-1,Posted 10 Days Ago,2026-07-04,2026-07-14T21:00:00+00:00,2026-07-14 14:00 Tue,,false,,,,false,workday:Workday:/job/USA-CA-Pleasanton/Senior-Product-Manager--Core-Financials-AI_JR-0106826-1
Workday:/job/USA-CA-San-Francisco/Senior-Product-Manager--Pipedream_JR-0107616,Workday,"Senior Product Manager, Pipedream","USA, CA, San Francisco",,https://workday.wd5.myworkdayjobs.com/en-US/Workday/job/USA-CA-San-Francisco/Senior-Product-Manager--Pipedream_JR-0107616,Posted 3 Days Ago,2026-07-11,2026-07-14T16:42:13+00:00,2026-07-14 09:42 Tue,,false,,,,false,workday:Workday:/job/USA-CA-San-Francisco/Senior-Product-Manager--Pipedream_JR-0107616
Workday:/job/USA-CA-San-Francisco/Senior-Product-Manager--Pipedream_JR-0109100,Workday,"Senior Product Manager, Pipedream","USA, CA, San Francisco",,https://workday.wd5.myworkdayjobs.com/en-US/Workday/job/USA-CA-San-Francisco/Senior-Product-Manager--Pipedream_JR-0109100,Posted Today,2026-08-25,2026-08-24T07:17:18+00:00,2026-08-24 00:17 Mon,,false,,,,false,workday:Workday:/job/USA-CA-San-Francisco/Senior-Product-Manager--Pipedream_JR-0109100
Workday:/job/USA-CA-Pleasanton/Senior-Program-Manager--Security--Product-Dev-_JR-0109162,Workday,"Senior Program Manager, Security (Product Dev)",USA-CA-Pleasanton,,https://workday.wd5.myworkdayjobs.com/en-US/Workday/job/USA-CA-Pleasanton/Senior-Program-Manager--Security--Product-Dev-_JR-0109162,Posted Yesterday,2026-08-27,2026-08-13T21:06:57+00:00,2026-08-13 14:06 Thu,,false,,,,false,workday:Workday:/job/USA-CA-Pleasanton/Senior-Program-Manager--Security--Product-Dev-_JR-0109162
Workday:/job/Sweden-Stockholm/Senior-Engagement-Manager_JR-0105896,Workday,Senior Project Manager,2 Locations,,https://workday.wd5.myworkdayjobs.com/en-US/Workday/job/Sweden-Stockholm/Senior-Engagement-Manager_JR-0105896,Posted Today,2026-08-04,2026-08-04T12:41:39+00:00,2026-08-04 05:41 Tue,,false,,,,false,workday:Workday:/job/Sweden-Stockholm/Senior-Engagement-Manager_JR-0105896
Workday:/job/Denmark-Copenhagen/Senior-Project-Manager_JR-0109133,Workday,Senior Project Manager,"Denmark, Copenhagen",,https://workday.wd5.myworkdayjobs.com/en-US/Workday/job/Denmark-Copenhagen/Senior-Project-Manager_JR-0109133,Posted Today,2026-08-04,2026-08-04T15:16:18+00:00,2026-08-04 08:16 Tue,,false,,,,false,workday:Workday:/job/Denmark-Copenhagen/Senior-Project-Manager_JR-0109133
Workday:/job/United-Kingdom-London/Senior-Project-Manager---UKI_JR-0108893,Workday,Senior Project Manager - UKI,"United Kingdom, London",,https://workday.wd5.myworkdayjobs.com/en-US/Workday/job/United-Kingdom-London/Senior-Project-Manager---UKI_JR-0108893,Posted 7 Days Ago,2026-07-20,2026-07-27T12:46:48+00:00,2026-07-27 05:46 Mon,,false,,,,false,workday:Workday:/job/United-Kingdom-London/Senior-Project-Manager---UKI_JR-0108893
Workday:/job/Poland-Warsaw/Senior-Project-Manager--WSP-Delivery_JR-0109388,Workday,"Senior Project Manager, WSP Delivery","Poland, Warsaw",,https://workday.wd5.myworkdayjobs.com/en-US/Workday/job/Poland-Warsaw/Senior-Project-Manager--WSP-Delivery_JR-0109388,Posted Yesterday,2026-08-27,2026-08-26T14:17:54+00:00,2026-08-26 07:17 Wed,,false,,,,false,workday:Workday:/job/Poland-Warsaw/Senior-Project-Manager--WSP-Delivery_JR-0109388
Workday:/job/France-Paris/Senior-Regional-Sales-Director---Services---Telco---Mdia_JR-0108286,Workday,Senior Regional Sales Director - Services / Telco / Média,"France, Paris",,https://workday.wd5.myworkdayjobs.com/en-US/Workday/job/France-Paris/Senior-Regional-Sales-Director---Services---Telco---Mdia_JR-0108286,Posted 7 Days Ago,2026-07-04,2026-07-11T03:36:34+00:00,2026-07-10 20:36 Fri,,false,,,,false,workday:Workday:/job/France-Paris/Senior-Regional-Sales-Director---Services---Telco---Mdia_JR-0108286
Workday:/job/Poland-Warsaw/Senior-Reporting---Analytics-Consultant---Workday-Success-Plans_JR-0109427,Workday,Senior Reporting & Analytics Consultant - Workday Success Plans,Poland-Warsaw,,https://workday.wd5.myworkdayjobs.com/en-US/Workday/job/Poland-Warsaw/Senior-Reporting---Analytics-Consultant---Workday-Success-Plans_JR-0109427,Posted Yesterday,2026-09-01,2026-08-31T12:41:44+00:00,2026-08-31 05:41 Mon,,false,,,,false,workday:Workday:/job/Poland-Warsaw/Senior-Reporting---Analytics-Consultant---Workday-Success-Plans_JR-0109427
Workday:/job/United-Kingdom-London/Senior-Reporting---Analytics-Consultant---Workday-Success-Plans_JR-0109569,Workday,Senior Reporting & Analytics Consultant - Workday Success Plans,United-Kingdom-London,,https://workday.wd5.myworkdayjobs.com/en-US/Workday/job/United-Kingdom-London/Senior-Reporting---Analytics-Consultant---Workday-Success-Plans_JR-0109569,Posted Today,2026-09-02,2026-09-02T13:41:56+00:00,2026-09-02 06:41 Wed,,false,,,,false,workday:Workday:/job/United-Kingdom-London/Senior-Reporting---Analytics-Consultant---Workday-Success-Plans_JR-0109569
Workday:/job/Japan-Tokyo/Senior-Service-Executive_JR-0107923,Workday,Senior Service Executive,"Japan, Tokyo",,https://workday.wd5.myworkdayjobs.com/en-US/Workday/job/Japan-Tokyo/Senior-Service-Executive_JR-0107923,Posted Yesterday,2026-08-21,2026-08-20T03:41:17+00:00,2026-08-19 20:41 Wed,,false,,,,false,workday:Workday:/job/Japan-Tokyo/Senior-Service-Executive_JR-0107923
Workday:/job/USAVAReston/Senior-Site-Reliability-Engineer_JR-0104084,Workday,Senior Site Reliability Engineer,USA.VA.Reston,,https://workday.wd5.myworkdayjobs.com/en-US/Workday/job/USAVAReston/Senior-Site-Reliability-Engineer_JR-0104084,Posted 16 Days Ago,2026-06-25,2026-07-11T03:36:34+00:00,2026-07-10 20:36 Fri,,false,,,,false,workday:Workday:/job/USAVAReston/Senior-Site-Reliability-Engineer_JR-0104084
Workday:/job/USAVAReston/Senior-Site-Reliability-Engineer--US-Federal-_JR-0105507,Workday,Senior Site Reliability Engineer (US Federal),USA.VA.Reston,,https://workday.wd5.myworkdayjobs.com/en-US/Workday/job/USAVAReston/Senior-Site-Reliability-Engineer--US-Federal-_JR-0105507,Posted 27 Days Ago,2026-06-14,2026-07-11T03:36:34+00:00,2026-07-10 20:36 Fri,,false,,,,false,workday:Workday:/job/USAVAReston/Senior-Site-Reliability-Engineer--US-Federal-_JR-0105507
Workday:/job/USAVAReston/Senior-Site-Reliability-Engineer--US-Federal-_JR-0105512,Workday,Senior Site Reliability Engineer (US Federal),USA.VA.Reston,,https://workday.wd5.myworkdayjobs.com/en-US/Workday/job/USAVAReston/Senior-Site-Reliability-Engineer--US-Federal-_JR-0105512,Posted 3 Days Ago,2026-07-08,2026-07-11T03:36:34+00:00,2026-07-10 20:36 Fri,,false,,,,false,workday:Workday:/job/USAVAReston/Senior-Site-Reliability-Engineer--US-Federal-_JR-0105512
Workday:/job/USAVAReston/Senior-Site-Reliability-Engineer--US-Federal-_JR-0108510,Workday,Senior Site Reliability Engineer (US Federal),USA.VA.Reston,,https://workday.wd5.myworkdayjobs.com/en-US/Workday/job/USAVAReston/Senior-Site-Reliability-Engineer--US-Federal-_JR-0108510,Posted 18 Days Ago,2026-06-28,2026-07-16T23:59:16+00:00,2026-07-16 16:59 Thu,,false,,,,false,workday:Workday:/job/USAVAReston/Senior-Site-Reliability-Engineer--US-Federal-_JR-0108510
Workday:/job/USAVAReston/Senior-Site-Reliability-Engineer--US-Federal-_JR-0105509-1,Workday,Senior Site Reliability Engineer (US Federal),USA.VA.Reston,,https://workday.wd5.myworkdayjobs.com/en-US/Workday/job/USAVAReston/Senior-Site-Reliability-Engineer--US-Federal-_JR-0105509-1,Posted 30+ Days Ago,2026-07-19,2026-08-18T12:10:51+00:00,2026-08-18 05:10 Tue,,false,,,,false,workday:Workday:/job/USAVAReston/Senior-Site-Reliability-Engineer--US-Federal-_JR-0105509-1
Workday:/job/USAVAReston/Senior-Site-Reliability-Engineer---US-Federal--VDI---Infrastructure-_JR-0106012,Workday,Senior Site Reliability Engineer - US Federal (VDI & Infrastructure),USA.VA.Reston,,https://workday.wd5.myworkdayjobs.com/en-US/Workday/job/USAVAReston/Senior-Site-Reliability-Engineer---US-Federal--VDI---Infrastructure-_JR-0106012,Posted Today,2026-08-04,2026-08-04T18:17:44+00:00,2026-08-04 11:17 Tue,,false,,,,false,workday:Workday:/job/USAVAReston/Senior-Site-Reliability-Engineer---US-Federal--VDI---Infrastructure-_JR-0106012
Workday:/job/Ireland-Dublin/Senior-Software-Developer---Authentication-Team_JR-0105355-2,Workday,Senior Software Developer - Authentication Team,"Ireland, Dublin",,https://workday.wd5.myworkdayjobs.com/en-US/Workday/job/Ireland-Dublin/Senior-Software-Developer---Authentication-Team_JR-0105355-2,Posted Today,2026-08-05,2026-08-05T16:41:49+00:00,2026-08-05 09:41 Wed,,false,,,,false,workday:Workday:/job/Ireland-Dublin/Senior-Software-Developer---Authentication-Team_JR-0105355-2
Workday:/job/USAVAReston/Senior-Software-Development--Engineer--DevOps--US-Federal-_JR-0108829,Workday,"Senior Software Development  Engineer, DevOps (US Federal)",USA.VA.Reston,,https://workday.wd5.myworkdayjobs.com/en-US/Workday/job/USAVAReston/Senior-Software-Development--Engineer--DevOps--US-Federal-_JR-0108829,Posted 4 Days Ago,2026-07-27,2026-07-31T00:23:36+00:00,2026-07-30 17:23 Thu,,false,,,,false,workday:Workday:/job/USAVAReston/Senior-Software-Development--Engineer--DevOps--US-Federal-_JR-0108829
Workday:/job/USA-CA-Pleasanton/Senior-Software-Development-Engineer_JR-0108270,Workday,Senior Software Development Engineer,"USA, CA, Pleasanton",,https://workday.wd5.myworkdayjobs.com/en-US/Workday/job/USA-CA-Pleasanton/Senior-Software-Development-Engineer_JR-0108270,Posted Yesterday,2026-08-26,2026-07-11T03:36:34+00:00,2026-07-10 20:36 Fri,,false,,,,false,workday:Workday:/job/USA-CA-Pleasanton/Senior-Software-Development-Engineer_JR-0108270
Workday:/job/USA-CA-Pleasanton/Senior-Software-Development-Engineer_JR-0107784,Workday,Senior Software Development Engineer,"USA, CA, Pleasanton",,https://workday.wd5.myworkdayjobs.com/en-US/Workday/job/USA-CA-Pleasanton/Senior-Software-Development-Engineer_JR-0107784,Posted Today,2026-08-04,2026-08-04T18:41:50+00:00,2026-08-04 11:41 Tue,,false,,,,false,workday:Workday:/job/USA-CA-Pleasanton/Senior-Software-Development-Engineer_JR-0107784
Workday:/job/USAVAReston/Senior-Software-Development-Engineer_JR-0104081,Workday,Senior Software Development Engineer,USA.VA.Reston,,https://workday.wd5.myworkdayjobs.com/en-US/Workday/job/USAVAReston/Senior-Software-Development-Engineer_JR-0104081,Posted 30+ Days Ago,2026-07-19,2026-08-18T12:10:51+00:00,2026-08-18 05:10 Tue,,false,,,,false,workday:Workday:/job/USAVAReston/Senior-Software-Development-Engineer_JR-0104081
Workday:/job/Canada-BC-Vancouver/Senior-Software-Development-Engineer--Agent-Factory-_JR-0109218,Workday,Senior Software Development Engineer (Agent Factory),"Canada, BC, Vancouver",,https://workday.wd5.myworkdayjobs.com/en-US/Workday/job/Canada-BC-Vancouver/Senior-Software-Development-Engineer--Agent-Factory-_JR-0109218,Posted Yesterday,2026-09-01,2026-08-27T16:18:11+00:00,2026-08-27 09:18 Thu,,false,,,,false,workday:Workday:/job/Canada-BC-Vancouver/Senior-Software-Development-Engineer--Agent-Factory-_JR-0109218
Workday:/job/Vietnam/Senior-Software-Development-Engineer--Back-end----Paradox---Da-Nang_JR-0107621,Workday,Senior Software Development Engineer (Back-end) - Paradox - Da Nang,Vietnam,,https://workday.wd5.myworkdayjobs.com/en-US/Workday/job/Vietnam/Senior-Software-Development-Engineer--Back-end----Paradox---Da-Nang_JR-0107621,Posted 10 Days Ago,2026-07-01,2026-07-11T03:36:34+00:00,2026-07-10 20:36 Fri,,false,,,,false,workday:Workday:/job/Vietnam/Senior-Software-Development-Engineer--Back-end----Paradox---Da-Nang_JR-0107621
Workday:/job/VNMDa-Nang/Senior-Software-Development-Engineer--Back-end----Paradox---Da-Nang_JR-0107621,Workday,Senior Software Development Engineer (Back-end) - Paradox - Da Nang,VNM.Da Nang,,https://workday.wd5.myworkdayjobs.com/en-US/Workday/job/VNMDa-Nang/Senior-Software-Development-Engineer--Back-end----Paradox---Da-Nang_JR-0107621,Posted 30+ Days Ago,2026-07-19,2026-08-18T12:10:51+00:00,2026-08-18 05:10 Tue,,false,,,,false,workday:Workday:/job/VNMDa-Nang/Senior-Software-Development-Engineer--Back-end----Paradox---Da-Nang_JR-0107621
Workday:/job/Canada-BC-Vancouver/Senior-Software-Development-Engineer--Front-End----Evisort-AI_JR-0107776,Workday,Senior Software Development Engineer (Front End) - Evisort AI,"Canada, BC, Vancouver",,https://workday.wd5.myworkdayjobs.com/en-US/Workday/job/Canada-BC-Vancouver/Senior-Software-Development-Engineer--Front-End----Evisort-AI_JR-0107776,Posted Yesterday,2026-09-01,2026-07-27T23:59:47+00:00,2026-07-27 16:59 Mon,,false,,,,false,workday:Workday:/job/Canada-BC-Vancouver/Senior-Software-Development-Engineer--Front-End----Evisort-AI_JR-0107776
Workday:/job/USAVAReston/Senior-Software-Development-Engineer--US-Federal-_JR-0105389,Workday,Senior Software Development Engineer (US Federal),USA.VA.Reston,,https://workday.wd5.myworkdayjobs.com/en-US/Workday/job/USAVAReston/Senior-Software-Development-Engineer--US-Federal-_JR-0105389,Posted Yesterday,2026-09-01,2026-08-22T05:17:36+00:00,2026-08-21 22:17 Fri,,false,,,,false,workday:Workday:/job/USAVAReston/Senior-Software-Development-Engineer--US-Federal-_JR-0105389
Workday:/job/USAVAReston/Senior-Software-Development-Engineer--US-Federal-_JR-0105401,Workday,Senior Software Development Engineer (US Federal),USA.VA.Reston,,https://workday.wd5.myworkdayjobs.com/en-US/Workday/job/USAVAReston/Senior-Software-Development-Engineer--US-Federal-_JR-0105401,Posted Yesterday,2026-09-01,2026-08-22T05:17:36+00:00,2026-08-21 22:17 Fri,,false,,,,false,workday:Workday:/job/USAVAReston/Senior-Software-Development-Engineer--US-Federal-_JR-0105401
Workday:/job/USAVAReston/Senior-Software-Development-Engineer--US-Federal-_JR-0105427,Workday,Senior Software Development Engineer (US Federal),USA.VA.Reston,,https://workday.wd5.myworkdayjobs.com/en-US/Workday/job/USAVAReston/Senior-Software-Development-Engineer--US-Federal-_JR-0105427,Posted 3 Days Ago,2026-08-27,2026-08-28T03:59:30+00:00,2026-08-27 20:59 Thu,,false,,,,false,workday:Workday:/job/USAVAReston/Senior-Software-Development-Engineer--US-Federal-_JR-0105427
Workday:/job/Canada-BC-Vancouver/Senior-Software-Development-Engineer--Full-Stack-_JR-0107683,Workday,Senior Software Development Engineer - Agent Factory,2 Locations,,https://workday.wd5.myworkdayjobs.com/en-US/Workday/job/Canada-BC-Vancouver/Senior-Software-Development-Engineer--Full-Stack-_JR-0107683,Posted 20 Days Ago,2026-06-21,2026-07-11T03:36:34+00:00,2026-07-10 20:36 Fri,,false,,,,false,workday:Workday:/job/Canada-BC-Vancouver/Senior-Software-Development-Engineer--Full-Stack-_JR-0107683
Workday:/job/Canada-BC-Vancouver/Senior-Software-Development-Engineer---Agent-Factory_JR-0109080,Workday,Senior Software Development Engineer - Agent Factory,"Canada, BC, Vancouver",,https://workday.wd5.myworkdayjobs.com/en-US/Workday/job/Canada-BC-Vancouver/Senior-Software-Development-Engineer---Agent-Factory_JR-0109080,Posted Today,2026-08-11,2026-08-11T16:34:03+00:00,2026-08-11 09:34 Tue,,false,,,,false,workday:Workday:/job/Canada-BC-Vancouver/Senior-Software-Development-Engineer---Agent-Factory_JR-0109080
Workday:/job/INDChennai/Senior-Software-Development-Engineer---Data-Security-and-Protection_JR-0107858,Workday,Senior Software Development Engineer - Data Security and Protection,IND.Chennai,,https://workday.wd5.myworkdayjobs.com/en-US/Workday/job/INDChennai/Senior-Software-Development-Engineer---Data-Security-and-Protection_JR-0107858,Posted 30+ Days Ago,2026-07-19,2026-08-18T12:10:51+00:00,2026-08-18 05:10 Tue,,false,,,,false,workday:Workday:/job/INDChennai/Senior-Software-Development-Engineer---Data-Security-and-Protection_JR-0107858
Workday:/job/USA-CO-Boulder/Senior-Software-Development-Engineer---Developer-Platform_JR-0108221,Workday,Senior Software Development Engineer - Developer Platform,"USA, CO, Boulder",,https://workday.wd5.myworkdayjobs.com/en-US/Workday/job/USA-CO-Boulder/Senior-Software-Development-Engineer---Developer-Platform_JR-0108221,Posted Today,2026-09-01,2026-07-11T03:36:34+00:00,2026-07-10 20:36 Fri,,false,,,,false,workday:Workday:/job/USA-CO-Boulder/Senior-Software-Development-Engineer---Developer-Platform_JR-0108221
Workday:/job/Ireland-Dublin/Senior-Software-Development-Engineer---Product-Development-Tools_JR-0107869,Workday,Senior Software Development Engineer - Product Development Tools,"Ireland, Dublin",,https://workday.wd5.myworkdayjobs.com/en-US/Workday/job/Ireland-Dublin/Senior-Software-Development-Engineer---Product-Development-Tools_JR-0107869,Posted 30+ Days Ago,2026-07-19,2026-08-18T12:10:51+00:00,2026-08-18 05:10 Tue,,false,,,,false,workday:Workday:/job/Ireland-Dublin/Senior-Software-Development-Engineer---Product-Development-Tools_JR-0107869
Workday:/job/USAVAReston/Senior-Software-Development-Engineer---US-Federal_JR-0109350,Workday,Senior Software Development Engineer - US Federal,USA.VA.Reston,,https://workday.wd5.myworkdayjobs.com/en-US/Workday/job/USAVAReston/Senior-Software-Development-Engineer---US-Federal_JR-0109350,Posted Yesterday,2026-08-20,2026-08-19T07:11:06+00:00,2026-08-19 00:11 Wed,,false,,,,false,workday:Workday:/job/USAVAReston/Senior-Software-Development-Engineer---US-Federal_JR-0109350
Workday:/job/Canada-BC-Vancouver/Senior-Software-Development-Engineer---Workday-Everywhere_JR-0108773,Workday,Senior Software Development Engineer - Workday Everywhere,2 Locations,,https://workday.wd5.myworkdayjobs.com/en-US/Workday/job/Canada-BC-Vancouver/Senior-Software-Development-Engineer---Workday-Everywhere_JR-0108773,Posted Today,2026-07-20,2026-07-20T17:41:49+00:00,2026-07-20 10:41 Mon,,false,,,,false,workday:Workday:/job/Canada-BC-Vancouver/Senior-Software-Development-Engineer---Workday-Everywhere_JR-0108773
Workday:/job/USA-CA-Pleasanton/Senior-Software-Engineer_JR-0107919,Workday,Senior Software Engineer,"USA, CA, Pleasanton",,https://workday.wd5.myworkdayjobs.com/en-US/Workday/job/USA-CA-Pleasanton/Senior-Software-Engineer_JR-0107919,Posted 30+ Days Ago,2026-07-19,2026-08-18T12:10:51+00:00,2026-08-18 05:10 Tue,,false,,,,false,workday:Workday:/job/USA-CA-Pleasanton/Senior-Software-Engineer_JR-0107919
Workday:/job/Canada-BC-Vancouver/Senior-Software-Engineer--Data-Engineering-_JR-0107178,Workday,Senior Software Engineer (Data Engineering),3 Locations,,https://workday.wd5.myworkdayjobs.com/en-US/Workday/job/Canada-BC-Vancouver/Senior-Software-Engineer--Data-Engineering-_JR-0107178,Posted Today,2026-07-21,2026-07-21T17:41:49+00:00,2026-07-21 10:41 Tue,,false,,,,false,workday:Workday:/job/Canada-BC-Vancouver/Senior-Software-Engineer--Data-Engineering-_JR-0107178
Workday:/job/Canada-BC-Vancouver/Senior-Software-Engineer--Full-Stack-_JR-0108308,Workday,Senior Software Engineer (Full Stack),"Canada, BC, Vancouver",,https://workday.wd5.myworkdayjobs.com/en-US/Workday/job/Canada-BC-Vancouver/Senior-Software-Engineer--Full-Stack-_JR-0108308,Posted 8 Days Ago,2026-07-03,2026-07-11T03:36:34+00:00,2026-07-10 20:36 Fri,,false,,,,false,workday:Workday:/job/Canada-BC-Vancouver/Senior-Software-Engineer--Full-Stack-_JR-0108308
Workday:/job/USA-CO-Boulder/Principal-Software-Engineer--Gen-AI-_JR-0105521,Workday,Senior Software Engineer (Gen AI),2 Locations,,https://workday.wd5.myworkdayjobs.com/en-US/Workday/job/USA-CO-Boulder/Principal-Software-Engineer--Gen-AI-_JR-0105521,Posted Today,2026-07-24,2026-07-24T18:59:46+00:00,2026-07-24 11:59 Fri,,false,,,,false,workday:Workday:/job/USA-CO-Boulder/Principal-Software-Engineer--Gen-AI-_JR-0105521
Workday:/job/Sweden-Stockholm/Senior-Infrastructure-Engineer---Sana_JR-0107623-1,Workday,Senior Software Engineer (Infrastructure)  - Sana,"Sweden, Stockholm",,https://workday.wd5.myworkdayjobs.com/en-US/Workday/job/Sweden-Stockholm/Senior-Infrastructure-Engineer---Sana_JR-0107623-1,Posted Yesterday,2026-08-26,2026-07-11T03:36:34+00:00,2026-07-10 20:36 Fri,,false,,,,false,workday:Workday:/job/Sweden-Stockholm/Senior-Infrastructure-Engineer---Sana_JR-0107623-1
Workday:/job/USA-CA-Pleasanton/Senior-Software-Engineer---AI-Tools_JR-0108404,Workday,Senior Software Engineer - AI Tools,2 Locations,,https://workday.wd5.myworkdayjobs.com/en-US/Workday/job/USA-CA-Pleasanton/Senior-Software-Engineer---AI-Tools_JR-0108404,Posted 15 Days Ago,2026-06-26,2026-07-11T03:36:34+00:00,2026-07-10 20:36 Fri,,false,,,,false,workday:Workday:/job/USA-CA-Pleasanton/Senior-Software-Engineer---AI-Tools_JR-0108404
Workday:/job/Ireland-Dublin/Senior-Software-Engineer---Agentic-AI---API-Platform_JR-0108078,Workday,Senior Software Engineer - API Platform (Python/Typescript),"Ireland, Dublin",,https://workday.wd5.myworkdayjobs.com/en-US/Workday/job/Ireland-Dublin/Senior-Software-Engineer---Agentic-AI---API-Platform_JR-0108078,Posted 20 Days Ago,2026-06-21,2026-07-11T03:36:34+00:00,2026-07-10 20:36 Fri,,false,,,,false,workday:Workday:/job/Ireland-Dublin/Senior-Software-Engineer---Agentic-AI---API-Platform_JR-0108078
Workday:/job/Canada-BC-Vancouver/Senior-Software-Engineer---Data-Platform--Spark---Trino-_JR-0107708,Workday,Senior Software Engineer - Data Platform (Spark & Trino),"Canada, BC, Vancouver",,https://workday.wd5.myworkdayjobs.com/en-US/Workday/job/Canada-BC-Vancouver/Senior-Software-Engineer---Data-Platform--Spark---Trino-_JR-0107708,Posted Today,2026-07-22,2026-07-22T21:46:17+00:00,2026-07-22 14:46 Wed,,false,,,,false,workday:Workday:/job/Canada-BC-Vancouver/Senior-Software-Engineer---Data-Platform--Spark---Trino-_JR-0107708
Workday:/job/Ireland-Dublin/Senior-Software-Engineer---Distributed-Systems_JR-0108915,Workday,Senior Software Engineer - Distributed Systems,"Ireland, Dublin",,https://workday.wd5.myworkdayjobs.com/en-US/Workday/job/Ireland-Dublin/Senior-Software-Engineer---Distributed-Systems_JR-0108915,Posted Today,2026-08-04,2026-08-04T09:29:20+00:00,2026-08-04 02:29 Tue,,false,,,,false,workday:Workday:/job/Ireland-Dublin/Senior-Software-Engineer---Distributed-Systems_JR-0108915
Workday:/job/Canada-ON-Toronto/Senior-Software-Engineer---Evisort-AI--Python-Typescript-_JR-0107091,Workday,Senior Software Engineer - Evisort AI (Python/Typescript),Canada-ON-Toronto,,https://workday.wd5.myworkdayjobs.com/en-US/Workday/job/Canada-ON-Toronto/Senior-Software-Engineer---Evisort-AI--Python-Typescript-_JR-0107091,Posted 30+ Days Ago,2026-07-19,2026-08-18T12:10:51+00:00,2026-08-18 05:10 Tue,,false,,,,false,workday:Workday:/job/Canada-ON-Toronto/Senior-Software-Engineer---Evisort-AI--Python-Typescript-_JR-0107091
Workday:/job/Israel-Tel-Aviv/Software-Development-Engineer--Backend-_JR-0105162,Workday,Senior Software Engineer - Hiredscore,"Israel, Tel Aviv",,https://workday.wd5.myworkdayjobs.com/en-US/Workday/job/Israel-Tel-Aviv/Software-Development-Engineer--Backend-_JR-0105162,Posted 14 Days Ago,2026-06-27,2026-07-11T03:36:34+00:00,2026-07-10 20:36 Fri,,false,,,,false,workday:Workday:/job/Israel-Tel-Aviv/Software-Development-Engineer--Backend-_JR-0105162
Workday:/job/USAVAReston/Senior-Software-Engineer--DBaas--US-Federal-_JR-0108508,Workday,"Senior Software Engineer, DBaas (US Federal)",USA.VA.Reston,,https://workday.wd5.myworkdayjobs.com/en-US/Workday/job/USAVAReston/Senior-Software-Engineer--DBaas--US-Federal-_JR-0108508,Posted 21 Days Ago,2026-06-22,2026-07-13T21:59:11+00:00,2026-07-13 14:59 Mon,Software Engineering,true,Keyword,40,keyword-only heuristic,false,workday:Workday:/job/USAVAReston/Senior-Software-Engineer--DBaas--US-Federal-_JR-0108508
Workday:/job/USA-CA-Pleasanton/Senior-Software-Engineer-Software-Engineer-III--Data-Engineering-_JR-0106163,Workday,Senior Software Engineer/Software Engineer III (Data Engineering),USA-CA-Pleasanton,,https://workday.wd5.myworkdayjobs.com/en-US/Workday/job/USA-CA-Pleasanton/Senior-Software-Engineer-Software-Engineer-III--Data-Engineering-_JR-0106163,Posted Yesterday,2026-08-31,2026-08-30T19:17:35+00:00,2026-08-30 12:17 Sun,,false,,,,false,workday:Workday:/job/USA-CA-Pleasanton/Senior-Software-Engineer-Software-Engineer-III--Data-Engineering-_JR-0106163
Workday:/job/USA-TX-Remote/Senior-Solution-Consultant--Planning-_JR-0106669,Workday,Senior Solution Consultant (Planning),49 Locations,,https://workday.wd5.myworkdayjobs.com/en-US/Workday/job/USA-TX-Remote/Senior-Solution-Consultant--Planning-_JR-0106669,Posted 13 Days Ago,2026-07-08,2026-07-21T19:59:32+00:00,2026-07-21 12:59 Tue,,false,,,,false,workday:Workday:/job/USA-TX-Remote/Senior-Solution-Consultant--Planning-_JR-0106669
Workday:/job/Netherlands-Amsterdam/Senior-Solution-Consultant---Financials_JR-0109190,Workday,Senior Solution Consultant - Financials,"Netherlands, Amsterdam",,https://workday.wd5.myworkdayjobs.com/en-US/Workday/job/Netherlands-Amsterdam/Senior-Solution-Consultant---Financials_JR-0109190,Posted Today,2026-08-14,2026-08-14T11:17:33+00:00,2026-08-14 04:17 Fri,,false,,,,false,workday:Workday:/job/Netherlands-Amsterdam/Senior-Solution-Consultant---Financials_JR-0109190
Workday:/job/Australia-VIC-Melbourne/Senior-Solution-Consultant---HCM_JR-0108614,Workday,Senior Solution Consultant - HCM,"Australia, VIC, Melbourne",,https://workday.wd5.myworkdayjobs.com/en-US/Workday/job/Australia-VIC-Melbourne/Senior-Solution-Consultant---HCM_JR-0108614,Posted Today,2026-08-27,2026-08-26T07:59:16+00:00,2026-08-26 00:59 Wed,,false,,,,false,workday:Workday:/job/Australia-VIC-Melbourne/Senior-Solution-Consultant---HCM_JR-0108614
Workday:/job/New-Zealand-Auckland/Senior-Solution-Consultant---HCM_JR-0109772,Workday,Senior Solution Consultant - HCM,New-Zealand-Auckland,,https://workday.wd5.myworkdayjobs.com/en-US/Workday/job/New-Zealand-Auckland/Senior-Solution-Consultant---HCM_JR-0109772,Posted Today,2026-09-02,2026-09-02T04:59:28+00:00,2026-09-01 21:59 Tue,,false,,,,false,workday:Workday:/job/New-Zealand-Auckland/Senior-Solution-Consultant---HCM_JR-0109772
Workday:/job/India-Mumbai/Senior-Solution-Consultant---Workday-Adaptive-Planning_JR-0108820,Workday,Senior Solution Consultant – Workday Adaptive Planning,"India, Mumbai",,https://workday.wd5.myworkdayjobs.com/en-US/Workday/job/India-Mumbai/Senior-Solution-Consultant---Workday-Adaptive-Planning_JR-0108820,Posted 5 Days Ago,2026-07-19,2026-07-24T10:59:06+00:00,2026-07-24 03:59 Fri,,false,,,,false,workday:Workday:/job/India-Mumbai/Senior-Solution-Consultant---Workday-Adaptive-Planning_JR-0108820
Workday:/job/JPNOsaka/Senior-Solution-Consultant--_JR-0108608,Workday,Senior Solution Consultant（人事領域）,JPN.Osaka,,https://workday.wd5.myworkdayjobs.com/en-US/Workday/job/JPNOsaka/Senior-Solution-Consultant--_JR-0108608,Posted 7 Days Ago,2026-07-04,2026-07-11T03:36:34+00:00,2026-07-10 20:36 Fri,,false,,,,false,workday:Workday:/job/JPNOsaka/Senior-Solution-Consultant--_JR-0108608
Workday:/job/France-Paris/Senior-Solution-Consulting-Director--South-Europe_JR-0107502,Workday,"Senior Solution Consulting Director, South Europe","France, Paris",,https://workday.wd5.myworkdayjobs.com/en-US/Workday/job/France-Paris/Senior-Solution-Consulting-Director--South-Europe_JR-0107502,Posted Today,2026-07-20,2026-07-20T15:05:20+00:00,2026-07-20 08:05 Mon,,false,,,,false,workday:Workday:/job/France-Paris/Senior-Solution-Consulting-Director--South-Europe_JR-0107502
Workday:/job/United-Kingdom-London/Senior-Solutions-Consultant_JR-0107325,Workday,Senior Solutions Consultant,"United Kingdom, London",,https://workday.wd5.myworkdayjobs.com/en-US/Workday/job/United-Kingdom-London/Senior-Solutions-Consultant_JR-0107325,Posted Today,2026-09-02,2026-08-04T09:17:27+00:00,2026-08-04 02:17 Tue,,false,,,,false,workday:Workday:/job/United-Kingdom-London/Senior-Solutions-Consultant_JR-0107325
Workday:/job/INDPune/Senior-SOX-IT-Auditor_JR-0109076,Workday,Senior SOX IT Auditor,IND.Pune,,https://workday.wd5.myworkdayjobs.com/en-US/Workday/job/INDPune/Senior-SOX-IT-Auditor_JR-0109076,Posted Today,2026-08-14,2026-08-14T14:41:58+00:00,2026-08-14 07:41 Fri,,false,,,,false,workday:Workday:/job/INDPune/Senior-SOX-IT-Auditor_JR-0109076
Workday:/job/USA-GA-Atlanta/Senior-Specialized-Customer-Success-Manager--CLM--Evisort-_JR-0109106-1,Workday,"Senior Specialized Customer Success Manager, CLM (Evisort)",USA-GA-Atlanta,,https://workday.wd5.myworkdayjobs.com/en-US/Workday/job/USA-GA-Atlanta/Senior-Specialized-Customer-Success-Manager--CLM--Evisort-_JR-0109106-1,Posted 2 Days Ago,2026-08-21,2026-08-01T00:17:19+00:00,2026-07-31 17:17 Fri,,false,,,,false,workday:Workday:/job/USA-GA-Atlanta/Senior-Specialized-Customer-Success-Manager--CLM--Evisort-_JR-0109106-1
Workday:/job/USA-CO-Boulder/Senior-Specialized-Customer-Success-Manager--CLM--Evisort-_JR-0109106-1,Workday,"Senior Specialized Customer Success Manager, CLM (Evisort)",USA-CO-Boulder,,https://workday.wd5.myworkdayjobs.com/en-US/Workday/job/USA-CO-Boulder/Senior-Specialized-Customer-Success-Manager--CLM--Evisort-_JR-0109106-1,Posted Yesterday,2026-08-24,2026-08-23T17:34:31+00:00,2026-08-23 10:34 Sun,,false,,,,false,workday:Workday:/job/USA-CO-Boulder/Senior-Specialized-Customer-Success-Manager--CLM--Evisort-_JR-0109106-1
Workday:/job/Japan-Tokyo/Senior-Strategic-Program---Activation-Manager---JAPAN_JR-0109536,Workday,Senior Strategic Program & Activation Manager - JAPAN,"Japan, Tokyo",,https://workday.wd5.myworkdayjobs.com/en-US/Workday/job/Japan-Tokyo/Senior-Strategic-Program---Activation-Manager---JAPAN_JR-0109536,Posted Today,2026-08-22,2026-08-21T10:49:00+00:00,2026-08-21 03:49 Fri,,false,,,,false,workday:Workday:/job/Japan-Tokyo/Senior-Strategic-Program---Activation-Manager---JAPAN_JR-0109536
Workday:/job/USA-CA-Pleasanton/Tax-Provision-Manager_JR-0102669,Workday,Senior Tax Provision Manager,9 Locations,,https://workday.wd5.myworkdayjobs.com/en-US/Workday/job/USA-CA-Pleasanton/Tax-Provision-Manager_JR-0102669,Posted 18 Days Ago,2026-06-28,2026-07-16T21:17:39+00:00,2026-07-16 14:17 Thu,,false,,,,false,workday:Workday:/job/USA-CA-Pleasanton/Tax-Provision-Manager_JR-0102669
Workday:/job/Japan-Tokyo/Senior-Technical-Account-Manager_JR-0107219,Workday,Senior Technical Account Manager,"Japan, Tokyo",,https://workday.wd5.myworkdayjobs.com/en-US/Workday/job/Japan-Tokyo/Senior-Technical-Account-Manager_JR-0107219,Posted 21 Days Ago,2026-06-22,2026-07-13T05:40:50+00:00,2026-07-12 22:40 Sun,,false,,,,false,workday:Workday:/job/Japan-Tokyo/Senior-Technical-Account-Manager_JR-0107219
Workday:/job/Poland-Warsaw/Sr-Technical-Account-Manager_JR-0104224,Workday,Senior Technical Account Manager,"Poland, Warsaw",,https://workday.wd5.myworkdayjobs.com/en-US/Workday/job/Poland-Warsaw/Sr-Technical-Account-Manager_JR-0104224,Posted 30+ Days Ago,2026-07-19,2026-08-18T12:10:51+00:00,2026-08-18 05:10 Tue,,false,,,,false,workday:Workday:/job/Poland-Warsaw/Sr-Technical-Account-Manager_JR-0104224
Workday:/job/Japan-Tokyo/Senior-Technical-Account-Manager_JR-0108569,Workday,Senior Technical Account Manager,"Japan, Tokyo",,https://workday.wd5.myworkdayjobs.com/en-US/Workday/job/Japan-Tokyo/Senior-Technical-Account-Manager_JR-0108569,Posted Today,2026-09-02,2026-09-01T18:17:36+00:00,2026-09-01 11:17 Tue,,false,,,,false,workday:Workday:/job/Japan-Tokyo/Senior-Technical-Account-Manager_JR-0108569
Workday:/job/INDPune/Senior-Technical-Account-Manager--APJ-Shift-_JR-0109508,Workday,Senior Technical Account Manager (APJ Shift),IND.Pune,,https://workday.wd5.myworkdayjobs.com/en-US/Workday/job/INDPune/Senior-Technical-Account-Manager--APJ-Shift-_JR-0109508,Posted 4 Days Ago,2026-08-29,2026-08-28T09:41:47+00:00,2026-08-28 02:41 Fri,,false,,,,false,workday:Workday:/job/INDPune/Senior-Technical-Account-Manager--APJ-Shift-_JR-0109508
Workday:/job/INDPune/Senior-Technical-Account-Manager--EMEA-Shift-_JR-0105141,Workday,Senior Technical Account Manager (EMEA Shift),IND.Pune,,https://workday.wd5.myworkdayjobs.com/en-US/Workday/job/INDPune/Senior-Technical-Account-Manager--EMEA-Shift-_JR-0105141,Posted 30+ Days Ago,2026-07-19,2026-08-18T12:10:51+00:00,2026-08-18 05:10 Tue,,false,,,,false,workday:Workday:/job/INDPune/Senior-Technical-Account-Manager--EMEA-Shift-_JR-0105141
Workday:/job/USA-IL-Remote/Senior-Technical-Advisory-Consultant----Extend---Workday-Success-Plans_JR-0107300,Workday,Senior Technical Advisory Consultant -  Extend - Workday Success Plans,USA-IL-Remote,,https://workday.wd5.myworkdayjobs.com/en-US/Workday/job/USA-IL-Remote/Senior-Technical-Advisory-Consultant----Extend---Workday-Success-Plans_JR-0107300,Posted Yesterday,2026-08-26,2026-07-11T03:36:34+00:00,2026-07-10 20:36 Fri,,false,,,,false,workday:Workday:/job/USA-IL-Remote/Senior-Technical-Advisory-Consultant----Extend---Workday-Success-Plans_JR-0107300
Workday:/job/USA-IL-Remote/Senior-Technical-Advisory-Consultant----Extend---Workday-Success-Plans_JR-0109443,Workday,Senior Technical Advisory Consultant -  Extend - Workday Success Plans,USA-IL-Remote,,https://workday.wd5.myworkdayjobs.com/en-US/Workday/job/USA-IL-Remote/Senior-Technical-Advisory-Consultant----Extend---Workday-Success-Plans_JR-0109443,Posted Today,2026-09-02,2026-09-01T17:32:05+00:00,2026-09-01 10:32 Tue,,false,,,,false,workday:Workday:/job/USA-IL-Remote/Senior-Technical-Advisory-Consultant----Extend---Workday-Success-Plans_JR-0109443
Workday:/job/USA-CA-Pleasanton/Senior-Technical-Consultant_JR-0107960,Workday,Senior Technical Consultant,11 Locations,,https://workday.wd5.myworkdayjobs.com/en-US/Workday/job/USA-CA-Pleasanton/Senior-Technical-Consultant_JR-0107960,Posted 9 Days Ago,2026-07-02,2026-07-11T03:36:34+00:00,2026-07-10 20:36 Fri,,false,,,,false,workday:Workday:/job/USA-CA-Pleasanton/Senior-Technical-Consultant_JR-0107960
Workday:/job/USA-IL-Remote/Senior-Technical-Consultant---Data-Conversion_JR-0108957,Workday,Senior Technical Consultant - Data Conversion(Healthcare),13 Locations,,https://workday.wd5.myworkdayjobs.com/en-US/Workday/job/USA-IL-Remote/Senior-Technical-Consultant---Data-Conversion_JR-0108957,Posted 4 Days Ago,2026-07-24,2026-07-28T21:17:59+00:00,2026-07-28 14:17 Tue,,false,,,,false,workday:Workday:/job/USA-IL-Remote/Senior-Technical-Consultant---Data-Conversion_JR-0108957
Workday:/job/USA-GA-Atlanta/Senior-Technical-Consultant---Paradox_JR-0108065,Workday,Senior Technical Consultant - Paradox,72 Locations,,https://workday.wd5.myworkdayjobs.com/en-US/Workday/job/USA-GA-Atlanta/Senior-Technical-Consultant---Paradox_JR-0108065,Posted 13 Days Ago,2026-06-28,2026-07-11T03:36:34+00:00,2026-07-10 20:36 Fri,,false,,,,false,workday:Workday:/job/USA-GA-Atlanta/Senior-Technical-Consultant---Paradox_JR-0108065
Workday:/job/USA-GA-Atlanta/Senior-Technical-Consultant---Paradox_JR-0109626,Workday,Senior Technical Consultant - Paradox,USA-GA-Atlanta,,https://workday.wd5.myworkdayjobs.com/en-US/Workday/job/USA-GA-Atlanta/Senior-Technical-Consultant---Paradox_JR-0109626,Posted Yesterday,2026-08-27,2026-08-26T13:59:54+00:00,2026-08-26 06:59 Wed,,false,,,,false,workday:Workday:/job/USA-GA-Atlanta/Senior-Technical-Consultant---Paradox_JR-0109626
Workday:/job/USA-Remote/Senior-Technical-Consultant--Integrations---State---Local-Government_JR-0108797,Workday,"Senior Technical Consultant, Integrations – State & Local Government",USA Remote,,https://workday.wd5.myworkdayjobs.com/en-US/Workday/job/USA-Remote/Senior-Technical-Consultant--Integrations---State---Local-Government_JR-0108797,Posted Yesterday,2026-09-01,2026-07-14T22:40:39+00:00,2026-07-14 15:40 Tue,,false,,,,false,workday:Workday:/job/USA-Remote/Senior-Technical-Consultant--Integrations---State---Local-Government_JR-0108797
Workday:/job/USA-CA-Pleasanton/Senior-Technology-Auditor_JR-0107667,Workday,Senior Technology Auditor,"USA, CA, Pleasanton",,https://workday.wd5.myworkdayjobs.com/en-US/Workday/job/USA-CA-Pleasanton/Senior-Technology-Auditor_JR-0107667,Posted 12 Days Ago,2026-06-29,2026-07-11T03:36:34+00:00,2026-07-10 20:36 Fri,,false,,,,false,workday:Workday:/job/USA-CA-Pleasanton/Senior-Technology-Auditor_JR-0107667
Workday:/job/Singapore/Value-Manager_JR-0104425-1,Workday,Senior Value Manager | ASEAN & South Korea,Singapore,,https://workday.wd5.myworkdayjobs.com/en-US/Workday/job/Singapore/Value-Manager_JR-0104425-1,Posted 17 Days Ago,2026-06-24,2026-07-11T03:36:34+00:00,2026-07-10 20:36 Fri,,false,,,,false,workday:Workday:/job/Singapore/Value-Manager_JR-0104425-1
Workday:/job/INDPune/Senior-Workday--Consultant--Multiple-roles---Comp---adv-Comp--Talent-Performance--Workday-Advisory-Services_JR-0108618,Workday,"Senior Workday  Consultant, Multiple roles: (Comp & adv. Comp, Talent Performance) Workday Advisory Services",IND.Pune,,https://workday.wd5.myworkdayjobs.com/en-US/Workday/job/INDPune/Senior-Workday--Consultant--Multiple-roles---Comp---adv-Comp--Talent-Performance--Workday-Advisory-Services_JR-0108618,Posted 4 Days Ago,2026-07-07,2026-07-11T03:36:34+00:00,2026-07-10 20:36 Fri,,false,,,,false,workday:Workday:/job/INDPune/Senior-Workday--Consultant--Multiple-roles---Comp---adv-Comp--Talent-Performance--Workday-Advisory-Services_JR-0108618
Workday:/job/Germany-Munich/Senior-Workday-Extend-Consultant_JR-0107798,Workday,Senior Workday Extend Platform Consultant,2 Locations,,https://workday.wd5.myworkdayjobs.com/en-US/Workday/job/Germany-Munich/Senior-Workday-Extend-Consultant_JR-0107798,Posted 8 Days Ago,2026-07-03,2026-07-11T03:36:34+00:00,2026-07-10 20:36 Fri,,false,,,,false,workday:Workday:/job/Germany-Munich/Senior-Workday-Extend-Consultant_JR-0107798
Workday:/job/United-Kingdom-London/Senior-Workday-Extend-Consultant_JR-0106830,Workday,Senior Workday Extend Platform Consultant,"United Kingdom, London",,https://workday.wd5.myworkdayjobs.com/en-US/Workday/job/United-Kingdom-London/Senior-Workday-Extend-Consultant_JR-0106830,Posted 10 Days Ago,2026-07-14,2026-07-24T15:41:48+00:00,2026-07-24 08:41 Fri,,false,,,,false,workday:Workday:/job/United-Kingdom-London/Senior-Workday-Extend-Consultant_JR-0106830
Workday:/job/INDPune/Senior-Workday-Success-Plans-Consultant--Financial-Reporting---Prism-Analytics-_JR-0104612,Workday,Senior Workday Financial Reporting Consultant - Workday Advisory Services,IND.Pune,,https://workday.wd5.myworkdayjobs.com/en-US/Workday/job/INDPune/Senior-Workday-Success-Plans-Consultant--Financial-Reporting---Prism-Analytics-_JR-0104612,Posted 4 Days Ago,2026-08-29,2026-07-16T11:17:29+00:00,2026-07-16 04:17 Thu,,false,,,,false,workday:Workday:/job/INDPune/Senior-Workday-Success-Plans-Consultant--Financial-Reporting---Prism-Analytics-_JR-0104612
Workday:/job/USA-GA-Atlanta/Senior-Principal-Machine-Learning-Engineer_JR-0105599,Workday,Senior/Principal AI Engineer,"USA, GA, Atlanta",,https://workday.wd5.myworkdayjobs.com/en-US/Workday/job/USA-GA-Atlanta/Senior-Principal-Machine-Learning-Engineer_JR-0105599,Posted 16 Days Ago,2026-06-25,2026-07-11T03:36:34+00:00,2026-07-10 20:36 Fri,,false,,,,false,workday:Workday:/job/USA-GA-Atlanta/Senior-Principal-Machine-Learning-Engineer_JR-0105599
Workday:/job/USA-CA-Pleasanton/Senior-Principal-Machine-Learning-Engineer_JR-0102782,Workday,Senior/Principal AI Engineer,2 Locations,,https://workday.wd5.myworkdayjobs.com/en-US/Workday/job/USA-CA-Pleasanton/Senior-Principal-Machine-Learning-Engineer_JR-0102782,Posted 20 Days Ago,2026-06-25,2026-07-15T06:17:51+00:00,2026-07-14 23:17 Tue,,false,,,,false,workday:Workday:/job/USA-CA-Pleasanton/Senior-Principal-Machine-Learning-Engineer_JR-0102782
Workday:/job/Sweden-Stockholm/Senior-Product-Designer_JR-0108411,Workday,Senior/Principal Product Designer - Sana,"Sweden, Stockholm",,https://workday.wd5.myworkdayjobs.com/en-US/Workday/job/Sweden-Stockholm/Senior-Product-Designer_JR-0108411,Posted Today,2026-09-02,2026-08-17T11:17:29+00:00,2026-08-17 04:17 Mon,,false,,,,false,workday:Workday:/job/Sweden-Stockholm/Senior-Product-Designer_JR-0108411
Workday:/job/USA-Remote/Services-Executive---Higher-Education---Government_JR-0107952,Workday,Services Executive - Higher Education & Government,USA Remote,,https://workday.wd5.myworkdayjobs.com/en-US/Workday/job/USA-Remote/Services-Executive---Higher-Education---Government_JR-0107952,Posted 10 Days Ago,2026-07-01,2026-07-11T03:36:34+00:00,2026-07-10 20:36 Fri,,false,,,,false,workday:Workday:/job/USA-Remote/Services-Executive---Higher-Education---Government_JR-0107952
Workday:/job/USA-GA-Atlanta/Services-Executive-Workday-Go--Platform_JR-0109008,Workday,"Services Executive Workday Go, Platform",USA-GA-Atlanta,,https://workday.wd5.myworkdayjobs.com/en-US/Workday/job/USA-GA-Atlanta/Services-Executive-Workday-Go--Platform_JR-0109008,Posted Yesterday,2026-08-26,2026-07-27T22:17:22+00:00,2026-07-27 15:17 Mon,,false,,,,false,workday:Workday:/job/USA-GA-Atlanta/Services-Executive-Workday-Go--Platform_JR-0109008
Workday:/job/USAVAReston/Analytics-Software-Engineer---US-Federal_JR-0105490-1,Workday,Site Reliability Engineer (US Federal),USA.VA.Reston,,https://workday.wd5.myworkdayjobs.com/en-US/Workday/job/USAVAReston/Analytics-Software-Engineer---US-Federal_JR-0105490-1,Posted 9 Days Ago,2026-07-17,2026-07-26T08:59:28+00:00,2026-07-26 01:59 Sun,Software Engineering,true,Keyword,40,keyword-only heuristic,false,workday:Workday:/job/USAVAReston/Analytics-Software-Engineer---US-Federal_JR-0105490-1
Workday:/job/USAVAReston/Analytics-Sr-Software-Engineer--US-Federal-_JR-0105546,Workday,Site Reliability Engineer (US Federal),USA.VA.Reston,,https://workday.wd5.myworkdayjobs.com/en-US/Workday/job/USAVAReston/Analytics-Sr-Software-Engineer--US-Federal-_JR-0105546,Posted 9 Days Ago,2026-07-17,2026-07-26T08:59:28+00:00,2026-07-26 01:59 Sun,Software Engineering,true,Keyword,40,keyword-only heuristic,false,workday:Workday:/job/USAVAReston/Analytics-Sr-Software-Engineer--US-Federal-_JR-0105546
Workday:/job/USAVAReston/Site-Reliability-Engineer--US-Federal-_JR-0105488,Workday,Site Reliability Engineer (US Federal),USA.VA.Reston,,https://workday.wd5.myworkdayjobs.com/en-US/Workday/job/USAVAReston/Site-Reliability-Engineer--US-Federal-_JR-0105488,Posted 9 Days Ago,2026-07-17,2026-07-26T08:59:28+00:00,2026-07-26 01:59 Sun,Software Engineering,true,Keyword,40,keyword-only heuristic,false,workday:Workday:/job/USAVAReston/Site-Reliability-Engineer--US-Federal-_JR-0105488
Workday:/job/Ireland-Dublin/Site-Reliability-Engineer---Multicloud-Platform_JR-0106305,Workday,Site Reliability Engineer - Multicloud Platform,"Ireland, Dublin",,https://workday.wd5.myworkdayjobs.com/en-US/Workday/job/Ireland-Dublin/Site-Reliability-Engineer---Multicloud-Platform_JR-0106305,Posted 7 Days Ago,2026-07-04,2026-07-11T03:36:34+00:00,2026-07-10 20:36 Fri,,false,,,,false,workday:Workday:/job/Ireland-Dublin/Site-Reliability-Engineer---Multicloud-Platform_JR-0106305
Workday:/job/USAVAReston/Software-Application-Engineer--US-Federal-_JR-0107995,Workday,Software Application Engineer (US Federal),USA.VA.Reston,,https://workday.wd5.myworkdayjobs.com/en-US/Workday/job/USAVAReston/Software-Application-Engineer--US-Federal-_JR-0107995,Posted 5 Days Ago,2026-07-06,2026-07-11T03:36:34+00:00,2026-07-10 20:36 Fri,,false,,,,false,workday:Workday:/job/USAVAReston/Software-Application-Engineer--US-Federal-_JR-0107995
Workday:/job/USAVAReston/Software-Application-Engineer--US-Federal-_JR-0109153,Workday,Software Application Engineer (US Federal),USA.VA.Reston,,https://workday.wd5.myworkdayjobs.com/en-US/Workday/job/USAVAReston/Software-Application-Engineer--US-Federal-_JR-0109153,Posted Today,2026-08-12,2026-08-12T03:17:15+00:00,2026-08-11 20:17 Tue,Other Technical,true,Keyword,40,keyword-only heuristic (title only),false,workday:Workday:/job/USAVAReston/Software-Application-Engineer--US-Federal-_JR-0109153
Workday:/job/INDChennai/Software-Developer---Authentication_JR-0104218-1,Workday,Software Developer - Authentication,IND.Chennai,,https://workday.wd5.myworkdayjobs.com/en-US/Workday/job/INDChennai/Software-Developer---Authentication_JR-0104218-1,Posted Today,2026-07-13,2026-07-13T17:58:57+00:00,2026-07-13 10:58 Mon,,false,,,,false,workday:Workday:/job/INDChennai/Software-Developer---Authentication_JR-0104218-1
Workday:/job/USAVAReston/Analytics-Sr-Software-Engineer--US-Federal-_JR-0105496,Workday,Software Development  Engineer (US Federal),USA.VA.Reston,,https://workday.wd5.myworkdayjobs.com/en-US/Workday/job/USAVAReston/Analytics-Sr-Software-Engineer--US-Federal-_JR-0105496,Posted 30+ Days Ago,2026-07-19,2026-08-18T12:10:51+00:00,2026-08-18 05:10 Tue,Software Engineering,true,Keyword,40,keyword-only heuristic (title only),false,workday:Workday:/job/USAVAReston/Analytics-Sr-Software-Engineer--US-Federal-_JR-0105496
Workday:/job/USAVAReston/Software-Development-Engineer_JR-0108422,Workday,Software Development Engineer,USA.VA.Reston,,https://workday.wd5.myworkdayjobs.com/en-US/Workday/job/USAVAReston/Software-Development-Engineer_JR-0108422,Posted 5 Days Ago,2026-07-06,2026-07-11T03:36:34+00:00,2026-07-10 20:36 Fri,,false,,,,false,workday:Workday:/job/USAVAReston/Software-Development-Engineer_JR-0108422
Workday:/job/USA-CA-Pleasanton/Software-Development-Engineer_JR-0107735,Workday,Software Development Engineer,"USA, CA, Pleasanton",,https://workday.wd5.myworkdayjobs.com/en-US/Workday/job/USA-CA-Pleasanton/Software-Development-Engineer_JR-0107735,Posted Today,2026-09-02,2026-08-07T20:15:53+00:00,2026-08-07 13:15 Fri,Software Engineering,true,Keyword,40,keyword-only heuristic (title only),false,workday:Workday:/job/USA-CA-Pleasanton/Software-Development-Engineer_JR-0107735
Workday:/job/Canada-BC-Vancouver/Software-Development-Engineer--Agent-Factory-_JR-0108831,Workday,Software Development Engineer (Agent Factory),Canada-BC-Vancouver,,https://workday.wd5.myworkdayjobs.com/en-US/Workday/job/Canada-BC-Vancouver/Software-Development-Engineer--Agent-Factory-_JR-0108831,Posted Today,2026-08-07,2026-08-07T22:14:59+00:00,2026-08-07 15:14 Fri,,false,,,,false,workday:Workday:/job/Canada-BC-Vancouver/Software-Development-Engineer--Agent-Factory-_JR-0108831
Workday:/job/Vietnam/Software-Development-Engineer---Front-end---HCMC_JR-0108968,Workday,Software Development Engineer (Front-end) - Ho Chi Minh City,Vietnam,,https://workday.wd5.myworkdayjobs.com/en-US/Workday/job/Vietnam/Software-Development-Engineer---Front-end---HCMC_JR-0108968,Posted Today,2026-08-07,2026-08-07T08:25:22+00:00,2026-08-07 01:25 Fri,,false,,,,false,workday:Workday:/job/Vietnam/Software-Development-Engineer---Front-end---HCMC_JR-0108968
Workday:/job/VNMHo-Chi-Minh/Software-Development-Engineer---Front-end---HCMC_JR-0108968,Workday,Software Development Engineer (Front-end) - Ho Chi Minh City,VNM.Ho Chi Minh,,https://workday.wd5.myworkdayjobs.com/en-US/Workday/job/VNMHo-Chi-Minh/Software-Development-Engineer---Front-end---HCMC_JR-0108968,Posted 11 Days Ago,2026-08-07,2026-08-18T12:10:51+00:00,2026-08-18 05:10 Tue,,false,,,,false,workday:Workday:/job/VNMHo-Chi-Minh/Software-Development-Engineer---Front-end---HCMC_JR-0108968
Workday:/job/Canada-BC-Vancouver/Software-Development-Engineer--Full-Stack----Evisort-AI_JR-0109466,Workday,Software Development Engineer (Full Stack) - Evisort AI,Canada-BC-Vancouver,,https://workday.wd5.myworkdayjobs.com/en-US/Workday/job/Canada-BC-Vancouver/Software-Development-Engineer--Full-Stack----Evisort-AI_JR-0109466,Posted Yesterday,2026-08-26,2026-08-25T18:57:24+00:00,2026-08-25 11:57 Tue,,false,,,,false,workday:Workday:/job/Canada-BC-Vancouver/Software-Development-Engineer--Full-Stack----Evisort-AI_JR-0109466
Workday:/job/Canada-BC-Vancouver/Software-Development-Engineer--Full-Stack----Evisort-AI--Evergreen-_JR-0109817,Workday,Software Development Engineer (Full Stack) - Evisort AI,"Canada, BC, Vancouver",,https://workday.wd5.myworkdayjobs.com/en-US/Workday/job/Canada-BC-Vancouver/Software-Development-Engineer--Full-Stack----Evisort-AI--Evergreen-_JR-0109817,Posted Yesterday,2026-09-01,2026-09-01T23:17:49+00:00,2026-09-01 16:17 Tue,,false,,,,false,workday:Workday:/job/Canada-BC-Vancouver/Software-Development-Engineer--Full-Stack----Evisort-AI--Evergreen-_JR-0109817
Workday:/job/USAVAReston/Software-Development-Engineer---ML-Ops--US-Federal-_JR-0105395,Workday,Software Development Engineer (US Federal),USA.VA.Reston,,https://workday.wd5.myworkdayjobs.com/en-US/Workday/job/USAVAReston/Software-Development-Engineer---ML-Ops--US-Federal-_JR-0105395,Posted 14 Days Ago,2026-06-27,2026-07-11T03:36:34+00:00,2026-07-10 20:36 Fri,,false,,,,false,workday:Workday:/job/USAVAReston/Software-Development-Engineer---ML-Ops--US-Federal-_JR-0105395
Workday:/job/USAVAReston/Software-Development-Engineer--US-Federal-_JR-0105421,Workday,Software Development Engineer (US Federal),USA.VA.Reston,,https://workday.wd5.myworkdayjobs.com/en-US/Workday/job/USAVAReston/Software-Development-Engineer--US-Federal-_JR-0105421,Posted Yesterday,2026-08-25,2026-07-11T03:36:34+00:00,2026-07-10 20:36 Fri,,false,,,,false,workday:Workday:/job/USAVAReston/Software-Development-Engineer--US-Federal-_JR-0105421
Workday:/job/USAVAReston/Software-Development-Engineer--US-Federal-_JR-0105439,Workday,Software Development Engineer (US Federal),USA.VA.Reston,,https://workday.wd5.myworkdayjobs.com/en-US/Workday/job/USAVAReston/Software-Development-Engineer--US-Federal-_JR-0105439,Posted 3 Days Ago,2026-08-29,2026-08-22T02:59:15+00:00,2026-08-21 19:59 Fri,,false,,,,false,workday:Workday:/job/USAVAReston/Software-Development-Engineer--US-Federal-_JR-0105439
Workday:/job/USA-CA-Pleasanton/Software-Development-Engineer---AI-Tools_JR-0108293,Workday,Software Development Engineer - AI Tools,"USA, CA, Pleasanton",,https://workday.wd5.myworkdayjobs.com/en-US/Workday/job/USA-CA-Pleasanton/Software-Development-Engineer---AI-Tools_JR-0108293,Posted 8 Days Ago,2026-07-03,2026-07-11T03:36:34+00:00,2026-07-10 20:36 Fri,,false,,,,false,workday:Workday:/job/USA-CA-Pleasanton/Software-Development-Engineer---AI-Tools_JR-0108293
Workday:/job/USA-GA-Atlanta/Software-Development-Engineer---AI-Tools_JR-0108294,Workday,Software Development Engineer - AI Tools,"USA, GA, Atlanta",,https://workday.wd5.myworkdayjobs.com/en-US/Workday/job/USA-GA-Atlanta/Software-Development-Engineer---AI-Tools_JR-0108294,Posted 6 Days Ago,2026-07-17,2026-07-23T01:11:53+00:00,2026-07-22 18:11 Wed,,false,,,,false,workday:Workday:/job/USA-GA-Atlanta/Software-Development-Engineer---AI-Tools_JR-0108294
Workday:/job/USA-CA-Pleasanton/Software-Development-Engineer---Authorization-and-Configurable-Security_JR-0108911,Workday,Software Development Engineer - Authorization and Configurable Security,"USA, CA, Pleasanton",,https://workday.wd5.myworkdayjobs.com/en-US/Workday/job/USA-CA-Pleasanton/Software-Development-Engineer---Authorization-and-Configurable-Security_JR-0108911,Posted 3 Days Ago,2026-07-26,2026-07-29T16:41:46+00:00,2026-07-29 09:41 Wed,,false,,,,false,workday:Workday:/job/USA-CA-Pleasanton/Software-Development-Engineer---Authorization-and-Configurable-Security_JR-0108911
Workday:/job/Ireland-Dublin/Software-Development-Engineer---Data-Platform_JR-0108934,Workday,Software Development Engineer - Data Platform,"Ireland, Dublin",,https://workday.wd5.myworkdayjobs.com/en-US/Workday/job/Ireland-Dublin/Software-Development-Engineer---Data-Platform_JR-0108934,Posted Today,2026-08-26,2026-08-05T11:41:59+00:00,2026-08-05 04:41 Wed,,false,,,,false,workday:Workday:/job/Ireland-Dublin/Software-Development-Engineer---Data-Platform_JR-0108934
Workday:/job/USA-CO-Boulder/Software-Development-Engineer_JR-0107838,Workday,Software Development Engineer - Developer Platform,"USA, CO, Boulder",,https://workday.wd5.myworkdayjobs.com/en-US/Workday/job/USA-CO-Boulder/Software-Development-Engineer_JR-0107838,Posted 4 Days Ago,2026-07-27,2026-07-31T00:17:16+00:00,2026-07-30 17:17 Thu,,false,,,,false,workday:Workday:/job/USA-CO-Boulder/Software-Development-Engineer_JR-0107838
Workday:/job/Ireland-Dublin/Software-Development-Engineer---DevOps---Security_JR-0108536,Workday,Software Development Engineer - DevOps - Security,"Ireland, Dublin",,https://workday.wd5.myworkdayjobs.com/en-US/Workday/job/Ireland-Dublin/Software-Development-Engineer---DevOps---Security_JR-0108536,Posted Today,2026-08-05,2026-08-05T08:59:24+00:00,2026-08-05 01:59 Wed,,false,,,,false,workday:Workday:/job/Ireland-Dublin/Software-Development-Engineer---DevOps---Security_JR-0108536
Workday:/job/USA-CA-Pleasanton/Software-Development-Engineer---Document-Intelligence_JR-0107516,Workday,Software Development Engineer - Document Intelligence,"USA, CA, Pleasanton",,https://workday.wd5.myworkdayjobs.com/en-US/Workday/job/USA-CA-Pleasanton/Software-Development-Engineer---Document-Intelligence_JR-0107516,Posted Yesterday,2026-08-26,2026-08-25T14:17:34+00:00,2026-08-25 07:17 Tue,Computer Vision,true,Keyword,91,keyword-only heuristic,true,workday:Workday:/job/USA-CA-Pleasanton/Software-Development-Engineer---Document-Intelligence_JR-0107516
Workday:/job/USA-GA-Atlanta/Software-Engineer_JR-0106716,Workday,Software Development Engineer - Evisort AI,"USA, GA, Atlanta",,https://workday.wd5.myworkdayjobs.com/en-US/Workday/job/USA-GA-Atlanta/Software-Engineer_JR-0106716,Posted 12 Days Ago,2026-06-29,2026-07-11T03:36:34+00:00,2026-07-10 20:36 Fri,,false,,,,false,workday:Workday:/job/USA-GA-Atlanta/Software-Engineer_JR-0106716
Workday:/job/USAVAReston/Software-Development-Engineer---Integration-Platform--US-Federal-_JR-0105495,Workday,Software Development Engineer - Integration Platform (US Federal),USA.VA.Reston,,https://workday.wd5.myworkdayjobs.com/en-US/Workday/job/USAVAReston/Software-Development-Engineer---Integration-Platform--US-Federal-_JR-0105495,Posted 30+ Days Ago,2026-07-19,2026-08-18T12:10:51+00:00,2026-08-18 05:10 Tue,Software Engineering,true,Keyword,40,keyword-only heuristic (title only),false,workday:Workday:/job/USAVAReston/Software-Development-Engineer---Integration-Platform--US-Federal-_JR-0105495
Workday:/job/USAVAReston/Software-Development-Engineer--US-Federal-_JR-0105089,Workday,Software Development Engineer - Integration Platform (US Federal),USA.VA.Reston,,https://workday.wd5.myworkdayjobs.com/en-US/Workday/job/USAVAReston/Software-Development-Engineer--US-Federal-_JR-0105089,Posted 30+ Days Ago,2026-07-19,2026-08-18T12:10:51+00:00,2026-08-18 05:10 Tue,Software Engineering,true,Keyword,40,keyword-only heuristic (title only),false,workday:Workday:/job/USAVAReston/Software-Development-Engineer--US-Federal-_JR-0105089
Workday:/job/USAVAReston/Software-Development-Engineer---ML-Ops--US-Federal-_JR-0105400,Workday,Software Development Engineer - ML Ops (US Federal),USA.VA.Reston,,https://workday.wd5.myworkdayjobs.com/en-US/Workday/job/USAVAReston/Software-Development-Engineer---ML-Ops--US-Federal-_JR-0105400,Posted 21 Days Ago,2026-06-22,2026-07-13T15:17:05+00:00,2026-07-13 08:17 Mon,,false,,,,false,workday:Workday:/job/USAVAReston/Software-Development-Engineer---ML-Ops--US-Federal-_JR-0105400
Workday:/job/USAVAReston/Software-Development-Engineer---ML-Ops--US-Federal-_JR-0105398,Workday,Software Development Engineer - ML Ops (US Federal),USA.VA.Reston,,https://workday.wd5.myworkdayjobs.com/en-US/Workday/job/USAVAReston/Software-Development-Engineer---ML-Ops--US-Federal-_JR-0105398,Posted 19 Days Ago,2026-06-26,2026-07-15T17:59:55+00:00,2026-07-15 10:59 Wed,,false,,,,false,workday:Workday:/job/USAVAReston/Software-Development-Engineer---ML-Ops--US-Federal-_JR-0105398
Workday:/job/USAVAReston/Software-Development-Engineer---ML-Ops--US-Federal-_JR-0105399,Workday,Software Development Engineer - ML Ops (US Federal),USA.VA.Reston,,https://workday.wd5.myworkdayjobs.com/en-US/Workday/job/USAVAReston/Software-Development-Engineer---ML-Ops--US-Federal-_JR-0105399,Posted 19 Days Ago,2026-06-26,2026-07-15T17:59:55+00:00,2026-07-15 10:59 Wed,,false,,,,false,workday:Workday:/job/USAVAReston/Software-Development-Engineer---ML-Ops--US-Federal-_JR-0105399
Workday:/job/USAVAReston/Software-Development-Engineer---ML-Ops--US-Federal-_JR-0105547,Workday,Software Development Engineer - ML Ops (US Federal),USA.VA.Reston,,https://workday.wd5.myworkdayjobs.com/en-US/Workday/job/USAVAReston/Software-Development-Engineer---ML-Ops--US-Federal-_JR-0105547,Posted 19 Days Ago,2026-06-26,2026-07-15T17:59:55+00:00,2026-07-15 10:59 Wed,,false,,,,false,workday:Workday:/job/USAVAReston/Software-Development-Engineer---ML-Ops--US-Federal-_JR-0105547
Workday:/job/USAVAReston/Software-Development-Engineer---US-Federal--Evergreen-_JR-0105759,Workday,Software Development Engineer - US Federal,USA.VA.Reston,,https://workday.wd5.myworkdayjobs.com/en-US/Workday/job/USAVAReston/Software-Development-Engineer---US-Federal--Evergreen-_JR-0105759,Posted 3 Days Ago,2026-08-22,2026-07-11T03:36:34+00:00,2026-07-10 20:36 Fri,,false,,,,false,workday:Workday:/job/USAVAReston/Software-Development-Engineer---US-Federal--Evergreen-_JR-0105759
Workday:/job/USAVAReston/Software-Development-Engineer---US-Federal_JR-0109287,Workday,Software Development Engineer - US Federal,USA.VA.Reston,,https://workday.wd5.myworkdayjobs.com/en-US/Workday/job/USAVAReston/Software-Development-Engineer---US-Federal_JR-0109287,Posted Yesterday,2026-08-25,2026-08-16T01:41:13+00:00,2026-08-15 18:41 Sat,Software Engineering,true,CLI,38,"The candidate has strong Python/C++ software, machine learning, computer vision, backend, Docker, and testing experience, but the posting provides no role-specific responsibilities and the federal context may require qualifications not evidenced in the resume.",false,workday:Workday:/job/USAVAReston/Software-Development-Engineer---US-Federal_JR-0109287
Workday:/job/USAVAReston/Software-Development-Engineer---US-Federal_JR-0109352,Workday,Software Development Engineer - US Federal,USA.VA.Reston,,https://workday.wd5.myworkdayjobs.com/en-US/Workday/job/USAVAReston/Software-Development-Engineer---US-Federal_JR-0109352,Posted Yesterday,2026-08-20,2026-08-19T07:11:06+00:00,2026-08-19 00:11 Wed,Software Engineering,true,Keyword,40,keyword-only heuristic (title only),false,workday:Workday:/job/USAVAReston/Software-Development-Engineer---US-Federal_JR-0109352
Workday:/job/USAVAReston/Software-Development-Engineer---US-Federal_JR-0108664,Workday,Software Development Engineer - US Federal,USA.VA.Reston,,https://workday.wd5.myworkdayjobs.com/en-US/Workday/job/USAVAReston/Software-Development-Engineer---US-Federal_JR-0108664,Posted Today,2026-08-22,2026-08-21T16:51:28+00:00,2026-08-21 09:51 Fri,,false,,,,false,workday:Workday:/job/USAVAReston/Software-Development-Engineer---US-Federal_JR-0108664
Workday:/job/USAVAReston/Software-Development-Engineer---US-Federal_JR-0108025,Workday,Software Development Engineer - US Federal,USA.VA.Reston,,https://workday.wd5.myworkdayjobs.com/en-US/Workday/job/USAVAReston/Software-Development-Engineer---US-Federal_JR-0108025,Posted 3 Days Ago,2026-08-29,2026-08-22T02:59:15+00:00,2026-08-21 19:59 Fri,,false,,,,false,workday:Workday:/job/USAVAReston/Software-Development-Engineer---US-Federal_JR-0108025
Workday:/job/USAVAReston/Software-Development-Engineer---US-Federal_JR-0109614,Workday,Software Development Engineer - US Federal,USA.VA.Reston,,https://workday.wd5.myworkdayjobs.com/en-US/Workday/job/USAVAReston/Software-Development-Engineer---US-Federal_JR-0109614,Posted Yesterday,2026-09-01,2026-08-26T00:59:47+00:00,2026-08-25 17:59 Tue,,false,,,,false,workday:Workday:/job/USAVAReston/Software-Development-Engineer---US-Federal_JR-0109614
Workday:/job/USAVAReston/Software-Development-Engineer---US-Federal_JR-0109457,Workday,Software Development Engineer - US Federal,USA.VA.Reston,,https://workday.wd5.myworkdayjobs.com/en-US/Workday/job/USAVAReston/Software-Development-Engineer---US-Federal_JR-0109457,Posted Yesterday,2026-09-01,2026-08-31T18:17:43+00:00,2026-08-31 11:17 Mon,Software Engineering,true,Keyword,82,keyword-only heuristic,true,workday:Workday:/job/USAVAReston/Software-Development-Engineer---US-Federal_JR-0109457
Workday:/job/USA-CA-Pleasanton/Software-Development-Engineer---Workday-Everywhere_JR-0108945,Workday,Software Development Engineer - Workday Everywhere,"USA, CA, Pleasanton",,https://workday.wd5.myworkdayjobs.com/en-US/Workday/job/USA-CA-Pleasanton/Software-Development-Engineer---Workday-Everywhere_JR-0108945,Posted 11 Days Ago,2026-07-12,2026-07-23T16:59:38+00:00,2026-07-23 09:59 Thu,,false,,,,false,workday:Workday:/job/USA-CA-Pleasanton/Software-Development-Engineer---Workday-Everywhere_JR-0108945
Workday:/job/USA-CO-Boulder/Software-Development-Engineer---Workday-Everywhere_JR-0108946,Workday,Software Development Engineer - Workday Everywhere,"USA, CO, Boulder",,https://workday.wd5.myworkdayjobs.com/en-US/Workday/job/USA-CO-Boulder/Software-Development-Engineer---Workday-Everywhere_JR-0108946,Posted Today,2026-07-23,2026-07-23T17:17:32+00:00,2026-07-23 10:17 Thu,,false,,,,false,workday:Workday:/job/USA-CO-Boulder/Software-Development-Engineer---Workday-Everywhere_JR-0108946
Workday:/job/USA-CO-Boulder/Software-Development-Engineer-III---Sr-Software-Development-Engineer---AI-Platform_JR-0107962-1,Workday,Software Development Engineer III / Sr. Software Development Engineer - AI Platform,"USA, CO, Boulder",,https://workday.wd5.myworkdayjobs.com/en-US/Workday/job/USA-CO-Boulder/Software-Development-Engineer-III---Sr-Software-Development-Engineer---AI-Platform_JR-0107962-1,Posted Today,2026-08-12,2026-08-12T17:13:58+00:00,2026-08-12 10:13 Wed,,false,,,,false,workday:Workday:/job/USA-CO-Boulder/Software-Development-Engineer-III---Sr-Software-Development-Engineer---AI-Platform_JR-0107962-1
Workday:/job/USA-CO-Boulder/Software-Development-Engineer--AI-Platform_JR-0107870,Workday,"Software Development Engineer, AI Platform","USA, CO, Boulder",,https://workday.wd5.myworkdayjobs.com/en-US/Workday/job/USA-CO-Boulder/Software-Development-Engineer--AI-Platform_JR-0107870,Posted Yesterday,2026-08-19,2026-07-11T03:36:34+00:00,2026-07-10 20:36 Fri,,false,,,,false,workday:Workday:/job/USA-CO-Boulder/Software-Development-Engineer--AI-Platform_JR-0107870
Workday:/job/USAVAReston/Software-Development-Engineer--DevOps--US-Federal-_JR-0097414,Workday,"Software Development Engineer, Azure VDI Engineer (US Federal)",USA.VA.Reston,,https://workday.wd5.myworkdayjobs.com/en-US/Workday/job/USAVAReston/Software-Development-Engineer--DevOps--US-Federal-_JR-0097414,Posted Yesterday,2026-08-21,2026-08-20T20:59:49+00:00,2026-08-20 13:59 Thu,,false,,,,false,workday:Workday:/job/USAVAReston/Software-Development-Engineer--DevOps--US-Federal-_JR-0097414
Workday:/job/USAVAReston/Software-Development-Engineer--SRE---US-Federal-_JR-0105391,Workday,"Software Development Engineer, SRE  (US Federal)",USA.VA.Reston,,https://workday.wd5.myworkdayjobs.com/en-US/Workday/job/USAVAReston/Software-Development-Engineer--SRE---US-Federal-_JR-0105391,Posted 10 Days Ago,2026-07-01,2026-07-11T03:36:34+00:00,2026-07-10 20:36 Fri,,false,,,,false,workday:Workday:/job/USAVAReston/Software-Development-Engineer--SRE---US-Federal-_JR-0105391
Workday:/job/USAVAReston/Software-Development-Engineer--SRE---US-Federal-_JR-0105392,Workday,"Software Development Engineer, SRE  (US Federal)",USA.VA.Reston,,https://workday.wd5.myworkdayjobs.com/en-US/Workday/job/USAVAReston/Software-Development-Engineer--SRE---US-Federal-_JR-0105392,Posted 18 Days Ago,2026-06-29,2026-07-17T01:12:06+00:00,2026-07-16 18:12 Thu,,false,,,,false,workday:Workday:/job/USAVAReston/Software-Development-Engineer--SRE---US-Federal-_JR-0105392
Workday:/job/USA-CA-San-Francisco/Software-Development-Engineer--Pipedream-Connect_JR-0107821,Workday,Software Development Engineer--Pipedream Connect,USA-CA-San-Francisco,,https://workday.wd5.myworkdayjobs.com/en-US/Workday/job/USA-CA-San-Francisco/Software-Development-Engineer--Pipedream-Connect_JR-0107821,Posted Yesterday,2026-08-21,2026-07-11T03:36:34+00:00,2026-07-10 20:36 Fri,,false,,,,false,workday:Workday:/job/USA-CA-San-Francisco/Software-Development-Engineer--Pipedream-Connect_JR-0107821
Workday:/job/Ireland-Dublin/Software-Engineer---Agentic-AI---API-Platform_JR-0108079,Workday,Software Engineer - Agentic AI & API Platform,"Ireland, Dublin",,https://workday.wd5.myworkdayjobs.com/en-US/Workday/job/Ireland-Dublin/Software-Engineer---Agentic-AI---API-Platform_JR-0108079,Posted 17 Days Ago,2026-06-24,2026-07-11T03:36:34+00:00,2026-07-10 20:36 Fri,,false,,,,false,workday:Workday:/job/Ireland-Dublin/Software-Engineer---Agentic-AI---API-Platform_JR-0108079
Workday:/job/USAVAReston/Software-Engineer---DevOps--US-Federal-_JR-0105502,Workday,Software Engineer - DevOps (US Federal),USA.VA.Reston,,https://workday.wd5.myworkdayjobs.com/en-US/Workday/job/USAVAReston/Software-Engineer---DevOps--US-Federal-_JR-0105502,Posted 30+ Days Ago,2026-07-19,2026-08-18T12:10:51+00:00,2026-08-18 05:10 Tue,Software Engineering,true,Keyword,40,keyword-only heuristic (title only),false,workday:Workday:/job/USAVAReston/Software-Engineer---DevOps--US-Federal-_JR-0105502
Workday:/job/Canada-BC-Vancouver/Software-Engineer-III-Senior-Software-Engineer--Full-Stack-_JR-0103512,Workday,Software Engineer III/Senior Software Engineer (Full Stack),"Canada, BC, Vancouver",,https://workday.wd5.myworkdayjobs.com/en-US/Workday/job/Canada-BC-Vancouver/Software-Engineer-III-Senior-Software-Engineer--Full-Stack-_JR-0103512,Posted 30+ Days Ago,2026-07-19,2026-08-18T12:10:51+00:00,2026-08-18 05:10 Tue,,false,,,,false,workday:Workday:/job/Canada-BC-Vancouver/Software-Engineer-III-Senior-Software-Engineer--Full-Stack-_JR-0103512
Workday:/job/USAVAReston/Software-Engineer-Integration-Platform--US-Federal-_JR-0105501,Workday,Software Engineer Integration Platform (US Federal),USA.VA.Reston,,https://workday.wd5.myworkdayjobs.com/en-US/Workday/job/USAVAReston/Software-Engineer-Integration-Platform--US-Federal-_JR-0105501,Posted 30+ Days Ago,2026-07-19,2026-08-18T12:10:51+00:00,2026-08-18 05:10 Tue,Software Engineering,true,Keyword,40,keyword-only heuristic (title only),false,workday:Workday:/job/USAVAReston/Software-Engineer-Integration-Platform--US-Federal-_JR-0105501
Workday:/job/Canada-ON-Toronto/Senior-Software-Engineer---Data-Platform-and-Agent-Trust_JR-0106848,Workday,Software Engineer or Senior Software Engineer - Data Hub,2 Locations,,https://workday.wd5.myworkdayjobs.com/en-US/Workday/job/Canada-ON-Toronto/Senior-Software-Engineer---Data-Platform-and-Agent-Trust_JR-0106848,Posted Today,2026-07-17,2026-07-17T16:59:44+00:00,2026-07-17 09:59 Fri,,false,,,,false,workday:Workday:/job/Canada-ON-Toronto/Senior-Software-Engineer---Data-Platform-and-Agent-Trust_JR-0106848
Workday:/job/USAVAReston/Software-Development-Engineer--DevOps---Lifecycle-Platform--US-Federal-_JR-0097425,Workday,"Software Engineer, DBaas - US Federal",USA.VA.Reston,,https://workday.wd5.myworkdayjobs.com/en-US/Workday/job/USAVAReston/Software-Development-Engineer--DevOps---Lifecycle-Platform--US-Federal-_JR-0097425,Posted 4 Days Ago,2026-07-07,2026-07-11T03:36:34+00:00,2026-07-10 20:36 Fri,,false,,,,false,workday:Workday:/job/USAVAReston/Software-Development-Engineer--DevOps---Lifecycle-Platform--US-Federal-_JR-0097425
Workday:/job/USA-CO-Boulder/Software-Engineer-Senior-Software-Engineer---AI-Platform--Agent-Runtime-_JR-0109507,Workday,Software Engineer/Senior Software Engineer - AI Platform (Agent Runtime),USA-CO-Boulder,,https://workday.wd5.myworkdayjobs.com/en-US/Workday/job/USA-CO-Boulder/Software-Engineer-Senior-Software-Engineer---AI-Platform--Agent-Runtime-_JR-0109507,Posted Yesterday,2026-08-20,2026-08-20T00:59:31+00:00,2026-08-19 17:59 Wed,,false,,,,false,workday:Workday:/job/USA-CO-Boulder/Software-Engineer-Senior-Software-Engineer---AI-Platform--Agent-Runtime-_JR-0109507
Workday:/job/Ireland-Dublin/Solution-Architect---Platform---Technology_JR-0109444,Workday,Solution Architect - Platform & Technology,"Ireland, Dublin",,https://workday.wd5.myworkdayjobs.com/en-US/Workday/job/Ireland-Dublin/Solution-Architect---Platform---Technology_JR-0109444,Posted Today,2026-08-25,2026-08-24T15:42:10+00:00,2026-08-24 08:42 Mon,,false,,,,false,workday:Workday:/job/Ireland-Dublin/Solution-Architect---Platform---Technology_JR-0109444
Workday:/job/Malaysia-Kuala-Lumpur/Solution-Consultant---HCM_JR-0108574,Workday,Solution Consultant - HCM,"Malaysia, Kuala Lumpur",,https://workday.wd5.myworkdayjobs.com/en-US/Workday/job/Malaysia-Kuala-Lumpur/Solution-Consultant---HCM_JR-0108574,Posted 26 Days Ago,2026-06-15,2026-07-11T03:36:34+00:00,2026-07-10 20:36 Fri,,false,,,,false,workday:Workday:/job/Malaysia-Kuala-Lumpur/Solution-Consultant---HCM_JR-0108574
Workday:/job/USA-TX-Frisco/Solution-Consultant---HCM_JR-0109401,Workday,Solution Consultant - HCM,USA-TX-Frisco,,https://workday.wd5.myworkdayjobs.com/en-US/Workday/job/USA-TX-Frisco/Solution-Consultant---HCM_JR-0109401,Posted Yesterday,2026-08-19,2026-08-18T18:30:55+00:00,2026-08-18 11:30 Tue,,false,,,,false,workday:Workday:/job/USA-TX-Frisco/Solution-Consultant---HCM_JR-0109401
Workday:/job/USA-IL-Chicago/Solution-Consultant---HCM--Manufacturing--Utilities---Transportation_JR-0108792-1,Workday,"Solution Consultant - HCM- Manufacturing, Utilities & Transportation",7 Locations,,https://workday.wd5.myworkdayjobs.com/en-US/Workday/job/USA-IL-Chicago/Solution-Consultant---HCM--Manufacturing--Utilities---Transportation_JR-0108792-1,Posted Today,2026-07-15,2026-07-15T20:59:15+00:00,2026-07-15 13:59 Wed,,false,,,,false,workday:Workday:/job/USA-IL-Chicago/Solution-Consultant---HCM--Manufacturing--Utilities---Transportation_JR-0108792-1
Workday:/job/France-Paris/Solution-Consultant-HCM_JR-0108989,Workday,Solution Consultant HCM,"France, Paris",,https://workday.wd5.myworkdayjobs.com/en-US/Workday/job/France-Paris/Solution-Consultant-HCM_JR-0108989,Posted Today,2026-08-27,2026-07-27T09:41:17+00:00,2026-07-27 02:41 Mon,,false,,,,false,workday:Workday:/job/France-Paris/Solution-Consultant-HCM_JR-0108989
Workday:/job/Italy-Milan/Solution-Consultant-HCM_JR-0103244,Workday,Solution Consultant HCM,"Italy, Milan",,https://workday.wd5.myworkdayjobs.com/en-US/Workday/job/Italy-Milan/Solution-Consultant-HCM_JR-0103244,Posted Today,2026-08-22,2026-08-21T11:47:19+00:00,2026-08-21 04:47 Fri,,false,,,,false,workday:Workday:/job/Italy-Milan/Solution-Consultant-HCM_JR-0103244
Workday:/job/USA-CA-Home-Office/Solution-Consultant--FINS--State---Local-Government_JR-0109185,Workday,Solution Consultant- FINS- State & Local Government,USA-CA-Home-Office,,https://workday.wd5.myworkdayjobs.com/en-US/Workday/job/USA-CA-Home-Office/Solution-Consultant--FINS--State---Local-Government_JR-0109185,Posted Today,2026-08-07,2026-08-07T16:41:45+00:00,2026-08-07 09:41 Fri,,false,,,,false,workday:Workday:/job/USA-CA-Home-Office/Solution-Consultant--FINS--State---Local-Government_JR-0109185
Workday:/job/Sweden-Stockholm/Solutions-Engineer_JR-0108681,Workday,Solutions Engineer,"Sweden, Stockholm",,https://workday.wd5.myworkdayjobs.com/en-US/Workday/job/Sweden-Stockholm/Solutions-Engineer_JR-0108681,Posted Today,2026-07-17,2026-07-17T15:41:41+00:00,2026-07-17 08:41 Fri,,false,,,,false,workday:Workday:/job/Sweden-Stockholm/Solutions-Engineer_JR-0108681
Workday:/job/INDPune/SOX-IT-Auditor_JR-0109077,Workday,SOX IT Auditor,IND.Pune,,https://workday.wd5.myworkdayjobs.com/en-US/Workday/job/INDPune/SOX-IT-Auditor_JR-0109077,Posted Today,2026-08-14,2026-08-14T14:41:58+00:00,2026-08-14 07:41 Fri,,false,,,,false,workday:Workday:/job/INDPune/SOX-IT-Auditor_JR-0109077
Workday:/job/USA-IL-Chicago/Specialized-Account-Executive---Talent-AI_JR-0108807,Workday,Specialized Account Executive - Talent AI,2 Locations,,https://workday.wd5.myworkdayjobs.com/en-US/Workday/job/USA-IL-Chicago/Specialized-Account-Executive---Talent-AI_JR-0108807,Posted Today,2026-07-20,2026-07-20T21:17:23+00:00,2026-07-20 14:17 Mon,,false,,,,false,workday:Workday:/job/USA-IL-Chicago/Specialized-Account-Executive---Talent-AI_JR-0108807
Workday:/job/Australia-VIC-Melbourne/Sr---Engagement-Manager_JR-0109746,Workday,Sr / Engagement Manager,Australia-VIC-Melbourne,,https://workday.wd5.myworkdayjobs.com/en-US/Workday/job/Australia-VIC-Melbourne/Sr---Engagement-Manager_JR-0109746,Posted Today,2026-09-01,2026-08-31T07:17:45+00:00,2026-08-31 00:17 Mon,,false,,,,false,workday:Workday:/job/Australia-VIC-Melbourne/Sr---Engagement-Manager_JR-0109746
Workday:/job/USAVAReston/Sr-Cybersecurity-Engineer_JR-0107488,Workday,Sr Active Defense Engineer,USA.VA.Reston,,https://workday.wd5.myworkdayjobs.com/en-US/Workday/job/USAVAReston/Sr-Cybersecurity-Engineer_JR-0107488,Posted Yesterday,2026-08-19,2026-08-04T22:17:20+00:00,2026-08-04 15:17 Tue,,false,,,,false,workday:Workday:/job/USAVAReston/Sr-Cybersecurity-Engineer_JR-0107488
Workday:/job/Costa-Rica/Sr-Analyst--Reporting---Data-Insights_JR-0106512,Workday,"Sr Analyst, Reporting & Data Insights",Costa Rica,,https://workday.wd5.myworkdayjobs.com/en-US/Workday/job/Costa-Rica/Sr-Analyst--Reporting---Data-Insights_JR-0106512,Posted 3 Days Ago,2026-08-27,2026-07-11T03:36:34+00:00,2026-07-10 20:36 Fri,,false,,,,false,workday:Workday:/job/Costa-Rica/Sr-Analyst--Reporting---Data-Insights_JR-0106512
Workday:/job/USA-GA-Atlanta/Sr-Analytics-Engineer_JR-0108667-1,Workday,Sr Analytics Engineer,"USA, GA, Atlanta",,https://workday.wd5.myworkdayjobs.com/en-US/Workday/job/USA-GA-Atlanta/Sr-Analytics-Engineer_JR-0108667-1,Posted 4 Days Ago,2026-07-07,2026-07-11T03:36:34+00:00,2026-07-10 20:36 Fri,,false,,,,false,workday:Workday:/job/USA-GA-Atlanta/Sr-Analytics-Engineer_JR-0108667-1
Workday:/job/USA-IL-Chicago/Sr-Associate-Deal-Ops-Manager--Net-New_JR-0108427,Workday,"Sr Associate Deal Ops Manager, Net New",2 Locations,,https://workday.wd5.myworkdayjobs.com/en-US/Workday/job/USA-IL-Chicago/Sr-Associate-Deal-Ops-Manager--Net-New_JR-0108427,Posted Yesterday,2026-07-10,2026-07-11T03:36:34+00:00,2026-07-10 20:36 Fri,,false,,,,false,workday:Workday:/job/USA-IL-Chicago/Sr-Associate-Deal-Ops-Manager--Net-New_JR-0108427
Workday:/job/USAVAReston/Product-Advisor--Deployment-Innovation_JR-0106657-1,Workday,"Sr Associate Product Advisor, Deployment Innovation",2 Locations,,https://workday.wd5.myworkdayjobs.com/en-US/Workday/job/USAVAReston/Product-Advisor--Deployment-Innovation_JR-0106657-1,Posted 10 Days Ago,2026-07-14,2026-07-24T20:59:32+00:00,2026-07-24 13:59 Fri,,false,,,,false,workday:Workday:/job/USAVAReston/Product-Advisor--Deployment-Innovation_JR-0106657-1
Workday:/job/INDPune/Sr-Associate-Technical-Consultant_JR-0109254,Workday,Sr Associate Technical Consultant,IND.Pune,,https://workday.wd5.myworkdayjobs.com/en-US/Workday/job/INDPune/Sr-Associate-Technical-Consultant_JR-0109254,Posted Yesterday,2026-08-27,2026-08-26T18:42:07+00:00,2026-08-26 11:42 Wed,,false,,,,false,workday:Workday:/job/INDPune/Sr-Associate-Technical-Consultant_JR-0109254
Workday:/job/INDPune/Sr-Associate-Technical-Support-Delivery-Analyst_JR-0108750,Workday,Sr Associate Technical Support Delivery Analyst,IND.Pune,,https://workday.wd5.myworkdayjobs.com/en-US/Workday/job/INDPune/Sr-Associate-Technical-Support-Delivery-Analyst_JR-0108750,Posted 3 Days Ago,2026-07-10,2026-07-13T06:40:48+00:00,2026-07-12 23:40 Sun,,false,,,,false,workday:Workday:/job/INDPune/Sr-Associate-Technical-Support-Delivery-Analyst_JR-0108750
Workday:/job/USA-IL-Chicago/Sr-Change-Management-Consultant---Workday-Success-Plans_JR-0108571-1,Workday,Sr Change Management Consultant - Workday Success Plans,7 Locations,,https://workday.wd5.myworkdayjobs.com/en-US/Workday/job/USA-IL-Chicago/Sr-Change-Management-Consultant---Workday-Success-Plans_JR-0108571-1,Posted Today,2026-07-17,2026-07-17T18:59:46+00:00,2026-07-17 11:59 Fri,,false,,,,false,workday:Workday:/job/USA-IL-Chicago/Sr-Change-Management-Consultant---Workday-Success-Plans_JR-0108571-1
Workday:/job/Ireland-Dublin/Sr-Cloud-Engineer_JR-0108993,Workday,Sr Cloud Engineer,"Ireland, Dublin",,https://workday.wd5.myworkdayjobs.com/en-US/Workday/job/Ireland-Dublin/Sr-Cloud-Engineer_JR-0108993,Posted Today,2026-08-07,2026-08-07T12:41:39+00:00,2026-08-07 05:41 Fri,,false,,,,false,workday:Workday:/job/Ireland-Dublin/Sr-Cloud-Engineer_JR-0108993
Workday:/job/USA-VA-McLean/Sr-Software-Engineer--US-Federal-_JR-0097206,Workday,Sr Cloud Engineer (US Federal),"USA, VA, McLean",,https://workday.wd5.myworkdayjobs.com/en-US/Workday/job/USA-VA-McLean/Sr-Software-Engineer--US-Federal-_JR-0097206,Posted 19 Days Ago,2026-06-26,2026-07-15T21:16:41+00:00,2026-07-15 14:16 Wed,,false,,,,false,workday:Workday:/job/USA-VA-McLean/Sr-Software-Engineer--US-Federal-_JR-0097206
Workday:/job/Singapore/Sr-Consultant---Workday-Success-Plans--Core-HCM---PATT-_JR-0109323,Workday,Sr Consultant - Workday Success Plans (Core HCM / PATT),Singapore,,https://workday.wd5.myworkdayjobs.com/en-US/Workday/job/Singapore/Sr-Consultant---Workday-Success-Plans--Core-HCM---PATT-_JR-0109323,Posted Today,2026-08-13,2026-08-13T04:17:28+00:00,2026-08-12 21:17 Wed,,false,,,,false,workday:Workday:/job/Singapore/Sr-Consultant---Workday-Success-Plans--Core-HCM---PATT-_JR-0109323
Workday:/job/USA-MA-Boston/Sr-Customer-Success-Manager_JR-0109170,Workday,Sr Customer Success Manager,USA-MA-Boston,,https://workday.wd5.myworkdayjobs.com/en-US/Workday/job/USA-MA-Boston/Sr-Customer-Success-Manager_JR-0109170,Posted Today,2026-09-02,2026-08-13T19:17:45+00:00,2026-08-13 12:17 Thu,,false,,,,false,workday:Workday:/job/USA-MA-Boston/Sr-Customer-Success-Manager_JR-0109170
Workday:/job/USA-CA-San-Francisco/Sr-Customer-Success-Manager_JR-0108898,Workday,Sr Customer Success Manager,USA-CA-San-Francisco,,https://workday.wd5.myworkdayjobs.com/en-US/Workday/job/USA-CA-San-Francisco/Sr-Customer-Success-Manager_JR-0108898,Posted Yesterday,2026-08-27,2026-08-26T19:59:30+00:00,2026-08-26 12:59 Wed,,false,,,,false,workday:Workday:/job/USA-CA-San-Francisco/Sr-Customer-Success-Manager_JR-0108898
Workday:/job/Ireland-Dublin/Sr-Cybersecurity-Engineer_JR-0106976,Workday,Sr Cybersecurity Engineer,"Ireland, Dublin",,https://workday.wd5.myworkdayjobs.com/en-US/Workday/job/Ireland-Dublin/Sr-Cybersecurity-Engineer_JR-0106976,Posted 9 Days Ago,2026-07-02,2026-07-11T03:36:34+00:00,2026-07-10 20:36 Fri,,false,,,,false,workday:Workday:/job/Ireland-Dublin/Sr-Cybersecurity-Engineer_JR-0106976
Workday:/job/Ireland-Dublin/Sr-Cybersecurity-Engineer_JR-0108559,Workday,Sr Cybersecurity Engineer,"Ireland, Dublin",,https://workday.wd5.myworkdayjobs.com/en-US/Workday/job/Ireland-Dublin/Sr-Cybersecurity-Engineer_JR-0108559,Posted Today,2026-09-02,2026-09-01T12:59:18+00:00,2026-09-01 05:59 Tue,,false,,,,false,workday:Workday:/job/Ireland-Dublin/Sr-Cybersecurity-Engineer_JR-0108559
Workday:/job/Australia-VIC-Melbourne/Sr-Data-Conversion-Consultant---Higher-Education_JR-0109650,Workday,Sr Data Conversion Consultant - Higher Education,Australia-VIC-Melbourne,,https://workday.wd5.myworkdayjobs.com/en-US/Workday/job/Australia-VIC-Melbourne/Sr-Data-Conversion-Consultant---Higher-Education_JR-0109650,Posted Today,2026-09-02,2026-09-01T02:07:05+00:00,2026-08-31 19:07 Mon,,false,,,,false,workday:Workday:/job/Australia-VIC-Melbourne/Sr-Data-Conversion-Consultant---Higher-Education_JR-0109650
Workday:/job/INDPune/Sr-Data-Scientist--AI-Innovation_JR-0108874,Workday,"Sr Data Scientist, AI Innovation",IND.Pune,,https://workday.wd5.myworkdayjobs.com/en-US/Workday/job/INDPune/Sr-Data-Scientist--AI-Innovation_JR-0108874,Posted Today,2026-08-03,2026-08-03T10:41:41+00:00,2026-08-03 03:41 Mon,,false,,,,false,workday:Workday:/job/INDPune/Sr-Data-Scientist--AI-Innovation_JR-0108874
Workday:/job/USA-CA-Santa-Clara/Demand-Generation-Manager--Data-Cloud_JR-0107354,Workday,"Sr Demand Generation Manager, Data Cloud",2 Locations,,https://workday.wd5.myworkdayjobs.com/en-US/Workday/job/USA-CA-Santa-Clara/Demand-Generation-Manager--Data-Cloud_JR-0107354,Posted Today,2026-07-11,2026-07-11T03:36:34+00:00,2026-07-10 20:36 Fri,,false,,,,false,workday:Workday:/job/USA-CA-Santa-Clara/Demand-Generation-Manager--Data-Cloud_JR-0107354
Workday:/job/United-Kingdom-London/Sr-Director--EMEA-Technical-Platform-Consulting_JR-0108560,Workday,"Sr Director, EMEA Technical Platform Consulting","United Kingdom, London",,https://workday.wd5.myworkdayjobs.com/en-US/Workday/job/United-Kingdom-London/Sr-Director--EMEA-Technical-Platform-Consulting_JR-0108560,Posted Today,2026-07-13,2026-07-13T11:16:47+00:00,2026-07-13 04:16 Mon,,false,,,,false,workday:Workday:/job/United-Kingdom-London/Sr-Director--EMEA-Technical-Platform-Consulting_JR-0108560
Workday:/job/USA-CA-Pleasanton/Sr-Director--Software-Development-Engineering_JR-0109490,Workday,"Sr Director, Software Development Engineering",USA-CA-Pleasanton,,https://workday.wd5.myworkdayjobs.com/en-US/Workday/job/USA-CA-Pleasanton/Sr-Director--Software-Development-Engineering_JR-0109490,Posted Yesterday,2026-08-25,2026-08-24T20:50:10+00:00,2026-08-24 13:50 Mon,,false,,,,false,workday:Workday:/job/USA-CA-Pleasanton/Sr-Director--Software-Development-Engineering_JR-0109490
Workday:/job/New-Zealand-Auckland/Sr-Distributed-Systems-Engineer--DevOps-_JR-0104138,Workday,Sr Distributed Systems Engineer (DevOps),"New Zealand, Auckland",,https://workday.wd5.myworkdayjobs.com/en-US/Workday/job/New-Zealand-Auckland/Sr-Distributed-Systems-Engineer--DevOps-_JR-0104138,Posted 30+ Days Ago,2026-07-19,2026-08-18T12:10:51+00:00,2026-08-18 05:10 Tue,,false,,,,false,workday:Workday:/job/New-Zealand-Auckland/Sr-Distributed-Systems-Engineer--DevOps-_JR-0104138
Workday:/job/USA-Remote/Sr-Engagement--Project--Delivery--Manager---Higher-Education_JR-0108512,Workday,"Sr Engagement (Project, Delivery) Manager - Higher Education",USA Remote,,https://workday.wd5.myworkdayjobs.com/en-US/Workday/job/USA-Remote/Sr-Engagement--Project--Delivery--Manager---Higher-Education_JR-0108512,Posted 3 Days Ago,2026-07-08,2026-07-11T03:36:34+00:00,2026-07-10 20:36 Fri,,false,,,,false,workday:Workday:/job/USA-Remote/Sr-Engagement--Project--Delivery--Manager---Higher-Education_JR-0108512
Workday:/job/USA-GA-Atlanta/Sr-Engagement-Manager_JR-0109062,Workday,Sr Engagement Manager,"USA, GA, Atlanta",,https://workday.wd5.myworkdayjobs.com/en-US/Workday/job/USA-GA-Atlanta/Sr-Engagement-Manager_JR-0109062,Posted 3 Days Ago,2026-07-28,2026-07-31T19:59:21+00:00,2026-07-31 12:59 Fri,,false,,,,false,workday:Workday:/job/USA-GA-Atlanta/Sr-Engagement-Manager_JR-0109062
Workday:/job/Canada-QC-Montreal/Sr-Engagement-Manager_JR-0109406,Workday,Sr Engagement Manager,Canada-QC-Montreal,,https://workday.wd5.myworkdayjobs.com/en-US/Workday/job/Canada-QC-Montreal/Sr-Engagement-Manager_JR-0109406,Posted Today,2026-08-22,2026-08-21T13:41:54+00:00,2026-08-21 06:41 Fri,,false,,,,false,workday:Workday:/job/Canada-QC-Montreal/Sr-Engagement-Manager_JR-0109406
Workday:/job/Canada-ON-Toronto/Sr-Engagement-Manager_JR-0109406,Workday,Sr Engagement Manager,Canada-ON-Toronto,,https://workday.wd5.myworkdayjobs.com/en-US/Workday/job/Canada-ON-Toronto/Sr-Engagement-Manager_JR-0109406,Posted Today,2026-08-25,2026-08-24T16:56:19+00:00,2026-08-24 09:56 Mon,,false,,,,false,workday:Workday:/job/Canada-ON-Toronto/Sr-Engagement-Manager_JR-0109406
Workday:/job/Netherlands-Amsterdam/Sr-Engagement-Manager---AI-Practice---EMEA_JR-0108538,Workday,Sr Engagement Manager - AI Practice – EMEA,2 Locations,,https://workday.wd5.myworkdayjobs.com/en-US/Workday/job/Netherlands-Amsterdam/Sr-Engagement-Manager---AI-Practice---EMEA_JR-0108538,Posted 8 Days Ago,2026-07-03,2026-07-11T03:36:34+00:00,2026-07-10 20:36 Fri,,false,,,,false,workday:Workday:/job/Netherlands-Amsterdam/Sr-Engagement-Manager---AI-Practice---EMEA_JR-0108538
Workday:/job/United-Kingdom-London/Engagement-Manager---AI-Practice---EMEA_JR-0106882,Workday,Sr Engagement Manager - AI Practice – EMEA,2 Locations,,https://workday.wd5.myworkdayjobs.com/en-US/Workday/job/United-Kingdom-London/Engagement-Manager---AI-Practice---EMEA_JR-0106882,Posted 7 Days Ago,2026-07-04,2026-07-11T03:36:34+00:00,2026-07-10 20:36 Fri,,false,,,,false,workday:Workday:/job/United-Kingdom-London/Engagement-Manager---AI-Practice---EMEA_JR-0106882
Workday:/job/Costa-Rica/Sr-Engagement-Manager-OR-Engagement-Manager--Workday-Success-Plans-Subscription-Services_JR-0107811,Workday,Sr Engagement Manager OR Engagement Manager- Workday Success Plans Subscription Services,Costa Rica,,https://workday.wd5.myworkdayjobs.com/en-US/Workday/job/Costa-Rica/Sr-Engagement-Manager-OR-Engagement-Manager--Workday-Success-Plans-Subscription-Services_JR-0107811,Posted Yesterday,2026-08-27,2026-07-17T17:47:49+00:00,2026-07-17 10:47 Fri,,false,,,,false,workday:Workday:/job/Costa-Rica/Sr-Engagement-Manager-OR-Engagement-Manager--Workday-Success-Plans-Subscription-Services_JR-0107811
Workday:/job/New-Zealand-Auckland/Sr-Enterprise-Architect_JR-0108491,Workday,Sr Enterprise Architect,4 Locations,,https://workday.wd5.myworkdayjobs.com/en-US/Workday/job/New-Zealand-Auckland/Sr-Enterprise-Architect_JR-0108491,Posted 7 Days Ago,2026-07-04,2026-07-11T03:36:34+00:00,2026-07-10 20:36 Fri,,false,,,,false,workday:Workday:/job/New-Zealand-Auckland/Sr-Enterprise-Architect_JR-0108491
Workday:/job/Hong-Kong/Sr-Workday-Technical-Consultant_JR-0106520-1,Workday,Sr ERP Consultant,Hong Kong,,https://workday.wd5.myworkdayjobs.com/en-US/Workday/job/Hong-Kong/Sr-Workday-Technical-Consultant_JR-0106520-1,Posted 8 Days Ago,2026-07-03,2026-07-11T03:36:34+00:00,2026-07-10 20:36 Fri,,false,,,,false,workday:Workday:/job/Hong-Kong/Sr-Workday-Technical-Consultant_JR-0106520-1
Workday:/job/INDPune/Sr-Extend-Services-Consultant---Workday-Advisory-services_JR-0109383,Workday,Sr Extend Services Consultant - Workday Advisory services,IND.Pune,,https://workday.wd5.myworkdayjobs.com/en-US/Workday/job/INDPune/Sr-Extend-Services-Consultant---Workday-Advisory-services_JR-0109383,Posted Today,2026-09-01,2026-08-31T04:41:26+00:00,2026-08-30 21:41 Sun,,false,,,,false,workday:Workday:/job/INDPune/Sr-Extend-Services-Consultant---Workday-Advisory-services_JR-0109383
Workday:/job/USA-IL-Chicago/Sr-FIN-Reporting---Analytics-Consultant---Workday-Success-Plans_JR-0109377,Workday,Sr FIN Reporting & Analytics Consultant - Workday Success Plans,USA-IL-Chicago,,https://workday.wd5.myworkdayjobs.com/en-US/Workday/job/USA-IL-Chicago/Sr-FIN-Reporting---Analytics-Consultant---Workday-Success-Plans_JR-0109377,Posted Today,2026-08-22,2026-08-21T12:59:44+00:00,2026-08-21 05:59 Fri,,false,,,,false,workday:Workday:/job/USA-IL-Chicago/Sr-FIN-Reporting---Analytics-Consultant---Workday-Success-Plans_JR-0109377
Workday:/job/Singapore/Sr-Financials-Functional-Consultant_JR-0108676,Workday,Sr Financials Functional Consultant,Singapore,,https://workday.wd5.myworkdayjobs.com/en-US/Workday/job/Singapore/Sr-Financials-Functional-Consultant_JR-0108676,Posted 27 Days Ago,2026-06-14,2026-07-11T03:36:34+00:00,2026-07-10 20:36 Fri,,false,,,,false,workday:Workday:/job/Singapore/Sr-Financials-Functional-Consultant_JR-0108676
Workday:/job/Australia-NSW-North-Sydney/Sr-Financials-Functional-Consultant_JR-0106361,Workday,Sr Financials Functional Consultant,Australia-NSW-North-Sydney,,https://workday.wd5.myworkdayjobs.com/en-US/Workday/job/Australia-NSW-North-Sydney/Sr-Financials-Functional-Consultant_JR-0106361,Posted 30+ Days Ago,2026-07-19,2026-08-18T12:10:51+00:00,2026-08-18 05:10 Tue,,false,,,,false,workday:Workday:/job/Australia-NSW-North-Sydney/Sr-Financials-Functional-Consultant_JR-0106361
Workday:/job/USA-CA-Pleasanton/Sr-Functional--Analyst---Workday-Finance_JR-0108768-1,Workday,Sr Functional  Analyst - Workday Finance,2 Locations,,https://workday.wd5.myworkdayjobs.com/en-US/Workday/job/USA-CA-Pleasanton/Sr-Functional--Analyst---Workday-Finance_JR-0108768-1,Posted Today,2026-08-04,2026-08-04T17:17:36+00:00,2026-08-04 10:17 Tue,,false,,,,false,workday:Workday:/job/USA-CA-Pleasanton/Sr-Functional--Analyst---Workday-Finance_JR-0108768-1
Workday:/job/Germany-Munich/Sr-Functional-Consultant_JR-0109487,Workday,Sr Functional Consultant,Germany-Munich,,https://workday.wd5.myworkdayjobs.com/en-US/Workday/job/Germany-Munich/Sr-Functional-Consultant_JR-0109487,Posted Yesterday,2026-08-26,2026-08-25T14:41:40+00:00,2026-08-25 07:41 Tue,,false,,,,false,workday:Workday:/job/Germany-Munich/Sr-Functional-Consultant_JR-0109487
Workday:/job/United-Kingdom-London/Sr-Functional-Consultant---Absence---Time-Tracking_JR-0107967,Workday,Sr Functional Consultant - Absence & Time Tracking,"United Kingdom, London",,https://workday.wd5.myworkdayjobs.com/en-US/Workday/job/United-Kingdom-London/Sr-Functional-Consultant---Absence---Time-Tracking_JR-0107967,Posted 30+ Days Ago,2026-07-19,2026-08-18T12:10:51+00:00,2026-08-18 05:10 Tue,,false,,,,false,workday:Workday:/job/United-Kingdom-London/Sr-Functional-Consultant---Absence---Time-Tracking_JR-0107967
Workday:/job/Poland-Warsaw/Sr-Functional-Consultant---HCM---Compensation--Workday-Success-Plans_JR-0105418,Workday,"Sr Functional Consultant - HCM & Compensation, Workday Success Plans",Poland-Warsaw,,https://workday.wd5.myworkdayjobs.com/en-US/Workday/job/Poland-Warsaw/Sr-Functional-Consultant---HCM---Compensation--Workday-Success-Plans_JR-0105418,Posted Today,2026-09-02,2026-09-02T12:42:13+00:00,2026-09-02 05:42 Wed,,false,,,,false,workday:Workday:/job/Poland-Warsaw/Sr-Functional-Consultant---HCM---Compensation--Workday-Success-Plans_JR-0105418
Workday:/job/France-Paris/Sr-Functional-Consultant_JR-0103301,Workday,Sr Functional Consultant - Payroll & Time Tracking (French Speaking),"France, Paris",,https://workday.wd5.myworkdayjobs.com/en-US/Workday/job/France-Paris/Sr-Functional-Consultant_JR-0103301,Posted 30+ Days Ago,2026-07-19,2026-08-18T12:10:51+00:00,2026-08-18 05:10 Tue,,false,,,,false,workday:Workday:/job/France-Paris/Sr-Functional-Consultant_JR-0103301
Workday:/job/Ireland-Dublin/Sr-Functional-Consultant---Workday-Success-Plans-Adaptive-Planning_JR-0109019,Workday,Sr Functional Consultant - Workday Success Plans Adaptive Planning,Ireland-Dublin,,https://workday.wd5.myworkdayjobs.com/en-US/Workday/job/Ireland-Dublin/Sr-Functional-Consultant---Workday-Success-Plans-Adaptive-Planning_JR-0109019,Posted Today,2026-08-13,2026-08-13T12:41:25+00:00,2026-08-13 05:41 Thu,,false,,,,false,workday:Workday:/job/Ireland-Dublin/Sr-Functional-Consultant---Workday-Success-Plans-Adaptive-Planning_JR-0109019
Workday:/job/Netherlands-Amsterdam/Sr-Functional-Consultant---Workday-Success-Plans-Adaptive-Planning_JR-0109333,Workday,Sr Functional Consultant - Workday Success Plans Adaptive Planning,Netherlands-Amsterdam,,https://workday.wd5.myworkdayjobs.com/en-US/Workday/job/Netherlands-Amsterdam/Sr-Functional-Consultant---Workday-Success-Plans-Adaptive-Planning_JR-0109333,Posted Today,2026-08-13,2026-08-13T12:59:20+00:00,2026-08-13 05:59 Thu,,false,,,,false,workday:Workday:/job/Netherlands-Amsterdam/Sr-Functional-Consultant---Workday-Success-Plans-Adaptive-Planning_JR-0109333
Workday:/job/Spain-Madrid/Sr-Functional-Consultant---Workday-Success-Plans-Adaptive-Planning_JR-0109334-1,Workday,Sr Functional Consultant - Workday Success Plans Adaptive Planning,Spain-Madrid,,https://workday.wd5.myworkdayjobs.com/en-US/Workday/job/Spain-Madrid/Sr-Functional-Consultant---Workday-Success-Plans-Adaptive-Planning_JR-0109334-1,Posted Today,2026-08-13,2026-08-13T12:59:20+00:00,2026-08-13 05:59 Thu,,false,,,,false,workday:Workday:/job/Spain-Madrid/Sr-Functional-Consultant---Workday-Success-Plans-Adaptive-Planning_JR-0109334-1
Workday:/job/Italy-Milan/Sr-Functional-Consultant---Workday-Success-Plans-Adaptive-Planning_JR-0109335,Workday,Sr Functional Consultant - Workday Success Plans Adaptive Planning,Italy-Milan,,https://workday.wd5.myworkdayjobs.com/en-US/Workday/job/Italy-Milan/Sr-Functional-Consultant---Workday-Success-Plans-Adaptive-Planning_JR-0109335,Posted Today,2026-08-13,2026-08-13T13:17:53+00:00,2026-08-13 06:17 Thu,,false,,,,false,workday:Workday:/job/Italy-Milan/Sr-Functional-Consultant---Workday-Success-Plans-Adaptive-Planning_JR-0109335
Workday:/job/Poland-Warsaw/Sr-HCM-Consultant---Workday-Success-Plans_JR-0108558-1,Workday,Sr HCM Consultant - Workday Success Plans,"Poland, Warsaw",,https://workday.wd5.myworkdayjobs.com/en-US/Workday/job/Poland-Warsaw/Sr-HCM-Consultant---Workday-Success-Plans_JR-0108558-1,Posted 9 Days Ago,2026-07-02,2026-07-11T03:36:34+00:00,2026-07-10 20:36 Fri,,false,,,,false,workday:Workday:/job/Poland-Warsaw/Sr-HCM-Consultant---Workday-Success-Plans_JR-0108558-1
Workday:/job/Australia-VIC-Melbourne/Sr-HCM-Functional-Consultant---Workday-Success-Plans_JR-0108843,Workday,Sr HCM Functional Consultant - Workday Success Plans,2 Locations,,https://workday.wd5.myworkdayjobs.com/en-US/Workday/job/Australia-VIC-Melbourne/Sr-HCM-Functional-Consultant---Workday-Success-Plans_JR-0108843,Posted 17 Days Ago,2026-06-30,2026-07-17T04:17:27+00:00,2026-07-16 21:17 Thu,,false,,,,false,workday:Workday:/job/Australia-VIC-Melbourne/Sr-HCM-Functional-Consultant---Workday-Success-Plans_JR-0108843
Workday:/job/MEXMexico-City/Sr-HCM-Functional-Consultant--Workday-Success-Plans_JR-0109195,Workday,"Sr HCM Functional Consultant, Workday Success Plans",MEXMexico-City,,https://workday.wd5.myworkdayjobs.com/en-US/Workday/job/MEXMexico-City/Sr-HCM-Functional-Consultant--Workday-Success-Plans_JR-0109195,Posted Yesterday,2026-08-21,2026-08-19T21:59:31+00:00,2026-08-19 14:59 Wed,,false,,,,false,workday:Workday:/job/MEXMexico-City/Sr-HCM-Functional-Consultant--Workday-Success-Plans_JR-0109195
Workday:/job/USA-IL-Chicago/Sr-HCM-Reporting---Analytics-Consultant---Workday-Success-Plans_JR-0108925,Workday,Sr HCM Reporting & Analytics Consultant - Workday Success Plans,USA-IL-Chicago,,https://workday.wd5.myworkdayjobs.com/en-US/Workday/job/USA-IL-Chicago/Sr-HCM-Reporting---Analytics-Consultant---Workday-Success-Plans_JR-0108925,Posted 3 Days Ago,2026-08-27,2026-08-11T15:16:45+00:00,2026-08-11 08:16 Tue,,false,,,,false,workday:Workday:/job/USA-IL-Chicago/Sr-HCM-Reporting---Analytics-Consultant---Workday-Success-Plans_JR-0108925
Workday:/job/USA-IL-Chicago/Sr-HCM-Reporting---Analytics-Consultant---Workday-Success-Plans_JR-0109366,Workday,Sr HCM Reporting & Analytics Consultant - Workday Success Plans,USA-IL-Chicago,,https://workday.wd5.myworkdayjobs.com/en-US/Workday/job/USA-IL-Chicago/Sr-HCM-Reporting---Analytics-Consultant---Workday-Success-Plans_JR-0109366,Posted 3 Days Ago,2026-08-27,2026-08-21T12:59:44+00:00,2026-08-21 05:59 Fri,,false,,,,false,workday:Workday:/job/USA-IL-Chicago/Sr-HCM-Reporting---Analytics-Consultant---Workday-Success-Plans_JR-0109366
Workday:/job/KSARiyadh/Sr-HCM-Solution-Consultant_JR-0106115,Workday,Sr HCM Solution Consultant,KSA.Riyadh,,https://workday.wd5.myworkdayjobs.com/en-US/Workday/job/KSARiyadh/Sr-HCM-Solution-Consultant_JR-0106115,Posted 30+ Days Ago,2026-07-19,2026-08-18T12:10:51+00:00,2026-08-18 05:10 Tue,,false,,,,false,workday:Workday:/job/KSARiyadh/Sr-HCM-Solution-Consultant_JR-0106115
Workday:/job/Australia-VIC-Melbourne/Sr-Integration-Consultant---Higher-Education_JR-0109649,Workday,Sr Integration Consultant - Higher Education,Australia-VIC-Melbourne,,https://workday.wd5.myworkdayjobs.com/en-US/Workday/job/Australia-VIC-Melbourne/Sr-Integration-Consultant---Higher-Education_JR-0109649,Posted Today,2026-09-02,2026-09-01T02:07:05+00:00,2026-08-31 19:07 Mon,,false,,,,false,workday:Workday:/job/Australia-VIC-Melbourne/Sr-Integration-Consultant---Higher-Education_JR-0109649
Workday:/job/Spain-Madrid/Integration-Consultant---Workday-Success-Plans_JR-0108417,Workday,Sr Integration Consultant - Workday Success Plans,Spain-Madrid,,https://workday.wd5.myworkdayjobs.com/en-US/Workday/job/Spain-Madrid/Integration-Consultant---Workday-Success-Plans_JR-0108417,Posted Yesterday,2026-08-19,2026-07-11T03:36:34+00:00,2026-07-10 20:36 Fri,,false,,,,false,workday:Workday:/job/Spain-Madrid/Integration-Consultant---Workday-Success-Plans_JR-0108417
Workday:/job/IRLDublinDockline/Sr-Integration-Consultant---Workday-Success-Plans_JR-0109343,Workday,Sr Integration Consultant - Workday Success Plans,IRLDublinDockline,,https://workday.wd5.myworkdayjobs.com/en-US/Workday/job/IRLDublinDockline/Sr-Integration-Consultant---Workday-Success-Plans_JR-0109343,Posted Today,2026-08-14,2026-08-14T15:08:04+00:00,2026-08-14 08:08 Fri,,false,,,,false,workday:Workday:/job/IRLDublinDockline/Sr-Integration-Consultant---Workday-Success-Plans_JR-0109343
Workday:/job/United-Kingdom-London/Sr-Integration-Consultant---Workday-Success-Plans_JR-0109342-1,Workday,Sr Integration Consultant - Workday Success Plans,United-Kingdom-London,,https://workday.wd5.myworkdayjobs.com/en-US/Workday/job/United-Kingdom-London/Sr-Integration-Consultant---Workday-Success-Plans_JR-0109342-1,Posted Today,2026-08-14,2026-08-14T15:08:04+00:00,2026-08-14 08:08 Fri,,false,,,,false,workday:Workday:/job/United-Kingdom-London/Sr-Integration-Consultant---Workday-Success-Plans_JR-0109342-1
Workday:/job/Denmark-Copenhagen/Sr-Machine-Learning-Engineer_JR-0107655,Workday,Sr Machine Learning / AI Engineer / MLOps Engineer,"Denmark, Copenhagen",,https://workday.wd5.myworkdayjobs.com/en-US/Workday/job/Denmark-Copenhagen/Sr-Machine-Learning-Engineer_JR-0107655,Posted 15 Days Ago,2026-06-26,2026-07-11T03:36:34+00:00,2026-07-10 20:36 Fri,,false,,,,false,workday:Workday:/job/Denmark-Copenhagen/Sr-Machine-Learning-Engineer_JR-0107655
Workday:/job/Ireland-Dublin/Sr-Machine-Learning---AI-Engineer---MLOps-Engineer_JR-0108228,Workday,Sr Machine Learning / AI Engineer / MLOps Engineer,"Ireland, Dublin",,https://workday.wd5.myworkdayjobs.com/en-US/Workday/job/Ireland-Dublin/Sr-Machine-Learning---AI-Engineer---MLOps-Engineer_JR-0108228,Posted 15 Days Ago,2026-06-26,2026-07-11T03:36:34+00:00,2026-07-10 20:36 Fri,,false,,,,false,workday:Workday:/job/Ireland-Dublin/Sr-Machine-Learning---AI-Engineer---MLOps-Engineer_JR-0108228
Workday:/job/Canada-BC-Vancouver/Sr-Manager--Software-Development-Engineering---Agentic---Semantic-System_JR-0107275,Workday,"Sr Manager, Software Development Engineering - Agentic & Semantic System","Canada, BC, Vancouver",,https://workday.wd5.myworkdayjobs.com/en-US/Workday/job/Canada-BC-Vancouver/Sr-Manager--Software-Development-Engineering---Agentic---Semantic-System_JR-0107275,Posted Today,2026-07-11,2026-07-11T03:36:34+00:00,2026-07-10 20:36 Fri,,false,,,,false,workday:Workday:/job/Canada-BC-Vancouver/Sr-Manager--Software-Development-Engineering---Agentic---Semantic-System_JR-0107275
Workday:/job/INDPune/Sr-Manager--Software-Development-Engineering--Workday-Community_JR-0109125,Workday,"Sr Manager, Software Development Engineering, Workday Community",IND.Pune,,https://workday.wd5.myworkdayjobs.com/en-US/Workday/job/INDPune/Sr-Manager--Software-Development-Engineering--Workday-Community_JR-0109125,Posted Today,2026-09-01,2026-08-31T08:17:40+00:00,2026-08-31 01:17 Mon,,false,,,,false,workday:Workday:/job/INDPune/Sr-Manager--Software-Development-Engineering--Workday-Community_JR-0109125
Workday:/job/USA-CA-Pleasanton/Sr-Manager--Value-Management--Healthcare_JR-0109026,Workday,"Sr Manager, Value Management- Healthcare",USA-CA-Pleasanton,,https://workday.wd5.myworkdayjobs.com/en-US/Workday/job/USA-CA-Pleasanton/Sr-Manager--Value-Management--Healthcare_JR-0109026,Posted Today,2026-08-07,2026-08-07T17:00:09+00:00,2026-08-07 10:00 Fri,,false,,,,false,workday:Workday:/job/USA-CA-Pleasanton/Sr-Manager--Value-Management--Healthcare_JR-0109026
Workday:/job/Australia-NSW-North-Sydney/Sr-Partner-Account-Manager_JR-0107420-1,Workday,Sr Partner Account Manager,Australia-NSW-North-Sydney,,https://workday.wd5.myworkdayjobs.com/en-US/Workday/job/Australia-NSW-North-Sydney/Sr-Partner-Account-Manager_JR-0107420-1,Posted 2 Days Ago,2026-08-18,2026-08-17T09:17:30+00:00,2026-08-17 02:17 Mon,,false,,,,false,workday:Workday:/job/Australia-NSW-North-Sydney/Sr-Partner-Account-Manager_JR-0107420-1
Workday:/job/Singapore/Principal-Partner-Development-Manager_JR-0108535,Workday,Sr Partner Development Manager,Singapore,,https://workday.wd5.myworkdayjobs.com/en-US/Workday/job/Singapore/Principal-Partner-Development-Manager_JR-0108535,Posted 17 Days Ago,2026-06-24,2026-07-11T03:36:34+00:00,2026-07-10 20:36 Fri,,false,,,,false,workday:Workday:/job/Singapore/Principal-Partner-Development-Manager_JR-0108535
Workday:/job/Australia-VIC-Melbourne/Sr-PATT-Functional-Consultant---Workday-Success-Plans_JR-0108847,Workday,Sr PATT Functional Consultant - Workday Success Plans,2 Locations,,https://workday.wd5.myworkdayjobs.com/en-US/Workday/job/Australia-VIC-Melbourne/Sr-PATT-Functional-Consultant---Workday-Success-Plans_JR-0108847,Posted 17 Days Ago,2026-06-30,2026-07-17T09:17:04+00:00,2026-07-17 02:17 Fri,,false,,,,false,workday:Workday:/job/Australia-VIC-Melbourne/Sr-PATT-Functional-Consultant---Workday-Success-Plans_JR-0108847
Workday:/job/Ireland-Dublin/Sr-Software-Development-Engineer_JR-0102382-1,Workday,Sr PostgreSQL Engineer,"Ireland, Dublin",,https://workday.wd5.myworkdayjobs.com/en-US/Workday/job/Ireland-Dublin/Sr-Software-Development-Engineer_JR-0102382-1,Posted 30+ Days Ago,2026-07-19,2026-08-18T12:10:51+00:00,2026-08-18 05:10 Tue,,false,,,,false,workday:Workday:/job/Ireland-Dublin/Sr-Software-Development-Engineer_JR-0102382-1
Workday:/job/United-Kingdom-London/Sr-Principal-Analyst-Relations_JR-0107221,Workday,Sr Principal Analyst Relations,"United Kingdom, London",,https://workday.wd5.myworkdayjobs.com/en-US/Workday/job/United-Kingdom-London/Sr-Principal-Analyst-Relations_JR-0107221,Posted Yesterday,2026-07-10,2026-07-11T03:36:34+00:00,2026-07-10 20:36 Fri,,false,,,,false,workday:Workday:/job/United-Kingdom-London/Sr-Principal-Analyst-Relations_JR-0107221
Workday:/job/Germany-Munich/Sr-Principal-Functional-Consultant--oCHRO-Achitect---German-Speaker_JR-0107925,Workday,"Sr Principal Functional Consultant, oCHRO Achitect - German Speaker",Germany-Munich,,https://workday.wd5.myworkdayjobs.com/en-US/Workday/job/Germany-Munich/Sr-Principal-Functional-Consultant--oCHRO-Achitect---German-Speaker_JR-0107925,Posted 30+ Days Ago,2026-07-19,2026-08-18T12:10:51+00:00,2026-08-18 05:10 Tue,,false,,,,false,workday:Workday:/job/Germany-Munich/Sr-Principal-Functional-Consultant--oCHRO-Achitect---German-Speaker_JR-0107925
Workday:/job/INDPune/Sr-Prism-Consultant---Workday-Advisory-services_JR-0109385,Workday,Sr Prism Consultant - Workday Advisory services,IND.Pune,,https://workday.wd5.myworkdayjobs.com/en-US/Workday/job/INDPune/Sr-Prism-Consultant---Workday-Advisory-services_JR-0109385,Posted Today,2026-09-01,2026-08-31T04:41:26+00:00,2026-08-30 21:41 Sun,,false,,,,false,workday:Workday:/job/INDPune/Sr-Prism-Consultant---Workday-Advisory-services_JR-0109385
Workday:/job/USA-CA-Pleasanton/Sr-Product-Manager---Development-Tools_JR-0107813,Workday,Sr Product Manager - Development Tools,"USA, CA, Pleasanton",,https://workday.wd5.myworkdayjobs.com/en-US/Workday/job/USA-CA-Pleasanton/Sr-Product-Manager---Development-Tools_JR-0107813,Posted Today,2026-07-15,2026-07-15T23:59:17+00:00,2026-07-15 16:59 Wed,,false,,,,false,workday:Workday:/job/USA-CA-Pleasanton/Sr-Product-Manager---Development-Tools_JR-0107813
Workday:/job/USA-CA-Pleasanton/Sr-Product-Manager---Enterprise-Solutions_JR-0105879-1,Workday,Sr Product Manager - Enterprise Solutions,USA-CA-Pleasanton,,https://workday.wd5.myworkdayjobs.com/en-US/Workday/job/USA-CA-Pleasanton/Sr-Product-Manager---Enterprise-Solutions_JR-0105879-1,Posted Today,2026-09-02,2026-09-02T15:15:02+00:00,2026-09-02 08:15 Wed,,false,,,,false,workday:Workday:/job/USA-CA-Pleasanton/Sr-Product-Manager---Enterprise-Solutions_JR-0105879-1
Workday:/job/USA-GA-Atlanta/Sr-Product-Manager---Payroll_JR-0108442-1,Workday,Sr Product Manager - Payroll,2 Locations,,https://workday.wd5.myworkdayjobs.com/en-US/Workday/job/USA-GA-Atlanta/Sr-Product-Manager---Payroll_JR-0108442-1,Posted 10 Days Ago,2026-07-01,2026-07-11T03:36:34+00:00,2026-07-10 20:36 Fri,,false,,,,false,workday:Workday:/job/USA-GA-Atlanta/Sr-Product-Manager---Payroll_JR-0108442-1
Workday:/job/USA-OH-Mason/Sr-Product-Manager_JR-0108497,Workday,Sr Product Manager - VNDLY,2 Locations,,https://workday.wd5.myworkdayjobs.com/en-US/Workday/job/USA-OH-Mason/Sr-Product-Manager_JR-0108497,Posted Today,2026-08-04,2026-08-04T20:17:37+00:00,2026-08-04 13:17 Tue,,false,,,,false,workday:Workday:/job/USA-OH-Mason/Sr-Product-Manager_JR-0108497
Workday:/job/USA-CA-Pleasanton/Sr-Product-Marketing-Manager_JR-0109017,Workday,"Sr Product Marketing Manager, Financials",USA-CA-Pleasanton,,https://workday.wd5.myworkdayjobs.com/en-US/Workday/job/USA-CA-Pleasanton/Sr-Product-Marketing-Manager_JR-0109017,Posted Today,2026-08-25,2026-07-29T16:41:46+00:00,2026-07-29 09:41 Wed,,false,,,,false,workday:Workday:/job/USA-CA-Pleasanton/Sr-Product-Marketing-Manager_JR-0109017
Workday:/job/USA-CA-Pleasanton/Sr-Program-Manager-Program-Manager-Non-Technical-_JR-0108462,Workday,Sr Program Manager/Program Manager(Non-Technical),3 Locations,,https://workday.wd5.myworkdayjobs.com/en-US/Workday/job/USA-CA-Pleasanton/Sr-Program-Manager-Program-Manager-Non-Technical-_JR-0108462,Posted Today,2026-08-05,2026-08-05T20:41:46+00:00,2026-08-05 13:41 Wed,,false,,,,false,workday:Workday:/job/USA-CA-Pleasanton/Sr-Program-Manager-Program-Manager-Non-Technical-_JR-0108462
Workday:/job/USA-CA-San-Francisco/Sr-Quality-Assurance-Engineer--Customer-Facing-_JR-0107689,Workday,Sr Quality Assurance Engineer (Customer Facing),"USA, CA, San Francisco",,https://workday.wd5.myworkdayjobs.com/en-US/Workday/job/USA-CA-San-Francisco/Sr-Quality-Assurance-Engineer--Customer-Facing-_JR-0107689,Posted 3 Days Ago,2026-07-08,2026-07-11T03:36:34+00:00,2026-07-10 20:36 Fri,,false,,,,false,workday:Workday:/job/USA-CA-San-Francisco/Sr-Quality-Assurance-Engineer--Customer-Facing-_JR-0107689
Workday:/job/Sweden-Stockholm/Sr-Quality-Assurance-Engineer---Sana_JR-0108410,Workday,Sr Quality Assurance Engineer - Sana,"Sweden, Stockholm",,https://workday.wd5.myworkdayjobs.com/en-US/Workday/job/Sweden-Stockholm/Sr-Quality-Assurance-Engineer---Sana_JR-0108410,Posted Today,2026-08-13,2026-08-13T14:41:47+00:00,2026-08-13 07:41 Thu,,false,,,,false,workday:Workday:/job/Sweden-Stockholm/Sr-Quality-Assurance-Engineer---Sana_JR-0108410
Workday:/job/Germany-Berlin/Sr-Record-to-Report-Consultant---Workday-Success-Plans_JR-0107863,Workday,Sr Record to Report Consultant - Workday Success Plans,2 Locations,,https://workday.wd5.myworkdayjobs.com/en-US/Workday/job/Germany-Berlin/Sr-Record-to-Report-Consultant---Workday-Success-Plans_JR-0107863,Posted 11 Days Ago,2026-06-30,2026-07-11T03:36:34+00:00,2026-07-10 20:36 Fri,,false,,,,false,workday:Workday:/job/Germany-Berlin/Sr-Record-to-Report-Consultant---Workday-Success-Plans_JR-0107863
Workday:/job/United-Kingdom-London/Sr-Record-to-Report-Consultant---Workday-Success-Plans_JR-0109336,Workday,Sr Record to Report Consultant - Workday Success Plans,United-Kingdom-London,,https://workday.wd5.myworkdayjobs.com/en-US/Workday/job/United-Kingdom-London/Sr-Record-to-Report-Consultant---Workday-Success-Plans_JR-0109336,Posted Today,2026-08-13,2026-08-13T13:49:06+00:00,2026-08-13 06:49 Thu,,false,,,,false,workday:Workday:/job/United-Kingdom-London/Sr-Record-to-Report-Consultant---Workday-Success-Plans_JR-0109336
Workday:/job/France-Paris/Sr-Record-to-Report-Consultant---Workday-Success-Plans_JR-0109340,Workday,Sr Record to Report Consultant - Workday Success Plans,France-Paris,,https://workday.wd5.myworkdayjobs.com/en-US/Workday/job/France-Paris/Sr-Record-to-Report-Consultant---Workday-Success-Plans_JR-0109340,Posted Today,2026-08-13,2026-08-13T14:17:45+00:00,2026-08-13 07:17 Thu,,false,,,,false,workday:Workday:/job/France-Paris/Sr-Record-to-Report-Consultant---Workday-Success-Plans_JR-0109340
Workday:/job/Spain-Madrid/Sr-Record-to-Report-Consultant---Workday-Success-Plans_JR-0109338,Workday,Sr Record to Report Consultant - Workday Success Plans,Spain-Madrid,,https://workday.wd5.myworkdayjobs.com/en-US/Workday/job/Spain-Madrid/Sr-Record-to-Report-Consultant---Workday-Success-Plans_JR-0109338,Posted Today,2026-08-13,2026-08-13T14:17:45+00:00,2026-08-13 07:17 Thu,,false,,,,false,workday:Workday:/job/Spain-Madrid/Sr-Record-to-Report-Consultant---Workday-Success-Plans_JR-0109338
Workday:/job/Poland-Warsaw/Sr-Record-to-Report-Consultant---Workday-Success-Plans_JR-0109341,Workday,Sr Record to Report Consultant - Workday Success Plans,Poland-Warsaw,,https://workday.wd5.myworkdayjobs.com/en-US/Workday/job/Poland-Warsaw/Sr-Record-to-Report-Consultant---Workday-Success-Plans_JR-0109341,Posted Today,2026-08-13,2026-08-13T14:41:47+00:00,2026-08-13 07:41 Thu,,false,,,,false,workday:Workday:/job/Poland-Warsaw/Sr-Record-to-Report-Consultant---Workday-Success-Plans_JR-0109341
Workday:/job/USA-Remote/Sr-Reporting---Prism-Consultant--State---Local-Government_JR-0108796,Workday,"Sr Reporting & Prism Consultant, State & Local Government",USA Remote,,https://workday.wd5.myworkdayjobs.com/en-US/Workday/job/USA-Remote/Sr-Reporting---Prism-Consultant--State---Local-Government_JR-0108796,Posted 6 Days Ago,2026-07-08,2026-07-14T22:40:39+00:00,2026-07-14 15:40 Tue,,false,,,,false,workday:Workday:/job/USA-Remote/Sr-Reporting---Prism-Consultant--State---Local-Government_JR-0108796
Workday:/job/Italy-Milan/Sr-Services-Executive_JR-0109047,Workday,Sr Services Executive,"Italy, Milan",,https://workday.wd5.myworkdayjobs.com/en-US/Workday/job/Italy-Milan/Sr-Services-Executive_JR-0109047,Posted Today,2026-08-04,2026-08-04T08:59:30+00:00,2026-08-04 01:59 Tue,,false,,,,false,workday:Workday:/job/Italy-Milan/Sr-Services-Executive_JR-0109047
Workday:/job/USAVAReston/Analytics-Sr-Software-Engineer--US-Federal-_JR-0105489-1,Workday,Sr Site Reliability Engineer (US Federal),USA.VA.Reston,,https://workday.wd5.myworkdayjobs.com/en-US/Workday/job/USAVAReston/Analytics-Sr-Software-Engineer--US-Federal-_JR-0105489-1,Posted 9 Days Ago,2026-07-17,2026-07-26T08:59:28+00:00,2026-07-26 01:59 Sun,,false,,,,false,workday:Workday:/job/USAVAReston/Analytics-Sr-Software-Engineer--US-Federal-_JR-0105489-1
Workday:/job/USAVAReston/Sr-Site-Reliability-Engineer--US-Federal-_JR-0109129,Workday,Sr Site Reliability Engineer (US Federal),USA.VA.Reston,,https://workday.wd5.myworkdayjobs.com/en-US/Workday/job/USAVAReston/Sr-Site-Reliability-Engineer--US-Federal-_JR-0109129,Posted Today,2026-08-03,2026-08-03T22:59:15+00:00,2026-08-03 15:59 Mon,,false,,,,false,workday:Workday:/job/USAVAReston/Sr-Site-Reliability-Engineer--US-Federal-_JR-0109129
Workday:/job/USAVAReston/Sr-Software-Application-Engineer--US-Federal-_JR-0107994,Workday,Sr Software Application Engineer (US Federal),USA.VA.Reston,,https://workday.wd5.myworkdayjobs.com/en-US/Workday/job/USAVAReston/Sr-Software-Application-Engineer--US-Federal-_JR-0107994,Posted 5 Days Ago,2026-07-24,2026-07-29T15:41:44+00:00,2026-07-29 08:41 Wed,,false,,,,false,workday:Workday:/job/USAVAReston/Sr-Software-Application-Engineer--US-Federal-_JR-0107994
Workday:/job/USAVAReston/Sr-Software-Development-Engineer_JR-0103568,Workday,Sr Software Development Engineer,USA.VA.Reston,,https://workday.wd5.myworkdayjobs.com/en-US/Workday/job/USAVAReston/Sr-Software-Development-Engineer_JR-0103568,Posted Yesterday,2026-09-01,2026-07-17T15:17:53+00:00,2026-07-17 08:17 Fri,,false,,,,false,workday:Workday:/job/USAVAReston/Sr-Software-Development-Engineer_JR-0103568
Workday:/job/USAVAReston/Sr-Software-Development-Engineer_JR-0109130,Workday,Sr Software Development Engineer,USA.VA.Reston,,https://workday.wd5.myworkdayjobs.com/en-US/Workday/job/USAVAReston/Sr-Software-Development-Engineer_JR-0109130,Posted Today,2026-08-04,2026-08-04T00:17:35+00:00,2026-08-03 17:17 Mon,,false,,,,false,workday:Workday:/job/USAVAReston/Sr-Software-Development-Engineer_JR-0109130
Workday:/job/USA-CA-Pleasanton/Sr-Software-Development-Engineer--Full-Stack----Evisort-AI_JR-0108840,Workday,Sr Software Development Engineer (Full Stack) - Evisort AI,USA-CA-Pleasanton,,https://workday.wd5.myworkdayjobs.com/en-US/Workday/job/USA-CA-Pleasanton/Sr-Software-Development-Engineer--Full-Stack----Evisort-AI_JR-0108840,Posted Yesterday,2026-09-01,2026-08-06T22:18:08+00:00,2026-08-06 15:18 Thu,,false,,,,false,workday:Workday:/job/USA-CA-Pleasanton/Sr-Software-Development-Engineer--Full-Stack----Evisort-AI_JR-0108840
Workday:/job/USAVAReston/Sr-Software-Development-Engineer--US-Federal-_JR-0102024,Workday,Sr Software Development Engineer (US Federal),USA.VA.Reston,,https://workday.wd5.myworkdayjobs.com/en-US/Workday/job/USAVAReston/Sr-Software-Development-Engineer--US-Federal-_JR-0102024,Posted 20 Days Ago,2026-06-21,2026-07-11T03:36:34+00:00,2026-07-10 20:36 Fri,,false,,,,false,workday:Workday:/job/USAVAReston/Sr-Software-Development-Engineer--US-Federal-_JR-0102024
Workday:/job/USAVAReston/Software-Development-Engineer--US-Federal-_JR-0105420,Workday,Sr Software Development Engineer (US Federal),USA.VA.Reston,,https://workday.wd5.myworkdayjobs.com/en-US/Workday/job/USAVAReston/Software-Development-Engineer--US-Federal-_JR-0105420,Posted 3 Days Ago,2026-08-29,2026-08-22T03:41:38+00:00,2026-08-21 20:41 Fri,,false,,,,false,workday:Workday:/job/USAVAReston/Software-Development-Engineer--US-Federal-_JR-0105420
Workday:/job/USA-CA-Pleasanton/Sr-Software-Development-Engineer---Core-Platform-Integration_JR-0108019,Workday,Sr Software Development Engineer - Core Platform Integration,"USA, CA, Pleasanton",,https://workday.wd5.myworkdayjobs.com/en-US/Workday/job/USA-CA-Pleasanton/Sr-Software-Development-Engineer---Core-Platform-Integration_JR-0108019,Posted 6 Days Ago,2026-07-23,2026-07-29T06:17:31+00:00,2026-07-28 23:17 Tue,,false,,,,false,workday:Workday:/job/USA-CA-Pleasanton/Sr-Software-Development-Engineer---Core-Platform-Integration_JR-0108019
Workday:/job/Vietnam/Sr-Software-Development-Engineer---Da-Nang--Paradox-_JR-0108605,Workday,Sr Software Development Engineer - Da Nang (Paradox),Vietnam,,https://workday.wd5.myworkdayjobs.com/en-US/Workday/job/Vietnam/Sr-Software-Development-Engineer---Da-Nang--Paradox-_JR-0108605,Posted Today,2026-08-06,2026-08-06T09:41:27+00:00,2026-08-06 02:41 Thu,,false,,,,false,workday:Workday:/job/Vietnam/Sr-Software-Development-Engineer---Da-Nang--Paradox-_JR-0108605
Workday:/job/VNMDa-Nang/Sr-Software-Development-Engineer---Da-Nang--Paradox-_JR-0108605,Workday,Sr Software Development Engineer - Da Nang (Paradox),VNM.Da Nang,,https://workday.wd5.myworkdayjobs.com/en-US/Workday/job/VNMDa-Nang/Sr-Software-Development-Engineer---Da-Nang--Paradox-_JR-0108605,Posted 12 Days Ago,2026-08-06,2026-08-18T12:10:51+00:00,2026-08-18 05:10 Tue,,false,,,,false,workday:Workday:/job/VNMDa-Nang/Sr-Software-Development-Engineer---Da-Nang--Paradox-_JR-0108605
Workday:/job/USA-CA-Pleasanton/Sr-Software-Development-Engineer---Distributed-Systems_JR-0107882,Workday,Sr Software Development Engineer - Distributed Systems,"USA, CA, Pleasanton",,https://workday.wd5.myworkdayjobs.com/en-US/Workday/job/USA-CA-Pleasanton/Sr-Software-Development-Engineer---Distributed-Systems_JR-0107882,Posted 17 Days Ago,2026-06-30,2026-07-17T17:41:22+00:00,2026-07-17 10:41 Fri,,false,,,,false,workday:Workday:/job/USA-CA-Pleasanton/Sr-Software-Development-Engineer---Distributed-Systems_JR-0107882
Workday:/job/Canada-BC-Vancouver/Sr-Software-Developer-in-Test--SDET-_JR-0104958,Workday,Sr Software Development Engineer in Test (SDET) - Evisort AI,2 Locations,,https://workday.wd5.myworkdayjobs.com/en-US/Workday/job/Canada-BC-Vancouver/Sr-Software-Developer-in-Test--SDET-_JR-0104958,Posted 5 Days Ago,2026-07-17,2026-07-22T20:41:50+00:00,2026-07-22 13:41 Wed,,false,,,,false,workday:Workday:/job/Canada-BC-Vancouver/Sr-Software-Developer-in-Test--SDET-_JR-0104958
Workday:/job/USAVAReston/Software-Development-Engineer--SRE--US-Federal-_JR-0108467,Workday,"Sr Software Development Engineer, SRE (US Federal)",USA.VA.Reston,,https://workday.wd5.myworkdayjobs.com/en-US/Workday/job/USAVAReston/Software-Development-Engineer--SRE--US-Federal-_JR-0108467,Posted Yesterday,2026-09-01,2026-07-28T15:17:42+00:00,2026-07-28 08:17 Tue,,false,,,,false,workday:Workday:/job/USAVAReston/Software-Development-Engineer--SRE--US-Federal-_JR-0108467
Workday:/job/USA-CA-Pleasanton/Sr-Software-Development-Engineer--Product-Engineering---API-Platform---Agentic-AI_JR-0108225,Workday,Sr Software Engineer – API Platform & Agentic AI (Python/Typescript),"USA, CA, Pleasanton",,https://workday.wd5.myworkdayjobs.com/en-US/Workday/job/USA-CA-Pleasanton/Sr-Software-Development-Engineer--Product-Engineering---API-Platform---Agentic-AI_JR-0108225,Posted 19 Days Ago,2026-06-26,2026-07-15T22:39:01+00:00,2026-07-15 15:39 Wed,,false,,,,false,workday:Workday:/job/USA-CA-Pleasanton/Sr-Software-Development-Engineer--Product-Engineering---API-Platform---Agentic-AI_JR-0108225
Workday:/job/USA-IL-Remote/Sr-Solution-Consultant---HCM_JR-0109631,Workday,Sr Solution Consultant - HCM,USA-IL-Remote,,https://workday.wd5.myworkdayjobs.com/en-US/Workday/job/USA-IL-Remote/Sr-Solution-Consultant---HCM_JR-0109631,Posted 3 Days Ago,2026-08-27,2026-08-27T20:42:11+00:00,2026-08-27 13:42 Thu,,false,,,,false,workday:Workday:/job/USA-IL-Remote/Sr-Solution-Consultant---HCM_JR-0109631
Workday:/job/USA-NY-Remote/Sr-Strategic-Customer-Engagement---AI_JR-0108767,Workday,Sr Strategic Customer Engagement - AI,"USA, NY, Remote",,https://workday.wd5.myworkdayjobs.com/en-US/Workday/job/USA-NY-Remote/Sr-Strategic-Customer-Engagement---AI_JR-0108767,Posted 7 Days Ago,2026-07-20,2026-07-27T19:41:39+00:00,2026-07-27 12:41 Mon,,false,,,,false,workday:Workday:/job/USA-NY-Remote/Sr-Strategic-Customer-Engagement---AI_JR-0108767
Workday:/job/Australia-NSW-North-Sydney/Sr-Technical-Consultant_JR-0109566,Workday,Sr Technical Consultant,Australia-NSW-North-Sydney,,https://workday.wd5.myworkdayjobs.com/en-US/Workday/job/Australia-NSW-North-Sydney/Sr-Technical-Consultant_JR-0109566,Posted Today,2026-08-27,2026-08-26T03:17:26+00:00,2026-08-25 20:17 Tue,,false,,,,false,workday:Workday:/job/Australia-NSW-North-Sydney/Sr-Technical-Consultant_JR-0109566
Workday:/job/USA-UT-Salt-Lake-City/Sr-Technical-Consultant---Data-Conversion_JR-0108973,Workday,Sr Technical Consultant - Data Conversion,54 Locations,,https://workday.wd5.myworkdayjobs.com/en-US/Workday/job/USA-UT-Salt-Lake-City/Sr-Technical-Consultant---Data-Conversion_JR-0108973,Posted 4 Days Ago,2026-07-26,2026-07-30T16:42:00+00:00,2026-07-30 09:42 Thu,,false,,,,false,workday:Workday:/job/USA-UT-Salt-Lake-City/Sr-Technical-Consultant---Data-Conversion_JR-0108973
Workday:/job/USA-CA-Pleasanton/Sr-Workday-Education-Field-Solutions-Manager_JR-0108871,Workday,Sr Workday Education Field Solutions Manager,13 Locations,,https://workday.wd5.myworkdayjobs.com/en-US/Workday/job/USA-CA-Pleasanton/Sr-Workday-Education-Field-Solutions-Manager_JR-0108871,Posted Today,2026-07-27,2026-07-27T22:17:22+00:00,2026-07-27 15:17 Mon,,false,,,,false,workday:Workday:/job/USA-CA-Pleasanton/Sr-Workday-Education-Field-Solutions-Manager_JR-0108871
Workday:/job/USA-IL-Chicago/Principal-Functional-Consultant--AI-Practice_JR-0107274,Workday,Sr. AI Deployment Architect,USA-IL-Chicago,,https://workday.wd5.myworkdayjobs.com/en-US/Workday/job/USA-IL-Chicago/Principal-Functional-Consultant--AI-Practice_JR-0107274,Posted Today,2026-09-02,2026-07-11T03:36:34+00:00,2026-07-10 20:36 Fri,,false,,,,false,workday:Workday:/job/USA-IL-Chicago/Principal-Functional-Consultant--AI-Practice_JR-0107274
Workday:/job/INDPune/Sr-Associate-People-Support-Specialist_JR-0107497,Workday,Sr. Associate People Support Specialist,IND.Pune,,https://workday.wd5.myworkdayjobs.com/en-US/Workday/job/INDPune/Sr-Associate-People-Support-Specialist_JR-0107497,Posted Today,2026-07-21,2026-07-21T15:41:30+00:00,2026-07-21 08:41 Tue,,false,,,,false,workday:Workday:/job/INDPune/Sr-Associate-People-Support-Specialist_JR-0107497
Workday:/job/INDPune/Sr-Associate-Purchasing-Analyst_JR-0108194-1,Workday,Sr. Associate Purchasing Analyst,IND.Pune,,https://workday.wd5.myworkdayjobs.com/en-US/Workday/job/INDPune/Sr-Associate-Purchasing-Analyst_JR-0108194-1,Posted Yesterday,2026-08-25,2026-08-24T15:56:32+00:00,2026-08-24 08:56 Mon,,false,,,,false,workday:Workday:/job/INDPune/Sr-Associate-Purchasing-Analyst_JR-0108194-1
Workday:/job/USAVAReston/Sr-Associate-Software-Development-Engineer---US-Federal_JR-0109290,Workday,Sr. Associate Software Development Engineer - US Federal,USA.VA.Reston,,https://workday.wd5.myworkdayjobs.com/en-US/Workday/job/USAVAReston/Sr-Associate-Software-Development-Engineer---US-Federal_JR-0109290,Posted Today,2026-08-16,2026-08-16T01:41:13+00:00,2026-08-15 18:41 Sat,,false,,,,false,workday:Workday:/job/USAVAReston/Sr-Associate-Software-Development-Engineer---US-Federal_JR-0109290
Workday:/job/USA-CO-Boulder/Sr-Associate-Software-Development-Engineer---Workday-Everywhere_JR-0108772,Workday,Sr. Associate Software Development Engineer - Workday Everywhere,2 Locations,,https://workday.wd5.myworkdayjobs.com/en-US/Workday/job/USA-CO-Boulder/Sr-Associate-Software-Development-Engineer---Workday-Everywhere_JR-0108772,Posted Today,2026-07-21,2026-07-21T17:59:30+00:00,2026-07-21 10:59 Tue,,false,,,,false,workday:Workday:/job/USA-CO-Boulder/Sr-Associate-Software-Development-Engineer---Workday-Everywhere_JR-0108772
Workday:/job/INDChennai/Sr-Associate-Software-Development-Engineer-P2-_JR-0108409,Workday,Sr. Associate Software Development Engineer(P2),IND.Chennai,,https://workday.wd5.myworkdayjobs.com/en-US/Workday/job/INDChennai/Sr-Associate-Software-Development-Engineer-P2-_JR-0108409,Posted Today,2026-07-11,2026-07-11T09:26:10+00:00,2026-07-11 02:26 Sat,,false,,,,false,workday:Workday:/job/INDChennai/Sr-Associate-Software-Development-Engineer-P2-_JR-0108409
Workday:/job/Costa-Rica/Sr-Associate-Sourcing-Manager_JR-0109695,Workday,Sr. Associate Sourcing Manager,Costa Rica,,https://workday.wd5.myworkdayjobs.com/en-US/Workday/job/Costa-Rica/Sr-Associate-Sourcing-Manager_JR-0109695,Posted Today,2026-09-02,2026-09-02T17:18:11+00:00,2026-09-02 10:18 Wed,,false,,,,false,workday:Workday:/job/Costa-Rica/Sr-Associate-Sourcing-Manager_JR-0109695
Workday:/job/Costa-Rica/Sr-Associate-Technical-Support-Engineer_JR-0106798-1,Workday,Sr. Associate Technical Support Engineer - Paradox (10am-7pm),Costa Rica,,https://workday.wd5.myworkdayjobs.com/en-US/Workday/job/Costa-Rica/Sr-Associate-Technical-Support-Engineer_JR-0106798-1,Posted Today,2026-07-15,2026-07-15T18:42:06+00:00,2026-07-15 11:42 Wed,,false,,,,false,workday:Workday:/job/Costa-Rica/Sr-Associate-Technical-Support-Engineer_JR-0106798-1
Workday:/job/USA-CA-San-Francisco/Sr-Customer-Success-Manager_JR-0107329,Workday,Sr. Customer Success Manager,5 Locations,,https://workday.wd5.myworkdayjobs.com/en-US/Workday/job/USA-CA-San-Francisco/Sr-Customer-Success-Manager_JR-0107329,Posted Today,2026-07-21,2026-07-21T16:41:51+00:00,2026-07-21 09:41 Tue,,false,,,,false,workday:Workday:/job/USA-CA-San-Francisco/Sr-Customer-Success-Manager_JR-0107329
Workday:/job/Canada-BC-Vancouver/Sr-Data-Scientist_JR-0108050,Workday,Sr. Data Scientist,2 Locations,,https://workday.wd5.myworkdayjobs.com/en-US/Workday/job/Canada-BC-Vancouver/Sr-Data-Scientist_JR-0108050,Posted Today,2026-07-14,2026-07-14T19:41:21+00:00,2026-07-14 12:41 Tue,,false,,,,false,workday:Workday:/job/Canada-BC-Vancouver/Sr-Data-Scientist_JR-0108050
Workday:/job/Canada-ON-Toronto/Sr-Director--AI-Strategy-and-Product-Management_JR-0109095,Workday,"Sr. Director, AI Strategy and Product Management","Canada, ON, Toronto",,https://workday.wd5.myworkdayjobs.com/en-US/Workday/job/Canada-ON-Toronto/Sr-Director--AI-Strategy-and-Product-Management_JR-0109095,Posted Yesterday,2026-08-25,2026-08-07T20:15:53+00:00,2026-08-07 13:15 Fri,,false,,,,false,workday:Workday:/job/Canada-ON-Toronto/Sr-Director--AI-Strategy-and-Product-Management_JR-0109095
Workday:/job/USA-IL-Remote/Sr-Engagement-Manager---Workday-Success-Plans_JR-0108589,Workday,Sr. Engagement Manager - Workday Success Plans,2 Locations,,https://workday.wd5.myworkdayjobs.com/en-US/Workday/job/USA-IL-Remote/Sr-Engagement-Manager---Workday-Success-Plans_JR-0108589,Posted 18 Days Ago,2026-06-28,2026-07-16T17:42:03+00:00,2026-07-16 10:42 Thu,,false,,,,false,workday:Workday:/job/USA-IL-Remote/Sr-Engagement-Manager---Workday-Success-Plans_JR-0108589
Workday:/job/USA-CA-Pleasanton/FinOps-Specialist_JR-0106851,Workday,Sr. FinOps Specialist,USA-CA-Pleasanton,,https://workday.wd5.myworkdayjobs.com/en-US/Workday/job/USA-CA-Pleasanton/FinOps-Specialist_JR-0106851,Posted Yesterday,2026-08-21,2026-07-28T20:17:42+00:00,2026-07-28 13:17 Tue,,false,,,,false,workday:Workday:/job/USA-CA-Pleasanton/FinOps-Specialist_JR-0106851
Workday:/job/USAVAReston/Sr-Full-Stack-Software-Engineer----US-Federal-_JR-0105397,Workday,Sr. Full Stack Software Engineer - (US Federal),USA.VA.Reston,,https://workday.wd5.myworkdayjobs.com/en-US/Workday/job/USAVAReston/Sr-Full-Stack-Software-Engineer----US-Federal-_JR-0105397,Posted 10 Days Ago,2026-07-01,2026-07-11T03:36:34+00:00,2026-07-10 20:36 Fri,,false,,,,false,workday:Workday:/job/USAVAReston/Sr-Full-Stack-Software-Engineer----US-Federal-_JR-0105397
Workday:/job/United-Kingdom-London/Sr-Functional-Consultant_JR-0108703,Workday,Sr. Functional Consultant,2 Locations,,https://workday.wd5.myworkdayjobs.com/en-US/Workday/job/United-Kingdom-London/Sr-Functional-Consultant_JR-0108703,Posted 17 Days Ago,2026-06-29,2026-07-16T14:42:01+00:00,2026-07-16 07:42 Thu,,false,,,,false,workday:Workday:/job/United-Kingdom-London/Sr-Functional-Consultant_JR-0108703
Workday:/job/USA-Remote/Sr-Grants-Management-Implementation-Consultant--Higher-Education_JR-0106899,Workday,"Sr. Grants Management Implementation Consultant, Higher Education",USA Remote,,https://workday.wd5.myworkdayjobs.com/en-US/Workday/job/USA-Remote/Sr-Grants-Management-Implementation-Consultant--Higher-Education_JR-0106899,Posted 3 Days Ago,2026-07-08,2026-07-11T03:36:34+00:00,2026-07-10 20:36 Fri,,false,,,,false,workday:Workday:/job/USA-Remote/Sr-Grants-Management-Implementation-Consultant--Higher-Education_JR-0106899
Workday:/job/USA-CA-Pleasanton/Sr-Incentive-Comp-Design-Analyst_JR-0108567,Workday,Sr. Incentive Comp Design Analyst,3 Locations,,https://workday.wd5.myworkdayjobs.com/en-US/Workday/job/USA-CA-Pleasanton/Sr-Incentive-Comp-Design-Analyst_JR-0108567,Posted Today,2026-07-15,2026-07-15T16:17:51+00:00,2026-07-15 09:17 Wed,,false,,,,false,workday:Workday:/job/USA-CA-Pleasanton/Sr-Incentive-Comp-Design-Analyst_JR-0108567
Workday:/job/USA-Remote/Sr-Integrations-Consultant-Financial----Workday-Success-Plans_JR-0109425,Workday,Sr. Integrations Consultant(Financial) - Workday Success Plans,USA-Remote,,https://workday.wd5.myworkdayjobs.com/en-US/Workday/job/USA-Remote/Sr-Integrations-Consultant-Financial----Workday-Success-Plans_JR-0109425,Posted 3 Days Ago,2026-08-27,2026-08-27T19:42:01+00:00,2026-08-27 12:42 Thu,,false,,,,false,workday:Workday:/job/USA-Remote/Sr-Integrations-Consultant-Financial----Workday-Success-Plans_JR-0109425
Workday:/job/USA-CA-Pleasanton/Sr-Manager--Marketing-Activation_JR-0108790,Workday,"Sr. Manager, Marketing Activation","USA, CA, Pleasanton",,https://workday.wd5.myworkdayjobs.com/en-US/Workday/job/USA-CA-Pleasanton/Sr-Manager--Marketing-Activation_JR-0108790,Posted Today,2026-07-14,2026-07-14T21:00:00+00:00,2026-07-14 14:00 Tue,,false,,,,false,workday:Workday:/job/USA-CA-Pleasanton/Sr-Manager--Marketing-Activation_JR-0108790
Workday:/job/USA-CA-Pleasanton/Sr-Manager--Partner-Solution-Consulting_JR-0108005-1,Workday,"Sr. Manager, Partner Solution Consulting",3 Locations,,https://workday.wd5.myworkdayjobs.com/en-US/Workday/job/USA-CA-Pleasanton/Sr-Manager--Partner-Solution-Consulting_JR-0108005-1,Posted 18 Days Ago,2026-06-23,2026-07-11T03:36:34+00:00,2026-07-10 20:36 Fri,,false,,,,false,workday:Workday:/job/USA-CA-Pleasanton/Sr-Manager--Partner-Solution-Consulting_JR-0108005-1
Workday:/job/Costa-Rica/Sr-Manager--Procurement_JR-0107918,Workday,"Sr. Manager, Procurement",Costa Rica,,https://workday.wd5.myworkdayjobs.com/en-US/Workday/job/Costa-Rica/Sr-Manager--Procurement_JR-0107918,Posted 2 Days Ago,2026-07-09,2026-07-11T03:36:34+00:00,2026-07-10 20:36 Fri,,false,,,,false,workday:Workday:/job/Costa-Rica/Sr-Manager--Procurement_JR-0107918
Workday:/job/INDPune/Sr-Network-Engineer_JR-0101654,Workday,Sr. Network Engineer,IND.Pune,,https://workday.wd5.myworkdayjobs.com/en-US/Workday/job/INDPune/Sr-Network-Engineer_JR-0101654,Posted 30+ Days Ago,2026-07-19,2026-08-18T12:10:51+00:00,2026-08-18 05:10 Tue,,false,,,,false,workday:Workday:/job/INDPune/Sr-Network-Engineer_JR-0101654
Workday:/job/Netherlands-Amsterdam/Sr-Prism-Analytics-Consultant---Workday-Success-Plans_JR-0104535,Workday,Sr. Prism Analytics Consultant - Workday Success Plans,2 Locations,,https://workday.wd5.myworkdayjobs.com/en-US/Workday/job/Netherlands-Amsterdam/Sr-Prism-Analytics-Consultant---Workday-Success-Plans_JR-0104535,Posted 17 Days Ago,2026-06-24,2026-07-11T03:36:34+00:00,2026-07-10 20:36 Fri,,false,,,,false,workday:Workday:/job/Netherlands-Amsterdam/Sr-Prism-Analytics-Consultant---Workday-Success-Plans_JR-0104535
Workday:/job/Poland-Warsaw/Sr-Prism-Analytics-Consultant---Workday-Success-Plans_JR-0104538,Workday,Sr. Prism Analytics Consultant - Workday Success Plans,Poland-Warsaw,,https://workday.wd5.myworkdayjobs.com/en-US/Workday/job/Poland-Warsaw/Sr-Prism-Analytics-Consultant---Workday-Success-Plans_JR-0104538,Posted Today,2026-08-13,2026-08-13T16:11:40+00:00,2026-08-13 09:11 Thu,,false,,,,false,workday:Workday:/job/Poland-Warsaw/Sr-Prism-Analytics-Consultant---Workday-Success-Plans_JR-0104538
Workday:/job/United-Kingdom-London/Sr-Prism-Analytics-Consultant---Workday-Success-Plans_JR-0109345,Workday,Sr. Prism Analytics Consultant - Workday Success Plans,United-Kingdom-London,,https://workday.wd5.myworkdayjobs.com/en-US/Workday/job/United-Kingdom-London/Sr-Prism-Analytics-Consultant---Workday-Success-Plans_JR-0109345,Posted Today,2026-08-13,2026-08-13T16:41:49+00:00,2026-08-13 09:41 Thu,,false,,,,false,workday:Workday:/job/United-Kingdom-London/Sr-Prism-Analytics-Consultant---Workday-Success-Plans_JR-0109345
Workday:/job/IRLDublinDockline/Sr-Prism-Analytics-Consultant---Workday-Success-Plans_JR-0109347,Workday,Sr. Prism Analytics Consultant - Workday Success Plans,IRLDublinDockline,,https://workday.wd5.myworkdayjobs.com/en-US/Workday/job/IRLDublinDockline/Sr-Prism-Analytics-Consultant---Workday-Success-Plans_JR-0109347,Posted Today,2026-08-13,2026-08-13T16:59:49+00:00,2026-08-13 09:59 Thu,,false,,,,false,workday:Workday:/job/IRLDublinDockline/Sr-Prism-Analytics-Consultant---Workday-Success-Plans_JR-0109347
Workday:/job/Italy-Milan/Sr-Prism-Analytics-Consultant---Workday-Success-Plans_JR-0104538,Workday,Sr. Prism Analytics Consultant - Workday Success Plans,"Italy, Milan",,https://workday.wd5.myworkdayjobs.com/en-US/Workday/job/Italy-Milan/Sr-Prism-Analytics-Consultant---Workday-Success-Plans_JR-0104538,Posted Yesterday,2026-08-19,2026-08-18T07:59:32+00:00,2026-08-18 00:59 Tue,,false,,,,false,workday:Workday:/job/Italy-Milan/Sr-Prism-Analytics-Consultant---Workday-Success-Plans_JR-0104538
Workday:/job/USA-CA-Pleasanton/Sr-Product-Manager--Developer-Platform-Experience_JR-0107646,Workday,"Sr. Product Manager, Developer Platform Experience","USA, CA, Pleasanton",,https://workday.wd5.myworkdayjobs.com/en-US/Workday/job/USA-CA-Pleasanton/Sr-Product-Manager--Developer-Platform-Experience_JR-0107646,Posted Today,2026-07-21,2026-07-21T00:59:23+00:00,2026-07-20 17:59 Mon,,false,,,,false,workday:Workday:/job/USA-CA-Pleasanton/Sr-Product-Manager--Developer-Platform-Experience_JR-0107646
Workday:/job/Costa-Rica/Sr-Program-Manager_JR-0107598-1,Workday,Sr. Program Manager,Costa Rica,,https://workday.wd5.myworkdayjobs.com/en-US/Workday/job/Costa-Rica/Sr-Program-Manager_JR-0107598-1,Posted Today,2026-07-27,2026-07-27T21:41:44+00:00,2026-07-27 14:41 Mon,,false,,,,false,workday:Workday:/job/Costa-Rica/Sr-Program-Manager_JR-0107598-1
Workday:/job/Spain-Madrid/Sr-Reporting---Analytics-Consultant--FIN----Workday-Success-Plans_JR-0108913,Workday,Sr. Reporting & Analytics Consultant (FIN) - Workday Success Plans,Spain-Madrid,,https://workday.wd5.myworkdayjobs.com/en-US/Workday/job/Spain-Madrid/Sr-Reporting---Analytics-Consultant--FIN----Workday-Success-Plans_JR-0108913,Posted Yesterday,2026-08-19,2026-07-22T10:59:25+00:00,2026-07-22 03:59 Wed,,false,,,,false,workday:Workday:/job/Spain-Madrid/Sr-Reporting---Analytics-Consultant--FIN----Workday-Success-Plans_JR-0108913
Workday:/job/Germany-Berlin/Sr-Reporting---Analytics-Consultant--FIN----Workday-Success-Plans_JR-0109450,Workday,Sr. Reporting & Analytics Consultant (FIN) - Workday Success Plans,Germany-Berlin,,https://workday.wd5.myworkdayjobs.com/en-US/Workday/job/Germany-Berlin/Sr-Reporting---Analytics-Consultant--FIN----Workday-Success-Plans_JR-0109450,Posted Yesterday,2026-08-19,2026-08-18T10:41:52+00:00,2026-08-18 03:41 Tue,,false,,,,false,workday:Workday:/job/Germany-Berlin/Sr-Reporting---Analytics-Consultant--FIN----Workday-Success-Plans_JR-0109450
Workday:/job/Italy-Milan/Sr-Reporting---Analytics-Consultant--FIN----Workday-Success-Plans_JR-0109451,Workday,Sr. Reporting & Analytics Consultant (FIN) - Workday Success Plans,"Italy, Milan",,https://workday.wd5.myworkdayjobs.com/en-US/Workday/job/Italy-Milan/Sr-Reporting---Analytics-Consultant--FIN----Workday-Success-Plans_JR-0109451,Posted Yesterday,2026-08-19,2026-08-18T10:41:52+00:00,2026-08-18 03:41 Tue,,false,,,,false,workday:Workday:/job/Italy-Milan/Sr-Reporting---Analytics-Consultant--FIN----Workday-Success-Plans_JR-0109451
Workday:/job/Netherlands-Amsterdam/Sr-Reporting---Analytics-Consultant--FIN----Workday-Success-Plans_JR-0107505,Workday,Sr. Reporting & Analytics Consultant (FIN) - Workday Success Plans,Netherlands-Amsterdam,,https://workday.wd5.myworkdayjobs.com/en-US/Workday/job/Netherlands-Amsterdam/Sr-Reporting---Analytics-Consultant--FIN----Workday-Success-Plans_JR-0107505,Posted Yesterday,2026-08-19,2026-08-18T10:41:52+00:00,2026-08-18 03:41 Tue,,false,,,,false,workday:Workday:/job/Netherlands-Amsterdam/Sr-Reporting---Analytics-Consultant--FIN----Workday-Success-Plans_JR-0107505
Workday:/job/United-Kingdom-London/Sr-Reporting---Analytics-Consultant--FIN----Workday-Success-Plans_JR-0109449,Workday,Sr. Reporting & Analytics Consultant (FIN) - Workday Success Plans,United-Kingdom-London,,https://workday.wd5.myworkdayjobs.com/en-US/Workday/job/United-Kingdom-London/Sr-Reporting---Analytics-Consultant--FIN----Workday-Success-Plans_JR-0109449,Posted Yesterday,2026-08-19,2026-08-18T10:59:40+00:00,2026-08-18 03:59 Tue,,false,,,,false,workday:Workday:/job/United-Kingdom-London/Sr-Reporting---Analytics-Consultant--FIN----Workday-Success-Plans_JR-0109449
Workday:/job/USAVAReston/Analytics-Sr-Software-Engineer--US-Federal-_JR-0105484,Workday,Sr. Site Reliability Engineer (US Federal),USA.VA.Reston,,https://workday.wd5.myworkdayjobs.com/en-US/Workday/job/USAVAReston/Analytics-Sr-Software-Engineer--US-Federal-_JR-0105484,Posted 9 Days Ago,2026-07-17,2026-07-26T08:59:28+00:00,2026-07-26 01:59 Sun,,false,,,,false,workday:Workday:/job/USAVAReston/Analytics-Sr-Software-Engineer--US-Federal-_JR-0105484
Workday:/job/USAVAReston/Sr-Site-Reliability-Engineer--US-Federal-_JR-0105486,Workday,Sr. Site Reliability Engineer (US Federal),USA.VA.Reston,,https://workday.wd5.myworkdayjobs.com/en-US/Workday/job/USAVAReston/Sr-Site-Reliability-Engineer--US-Federal-_JR-0105486,Posted 9 Days Ago,2026-07-17,2026-07-26T08:59:28+00:00,2026-07-26 01:59 Sun,,false,,,,false,workday:Workday:/job/USAVAReston/Sr-Site-Reliability-Engineer--US-Federal-_JR-0105486
Workday:/job/USAVAReston/Sr-Site-Reliability-Engineer--US-Federal-_JR-0109059,Workday,Sr. Site Reliability Engineer (US Federal),USA.VA.Reston,,https://workday.wd5.myworkdayjobs.com/en-US/Workday/job/USAVAReston/Sr-Site-Reliability-Engineer--US-Federal-_JR-0109059,Posted Today,2026-08-03,2026-08-03T18:41:46+00:00,2026-08-03 11:41 Mon,,false,,,,false,workday:Workday:/job/USAVAReston/Sr-Site-Reliability-Engineer--US-Federal-_JR-0109059
Workday:/job/USAVAReston/Sr-Software-Development-Engineer--US-Federal-_JR-0103679,Workday,Sr. Software Development Engineer (US Federal),USA.VA.Reston,,https://workday.wd5.myworkdayjobs.com/en-US/Workday/job/USAVAReston/Sr-Software-Development-Engineer--US-Federal-_JR-0103679,Posted 30+ Days Ago,2026-07-19,2026-08-18T12:10:51+00:00,2026-08-18 05:10 Tue,,false,,,,false,workday:Workday:/job/USAVAReston/Sr-Software-Development-Engineer--US-Federal-_JR-0103679
Workday:/job/Canada-BC-Vancouver/Sr-Software-Development-Engineer---Agentic---Semantic-System_JR-0107690,Workday,Sr. Software Development Engineer - Agentic & Semantic System,"Canada, BC, Vancouver",,https://workday.wd5.myworkdayjobs.com/en-US/Workday/job/Canada-BC-Vancouver/Sr-Software-Development-Engineer---Agentic---Semantic-System_JR-0107690,Posted Today,2026-07-11,2026-07-11T03:36:34+00:00,2026-07-10 20:36 Fri,,false,,,,false,workday:Workday:/job/Canada-BC-Vancouver/Sr-Software-Development-Engineer---Agentic---Semantic-System_JR-0107690
Workday:/job/Canada-BC-Vancouver/Sr-Software-Development-Engineer---Agentic-System_JR-0107692,Workday,Sr. Software Development Engineer - Agentic System,"Canada, BC, Vancouver",,https://workday.wd5.myworkdayjobs.com/en-US/Workday/job/Canada-BC-Vancouver/Sr-Software-Development-Engineer---Agentic-System_JR-0107692,Posted 4 Days Ago,2026-07-07,2026-07-11T03:36:34+00:00,2026-07-10 20:36 Fri,,false,,,,false,workday:Workday:/job/Canada-BC-Vancouver/Sr-Software-Development-Engineer---Agentic-System_JR-0107692
Workday:/job/USA-GA-Atlanta/Sr-Software-Development-Engineer_JR-0108085,Workday,Sr. Software Development Engineer - Distributed Systems ( Java/ Kotlin),"USA, GA, Atlanta",,https://workday.wd5.myworkdayjobs.com/en-US/Workday/job/USA-GA-Atlanta/Sr-Software-Development-Engineer_JR-0108085,Posted Yesterday,2026-09-01,2026-07-11T03:36:34+00:00,2026-07-10 20:36 Fri,,false,,,,false,workday:Workday:/job/USA-GA-Atlanta/Sr-Software-Development-Engineer_JR-0108085
Workday:/job/Canada-ON-Toronto/Principal--Software-Development-Engineer_JR-0108059,Workday,"Sr. Software Development Engineer / Principal, Software Development Engineer",Canada-ON-Toronto,,https://workday.wd5.myworkdayjobs.com/en-US/Workday/job/Canada-ON-Toronto/Principal--Software-Development-Engineer_JR-0108059,Posted Yesterday,2026-08-27,2026-07-11T03:36:34+00:00,2026-07-10 20:36 Fri,,false,,,,false,workday:Workday:/job/Canada-ON-Toronto/Principal--Software-Development-Engineer_JR-0108059
Workday:/job/Canada-BC-Vancouver/Principal--Software-Development-Engineer_JR-0108059,Workday,"Sr. Software Development Engineer / Principal, Software Development Engineer","Canada, BC, Vancouver",,https://workday.wd5.myworkdayjobs.com/en-US/Workday/job/Canada-BC-Vancouver/Principal--Software-Development-Engineer_JR-0108059,Posted Today,2026-09-02,2026-09-02T15:59:41+00:00,2026-09-02 08:59 Wed,,false,,,,false,workday:Workday:/job/Canada-BC-Vancouver/Principal--Software-Development-Engineer_JR-0108059
Workday:/job/USA-GA-Atlanta/Sr-Software-Engineer--Distributed-Systems-_JR-0108061,Workday,Sr. Software Engineer (Distributed Systems),"USA, GA, Atlanta",,https://workday.wd5.myworkdayjobs.com/en-US/Workday/job/USA-GA-Atlanta/Sr-Software-Engineer--Distributed-Systems-_JR-0108061,Posted Yesterday,2026-09-01,2026-07-11T03:36:34+00:00,2026-07-10 20:36 Fri,,false,,,,false,workday:Workday:/job/USA-GA-Atlanta/Sr-Software-Engineer--Distributed-Systems-_JR-0108061
Workday:/job/Ireland-Dublin/Sr-Software-Engineer--Distributed-Systems-_JR-0108932,Workday,Sr. Software Engineer (Distributed Systems),"Ireland, Dublin",,https://workday.wd5.myworkdayjobs.com/en-US/Workday/job/Ireland-Dublin/Sr-Software-Engineer--Distributed-Systems-_JR-0108932,Posted Today,2026-08-26,2026-08-04T16:35:14+00:00,2026-08-04 09:35 Tue,,false,,,,false,workday:Workday:/job/Ireland-Dublin/Sr-Software-Engineer--Distributed-Systems-_JR-0108932
Workday:/job/USA-CA-Pleasanton/Sr-Software-Engineer--Security--Pipedream-_JR-0107129,Workday,"Sr. Software Engineer, Security (Pipedream)","USA, CA, Pleasanton",,https://workday.wd5.myworkdayjobs.com/en-US/Workday/job/USA-CA-Pleasanton/Sr-Software-Engineer--Security--Pipedream-_JR-0107129,Posted 30+ Days Ago,2026-07-19,2026-08-18T12:10:51+00:00,2026-08-18 05:10 Tue,,false,,,,false,workday:Workday:/job/USA-CA-Pleasanton/Sr-Software-Engineer--Security--Pipedream-_JR-0107129
Workday:/job/INDPune/Sr-Consultant---Workday-Financials_JR-0109146,Workday,Sr/Consultant - Workday Financials,IND.Pune,,https://workday.wd5.myworkdayjobs.com/en-US/Workday/job/INDPune/Sr-Consultant---Workday-Financials_JR-0109146,Posted Today,2026-08-06,2026-08-06T06:59:28+00:00,2026-08-05 23:59 Wed,,false,,,,false,workday:Workday:/job/INDPune/Sr-Consultant---Workday-Financials_JR-0109146
Workday:/job/USA-CA-Pleasanton/Sr-Principal-Product-Manager--Core-Financials-AI_JR-0109552,Workday,"Sr/Principal Product Manager, Core Financials AI",USA-CA-Pleasanton,,https://workday.wd5.myworkdayjobs.com/en-US/Workday/job/USA-CA-Pleasanton/Sr-Principal-Product-Manager--Core-Financials-AI_JR-0109552,Posted Today,2026-09-02,2026-09-01T19:42:05+00:00,2026-09-01 12:42 Tue,,false,,,,false,workday:Workday:/job/USA-CA-Pleasanton/Sr-Principal-Product-Manager--Core-Financials-AI_JR-0109552
Workday:/job/USA-NY-New-York-City/Storytelling-Marketing--Product-Marketing-Spike-_JR-0108731,Workday,Storytelling Marketing (Product Marketing Spike),"USA, NY, New York City",,https://workday.wd5.myworkdayjobs.com/en-US/Workday/job/USA-NY-New-York-City/Storytelling-Marketing--Product-Marketing-Spike-_JR-0108731,Posted Today,2026-09-02,2026-08-31T12:41:44+00:00,2026-08-31 05:41 Mon,,false,,,,false,workday:Workday:/job/USA-NY-New-York-City/Storytelling-Marketing--Product-Marketing-Spike-_JR-0108731
Workday:/job/USA-CA-Pleasanton/Strategic-Finance-Director_JR-0108701,Workday,Strategic Finance Director,"USA, CA, Pleasanton",,https://workday.wd5.myworkdayjobs.com/en-US/Workday/job/USA-CA-Pleasanton/Strategic-Finance-Director_JR-0108701,Posted 18 Days Ago,2026-06-28,2026-07-16T22:59:02+00:00,2026-07-16 15:59 Thu,,false,,,,false,workday:Workday:/job/USA-CA-Pleasanton/Strategic-Finance-Director_JR-0108701
Workday:/job/Japan-Tokyo/Sr-Success-Plan-Engagement-Manager_JR-0108860,Workday,Success Plan Engagement Manager,"Japan, Tokyo",,https://workday.wd5.myworkdayjobs.com/en-US/Workday/job/Japan-Tokyo/Sr-Success-Plan-Engagement-Manager_JR-0108860,Posted Today,2026-09-01,2026-07-24T10:41:13+00:00,2026-07-24 03:41 Fri,,false,,,,false,workday:Workday:/job/Japan-Tokyo/Sr-Success-Plan-Engagement-Manager_JR-0108860
Workday:/job/Israel-Tel-Aviv/Manager--Software-Development-Engineering_JR-0102237,Workday,Team Lead Software Engineering,"Israel, Tel Aviv",,https://workday.wd5.myworkdayjobs.com/en-US/Workday/job/Israel-Tel-Aviv/Manager--Software-Development-Engineering_JR-0102237,Posted 28 Days Ago,2026-06-13,2026-07-11T03:36:34+00:00,2026-07-10 20:36 Fri,,false,,,,false,workday:Workday:/job/Israel-Tel-Aviv/Manager--Software-Development-Engineering_JR-0102237
Workday:/job/USA-UT-Salt-Lake-City/Technical-Account-Manager_JR-0109151-1,Workday,Technical Account Manager,USA-UT-Salt-Lake-City,,https://workday.wd5.myworkdayjobs.com/en-US/Workday/job/USA-UT-Salt-Lake-City/Technical-Account-Manager_JR-0109151-1,Posted Today,2026-08-12,2026-08-12T17:13:58+00:00,2026-08-12 10:13 Wed,,false,,,,false,workday:Workday:/job/USA-UT-Salt-Lake-City/Technical-Account-Manager_JR-0109151-1
Workday:/job/Costa-Rica/Technical-Account-Manager_JR-0102943-2,Workday,Technical Account Manager,Costa Rica,,https://workday.wd5.myworkdayjobs.com/en-US/Workday/job/Costa-Rica/Technical-Account-Manager_JR-0102943-2,Posted Today,2026-08-13,2026-08-13T18:17:42+00:00,2026-08-13 11:17 Thu,,false,,,,false,workday:Workday:/job/Costa-Rica/Technical-Account-Manager_JR-0102943-2
Workday:/job/USA-GA-Atlanta/Technical-Account-Manager--Atlanta-GA-_JR-0109355,Workday,"Technical Account Manager (Atlanta,GA)","USA, GA, Atlanta",,https://workday.wd5.myworkdayjobs.com/en-US/Workday/job/USA-GA-Atlanta/Technical-Account-Manager--Atlanta-GA-_JR-0109355,Posted Today,2026-08-28,2026-08-19T23:44:20+00:00,2026-08-19 16:44 Wed,,false,,,,false,workday:Workday:/job/USA-GA-Atlanta/Technical-Account-Manager--Atlanta-GA-_JR-0109355
Workday:/job/USA-TX-Austin/Technical-Account-Manager--Austin-TX-_JR-0109356,Workday,"Technical Account Manager (Austin,TX)","USA, TX, Austin",,https://workday.wd5.myworkdayjobs.com/en-US/Workday/job/USA-TX-Austin/Technical-Account-Manager--Austin-TX-_JR-0109356,Posted Yesterday,2026-08-27,2026-08-19T23:44:20+00:00,2026-08-19 16:44 Wed,,false,,,,false,workday:Workday:/job/USA-TX-Austin/Technical-Account-Manager--Austin-TX-_JR-0109356
Workday:/job/USA-UT-Salt-Lake-City/Technical-Account-Manager--Salt-Lake-City-UT---Oregon-Remote--_JR-0109357,Workday,"Technical Account Manager (Salt Lake City,UT)","USA, UT, Salt Lake City",,https://workday.wd5.myworkdayjobs.com/en-US/Workday/job/USA-UT-Salt-Lake-City/Technical-Account-Manager--Salt-Lake-City-UT---Oregon-Remote--_JR-0109357,Posted Yesterday,2026-08-27,2026-08-17T20:59:51+00:00,2026-08-17 13:59 Mon,,false,,,,false,workday:Workday:/job/USA-UT-Salt-Lake-City/Technical-Account-Manager--Salt-Lake-City-UT---Oregon-Remote--_JR-0109357
Workday:/job/USA-CA-Pleasanton/Technical-Consultant-for-Workday-CLM-Evisort_JR-0106966,Workday,Technical Consultant for Workday CLM Evisort,3 Locations,,https://workday.wd5.myworkdayjobs.com/en-US/Workday/job/USA-CA-Pleasanton/Technical-Consultant-for-Workday-CLM-Evisort_JR-0106966,Posted 9 Days Ago,2026-07-02,2026-07-11T03:36:34+00:00,2026-07-10 20:36 Fri,,false,,,,false,workday:Workday:/job/USA-CA-Pleasanton/Technical-Consultant-for-Workday-CLM-Evisort_JR-0106966
Workday:/job/Costa-Rica/Technical-Customer-Support-Analyst---HCM_JR-0109668,Workday,Technical Customer Support Analyst - HCM,Costa Rica,,https://workday.wd5.myworkdayjobs.com/en-US/Workday/job/Costa-Rica/Technical-Customer-Support-Analyst---HCM_JR-0109668,Posted Yesterday,2026-08-27,2026-08-27T21:59:21+00:00,2026-08-27 14:59 Thu,,false,,,,false,workday:Workday:/job/Costa-Rica/Technical-Customer-Support-Analyst---HCM_JR-0109668
Workday:/job/Ireland-Dublin/Technical-Implementation-Manager_JR-0109138,Workday,Technical Implementation Manager,"Ireland, Dublin",,https://workday.wd5.myworkdayjobs.com/en-US/Workday/job/Ireland-Dublin/Technical-Implementation-Manager_JR-0109138,Posted Today,2026-08-04,2026-08-04T14:17:39+00:00,2026-08-04 07:17 Tue,,false,,,,false,workday:Workday:/job/Ireland-Dublin/Technical-Implementation-Manager_JR-0109138
Workday:/job/USA-CO-Boulder/Technical-Product-Marketer--Developer-Platform_JR-0109407,Workday,"Technical Product Marketer, Developer Platform",USA-CO-Boulder,,https://workday.wd5.myworkdayjobs.com/en-US/Workday/job/USA-CO-Boulder/Technical-Product-Marketer--Developer-Platform_JR-0109407,Posted Yesterday,2026-08-20,2026-08-19T20:59:51+00:00,2026-08-19 13:59 Wed,Other Technical,true,CLI,8,"Strong software and AI engineering background, but lacks the required product marketing, technical content creation, developer relations, and go-to-market experience for this role.",true,workday:Workday:/job/USA-CO-Boulder/Technical-Product-Marketer--Developer-Platform_JR-0109407
Workday:/job/Costa-Rica/Technical-Project-Manager---HiredScore_JR-0108592-1,Workday,Technical Project Manager - HiredScore,Costa Rica,,https://workday.wd5.myworkdayjobs.com/en-US/Workday/job/Costa-Rica/Technical-Project-Manager---HiredScore_JR-0108592-1,Posted Today,2026-08-20,2026-07-11T03:36:34+00:00,2026-07-10 20:36 Fri,,false,,,,false,workday:Workday:/job/Costa-Rica/Technical-Project-Manager---HiredScore_JR-0108592-1
Workday:/job/Poland-Warsaw/Technical-Support-Engineer---Adaptive-Planning_JR-0108826,Workday,Technical Support Engineer - Adaptive Planning,"Poland, Warsaw",,https://workday.wd5.myworkdayjobs.com/en-US/Workday/job/Poland-Warsaw/Technical-Support-Engineer---Adaptive-Planning_JR-0108826,Posted Today,2026-07-21,2026-07-21T12:06:20+00:00,2026-07-21 05:06 Tue,,false,,,,false,workday:Workday:/job/Poland-Warsaw/Technical-Support-Engineer---Adaptive-Planning_JR-0108826
Workday:/job/USAVAReston/Principal-Program-Manager_JR-0108632,Workday,Third-Party Security Risk Management (TPRM) Lead,USA.VA.Reston,,https://workday.wd5.myworkdayjobs.com/en-US/Workday/job/USAVAReston/Principal-Program-Manager_JR-0108632,Posted 3 Days Ago,2026-08-29,2026-07-20T15:42:10+00:00,2026-07-20 08:42 Mon,,false,,,,false,workday:Workday:/job/USAVAReston/Principal-Program-Manager_JR-0108632
Workday:/job/Poland-Warsaw/Time---Absence-Applications-Support-Analyst_JR-0108279,Workday,Time & Absence Applications Support Analyst,"Poland, Warsaw",,https://workday.wd5.myworkdayjobs.com/en-US/Workday/job/Poland-Warsaw/Time---Absence-Applications-Support-Analyst_JR-0108279,Posted 8 Days Ago,2026-07-03,2026-07-11T03:36:34+00:00,2026-07-10 20:36 Fri,,false,,,,false,workday:Workday:/job/Poland-Warsaw/Time---Absence-Applications-Support-Analyst_JR-0108279
Workday:/job/USA-Remote/Time-Tracking---Absence-Consultant--Higher-Education--Nonprofit_JR-0108800,Workday,"Time Tracking & Absence Consultant, Higher Education/ Nonprofit",USA Remote,,https://workday.wd5.myworkdayjobs.com/en-US/Workday/job/USA-Remote/Time-Tracking---Absence-Consultant--Higher-Education--Nonprofit_JR-0108800,Posted 2 Days Ago,2026-08-19,2026-07-15T00:41:20+00:00,2026-07-14 17:41 Tue,,false,,,,false,workday:Workday:/job/USA-Remote/Time-Tracking---Absence-Consultant--Higher-Education--Nonprofit_JR-0108800
Workday:/job/USA-CA-Pleasanton/Treasury-Manager_JR-0106897,Workday,Treasury Manager,7 Locations,,https://workday.wd5.myworkdayjobs.com/en-US/Workday/job/USA-CA-Pleasanton/Treasury-Manager_JR-0106897,Posted 26 Days Ago,2026-06-15,2026-07-11T03:36:34+00:00,2026-07-10 20:36 Fri,,false,,,,false,workday:Workday:/job/USA-CA-Pleasanton/Treasury-Manager_JR-0106897
Workday:/job/Costa-Rica/Value-Management-Consultant_JR-0106842,Workday,Value Management Consultant,Costa Rica,,https://workday.wd5.myworkdayjobs.com/en-US/Workday/job/Costa-Rica/Value-Management-Consultant_JR-0106842,Posted Today,2026-08-04,2026-08-04T15:42:07+00:00,2026-08-04 08:42 Tue,,false,,,,false,workday:Workday:/job/Costa-Rica/Value-Management-Consultant_JR-0106842
Workday:/job/Singapore/Value-Manager---ASEAN---South-Korea_JR-0108776,Workday,Value Manager | ASEAN & South Korea,Singapore,,https://workday.wd5.myworkdayjobs.com/en-US/Workday/job/Singapore/Value-Manager---ASEAN---South-Korea_JR-0108776,Posted Today,2026-07-14,2026-07-14T05:40:56+00:00,2026-07-13 22:40 Mon,,false,,,,false,workday:Workday:/job/Singapore/Value-Manager---ASEAN---South-Korea_JR-0108776
Workday:/job/Singapore/Value-Manager---ASEAN---South-Korea_JR-0108777,Workday,Value Manager | ASEAN & South Korea,Singapore,,https://workday.wd5.myworkdayjobs.com/en-US/Workday/job/Singapore/Value-Manager---ASEAN---South-Korea_JR-0108777,Posted 13 Days Ago,2026-07-08,2026-07-21T06:41:20+00:00,2026-07-20 23:41 Mon,,false,,,,false,workday:Workday:/job/Singapore/Value-Manager---ASEAN---South-Korea_JR-0108777
Workday:/job/USA-AZ-Scottsdale/Web-Designer_JR-0106407,Workday,Web Designer,"USA, AZ, Scottsdale",,https://workday.wd5.myworkdayjobs.com/en-US/Workday/job/USA-AZ-Scottsdale/Web-Designer_JR-0106407,Posted Today,2026-07-16,2026-07-16T17:17:47+00:00,2026-07-16 10:17 Thu,,false,,,,false,workday:Workday:/job/USA-AZ-Scottsdale/Web-Designer_JR-0106407
Workday:/job/INDPune/Workday-Consultant---Absence---Time-Tracking---Workday-Advisory-services---Pune---Multiple-roles_JR-0108617-1,Workday,Workday Consultant - Absence & Time Tracking | Workday Advisory services - Pune - Multiple roles,IND.Pune,,https://workday.wd5.myworkdayjobs.com/en-US/Workday/job/INDPune/Workday-Consultant---Absence---Time-Tracking---Workday-Advisory-services---Pune---Multiple-roles_JR-0108617-1,Posted 4 Days Ago,2026-07-07,2026-07-11T03:36:34+00:00,2026-07-10 20:36 Fri,,false,,,,false,workday:Workday:/job/INDPune/Workday-Consultant---Absence---Time-Tracking---Workday-Advisory-services---Pune---Multiple-roles_JR-0108617-1
Workday:/job/INDPune/Finance-Consultant---C2C--Workday-Success-Plan_JR-0108048,Workday,Workday Consultant - Financials (C2C) - Workday Advisory Services,IND.Pune,,https://workday.wd5.myworkdayjobs.com/en-US/Workday/job/INDPune/Finance-Consultant---C2C--Workday-Success-Plan_JR-0108048,Posted 26 Days Ago,2026-06-15,2026-07-11T03:36:34+00:00,2026-07-10 20:36 Fri,,false,,,,false,workday:Workday:/job/INDPune/Finance-Consultant---C2C--Workday-Success-Plan_JR-0108048
