job_key,company,title,location,department,urls,date_posted,first_seen,first_seen_pt,track,scored,score_method,experience_score,reason,emailed,source_uids
Atlassian Early Careers:23138,Atlassian Early Careers,Absence & Reintegration Coordinator (EMEA),,Program Management,https://join.atlassian.com/jobs/23138?lang=en-us,2025-10-30T16:26:00+0000,2026-07-12T03:47:09+00:00,2026-07-11 20:47 Sat,,false,,,,false,jibe:Atlassian Early Careers:23138
Atlassian Early Careers:25176,Atlassian Early Careers,"Account Associate, LATAM (Portuguese Speaking)",,Sales,https://join.atlassian.com/jobs/25176?lang=en-us,2026-06-04T20:06:00+0000,2026-07-30T22:59:43+00:00,2026-07-30 15:59 Thu,,false,,,,false,jibe:Atlassian Early Careers:25176
Atlassian Early Careers:25743,Atlassian Early Careers,"Account Associate, Mid-Market (Renewals)",,Sales,https://join.atlassian.com/jobs/25743?lang=en-us,2026-07-20T21:57:00+0000,2026-07-30T22:59:43+00:00,2026-07-30 15:59 Thu,,false,,,,false,jibe:Atlassian Early Careers:25743
Atlassian Early Careers:25473,Atlassian Early Careers,Account Executive - Expansion in DACH (German speaker),"Munich, Germany",Sales,https://join.atlassian.com/jobs/25473?lang=en-us,2026-07-20T11:04:00+0000,2026-07-30T22:59:43+00:00,2026-07-30 15:59 Thu,,false,,,,false,jibe:Atlassian Early Careers:25473
Atlassian Early Careers:25583,Atlassian Early Careers,Account Executive - Japanese Speaking,,Sales,https://join.atlassian.com/jobs/25583?lang=en-us,2026-07-09T02:54:00+0000,2026-07-30T22:59:43+00:00,2026-07-30 15:59 Thu,,false,,,,false,jibe:Atlassian Early Careers:25583
Atlassian Early Careers:22028,Atlassian Early Careers,"Account Executive Mid Market, CEE",,Sales,https://join.atlassian.com/jobs/22028?lang=en-us,2025-11-01T00:00:00+0000,2026-07-12T03:47:09+00:00,2026-07-11 20:47 Sat,,false,,,,false,jibe:Atlassian Early Careers:22028
Atlassian Early Careers:22668,Atlassian Early Careers,"Account Executive, Canada",Canada,Sales,https://join.atlassian.com/jobs/22668?lang=en-us,2025-11-03T19:08:00+0000,2026-07-12T03:47:09+00:00,2026-07-11 20:47 Sat,,false,,,,false,jibe:Atlassian Early Careers:22668
Atlassian Early Careers:19020,Atlassian Early Careers,"Account Executive, Defense Industrial Base","Washington DC, Washington, DC",Sales,https://join.atlassian.com/jobs/19020?lang=en-us,2025-10-28T19:10:00+0000,2026-07-12T03:47:09+00:00,2026-07-11 20:47 Sat,,false,,,,false,jibe:Atlassian Early Careers:19020
Atlassian Early Careers:25730,Atlassian Early Careers,"Account Executive, DX Enterprise, EMEA","London, United Kingdom",Sales,https://join.atlassian.com/jobs/25730?lang=en-us,2026-07-27T13:43:00+0000,2026-07-30T22:59:43+00:00,2026-07-30 15:59 Thu,,false,,,,false,jibe:Atlassian Early Careers:25730
Atlassian Early Careers:23104,Atlassian Early Careers,"Account Executive, Enterprise","London, United Kingdom",Sales,https://join.atlassian.com/jobs/23104?lang=en-us,2025-11-01T00:00:00+0000,2026-07-12T03:47:09+00:00,2026-07-11 20:47 Sat,,false,,,,false,jibe:Atlassian Early Careers:23104
Atlassian Early Careers:25019,Atlassian Early Careers,"Account Executive, Enterprise","Central Singapore, Singapore",Sales,https://join.atlassian.com/jobs/25019?lang=en-us,2026-06-10T00:29:00+0000,2026-07-30T22:59:43+00:00,2026-07-30 15:59 Thu,,false,,,,false,jibe:Atlassian Early Careers:25019
Atlassian Early Careers:25020,Atlassian Early Careers,"Account Executive, Enterprise","Bengaluru, India",Sales,https://join.atlassian.com/jobs/25020?lang=en-us,2026-05-29T07:40:00+0000,2026-07-30T22:59:43+00:00,2026-07-30 15:59 Thu,,false,,,,false,jibe:Atlassian Early Careers:25020
Atlassian Early Careers:25214,Atlassian Early Careers,"Account Executive, Enterprise - Canada",Canada,Sales,https://join.atlassian.com/jobs/25214?lang=en-us,2026-07-28T15:00:00+0000,2026-07-30T22:59:43+00:00,2026-07-30 15:59 Thu,,false,,,,false,jibe:Atlassian Early Careers:25214
Atlassian Early Careers:25421,Atlassian Early Careers,"Account Executive, Enterprise - Financial Services",,Sales,https://join.atlassian.com/jobs/25421?lang=en-us,2026-07-28T14:55:00+0000,2026-07-30T22:59:43+00:00,2026-07-30 15:59 Thu,,false,,,,false,jibe:Atlassian Early Careers:25421
Atlassian Early Careers:25419,Atlassian Early Careers,"Account Executive, Enterprise - Financial Services",,Sales,https://join.atlassian.com/jobs/25419?lang=en-us,2026-08-04T21:42:00+0000,2026-08-05T03:23:34+00:00,2026-08-04 20:23 Tue,,false,,,,false,jibe:Atlassian Early Careers:25419
Atlassian Early Careers:22648,Atlassian Early Careers,"Account Executive, Enterprise - New Business (AMER)","San Francisco, California",Sales,https://join.atlassian.com/jobs/22648?lang=en-us,2025-11-03T19:25:00+0000,2026-07-12T03:47:09+00:00,2026-07-11 20:47 Sat,,false,,,,false,jibe:Atlassian Early Careers:22648
Atlassian Early Careers:25428,Atlassian Early Careers,"Account Executive, Enterprise Africa and Israel","London, United Kingdom",Sales,https://join.atlassian.com/jobs/25428?lang=en-us,2026-07-10T12:47:00+0000,2026-07-30T22:59:43+00:00,2026-07-30 15:59 Thu,,false,,,,false,jibe:Atlassian Early Careers:25428
Atlassian Early Careers:22298,Atlassian Early Careers,"Account Executive, Enterprise Canada (Eastern)",Canada,Sales,https://join.atlassian.com/jobs/22298?lang=en-us,2025-11-01T00:00:00+0000,2026-07-12T03:47:09+00:00,2026-07-11 20:47 Sat,,false,,,,false,jibe:Atlassian Early Careers:22298
Atlassian Early Careers:24918,Atlassian Early Careers,"Account Executive, Enterprise DACH (German Speaking)","Munich, Germany",Sales,https://join.atlassian.com/jobs/24918?lang=en-us,2026-05-18T09:50:00+0000,2026-07-30T22:59:43+00:00,2026-07-30 15:59 Thu,,false,,,,false,jibe:Atlassian Early Careers:24918
Atlassian Early Careers:25013,Atlassian Early Careers,"Account Executive, Enterprise DACH Public Sector (German Speaking)","Munich, Germany",Sales,https://join.atlassian.com/jobs/25013?lang=en-us,2026-07-09T09:30:00+0000,2026-07-30T22:59:43+00:00,2026-07-30 15:59 Thu,,false,,,,false,jibe:Atlassian Early Careers:25013
Atlassian Early Careers:25431,Atlassian Early Careers,"Account Executive, Enterprise New Logo Benelux and Nordics","London, United Kingdom",Sales,https://join.atlassian.com/jobs/25431?lang=en-us,2026-07-17T18:13:00+0000,2026-07-30T22:59:43+00:00,2026-07-30 15:59 Thu,,false,,,,false,jibe:Atlassian Early Careers:25431
Atlassian Early Careers:25433,Atlassian Early Careers,"Account Executive, Enterprise New Logo UKI","London, United Kingdom",Sales,https://join.atlassian.com/jobs/25433?lang=en-us,2026-07-09T13:38:00+0000,2026-07-30T22:59:43+00:00,2026-07-30 15:59 Thu,,false,,,,false,jibe:Atlassian Early Careers:25433
Atlassian Early Careers:25436,Atlassian Early Careers,"Account Executive, Enterprise New Logo, Iberia/Italy","London, United Kingdom",Sales,https://join.atlassian.com/jobs/25436?lang=en-us,2026-07-17T18:15:00+0000,2026-07-30T22:59:43+00:00,2026-07-30 15:59 Thu,,false,,,,false,jibe:Atlassian Early Careers:25436
Atlassian Early Careers:25217,Atlassian Early Careers,"Account Executive, Enterprise New Logos DACH (German speaking)","Munich, Germany",Sales,https://join.atlassian.com/jobs/25217?lang=en-us,2026-07-17T18:14:00+0000,2026-07-30T22:59:43+00:00,2026-07-30 15:59 Thu,,false,,,,false,jibe:Atlassian Early Careers:25217
Atlassian Early Careers:25427,Atlassian Early Careers,"Account Executive, Enterprise New Logos France (French speaking)","London, United Kingdom",Sales,https://join.atlassian.com/jobs/25427?lang=en-us,2026-07-17T18:14:00+0000,2026-07-30T22:59:43+00:00,2026-07-30 15:59 Thu,,false,,,,false,jibe:Atlassian Early Careers:25427
Atlassian Early Careers:25216,Atlassian Early Careers,"Account Executive, Enterprise Poland and CEE","London, United Kingdom",Sales,https://join.atlassian.com/jobs/25216?lang=en-us,2026-06-03T10:04:00+0000,2026-07-30T22:59:43+00:00,2026-07-30 15:59 Thu,,false,,,,false,jibe:Atlassian Early Careers:25216
Atlassian Early Careers:25429,Atlassian Early Careers,"Account Executive, Enterprise Turkey and Middle East","London, United Kingdom",Sales,https://join.atlassian.com/jobs/25429?lang=en-us,2026-07-10T12:49:00+0000,2026-07-30T22:59:43+00:00,2026-07-30 15:59 Thu,,false,,,,false,jibe:Atlassian Early Careers:25429
Atlassian Early Careers:25664,Atlassian Early Careers,"Account Executive, Enterprise | DX",,Sales,https://join.atlassian.com/jobs/25664?lang=en-us,2026-07-10T15:10:00+0000,2026-07-30T22:59:43+00:00,2026-07-30 15:59 Thu,,false,,,,false,jibe:Atlassian Early Careers:25664
Atlassian Early Careers:25665,Atlassian Early Careers,"Account Executive, Enterprise | DX",,Sales,https://join.atlassian.com/jobs/25665?lang=en-us,2026-07-10T15:09:00+0000,2026-07-30T22:59:43+00:00,2026-07-30 15:59 Thu,,false,,,,false,jibe:Atlassian Early Careers:25665
Atlassian Early Careers:26076,Atlassian Early Careers,"Account Executive, Enterprise | DX","Salt Lake City, Utah",Sales,https://join.atlassian.com/jobs/26076?lang=en-us,2026-07-30T20:21:00+0000,2026-07-30T22:59:43+00:00,2026-07-30 15:59 Thu,,false,,,,false,jibe:Atlassian Early Careers:26076
Atlassian Early Careers:25426,Atlassian Early Careers,"Account Executive, Enterprise, Benelux and Nordics","Amsterdam, Netherlands",Sales,https://join.atlassian.com/jobs/25426?lang=en-us,2026-07-03T13:02:00+0000,2026-07-30T22:59:43+00:00,2026-07-30 15:59 Thu,,false,,,,false,jibe:Atlassian Early Careers:25426
Atlassian Early Careers:25432,Atlassian Early Careers,"Account Executive, Enterprise, France",France,Sales,https://join.atlassian.com/jobs/25432?lang=en-us,2026-07-06T07:59:00+0000,2026-07-30T22:59:43+00:00,2026-07-30 15:59 Thu,,false,,,,false,jibe:Atlassian Early Careers:25432
Atlassian Early Careers:25646,Atlassian Early Careers,"Account Executive, Enterprise, UK&I","London, United Kingdom",Sales,https://join.atlassian.com/jobs/25646?lang=en-us,2026-07-21T12:39:00+0000,2026-07-30T22:59:43+00:00,2026-07-30 15:59 Thu,,false,,,,false,jibe:Atlassian Early Careers:25646
Atlassian Early Careers:25480,Atlassian Early Careers,"Account Executive, Mid Market","Bengaluru, India",Sales,https://join.atlassian.com/jobs/25480?lang=en-us,2026-07-01T10:00:00+0000,2026-07-30T22:59:43+00:00,2026-07-30 15:59 Thu,,false,,,,false,jibe:Atlassian Early Careers:25480
Atlassian Early Careers:25492,Atlassian Early Careers,"Account Executive, Mid Market (Filipino speaking)","Central Singapore, Singapore",Sales,https://join.atlassian.com/jobs/25492?lang=en-us,2026-07-06T23:19:00+0000,2026-07-30T22:59:43+00:00,2026-07-30 15:59 Thu,,false,,,,false,jibe:Atlassian Early Careers:25492
Atlassian Early Careers:25493,Atlassian Early Careers,"Account Executive, Mid Market (Filipino Speaking)","Central Singapore, Singapore",Sales,https://join.atlassian.com/jobs/25493?lang=en-us,2026-07-31T16:00:00+0000,2026-07-30T22:59:43+00:00,2026-07-30 15:59 Thu,,false,,,,false,jibe:Atlassian Early Careers:25493
Atlassian Early Careers:25701,Atlassian Early Careers,"Account Executive, Mid Market (LATAM)",,Sales,https://join.atlassian.com/jobs/25701?lang=en-us,2026-07-15T14:10:00+0000,2026-07-30T22:59:43+00:00,2026-07-30 15:59 Thu,,false,,,,false,jibe:Atlassian Early Careers:25701
Atlassian Early Careers:25488,Atlassian Early Careers,"Account Executive, Mid Market (SEA)",,Sales,https://join.atlassian.com/jobs/25488?lang=en-us,2026-08-04T01:51:00+0000,2026-08-04T01:59:34+00:00,2026-08-03 18:59 Mon,,false,,,,false,jibe:Atlassian Early Careers:25488
Atlassian Early Careers:25370,Atlassian Early Careers,"Account Executive, Mid Market Canada",Canada,Sales,https://join.atlassian.com/jobs/25370?lang=en-us,2026-06-23T18:33:00+0000,2026-07-30T22:59:43+00:00,2026-07-30 15:59 Thu,,false,,,,false,jibe:Atlassian Early Careers:25370
Atlassian Early Careers:25522,Atlassian Early Careers,"Account Executive, Mid Market Central","Austin, Texas",Sales,https://join.atlassian.com/jobs/25522?lang=en-us,2026-06-30T13:41:00+0000,2026-07-30T22:59:43+00:00,2026-07-30 15:59 Thu,,false,,,,false,jibe:Atlassian Early Careers:25522
Atlassian Early Careers:25714,Atlassian Early Careers,"Account Executive, Mid Market France (French speaking)",France,Sales,https://join.atlassian.com/jobs/25714?lang=en-us,2026-07-20T07:48:00+0000,2026-07-30T22:59:43+00:00,2026-07-30 15:59 Thu,,false,,,,false,jibe:Atlassian Early Careers:25714
Atlassian Early Careers:25469,Atlassian Early Careers,"Account Executive, Mid Market LATAM (Portuguese Speaking)",,Sales,https://join.atlassian.com/jobs/25469?lang=en-us,2026-07-09T19:11:00+0000,2026-07-30T22:59:43+00:00,2026-07-30 15:59 Thu,,false,,,,false,jibe:Atlassian Early Careers:25469
Atlassian Early Careers:25462,Atlassian Early Careers,"Account Executive, Mid Market West - Cloud Transformation","San Francisco, California",Sales,https://join.atlassian.com/jobs/25462?lang=en-us,2026-07-16T21:12:00+0000,2026-07-30T22:59:43+00:00,2026-07-30 15:59 Thu,,false,,,,false,jibe:Atlassian Early Careers:25462
Atlassian Early Careers:23568,Atlassian Early Careers,"Account Executive, Mid Market | DX","Salt Lake City, Utah",Sales,https://join.atlassian.com/jobs/23568?lang=en-us,2026-06-25T14:50:00+0000,2026-07-30T22:59:43+00:00,2026-07-30 15:59 Thu,,false,,,,false,jibe:Atlassian Early Careers:23568
Atlassian Early Careers:26075,Atlassian Early Careers,"Account Executive, Mid Market | DX","Salt Lake City, Utah",Sales,https://join.atlassian.com/jobs/26075?lang=en-us,2026-07-31T17:25:00+0000,2026-07-31T17:41:24+00:00,2026-07-31 10:41 Fri,,false,,,,false,jibe:Atlassian Early Careers:26075
Atlassian Early Careers:25477,Atlassian Early Careers,"Account Executive, Mid Market, Nordics",Netherlands,Sales,https://join.atlassian.com/jobs/25477?lang=en-us,2026-07-07T09:56:00+0000,2026-07-30T22:59:43+00:00,2026-07-30 15:59 Thu,,false,,,,false,jibe:Atlassian Early Careers:25477
Atlassian Early Careers:22674,Atlassian Early Careers,"Account Executive, Mid-Market","Sydney, Australia",Sales,https://join.atlassian.com/jobs/22674?lang=en-us,2025-11-04T05:46:00+0000,2026-07-12T03:47:09+00:00,2026-07-11 20:47 Sat,,false,,,,false,jibe:Atlassian Early Careers:22674
Atlassian Early Careers:25491,Atlassian Early Careers,"Account Executive, Mid-Market (Korean speaking)",,Sales,https://join.atlassian.com/jobs/25491?lang=en-us,2026-07-06T06:13:00+0000,2026-07-30T22:59:43+00:00,2026-07-30 15:59 Thu,,false,,,,false,jibe:Atlassian Early Careers:25491
Atlassian Early Careers:25720,Atlassian Early Careers,"Account Executive, Mid-Market (Mandarin speaking)","Sydney, Australia",Sales,https://join.atlassian.com/jobs/25720?lang=en-us,2026-07-14T11:09:00+0000,2026-07-30T22:59:43+00:00,2026-07-30 15:59 Thu,,false,,,,false,jibe:Atlassian Early Careers:25720
Atlassian Early Careers:20445,Atlassian Early Careers,"Account Executive, Mid-Market (Singapore)","Central Singapore, Singapore",Sales,https://join.atlassian.com/jobs/20445?lang=en-us,2025-10-31T06:33:00+0000,2026-07-12T03:47:09+00:00,2026-07-11 20:47 Sat,,false,,,,false,jibe:Atlassian Early Careers:20445
Atlassian Early Careers:25834,Atlassian Early Careers,"Account Executive, Mid-Market (Thailand)",,Sales,https://join.atlassian.com/jobs/25834?lang=en-us,2026-08-04T01:52:00+0000,2026-08-04T01:59:34+00:00,2026-08-03 18:59 Mon,,false,,,,false,jibe:Atlassian Early Careers:25834
Atlassian Early Careers:23256,Atlassian Early Careers,"Account Executive, Mid-Market - CEE","London, United Kingdom",Sales,https://join.atlassian.com/jobs/23256?lang=en-us,2026-06-01T00:00:00+0000,2026-07-30T22:59:43+00:00,2026-07-30 15:59 Thu,,false,,,,false,jibe:Atlassian Early Careers:23256
Atlassian Early Careers:25523,Atlassian Early Careers,"Account Executive, Mid-Market East","New York, New York",Sales,https://join.atlassian.com/jobs/25523?lang=en-us,2026-07-07T21:02:00+0000,2026-07-30T22:59:43+00:00,2026-07-30 15:59 Thu,,false,,,,false,jibe:Atlassian Early Careers:25523
Atlassian Early Careers:26040,Atlassian Early Careers,"Account Executive, Mid-Market Southern Europe","London, United Kingdom",Sales,https://join.atlassian.com/jobs/26040?lang=en-us,2026-07-30T15:08:00+0000,2026-07-30T22:59:43+00:00,2026-07-30 15:59 Thu,,false,,,,false,jibe:Atlassian Early Careers:26040
Atlassian Early Careers:25089,Atlassian Early Careers,"Account Executive, Mid-Market UKI","London, United Kingdom",Sales,https://join.atlassian.com/jobs/25089?lang=en-us,2026-05-18T13:47:00+0000,2026-07-30T22:59:43+00:00,2026-07-30 15:59 Thu,,false,,,,false,jibe:Atlassian Early Careers:25089
Atlassian Early Careers:25537,Atlassian Early Careers,"Account Executive, Mid-Market West","San Francisco, California",Sales,https://join.atlassian.com/jobs/25537?lang=en-us,2026-07-06T17:33:00+0000,2026-07-30T22:59:43+00:00,2026-07-30 15:59 Thu,,false,,,,false,jibe:Atlassian Early Careers:25537
Atlassian Early Careers:25727,Atlassian Early Careers,"Account Executive, Mid-Market | DX","London, United Kingdom",Sales,https://join.atlassian.com/jobs/25727?lang=en-us,2026-07-22T10:33:00+0000,2026-07-30T22:59:43+00:00,2026-07-30 15:59 Thu,,false,,,,false,jibe:Atlassian Early Careers:25727
Atlassian Early Careers:25173,Atlassian Early Careers,"Account Executive, Mid-Market, ANZ","Sydney, Australia",Sales,https://join.atlassian.com/jobs/25173?lang=en-us,2026-07-17T05:32:00+0000,2026-07-30T22:59:43+00:00,2026-07-30 15:59 Thu,,false,,,,false,jibe:Atlassian Early Careers:25173
Atlassian Early Careers:25472,Atlassian Early Careers,"Account Executive, Migration - DACH (German Speaking)","Munich, Germany",Sales,https://join.atlassian.com/jobs/25472?lang=en-us,2026-07-20T10:21:00+0000,2026-07-30T22:59:43+00:00,2026-07-30 15:59 Thu,,false,,,,false,jibe:Atlassian Early Careers:25472
Atlassian Early Careers:25641,Atlassian Early Careers,"Account Executive, Public Sector - Higher Education",,Sales,https://join.atlassian.com/jobs/25641?lang=en-us,2026-07-15T15:02:00+0000,2026-07-30T22:59:43+00:00,2026-07-30 15:59 Thu,,false,,,,false,jibe:Atlassian Early Careers:25641
Atlassian Early Careers:25047,Atlassian Early Careers,"Account Executive, Public Sector - National Security",,Sales,https://join.atlassian.com/jobs/25047?lang=en-us,2026-07-16T13:43:00+0000,2026-07-30T22:59:43+00:00,2026-07-30 15:59 Thu,,false,,,,false,jibe:Atlassian Early Careers:25047
Atlassian Early Careers:25219,Atlassian Early Careers,"Account Executive, Public Sector - State and Local Government (West)",,Sales,https://join.atlassian.com/jobs/25219?lang=en-us,2026-07-15T14:42:00+0000,2026-07-30T22:59:43+00:00,2026-07-30 15:59 Thu,,false,,,,false,jibe:Atlassian Early Careers:25219
Atlassian Early Careers:25405,Atlassian Early Careers,"Account Executive, SMB LATAM","New York, New York",Sales,https://join.atlassian.com/jobs/25405?lang=en-us,2026-07-09T17:13:00+0000,2026-07-30T22:59:43+00:00,2026-07-30 15:59 Thu,,false,,,,false,jibe:Atlassian Early Careers:25405
Atlassian Early Careers:25606,Atlassian Early Careers,"Account Executive, Strategic","Sydney, Australia",Sales,https://join.atlassian.com/jobs/25606?lang=en-us,2026-07-16T06:44:00+0000,2026-07-30T22:59:43+00:00,2026-07-30 15:59 Thu,,false,,,,false,jibe:Atlassian Early Careers:25606
Atlassian Early Careers:25587,Atlassian Early Careers,"Account Manager, Enterprise","Austin, Texas",Sales,https://join.atlassian.com/jobs/25587?lang=en-us,2026-07-02T15:03:00+0000,2026-07-30T22:59:43+00:00,2026-07-30 15:59 Thu,,false,,,,false,jibe:Atlassian Early Careers:25587
Atlassian Early Careers:25171,Atlassian Early Careers,"Account Manager, Enterprise - German speaking",,Sales,https://join.atlassian.com/jobs/25171?lang=en-us,2026-05-14T00:00:00+0000,2026-07-30T22:59:43+00:00,2026-07-30 15:59 Thu,,false,,,,false,jibe:Atlassian Early Careers:25171
Atlassian Early Careers:23948,Atlassian Early Careers,"Account Manager, Enterprise, Benelux & Nordics",,Sales,https://join.atlassian.com/jobs/23948?lang=en-us,2026-07-09T15:50:00+0000,2026-07-30T22:59:43+00:00,2026-07-30 15:59 Thu,,false,,,,false,jibe:Atlassian Early Careers:23948
Atlassian Early Careers:25691,Atlassian Early Careers,"Account Manager, Mid-Market, French speaking","London, United Kingdom",Sales,https://join.atlassian.com/jobs/25691?lang=en-us,2026-07-01T00:00:00+0000,2026-07-30T22:59:43+00:00,2026-07-30 15:59 Thu,,false,,,,false,jibe:Atlassian Early Careers:25691
Atlassian Early Careers:25497,Atlassian Early Careers,"Account Manager, Strategic",,Sales,https://join.atlassian.com/jobs/25497?lang=en-us,2026-07-06T14:28:00+0000,2026-07-30T22:59:43+00:00,2026-07-30 15:59 Thu,,false,,,,false,jibe:Atlassian Early Careers:25497
Atlassian Early Careers:25498,Atlassian Early Careers,"Account Manager, Strategic","Bengaluru, India",Sales,https://join.atlassian.com/jobs/25498?lang=en-us,2026-07-22T05:14:00+0000,2026-07-30T22:59:43+00:00,2026-07-30 15:59 Thu,,false,,,,false,jibe:Atlassian Early Careers:25498
Atlassian Early Careers:25376,Atlassian Early Careers,"Account Manager, Strategic - DACH",,Sales,https://join.atlassian.com/jobs/25376?lang=en-us,2026-06-22T00:00:00+0000,2026-07-30T22:59:43+00:00,2026-07-30 15:59 Thu,,false,,,,false,jibe:Atlassian Early Careers:25376
Atlassian Early Careers:25256,Atlassian Early Careers,"Account Manager, Strategic - France",France,Sales,https://join.atlassian.com/jobs/25256?lang=en-us,2026-05-28T00:00:00+0000,2026-07-30T22:59:43+00:00,2026-07-30 15:59 Thu,,false,,,,false,jibe:Atlassian Early Careers:25256
Atlassian Early Careers:25110,Atlassian Early Careers,"Account-Based Marketing Manager, AMER",,Marketing,https://join.atlassian.com/jobs/25110?lang=en-us,2026-07-16T20:59:00+0000,2026-07-30T22:59:43+00:00,2026-07-30 15:59 Thu,,false,,,,false,jibe:Atlassian Early Careers:25110
Atlassian Early Careers:25385,Atlassian Early Careers,Associate Customer Success Manager,"Salt Lake City, Utah",Sales,https://join.atlassian.com/jobs/25385?lang=en-us,2026-07-01T00:00:00+0000,2026-07-30T22:59:43+00:00,2026-07-30 15:59 Thu,,false,,,,false,jibe:Atlassian Early Careers:25385
Atlassian Early Careers:23233,Atlassian Early Careers,Backend Software Engineer,"San Francisco, California",Engineering,https://join.atlassian.com/jobs/23233?lang=en-us,2025-10-25T07:00:00+0000,2026-07-12T03:47:09+00:00,2026-07-11 20:47 Sat,,false,,,,false,jibe:Atlassian Early Careers:23233
Atlassian Early Careers:22084,Atlassian Early Careers,"Cloud Marketplace Sales Associate, Intl","Amsterdam, Netherlands",Sales,https://join.atlassian.com/jobs/22084?lang=en-us,2025-11-01T00:00:00+0000,2026-07-12T03:47:09+00:00,2026-07-11 20:47 Sat,,false,,,,false,jibe:Atlassian Early Careers:22084
Atlassian Early Careers:22440,Atlassian Early Careers,Cloud Senior Support Engineer,"Yokohama, Japan",Support,https://join.atlassian.com/jobs/22440?lang=en-us,2025-10-23T23:30:00+0000,2026-07-12T03:47:09+00:00,2026-07-11 20:47 Sat,,false,,,,false,jibe:Atlassian Early Careers:22440
Atlassian Early Careers:20562,Atlassian Early Careers,Corporate Finance Manager,"San Francisco, California",Finance & Accounting,https://join.atlassian.com/jobs/20562?lang=en-us,2025-10-29T14:58:00+0000,2026-07-12T03:47:09+00:00,2026-07-11 20:47 Sat,,false,,,,false,jibe:Atlassian Early Careers:20562
Atlassian Early Careers:19166,Atlassian Early Careers,Customer Advocate - Japanese Speaking,"Yokohama, Japan",Sales,https://join.atlassian.com/jobs/19166?lang=en-us,2026-07-09T03:31:00+0000,2026-07-30T22:59:43+00:00,2026-07-30 15:59 Thu,,false,,,,false,jibe:Atlassian Early Careers:19166
Atlassian Early Careers:25719,Atlassian Early Careers,Customer Program Manager | DX,,Sales,https://join.atlassian.com/jobs/25719?lang=en-us,2026-07-30T14:36:00+0000,2026-07-30T22:59:43+00:00,2026-07-30 15:59 Thu,,false,,,,false,jibe:Atlassian Early Careers:25719
Atlassian Early Careers:22832,Atlassian Early Careers,Customer Reference Manager,,Marketing,https://join.atlassian.com/jobs/22832?lang=en-us,2025-11-01T00:00:00+0000,2026-07-12T03:47:09+00:00,2026-07-11 20:47 Sat,,false,,,,false,jibe:Atlassian Early Careers:22832
Atlassian Early Careers:25760,Atlassian Early Careers,Customer Success Manager,"Bengaluru, India",Sales,https://join.atlassian.com/jobs/25760?lang=en-us,2026-08-02T15:22:00+0000,2026-08-02T15:41:31+00:00,2026-08-02 08:41 Sun,,false,,,,false,jibe:Atlassian Early Careers:25760
Atlassian Early Careers:25357,Atlassian Early Careers,Design Manager - JSM,"Bengaluru, India",Design,https://join.atlassian.com/jobs/25357?lang=en-us,2026-06-15T00:00:00+0000,2026-07-30T22:59:43+00:00,2026-07-30 15:59 Thu,,false,,,,false,jibe:Atlassian Early Careers:25357
Atlassian Early Careers:25199,Atlassian Early Careers,Director Public Sector Sales,,Sales,https://join.atlassian.com/jobs/25199?lang=en-us,2026-07-16T13:24:00+0000,2026-07-30T22:59:43+00:00,2026-07-30 15:59 Thu,,false,,,,false,jibe:Atlassian Early Careers:25199
Atlassian Early Careers:25130,Atlassian Early Careers,"Director, Commercial Legal - Global Partners & Alliances",,Legal,https://join.atlassian.com/jobs/25130?lang=en-us,2026-05-21T16:58:00+0000,2026-07-30T22:59:43+00:00,2026-07-30 15:59 Thu,,false,,,,false,jibe:Atlassian Early Careers:25130
Atlassian Early Careers:23270,Atlassian Early Careers,"Director, Revenue Planning","San Francisco, California",Finance & Accounting,https://join.atlassian.com/jobs/23270?lang=en-us,2025-10-27T21:29:00+0000,2026-07-12T03:47:09+00:00,2026-07-11 20:47 Sat,,false,,,,false,jibe:Atlassian Early Careers:23270
Atlassian Early Careers:25348,Atlassian Early Careers,"Director, Workforce Intelligence Architect","San Francisco, California",People,https://join.atlassian.com/jobs/25348?lang=en-us,2026-06-24T14:29:00+0000,2026-07-30T22:59:43+00:00,2026-07-30 15:59 Thu,,false,,,,false,jibe:Atlassian Early Careers:25348
Atlassian Early Careers:25343,Atlassian Early Careers,Distribution Partner Manager (APAC),"Central Singapore, Singapore",Sales,https://join.atlassian.com/jobs/25343?lang=en-us,2026-06-25T23:03:00+0000,2026-07-30T22:59:43+00:00,2026-07-30 15:59 Thu,,false,,,,false,jibe:Atlassian Early Careers:25343
Atlassian Early Careers:25257,Atlassian Early Careers,Engagement Manager (German speaking),,Sales,https://join.atlassian.com/jobs/25257?lang=en-us,2026-06-01T00:00:00+0000,2026-07-30T22:59:43+00:00,2026-07-30 15:59 Thu,,false,,,,false,jibe:Atlassian Early Careers:25257
Atlassian Early Careers:25503,Atlassian Early Careers,Enterprise Account Manager - Southern Europe,"London, United Kingdom",Sales,https://join.atlassian.com/jobs/25503?lang=en-us,2026-07-01T14:59:00+0000,2026-07-30T22:59:43+00:00,2026-07-30 15:59 Thu,,false,,,,false,jibe:Atlassian Early Careers:25503
Atlassian Early Careers:21866,Atlassian Early Careers,Enterprise Cloud Support Manager,"Gdańsk, Poland",Support,https://join.atlassian.com/jobs/21866?lang=en-us,2025-10-30T13:32:00+0000,2026-07-12T03:47:09+00:00,2026-07-11 20:47 Sat,,false,,,,false,jibe:Atlassian Early Careers:21866
Atlassian Early Careers:25098,Atlassian Early Careers,Enterprise Sales Manager,"New York, New York",Sales,https://join.atlassian.com/jobs/25098?lang=en-us,2026-02-01T00:00:00+0000,2026-07-30T22:59:43+00:00,2026-07-30 15:59 Thu,,false,,,,false,jibe:Atlassian Early Careers:25098
Atlassian Early Careers:25524,Atlassian Early Careers,Enterprise Solutions Engineer - French (+ Spanish or Italian),"Paris, France",Sales,https://join.atlassian.com/jobs/25524?lang=en-us,2026-07-01T00:00:00+0000,2026-07-30T22:59:43+00:00,2026-07-30 15:59 Thu,,false,,,,false,jibe:Atlassian Early Careers:25524
Atlassian Early Careers:22418,Atlassian Early Careers,"Escalation Manager, CSS",,Support,https://join.atlassian.com/jobs/22418?lang=en-us,2025-10-29T13:24:00+0000,2026-07-12T03:47:09+00:00,2026-07-11 20:47 Sat,,false,,,,false,jibe:Atlassian Early Careers:22418
Atlassian Early Careers:25692,Atlassian Early Careers,"Event Content Manager, DX",,Marketing,https://join.atlassian.com/jobs/25692?lang=en-us,2026-07-21T20:47:00+0000,2026-07-30T22:59:43+00:00,2026-07-30 15:59 Thu,,false,,,,false,jibe:Atlassian Early Careers:25692
Atlassian Early Careers:26006,Atlassian Early Careers,"Finance Director, Sales - Cloud","Mountain View, California",Finance & Accounting,https://join.atlassian.com/jobs/26006?lang=en-us,2026-07-31T00:00:00+0000,2026-07-31T00:17:16+00:00,2026-07-30 17:17 Thu,,false,,,,false,jibe:Atlassian Early Careers:26006
Atlassian Early Careers:22629,Atlassian Early Careers,"Financial Planning & Analysis Intern, 2026 Summer U.S.","San Francisco, California",Interns,https://join.atlassian.com/jobs/22629?lang=en-us,2025-10-28T17:56:00+0000,2026-07-12T03:47:09+00:00,2026-07-11 20:47 Sat,,false,,,,false,jibe:Atlassian Early Careers:22629
Atlassian Early Careers:25323,Atlassian Early Careers,"Global Lead, Sales Portfolio Strategy","San Francisco, California",Sales,https://join.atlassian.com/jobs/25323?lang=en-us,2026-07-30T21:48:00+0000,2026-07-30T22:59:43+00:00,2026-07-30 15:59 Thu,,false,,,,false,jibe:Atlassian Early Careers:25323
Atlassian Early Careers:25305,Atlassian Early Careers,GSI Partner Manager - India,"Bengaluru, India",Sales,https://join.atlassian.com/jobs/25305?lang=en-us,2026-06-15T00:00:00+0000,2026-07-30T22:59:43+00:00,2026-07-30 15:59 Thu,,false,,,,false,jibe:Atlassian Early Careers:25305
Atlassian Early Careers:23349,Atlassian Early Careers,Head of Corporate Planning,"San Francisco, California",Finance & Accounting,https://join.atlassian.com/jobs/23349?lang=en-us,2025-11-03T19:31:00+0000,2026-07-12T03:47:09+00:00,2026-07-11 20:47 Sat,,false,,,,false,jibe:Atlassian Early Careers:23349
Atlassian Early Careers:26064,Atlassian Early Careers,Head of Data Engineering,"San Francisco, California",Analytics & Data Science,https://join.atlassian.com/jobs/26064?lang=en-us,2026-08-01T00:00:00+0000,2026-08-01T00:17:19+00:00,2026-07-31 17:17 Fri,,false,,,,false,jibe:Atlassian Early Careers:26064
Atlassian Early Careers:25536,Atlassian Early Careers,"Head of Deal Desk, APAC","Sydney, Australia",Sales,https://join.atlassian.com/jobs/25536?lang=en-us,2026-07-01T00:00:00+0000,2026-07-30T22:59:43+00:00,2026-07-30 15:59 Thu,,false,,,,false,jibe:Atlassian Early Careers:25536
Atlassian Early Careers:24883,Atlassian Early Careers,"Head of EMEA Sales, DX","London, United Kingdom",Sales,https://join.atlassian.com/jobs/24883?lang=en-us,2026-07-16T12:39:00+0000,2026-07-30T22:59:43+00:00,2026-07-30 15:59 Thu,,false,,,,false,jibe:Atlassian Early Careers:24883
Atlassian Early Careers:23351,Atlassian Early Careers,"Head of Engineering, Automation Platform","Sydney, Australia",Engineering,https://join.atlassian.com/jobs/23351?lang=en-us,2025-10-31T00:00:00+0000,2026-07-12T03:47:09+00:00,2026-07-11 20:47 Sat,,false,,,,false,jibe:Atlassian Early Careers:23351
Atlassian Early Careers:20494,Atlassian Early Careers,Head of Enterprise Delivery Managers,"Bengaluru, India",Support,https://join.atlassian.com/jobs/20494?lang=en-us,2025-10-30T06:53:00+0000,2026-07-12T03:47:09+00:00,2026-07-11 20:47 Sat,,false,,,,false,jibe:Atlassian Early Careers:20494
Atlassian Early Careers:22983,Atlassian Early Careers,Head of Forward Deployed Engineering EMEA,"London, United Kingdom",Engineering,https://join.atlassian.com/jobs/22983?lang=en-us,2026-08-05T08:00:00+0000,2026-08-05T08:38:11+00:00,2026-08-05 01:38 Wed,,false,,,,false,jibe:Atlassian Early Careers:22983
Atlassian Early Careers:23280,Atlassian Early Careers,Head of SaaS & Workplace Technology Solutions,"San Francisco, California",Atlassian Corporate Engineering (ACE),https://join.atlassian.com/jobs/23280?lang=en-us,2025-10-28T00:00:00+0000,2026-07-12T03:47:09+00:00,2026-07-11 20:47 Sat,,false,,,,false,jibe:Atlassian Early Careers:23280
Atlassian Early Careers:26264,Atlassian Early Careers,"Head of Sales Development, Strategic & Enterprise","London, United Kingdom",Sales,https://join.atlassian.com/jobs/26264?lang=en-us,2026-08-01T00:00:00+0000,2026-08-04T01:59:34+00:00,2026-08-03 18:59 Mon,,false,,,,false,jibe:Atlassian Early Careers:26264
Atlassian Early Careers:25839,Atlassian Early Careers,"Inside Sales Account Executive APAC, AI & Digital Natives","Manila, Philippines",Sales,https://join.atlassian.com/jobs/25839?lang=en-us,2026-08-01T00:00:00+0000,2026-08-01T00:17:19+00:00,2026-07-31 17:17 Fri,,false,,,,false,jibe:Atlassian Early Careers:25839
Atlassian Early Careers:25838,Atlassian Early Careers,Inside Sales Account Executive EMEA - AI & Digital Natives,"Manila, Philippines",Sales,https://join.atlassian.com/jobs/25838?lang=en-us,2026-07-29T03:46:00+0000,2026-07-30T22:59:43+00:00,2026-07-30 15:59 Thu,,false,,,,false,jibe:Atlassian Early Careers:25838
Atlassian Early Careers:23352,Atlassian Early Careers,Lead Product Designer,"Sydney, Australia",Design,https://join.atlassian.com/jobs/23352?lang=en-us,2025-11-01T00:00:00+0000,2026-07-12T03:47:09+00:00,2026-07-11 20:47 Sat,,false,,,,false,jibe:Atlassian Early Careers:23352
Atlassian Early Careers:25349,Atlassian Early Careers,"Lead Product Designer, Loom","San Francisco, California",Other,https://join.atlassian.com/jobs/25349?lang=en-us,2026-06-05T00:00:00+0000,2026-07-30T22:59:43+00:00,2026-07-30 15:59 Thu,,false,,,,false,jibe:Atlassian Early Careers:25349
Atlassian Early Careers:26041,Atlassian Early Careers,Manager - Solutions Engineering | DX,"Salt Lake City, Utah",Sales,https://join.atlassian.com/jobs/26041?lang=en-us,2026-08-01T00:00:00+0000,2026-08-01T00:17:19+00:00,2026-07-31 17:17 Fri,,false,,,,false,jibe:Atlassian Early Careers:26041
Atlassian Early Careers:25320,Atlassian Early Careers,"Manager, Account Executive Mid Market East",,Sales,https://join.atlassian.com/jobs/25320?lang=en-us,2026-07-21T02:13:00+0000,2026-07-30T22:59:43+00:00,2026-07-30 15:59 Thu,,false,,,,false,jibe:Atlassian Early Careers:25320
Atlassian Early Careers:25619,Atlassian Early Careers,"Manager, Account Executives Mid Market",,Sales,https://join.atlassian.com/jobs/25619?lang=en-us,2026-07-14T16:04:00+0000,2026-07-30T22:59:43+00:00,2026-07-30 15:59 Thu,,false,,,,false,jibe:Atlassian Early Careers:25619
Atlassian Early Careers:25843,Atlassian Early Careers,"Manager, Account Executives Mid Market","Austin, Texas",Sales,https://join.atlassian.com/jobs/25843?lang=en-us,2026-08-01T00:00:00+0000,2026-08-01T00:17:19+00:00,2026-07-31 17:17 Fri,,false,,,,false,jibe:Atlassian Early Careers:25843
Atlassian Early Careers:25190,Atlassian Early Careers,"Manager, Account Executives, Enterprise (Emerging Markets)","London, United Kingdom",Sales,https://join.atlassian.com/jobs/25190?lang=en-us,2026-06-01T15:01:00+0000,2026-07-30T22:59:43+00:00,2026-07-30 15:59 Thu,,false,,,,false,jibe:Atlassian Early Careers:25190
Atlassian Early Careers:25552,Atlassian Early Careers,"Manager, Account Executives, Enterprise (Southern Europe)","London, United Kingdom",Sales,https://join.atlassian.com/jobs/25552?lang=en-us,2026-07-01T00:00:00+0000,2026-07-30T22:59:43+00:00,2026-07-30 15:59 Thu,,false,,,,false,jibe:Atlassian Early Careers:25552
Atlassian Early Careers:25188,Atlassian Early Careers,"Manager, Account Executives, Enterprise - West",,Sales,https://join.atlassian.com/jobs/25188?lang=en-us,2026-07-24T19:39:00+0000,2026-07-30T22:59:43+00:00,2026-07-30 15:59 Thu,,false,,,,false,jibe:Atlassian Early Careers:25188
Atlassian Early Careers:25551,Atlassian Early Careers,"Manager, Account Executives, Enterprise DACH (German speaking)","Munich, Germany",Sales,https://join.atlassian.com/jobs/25551?lang=en-us,2026-07-01T00:00:00+0000,2026-07-30T22:59:43+00:00,2026-07-30 15:59 Thu,,false,,,,false,jibe:Atlassian Early Careers:25551
Atlassian Early Careers:25189,Atlassian Early Careers,"Manager, Account Executives, Enterprise New Logos EMEA","London, United Kingdom",Sales,https://join.atlassian.com/jobs/25189?lang=en-us,2026-06-03T11:31:00+0000,2026-07-30T22:59:43+00:00,2026-07-30 15:59 Thu,,false,,,,false,jibe:Atlassian Early Careers:25189
Atlassian Early Careers:25610,Atlassian Early Careers,"Manager, Account Executives, Mid-Market","Central Singapore, Singapore",Sales,https://join.atlassian.com/jobs/25610?lang=en-us,2026-07-17T03:59:00+0000,2026-07-30T22:59:43+00:00,2026-07-30 15:59 Thu,,false,,,,false,jibe:Atlassian Early Careers:25610
Atlassian Early Careers:25197,Atlassian Early Careers,"Manager, Account Executives, Mid-Market Canada",,Sales,https://join.atlassian.com/jobs/25197?lang=en-us,2026-07-15T16:31:00+0000,2026-07-30T22:59:43+00:00,2026-07-30 15:59 Thu,,false,,,,false,jibe:Atlassian Early Careers:25197
Atlassian Early Careers:25195,Atlassian Early Careers,"Manager, Account Executives, Mid-Market West",,Sales,https://join.atlassian.com/jobs/25195?lang=en-us,2026-07-13T19:13:00+0000,2026-07-30T22:59:43+00:00,2026-07-30 15:59 Thu,,false,,,,false,jibe:Atlassian Early Careers:25195
Atlassian Early Careers:25387,Atlassian Early Careers,"Manager, Customer Success Architects",,Sales,https://join.atlassian.com/jobs/25387?lang=en-us,2026-07-17T16:22:00+0000,2026-07-30T22:59:43+00:00,2026-07-30 15:59 Thu,,false,,,,false,jibe:Atlassian Early Careers:25387
Atlassian Early Careers:25833,Atlassian Early Careers,"Manager, Enterprise Sales - West",,Sales,https://join.atlassian.com/jobs/25833?lang=en-us,2026-08-03T14:31:00+0000,2026-08-03T14:41:22+00:00,2026-08-03 07:41 Mon,,false,,,,false,jibe:Atlassian Early Careers:25833
Atlassian Early Careers:22721,Atlassian Early Careers,"Manager, Enterprise Sales Engineering, France and South Europe","Paris, France",Sales,https://join.atlassian.com/jobs/22721?lang=en-us,2025-11-01T00:00:00+0000,2026-07-12T03:47:09+00:00,2026-07-11 20:47 Sat,,false,,,,false,jibe:Atlassian Early Careers:22721
Atlassian Early Careers:25232,Atlassian Early Careers,"Manager, Enterprise Solutions Engineering — Nordics & BeNeLux",,Sales,https://join.atlassian.com/jobs/25232?lang=en-us,2026-06-11T08:18:00+0000,2026-07-30T22:59:43+00:00,2026-07-30 15:59 Thu,,false,,,,false,jibe:Atlassian Early Careers:25232
Atlassian Early Careers:25786,Atlassian Early Careers,"Manager, Sales Development Enterprise",,Sales,https://join.atlassian.com/jobs/25786?lang=en-us,2026-08-01T00:00:00+0000,2026-08-01T00:17:19+00:00,2026-07-31 17:17 Fri,,false,,,,false,jibe:Atlassian Early Careers:25786
Atlassian Early Careers:24855,Atlassian Early Careers,"Manager, SDR","Salt Lake City, Utah",Sales,https://join.atlassian.com/jobs/24855?lang=en-us,2026-05-28T19:57:00+0000,2026-07-30T22:59:43+00:00,2026-07-30 15:59 Thu,,false,,,,false,jibe:Atlassian Early Careers:24855
Atlassian Early Careers:24884,Atlassian Early Careers,"Manager, SMB Sales DX","Salt Lake City, Utah",Sales,https://join.atlassian.com/jobs/24884?lang=en-us,2026-06-04T15:51:00+0000,2026-07-30T22:59:43+00:00,2026-07-30 15:59 Thu,,false,,,,false,jibe:Atlassian Early Careers:24884
Atlassian Early Careers:25229,Atlassian Early Careers,"Manager, Solution Sales, Service Collection","San Francisco, California",Sales,https://join.atlassian.com/jobs/25229?lang=en-us,2026-07-29T00:00:00+0000,2026-07-30T22:59:43+00:00,2026-07-30 15:59 Thu,,false,,,,false,jibe:Atlassian Early Careers:25229
Atlassian Early Careers:23247,Atlassian Early Careers,"Manager, Strategic Account Management","Seattle, Washington",Sales,https://join.atlassian.com/jobs/23247?lang=en-us,2025-11-01T00:00:00+0000,2026-07-12T03:47:09+00:00,2026-07-11 20:47 Sat,,false,,,,false,jibe:Atlassian Early Careers:23247
Atlassian Early Careers:24333,Atlassian Early Careers,"Mid-Market Sales Manager, DACH (German speaker)",,Sales,https://join.atlassian.com/jobs/24333?lang=en-us,2026-05-06T08:19:00+0000,2026-07-30T22:59:43+00:00,2026-07-30 15:59 Thu,,false,,,,false,jibe:Atlassian Early Careers:24333
Atlassian Early Careers:23193,Atlassian Early Careers,Migration Senior Support engineer,"Yokohama, Japan",Support,https://join.atlassian.com/jobs/23193?lang=en-us,2025-11-03T00:00:00+0000,2026-07-12T03:47:09+00:00,2026-07-11 20:47 Sat,,false,,,,false,jibe:Atlassian Early Careers:23193
Atlassian Early Careers:25742,Atlassian Early Careers,Partner Development Manager,"New York, New York",Sales,https://join.atlassian.com/jobs/25742?lang=en-us,2026-07-28T20:00:00+0000,2026-07-30T22:59:43+00:00,2026-07-30 15:59 Thu,,false,,,,false,jibe:Atlassian Early Careers:25742
Atlassian Early Careers:22422,Atlassian Early Careers,Partner Solutions Architect (ITSM),"Austin, Texas",Sales,https://join.atlassian.com/jobs/22422?lang=en-us,2025-10-29T00:27:00+0000,2026-07-12T03:47:09+00:00,2026-07-11 20:47 Sat,,false,,,,false,jibe:Atlassian Early Careers:22422
Atlassian Early Careers:25586,Atlassian Early Careers,Principal Backend Software Engineer,"San Francisco, California",Engineering,https://join.atlassian.com/jobs/25586?lang=en-us,2026-07-28T22:06:00+0000,2026-07-30T22:59:43+00:00,2026-07-30 15:59 Thu,,false,,,,false,jibe:Atlassian Early Careers:25586
Atlassian Early Careers:19502,Atlassian Early Careers,Principal Corporate Security Engineer,"San Francisco, California",Security,https://join.atlassian.com/jobs/19502?lang=en-us,2025-10-22T15:30:00+0000,2026-07-12T03:47:09+00:00,2026-07-11 20:47 Sat,,false,,,,false,jibe:Atlassian Early Careers:19502
Atlassian Early Careers:25751,Atlassian Early Careers,Principal Customer Success Manager - DX,,Sales,https://join.atlassian.com/jobs/25751?lang=en-us,2026-08-01T00:00:00+0000,2026-08-01T00:17:19+00:00,2026-07-31 17:17 Fri,,false,,,,false,jibe:Atlassian Early Careers:25751
Atlassian Early Careers:25752,Atlassian Early Careers,"Principal Customer Success Manager, DX",,Sales,https://join.atlassian.com/jobs/25752?lang=en-us,2026-07-17T18:52:00+0000,2026-07-30T22:59:43+00:00,2026-07-30 15:59 Thu,,false,,,,false,jibe:Atlassian Early Careers:25752
Atlassian Early Careers:22607,Atlassian Early Careers,"Principal Customer Success Manager, Enterprise","San Francisco, California",Sales,https://join.atlassian.com/jobs/22607?lang=en-us,2025-10-31T14:56:00+0000,2026-07-12T03:47:09+00:00,2026-07-11 20:47 Sat,,false,,,,false,jibe:Atlassian Early Careers:22607
Atlassian Early Careers:23132,Atlassian Early Careers,"Principal Customer Success Manager, Enterprise","Washington DC, Washington, DC",Sales,https://join.atlassian.com/jobs/23132?lang=en-us,2025-11-01T00:00:00+0000,2026-07-12T03:47:09+00:00,2026-07-11 20:47 Sat,,false,,,,false,jibe:Atlassian Early Careers:23132
Atlassian Early Careers:23146,Atlassian Early Careers,"Principal Customer Success Manager, Enterprise (DACH)","Munich, Germany",Sales,https://join.atlassian.com/jobs/23146?lang=en-us,2025-10-28T00:00:00+0000,2026-07-12T03:47:09+00:00,2026-07-11 20:47 Sat,,false,,,,false,jibe:Atlassian Early Careers:23146
Atlassian Early Careers:21896,Atlassian Early Careers,"Principal Customer Success Manager, Enterprise - Benelux and Nordics","London, United Kingdom",Sales,https://join.atlassian.com/jobs/21896?lang=en-us,2025-11-03T17:04:00+0000,2026-07-12T03:47:09+00:00,2026-07-11 20:47 Sat,,false,,,,false,jibe:Atlassian Early Careers:21896
Atlassian Early Careers:23129,Atlassian Early Careers,"Principal Customer Success Manager, Strategic","Seattle, Washington",Sales,https://join.atlassian.com/jobs/23129?lang=en-us,2025-11-01T00:00:00+0000,2026-07-12T03:47:09+00:00,2026-07-11 20:47 Sat,,false,,,,false,jibe:Atlassian Early Careers:23129
Atlassian Early Careers:25153,Atlassian Early Careers,Principal Data Engineer,"Bengaluru, India",Analytics & Data Science,https://join.atlassian.com/jobs/25153?lang=en-us,2026-05-25T06:23:00+0000,2026-07-30T22:59:43+00:00,2026-07-30 15:59 Thu,,false,,,,false,jibe:Atlassian Early Careers:25153
Atlassian Early Careers:25789,Atlassian Early Careers,Principal Engineer,"Seattle, Washington",Engineering,https://join.atlassian.com/jobs/25789?lang=en-us,2026-08-01T00:00:00+0000,2026-08-01T00:17:19+00:00,2026-07-31 17:17 Fri,,false,,,,false,jibe:Atlassian Early Careers:25789
Atlassian Early Careers:25796,Atlassian Early Careers,"Principal Engineer, Search Platform","Bengaluru, India",Engineering,https://join.atlassian.com/jobs/25796?lang=en-us,2026-07-22T00:00:00+0000,2026-07-30T22:59:43+00:00,2026-07-30 15:59 Thu,,false,,,,false,jibe:Atlassian Early Careers:25796
Atlassian Early Careers:25321,Atlassian Early Careers,"Principal Enterprise Delivery Manager, Migrations",,Support,https://join.atlassian.com/jobs/25321?lang=en-us,2026-07-28T19:07:00+0000,2026-07-30T22:59:43+00:00,2026-07-30 15:59 Thu,,false,,,,false,jibe:Atlassian Early Careers:25321
Atlassian Early Careers:20362,Atlassian Early Careers,Principal Enterprise Technical Architect,"London, United Kingdom",Sales,https://join.atlassian.com/jobs/20362?lang=en-us,2025-11-04T09:44:00+0000,2026-07-12T03:47:09+00:00,2026-07-11 20:47 Sat,,false,,,,false,jibe:Atlassian Early Careers:20362
Atlassian Early Careers:25246,Atlassian Early Careers,Principal Forward Deployed Architect,"San Francisco, California",Sales,https://join.atlassian.com/jobs/25246?lang=en-us,2026-06-01T00:00:00+0000,2026-07-30T22:59:43+00:00,2026-07-30 15:59 Thu,,false,,,,false,jibe:Atlassian Early Careers:25246
Atlassian Early Careers:25799,Atlassian Early Careers,Principal Forward Deployed Engineer,,Engineering,https://join.atlassian.com/jobs/25799?lang=en-us,2026-08-03T06:23:00+0000,2026-08-03T06:41:44+00:00,2026-08-02 23:41 Sun,,false,,,,false,jibe:Atlassian Early Careers:25799
Atlassian Early Careers:25715,Atlassian Early Careers,"Principal JSM Solution Sales Executive, Public Sector","Washington DC, Washington, DC",Sales,https://join.atlassian.com/jobs/25715?lang=en-us,2026-07-31T00:00:00+0000,2026-07-31T00:17:16+00:00,2026-07-30 17:17 Thu,,false,,,,false,jibe:Atlassian Early Careers:25715
Atlassian Early Careers:25394,Atlassian Early Careers,Principal Machine Learning Engineer,"Mountain View, California",Engineering,https://join.atlassian.com/jobs/25394?lang=en-us,2026-07-08T14:48:00+0000,2026-07-30T22:59:43+00:00,2026-07-30 15:59 Thu,,false,,,,false,jibe:Atlassian Early Careers:25394
Atlassian Early Careers:25808,Atlassian Early Careers,Principal Machine Learning Engineer,"Bengaluru, India",Engineering,https://join.atlassian.com/jobs/25808?lang=en-us,2026-07-23T12:42:00+0000,2026-07-30T22:59:43+00:00,2026-07-30 15:59 Thu,,false,,,,false,jibe:Atlassian Early Careers:25808
Atlassian Early Careers:25809,Atlassian Early Careers,Principal Machine Learning Engineer,"Bengaluru, India",Engineering,https://join.atlassian.com/jobs/25809?lang=en-us,2026-07-24T09:40:00+0000,2026-07-30T22:59:43+00:00,2026-07-30 15:59 Thu,,false,,,,false,jibe:Atlassian Early Careers:25809
Atlassian Early Careers:25738,Atlassian Early Careers,Principal Machine Learning System Engineer,"Seattle, Washington",Engineering,https://join.atlassian.com/jobs/25738?lang=en-us,2026-08-01T00:00:00+0000,2026-08-01T00:17:19+00:00,2026-07-31 17:17 Fri,,false,,,,false,jibe:Atlassian Early Careers:25738
Atlassian Early Careers:25292,Atlassian Early Careers,Principal Machine Learning Systems Engineer,,Engineering,https://join.atlassian.com/jobs/25292?lang=en-us,2026-06-15T19:10:00+0000,2026-07-30T22:59:43+00:00,2026-07-30 15:59 Thu,,false,,,,false,jibe:Atlassian Early Careers:25292
Atlassian Early Careers:25308,Atlassian Early Careers,Principal Machine Learning Systems Engineer,,Engineering,https://join.atlassian.com/jobs/25308?lang=en-us,2026-06-16T12:52:00+0000,2026-07-30T22:59:43+00:00,2026-07-30 15:59 Thu,,false,,,,false,jibe:Atlassian Early Careers:25308
Atlassian Early Careers:21976,Atlassian Early Careers,"Principal Machine Learning Systems Engineer, Search Platform","Bengaluru, India",Engineering,https://join.atlassian.com/jobs/21976?lang=en-us,2025-11-01T00:00:00+0000,2026-07-12T03:47:09+00:00,2026-07-11 20:47 Sat,,false,,,,false,jibe:Atlassian Early Careers:21976
Atlassian Early Careers:26237,Atlassian Early Careers,"Principal Operation Analyst, Post-Sales",,Analytics & Data Science,https://join.atlassian.com/jobs/26237?lang=en-us,2026-08-01T00:00:00+0000,2026-08-01T00:17:19+00:00,2026-07-31 17:17 Fri,,false,,,,false,jibe:Atlassian Early Careers:26237
Atlassian Early Careers:26251,Atlassian Early Careers,"Principal Product Manager - Talent, Strategy Collection","Bengaluru, India",Product Management,https://join.atlassian.com/jobs/26251?lang=en-us,2026-08-01T00:00:00+0000,2026-08-02T08:41:55+00:00,2026-08-02 01:41 Sun,,false,,,,false,jibe:Atlassian Early Careers:26251
Atlassian Early Careers:26078,Atlassian Early Careers,Principal Product Manager — IAM & Identity Platform / Guard,"San Francisco, California",Product Management,https://join.atlassian.com/jobs/26078?lang=en-us,2026-08-01T00:00:00+0000,2026-08-01T00:17:19+00:00,2026-07-31 17:17 Fri,,false,,,,false,jibe:Atlassian Early Careers:26078
Atlassian Early Careers:22805,Atlassian Early Careers,"Principal Product Manager, Cloud Transition Product","Seattle, Washington",Product Management,https://join.atlassian.com/jobs/22805?lang=en-us,2025-11-01T00:00:00+0000,2026-07-12T03:47:09+00:00,2026-07-11 20:47 Sat,,false,,,,false,jibe:Atlassian Early Careers:22805
Atlassian Early Careers:23158,Atlassian Early Careers,"Principal Product Marketing Manager, Jira Product Discovery",,Marketing,https://join.atlassian.com/jobs/23158?lang=en-us,2025-10-22T18:01:00+0000,2026-07-12T03:47:09+00:00,2026-07-11 20:47 Sat,,false,,,,false,jibe:Atlassian Early Careers:23158
Atlassian Early Careers:25693,Atlassian Early Careers,Principal Software Engineer - Search and Data,"Bengaluru, India",Engineering,https://join.atlassian.com/jobs/25693?lang=en-us,2026-07-22T00:00:00+0000,2026-07-30T22:59:43+00:00,2026-07-30 15:59 Thu,,false,,,,false,jibe:Atlassian Early Careers:25693
Atlassian Early Careers:25391,Atlassian Early Careers,Principal Solution Architect,"Austin, Texas",Sales,https://join.atlassian.com/jobs/25391?lang=en-us,2026-07-17T16:23:00+0000,2026-07-30T22:59:43+00:00,2026-07-30 15:59 Thu,,false,,,,false,jibe:Atlassian Early Careers:25391
Atlassian Early Careers:24713,Atlassian Early Careers,Principal Solutions Architect | DX,"London, United Kingdom",Sales,https://join.atlassian.com/jobs/24713?lang=en-us,2026-07-29T08:58:00+0000,2026-07-30T22:59:43+00:00,2026-07-30 15:59 Thu,,false,,,,false,jibe:Atlassian Early Careers:24713
Atlassian Early Careers:24843,Atlassian Early Careers,Principal Solutions Architect | DX,"Salt Lake City, Utah",Sales,https://join.atlassian.com/jobs/24843?lang=en-us,2026-04-29T12:54:00+0000,2026-07-30T22:59:43+00:00,2026-07-30 15:59 Thu,,false,,,,false,jibe:Atlassian Early Careers:24843
Atlassian Early Careers:22697,Atlassian Early Careers,"Principal Solutions Engineer, Strategic",,Sales,https://join.atlassian.com/jobs/22697?lang=en-us,2025-10-28T04:40:00+0000,2026-07-12T03:47:09+00:00,2026-07-11 20:47 Sat,,false,,,,false,jibe:Atlassian Early Careers:22697
Atlassian Early Careers:25264,Atlassian Early Careers,"Principal Solutions Engineer, Strategic","San Francisco, California",Sales,https://join.atlassian.com/jobs/25264?lang=en-us,2026-05-30T00:05:00+0000,2026-07-30T22:59:43+00:00,2026-07-30 15:59 Thu,,false,,,,false,jibe:Atlassian Early Careers:25264
Atlassian Early Careers:25056,Atlassian Early Careers,"Principal Solutions Engineer, Strategic, DACH",,Sales,https://join.atlassian.com/jobs/25056?lang=en-us,2026-06-02T12:48:00+0000,2026-07-30T22:59:43+00:00,2026-07-30 15:59 Thu,,false,,,,false,jibe:Atlassian Early Careers:25056
Atlassian Early Careers:25289,Atlassian Early Careers,"Principal Solutions Engineer, Strategic, UKI",,Sales,https://join.atlassian.com/jobs/25289?lang=en-us,2026-06-15T00:00:00+0000,2026-07-30T22:59:43+00:00,2026-07-30 15:59 Thu,,false,,,,false,jibe:Atlassian Early Careers:25289
Atlassian Early Careers:25128,Atlassian Early Careers,"Principal Strategist, AI Sales Strategy","San Francisco, California",Sales,https://join.atlassian.com/jobs/25128?lang=en-us,2026-05-15T00:00:00+0000,2026-07-30T22:59:43+00:00,2026-07-30 15:59 Thu,,false,,,,false,jibe:Atlassian Early Careers:25128
Atlassian Early Careers:22799,Atlassian Early Careers,"Principal Strategist, Growth and Market Strategy","San Francisco, California",Sales,https://join.atlassian.com/jobs/22799?lang=en-us,2025-10-24T18:03:00+0000,2026-07-12T03:47:09+00:00,2026-07-11 20:47 Sat,,false,,,,false,jibe:Atlassian Early Careers:22799
Atlassian Early Careers:23239,Atlassian Early Careers,Principal Technical Program Manager - FastShift,"Seattle, Washington",Engineering,https://join.atlassian.com/jobs/23239?lang=en-us,2025-10-31T03:39:00+0000,2026-07-12T03:47:09+00:00,2026-07-11 20:47 Sat,,false,,,,false,jibe:Atlassian Early Careers:23239
Atlassian Early Careers:25271,Atlassian Early Careers,"Principal Value Advisor, DACH",,Sales,https://join.atlassian.com/jobs/25271?lang=en-us,2026-05-14T00:00:00+0000,2026-07-30T22:59:43+00:00,2026-07-30 15:59 Thu,,false,,,,false,jibe:Atlassian Early Careers:25271
Atlassian Early Careers:25377,Atlassian Early Careers,"Principal Value Advisor, Value Management Office","Washington DC, Washington, DC",Sales,https://join.atlassian.com/jobs/25377?lang=en-us,2026-06-23T14:31:00+0000,2026-07-30T22:59:43+00:00,2026-07-30 15:59 Thu,,false,,,,false,jibe:Atlassian Early Careers:25377
Atlassian Early Careers:23279,Atlassian Early Careers,"Procurement Intern, 2026 Summer U.S.","San Francisco, California",Interns,https://join.atlassian.com/jobs/23279?lang=en-us,2025-10-28T19:52:00+0000,2026-07-12T03:47:09+00:00,2026-07-11 20:47 Sat,,false,,,,false,jibe:Atlassian Early Careers:23279
Atlassian Early Careers:22605,Atlassian Early Careers,"Product Design Manager, Admin Experiences","Sydney, Australia",Design,https://join.atlassian.com/jobs/22605?lang=en-us,2025-10-29T00:09:00+0000,2026-07-12T03:47:09+00:00,2026-07-11 20:47 Sat,,false,,,,false,jibe:Atlassian Early Careers:22605
Atlassian Early Careers:21924,Atlassian Early Careers,"Product Designer, Jira Frontier","Sydney, Australia",Design,https://join.atlassian.com/jobs/21924?lang=en-us,2025-11-01T00:00:00+0000,2026-07-12T03:47:09+00:00,2026-07-11 20:47 Sat,,false,,,,false,jibe:Atlassian Early Careers:21924
Atlassian Early Careers:21516,Atlassian Early Careers,React Native Mobile Engineer,,Engineering,https://join.atlassian.com/jobs/21516?lang=en-us,2025-10-28T00:50:00+0000,2026-07-12T03:47:09+00:00,2026-07-11 20:47 Sat,,false,,,,false,jibe:Atlassian Early Careers:21516
Atlassian Early Careers:25113,Atlassian Early Careers,"Regional Marketing Manager, Brazil",,Marketing,https://join.atlassian.com/jobs/25113?lang=en-us,2026-05-15T00:00:00+0000,2026-07-30T22:59:43+00:00,2026-07-30 15:59 Thu,,false,,,,false,jibe:Atlassian Early Careers:25113
Atlassian Early Careers:25328,Atlassian Early Careers,"Regional Marketing Manager, Public Sector",,Marketing,https://join.atlassian.com/jobs/25328?lang=en-us,2026-06-15T00:00:00+0000,2026-07-30T22:59:43+00:00,2026-07-30 15:59 Thu,,false,,,,false,jibe:Atlassian Early Careers:25328
Atlassian Early Careers:25554,Atlassian Early Careers,"Regional Sales Director, DACH (German speaking)","Munich, Germany",Sales,https://join.atlassian.com/jobs/25554?lang=en-us,2026-07-01T00:00:00+0000,2026-07-30T22:59:43+00:00,2026-07-30 15:59 Thu,,false,,,,false,jibe:Atlassian Early Careers:25554
Atlassian Early Careers:25227,Atlassian Early Careers,"Regional Sales Manager, Developer Experience (EMEA)","London, United Kingdom",Sales,https://join.atlassian.com/jobs/25227?lang=en-us,2026-06-10T18:33:00+0000,2026-07-30T22:59:43+00:00,2026-07-30 15:59 Thu,,false,,,,false,jibe:Atlassian Early Careers:25227
Atlassian Early Careers:20904,Atlassian Early Careers,"Research Associate, 2026 Graduate U.S.","Seattle, Washington",Graduates,https://join.atlassian.com/jobs/20904?lang=en-us,2025-10-28T22:54:00+0000,2026-07-12T03:47:09+00:00,2026-07-11 20:47 Sat,,false,,,,false,jibe:Atlassian Early Careers:20904
Atlassian Early Careers:20961,Atlassian Early Careers,"Research Intern, 2026 Summer U.S.","Seattle, Washington",Interns,https://join.atlassian.com/jobs/20961?lang=en-us,2025-10-28T22:44:00+0000,2026-07-12T03:47:09+00:00,2026-07-11 20:47 Sat,,false,,,,false,jibe:Atlassian Early Careers:20961
Atlassian Early Careers:23240,Atlassian Early Careers,"Retention Manager, Mid-Market, Nordics","Amsterdam, Netherlands",Sales,https://join.atlassian.com/jobs/23240?lang=en-us,2025-11-01T00:00:00+0000,2026-07-12T03:47:09+00:00,2026-07-11 20:47 Sat,,false,,,,false,jibe:Atlassian Early Careers:23240
Atlassian Early Careers:25629,Atlassian Early Careers,Sales Development Representative,"Bengaluru, India",Sales,https://join.atlassian.com/jobs/25629?lang=en-us,2026-07-29T03:49:00+0000,2026-07-30T22:59:43+00:00,2026-07-30 15:59 Thu,,false,,,,false,jibe:Atlassian Early Careers:25629
Atlassian Early Careers:25755,Atlassian Early Careers,Sales Development Representative,"Salt Lake City, Utah",Sales,https://join.atlassian.com/jobs/25755?lang=en-us,2026-06-01T00:00:00+0000,2026-07-30T22:59:43+00:00,2026-07-30 15:59 Thu,,false,,,,false,jibe:Atlassian Early Careers:25755
Atlassian Early Careers:25549,Atlassian Early Careers,Sales Development Representative | DX,"Salt Lake City, Utah",Sales,https://join.atlassian.com/jobs/25549?lang=en-us,2026-07-15T17:56:00+0000,2026-07-30T22:59:43+00:00,2026-07-30 15:59 Thu,,false,,,,false,jibe:Atlassian Early Careers:25549
Atlassian Early Careers:25754,Atlassian Early Careers,"Sales Development Representative, DX","Salt Lake City, Utah",Sales,https://join.atlassian.com/jobs/25754?lang=en-us,2026-07-01T00:00:00+0000,2026-07-30T22:59:43+00:00,2026-07-30 15:59 Thu,,false,,,,false,jibe:Atlassian Early Careers:25754
Atlassian Early Careers:25627,Atlassian Early Careers,"Sales Development Representative, Enterprise","Central Singapore, Singapore",Sales,https://join.atlassian.com/jobs/25627?lang=en-us,2026-08-02T23:52:00+0000,2026-08-02T23:59:09+00:00,2026-08-02 16:59 Sun,,false,,,,false,jibe:Atlassian Early Careers:25627
Atlassian Early Careers:22839,Atlassian Early Careers,"Sales Development Representative, Enterprise - UK/I",,Sales,https://join.atlassian.com/jobs/22839?lang=en-us,2025-10-30T09:52:00+0000,2026-07-12T03:47:09+00:00,2026-07-11 20:47 Sat,,false,,,,false,jibe:Atlassian Early Careers:22839
Atlassian Early Careers:25630,Atlassian Early Careers,"Sales Development Representative, Enterprise DACH","London, United Kingdom",Sales,https://join.atlassian.com/jobs/25630?lang=en-us,2026-08-01T06:00:00+0000,2026-08-01T06:17:11+00:00,2026-07-31 23:17 Fri,,false,,,,false,jibe:Atlassian Early Careers:25630
Atlassian Early Careers:25623,Atlassian Early Careers,"Sales Development Representative, Enterprise Emerging Markets","London, United Kingdom",Sales,https://join.atlassian.com/jobs/25623?lang=en-us,2026-08-01T06:00:00+0000,2026-08-01T06:17:11+00:00,2026-07-31 23:17 Fri,,false,,,,false,jibe:Atlassian Early Careers:25623
Atlassian Early Careers:25686,Atlassian Early Careers,"Sales Development Representative, Enterprise, Southern Europe","London, United Kingdom",Sales,https://join.atlassian.com/jobs/25686?lang=en-us,2026-07-14T09:17:00+0000,2026-07-30T22:59:43+00:00,2026-07-30 15:59 Thu,,false,,,,false,jibe:Atlassian Early Careers:25686
Atlassian Early Careers:25622,Atlassian Early Careers,"Sales Development Representative, Enterprise, UKI Public Sector","London, United Kingdom",Sales,https://join.atlassian.com/jobs/25622?lang=en-us,2026-08-01T06:00:00+0000,2026-08-01T06:17:11+00:00,2026-07-31 23:17 Fri,,false,,,,false,jibe:Atlassian Early Careers:25622
Atlassian Early Careers:25635,Atlassian Early Careers,"Sales Development Representative, Japan","Yokohama, Japan",Sales,https://join.atlassian.com/jobs/25635?lang=en-us,2026-07-30T05:52:00+0000,2026-07-30T22:59:43+00:00,2026-07-30 15:59 Thu,,false,,,,false,jibe:Atlassian Early Careers:25635
Atlassian Early Careers:25550,Atlassian Early Careers,"Sales Development Representative, Mid Market","Austin, Texas",Sales,https://join.atlassian.com/jobs/25550?lang=en-us,2026-07-27T17:09:00+0000,2026-07-30T22:59:43+00:00,2026-07-30 15:59 Thu,,false,,,,false,jibe:Atlassian Early Careers:25550
Atlassian Early Careers:14220,Atlassian Early Careers,"Sales Development Representative, Mid-Market DACH","Amsterdam, Netherlands",Sales,https://join.atlassian.com/jobs/14220?lang=en-us,2025-10-23T09:32:00+0000,2026-07-12T03:47:09+00:00,2026-07-11 20:47 Sat,,false,,,,false,jibe:Atlassian Early Careers:14220
Atlassian Early Careers:25633,Atlassian Early Careers,"Sales Development Representative, Mid-Market DACH","London, United Kingdom",Sales,https://join.atlassian.com/jobs/25633?lang=en-us,2026-08-01T06:00:00+0000,2026-08-01T06:17:11+00:00,2026-07-31 23:17 Fri,,false,,,,false,jibe:Atlassian Early Careers:25633
Atlassian Early Careers:25398,Atlassian Early Careers,"Sales Development Representative, Mid-Market DACH",,Sales,https://join.atlassian.com/jobs/25398?lang=en-us,2026-08-04T13:53:00+0000,2026-08-04T14:37:18+00:00,2026-08-04 07:37 Tue,,false,,,,false,jibe:Atlassian Early Careers:25398
Atlassian Early Careers:25359,Atlassian Early Careers,"Sales Development Representative, Strategic (French OR German-speaking)","Amsterdam, Netherlands",Sales,https://join.atlassian.com/jobs/25359?lang=en-us,2026-06-22T13:37:00+0000,2026-07-30T22:59:43+00:00,2026-07-30 15:59 Thu,,false,,,,false,jibe:Atlassian Early Careers:25359
Atlassian Early Careers:25560,Atlassian Early Careers,"Sales Development Representative, Strategy Collections","Austin, Texas",Sales,https://join.atlassian.com/jobs/25560?lang=en-us,2026-07-27T21:01:00+0000,2026-07-30T22:59:43+00:00,2026-07-30 15:59 Thu,,false,,,,false,jibe:Atlassian Early Careers:25560
Atlassian Early Careers:25613,Atlassian Early Careers,"Sales Director, Account Executives, Strategic","New York, New York",Sales,https://join.atlassian.com/jobs/25613?lang=en-us,2026-07-20T19:40:00+0000,2026-07-30T22:59:43+00:00,2026-07-30 15:59 Thu,,false,,,,false,jibe:Atlassian Early Careers:25613
Atlassian Early Careers:22873,Atlassian Early Careers,"Sales Operations, Senior Business Systems Analyst","San Francisco, California",Other,https://join.atlassian.com/jobs/22873?lang=en-us,2025-11-01T00:00:00+0000,2026-07-12T03:47:09+00:00,2026-07-11 20:47 Sat,,false,,,,false,jibe:Atlassian Early Careers:22873
Atlassian Early Careers:23169,Atlassian Early Careers,Scaled Sales SMB - JSM,,Sales,https://join.atlassian.com/jobs/23169?lang=en-us,2025-11-04T08:56:00+0000,2026-07-12T03:47:09+00:00,2026-07-11 20:47 Sat,,false,,,,false,jibe:Atlassian Early Careers:23169
Atlassian Early Careers:25210,Atlassian Early Careers,"Senior Account Executive , AI & Digital Natives (Bay Area)","San Francisco, California",Sales,https://join.atlassian.com/jobs/25210?lang=en-us,2026-06-01T19:58:00+0000,2026-07-30T22:59:43+00:00,2026-07-30 15:59 Thu,,false,,,,false,jibe:Atlassian Early Careers:25210
Atlassian Early Careers:25211,Atlassian Early Careers,"Senior Account Executive , AI and Digital Native (NYC)","New York, New York",Sales,https://join.atlassian.com/jobs/25211?lang=en-us,2026-06-01T19:58:00+0000,2026-07-30T22:59:43+00:00,2026-07-30 15:59 Thu,,false,,,,false,jibe:Atlassian Early Careers:25211
Atlassian Early Careers:25559,Atlassian Early Careers,"Senior Account Executive, Enterprise - East & Central",,Sales,https://join.atlassian.com/jobs/25559?lang=en-us,2026-06-30T20:07:00+0000,2026-07-30T22:59:43+00:00,2026-07-30 15:59 Thu,,false,,,,false,jibe:Atlassian Early Careers:25559
Atlassian Early Careers:25759,Atlassian Early Careers,"Senior Account Executive, Enterprise - West",,Sales,https://join.atlassian.com/jobs/25759?lang=en-us,2026-07-17T13:30:00+0000,2026-07-30T22:59:43+00:00,2026-07-30 15:59 Thu,,false,,,,false,jibe:Atlassian Early Careers:25759
Atlassian Early Careers:25075,Atlassian Early Careers,"Senior Account Executive, Public Sector","Washington DC, Washington, DC",Sales,https://join.atlassian.com/jobs/25075?lang=en-us,2026-05-12T16:16:00+0000,2026-07-30T22:59:43+00:00,2026-07-30 15:59 Thu,,false,,,,false,jibe:Atlassian Early Careers:25075
Atlassian Early Careers:25406,Atlassian Early Careers,Senior Commercial Counsel - US Public Sector,,Legal,https://join.atlassian.com/jobs/25406?lang=en-us,2026-06-30T20:24:00+0000,2026-07-30T22:59:43+00:00,2026-07-30 15:59 Thu,,false,,,,false,jibe:Atlassian Early Careers:25406
Atlassian Early Careers:22742,Atlassian Early Careers,Senior CSS Learning Enablement Lead,"San Francisco, California",Support,https://join.atlassian.com/jobs/22742?lang=en-us,2025-11-01T00:00:00+0000,2026-07-12T03:47:09+00:00,2026-07-11 20:47 Sat,,false,,,,false,jibe:Atlassian Early Careers:22742
Atlassian Early Careers:19444,Atlassian Early Careers,"Senior Customer Success Manager, Enterprise","San Francisco, California",Sales,https://join.atlassian.com/jobs/19444?lang=en-us,2025-10-31T14:56:00+0000,2026-07-12T03:47:09+00:00,2026-07-11 20:47 Sat,,false,,,,false,jibe:Atlassian Early Careers:19444
Atlassian Early Careers:25136,Atlassian Early Careers,Senior Data Engineer,"Bengaluru, India",Analytics & Data Science,https://join.atlassian.com/jobs/25136?lang=en-us,2026-06-01T00:00:00+0000,2026-07-30T22:59:43+00:00,2026-07-30 15:59 Thu,,false,,,,false,jibe:Atlassian Early Careers:25136
Atlassian Early Careers:25144,Atlassian Early Careers,Senior Data Engineer,"Bengaluru, India",Analytics & Data Science,https://join.atlassian.com/jobs/25144?lang=en-us,2026-06-01T00:00:00+0000,2026-07-30T22:59:43+00:00,2026-07-30 15:59 Thu,,false,,,,false,jibe:Atlassian Early Careers:25144
Atlassian Early Careers:25134,Atlassian Early Careers,Senior Data Engineering Manager,"Bengaluru, India",Analytics & Data Science,https://join.atlassian.com/jobs/25134?lang=en-us,2026-05-27T06:41:00+0000,2026-07-30T22:59:43+00:00,2026-07-30 15:59 Thu,,false,,,,false,jibe:Atlassian Early Careers:25134
Atlassian Early Careers:25165,Atlassian Early Careers,Senior Data Engineering Manager,"Bengaluru, India",Analytics & Data Science,https://join.atlassian.com/jobs/25165?lang=en-us,2026-05-27T06:40:00+0000,2026-07-30T22:59:43+00:00,2026-07-30 15:59 Thu,,false,,,,false,jibe:Atlassian Early Careers:25165
Atlassian Early Careers:24872,Atlassian Early Careers,"Senior Design Manager, Jira AI","San Francisco, California",Design,https://join.atlassian.com/jobs/24872?lang=en-us,2026-06-01T21:54:00+0000,2026-07-30T22:59:43+00:00,2026-07-30 15:59 Thu,,false,,,,false,jibe:Atlassian Early Careers:24872
Atlassian Early Careers:25638,Atlassian Early Careers,Senior Engagement Manager (Dutch speaking),"Amsterdam, Netherlands",Sales,https://join.atlassian.com/jobs/25638?lang=en-us,2026-07-15T00:00:00+0000,2026-07-30T22:59:43+00:00,2026-07-30 15:59 Thu,,false,,,,false,jibe:Atlassian Early Careers:25638
Atlassian Early Careers:23096,Atlassian Early Careers,Senior Enterprise Deal Manager,"London, United Kingdom",Sales,https://join.atlassian.com/jobs/23096?lang=en-us,2025-11-01T00:00:00+0000,2026-07-12T03:47:09+00:00,2026-07-11 20:47 Sat,,false,,,,false,jibe:Atlassian Early Careers:23096
Atlassian Early Careers:26229,Atlassian Early Careers,Senior Finance Manager - R&D,"San Francisco, California",Finance & Accounting,https://join.atlassian.com/jobs/26229?lang=en-us,2026-07-31T00:00:00+0000,2026-07-31T00:41:20+00:00,2026-07-30 17:41 Thu,,false,,,,false,jibe:Atlassian Early Careers:26229
Atlassian Early Careers:26065,Atlassian Early Careers,"Senior Global Alliance Manager, Accenture",,Sales,https://join.atlassian.com/jobs/26065?lang=en-us,2026-08-01T00:00:00+0000,2026-08-03T05:58:57+00:00,2026-08-02 22:58 Sun,,false,,,,false,jibe:Atlassian Early Careers:26065
Atlassian Early Careers:22638,Atlassian Early Careers,Senior GTM Data Strategy Lead,"San Francisco, California",Other,https://join.atlassian.com/jobs/22638?lang=en-us,2025-11-01T00:00:00+0000,2026-07-12T03:47:09+00:00,2026-07-11 20:47 Sat,,false,,,,false,jibe:Atlassian Early Careers:22638
Atlassian Early Careers:25283,Atlassian Early Careers,Senior Infrastructure Engineer,,Engineering,https://join.atlassian.com/jobs/25283?lang=en-us,2026-08-04T04:36:00+0000,2026-08-04T11:28:14+00:00,2026-08-04 04:28 Tue,,false,,,,false,jibe:Atlassian Early Careers:25283
Atlassian Early Careers:25842,Atlassian Early Careers,Senior Machine Learning Engineer Manager,"Seattle, Washington",Engineering,https://join.atlassian.com/jobs/25842?lang=en-us,2026-07-30T16:40:00+0000,2026-07-30T22:59:43+00:00,2026-07-30 15:59 Thu,,false,,,,false,jibe:Atlassian Early Careers:25842
Atlassian Early Careers:23308,Atlassian Early Careers,"Senior Machine Learning Engineering Manager, Gen AI","Washington DC, Washington, DC",Engineering,https://join.atlassian.com/jobs/23308?lang=en-us,2025-10-29T00:00:00+0000,2026-07-12T03:47:09+00:00,2026-07-11 20:47 Sat,,false,,,,false,jibe:Atlassian Early Careers:23308
Atlassian Early Careers:25747,Atlassian Early Careers,Senior Machine Learning Manager,"Seattle, Washington",Engineering,https://join.atlassian.com/jobs/25747?lang=en-us,2026-07-01T00:00:00+0000,2026-07-30T22:59:43+00:00,2026-07-30 15:59 Thu,,false,,,,false,jibe:Atlassian Early Careers:25747
Atlassian Early Careers:25737,Atlassian Early Careers,Senior Machine Learning System Engineer,"Seattle, Washington",Engineering,https://join.atlassian.com/jobs/25737?lang=en-us,2026-07-01T00:00:00+0000,2026-07-30T22:59:43+00:00,2026-07-30 15:59 Thu,,false,,,,false,jibe:Atlassian Early Careers:25737
Atlassian Early Careers:25682,Atlassian Early Careers,Senior Machine Learning Systems Engineering Manager - AI & ML Platform,"Bengaluru, India",Engineering,https://join.atlassian.com/jobs/25682?lang=en-us,2026-07-20T00:00:00+0000,2026-07-30T22:59:43+00:00,2026-07-30 15:59 Thu,,false,,,,false,jibe:Atlassian Early Careers:25682
Atlassian Early Careers:25186,Atlassian Early Careers,"Senior Manager, AI & Digital Natives","San Francisco, California",Sales,https://join.atlassian.com/jobs/25186?lang=en-us,2026-06-01T19:53:00+0000,2026-07-30T22:59:43+00:00,2026-07-30 15:59 Thu,,false,,,,false,jibe:Atlassian Early Careers:25186
Atlassian Early Careers:25231,Atlassian Early Careers,"Senior Manager, Enterprise Solutions Engineering",,Sales,https://join.atlassian.com/jobs/25231?lang=en-us,2026-06-18T14:01:00+0000,2026-07-30T22:59:43+00:00,2026-07-30 15:59 Thu,,false,,,,false,jibe:Atlassian Early Careers:25231
Atlassian Early Careers:25694,Atlassian Early Careers,"Senior Manager, Solutions Architect","Sydney, Australia",Sales,https://join.atlassian.com/jobs/25694?lang=en-us,2026-05-15T00:00:00+0000,2026-07-30T22:59:43+00:00,2026-07-30 15:59 Thu,,false,,,,false,jibe:Atlassian Early Careers:25694
Atlassian Early Careers:23293,Atlassian Early Careers,"Senior Manager, TA Enablement","San Francisco, California",People,https://join.atlassian.com/jobs/23293?lang=en-us,2025-10-30T16:24:00+0000,2026-07-12T03:47:09+00:00,2026-07-11 20:47 Sat,,false,,,,false,jibe:Atlassian Early Careers:23293
Atlassian Early Careers:25741,Atlassian Early Careers,Senior Partner Development Manager,"New York, New York",Sales,https://join.atlassian.com/jobs/25741?lang=en-us,2026-07-28T20:03:00+0000,2026-07-30T22:59:43+00:00,2026-07-30 15:59 Thu,,false,,,,false,jibe:Atlassian Early Careers:25741
Atlassian Early Careers:23268,Atlassian Early Careers,Senior Partner Enablement Readiness Manager,"San Francisco, California",Sales,https://join.atlassian.com/jobs/23268?lang=en-us,2025-10-27T23:00:00+0000,2026-07-12T03:47:09+00:00,2026-07-11 20:47 Sat,,false,,,,false,jibe:Atlassian Early Careers:23268
Atlassian Early Careers:22727,Atlassian Early Careers,"Senior Partner Manager, Benelux","Amsterdam, Netherlands",Sales,https://join.atlassian.com/jobs/22727?lang=en-us,2025-11-01T01:00:00+0000,2026-07-12T03:47:09+00:00,2026-07-11 20:47 Sat,,false,,,,false,jibe:Atlassian Early Careers:22727
Atlassian Early Careers:25304,Atlassian Early Careers,Senior Partner Solutions Architect,"Bengaluru, India",Sales,https://join.atlassian.com/jobs/25304?lang=en-us,2026-06-15T00:00:00+0000,2026-07-30T22:59:43+00:00,2026-07-30 15:59 Thu,,false,,,,false,jibe:Atlassian Early Careers:25304
Atlassian Early Careers:23166,Atlassian Early Careers,"Senior Payroll Analyst, India",,Finance & Accounting,https://join.atlassian.com/jobs/23166?lang=en-us,2025-10-22T05:00:00+0000,2026-07-12T03:47:09+00:00,2026-07-11 20:47 Sat,,false,,,,false,jibe:Atlassian Early Careers:23166
Atlassian Early Careers:23127,Atlassian Early Careers,"Senior Principal - Customer Success, Strategic Accounts","San Francisco, California",Sales,https://join.atlassian.com/jobs/23127?lang=en-us,2025-11-01T00:00:00+0000,2026-07-12T03:47:09+00:00,2026-07-11 20:47 Sat,,false,,,,false,jibe:Atlassian Early Careers:23127
Atlassian Early Careers:23128,Atlassian Early Careers,"Senior Principal - Customer Success, Strategic Accounts","London, United Kingdom",Sales,https://join.atlassian.com/jobs/23128?lang=en-us,2025-11-01T00:00:00+0000,2026-07-12T03:47:09+00:00,2026-07-11 20:47 Sat,,false,,,,false,jibe:Atlassian Early Careers:23128
Atlassian Early Careers:23130,Atlassian Early Careers,"Senior Principal - Customer Success, Strategic Accounts","Seattle, Washington",Sales,https://join.atlassian.com/jobs/23130?lang=en-us,2025-11-01T00:00:00+0000,2026-07-12T03:47:09+00:00,2026-07-11 20:47 Sat,,false,,,,false,jibe:Atlassian Early Careers:23130
Atlassian Early Careers:23131,Atlassian Early Careers,"Senior Principal - Customer Success, Strategic Accounts","Munich, Germany",Sales,https://join.atlassian.com/jobs/23131?lang=en-us,2025-11-01T00:00:00+0000,2026-07-12T03:47:09+00:00,2026-07-11 20:47 Sat,,false,,,,false,jibe:Atlassian Early Careers:23131
Atlassian Early Careers:25716,Atlassian Early Careers,Senior Principal Engineer,"San Francisco, California",Engineering,https://join.atlassian.com/jobs/25716?lang=en-us,2026-07-01T00:00:00+0000,2026-07-30T22:59:43+00:00,2026-07-30 15:59 Thu,,false,,,,false,jibe:Atlassian Early Careers:25716
Atlassian Early Careers:25718,Atlassian Early Careers,"Senior Principal Engineer, Search Platform","Bengaluru, India",Engineering,https://join.atlassian.com/jobs/25718?lang=en-us,2026-07-22T00:00:00+0000,2026-07-30T22:59:43+00:00,2026-07-30 15:59 Thu,,false,,,,false,jibe:Atlassian Early Careers:25718
Atlassian Early Careers:25798,Atlassian Early Careers,Senior Principal Forward Deployed Engineer,,Engineering,https://join.atlassian.com/jobs/25798?lang=en-us,2026-08-03T06:22:00+0000,2026-08-03T06:41:44+00:00,2026-08-02 23:41 Sun,,false,,,,false,jibe:Atlassian Early Careers:25798
Atlassian Early Careers:25800,Atlassian Early Careers,Senior Principal Forward Deployed Engineer,"Seattle, Washington",Engineering,https://join.atlassian.com/jobs/25800?lang=en-us,2026-08-04T16:15:00+0000,2026-08-05T03:23:34+00:00,2026-08-04 20:23 Tue,,false,,,,false,jibe:Atlassian Early Careers:25800
Atlassian Early Careers:23321,Atlassian Early Careers,Senior Principal Product Manager,"San Francisco, California",Product Management,https://join.atlassian.com/jobs/23321?lang=en-us,2025-10-30T00:00:00+0000,2026-07-12T03:47:09+00:00,2026-07-11 20:47 Sat,,false,,,,false,jibe:Atlassian Early Careers:23321
Atlassian Early Careers:25679,Atlassian Early Careers,"Senior Principal Product Manager, Atlassian Government Cloud","Washington DC, Washington, DC",Product Management,https://join.atlassian.com/jobs/25679?lang=en-us,2026-07-15T00:00:00+0000,2026-07-30T22:59:43+00:00,2026-07-30 15:59 Thu,,false,,,,false,jibe:Atlassian Early Careers:25679
Atlassian Early Careers:19572,Atlassian Early Careers,Senior Principal Program Manager (Technical),"Seattle, Washington",Program Management,https://join.atlassian.com/jobs/19572?lang=en-us,2025-11-02T12:00:00+0000,2026-07-12T03:47:09+00:00,2026-07-11 20:47 Sat,,false,,,,false,jibe:Atlassian Early Careers:19572
Atlassian Early Careers:23254,Atlassian Early Careers,"Senior Product Designer, Developer AI","Sydney, Australia",Design,https://join.atlassian.com/jobs/23254?lang=en-us,2025-11-01T00:00:00+0000,2026-07-12T03:47:09+00:00,2026-07-11 20:47 Sat,,false,,,,false,jibe:Atlassian Early Careers:23254
Atlassian Early Careers:23261,Atlassian Early Careers,Senior Product Manager,"Sydney, Australia",Product Management,https://join.atlassian.com/jobs/23261?lang=en-us,2025-11-03T00:00:00+0000,2026-07-12T03:47:09+00:00,2026-07-11 20:47 Sat,,false,,,,false,jibe:Atlassian Early Careers:23261
Atlassian Early Careers:25678,Atlassian Early Careers,Senior Product Manager - Atlassian Government Cloud,"Washington DC, Washington, DC",Product Management,https://join.atlassian.com/jobs/25678?lang=en-us,2026-07-15T00:00:00+0000,2026-07-30T22:59:43+00:00,2026-07-30 15:59 Thu,,false,,,,false,jibe:Atlassian Early Careers:25678
Atlassian Early Careers:20409,Atlassian Early Careers,"Senior Product Marketing Manager, Teamwork Collection","New York, New York",Marketing,https://join.atlassian.com/jobs/20409?lang=en-us,2025-10-24T00:33:00+0000,2026-07-12T03:47:09+00:00,2026-07-11 20:47 Sat,,false,,,,false,jibe:Atlassian Early Careers:20409
Atlassian Early Careers:22239,Atlassian Early Careers,"Senior Product Marketing Manager, Teamwork Collection (Sales Activation + Enablement)",,Marketing,https://join.atlassian.com/jobs/22239?lang=en-us,2025-10-24T00:37:00+0000,2026-07-12T03:47:09+00:00,2026-07-11 20:47 Sat,,false,,,,false,jibe:Atlassian Early Careers:22239
Atlassian Early Careers:23275,Atlassian Early Careers,Senior Program Manager Sales and Success Transformation,"San Francisco, California",Program Management,https://join.atlassian.com/jobs/23275?lang=en-us,2025-11-01T00:00:00+0000,2026-07-12T03:47:09+00:00,2026-07-11 20:47 Sat,,false,,,,false,jibe:Atlassian Early Careers:23275
Atlassian Early Careers:22736,Atlassian Early Careers,"Senior Program Manager, TA Strategic Programs","Seattle, Washington",Program Management,https://join.atlassian.com/jobs/22736?lang=en-us,2025-10-29T04:41:00+0000,2026-07-12T03:47:09+00:00,2026-07-11 20:47 Sat,,false,,,,false,jibe:Atlassian Early Careers:22736
Atlassian Early Careers:23274,Atlassian Early Careers,"Senior Program Manager, TA Workforce Planning",,People,https://join.atlassian.com/jobs/23274?lang=en-us,2025-10-31T11:00:00+0000,2026-07-12T03:47:09+00:00,2026-07-11 20:47 Sat,,false,,,,false,jibe:Atlassian Early Careers:23274
Atlassian Early Careers:19743,Atlassian Early Careers,"Senior Revenue Enablement Readiness Manager, Strategic Sales","San Francisco, California",Sales,https://join.atlassian.com/jobs/19743?lang=en-us,2025-10-27T21:18:00+0000,2026-07-12T03:47:09+00:00,2026-07-11 20:47 Sat,,false,,,,false,jibe:Atlassian Early Careers:19743
Atlassian Early Careers:25543,Atlassian Early Careers,Senior Sales Development Representative | DX,"Salt Lake City, Utah",Sales,https://join.atlassian.com/jobs/25543?lang=en-us,2026-07-15T17:58:00+0000,2026-07-30T22:59:43+00:00,2026-07-30 15:59 Thu,,false,,,,false,jibe:Atlassian Early Careers:25543
Atlassian Early Careers:26038,Atlassian Early Careers,Senior Sales Operations Analyst,,Analytics & Data Science,https://join.atlassian.com/jobs/26038?lang=en-us,2026-08-01T00:00:00+0000,2026-08-01T00:17:19+00:00,2026-07-31 17:17 Fri,,false,,,,false,jibe:Atlassian Early Careers:26038
Atlassian Early Careers:22319,Atlassian Early Careers,Senior Site Reliability Engineer,,Engineering,https://join.atlassian.com/jobs/22319?lang=en-us,2025-11-04T05:41:00+0000,2026-07-12T03:47:09+00:00,2026-07-11 20:47 Sat,,false,,,,false,jibe:Atlassian Early Careers:22319
Atlassian Early Careers:26276,Atlassian Early Careers,"Senior Software Engineer, Connector Infra","San Francisco, California",Engineering,https://join.atlassian.com/jobs/26276?lang=en-us,2026-08-04T17:45:00+0000,2026-08-05T03:23:34+00:00,2026-08-04 20:23 Tue,,false,,,,false,jibe:Atlassian Early Careers:26276
Atlassian Early Careers:25389,Atlassian Early Careers,Senior Solution Architect,"Austin, Texas",Sales,https://join.atlassian.com/jobs/25389?lang=en-us,2026-07-21T20:31:00+0000,2026-07-30T22:59:43+00:00,2026-07-30 15:59 Thu,,false,,,,false,jibe:Atlassian Early Careers:25389
Atlassian Early Careers:25393,Atlassian Early Careers,Senior Solution Architect,,Sales,https://join.atlassian.com/jobs/25393?lang=en-us,2026-07-16T15:19:00+0000,2026-07-30T22:59:43+00:00,2026-07-30 15:59 Thu,,false,,,,false,jibe:Atlassian Early Careers:25393
Atlassian Early Careers:23214,Atlassian Early Careers,Senior Solution Consultant,"Paris, France",Sales,https://join.atlassian.com/jobs/23214?lang=en-us,2025-11-01T00:00:00+0000,2026-07-12T03:47:09+00:00,2026-07-11 20:47 Sat,,false,,,,false,jibe:Atlassian Early Careers:23214
Atlassian Early Careers:25307,Atlassian Early Careers,"Senior Solution Consultant, Teamwork Foundations + AI",,Sales,https://join.atlassian.com/jobs/25307?lang=en-us,2026-06-25T19:15:00+0000,2026-07-30T22:59:43+00:00,2026-07-30 15:59 Thu,,false,,,,false,jibe:Atlassian Early Careers:25307
Atlassian Early Careers:25148,Atlassian Early Careers,Senior Solution Engineer (German Speaking),,Sales,https://join.atlassian.com/jobs/25148?lang=en-us,2026-05-26T16:07:00+0000,2026-07-30T22:59:43+00:00,2026-07-30 15:59 Thu,,false,,,,false,jibe:Atlassian Early Careers:25148
Atlassian Early Careers:25383,Atlassian Early Careers,Senior Solution Sales Executive - Service Collection (SG),"Central Singapore, Singapore",Sales,https://join.atlassian.com/jobs/25383?lang=en-us,2026-06-25T00:00:00+0000,2026-07-30T22:59:43+00:00,2026-07-30 15:59 Thu,,false,,,,false,jibe:Atlassian Early Careers:25383
Atlassian Early Careers:25288,Atlassian Early Careers,"Senior Solution Sales Executive - Service Management, Enterprise (Mandarin Speaking)","Central Singapore, Singapore",Sales,https://join.atlassian.com/jobs/25288?lang=en-us,2026-06-05T00:00:00+0000,2026-07-30T22:59:43+00:00,2026-07-30 15:59 Thu,,false,,,,false,jibe:Atlassian Early Careers:25288
Atlassian Early Careers:22374,Atlassian Early Careers,"Senior Solution Sales Executive, Service Collections, Northern EMEA (Dutch or Swedish speaking)","London, United Kingdom",Sales,https://join.atlassian.com/jobs/22374?lang=en-us,2025-11-03T07:47:00+0000,2026-07-12T03:47:09+00:00,2026-07-11 20:47 Sat,,false,,,,false,jibe:Atlassian Early Careers:22374
Atlassian Early Careers:25314,Atlassian Early Careers,Senior Solutions Engineer,"Sydney, Australia",Sales,https://join.atlassian.com/jobs/25314?lang=en-us,2026-07-23T18:31:00+0000,2026-07-30T22:59:43+00:00,2026-07-30 15:59 Thu,,false,,,,false,jibe:Atlassian Early Careers:25314
Atlassian Early Careers:25994,Atlassian Early Careers,Senior Solutions Engineer (Pre-Sales Engineer),"London, United Kingdom",Sales,https://join.atlassian.com/jobs/25994?lang=en-us,2026-04-15T00:00:00+0000,2026-07-30T22:59:43+00:00,2026-07-30 15:59 Thu,,false,,,,false,jibe:Atlassian Early Careers:25994
Atlassian Early Careers:25402,Atlassian Early Careers,Senior Solutions Engineer - South Korea,"Korea, South",Sales,https://join.atlassian.com/jobs/25402?lang=en-us,2026-06-25T10:28:00+0000,2026-07-30T22:59:43+00:00,2026-07-30 15:59 Thu,,false,,,,false,jibe:Atlassian Early Careers:25402
Atlassian Early Careers:25252,Atlassian Early Careers,"Senior Solutions Engineer, Enterprise - Central & West","San Francisco, California",Sales,https://join.atlassian.com/jobs/25252?lang=en-us,2026-05-26T23:50:00+0000,2026-07-30T22:59:43+00:00,2026-07-30 15:59 Thu,,false,,,,false,jibe:Atlassian Early Careers:25252
Atlassian Early Careers:25777,Atlassian Early Careers,"Senior Solutions Engineer, Enterprise - East",,Sales,https://join.atlassian.com/jobs/25777?lang=en-us,2026-07-22T22:15:00+0000,2026-07-30T22:59:43+00:00,2026-07-30 15:59 Thu,,false,,,,false,jibe:Atlassian Early Careers:25777
Atlassian Early Careers:25080,Atlassian Early Careers,"Senior Solutions Engineer, Enterprise, Nordics & BeNeLux",Netherlands,Sales,https://join.atlassian.com/jobs/25080?lang=en-us,2026-06-22T08:28:00+0000,2026-07-30T22:59:43+00:00,2026-07-30 15:59 Thu,,false,,,,false,jibe:Atlassian Early Careers:25080
Atlassian Early Careers:25162,Atlassian Early Careers,"Senior Solutions Engineer, Enterprise, UKI","London, United Kingdom",Sales,https://join.atlassian.com/jobs/25162?lang=en-us,2026-08-05T07:43:00+0000,2026-08-05T08:38:11+00:00,2026-08-05 01:38 Wed,,false,,,,false,jibe:Atlassian Early Careers:25162
Atlassian Early Careers:23075,Atlassian Early Careers,"Senior Solutions Engineer, Mid-Market",,Sales,https://join.atlassian.com/jobs/23075?lang=en-us,2025-10-24T16:58:00+0000,2026-07-12T03:47:09+00:00,2026-07-11 20:47 Sat,,false,,,,false,jibe:Atlassian Early Careers:23075
Atlassian Early Careers:25837,Atlassian Early Careers,"Senior Solutions Engineer, Strategic","Washington DC, Washington, DC",Sales,https://join.atlassian.com/jobs/25837?lang=en-us,2026-07-23T20:45:00+0000,2026-07-30T22:59:43+00:00,2026-07-30 15:59 Thu,,false,,,,false,jibe:Atlassian Early Careers:25837
Atlassian Early Careers:25590,Atlassian Early Careers,"Senior Solutions Sales Executive, Teamwork Collection",,Sales,https://join.atlassian.com/jobs/25590?lang=en-us,2026-07-28T18:30:00+0000,2026-07-30T22:59:43+00:00,2026-07-30 15:59 Thu,,false,,,,false,jibe:Atlassian Early Careers:25590
Atlassian Early Careers:23243,Atlassian Early Careers,"Senior Sourcer, Sales","Austin, Texas",People,https://join.atlassian.com/jobs/23243?lang=en-us,2025-11-03T00:00:00+0000,2026-07-12T03:47:09+00:00,2026-07-11 20:47 Sat,,false,,,,false,jibe:Atlassian Early Careers:23243
Atlassian Early Careers:22901,Atlassian Early Careers,Senior Support Engineer,"Austin, Texas",Support,https://join.atlassian.com/jobs/22901?lang=en-us,2025-11-01T00:00:00+0000,2026-07-12T03:47:09+00:00,2026-07-11 20:47 Sat,,false,,,,false,jibe:Atlassian Early Careers:22901
Atlassian Early Careers:23061,Atlassian Early Careers,Senior Support Engineer,"Bengaluru, India",Support,https://join.atlassian.com/jobs/23061?lang=en-us,2025-11-01T00:00:00+0000,2026-07-12T03:47:09+00:00,2026-07-11 20:47 Sat,,false,,,,false,jibe:Atlassian Early Careers:23061
Atlassian Early Careers:21689,Atlassian Early Careers,"Senior Support Engineer, Cloud Migrations","Bengaluru, India",Support,https://join.atlassian.com/jobs/21689?lang=en-us,2025-11-03T09:20:00+0000,2026-07-12T03:47:09+00:00,2026-07-11 20:47 Sat,,false,,,,false,jibe:Atlassian Early Careers:21689
Atlassian Early Careers:25365,Atlassian Early Careers,Senior Systems Engineer — AI Code Metrics Daemon,"Salt Lake City, Utah",Engineering,https://join.atlassian.com/jobs/25365?lang=en-us,2026-06-01T00:00:00+0000,2026-07-30T22:59:43+00:00,2026-07-30 15:59 Thu,,false,,,,false,jibe:Atlassian Early Careers:25365
Atlassian Early Careers:25513,Atlassian Early Careers,Senior Tax Accountant - Provision and Compliance,"Austin, Texas",Finance & Accounting,https://join.atlassian.com/jobs/25513?lang=en-us,2026-07-06T15:17:00+0000,2026-07-30T22:59:43+00:00,2026-07-30 15:59 Thu,,false,,,,false,jibe:Atlassian Early Careers:25513
Atlassian Early Careers:22833,Atlassian Early Careers,Senior Trust Analyst,"Bengaluru, India",Engineering,https://join.atlassian.com/jobs/22833?lang=en-us,2025-11-01T00:00:00+0000,2026-07-12T03:47:09+00:00,2026-07-11 20:47 Sat,,false,,,,false,jibe:Atlassian Early Careers:22833
Atlassian Early Careers:23194,Atlassian Early Careers,SMB Account Executive EMEA,"London, United Kingdom",Sales,https://join.atlassian.com/jobs/23194?lang=en-us,2025-10-24T15:41:00+0000,2026-07-12T03:47:09+00:00,2026-07-11 20:47 Sat,,false,,,,false,jibe:Atlassian Early Careers:23194
Atlassian Early Careers:25695,Atlassian Early Careers,"SMB Solutions Sales Executive, JSM","Sydney, Australia",Sales,https://join.atlassian.com/jobs/25695?lang=en-us,2026-07-17T01:16:00+0000,2026-07-30T22:59:43+00:00,2026-07-30 15:59 Thu,,false,,,,false,jibe:Atlassian Early Careers:25695
Atlassian Early Careers:26063,Atlassian Early Careers,Snr Strategic Customer Success Manager,"Munich, Germany",Sales,https://join.atlassian.com/jobs/26063?lang=en-us,2026-08-01T00:00:00+0000,2026-08-01T00:17:19+00:00,2026-07-31 17:17 Fri,,false,,,,false,jibe:Atlassian Early Careers:26063
Atlassian Early Careers:20452,Atlassian Early Careers,Software Development Engineer 2,,Engineering,https://join.atlassian.com/jobs/20452?lang=en-us,2025-10-29T06:51:00+0000,2026-07-12T03:47:09+00:00,2026-07-11 20:47 Sat,,false,,,,false,jibe:Atlassian Early Careers:20452
Atlassian Early Careers:22448,Atlassian Early Careers,Solution Consultant - ITSM,"Sydney, Australia",Sales,https://join.atlassian.com/jobs/22448?lang=en-us,2025-11-03T06:42:00+0000,2026-07-12T03:47:09+00:00,2026-07-11 20:47 Sat,,false,,,,false,jibe:Atlassian Early Careers:22448
Atlassian Early Careers:23196,Atlassian Early Careers,Solution Consultant for Enterprise Success & Planning,"London, United Kingdom",Sales,https://join.atlassian.com/jobs/23196?lang=en-us,2025-11-01T00:00:00+0000,2026-07-12T03:47:09+00:00,2026-07-11 20:47 Sat,,false,,,,false,jibe:Atlassian Early Careers:23196
Atlassian Early Careers:25237,Atlassian Early Careers,"Solution Consultant, DACH (Cloud Platform)",,Sales,https://join.atlassian.com/jobs/25237?lang=en-us,2026-06-01T00:00:00+0000,2026-07-30T22:59:43+00:00,2026-07-30 15:59 Thu,,false,,,,false,jibe:Atlassian Early Careers:25237
Atlassian Early Careers:25181,Atlassian Early Careers,Solution Engineer,"Bengaluru, India",Sales,https://join.atlassian.com/jobs/25181?lang=en-us,2026-06-26T03:59:00+0000,2026-07-30T22:59:43+00:00,2026-07-30 15:59 Thu,,false,,,,false,jibe:Atlassian Early Careers:25181
Atlassian Early Careers:20198,Atlassian Early Careers,Solution Sales Executive (ITSM - Nordics),"London, United Kingdom",Sales,https://join.atlassian.com/jobs/20198?lang=en-us,2025-11-03T13:57:00+0000,2026-07-12T03:47:09+00:00,2026-07-11 20:47 Sat,,false,,,,false,jibe:Atlassian Early Careers:20198
Atlassian Early Careers:26283,Atlassian Early Careers,Solution Sales Executive (JA),,Sales,https://join.atlassian.com/jobs/26283?lang=en-us,2026-08-01T00:00:00+0000,2026-08-05T03:23:34+00:00,2026-08-04 20:23 Tue,,false,,,,false,jibe:Atlassian Early Careers:26283
Atlassian Early Careers:25689,Atlassian Early Careers,Solution Sales Executive - Service Collection (India),,Sales,https://join.atlassian.com/jobs/25689?lang=en-us,2026-08-03T16:30:00+0000,2026-08-03T16:41:48+00:00,2026-08-03 09:41 Mon,,false,,,,false,jibe:Atlassian Early Careers:25689
Atlassian Early Careers:23120,Atlassian Early Careers,"Solution Sales Executive, Developer Experience","New York, New York",Sales,https://join.atlassian.com/jobs/23120?lang=en-us,2025-10-31T18:05:00+0000,2026-07-12T03:47:09+00:00,2026-07-11 20:47 Sat,,false,,,,false,jibe:Atlassian Early Careers:23120
Atlassian Early Careers:25840,Atlassian Early Careers,"Solution Sales Executive, Developer Experience","Mountain View, California",Sales,https://join.atlassian.com/jobs/25840?lang=en-us,2026-08-01T00:00:00+0000,2026-08-01T00:17:19+00:00,2026-07-31 17:17 Fri,,false,,,,false,jibe:Atlassian Early Careers:25840
Atlassian Early Careers:25356,Atlassian Early Careers,"Solution Sales Executive, Enterprise Work Management & AI","London, United Kingdom",Sales,https://join.atlassian.com/jobs/25356?lang=en-us,2026-06-15T00:00:00+0000,2026-07-30T22:59:43+00:00,2026-07-30 15:59 Thu,,false,,,,false,jibe:Atlassian Early Careers:25356
Atlassian Early Careers:25258,Atlassian Early Careers,"Solution Sales Executive, ITSM / ESM - Benelux & Nordics","Amsterdam, Netherlands",Sales,https://join.atlassian.com/jobs/25258?lang=en-us,2026-06-01T00:00:00+0000,2026-07-30T22:59:43+00:00,2026-07-30 15:59 Thu,,false,,,,false,jibe:Atlassian Early Careers:25258
Atlassian Early Careers:25317,Atlassian Early Careers,"Solution Sales Executive, ITSM / ESM — DACH (German Speaking)",,Sales,https://join.atlassian.com/jobs/25317?lang=en-us,2026-07-15T00:00:00+0000,2026-07-30T22:59:43+00:00,2026-07-30 15:59 Thu,,false,,,,false,jibe:Atlassian Early Careers:25317
Atlassian Early Careers:25711,Atlassian Early Careers,"Solution Sales Executive, JSM","Mountain View, California",Sales,https://join.atlassian.com/jobs/25711?lang=en-us,2026-07-17T19:05:00+0000,2026-07-30T22:59:43+00:00,2026-07-30 15:59 Thu,,false,,,,false,jibe:Atlassian Early Careers:25711
Atlassian Early Careers:25709,Atlassian Early Careers,"Solution Sales Executive, JSM",,Sales,https://join.atlassian.com/jobs/25709?lang=en-us,2026-08-03T14:32:00+0000,2026-08-03T14:41:22+00:00,2026-08-03 07:41 Mon,,false,,,,false,jibe:Atlassian Early Careers:25709
Atlassian Early Careers:25372,Atlassian Early Careers,"Solution Sales Executive, JSM, Strategic Accounts",,Sales,https://join.atlassian.com/jobs/25372?lang=en-us,2026-07-29T00:11:00+0000,2026-07-30T22:59:43+00:00,2026-07-30 15:59 Thu,,false,,,,false,jibe:Atlassian Early Careers:25372
Atlassian Early Careers:25707,Atlassian Early Careers,"Solution Sales Executive, JSM- Canada",,Sales,https://join.atlassian.com/jobs/25707?lang=en-us,2026-07-23T23:45:00+0000,2026-07-30T22:59:43+00:00,2026-07-30 15:59 Thu,,false,,,,false,jibe:Atlassian Early Careers:25707
Atlassian Early Careers:24856,Atlassian Early Careers,Solutions Architect Manager | DX,"Salt Lake City, Utah",Sales,https://join.atlassian.com/jobs/24856?lang=en-us,2026-06-03T15:38:00+0000,2026-07-30T22:59:43+00:00,2026-07-30 15:59 Thu,,false,,,,false,jibe:Atlassian Early Careers:24856
Atlassian Early Careers:25717,Atlassian Early Careers,Solutions Engineer,,Sales,https://join.atlassian.com/jobs/25717?lang=en-us,2025-11-01T00:00:00+0000,2026-07-30T22:59:43+00:00,2026-07-30 15:59 Thu,,false,,,,false,jibe:Atlassian Early Careers:25717
Atlassian Early Careers:23078,Atlassian Early Careers,Solutions Engineer - Mid Market,Canada,Sales,https://join.atlassian.com/jobs/23078?lang=en-us,2025-11-01T00:00:00+0000,2026-07-12T03:47:09+00:00,2026-07-11 20:47 Sat,,false,,,,false,jibe:Atlassian Early Careers:23078
Atlassian Early Careers:22295,Atlassian Early Careers,Solutions Engineer ITSM/ESM,,Sales,https://join.atlassian.com/jobs/22295?lang=en-us,2025-11-03T00:00:00+0000,2026-07-12T03:47:09+00:00,2026-07-11 20:47 Sat,,false,,,,false,jibe:Atlassian Early Careers:22295
Atlassian Early Careers:25244,Atlassian Early Careers,"Solutions Engineer, Mid Market",,Sales,https://join.atlassian.com/jobs/25244?lang=en-us,2026-05-28T21:13:00+0000,2026-07-30T22:59:43+00:00,2026-07-30 15:59 Thu,,false,,,,false,jibe:Atlassian Early Careers:25244
Atlassian Early Careers:25180,Atlassian Early Careers,"Solutions Engineer, Mid Market (LATAM) - Potuguese Speaking",,Sales,https://join.atlassian.com/jobs/25180?lang=en-us,2026-07-21T13:52:00+0000,2026-07-30T22:59:43+00:00,2026-07-30 15:59 Thu,,false,,,,false,jibe:Atlassian Early Careers:25180
Atlassian Early Careers:22694,Atlassian Early Careers,"Solutions Engineer, Mid-Market (DACH)",,Sales,https://join.atlassian.com/jobs/22694?lang=en-us,2025-10-30T13:07:00+0000,2026-07-12T03:47:09+00:00,2026-07-11 20:47 Sat,,false,,,,false,jibe:Atlassian Early Careers:22694
Atlassian Early Careers:25763,Atlassian Early Careers,"Solutions Engineer, Mid-Market DACH (German speaker)",,Sales,https://join.atlassian.com/jobs/25763?lang=en-us,2026-08-04T12:45:00+0000,2026-08-04T14:37:18+00:00,2026-08-04 07:37 Tue,,false,,,,false,jibe:Atlassian Early Careers:25763
Atlassian Early Careers:21177,Atlassian Early Careers,"Solutions Engineer, SMB",,Sales,https://join.atlassian.com/jobs/21177?lang=en-us,2025-10-24T00:00:00+0000,2026-07-12T03:47:09+00:00,2026-07-11 20:47 Sat,,false,,,,false,jibe:Atlassian Early Careers:21177
Atlassian Early Careers:17461,Atlassian Early Careers,"Solutions Sales Executive, ITSM (Japanese Speaking)","Yokohama, Japan",Sales,https://join.atlassian.com/jobs/17461?lang=en-us,2026-04-28T05:39:00+0000,2026-07-30T22:59:43+00:00,2026-07-30 15:59 Thu,,false,,,,false,jibe:Atlassian Early Careers:17461
Atlassian Early Careers:22858,Atlassian Early Careers,"Solutions Sales Executive, Strategy Collection","New York, New York",Sales,https://join.atlassian.com/jobs/22858?lang=en-us,2025-10-22T20:13:00+0000,2026-07-12T03:47:09+00:00,2026-07-11 20:47 Sat,,false,,,,false,jibe:Atlassian Early Careers:22858
Atlassian Early Careers:14416,Atlassian Early Careers,"Sr. Account Executive, Enterprise - AMER","Austin, Texas",Sales,https://join.atlassian.com/jobs/14416?lang=en-us,2025-10-29T16:30:00+0000,2026-07-12T03:47:09+00:00,2026-07-11 20:47 Sat,,false,,,,false,jibe:Atlassian Early Careers:14416
Atlassian Early Careers:26241,Atlassian Early Careers,Sr. Principal Customer Success Manager,"Paris, France",Sales,https://join.atlassian.com/jobs/26241?lang=en-us,2026-08-01T00:00:00+0000,2026-08-01T00:17:19+00:00,2026-07-31 17:17 Fri,,false,,,,false,jibe:Atlassian Early Careers:26241
Atlassian Early Careers:25311,Atlassian Early Careers,"Sr. Solutions Engineer, Mid Market (West)",,Sales,https://join.atlassian.com/jobs/25311?lang=en-us,2026-06-25T15:35:00+0000,2026-07-30T22:59:43+00:00,2026-07-30 15:59 Thu,,false,,,,false,jibe:Atlassian Early Careers:25311
Atlassian Early Careers:25607,Atlassian Early Careers,Strategic Account Executive (Mandarin Speaking),"Central Singapore, Singapore",Sales,https://join.atlassian.com/jobs/25607?lang=en-us,2026-07-14T23:09:00+0000,2026-07-30T22:59:43+00:00,2026-07-30 15:59 Thu,,false,,,,false,jibe:Atlassian Early Careers:25607
Atlassian Early Careers:25594,Atlassian Early Careers,Strategic Account Executive - Central,,Sales,https://join.atlassian.com/jobs/25594?lang=en-us,2026-07-16T23:02:00+0000,2026-07-30T22:59:43+00:00,2026-07-30 15:59 Thu,,false,,,,false,jibe:Atlassian Early Careers:25594
Atlassian Early Careers:25582,Atlassian Early Careers,"Strategic Account Executive - Cincinnati, OH",,Sales,https://join.atlassian.com/jobs/25582?lang=en-us,2026-07-16T22:53:00+0000,2026-07-30T22:59:43+00:00,2026-07-30 15:59 Thu,,false,,,,false,jibe:Atlassian Early Careers:25582
Atlassian Early Careers:25581,Atlassian Early Careers,"Strategic Account Executive - Cleveland, OH",,Sales,https://join.atlassian.com/jobs/25581?lang=en-us,2026-07-01T00:00:00+0000,2026-07-30T22:59:43+00:00,2026-07-30 15:59 Thu,,false,,,,false,jibe:Atlassian Early Careers:25581
Atlassian Early Careers:25090,Atlassian Early Careers,Strategic Account Executive - East,"New York, New York",Sales,https://join.atlassian.com/jobs/25090?lang=en-us,2026-07-21T02:15:00+0000,2026-07-30T22:59:43+00:00,2026-07-30 15:59 Thu,,false,,,,false,jibe:Atlassian Early Careers:25090
Atlassian Early Careers:25580,Atlassian Early Careers,"Strategic Account Executive - Indianapolis, IN",,Sales,https://join.atlassian.com/jobs/25580?lang=en-us,2026-07-01T00:00:00+0000,2026-07-30T22:59:43+00:00,2026-07-30 15:59 Thu,,false,,,,false,jibe:Atlassian Early Careers:25580
Atlassian Early Careers:22862,Atlassian Early Careers,Strategic Account Executive - West,,Sales,https://join.atlassian.com/jobs/22862?lang=en-us,2025-11-01T00:00:00+0000,2026-07-12T03:47:09+00:00,2026-07-11 20:47 Sat,,false,,,,false,jibe:Atlassian Early Careers:22862
Atlassian Early Careers:22863,Atlassian Early Careers,Strategic Account Executive - West,,Sales,https://join.atlassian.com/jobs/22863?lang=en-us,2025-11-01T00:00:00+0000,2026-07-12T03:47:09+00:00,2026-07-11 20:47 Sat,,false,,,,false,jibe:Atlassian Early Careers:22863
Atlassian Early Careers:25758,Atlassian Early Careers,Strategic Account Executive - West,"San Francisco, California",Sales,https://join.atlassian.com/jobs/25758?lang=en-us,2026-07-16T22:52:00+0000,2026-07-30T22:59:43+00:00,2026-07-30 15:59 Thu,,false,,,,false,jibe:Atlassian Early Careers:25758
Atlassian Early Careers:25221,Atlassian Early Careers,"Strategic Account Executive, Benelux and Nordics","Amsterdam, Netherlands",Sales,https://join.atlassian.com/jobs/25221?lang=en-us,2026-07-22T00:00:00+0000,2026-07-30T22:59:43+00:00,2026-07-30 15:59 Thu,,false,,,,false,jibe:Atlassian Early Careers:25221
Atlassian Early Careers:25265,Atlassian Early Careers,"Strategic Account Executive, DACH (German speaking)","Munich, Germany",Sales,https://join.atlassian.com/jobs/25265?lang=en-us,2026-07-01T09:47:00+0000,2026-07-30T22:59:43+00:00,2026-07-30 15:59 Thu,,false,,,,false,jibe:Atlassian Early Careers:25265
Atlassian Early Careers:25224,Atlassian Early Careers,"Strategic Account Executive, Nordics","Amsterdam, Netherlands",Sales,https://join.atlassian.com/jobs/25224?lang=en-us,2026-06-10T10:24:00+0000,2026-07-30T22:59:43+00:00,2026-07-30 15:59 Thu,,false,,,,false,jibe:Atlassian Early Careers:25224
Atlassian Early Careers:25170,Atlassian Early Careers,Strategic Solutions Sales Executive - Southern Europe,"Paris, France",Sales,https://join.atlassian.com/jobs/25170?lang=en-us,2026-05-26T00:00:00+0000,2026-07-30T22:59:43+00:00,2026-07-30 15:59 Thu,,false,,,,false,jibe:Atlassian Early Careers:25170
Atlassian Early Careers:25169,Atlassian Early Careers,Strategic Solutions Sales Executive [DACH],"Munich, Germany",Sales,https://join.atlassian.com/jobs/25169?lang=en-us,2026-05-14T00:00:00+0000,2026-07-30T22:59:43+00:00,2026-07-30 15:59 Thu,,false,,,,false,jibe:Atlassian Early Careers:25169
Atlassian Early Careers:23088,Atlassian Early Careers,Talent Brand Marketing Manager,"San Francisco, California",Marketing,https://join.atlassian.com/jobs/23088?lang=en-us,2025-10-23T14:41:00+0000,2026-07-12T03:47:09+00:00,2026-07-11 20:47 Sat,,false,,,,false,jibe:Atlassian Early Careers:23088
Atlassian Early Careers:25255,Atlassian Early Careers,Tax Manager,"Austin, Texas",Finance & Accounting,https://join.atlassian.com/jobs/25255?lang=en-us,2026-06-01T00:00:00+0000,2026-07-30T22:59:43+00:00,2026-07-30 15:59 Thu,,false,,,,false,jibe:Atlassian Early Careers:25255
Atlassian Early Careers:25342,Atlassian Early Careers,"Team Lead, SEO and AEO","Austin, Texas",Marketing,https://join.atlassian.com/jobs/25342?lang=en-us,2026-06-15T00:00:00+0000,2026-07-30T22:59:43+00:00,2026-07-30 15:59 Thu,,false,,,,false,jibe:Atlassian Early Careers:25342
Atlassian Early Careers:25354,Atlassian Early Careers,Technical Revenue Accounting Manager- Enterprise Sales EMEA,"New York, New York",Finance & Accounting,https://join.atlassian.com/jobs/25354?lang=en-us,2026-06-15T00:00:00+0000,2026-07-30T22:59:43+00:00,2026-07-30 15:59 Thu,,false,,,,false,jibe:Atlassian Early Careers:25354
Atlassian Early Careers:25355,Atlassian Early Careers,Technical Revenue Accounting Sr. Manager,"San Francisco, California",Finance & Accounting,https://join.atlassian.com/jobs/25355?lang=en-us,2026-06-15T00:00:00+0000,2026-07-30T22:59:43+00:00,2026-07-30 15:59 Thu,,false,,,,false,jibe:Atlassian Early Careers:25355
Atlassian Early Careers:22452,Atlassian Early Careers,Technical Support Engineer 1,"Bengaluru, India",Support,https://join.atlassian.com/jobs/22452?lang=en-us,2025-10-28T18:25:00+0000,2026-07-12T03:47:09+00:00,2026-07-11 20:47 Sat,,false,,,,false,jibe:Atlassian Early Careers:22452
Atlassian Early Careers:23006,Atlassian Early Careers,Technical Support Engineer 1,"Bengaluru, India",Support,https://join.atlassian.com/jobs/23006?lang=en-us,2025-11-01T00:00:00+0000,2026-07-12T03:47:09+00:00,2026-07-11 20:47 Sat,,false,,,,false,jibe:Atlassian Early Careers:23006
Atlassian Early Careers:25785,Atlassian Early Careers,West Coast - ServiceCollection Solution Sales Executive,"San Francisco, California",Sales,https://join.atlassian.com/jobs/25785?lang=en-us,2026-07-31T00:00:00+0000,2026-07-31T00:17:16+00:00,2026-07-30 17:17 Thu,,false,,,,false,jibe:Atlassian Early Careers:25785
