job_key,company,title,location,department,urls,date_posted,first_seen,first_seen_pt,track,scored,score_method,experience_score,reason,emailed,source_uids
Expedia Group:/job/Canada---Quebec---Montreal/Account-Manager--Core-OTA-Vacation-Rentals_R-107091-1,Expedia Group,"Account Manager, Core OTA Vacation Rentals",Canada - Quebec - Montreal,,https://expedia.wd108.myworkdayjobs.com/en-US/search/job/Canada---Quebec---Montreal/Account-Manager--Core-OTA-Vacation-Rentals_R-107091-1,Posted Today,2026-07-14T21:00:00+00:00,2026-07-14 14:00 Tue,,false,,,,false,workday:Expedia Group:/job/Canada---Quebec---Montreal/Account-Manager--Core-OTA-Vacation-Rentals_R-107091-1
Expedia Group:/job/Czech-Republic---Prague/AI-Operations-Engineer-2_R-105040,Expedia Group,AI Operations Engineer 2,Czech Republic - Prague,,https://expedia.wd108.myworkdayjobs.com/en-US/search/job/Czech-Republic---Prague/AI-Operations-Engineer-2_R-105040,Posted 28 Days Ago,2026-07-11T03:36:34+00:00,2026-07-10 20:36 Fri,,false,,,,false,workday:Expedia Group:/job/Czech-Republic---Prague/AI-Operations-Engineer-2_R-105040
Expedia Group:/job/Austin-Domain-11---HomeAway/AI-Solutions-Principal_R-107381-1,Expedia Group,AI Solutions Principal,Austin Domain 11 - HomeAway,,https://expedia.wd108.myworkdayjobs.com/en-US/search/job/Austin-Domain-11---HomeAway/AI-Solutions-Principal_R-107381-1,Posted 9 Days Ago,2026-07-11T03:36:34+00:00,2026-07-10 20:36 Fri,,false,,,,false,workday:Expedia Group:/job/Austin-Domain-11---HomeAway/AI-Solutions-Principal_R-107381-1
Expedia Group:/job/Washington---Seattle-Campus/Mobile-Engineer-III_R-107935-1,Expedia Group,Android Engineer III,Washington - Seattle Campus,,https://expedia.wd108.myworkdayjobs.com/en-US/search/job/Washington---Seattle-Campus/Mobile-Engineer-III_R-107935-1,Posted 14 Days Ago,2026-07-20T17:41:49+00:00,2026-07-20 10:41 Mon,,false,,,,false,workday:Expedia Group:/job/Washington---Seattle-Campus/Mobile-Engineer-III_R-107935-1
Expedia Group:/job/Spain---Palma-de-Mallorca/Area-Manager_R-107844,Expedia Group,Area Manager,Spain - Palma de Mallorca,,https://expedia.wd108.myworkdayjobs.com/en-US/search/job/Spain---Palma-de-Mallorca/Area-Manager_R-107844,Posted Today,2026-07-11T03:36:34+00:00,2026-07-10 20:36 Fri,,false,,,,false,workday:Expedia Group:/job/Spain---Palma-de-Mallorca/Area-Manager_R-107844
Expedia Group:/job/USA---Florida---Miami/Area-Manager_R-107530,Expedia Group,Area Manager,USA - Florida - Miami,,https://expedia.wd108.myworkdayjobs.com/en-US/search/job/USA---Florida---Miami/Area-Manager_R-107530,Posted 4 Days Ago,2026-07-11T03:36:34+00:00,2026-07-10 20:36 Fri,,false,,,,false,workday:Expedia Group:/job/USA---Florida---Miami/Area-Manager_R-107530
Expedia Group:/job/Thailand---Bangkok/Area-Manager--Bangkok-_R-106649,Expedia Group,Area Manager (Bangkok),Thailand - Bangkok,,https://expedia.wd108.myworkdayjobs.com/en-US/search/job/Thailand---Bangkok/Area-Manager--Bangkok-_R-106649,Posted 10 Days Ago,2026-07-11T03:36:34+00:00,2026-07-10 20:36 Fri,,false,,,,false,workday:Expedia Group:/job/Thailand---Bangkok/Area-Manager--Bangkok-_R-106649
Expedia Group:/job/Austin-Domain-11---HomeAway/Area-Manager---Vacation-Rental-Partnerships_R-106505-1,Expedia Group,Area Manager - Vacation Rental Partnerships,Austin Domain 11 - HomeAway,,https://expedia.wd108.myworkdayjobs.com/en-US/search/job/Austin-Domain-11---HomeAway/Area-Manager---Vacation-Rental-Partnerships_R-106505-1,Posted Today,2026-07-14T22:40:39+00:00,2026-07-14 15:40 Tue,,false,,,,false,workday:Expedia Group:/job/Austin-Domain-11---HomeAway/Area-Manager---Vacation-Rental-Partnerships_R-106505-1
Expedia Group:/job/Czech-Republic---Prague/Associate-Account-Management--PGA----Spanish---English-Speaking_R-108049-1,Expedia Group,Associate Account Management (PGA) – Spanish & English Speaking,Czech Republic - Prague,,https://expedia.wd108.myworkdayjobs.com/en-US/search/job/Czech-Republic---Prague/Associate-Account-Management--PGA----Spanish---English-Speaking_R-108049-1,Posted Today,2026-07-20T13:41:40+00:00,2026-07-20 06:41 Mon,,false,,,,false,workday:Expedia Group:/job/Czech-Republic---Prague/Associate-Account-Management--PGA----Spanish---English-Speaking_R-108049-1
Expedia Group:/job/Dominican-Republic---La-Altagracia/Associate-Account-Manager_R-106196,Expedia Group,Associate Account Manager,Dominican Republic - La Altagracia,,https://expedia.wd108.myworkdayjobs.com/en-US/search/job/Dominican-Republic---La-Altagracia/Associate-Account-Manager_R-106196,Posted 4 Days Ago,2026-07-11T03:36:34+00:00,2026-07-10 20:36 Fri,,false,,,,false,workday:Expedia Group:/job/Dominican-Republic---La-Altagracia/Associate-Account-Manager_R-106196
Expedia Group:/job/USA---Colorado---Denver/Associate-Account-Manager_R-105368-1,Expedia Group,Associate Account Manager,USA - Colorado - Denver,,https://expedia.wd108.myworkdayjobs.com/en-US/search/job/USA---Colorado---Denver/Associate-Account-Manager_R-105368-1,Posted Today,2026-07-14T18:17:38+00:00,2026-07-14 11:17 Tue,,false,,,,false,workday:Expedia Group:/job/USA---Colorado---Denver/Associate-Account-Manager_R-105368-1
Expedia Group:/job/USA---California---San-Francisco/Associate-Account-Manager_R-106691,Expedia Group,Associate Account Manager,USA - California - San Francisco,,https://expedia.wd108.myworkdayjobs.com/en-US/search/job/USA---California---San-Francisco/Associate-Account-Manager_R-106691,Posted Today,2026-07-16T22:38:12+00:00,2026-07-16 15:38 Thu,,false,,,,false,workday:Expedia Group:/job/USA---California---San-Francisco/Associate-Account-Manager_R-106691
Expedia Group:/job/Czech-Republic---Prague/Associate-Account-Manager--PGA----English-Speaking--12m-FTC-_R-105230,Expedia Group,Associate Account Manager (PGA) - English Speaking (12m FTC),Czech Republic - Prague,,https://expedia.wd108.myworkdayjobs.com/en-US/search/job/Czech-Republic---Prague/Associate-Account-Manager--PGA----English-Speaking--12m-FTC-_R-105230,Posted 15 Days Ago,2026-07-11T03:36:34+00:00,2026-07-10 20:36 Fri,,false,,,,false,workday:Expedia Group:/job/Czech-Republic---Prague/Associate-Account-Manager--PGA----English-Speaking--12m-FTC-_R-105230
Expedia Group:/job/Czech-Republic---Prague/Associate-Account-Manager--PGA----English-Speaking_R-107556,Expedia Group,Associate Account Manager (PGA) – English Speaking,Czech Republic - Prague,,https://expedia.wd108.myworkdayjobs.com/en-US/search/job/Czech-Republic---Prague/Associate-Account-Manager--PGA----English-Speaking_R-107556,Posted 9 Days Ago,2026-07-11T03:36:34+00:00,2026-07-10 20:36 Fri,,false,,,,false,workday:Expedia Group:/job/Czech-Republic---Prague/Associate-Account-Manager--PGA----English-Speaking_R-107556
Expedia Group:/job/Czech-Republic---Prague/Associate-Account-Manager--PGA----French-Speaking_R-107564,Expedia Group,Associate Account Manager (PGA) – French Speaking,Czech Republic - Prague,,https://expedia.wd108.myworkdayjobs.com/en-US/search/job/Czech-Republic---Prague/Associate-Account-Manager--PGA----French-Speaking_R-107564,Posted 30+ Days Ago,2026-07-11T03:36:34+00:00,2026-07-10 20:36 Fri,,false,,,,false,workday:Expedia Group:/job/Czech-Republic---Prague/Associate-Account-Manager--PGA----French-Speaking_R-107564
Expedia Group:/job/Czech-Republic---Prague/Associate-Account-Manager--PGA----Hotels---German-Speaking_R-107562,Expedia Group,Associate Account Manager (PGA) – Hotels – German Speaking,Czech Republic - Prague,,https://expedia.wd108.myworkdayjobs.com/en-US/search/job/Czech-Republic---Prague/Associate-Account-Manager--PGA----Hotels---German-Speaking_R-107562,Posted 30+ Days Ago,2026-07-11T03:36:34+00:00,2026-07-10 20:36 Fri,,false,,,,false,workday:Expedia Group:/job/Czech-Republic---Prague/Associate-Account-Manager--PGA----Hotels---German-Speaking_R-107562
Expedia Group:/job/Czech-Republic---Prague/Associate-Account-Manager--PGA----Italian-Speaking_R-107563,Expedia Group,Associate Account Manager (PGA) – Italian Speaking,Czech Republic - Prague,,https://expedia.wd108.myworkdayjobs.com/en-US/search/job/Czech-Republic---Prague/Associate-Account-Manager--PGA----Italian-Speaking_R-107563,Posted 9 Days Ago,2026-07-11T03:36:34+00:00,2026-07-10 20:36 Fri,,false,,,,false,workday:Expedia Group:/job/Czech-Republic---Prague/Associate-Account-Manager--PGA----Italian-Speaking_R-107563
Expedia Group:/job/Colombia---Virtual/Associate-Account-Manager---Bogota_R-106033,Expedia Group,Associate Account Manager - Bogota,Colombia - Virtual,,https://expedia.wd108.myworkdayjobs.com/en-US/search/job/Colombia---Virtual/Associate-Account-Manager---Bogota_R-106033,Posted Today,2026-07-17T20:59:09+00:00,2026-07-17 13:59 Fri,,false,,,,false,workday:Expedia Group:/job/Colombia---Virtual/Associate-Account-Manager---Bogota_R-106033
Expedia Group:/job/Austin-Domain-11---HomeAway/Associate-Account-Manager---Vrbo_R-107398,Expedia Group,Associate Account Manager - Vrbo,Austin Domain 11 - HomeAway,,https://expedia.wd108.myworkdayjobs.com/en-US/search/job/Austin-Domain-11---HomeAway/Associate-Account-Manager---Vrbo_R-107398,Posted Yesterday,2026-07-11T03:36:34+00:00,2026-07-10 20:36 Fri,,false,,,,false,workday:Expedia Group:/job/Austin-Domain-11---HomeAway/Associate-Account-Manager---Vrbo_R-107398
Expedia Group:/job/Mexico---Mexico-City/Associate-Account-Manager-II_R-107334,Expedia Group,Associate Account Manager II,Mexico - Mexico City,,https://expedia.wd108.myworkdayjobs.com/en-US/search/job/Mexico---Mexico-City/Associate-Account-Manager-II_R-107334,Posted 30+ Days Ago,2026-07-11T03:36:34+00:00,2026-07-10 20:36 Fri,,false,,,,false,workday:Expedia Group:/job/Mexico---Mexico-City/Associate-Account-Manager-II_R-107334
Expedia Group:/job/Italy---Milano/Associate-Account-Manager-II--12-month-FTC_R-107979,Expedia Group,"Associate Account Manager II, 12 month FTC",Italy - Milano,,https://expedia.wd108.myworkdayjobs.com/en-US/search/job/Italy---Milano/Associate-Account-Manager-II--12-month-FTC_R-107979,Posted 14 Days Ago,2026-07-20T12:59:19+00:00,2026-07-20 05:59 Mon,,false,,,,false,workday:Expedia Group:/job/Italy---Milano/Associate-Account-Manager-II--12-month-FTC_R-107979
Expedia Group:/job/Czech-Republic---Prague/Associate-Account-Manager-UK-Vacation-Rental-Partnerships_R-102433-1,Expedia Group,Associate Account Manager UK Vacation Rental Partnerships,Czech Republic - Prague,,https://expedia.wd108.myworkdayjobs.com/en-US/search/job/Czech-Republic---Prague/Associate-Account-Manager-UK-Vacation-Rental-Partnerships_R-102433-1,Posted Today,2026-07-13T15:59:13+00:00,2026-07-13 08:59 Mon,,false,,,,false,workday:Expedia Group:/job/Czech-Republic---Prague/Associate-Account-Manager-UK-Vacation-Rental-Partnerships_R-102433-1
Expedia Group:/job/Czech-Republic---Prague/Associate-Account-Manager---B2B-Competitiveness-Team---Turkish-and-English-Fluency-Required_R-107057-1,Expedia Group,"Associate Account Manager,  B2B Competitiveness Team - Turkish and English Fluency Required",Czech Republic - Prague,,https://expedia.wd108.myworkdayjobs.com/en-US/search/job/Czech-Republic---Prague/Associate-Account-Manager---B2B-Competitiveness-Team---Turkish-and-English-Fluency-Required_R-107057-1,Posted 8 Days Ago,2026-07-11T03:36:34+00:00,2026-07-10 20:36 Fri,,false,,,,false,workday:Expedia Group:/job/Czech-Republic---Prague/Associate-Account-Manager---B2B-Competitiveness-Team---Turkish-and-English-Fluency-Required_R-107057-1
Expedia Group:/job/Spain---Madrid/Associate-Account-Manager--Italy_R-106950-1,Expedia Group,"Associate Account Manager, Italy",2 Locations,,https://expedia.wd108.myworkdayjobs.com/en-US/search/job/Spain---Madrid/Associate-Account-Manager--Italy_R-106950-1,Posted Today,2026-07-20T13:41:40+00:00,2026-07-20 06:41 Mon,,false,,,,false,workday:Expedia Group:/job/Spain---Madrid/Associate-Account-Manager--Italy_R-106950-1
Expedia Group:/job/UK---London/Associate-Air-Account-Manager_R-103418,Expedia Group,Associate Air Account Manager,UK - London,,https://expedia.wd108.myworkdayjobs.com/en-US/search/job/UK---London/Associate-Air-Account-Manager_R-103418,Posted 10 Days Ago,2026-07-11T03:36:34+00:00,2026-07-10 20:36 Fri,,false,,,,false,workday:Expedia Group:/job/UK---London/Associate-Air-Account-Manager_R-103418
Expedia Group:/job/India---Bangalore/Associate-Finance-Product-Manager_R-107900-1,Expedia Group,Associate Finance Product Manager,India - Bangalore,,https://expedia.wd108.myworkdayjobs.com/en-US/search/job/India---Bangalore/Associate-Finance-Product-Manager_R-107900-1,Posted Today,2026-07-16T08:41:15+00:00,2026-07-16 01:41 Thu,,false,,,,false,workday:Expedia Group:/job/India---Bangalore/Associate-Finance-Product-Manager_R-107900-1
Expedia Group:/job/Canada---British-Columbia---Vancouver/Associate-Manager--Accounting---Expedia-Cruises_R-107804,Expedia Group,"Associate Manager, Accounting – Expedia Cruises",Canada - British Columbia - Vancouver,,https://expedia.wd108.myworkdayjobs.com/en-US/search/job/Canada---British-Columbia---Vancouver/Associate-Manager--Accounting---Expedia-Cruises_R-107804,Posted Today,2026-07-11T03:36:34+00:00,2026-07-10 20:36 Fri,,false,,,,false,workday:Expedia Group:/job/Canada---British-Columbia---Vancouver/Associate-Manager--Accounting---Expedia-Cruises_R-107804
Expedia Group:/job/Spain---Madrid/Associate-Market-Manager_R-107838-1,Expedia Group,Associate Market Manager,Spain - Madrid,,https://expedia.wd108.myworkdayjobs.com/en-US/search/job/Spain---Madrid/Associate-Market-Manager_R-107838-1,Posted Today,2026-07-11T03:36:34+00:00,2026-07-10 20:36 Fri,,false,,,,false,workday:Expedia Group:/job/Spain---Madrid/Associate-Market-Manager_R-107838-1
Expedia Group:/job/USA---Massachusetts---Boston/Associate-Market-Manager_R-108056,Expedia Group,Associate Market Manager,USA - Massachusetts - Boston,,https://expedia.wd108.myworkdayjobs.com/en-US/search/job/USA---Massachusetts---Boston/Associate-Market-Manager_R-108056,Posted 14 Days Ago,2026-07-20T21:17:23+00:00,2026-07-20 14:17 Mon,,false,,,,false,workday:Expedia Group:/job/USA---Massachusetts---Boston/Associate-Market-Manager_R-108056
Expedia Group:/job/Thailand---Bangkok/Associate-Market-Manager--Bangkok-_R-107189,Expedia Group,Associate Market Manager (Bangkok),Thailand - Bangkok,,https://expedia.wd108.myworkdayjobs.com/en-US/search/job/Thailand---Bangkok/Associate-Market-Manager--Bangkok-_R-107189,Posted 10 Days Ago,2026-07-11T03:36:34+00:00,2026-07-10 20:36 Fri,,false,,,,false,workday:Expedia Group:/job/Thailand---Bangkok/Associate-Market-Manager--Bangkok-_R-107189
Expedia Group:/job/Australia---Sydney/Associate-Market-Manager--Sydney-_R-107790,Expedia Group,Associate Market Manager (Sydney),Australia - Sydney,,https://expedia.wd108.myworkdayjobs.com/en-US/search/job/Australia---Sydney/Associate-Market-Manager--Sydney-_R-107790,Posted Today,2026-07-13T06:40:48+00:00,2026-07-12 23:40 Sun,,false,,,,false,workday:Expedia Group:/job/Australia---Sydney/Associate-Market-Manager--Sydney-_R-107790
Expedia Group:/job/Japan---Tokyo/Associate-Market-Manager------Tokyo-_R-105439,Expedia Group,Associate Market Manager /アソシエイト アカウント マネージャー (Tokyo),Japan - Tokyo,,https://expedia.wd108.myworkdayjobs.com/en-US/search/job/Japan---Tokyo/Associate-Market-Manager------Tokyo-_R-105439,Posted 24 Days Ago,2026-07-11T03:36:34+00:00,2026-07-10 20:36 Fri,,false,,,,false,workday:Expedia Group:/job/Japan---Tokyo/Associate-Market-Manager------Tokyo-_R-105439
Expedia Group:/job/Italy---Rome/Associate-Market-Manger_R-108241,Expedia Group,Associate Market Manger,Italy - Rome,,https://expedia.wd108.myworkdayjobs.com/en-US/search/job/Italy---Rome/Associate-Market-Manger_R-108241,Posted 7 Days Ago,2026-07-27T13:41:49+00:00,2026-07-27 06:41 Mon,,false,,,,false,workday:Expedia Group:/job/Italy---Rome/Associate-Market-Manger_R-108241
Expedia Group:/job/Washington---Seattle-Campus/Backend-Software-Development-Engineer-II_R-105086-1,Expedia Group,Backend Software Development Engineer II,Washington - Seattle Campus,,https://expedia.wd108.myworkdayjobs.com/en-US/search/job/Washington---Seattle-Campus/Backend-Software-Development-Engineer-II_R-105086-1,Posted 5 Days Ago,2026-07-16T14:42:01+00:00,2026-07-16 07:42 Thu,,false,,,,false,workday:Expedia Group:/job/Washington---Seattle-Campus/Backend-Software-Development-Engineer-II_R-105086-1
Expedia Group:/job/Mexico---Mexico-City/Business-Development-Associate_R-105923,Expedia Group,Business Development Associate,Mexico - Mexico City,,https://expedia.wd108.myworkdayjobs.com/en-US/search/job/Mexico---Mexico-City/Business-Development-Associate_R-105923,Posted Today,2026-07-21T02:59:17+00:00,2026-07-20 19:59 Mon,,false,,,,false,workday:Expedia Group:/job/Mexico---Mexico-City/Business-Development-Associate_R-105923
Expedia Group:/job/Czech-Republic---Prague/Business-Development-Associate--New-Hotel-Partners----French-Speaker---6-month-Fixed-Term-Contract_R-107830,Expedia Group,Business Development Associate (New Hotel Partners) - French Speaker - 6-month Fixed-Term Contract,Czech Republic - Prague,,https://expedia.wd108.myworkdayjobs.com/en-US/search/job/Czech-Republic---Prague/Business-Development-Associate--New-Hotel-Partners----French-Speaker---6-month-Fixed-Term-Contract_R-107830,Posted 20 Days Ago,2026-07-14T09:04:03+00:00,2026-07-14 02:04 Tue,,false,,,,false,workday:Expedia Group:/job/Czech-Republic---Prague/Business-Development-Associate--New-Hotel-Partners----French-Speaker---6-month-Fixed-Term-Contract_R-107830
Expedia Group:/job/Czech-Republic---Prague/Business-Development-Associate--New-Hotel-Partners----12-month-FTC_R-107435,Expedia Group,Business Development Associate (New Hotel Partners) - German Speaker - 12 month FTC,Czech Republic - Prague,,https://expedia.wd108.myworkdayjobs.com/en-US/search/job/Czech-Republic---Prague/Business-Development-Associate--New-Hotel-Partners----12-month-FTC_R-107435,Posted 26 Days Ago,2026-07-11T03:36:34+00:00,2026-07-10 20:36 Fri,,false,,,,false,workday:Expedia Group:/job/Czech-Republic---Prague/Business-Development-Associate--New-Hotel-Partners----12-month-FTC_R-107435
Expedia Group:/job/Spain---Madrid/Business-Development-Associate--New-Hotel-Partners----Italian-Speaker_R-107134,Expedia Group,Business Development Associate (New Hotel Partners) - Italian Speaker,Spain - Madrid,,https://expedia.wd108.myworkdayjobs.com/en-US/search/job/Spain---Madrid/Business-Development-Associate--New-Hotel-Partners----Italian-Speaker_R-107134,Posted 16 Days Ago,2026-07-11T03:36:34+00:00,2026-07-10 20:36 Fri,,false,,,,false,workday:Expedia Group:/job/Spain---Madrid/Business-Development-Associate--New-Hotel-Partners----Italian-Speaker_R-107134
Expedia Group:/job/Spain---Madrid/Business-Development-Associate---New-Partners--Hotels----English-Speaking_R-106371-1,Expedia Group,Business Development Associate - New Partners (Hotels) - English Speaking,Spain - Madrid,,https://expedia.wd108.myworkdayjobs.com/en-US/search/job/Spain---Madrid/Business-Development-Associate---New-Partners--Hotels----English-Speaking_R-106371-1,Posted 12 Days Ago,2026-07-22T12:59:23+00:00,2026-07-22 05:59 Wed,,false,,,,false,workday:Expedia Group:/job/Spain---Madrid/Business-Development-Associate---New-Partners--Hotels----English-Speaking_R-106371-1
Expedia Group:/job/Spain---Madrid/Business-Development-Associate---New-Partners--Hotels----German-Speaking_R-106423,Expedia Group,Business Development Associate - New Partners (Hotels) - German Speaking,Spain - Madrid,,https://expedia.wd108.myworkdayjobs.com/en-US/search/job/Spain---Madrid/Business-Development-Associate---New-Partners--Hotels----German-Speaking_R-106423,Posted 7 Days Ago,2026-07-11T03:36:34+00:00,2026-07-10 20:36 Fri,,false,,,,false,workday:Expedia Group:/job/Spain---Madrid/Business-Development-Associate---New-Partners--Hotels----German-Speaking_R-106423
Expedia Group:/job/UK---London/Business-Development-Manager_R-107259,Expedia Group,Business Development Manager,UK - London,,https://expedia.wd108.myworkdayjobs.com/en-US/search/job/UK---London/Business-Development-Manager_R-107259,Posted 19 Days Ago,2026-07-15T09:41:27+00:00,2026-07-15 02:41 Wed,,false,,,,false,workday:Expedia Group:/job/UK---London/Business-Development-Manager_R-107259
Expedia Group:/job/Canada---British-Columbia---Vancouver/Business-Intelligence-Manager---Cruise_R-107805,Expedia Group,Business Intelligence Manager - Cruise,Canada - British Columbia - Vancouver,,https://expedia.wd108.myworkdayjobs.com/en-US/search/job/Canada---British-Columbia---Vancouver/Business-Intelligence-Manager---Cruise_R-107805,Posted Today,2026-07-11T03:36:34+00:00,2026-07-10 20:36 Fri,,false,,,,false,workday:Expedia Group:/job/Canada---British-Columbia---Vancouver/Business-Intelligence-Manager---Cruise_R-107805
Expedia Group:/job/Washington---Seattle-Campus/Business-Programs-Manager_R-106894-1,Expedia Group,Business Programs Manager,Washington - Seattle Campus,,https://expedia.wd108.myworkdayjobs.com/en-US/search/job/Washington---Seattle-Campus/Business-Programs-Manager_R-106894-1,Posted 11 Days Ago,2026-07-11T03:36:34+00:00,2026-07-10 20:36 Fri,,false,,,,false,workday:Expedia Group:/job/Washington---Seattle-Campus/Business-Programs-Manager_R-106894-1
Expedia Group:7203fd2a-618f-4b83-add2-568ca918f1b1,Expedia Group,Career Discovery Program - Software Development,"Seattle, WA",Software,https://expedia.wd108.myworkdayjobs.com/private/job/Washington---Seattle-Campus/Career-Discovery-Program-2026---Software-Development---Seattle_R-106372,2026-05-28,2026-07-07T05:59:38+00:00,2026-07-06 22:59 Mon,,false,,,,false,simplify:Simplify Internships:7203fd2a-618f-4b83-add2-568ca918f1b1
Expedia Group:/job/Czech-Republic---Prague/Commercial-Graduate---August-2026---Prague_R-98652-1,Expedia Group,Commercial Graduate (French or German speakers) - September 2026 - Prague,Czech Republic - Prague,,https://expedia.wd108.myworkdayjobs.com/en-US/search/job/Czech-Republic---Prague/Commercial-Graduate---August-2026---Prague_R-98652-1,Posted 10 Days Ago,2026-07-11T03:36:34+00:00,2026-07-10 20:36 Fri,,false,,,,false,workday:Expedia Group:/job/Czech-Republic---Prague/Commercial-Graduate---August-2026---Prague_R-98652-1
Expedia Group:/job/Malaysia---Petaling-Jaya/Commercial-Intern---May-2026---Malaysia_R-101084-1,Expedia Group,Commercial Intern 2026 - Malaysia,Malaysia - Petaling Jaya,,https://expedia.wd108.myworkdayjobs.com/en-US/search/job/Malaysia---Petaling-Jaya/Commercial-Intern---May-2026---Malaysia_R-101084-1,Posted 21 Days Ago,2026-07-13T07:58:42+00:00,2026-07-13 00:58 Mon,,false,,,,false,workday:Expedia Group:/job/Malaysia---Petaling-Jaya/Commercial-Intern---May-2026---Malaysia_R-101084-1
Expedia Group:/job/UK---London/Commercial-Operations-Portfolio-Manager_R-108410,Expedia Group,Commercial Operations Portfolio Manager,UK - London,,https://expedia.wd108.myworkdayjobs.com/en-US/search/job/UK---London/Commercial-Operations-Portfolio-Manager_R-108410,Posted Today,2026-08-03T15:17:22+00:00,2026-08-03 08:17 Mon,,false,,,,false,workday:Expedia Group:/job/UK---London/Commercial-Operations-Portfolio-Manager_R-108410
Expedia Group:/job/Washington---Seattle-Campus/Content-Designer-III_R-101824-1,Expedia Group,Content Designer III,Washington - Seattle Campus,,https://expedia.wd108.myworkdayjobs.com/en-US/search/job/Washington---Seattle-Campus/Content-Designer-III_R-101824-1,Posted 6 Days Ago,2026-07-28T15:59:39+00:00,2026-07-28 08:59 Tue,,false,,,,false,workday:Expedia Group:/job/Washington---Seattle-Campus/Content-Designer-III_R-101824-1
Expedia Group:/job/Washington---Seattle-Campus/Content-Designer-III---Loyalty_R-108278-1,Expedia Group,Content Designer III — Loyalty,4 Locations,,https://expedia.wd108.myworkdayjobs.com/en-US/search/job/Washington---Seattle-Campus/Content-Designer-III---Loyalty_R-108278-1,Posted 5 Days Ago,2026-07-29T23:41:19+00:00,2026-07-29 16:41 Wed,,false,,,,false,workday:Expedia Group:/job/Washington---Seattle-Campus/Content-Designer-III---Loyalty_R-108278-1
Expedia Group:/job/Austin-Domain-11---HomeAway/Content-Strategist-III_R-108365,Expedia Group,Content Strategist III,2 Locations,,https://expedia.wd108.myworkdayjobs.com/en-US/search/job/Austin-Domain-11---HomeAway/Content-Strategist-III_R-108365,Posted Today,2026-08-03T20:17:45+00:00,2026-08-03 13:17 Mon,,false,,,,false,workday:Expedia Group:/job/Austin-Domain-11---HomeAway/Content-Strategist-III_R-108365
Expedia Group:/job/Washington---Seattle-Campus/Corporate-Strategy-Director_R-105315-1,Expedia Group,Corporate Strategy Director,Washington - Seattle Campus,,https://expedia.wd108.myworkdayjobs.com/en-US/search/job/Washington---Seattle-Campus/Corporate-Strategy-Director_R-105315-1,Posted Today,2026-07-15T20:59:15+00:00,2026-07-15 13:59 Wed,,false,,,,false,workday:Expedia Group:/job/Washington---Seattle-Campus/Corporate-Strategy-Director_R-105315-1
Expedia Group:/job/Mexico---Mexico-City/R-107813-Customer-Service-Associate---Portuguese-English-Support--6-Month-Temporary-Assignment-_R-108151,Expedia Group,Customer Service Associate - Portuguese/English Support (6-Month Temporary Assignment),Mexico - Mexico City,,https://expedia.wd108.myworkdayjobs.com/en-US/search/job/Mexico---Mexico-City/R-107813-Customer-Service-Associate---Portuguese-English-Support--6-Month-Temporary-Assignment-_R-108151,Posted 13 Days Ago,2026-07-21T15:59:56+00:00,2026-07-21 08:59 Tue,,false,,,,false,workday:Expedia Group:/job/Mexico---Mexico-City/R-107813-Customer-Service-Associate---Portuguese-English-Support--6-Month-Temporary-Assignment-_R-108151
Expedia Group:/job/Mexico---Mexico-City/Customer-Service-Associate---Spanish-English-Support-or-Portuguese-English-Support--6-Month-Temporary-Assignment-_R-107813,Expedia Group,Customer Service Associate - Spanish/English Support(6-Month Temporary Assignment),Mexico - Mexico City,,https://expedia.wd108.myworkdayjobs.com/en-US/search/job/Mexico---Mexico-City/Customer-Service-Associate---Spanish-English-Support-or-Portuguese-English-Support--6-Month-Temporary-Assignment-_R-107813,Posted 13 Days Ago,2026-07-17T22:32:21+00:00,2026-07-17 15:32 Fri,,false,,,,false,workday:Expedia Group:/job/Mexico---Mexico-City/Customer-Service-Associate---Spanish-English-Support-or-Portuguese-English-Support--6-Month-Temporary-Assignment-_R-107813
Expedia Group:/job/Spain---Madrid/Data-Engineer-II_R-107424,Expedia Group,Data Engineer II,Spain - Madrid,,https://expedia.wd108.myworkdayjobs.com/en-US/search/job/Spain---Madrid/Data-Engineer-II_R-107424,Posted 11 Days Ago,2026-07-11T03:36:34+00:00,2026-07-10 20:36 Fri,,false,,,,false,workday:Expedia Group:/job/Spain---Madrid/Data-Engineer-II_R-107424
Expedia Group:/job/Washington---Seattle-Campus/Data-Engineer-II---Service-Data_R-108326-1,Expedia Group,Data Engineer II - Service Data,Washington - Seattle Campus,,https://expedia.wd108.myworkdayjobs.com/en-US/search/job/Washington---Seattle-Campus/Data-Engineer-II---Service-Data_R-108326-1,Posted Today,2026-07-29T20:17:57+00:00,2026-07-29 13:17 Wed,Software Engineering,true,Keyword,40,keyword-only heuristic,false,workday:Expedia Group:/job/Washington---Seattle-Campus/Data-Engineer-II---Service-Data_R-108326-1
Expedia Group:/job/India---Bangalore/Data-Engineer-III_R-107353,Expedia Group,Data Engineer III,India - Bangalore,,https://expedia.wd108.myworkdayjobs.com/en-US/search/job/India---Bangalore/Data-Engineer-III_R-107353,Posted Today,2026-08-18T02:56:28+00:00,2026-08-17 19:56 Mon,,false,,,,false,workday:Expedia Group:/job/India---Bangalore/Data-Engineer-III_R-107353
Expedia Group:/job/Washington---Seattle-Campus/DS-Analytics-II---Advance-Agentic-AI_R-101305,Expedia Group,Data Scientist II - Product Analytics,Washington - Seattle Campus,,https://expedia.wd108.myworkdayjobs.com/en-US/search/job/Washington---Seattle-Campus/DS-Analytics-II---Advance-Agentic-AI_R-101305,Posted 3 Days Ago,2026-07-11T03:36:34+00:00,2026-07-10 20:36 Fri,,false,,,,false,workday:Expedia Group:/job/Washington---Seattle-Campus/DS-Analytics-II---Advance-Agentic-AI_R-101305
Expedia Group:/job/India---Bangalore/Data-Scientist-II---VR-Performance-Analytics_R-107385,Expedia Group,Data Scientist II - VR Performance Analytics,India - Bangalore,,https://expedia.wd108.myworkdayjobs.com/en-US/search/job/India---Bangalore/Data-Scientist-II---VR-Performance-Analytics_R-107385,Posted 4 Days Ago,2026-07-11T03:36:34+00:00,2026-07-10 20:36 Fri,,false,,,,false,workday:Expedia Group:/job/India---Bangalore/Data-Scientist-II---VR-Performance-Analytics_R-107385
Expedia Group:/job/India---Bangalore/Data-Scientist-II--Connectivity-Analytics_R-108346-1,Expedia Group,"Data Scientist II, Connectivity Analytics",India - Bangalore,,https://expedia.wd108.myworkdayjobs.com/en-US/search/job/India---Bangalore/Data-Scientist-II--Connectivity-Analytics_R-108346-1,Posted 3 Days Ago,2026-08-18T02:56:28+00:00,2026-08-17 19:56 Mon,,false,,,,false,workday:Expedia Group:/job/India---Bangalore/Data-Scientist-II--Connectivity-Analytics_R-108346-1
Expedia Group:/job/India---Bangalore/Data-Scientist-II--Customer-Analytics_R-102335,Expedia Group,"Data Scientist II, Customer Analytics",2 Locations,,https://expedia.wd108.myworkdayjobs.com/en-US/search/job/India---Bangalore/Data-Scientist-II--Customer-Analytics_R-102335,Posted Today,2026-07-15T08:17:17+00:00,2026-07-15 01:17 Wed,,false,,,,false,workday:Expedia Group:/job/India---Bangalore/Data-Scientist-II--Customer-Analytics_R-102335
Expedia Group:/job/Washington---Seattle-Campus/Data-Scientist-III---Growth-Marketing_R-107547-1,Expedia Group,Data Scientist III - Growth Marketing,Washington - Seattle Campus,,https://expedia.wd108.myworkdayjobs.com/en-US/search/job/Washington---Seattle-Campus/Data-Scientist-III---Growth-Marketing_R-107547-1,Posted 9 Days Ago,2026-07-11T03:36:34+00:00,2026-07-10 20:36 Fri,,false,,,,false,workday:Expedia Group:/job/Washington---Seattle-Campus/Data-Scientist-III---Growth-Marketing_R-107547-1
Expedia Group:/job/USA---California---San-Jose/Director-CyberSecurity_R-107538-1,Expedia Group,Director CyberSecurity,USA - California - San Jose,,https://expedia.wd108.myworkdayjobs.com/en-US/search/job/USA---California---San-Jose/Director-CyberSecurity_R-107538-1,Posted Today,2026-07-16T15:41:58+00:00,2026-07-16 08:41 Thu,,false,,,,false,workday:Expedia Group:/job/USA---California---San-Jose/Director-CyberSecurity_R-107538-1
Expedia Group:/job/Washington---Seattle-Campus/Director-Technical-Program-Management---Planning--_R-107898,Expedia Group,"Director Technical Program Management , Planning  ",2 Locations,,https://expedia.wd108.myworkdayjobs.com/en-US/search/job/Washington---Seattle-Campus/Director-Technical-Program-Management---Planning--_R-107898,Posted 19 Days Ago,2026-07-15T14:41:28+00:00,2026-07-15 07:41 Wed,,false,,,,false,workday:Expedia Group:/job/Washington---Seattle-Campus/Director-Technical-Program-Management---Planning--_R-107898
Expedia Group:/job/Washington---Seattle-Campus/Director--Global-Compensation_R-107344,Expedia Group,"Director, Global Compensation",Washington - Seattle Campus,,https://expedia.wd108.myworkdayjobs.com/en-US/search/job/Washington---Seattle-Campus/Director--Global-Compensation_R-107344,Posted 7 Days Ago,2026-07-11T03:36:34+00:00,2026-07-10 20:36 Fri,,false,,,,false,workday:Expedia Group:/job/Washington---Seattle-Campus/Director--Global-Compensation_R-107344
Expedia Group:/job/Austin-Domain-11---HomeAway/Director--Integrated-Marketing_R-107330,Expedia Group,"Director, Integrated Marketing",3 Locations,,https://expedia.wd108.myworkdayjobs.com/en-US/search/job/Austin-Domain-11---HomeAway/Director--Integrated-Marketing_R-107330,Posted 21 Days Ago,2026-07-13T15:40:57+00:00,2026-07-13 08:40 Mon,,false,,,,false,workday:Expedia Group:/job/Austin-Domain-11---HomeAway/Director--Integrated-Marketing_R-107330
Expedia Group:/job/Washington---Seattle-Campus/Director--Investor-Relations_R-107899-2,Expedia Group,"Director, Investor Relations",Washington - Seattle Campus,,https://expedia.wd108.myworkdayjobs.com/en-US/search/job/Washington---Seattle-Campus/Director--Investor-Relations_R-107899-2,Posted 6 Days Ago,2026-07-28T15:42:00+00:00,2026-07-28 08:42 Tue,,false,,,,false,workday:Expedia Group:/job/Washington---Seattle-Campus/Director--Investor-Relations_R-107899-2
Expedia Group:/job/Washington---Seattle-Campus/Director--Machine-Learning-Science---Marketing_R-107109,Expedia Group,"Director, Machine Learning Science - Marketing",Washington - Seattle Campus,,https://expedia.wd108.myworkdayjobs.com/en-US/search/job/Washington---Seattle-Campus/Director--Machine-Learning-Science---Marketing_R-107109,Posted 11 Days Ago,2026-07-11T03:36:34+00:00,2026-07-10 20:36 Fri,,false,,,,false,workday:Expedia Group:/job/Washington---Seattle-Campus/Director--Machine-Learning-Science---Marketing_R-107109
Expedia Group:/job/Washington---Seattle-Campus/Director--Program-Management_R-107350,Expedia Group,"Director, Program Management",Washington - Seattle Campus,,https://expedia.wd108.myworkdayjobs.com/en-US/search/job/Washington---Seattle-Campus/Director--Program-Management_R-107350,Posted 17 Days Ago,2026-07-17T21:31:51+00:00,2026-07-17 14:31 Fri,,false,,,,false,workday:Expedia Group:/job/Washington---Seattle-Campus/Director--Program-Management_R-107350
Expedia Group:/job/USA---California---San-Jose/Director---SDE--Loyalty-_R-101804-1,Expedia Group,"Director, Software Development Engineer - Loyalty",USA - California - San Jose,,https://expedia.wd108.myworkdayjobs.com/en-US/search/job/USA---California---San-Jose/Director---SDE--Loyalty-_R-101804-1,Posted 17 Days Ago,2026-07-11T03:36:34+00:00,2026-07-10 20:36 Fri,,false,,,,false,workday:Expedia Group:/job/USA---California---San-Jose/Director---SDE--Loyalty-_R-101804-1
Expedia Group:/job/India---Gurgaon/Director--Software-Development-Engineering_R-101762,Expedia Group,"Director, Software Development Engineering",India - Gurgaon,,https://expedia.wd108.myworkdayjobs.com/en-US/search/job/India---Gurgaon/Director--Software-Development-Engineering_R-101762,Posted 3 Days Ago,2026-07-11T03:36:34+00:00,2026-07-10 20:36 Fri,,false,,,,false,workday:Expedia Group:/job/India---Gurgaon/Director--Software-Development-Engineering_R-101762
Expedia Group:/job/UK---London/Director--Strategic-Initiatives--Expedia-Lodging_R-108437,Expedia Group,"Director, Strategic Initiatives, Expedia Lodging",3 Locations,,https://expedia.wd108.myworkdayjobs.com/en-US/search/job/UK---London/Director--Strategic-Initiatives--Expedia-Lodging_R-108437,Posted 3 Days Ago,2026-07-31T18:41:45+00:00,2026-07-31 11:41 Fri,,false,,,,false,workday:Expedia Group:/job/UK---London/Director--Strategic-Initiatives--Expedia-Lodging_R-108437
Expedia Group:/job/Washington---Seattle-Campus/Director--Technical-Program-Management---Multi-Product-Shopping_R-107456-1,Expedia Group,"Director, Technical Program Management - Multi-Product Shopping",Washington - Seattle Campus,,https://expedia.wd108.myworkdayjobs.com/en-US/search/job/Washington---Seattle-Campus/Director--Technical-Program-Management---Multi-Product-Shopping_R-107456-1,Posted 4 Days Ago,2026-07-11T03:36:34+00:00,2026-07-10 20:36 Fri,,false,,,,false,workday:Expedia Group:/job/Washington---Seattle-Campus/Director--Technical-Program-Management---Multi-Product-Shopping_R-107456-1
Expedia Group:/job/Washington---Seattle-Campus/Director--Top-Talent_R-108271-1,Expedia Group,"Director, Top Talent",Washington---Seattle-Campus,,https://expedia.wd108.myworkdayjobs.com/en-US/search/job/Washington---Seattle-Campus/Director--Top-Talent_R-108271-1,Posted Yesterday,2026-08-07T01:17:04+00:00,2026-08-06 18:17 Thu,,false,,,,false,workday:Expedia Group:/job/Washington---Seattle-Campus/Director--Top-Talent_R-108271-1
Expedia Group:/job/India---Bangalore/DS-II--Pricing-Product-Analytics_R-108225-1,Expedia Group,"DS II, Pricing Product Analytics",India - Bangalore,,https://expedia.wd108.myworkdayjobs.com/en-US/search/job/India---Bangalore/DS-II--Pricing-Product-Analytics_R-108225-1,Posted Today,2026-07-28T07:41:38+00:00,2026-07-28 00:41 Tue,,false,,,,false,workday:Expedia Group:/job/India---Bangalore/DS-II--Pricing-Product-Analytics_R-108225-1
Expedia Group:/job/Canada---Quebec---Montreal/Dveloppeur-logiciel-II--pleine-pile---Contenu----Software-Developer-II--Full-Stack---Content-_R-106551-1,Expedia Group,Développeur logiciel II (généraliste – Contenu) / Software Developer II (Full Stack - Content),Canada - Quebec - Montreal,,https://expedia.wd108.myworkdayjobs.com/en-US/search/job/Canada---Quebec---Montreal/Dveloppeur-logiciel-II--pleine-pile---Contenu----Software-Developer-II--Full-Stack---Content-_R-106551-1,Posted 5 Days Ago,2026-07-11T03:36:34+00:00,2026-07-10 20:36 Fri,,false,,,,false,workday:Expedia Group:/job/Canada---Quebec---Montreal/Dveloppeur-logiciel-II--pleine-pile---Contenu----Software-Developer-II--Full-Stack---Content-_R-106551-1
Expedia Group:/job/Canada---Quebec---Montreal/Dveloppeur-logiciel-III--Connectivit-des-partenaires----Software-Developer-III--Partner-Connectivity-_R-106668,Expedia Group,Développeur logiciel III (Connectivité des partenaires) / Software Developer III (Partner Connectivity),Canada - Quebec - Montreal,,https://expedia.wd108.myworkdayjobs.com/en-US/search/job/Canada---Quebec---Montreal/Dveloppeur-logiciel-III--Connectivit-des-partenaires----Software-Developer-III--Partner-Connectivity-_R-106668,Posted 21 Days Ago,2026-07-11T03:36:34+00:00,2026-07-10 20:36 Fri,,false,,,,false,workday:Expedia Group:/job/Canada---Quebec---Montreal/Dveloppeur-logiciel-III--Connectivit-des-partenaires----Software-Developer-III--Partner-Connectivity-_R-106668
Expedia Group:/job/Canada---Quebec---Montreal/Dveloppeur-logiciel-III--pleine-pile---Contenu----Software-Developer-III--Full-Stack---Content-_R-106556,Expedia Group,Développeur logiciel III (généraliste – Contenu) - Software Developer III (Full Stack - Content),Canada - Quebec - Montreal,,https://expedia.wd108.myworkdayjobs.com/en-US/search/job/Canada---Quebec---Montreal/Dveloppeur-logiciel-III--pleine-pile---Contenu----Software-Developer-III--Full-Stack---Content-_R-106556,Posted 12 Days Ago,2026-07-11T03:36:34+00:00,2026-07-10 20:36 Fri,,false,,,,false,workday:Expedia Group:/job/Canada---Quebec---Montreal/Dveloppeur-logiciel-III--pleine-pile---Contenu----Software-Developer-III--Full-Stack---Content-_R-106556
Expedia Group:/job/Canada---Quebec---Montreal/Dveloppeur--euse--de-logiciels-II--contenu----Software-Developer-II--Content-_R-106559-1,Expedia Group,Développeur(-euse) de logiciels II (contenu) / Software Developer II (Content),Canada - Quebec - Montreal,,https://expedia.wd108.myworkdayjobs.com/en-US/search/job/Canada---Quebec---Montreal/Dveloppeur--euse--de-logiciels-II--contenu----Software-Developer-II--Content-_R-106559-1,Posted 3 Days Ago,2026-07-11T03:36:34+00:00,2026-07-10 20:36 Fri,,false,,,,false,workday:Expedia Group:/job/Canada---Quebec---Montreal/Dveloppeur--euse--de-logiciels-II--contenu----Software-Developer-II--Content-_R-106559-1
Expedia Group:/job/Canada---Quebec---Montreal/Dveloppeur--euse--de-logiciels-III--contenu----Software-Developer-III--Content-_R-106560-1,Expedia Group,Développeur(-euse) de logiciels III (contenu) / Software Developer III (Content),Canada - Quebec - Montreal,,https://expedia.wd108.myworkdayjobs.com/en-US/search/job/Canada---Quebec---Montreal/Dveloppeur--euse--de-logiciels-III--contenu----Software-Developer-III--Content-_R-106560-1,Posted 3 Days Ago,2026-07-11T03:36:34+00:00,2026-07-10 20:36 Fri,,false,,,,false,workday:Expedia Group:/job/Canada---Quebec---Montreal/Dveloppeur--euse--de-logiciels-III--contenu----Software-Developer-III--Content-_R-106560-1
Expedia Group:/job/Canada---Quebec---Montreal/Dveloppeur--euse--de-logiciels-snior-e---contenu----Senior-Software-Development-Engineer_R-106558-2,Expedia Group,Développeur(-euse) de logiciels sénior(e) (contenu) / Senior Software Development Engineer,Canada - Quebec - Montreal,,https://expedia.wd108.myworkdayjobs.com/en-US/search/job/Canada---Quebec---Montreal/Dveloppeur--euse--de-logiciels-snior-e---contenu----Senior-Software-Development-Engineer_R-106558-2,Posted 10 Days Ago,2026-07-11T03:36:34+00:00,2026-07-10 20:36 Fri,,false,,,,false,workday:Expedia Group:/job/Canada---Quebec---Montreal/Dveloppeur--euse--de-logiciels-snior-e---contenu----Senior-Software-Development-Engineer_R-106558-2
Expedia Group:/job/Canada---Quebec---Montreal/Dveloppeur--euse--principal-d-application-mobile---Android---Senior-Mobile-Developer---Android_R-103195-1,Expedia Group,Développeur(-euse) principal d’application mobile − Android / Senior Mobile Developer – Android,Canada - Quebec - Montreal,,https://expedia.wd108.myworkdayjobs.com/en-US/search/job/Canada---Quebec---Montreal/Dveloppeur--euse--principal-d-application-mobile---Android---Senior-Mobile-Developer---Android_R-103195-1,Posted 9 Days Ago,2026-07-11T03:36:34+00:00,2026-07-10 20:36 Fri,,false,,,,false,workday:Expedia Group:/job/Canada---Quebec---Montreal/Dveloppeur--euse--principal-d-application-mobile---Android---Senior-Mobile-Developer---Android_R-103195-1
Expedia Group:/job/Canada---Quebec---Montreal/Dveloppeur--euse--principal-e--de-logiciels--contenu---Principal-Software-Development-Engineer_R-107278-1,Expedia Group,Développeur(-euse) principal(e) de logiciels (contenu) /Principal Software Development Engineer,Canada - Quebec - Montreal,,https://expedia.wd108.myworkdayjobs.com/en-US/search/job/Canada---Quebec---Montreal/Dveloppeur--euse--principal-e--de-logiciels--contenu---Principal-Software-Development-Engineer_R-107278-1,Posted 8 Days Ago,2026-07-11T03:36:34+00:00,2026-07-10 20:36 Fri,,false,,,,false,workday:Expedia Group:/job/Canada---Quebec---Montreal/Dveloppeur--euse--principal-e--de-logiciels--contenu---Principal-Software-Development-Engineer_R-107278-1
Expedia Group:/job/UK---London/Engagement-Manager_R-107155,Expedia Group,Engagement Manager,UK - London,,https://expedia.wd108.myworkdayjobs.com/en-US/search/job/UK---London/Engagement-Manager_R-107155,Posted 17 Days Ago,2026-07-11T03:36:34+00:00,2026-07-10 20:36 Fri,,false,,,,false,workday:Expedia Group:/job/UK---London/Engagement-Manager_R-107155
Expedia Group:/job/Washington---Seattle-Campus/Enterprise-Service-Configuration-Manager--CMDB-_R-105372,Expedia Group,Enterprise Service Configuration Manager (CMDB),Washington - Seattle Campus,,https://expedia.wd108.myworkdayjobs.com/en-US/search/job/Washington---Seattle-Campus/Enterprise-Service-Configuration-Manager--CMDB-_R-105372,Posted 28 Days Ago,2026-07-11T03:36:34+00:00,2026-07-10 20:36 Fri,,false,,,,false,workday:Expedia Group:/job/Washington---Seattle-Campus/Enterprise-Service-Configuration-Manager--CMDB-_R-105372
Expedia Group:/job/Netherlands---Amsterdam/Executive-Assistant--EMEA_R-105542,Expedia Group,"Executive Assistant, EMEA",Netherlands - Amsterdam,,https://expedia.wd108.myworkdayjobs.com/en-US/search/job/Netherlands---Amsterdam/Executive-Assistant--EMEA_R-105542,Posted 9 Days Ago,2026-07-11T03:36:34+00:00,2026-07-10 20:36 Fri,,false,,,,false,workday:Expedia Group:/job/Netherlands---Amsterdam/Executive-Assistant--EMEA_R-105542
Expedia Group:/job/Washington---Seattle-Campus/Full-Stack-Software-Engineer-II_R-108283-1,Expedia Group,Full Stack Software Engineer II,Washington - Seattle Campus,,https://expedia.wd108.myworkdayjobs.com/en-US/search/job/Washington---Seattle-Campus/Full-Stack-Software-Engineer-II_R-108283-1,Posted 4 Days Ago,2026-07-30T14:17:40+00:00,2026-07-30 07:17 Thu,Software Engineering,true,Keyword,40,keyword-only heuristic,false,workday:Expedia Group:/job/Washington---Seattle-Campus/Full-Stack-Software-Engineer-II_R-108283-1
Expedia Group:/job/Washington---Seattle-Campus/Health---Safety-Governance_R-108068,Expedia Group,Health & Safety Governance,Washington - Seattle Campus,,https://expedia.wd108.myworkdayjobs.com/en-US/search/job/Washington---Seattle-Campus/Health---Safety-Governance_R-108068,Posted 6 Days Ago,2026-07-28T18:17:27+00:00,2026-07-28 11:17 Tue,,false,,,,false,workday:Expedia Group:/job/Washington---Seattle-Campus/Health---Safety-Governance_R-108068
Expedia Group:/job/Austin-Domain-11---HomeAway/Hotel-Partner-Solutions-Specialist_R-105524,Expedia Group,Hotel Partner Solutions Specialist,Austin Domain 11 - HomeAway,,https://expedia.wd108.myworkdayjobs.com/en-US/search/job/Austin-Domain-11---HomeAway/Hotel-Partner-Solutions-Specialist_R-105524,Posted 6 Days Ago,2026-07-11T03:36:34+00:00,2026-07-10 20:36 Fri,,false,,,,false,workday:Expedia Group:/job/Austin-Domain-11---HomeAway/Hotel-Partner-Solutions-Specialist_R-105524
Expedia Group:/job/India---Gurgaon/Hotel-Partner-Solutions-Specialist_R-105013,Expedia Group,Hotel Partner Solutions Specialist,India - Gurgaon,,https://expedia.wd108.myworkdayjobs.com/en-US/search/job/India---Gurgaon/Hotel-Partner-Solutions-Specialist_R-105013,Posted Today,2026-07-15T13:59:19+00:00,2026-07-15 06:59 Wed,,false,,,,false,workday:Expedia Group:/job/India---Gurgaon/Hotel-Partner-Solutions-Specialist_R-105013
Expedia Group:/job/Czech-Republic---Prague/Hotel-Partner-Support-Associate--German-and-English-_R-104505,Expedia Group,Hotel Partner Support Associate (German and English),Czech Republic - Prague,,https://expedia.wd108.myworkdayjobs.com/en-US/search/job/Czech-Republic---Prague/Hotel-Partner-Support-Associate--German-and-English-_R-104505,Posted 27 Days Ago,2026-07-11T03:36:34+00:00,2026-07-10 20:36 Fri,,false,,,,false,workday:Expedia Group:/job/Czech-Republic---Prague/Hotel-Partner-Support-Associate--German-and-English-_R-104505
Expedia Group:/job/India---Gurgaon/Infrastructure-and-Enterprise-Engineer-III_R-107886,Expedia Group,Infrastructure and Enterprise Engineer III,India - Gurgaon,,https://expedia.wd108.myworkdayjobs.com/en-US/search/job/India---Gurgaon/Infrastructure-and-Enterprise-Engineer-III_R-107886,Posted Today,2026-07-15T12:41:34+00:00,2026-07-15 05:41 Wed,,false,,,,false,workday:Expedia Group:/job/India---Gurgaon/Infrastructure-and-Enterprise-Engineer-III_R-107886
Expedia Group:/job/UK---London/Integrated-Planning-Senior-Specialist--6-month-FTC-_R-107956,Expedia Group,Integrated Planning Senior Specialist (6-month FTC),UK - London,,https://expedia.wd108.myworkdayjobs.com/en-US/search/job/UK---London/Integrated-Planning-Senior-Specialist--6-month-FTC-_R-107956,Posted Today,2026-07-15T12:59:12+00:00,2026-07-15 05:59 Wed,,false,,,,false,workday:Expedia Group:/job/UK---London/Integrated-Planning-Senior-Specialist--6-month-FTC-_R-107956
Expedia Group:/job/IND0011---Gurgaon---Downtown---Expedia/Integrated-Property-Management-Support-Associate_R-105396,Expedia Group,Integrated Property Management Support Associate,IND0011 - Gurgaon - Downtown - Expedia,,https://expedia.wd108.myworkdayjobs.com/en-US/search/job/IND0011---Gurgaon---Downtown---Expedia/Integrated-Property-Management-Support-Associate_R-105396,Posted Today,2026-07-21T09:17:19+00:00,2026-07-21 02:17 Tue,,false,,,,false,workday:Expedia Group:/job/IND0011---Gurgaon---Downtown---Expedia/Integrated-Property-Management-Support-Associate_R-105396
Expedia Group:/job/Austin-Domain-11---HomeAway/iOS-Mobile-Engineer-III_R-107860-1,Expedia Group,iOS Mobile Engineer III,Austin Domain 11 - HomeAway,,https://expedia.wd108.myworkdayjobs.com/en-US/search/job/Austin-Domain-11---HomeAway/iOS-Mobile-Engineer-III_R-107860-1,Posted Today,2026-07-15T18:17:51+00:00,2026-07-15 11:17 Wed,,false,,,,false,workday:Expedia Group:/job/Austin-Domain-11---HomeAway/iOS-Mobile-Engineer-III_R-107860-1
Expedia Group:/job/IND0011---Gurgaon---Downtown---Expedia/Learning-and-Development-Trainer_R-105579,Expedia Group,Learning and Development Trainer,IND0011 - Gurgaon - Downtown - Expedia,,https://expedia.wd108.myworkdayjobs.com/en-US/search/job/IND0011---Gurgaon---Downtown---Expedia/Learning-and-Development-Trainer_R-105579,Posted 7 Days Ago,2026-07-11T03:36:34+00:00,2026-07-10 20:36 Fri,,false,,,,false,workday:Expedia Group:/job/IND0011---Gurgaon---Downtown---Expedia/Learning-and-Development-Trainer_R-105579
Expedia Group:/job/Washington---Seattle-Campus/Learning-Enablement-Program-Manager_R-107419,Expedia Group,Learning Enablement Program Manager,3 Locations,,https://expedia.wd108.myworkdayjobs.com/en-US/search/job/Washington---Seattle-Campus/Learning-Enablement-Program-Manager_R-107419,Posted Today,2026-07-11T03:36:34+00:00,2026-07-10 20:36 Fri,,false,,,,false,workday:Expedia Group:/job/Washington---Seattle-Campus/Learning-Enablement-Program-Manager_R-107419
Expedia Group:/job/UK---London/Loyalty-Service-Manager_R-103372,Expedia Group,Loyalty Experience Manager,UK - London,,https://expedia.wd108.myworkdayjobs.com/en-US/search/job/UK---London/Loyalty-Service-Manager_R-103372,Posted 22 Days Ago,2026-07-11T03:36:34+00:00,2026-07-10 20:36 Fri,,false,,,,false,workday:Expedia Group:/job/UK---London/Loyalty-Service-Manager_R-103372
Expedia Group:/job/India---Bangalore/Machine-Learning-Engineer-II_R-107194,Expedia Group,Machine Learning Engineer II,India - Bangalore,,https://expedia.wd108.myworkdayjobs.com/en-US/search/job/India---Bangalore/Machine-Learning-Engineer-II_R-107194,Posted Today,2026-07-14T07:41:11+00:00,2026-07-14 00:41 Tue,,false,,,,false,workday:Expedia Group:/job/India---Bangalore/Machine-Learning-Engineer-II_R-107194
Expedia Group:/job/India---Gurgaon/Machine-Learning-Engineer-II_R-108134,Expedia Group,Machine Learning Engineer II,India - Gurgaon,,https://expedia.wd108.myworkdayjobs.com/en-US/search/job/India---Gurgaon/Machine-Learning-Engineer-II_R-108134,Posted 10 Days Ago,2026-07-24T06:41:28+00:00,2026-07-23 23:41 Thu,,false,,,,false,workday:Expedia Group:/job/India---Gurgaon/Machine-Learning-Engineer-II_R-108134
Expedia Group:/job/USA---California---San-Jose/Machine-Learning-Engineer-II_R-108871-1,Expedia Group,Machine Learning Engineer II,USA---California---San-Jose,,https://expedia.wd108.myworkdayjobs.com/en-US/search/job/USA---California---San-Jose/Machine-Learning-Engineer-II_R-108871-1,Posted Today,2026-08-18T02:56:28+00:00,2026-08-17 19:56 Mon,AI / ML,true,CLI,72,"The candidate has strong applied machine learning, computer vision, Python/C++ engineering, deep learning, production tooling, and backend experience, but the missing job description and limited evidence of large-scale recommender, experimentation, or travel-domain systems reduce confidence for an Expedia Machine Learning Engineer II role.",true,workday:Expedia Group:/job/USA---California---San-Jose/Machine-Learning-Engineer-II_R-108871-1
Expedia Group:/job/India---Gurgaon/Machine-Learning-Engineer-II_R-106937,Expedia Group,Machine Learning Engineer II ( Data engineering heavy),India - Gurgaon,,https://expedia.wd108.myworkdayjobs.com/en-US/search/job/India---Gurgaon/Machine-Learning-Engineer-II_R-106937,Posted 10 Days Ago,2026-07-11T03:36:34+00:00,2026-07-10 20:36 Fri,,false,,,,false,workday:Expedia Group:/job/India---Gurgaon/Machine-Learning-Engineer-II_R-106937
Expedia Group:/job/Spain---Madrid/Machine-Learning-Engineer-III_R-106994-1,Expedia Group,Machine Learning Engineer III,Spain - Madrid,,https://expedia.wd108.myworkdayjobs.com/en-US/search/job/Spain---Madrid/Machine-Learning-Engineer-III_R-106994-1,Posted 6 Days Ago,2026-07-11T03:36:34+00:00,2026-07-10 20:36 Fri,,false,,,,false,workday:Expedia Group:/job/Spain---Madrid/Machine-Learning-Engineer-III_R-106994-1
Expedia Group:0065f072-c487-4769-b10d-6993af68f633,Expedia Group,Machine Learning Science Intern,"San Jose, CA; Austin, TX",AI/ML/Data,https://expedia.wd108.myworkdayjobs.com/private/job/Austin-Domain-11---HomeAway/Machine-Learning-Science-Intern---PhD---2026---Austin--San-Jose_R-98585,2026-02-25,2026-07-07T05:59:38+00:00,2026-07-06 22:59 Mon,,false,,,,false,simplify:Simplify Internships:0065f072-c487-4769-b10d-6993af68f633
Expedia Group:/job/India---Bangalore/Machine-Learning-Scientist_R-108011,Expedia Group,Machine Learning Scientist,India - Bangalore,,https://expedia.wd108.myworkdayjobs.com/en-US/search/job/India---Bangalore/Machine-Learning-Scientist_R-108011,Posted Today,2026-08-03T10:17:50+00:00,2026-08-03 03:17 Mon,,false,,,,false,workday:Expedia Group:/job/India---Bangalore/Machine-Learning-Scientist_R-108011
Expedia Group:/job/USA---California---San-Jose/Machine-Learning-Scientist-II_R-107895-1,Expedia Group,Machine Learning Scientist II,3 Locations,,https://expedia.wd108.myworkdayjobs.com/en-US/search/job/USA---California---San-Jose/Machine-Learning-Scientist-II_R-107895-1,Posted Today,2026-07-13T14:59:08+00:00,2026-07-13 07:59 Mon,,false,,,,false,workday:Expedia Group:/job/USA---California---San-Jose/Machine-Learning-Scientist-II_R-107895-1
Expedia Group:/job/Washington---Seattle-Campus/Machine-Learning-Scientist-II_R-108120,Expedia Group,Machine Learning Scientist II,2 Locations,,https://expedia.wd108.myworkdayjobs.com/en-US/search/job/Washington---Seattle-Campus/Machine-Learning-Scientist-II_R-108120,Posted Today,2026-07-22T15:59:48+00:00,2026-07-22 08:59 Wed,,false,,,,false,workday:Expedia Group:/job/Washington---Seattle-Campus/Machine-Learning-Scientist-II_R-108120
Expedia Group:/job/UK---London/Machine-Learning-Scientist-II_R-108124-1,Expedia Group,Machine Learning Scientist II,UK - London,,https://expedia.wd108.myworkdayjobs.com/en-US/search/job/UK---London/Machine-Learning-Scientist-II_R-108124-1,Posted Today,2026-08-06T01:24:39+00:00,2026-08-05 18:24 Wed,,false,,,,false,workday:Expedia Group:/job/UK---London/Machine-Learning-Scientist-II_R-108124-1
Expedia Group:/job/Switzerland---Geneva/Machine-Learning-Scientist-II---Personalization_R-108152-1,Expedia Group,Machine Learning Scientist II - Personalization,Switzerland - Geneva,,https://expedia.wd108.myworkdayjobs.com/en-US/search/job/Switzerland---Geneva/Machine-Learning-Scientist-II---Personalization_R-108152-1,Posted Today,2026-07-24T19:48:22+00:00,2026-07-24 12:48 Fri,,false,,,,false,workday:Expedia Group:/job/Switzerland---Geneva/Machine-Learning-Scientist-II---Personalization_R-108152-1
Expedia Group:/job/Washington---Seattle-Campus/Machine-Learning-Scientist-III_R-103955-1,Expedia Group,Machine Learning Scientist III,2 Locations,,https://expedia.wd108.myworkdayjobs.com/en-US/search/job/Washington---Seattle-Campus/Machine-Learning-Scientist-III_R-103955-1,Posted 7 Days Ago,2026-07-11T03:36:34+00:00,2026-07-10 20:36 Fri,,false,,,,false,workday:Expedia Group:/job/Washington---Seattle-Campus/Machine-Learning-Scientist-III_R-103955-1
Expedia Group:/job/India---Bangalore/Machine-Learning-Scientist-III_R-107837-1,Expedia Group,Machine Learning Scientist III,India - Bangalore,,https://expedia.wd108.myworkdayjobs.com/en-US/search/job/India---Bangalore/Machine-Learning-Scientist-III_R-107837-1,Posted 11 Days Ago,2026-07-23T10:08:02+00:00,2026-07-23 03:08 Thu,,false,,,,false,workday:Expedia Group:/job/India---Bangalore/Machine-Learning-Scientist-III_R-107837-1
Expedia Group:/job/Switzerland---Geneva/Machine-Learning-Scientist-III_R-106534,Expedia Group,Machine Learning Scientist III,Switzerland - Geneva,,https://expedia.wd108.myworkdayjobs.com/en-US/search/job/Switzerland---Geneva/Machine-Learning-Scientist-III_R-106534,Posted Today,2026-07-23T15:18:24+00:00,2026-07-23 08:18 Thu,,false,,,,false,workday:Expedia Group:/job/Switzerland---Geneva/Machine-Learning-Scientist-III_R-106534
Expedia Group:/job/Washington---Seattle-Campus/Machine-Learning-Scientist-III---Package-Pricing_R-108429-1,Expedia Group,Machine Learning Scientist III - Package Pricing,2 Locations,,https://expedia.wd108.myworkdayjobs.com/en-US/search/job/Washington---Seattle-Campus/Machine-Learning-Scientist-III---Package-Pricing_R-108429-1,Posted Yesterday,2026-08-04T11:28:14+00:00,2026-08-04 04:28 Tue,,false,,,,false,workday:Expedia Group:/job/Washington---Seattle-Campus/Machine-Learning-Scientist-III---Package-Pricing_R-108429-1
Expedia Group:/job/USA---California---San-Jose/Machine-Learning-Scientist-III---Personalization_R-107143-1,Expedia Group,Machine Learning Scientist III - Personalization,USA - California - San Jose,,https://expedia.wd108.myworkdayjobs.com/en-US/search/job/USA---California---San-Jose/Machine-Learning-Scientist-III---Personalization_R-107143-1,Posted Today,2026-07-27T11:41:26+00:00,2026-07-27 04:41 Mon,AI / ML,true,Keyword,43,keyword-only heuristic,false,workday:Expedia Group:/job/USA---California---San-Jose/Machine-Learning-Scientist-III---Personalization_R-107143-1
Expedia Group:/job/Washington---Seattle-Campus/Machine-Learning-Scientist-III---Whole-Trip-AI_R-108184-1,Expedia Group,Machine Learning Scientist III - Whole Trip AI,3 Locations,,https://expedia.wd108.myworkdayjobs.com/en-US/search/job/Washington---Seattle-Campus/Machine-Learning-Scientist-III---Whole-Trip-AI_R-108184-1,Posted Today,2026-07-21T20:59:55+00:00,2026-07-21 13:59 Tue,,false,,,,false,workday:Expedia Group:/job/Washington---Seattle-Campus/Machine-Learning-Scientist-III---Whole-Trip-AI_R-108184-1
Expedia Group:/job/Spain---Madrid/Regional-HR-Manager_R-108200,Expedia Group,"Manager, Employee Relations",Spain - Madrid,,https://expedia.wd108.myworkdayjobs.com/en-US/search/job/Spain---Madrid/Regional-HR-Manager_R-108200,Posted Today,2026-08-05T03:23:34+00:00,2026-08-04 20:23 Tue,,false,,,,false,workday:Expedia Group:/job/Spain---Madrid/Regional-HR-Manager_R-108200
Expedia Group:/job/USA---Missouri---Springfield/Manager--Financial-Operations_R-107507,Expedia Group,"Manager, Financial Operations",USA - Missouri - Springfield,,https://expedia.wd108.myworkdayjobs.com/en-US/search/job/USA---Missouri---Springfield/Manager--Financial-Operations_R-107507,Posted 25 Days Ago,2026-07-11T03:36:34+00:00,2026-07-10 20:36 Fri,,false,,,,false,workday:Expedia Group:/job/USA---Missouri---Springfield/Manager--Financial-Operations_R-107507
Expedia Group:/job/Washington---Seattle-Campus/Manager--Marketing-Technology---Enablement_R-102747-1,Expedia Group,"Manager, Marketing Technology & Enablement",2 Locations,,https://expedia.wd108.myworkdayjobs.com/en-US/search/job/Washington---Seattle-Campus/Manager--Marketing-Technology---Enablement_R-102747-1,Posted 27 Days Ago,2026-07-11T03:36:34+00:00,2026-07-10 20:36 Fri,,false,,,,false,workday:Expedia Group:/job/Washington---Seattle-Campus/Manager--Marketing-Technology---Enablement_R-102747-1
Expedia Group:/job/Washington---Seattle-Campus/Marketing-Operations-Manager_R-102692,Expedia Group,"Manager, Marketing Technology & Integrations ",3 Locations,,https://expedia.wd108.myworkdayjobs.com/en-US/search/job/Washington---Seattle-Campus/Marketing-Operations-Manager_R-102692,Posted 3 Days Ago,2026-07-11T03:36:34+00:00,2026-07-10 20:36 Fri,,false,,,,false,workday:Expedia Group:/job/Washington---Seattle-Campus/Marketing-Operations-Manager_R-102692
Expedia Group:/job/Czech-Republic---Prague/Manager--Network-Engineering_R-105176,Expedia Group,"Manager, Network Engineering",Czech Republic - Prague,,https://expedia.wd108.myworkdayjobs.com/en-US/search/job/Czech-Republic---Prague/Manager--Network-Engineering_R-105176,Posted 3 Days Ago,2026-07-12T20:58:57+00:00,2026-07-12 13:58 Sun,,false,,,,false,workday:Expedia Group:/job/Czech-Republic---Prague/Manager--Network-Engineering_R-105176
Expedia Group:/job/Spain---Madrid/Manager--Risk---Compliance_R-107508,Expedia Group,"Manager, Risk & Compliance",2 Locations,,https://expedia.wd108.myworkdayjobs.com/en-US/search/job/Spain---Madrid/Manager--Risk---Compliance_R-107508,Posted 8 Days Ago,2026-07-11T03:36:34+00:00,2026-07-10 20:36 Fri,,false,,,,false,workday:Expedia Group:/job/Spain---Madrid/Manager--Risk---Compliance_R-107508
Expedia Group:/job/UK---London/Manager--SEO-Content---AI-Search-Optimization--SEM-_R-106037,Expedia Group,"Manager, SEO Content & AI Search Optimization (SEM)",UK - London,,https://expedia.wd108.myworkdayjobs.com/en-US/search/job/UK---London/Manager--SEO-Content---AI-Search-Optimization--SEM-_R-106037,Posted 8 Days Ago,2026-07-11T03:36:34+00:00,2026-07-10 20:36 Fri,,false,,,,false,workday:Expedia Group:/job/UK---London/Manager--SEO-Content---AI-Search-Optimization--SEM-_R-106037
Expedia Group:/job/Germany---Berlin/Market-Manager_R-104821-1,Expedia Group,Market Manager,2 Locations,,https://expedia.wd108.myworkdayjobs.com/en-US/search/job/Germany---Berlin/Market-Manager_R-104821-1,Posted 11 Days Ago,2026-07-11T03:36:34+00:00,2026-07-10 20:36 Fri,,false,,,,false,workday:Expedia Group:/job/Germany---Berlin/Market-Manager_R-104821-1
Expedia Group:/job/Washington---Seattle-Campus/Market-Manager_R-107211-1,Expedia Group,Market Manager,Washington - Seattle Campus,,https://expedia.wd108.myworkdayjobs.com/en-US/search/job/Washington---Seattle-Campus/Market-Manager_R-107211-1,Posted 30+ Days Ago,2026-07-11T03:36:34+00:00,2026-07-10 20:36 Fri,,false,,,,false,workday:Expedia Group:/job/Washington---Seattle-Campus/Market-Manager_R-107211-1
Expedia Group:/job/USA---Nevada---Las-Vegas/Market-Manager_R-108073-1,Expedia Group,Market Manager,USA - Nevada - Las Vegas,,https://expedia.wd108.myworkdayjobs.com/en-US/search/job/USA---Nevada---Las-Vegas/Market-Manager_R-108073-1,Posted 7 Days Ago,2026-07-27T14:17:41+00:00,2026-07-27 07:17 Mon,,false,,,,false,workday:Expedia Group:/job/USA---Nevada---Las-Vegas/Market-Manager_R-108073-1
Expedia Group:/job/New-Zealand---Auckland/Market-Manager--Auckland-_R-108237,Expedia Group,Market Manager (Auckland),New Zealand - Auckland,,https://expedia.wd108.myworkdayjobs.com/en-US/search/job/New-Zealand---Auckland/Market-Manager--Auckland-_R-108237,Posted 6 Days Ago,2026-07-28T07:41:38+00:00,2026-07-28 00:41 Tue,,false,,,,false,workday:Expedia Group:/job/New-Zealand---Auckland/Market-Manager--Auckland-_R-108237
Expedia Group:/job/Thailand---Bangkok/Market-Manager--Bangkok-_R-107302,Expedia Group,Market Manager (Bangkok),Thailand - Bangkok,,https://expedia.wd108.myworkdayjobs.com/en-US/search/job/Thailand---Bangkok/Market-Manager--Bangkok-_R-107302,Posted 8 Days Ago,2026-07-11T03:36:34+00:00,2026-07-10 20:36 Fri,,false,,,,false,workday:Expedia Group:/job/Thailand---Bangkok/Market-Manager--Bangkok-_R-107302
Expedia Group:/job/USA---Massachusetts---Boston/Market-Manager--Boston-_R-107834-1,Expedia Group,Market Manager (Boston),USA - Massachusetts - Boston,,https://expedia.wd108.myworkdayjobs.com/en-US/search/job/USA---Massachusetts---Boston/Market-Manager--Boston-_R-107834-1,Posted Yesterday,2026-07-11T03:36:34+00:00,2026-07-10 20:36 Fri,,false,,,,false,workday:Expedia Group:/job/USA---Massachusetts---Boston/Market-Manager--Boston-_R-107834-1
Expedia Group:/job/Japan---Tokyo/Market-Manager--Tokyo--_R-107766,Expedia Group,Market Manager (Tokyo ),Japan - Tokyo,,https://expedia.wd108.myworkdayjobs.com/en-US/search/job/Japan---Tokyo/Market-Manager--Tokyo--_R-107766,Posted 21 Days Ago,2026-07-13T01:16:39+00:00,2026-07-12 18:16 Sun,,false,,,,false,workday:Expedia Group:/job/Japan---Tokyo/Market-Manager--Tokyo--_R-107766
Expedia Group:/job/USA---California---West-Hollywood/Media---Sponsorship-Business-Director_R-103993,Expedia Group,Media & Sponsorship Business Director,2 Locations,,https://expedia.wd108.myworkdayjobs.com/en-US/search/job/USA---California---West-Hollywood/Media---Sponsorship-Business-Director_R-103993,Posted Today,2026-08-05T03:23:34+00:00,2026-08-04 20:23 Tue,,false,,,,false,workday:Expedia Group:/job/USA---California---West-Hollywood/Media---Sponsorship-Business-Director_R-103993
Expedia Group:/job/USA---California---West-Hollywood/Media-Business-Director_R-102786-1,Expedia Group,Media & Sponsorships Business Director,2 Locations,,https://expedia.wd108.myworkdayjobs.com/en-US/search/job/USA---California---West-Hollywood/Media-Business-Director_R-102786-1,Posted 10 Days Ago,2026-07-24T17:41:33+00:00,2026-07-24 10:41 Fri,,false,,,,false,workday:Expedia Group:/job/USA---California---West-Hollywood/Media-Business-Director_R-102786-1
Expedia Group:/job/Brazil---Sao-Paulo/Merchandising-Operations-Specialist_R-107244,Expedia Group,Merchandising Operations Specialist,Brazil - Sao Paulo,,https://expedia.wd108.myworkdayjobs.com/en-US/search/job/Brazil---Sao-Paulo/Merchandising-Operations-Specialist_R-107244,Posted 17 Days Ago,2026-07-17T17:59:49+00:00,2026-07-17 10:59 Fri,,false,,,,false,workday:Expedia Group:/job/Brazil---Sao-Paulo/Merchandising-Operations-Specialist_R-107244
Expedia Group:/job/Washington---Seattle-Campus/Mobile-Engineer-II---iOS_R-99623,Expedia Group,Mobile Engineer II - iOS,Washington - Seattle Campus,,https://expedia.wd108.myworkdayjobs.com/en-US/search/job/Washington---Seattle-Campus/Mobile-Engineer-II---iOS_R-99623,Posted 17 Days Ago,2026-07-18T01:59:03+00:00,2026-07-17 18:59 Fri,,false,,,,false,workday:Expedia Group:/job/Washington---Seattle-Campus/Mobile-Engineer-II---iOS_R-99623
Expedia Group:/job/UK---London/Mobile-Engineer-II--Android_R-106059-1,Expedia Group,"Mobile Engineer II, Android",UK - London,,https://expedia.wd108.myworkdayjobs.com/en-US/search/job/UK---London/Mobile-Engineer-II--Android_R-106059-1,Posted Today,2026-07-11T03:36:34+00:00,2026-07-10 20:36 Fri,,false,,,,false,workday:Expedia Group:/job/UK---London/Mobile-Engineer-II--Android_R-106059-1
Expedia Group:/job/India---Gurgaon/Mobile-Engineer-III--Android_R-107958,Expedia Group,"Mobile Engineer III, Android",India - Gurgaon,,https://expedia.wd108.myworkdayjobs.com/en-US/search/job/India---Gurgaon/Mobile-Engineer-III--Android_R-107958,Posted Today,2026-07-27T16:41:26+00:00,2026-07-27 09:41 Mon,,false,,,,false,workday:Expedia Group:/job/India---Gurgaon/Mobile-Engineer-III--Android_R-107958
Expedia Group:/job/Washington---Seattle-Campus/Mobile-Engineer-III--iOS_R-105347-1,Expedia Group,"Mobile Engineer III, iOS",Washington - Seattle Campus,,https://expedia.wd108.myworkdayjobs.com/en-US/search/job/Washington---Seattle-Campus/Mobile-Engineer-III--iOS_R-105347-1,Posted 24 Days Ago,2026-07-11T03:36:34+00:00,2026-07-10 20:36 Fri,,false,,,,false,workday:Expedia Group:/job/Washington---Seattle-Campus/Mobile-Engineer-III--iOS_R-105347-1
Expedia Group:/job/UK---London/Mobile-Engineer-III--iOS_R-108141-1,Expedia Group,"Mobile Engineer III, iOS",UK - London,,https://expedia.wd108.myworkdayjobs.com/en-US/search/job/UK---London/Mobile-Engineer-III--iOS_R-108141-1,Posted Today,2026-08-04T14:37:18+00:00,2026-08-04 07:37 Tue,,false,,,,false,workday:Expedia Group:/job/UK---London/Mobile-Engineer-III--iOS_R-108141-1
Expedia Group:/job/India---Gurgaon/Mobile-Engineer-III--iOS_R-108296,Expedia Group,"Mobile Engineer III, iOS",India - Gurgaon,,https://expedia.wd108.myworkdayjobs.com/en-US/search/job/India---Gurgaon/Mobile-Engineer-III--iOS_R-108296,Posted Today,2026-08-05T08:38:11+00:00,2026-08-05 01:38 Wed,,false,,,,false,workday:Expedia Group:/job/India---Gurgaon/Mobile-Engineer-III--iOS_R-108296
Expedia Group:/job/Washington---Seattle-Campus/Mobile-Engineer-III--iOS---InsurTech_R-107567-1,Expedia Group,"Mobile Engineer III, iOS – InsurTech",Washington - Seattle Campus,,https://expedia.wd108.myworkdayjobs.com/en-US/search/job/Washington---Seattle-Campus/Mobile-Engineer-III--iOS---InsurTech_R-107567-1,Posted 11 Days Ago,2026-07-23T15:59:39+00:00,2026-07-23 08:59 Thu,,false,,,,false,workday:Expedia Group:/job/Washington---Seattle-Campus/Mobile-Engineer-III--iOS---InsurTech_R-107567-1
Expedia Group:/job/Czech-Republic---Prague/Network-Engineer-I_R-105186,Expedia Group,Network Engineer I,Czech Republic - Prague,,https://expedia.wd108.myworkdayjobs.com/en-US/search/job/Czech-Republic---Prague/Network-Engineer-I_R-105186,Posted 30+ Days Ago,2026-07-11T03:36:34+00:00,2026-07-10 20:36 Fri,,false,,,,false,workday:Expedia Group:/job/Czech-Republic---Prague/Network-Engineer-I_R-105186
Expedia Group:/job/India---Gurgaon/Network-Engineer-I_R-105185-2,Expedia Group,Network Engineer I,India - Gurgaon,,https://expedia.wd108.myworkdayjobs.com/en-US/search/job/India---Gurgaon/Network-Engineer-I_R-105185-2,Posted 9 Days Ago,2026-07-11T03:36:34+00:00,2026-07-10 20:36 Fri,,false,,,,false,workday:Expedia Group:/job/India---Gurgaon/Network-Engineer-I_R-105185-2
Expedia Group:/job/Czech-Republic---Prague/Network-Engineer-II_R-105183,Expedia Group,Network Engineer II,Czech Republic - Prague,,https://expedia.wd108.myworkdayjobs.com/en-US/search/job/Czech-Republic---Prague/Network-Engineer-II_R-105183,Posted 11 Days Ago,2026-07-23T09:59:33+00:00,2026-07-23 02:59 Thu,,false,,,,false,workday:Expedia Group:/job/Czech-Republic---Prague/Network-Engineer-II_R-105183
Expedia Group:/job/India---Gurgaon/Oracle-EPM-Technical-Analyst_R-106616,Expedia Group,Oracle EPM Engineer,2 Locations,,https://expedia.wd108.myworkdayjobs.com/en-US/search/job/India---Gurgaon/Oracle-EPM-Technical-Analyst_R-106616,Posted 12 Days Ago,2026-07-11T03:36:34+00:00,2026-07-10 20:36 Fri,,false,,,,false,workday:Expedia Group:/job/India---Gurgaon/Oracle-EPM-Technical-Analyst_R-106616
Expedia Group:/job/Washington---Seattle-Campus/Paralegal_R-107037,Expedia Group,Paralegal,Washington - Seattle Campus,,https://expedia.wd108.myworkdayjobs.com/en-US/search/job/Washington---Seattle-Campus/Paralegal_R-107037,Posted 4 Days Ago,2026-07-11T03:36:34+00:00,2026-07-10 20:36 Fri,,false,,,,false,workday:Expedia Group:/job/Washington---Seattle-Campus/Paralegal_R-107037
Expedia Group:/job/India---Gurgaon/Partner-Advocate--Technical-Partner-Support-_R-108330-1,Expedia Group,Partner Advocate (Technical Partner Support),India - Gurgaon,,https://expedia.wd108.myworkdayjobs.com/en-US/search/job/India---Gurgaon/Partner-Advocate--Technical-Partner-Support-_R-108330-1,Posted Today,2026-08-04T11:28:14+00:00,2026-08-04 04:28 Tue,,false,,,,false,workday:Expedia Group:/job/India---Gurgaon/Partner-Advocate--Technical-Partner-Support-_R-108330-1
Expedia Group:/job/Malaysia---Petaling-Jaya/Partner-Growth---Agility--Account-Manager---Japanese-Language--Kuala-Lumpur-_R-101468,Expedia Group,"Partner Growth & Agility, Account Manager , Japanese or Korean Language (Kuala Lumpur)",Malaysia - Petaling Jaya,,https://expedia.wd108.myworkdayjobs.com/en-US/search/job/Malaysia---Petaling-Jaya/Partner-Growth---Agility--Account-Manager---Japanese-Language--Kuala-Lumpur-_R-101468,Posted 18 Days Ago,2026-07-11T03:36:34+00:00,2026-07-10 20:36 Fri,,false,,,,false,workday:Expedia Group:/job/Malaysia---Petaling-Jaya/Partner-Growth---Agility--Account-Manager---Japanese-Language--Kuala-Lumpur-_R-101468
Expedia Group:/job/Malaysia---Petaling-Jaya/Partner-Growth---Agility--Account-Manager---Mandarin-or-Indonesian-Language_R-108291,Expedia Group,"Partner Growth & Agility, Account Manager , Mandarin or Indonesian Language",Malaysia - Petaling Jaya,,https://expedia.wd108.myworkdayjobs.com/en-US/search/job/Malaysia---Petaling-Jaya/Partner-Growth---Agility--Account-Manager---Mandarin-or-Indonesian-Language_R-108291,Posted 4 Days Ago,2026-07-30T00:17:24+00:00,2026-07-29 17:17 Wed,,false,,,,false,workday:Expedia Group:/job/Malaysia---Petaling-Jaya/Partner-Growth---Agility--Account-Manager---Mandarin-or-Indonesian-Language_R-108291
Expedia Group:/job/Malaysia---Petaling-Jaya/Partner-Growth---Agility-Associate--Lodging-Account-Management---English-Language_R-96749,Expedia Group,"Partner Growth & Agility, Associate Account Manager - English",Malaysia - Petaling Jaya,,https://expedia.wd108.myworkdayjobs.com/en-US/search/job/Malaysia---Petaling-Jaya/Partner-Growth---Agility-Associate--Lodging-Account-Management---English-Language_R-96749,Posted 17 Days Ago,2026-07-11T03:36:34+00:00,2026-07-10 20:36 Fri,,false,,,,false,workday:Expedia Group:/job/Malaysia---Petaling-Jaya/Partner-Growth---Agility-Associate--Lodging-Account-Management---English-Language_R-96749
Expedia Group:/job/Malaysia---Petaling-Jaya/Partner-Growth---Agility--Associate-Account-Manager---Japanese-Language--Kuala-Lumpur-_R-104388,Expedia Group,"Partner Growth & Agility, Associate Account Manager - Japanese Language (Kuala Lumpur)",Malaysia - Petaling Jaya,,https://expedia.wd108.myworkdayjobs.com/en-US/search/job/Malaysia---Petaling-Jaya/Partner-Growth---Agility--Associate-Account-Manager---Japanese-Language--Kuala-Lumpur-_R-104388,Posted 14 Days Ago,2026-07-11T03:36:34+00:00,2026-07-10 20:36 Fri,,false,,,,false,workday:Expedia Group:/job/Malaysia---Petaling-Jaya/Partner-Growth---Agility--Associate-Account-Manager---Japanese-Language--Kuala-Lumpur-_R-104388
Expedia Group:/job/Malaysia---Petaling-Jaya/Partner-Growth---Agility--Associate-Account-Manager---Mandarin-Language--Kuala-Lumpur--Kuala-Lumpur-_R-107974,Expedia Group,"Partner Growth & Agility, Associate Account Manager - Mandarin Language (Kuala Lumpur)(Kuala Lumpur)",Malaysia - Petaling Jaya,,https://expedia.wd108.myworkdayjobs.com/en-US/search/job/Malaysia---Petaling-Jaya/Partner-Growth---Agility--Associate-Account-Manager---Mandarin-Language--Kuala-Lumpur--Kuala-Lumpur-_R-107974,Posted 17 Days Ago,2026-07-17T01:41:18+00:00,2026-07-16 18:41 Thu,,false,,,,false,workday:Expedia Group:/job/Malaysia---Petaling-Jaya/Partner-Growth---Agility--Associate-Account-Manager---Mandarin-Language--Kuala-Lumpur--Kuala-Lumpur-_R-107974
Expedia Group:/job/Malaysia---Petaling-Jaya/Partner-Growth---Agility--Associate-Competitiveness-Agility-Team---Japanese-Language--Kuala-Lumpur-_R-107800,Expedia Group,"Partner Growth & Agility, Associate Competitiveness Agility Team - Japanese Language (Kuala Lumpur)",Malaysia - Petaling Jaya,,https://expedia.wd108.myworkdayjobs.com/en-US/search/job/Malaysia---Petaling-Jaya/Partner-Growth---Agility--Associate-Competitiveness-Agility-Team---Japanese-Language--Kuala-Lumpur-_R-107800,Posted 21 Days Ago,2026-07-13T01:40:44+00:00,2026-07-12 18:40 Sun,,false,,,,false,workday:Expedia Group:/job/Malaysia---Petaling-Jaya/Partner-Growth---Agility--Associate-Competitiveness-Agility-Team---Japanese-Language--Kuala-Lumpur-_R-107800
Expedia Group:/job/USA---Illinois---Chicago/Partner-Marketing-Manager_R-107206-1,Expedia Group,Partner Marketing Manager,USA - Illinois - Chicago,,https://expedia.wd108.myworkdayjobs.com/en-US/search/job/USA---Illinois---Chicago/Partner-Marketing-Manager_R-107206-1,Posted 11 Days Ago,2026-07-11T03:36:34+00:00,2026-07-10 20:36 Fri,,false,,,,false,workday:Expedia Group:/job/USA---Illinois---Chicago/Partner-Marketing-Manager_R-107206-1
Expedia Group:/job/Austin-Domain-11---HomeAway/Partner-Success-Account-Manager---Spanish-fluency-required_R-108069-1,Expedia Group,Partner Success Account Manager - Spanish fluency required,Austin Domain 11 - HomeAway,,https://expedia.wd108.myworkdayjobs.com/en-US/search/job/Austin-Domain-11---HomeAway/Partner-Success-Account-Manager---Spanish-fluency-required_R-108069-1,Posted Today,2026-07-28T16:59:27+00:00,2026-07-28 09:59 Tue,,false,,,,false,workday:Expedia Group:/job/Austin-Domain-11---HomeAway/Partner-Success-Account-Manager---Spanish-fluency-required_R-108069-1
Expedia Group:/job/UK---London/Performance-Marketing-Analyst_R-107296-1,Expedia Group,Performance Marketing Analyst,UK - London,,https://expedia.wd108.myworkdayjobs.com/en-US/search/job/UK---London/Performance-Marketing-Analyst_R-107296-1,Posted Today,2026-07-27T13:59:55+00:00,2026-07-27 06:59 Mon,,false,,,,false,workday:Expedia Group:/job/UK---London/Performance-Marketing-Analyst_R-107296-1
Expedia Group:/job/Czech-Republic---Prague/PGA-Associate-Account-Manager---English-Markets_R-108791-1,Expedia Group,PGA Associate Account Manager - English Markets,Czech Republic - Prague,,https://expedia.wd108.myworkdayjobs.com/en-US/search/job/Czech-Republic---Prague/PGA-Associate-Account-Manager---English-Markets_R-108791-1,Posted Today,2026-08-18T02:56:28+00:00,2026-08-17 19:56 Mon,,false,,,,false,workday:Expedia Group:/job/Czech-Republic---Prague/PGA-Associate-Account-Manager---English-Markets_R-108791-1
Expedia Group:/job/Mexico---Mexico-City/PGA-Associate-Account-Manager---French-and-English-fluency-required_R-107951,Expedia Group,PGA Associate Account Manager - French and English fluency required,Mexico - Mexico City,,https://expedia.wd108.myworkdayjobs.com/en-US/search/job/Mexico---Mexico-City/PGA-Associate-Account-Manager---French-and-English-fluency-required_R-107951,Posted 14 Days Ago,2026-07-20T17:41:49+00:00,2026-07-20 10:41 Mon,,false,,,,false,workday:Expedia Group:/job/Mexico---Mexico-City/PGA-Associate-Account-Manager---French-and-English-fluency-required_R-107951
Expedia Group:/job/Malaysia---Petaling-Jaya/PGA-Associate-Account-Manager---Japanese-Speaking--Kuala-Lumpur-_R-107939,Expedia Group,PGA Associate Account Manager - Japanese Speaking (Kuala Lumpur),Malaysia - Petaling Jaya,,https://expedia.wd108.myworkdayjobs.com/en-US/search/job/Malaysia---Petaling-Jaya/PGA-Associate-Account-Manager---Japanese-Speaking--Kuala-Lumpur-_R-107939,Posted 17 Days Ago,2026-07-17T00:41:16+00:00,2026-07-16 17:41 Thu,,false,,,,false,workday:Expedia Group:/job/Malaysia---Petaling-Jaya/PGA-Associate-Account-Manager---Japanese-Speaking--Kuala-Lumpur-_R-107939
Expedia Group:/job/Washington---Seattle-Campus/Principal-Analyst---Security-Operations_R-108156,Expedia Group,Principal Analyst - Security Operations,Washington - Seattle Campus,,https://expedia.wd108.myworkdayjobs.com/en-US/search/job/Washington---Seattle-Campus/Principal-Analyst---Security-Operations_R-108156,Posted Today,2026-08-07T01:17:04+00:00,2026-08-06 18:17 Thu,,false,,,,false,workday:Expedia Group:/job/Washington---Seattle-Campus/Principal-Analyst---Security-Operations_R-108156
Expedia Group:/job/UK---London/Principal-Android-Engineer---Search-and-Recommendations-Experience_R-101945-1,Expedia Group,Principal Android Engineer - Search and Recommendations Experience,UK - London,,https://expedia.wd108.myworkdayjobs.com/en-US/search/job/UK---London/Principal-Android-Engineer---Search-and-Recommendations-Experience_R-101945-1,Posted 10 Days Ago,2026-07-13T17:17:02+00:00,2026-07-13 10:17 Mon,,false,,,,false,workday:Expedia Group:/job/UK---London/Principal-Android-Engineer---Search-and-Recommendations-Experience_R-101945-1
Expedia Group:/job/USA---California---San-Jose/Principal-Data---AI-Engineer--Reporting-and-Insights_R-107931,Expedia Group,"Principal Data & AI Engineer, Reporting and Insights",USA - California - San Jose,,https://expedia.wd108.myworkdayjobs.com/en-US/search/job/USA---California---San-Jose/Principal-Data---AI-Engineer--Reporting-and-Insights_R-107931,Posted 12 Days Ago,2026-07-22T17:18:00+00:00,2026-07-22 10:18 Wed,,false,,,,false,workday:Expedia Group:/job/USA---California---San-Jose/Principal-Data---AI-Engineer--Reporting-and-Insights_R-107931
Expedia Group:/job/UK---London/Principal-iOS-Engineer---Search-and-Recommendations-Experience_R-101912-1,Expedia Group,Principal iOS Engineer - Search and Recommendations Experience,UK - London,,https://expedia.wd108.myworkdayjobs.com/en-US/search/job/UK---London/Principal-iOS-Engineer---Search-and-Recommendations-Experience_R-101912-1,Posted 4 Days Ago,2026-07-11T03:36:34+00:00,2026-07-10 20:36 Fri,,false,,,,false,workday:Expedia Group:/job/UK---London/Principal-iOS-Engineer---Search-and-Recommendations-Experience_R-101912-1
Expedia Group:/job/Washington---Seattle-Campus/Principal-Machine-Learning-Scientist---Agentic-Experiences_R-108452-1,Expedia Group,Principal Machine Learning Scientist - Agentic Experiences,2 Locations,,https://expedia.wd108.myworkdayjobs.com/en-US/search/job/Washington---Seattle-Campus/Principal-Machine-Learning-Scientist---Agentic-Experiences_R-108452-1,Posted Yesterday,2026-08-04T11:28:14+00:00,2026-08-04 04:28 Tue,,false,,,,false,workday:Expedia Group:/job/Washington---Seattle-Campus/Principal-Machine-Learning-Scientist---Agentic-Experiences_R-108452-1
Expedia Group:/job/Washington---Seattle-Campus/Principal-Machine-Learning-Scientist---Search-and-Recommendations_R-108448-1,Expedia Group,Principal Machine Learning Scientist - Search and Recommendations,2 Locations,,https://expedia.wd108.myworkdayjobs.com/en-US/search/job/Washington---Seattle-Campus/Principal-Machine-Learning-Scientist---Search-and-Recommendations_R-108448-1,Posted 4 Days Ago,2026-07-30T17:42:04+00:00,2026-07-30 10:42 Thu,,false,,,,false,workday:Expedia Group:/job/Washington---Seattle-Campus/Principal-Machine-Learning-Scientist---Search-and-Recommendations_R-108448-1
Expedia Group:/job/Washington---Seattle-Campus/Principal-Marketing-Strategist_R-107208,Expedia Group,Principal Marketing Strategist,Washington - Seattle Campus,,https://expedia.wd108.myworkdayjobs.com/en-US/search/job/Washington---Seattle-Campus/Principal-Marketing-Strategist_R-107208,Posted 19 Days Ago,2026-07-15T18:17:51+00:00,2026-07-15 11:17 Wed,,false,,,,false,workday:Expedia Group:/job/Washington---Seattle-Campus/Principal-Marketing-Strategist_R-107208
Expedia Group:/job/Washington---Seattle-Campus/Principal-ML-Scientist_R-101843-1,Expedia Group,Principal ML Scientist,Washington - Seattle Campus,,https://expedia.wd108.myworkdayjobs.com/en-US/search/job/Washington---Seattle-Campus/Principal-ML-Scientist_R-101843-1,Posted Today,2026-07-16T11:59:16+00:00,2026-07-16 04:59 Thu,,false,,,,false,workday:Expedia Group:/job/Washington---Seattle-Campus/Principal-ML-Scientist_R-101843-1
Expedia Group:/job/India---Gurgaon/Principal-Product-Manager_R-105203,Expedia Group,Principal Product Manager,India - Gurgaon,,https://expedia.wd108.myworkdayjobs.com/en-US/search/job/India---Gurgaon/Principal-Product-Manager_R-105203,Posted Today,2026-07-30T07:17:19+00:00,2026-07-30 00:17 Thu,,false,,,,false,workday:Expedia Group:/job/India---Gurgaon/Principal-Product-Manager_R-105203
Expedia Group:/job/UK---London/Principal-Product-Manager---AI-Builder_R-108076-1,Expedia Group,Principal Product Manager - AI Builder,UK - London,,https://expedia.wd108.myworkdayjobs.com/en-US/search/job/UK---London/Principal-Product-Manager---AI-Builder_R-108076-1,Posted 4 Days Ago,2026-07-30T13:41:54+00:00,2026-07-30 06:41 Thu,,false,,,,false,workday:Expedia Group:/job/UK---London/Principal-Product-Manager---AI-Builder_R-108076-1
Expedia Group:/job/Washington---Seattle-Campus/Principal-Product-Manager---Answer-Engine-Optimization--AEO-_R-106199-1,Expedia Group,Principal Product Manager - Answer Engine Optimization (AEO),Washington - Seattle Campus,,https://expedia.wd108.myworkdayjobs.com/en-US/search/job/Washington---Seattle-Campus/Principal-Product-Manager---Answer-Engine-Optimization--AEO-_R-106199-1,Posted 10 Days Ago,2026-07-11T03:36:34+00:00,2026-07-10 20:36 Fri,,false,,,,false,workday:Expedia Group:/job/Washington---Seattle-Campus/Principal-Product-Manager---Answer-Engine-Optimization--AEO-_R-106199-1
Expedia Group:/job/Washington---Seattle-Campus/Principal-Product-Manager---Agentic-Search_R-106242-1,Expedia Group,Principal Product Manager - Business to Agent,Washington - Seattle Campus,,https://expedia.wd108.myworkdayjobs.com/en-US/search/job/Washington---Seattle-Campus/Principal-Product-Manager---Agentic-Search_R-106242-1,Posted 19 Days Ago,2026-07-11T03:36:34+00:00,2026-07-10 20:36 Fri,,false,,,,false,workday:Expedia Group:/job/Washington---Seattle-Campus/Principal-Product-Manager---Agentic-Search_R-106242-1
Expedia Group:/job/Washington---Seattle-Campus/Principal-Product-Manager--Agentic-Evals_R-107795,Expedia Group,"Principal Product Manager, Agentic Evals",2 Locations,,https://expedia.wd108.myworkdayjobs.com/en-US/search/job/Washington---Seattle-Campus/Principal-Product-Manager--Agentic-Evals_R-107795,Posted 27 Days Ago,2026-07-11T03:36:34+00:00,2026-07-10 20:36 Fri,,false,,,,false,workday:Expedia Group:/job/Washington---Seattle-Campus/Principal-Product-Manager--Agentic-Evals_R-107795
Expedia Group:/job/Washington---Seattle-Campus/Principal-Product-Manager--AI-Builder-Experiences_R-107794-1,Expedia Group,"Principal Product Manager, AI Builder Experiences",2 Locations,,https://expedia.wd108.myworkdayjobs.com/en-US/search/job/Washington---Seattle-Campus/Principal-Product-Manager--AI-Builder-Experiences_R-107794-1,Posted 27 Days Ago,2026-07-11T03:36:34+00:00,2026-07-10 20:36 Fri,,false,,,,false,workday:Expedia Group:/job/Washington---Seattle-Campus/Principal-Product-Manager--AI-Builder-Experiences_R-107794-1
Expedia Group:/job/UK---London/Principal-Product-Manager--Data-Platform_R-105530,Expedia Group,"Principal Product Manager, Data Platform",UK - London,,https://expedia.wd108.myworkdayjobs.com/en-US/search/job/UK---London/Principal-Product-Manager--Data-Platform_R-105530,Posted 24 Days Ago,2026-07-11T03:36:34+00:00,2026-07-10 20:36 Fri,,false,,,,false,workday:Expedia Group:/job/UK---London/Principal-Product-Manager--Data-Platform_R-105530
Expedia Group:/job/Washington---Seattle-Campus/Principal-Product-Manager--Fraud---Risk-Platform_R-107409,Expedia Group,"Principal Product Manager, Fraud & Risk Platform",Washington - Seattle Campus,,https://expedia.wd108.myworkdayjobs.com/en-US/search/job/Washington---Seattle-Campus/Principal-Product-Manager--Fraud---Risk-Platform_R-107409,Posted 27 Days Ago,2026-07-11T03:36:34+00:00,2026-07-10 20:36 Fri,,false,,,,false,workday:Expedia Group:/job/Washington---Seattle-Campus/Principal-Product-Manager--Fraud---Risk-Platform_R-107409
Expedia Group:/job/Washington---Seattle-Campus/Principal-Quantitative-User-Experience-Researcher--AI_R-106384-1,Expedia Group,"Principal Quantitative User Experience Researcher, AI",4 Locations,,https://expedia.wd108.myworkdayjobs.com/en-US/search/job/Washington---Seattle-Campus/Principal-Quantitative-User-Experience-Researcher--AI_R-106384-1,Posted 22 Days Ago,2026-07-11T03:36:34+00:00,2026-07-10 20:36 Fri,,false,,,,false,workday:Expedia Group:/job/Washington---Seattle-Campus/Principal-Quantitative-User-Experience-Researcher--AI_R-106384-1
Expedia Group:/job/Austin-Domain-11---HomeAway/Principal-Software-Development-Engineer_R-101767,Expedia Group,Principal Software Development Engineer,Austin Domain 11 - HomeAway,,https://expedia.wd108.myworkdayjobs.com/en-US/search/job/Austin-Domain-11---HomeAway/Principal-Software-Development-Engineer_R-101767,Posted 15 Days Ago,2026-07-11T03:36:34+00:00,2026-07-10 20:36 Fri,,false,,,,false,workday:Expedia Group:/job/Austin-Domain-11---HomeAway/Principal-Software-Development-Engineer_R-101767
Expedia Group:/job/India---Bangalore/Principal-Software-Development-Engineer_R-108259,Expedia Group,Principal Software Development Engineer,India - Bangalore,,https://expedia.wd108.myworkdayjobs.com/en-US/search/job/India---Bangalore/Principal-Software-Development-Engineer_R-108259,Posted Today,2026-08-03T11:59:36+00:00,2026-08-03 04:59 Mon,,false,,,,false,workday:Expedia Group:/job/India---Bangalore/Principal-Software-Development-Engineer_R-108259
Expedia Group:/job/USA---California---San-Jose/Principal-Software-Development-Engineer_R-102791-1,Expedia Group,Principal Software Development Engineer - Cloud Platform,USA - California - San Jose,,https://expedia.wd108.myworkdayjobs.com/en-US/search/job/USA---California---San-Jose/Principal-Software-Development-Engineer_R-102791-1,Posted 3 Days Ago,2026-07-11T03:36:34+00:00,2026-07-10 20:36 Fri,,false,,,,false,workday:Expedia Group:/job/USA---California---San-Jose/Principal-Software-Development-Engineer_R-102791-1
Expedia Group:/job/USA---California---San-Jose/Principal-Software-Development-Engineer---Observability_R-99820-1,Expedia Group,Principal Software Development Engineer - Observability,2 Locations,,https://expedia.wd108.myworkdayjobs.com/en-US/search/job/USA---California---San-Jose/Principal-Software-Development-Engineer---Observability_R-99820-1,Posted 4 Days Ago,2026-07-30T21:17:31+00:00,2026-07-30 14:17 Thu,,false,,,,false,workday:Expedia Group:/job/USA---California---San-Jose/Principal-Software-Development-Engineer---Observability_R-99820-1
Expedia Group:/job/USA---California---San-Jose/Principal-Software-Development-Engineer---Platform---Infrastructure_R-98122-1,Expedia Group,Principal Software Development Engineer — Platform & Infrastructure,USA - California - San Jose,,https://expedia.wd108.myworkdayjobs.com/en-US/search/job/USA---California---San-Jose/Principal-Software-Development-Engineer---Platform---Infrastructure_R-98122-1,Posted Today,2026-08-05T03:23:34+00:00,2026-08-04 20:23 Tue,,false,,,,false,workday:Expedia Group:/job/USA---California---San-Jose/Principal-Software-Development-Engineer---Platform---Infrastructure_R-98122-1
Expedia Group:/job/India---Gurgaon/Principal-Technical-Program-Manager_R-108442-1,Expedia Group,Principal Technical Program Manager,India - Gurgaon,,https://expedia.wd108.myworkdayjobs.com/en-US/search/job/India---Gurgaon/Principal-Technical-Program-Manager_R-108442-1,Posted 4 Days Ago,2026-08-18T02:56:28+00:00,2026-08-17 19:56 Mon,,false,,,,false,workday:Expedia Group:/job/India---Gurgaon/Principal-Technical-Program-Manager_R-108442-1
Expedia Group:/job/Washington---Seattle-Campus/Director-of-Product-Design--Search_R-99376-1,Expedia Group,"Principal, Product Design – Search",3 Locations,,https://expedia.wd108.myworkdayjobs.com/en-US/search/job/Washington---Seattle-Campus/Director-of-Product-Design--Search_R-99376-1,Posted Today,2026-07-22T16:41:31+00:00,2026-07-22 09:41 Wed,,false,,,,false,workday:Expedia Group:/job/Washington---Seattle-Campus/Director-of-Product-Design--Search_R-99376-1
Expedia Group:/job/UK---London/Principal--Experience-Designer---AI-Incubation-Lab_R-106361-1,Expedia Group,"Principal, Product Designer - AI Incubation Lab",4 Locations,,https://expedia.wd108.myworkdayjobs.com/en-US/search/job/UK---London/Principal--Experience-Designer---AI-Incubation-Lab_R-106361-1,Posted 10 Days Ago,2026-07-11T03:36:34+00:00,2026-07-10 20:36 Fri,,false,,,,false,workday:Expedia Group:/job/UK---London/Principal--Experience-Designer---AI-Incubation-Lab_R-106361-1
Expedia Group:/job/UK---London/Principal-UX-Designer---AI-Incubation-Lab_R-106363,Expedia Group,"Principal, Product Designer - AI Incubation Lab",3 Locations,,https://expedia.wd108.myworkdayjobs.com/en-US/search/job/UK---London/Principal-UX-Designer---AI-Incubation-Lab_R-106363,Posted 10 Days Ago,2026-07-11T03:36:34+00:00,2026-07-10 20:36 Fri,,false,,,,false,workday:Expedia Group:/job/UK---London/Principal-UX-Designer---AI-Incubation-Lab_R-106363
Expedia Group:/job/USA---Missouri---Springfield/Procurement-Contracts-Analyst_R-107397,Expedia Group,Procurement Contracts Analyst,USA - Missouri - Springfield,,https://expedia.wd108.myworkdayjobs.com/en-US/search/job/USA---Missouri---Springfield/Procurement-Contracts-Analyst_R-107397,Posted 7 Days Ago,2026-07-11T03:36:34+00:00,2026-07-10 20:36 Fri,,false,,,,false,workday:Expedia Group:/job/USA---Missouri---Springfield/Procurement-Contracts-Analyst_R-107397
Expedia Group:/job/USA---New-York---New-York/Product-Design-Lead--Core-Experiences_R-102644-1,Expedia Group,Product Design Lead - Expedia Brand (BEX),3 Locations,,https://expedia.wd108.myworkdayjobs.com/en-US/search/job/USA---New-York---New-York/Product-Design-Lead--Core-Experiences_R-102644-1,Posted 15 Days Ago,2026-07-11T03:36:34+00:00,2026-07-10 20:36 Fri,,false,,,,false,workday:Expedia Group:/job/USA---New-York---New-York/Product-Design-Lead--Core-Experiences_R-102644-1
Expedia Group:/job/UK---London/Product-Manager-III--Analytics-Platform-Capabilities_R-107980-1,Expedia Group,"Product Manager III, AI Analytics Products",UK - London,,https://expedia.wd108.myworkdayjobs.com/en-US/search/job/UK---London/Product-Manager-III--Analytics-Platform-Capabilities_R-107980-1,Posted 3 Days Ago,2026-07-17T14:56:49+00:00,2026-07-17 07:56 Fri,,false,,,,false,workday:Expedia Group:/job/UK---London/Product-Manager-III--Analytics-Platform-Capabilities_R-107980-1
Expedia Group:/job/UK---London/Product-Manager-III--B2B-Intelligent-Experience-Platform_R-106677,Expedia Group,"Product Manager III, B2B Intelligent Experience Platform",UK - London,,https://expedia.wd108.myworkdayjobs.com/en-US/search/job/UK---London/Product-Manager-III--B2B-Intelligent-Experience-Platform_R-106677,Posted 8 Days Ago,2026-07-11T03:36:34+00:00,2026-07-10 20:36 Fri,,false,,,,false,workday:Expedia Group:/job/UK---London/Product-Manager-III--B2B-Intelligent-Experience-Platform_R-106677
Expedia Group:/job/UK---London/Product-Manager-III--GenAI---ML-Platform-_R-105740,Expedia Group,"Product Manager III, GenAI & ML Platform ",3 Locations,,https://expedia.wd108.myworkdayjobs.com/en-US/search/job/UK---London/Product-Manager-III--GenAI---ML-Platform-_R-105740,Posted 14 Days Ago,2026-07-11T03:36:34+00:00,2026-07-10 20:36 Fri,,false,,,,false,workday:Expedia Group:/job/UK---London/Product-Manager-III--GenAI---ML-Platform-_R-105740
Expedia Group:/job/Austin-Domain-11---HomeAway/Product-Manager-III--VRBO-Payments_R-105735,Expedia Group,"Product Manager III, Partner Payments",2 Locations,,https://expedia.wd108.myworkdayjobs.com/en-US/search/job/Austin-Domain-11---HomeAway/Product-Manager-III--VRBO-Payments_R-105735,Posted 18 Days Ago,2026-07-11T03:36:34+00:00,2026-07-10 20:36 Fri,,false,,,,false,workday:Expedia Group:/job/Austin-Domain-11---HomeAway/Product-Manager-III--VRBO-Payments_R-105735
Expedia Group:/job/UK---London/Product-Manager--Direct-Inventory---Demand_R-107014,Expedia Group,"Product Manager, Direct Inventory - Demand",UK - London,,https://expedia.wd108.myworkdayjobs.com/en-US/search/job/UK---London/Product-Manager--Direct-Inventory---Demand_R-107014,Posted 9 Days Ago,2026-07-11T03:36:34+00:00,2026-07-10 20:36 Fri,,false,,,,false,workday:Expedia Group:/job/UK---London/Product-Manager--Direct-Inventory---Demand_R-107014
Expedia Group:/job/UK---London/Product-Manager--Direct-Inventory---Supply_R-107016,Expedia Group,"Product Manager, Direct Inventory - Supply",UK - London,,https://expedia.wd108.myworkdayjobs.com/en-US/search/job/UK---London/Product-Manager--Direct-Inventory---Supply_R-107016,Posted 9 Days Ago,2026-07-11T03:36:34+00:00,2026-07-10 20:36 Fri,,false,,,,false,workday:Expedia Group:/job/UK---London/Product-Manager--Direct-Inventory---Supply_R-107016
Expedia Group:/job/USA---Illinois---Chicago/Product-Marketing-Manager_R-107031-1,Expedia Group,Product Marketing Manager,2 Locations,,https://expedia.wd108.myworkdayjobs.com/en-US/search/job/USA---Illinois---Chicago/Product-Marketing-Manager_R-107031-1,Posted 17 Days Ago,2026-07-11T03:36:34+00:00,2026-07-10 20:36 Fri,,false,,,,false,workday:Expedia Group:/job/USA---Illinois---Chicago/Product-Marketing-Manager_R-107031-1
Expedia Group:/job/Austin-Domain-11---HomeAway/Product-Security-Architect-III_R-104904-1,Expedia Group,Product Security Architect III,3 Locations,,https://expedia.wd108.myworkdayjobs.com/en-US/search/job/Austin-Domain-11---HomeAway/Product-Security-Architect-III_R-104904-1,Posted Today,2026-07-16T22:59:02+00:00,2026-07-16 15:59 Thu,,false,,,,false,workday:Expedia Group:/job/Austin-Domain-11---HomeAway/Product-Security-Architect-III_R-104904-1
Expedia Group:/job/Washington---Seattle-Campus/Production-Senior-Specialist_R-107452,Expedia Group,Production Senior Specialist,Washington - Seattle Campus,,https://expedia.wd108.myworkdayjobs.com/en-US/search/job/Washington---Seattle-Campus/Production-Senior-Specialist_R-107452,Posted 10 Days Ago,2026-07-24T18:41:59+00:00,2026-07-24 11:41 Fri,,false,,,,false,workday:Expedia Group:/job/Washington---Seattle-Campus/Production-Senior-Specialist_R-107452
Expedia Group:/job/Canada---British-Columbia---Vancouver/Program-Manager-I--Sales-Tech_R-107870,Expedia Group,"Program Manager I, Sales Tech",Canada - British Columbia - Vancouver,,https://expedia.wd108.myworkdayjobs.com/en-US/search/job/Canada---British-Columbia---Vancouver/Program-Manager-I--Sales-Tech_R-107870,Posted Today,2026-07-11T03:36:34+00:00,2026-07-10 20:36 Fri,,false,,,,false,workday:Expedia Group:/job/Canada---British-Columbia---Vancouver/Program-Manager-I--Sales-Tech_R-107870
Expedia Group:/job/USA---Colorado---Denver/Program-Manager-III_R-106819-1,Expedia Group,Program Manager III,USA - Colorado - Denver,,https://expedia.wd108.myworkdayjobs.com/en-US/search/job/USA---Colorado---Denver/Program-Manager-III_R-106819-1,Posted 3 Days Ago,2026-07-11T03:36:34+00:00,2026-07-10 20:36 Fri,,false,,,,false,workday:Expedia Group:/job/USA---Colorado---Denver/Program-Manager-III_R-106819-1
Expedia Group:/job/Washington---Seattle-Campus/Program-Manager-III_R-107333-1,Expedia Group,Program Manager III,Washington - Seattle Campus,,https://expedia.wd108.myworkdayjobs.com/en-US/search/job/Washington---Seattle-Campus/Program-Manager-III_R-107333-1,Posted 14 Days Ago,2026-07-11T03:36:34+00:00,2026-07-10 20:36 Fri,,false,,,,false,workday:Expedia Group:/job/Washington---Seattle-Campus/Program-Manager-III_R-107333-1
Expedia Group:/job/Washington---Seattle-Campus/Operational-Readiness-Manager_R-105500,Expedia Group,Program Manager – Commercial Operations B2B Supply,Washington - Seattle Campus,,https://expedia.wd108.myworkdayjobs.com/en-US/search/job/Washington---Seattle-Campus/Operational-Readiness-Manager_R-105500,Posted Today,2026-08-03T19:59:58+00:00,2026-08-03 12:59 Mon,,false,,,,false,workday:Expedia Group:/job/Washington---Seattle-Campus/Operational-Readiness-Manager_R-105500
Expedia Group:/job/IND0011---Gurgaon---Downtown---Expedia/Regulatory-Insights-Manager_R-107861,Expedia Group,Regulatory Insights Manager,IND0011 - Gurgaon - Downtown - Expedia,,https://expedia.wd108.myworkdayjobs.com/en-US/search/job/IND0011---Gurgaon---Downtown---Expedia/Regulatory-Insights-Manager_R-107861,Posted Today,2026-08-05T03:23:34+00:00,2026-08-04 20:23 Tue,,false,,,,false,workday:Expedia Group:/job/IND0011---Gurgaon---Downtown---Expedia/Regulatory-Insights-Manager_R-107861
Expedia Group:/job/Malaysia---Petaling-Jaya/Regulatory-Operations-Data-Associate_R-108294,Expedia Group,Regulatory Operations Data Associate,Malaysia - Petaling Jaya,,https://expedia.wd108.myworkdayjobs.com/en-US/search/job/Malaysia---Petaling-Jaya/Regulatory-Operations-Data-Associate_R-108294,Posted 5 Days Ago,2026-07-29T08:41:25+00:00,2026-07-29 01:41 Wed,,false,,,,false,workday:Expedia Group:/job/Malaysia---Petaling-Jaya/Regulatory-Operations-Data-Associate_R-108294
Expedia Group:/job/Austin-Domain-11---HomeAway/Sales-Development-Representative_R-107903,Expedia Group,Sales Development Representative,Austin Domain 11 - HomeAway,,https://expedia.wd108.myworkdayjobs.com/en-US/search/job/Austin-Domain-11---HomeAway/Sales-Development-Representative_R-107903,Posted Today,2026-07-20T17:41:49+00:00,2026-07-20 10:41 Mon,,false,,,,false,workday:Expedia Group:/job/Austin-Domain-11---HomeAway/Sales-Development-Representative_R-107903
Expedia Group:/job/India---Gurgaon/Security-Engineer-I---Threat-Detection_R-107164,Expedia Group,Security Engineer I - Threat Detection,India - Gurgaon,,https://expedia.wd108.myworkdayjobs.com/en-US/search/job/India---Gurgaon/Security-Engineer-I---Threat-Detection_R-107164,Posted Today,2026-08-04T11:28:14+00:00,2026-08-04 04:28 Tue,,false,,,,false,workday:Expedia Group:/job/India---Gurgaon/Security-Engineer-I---Threat-Detection_R-107164
Expedia Group:/job/India---Gurgaon/Security-Engineer-II---Threat-Detection_R-107165,Expedia Group,Security Engineer II - Threat Detection,India - Gurgaon,,https://expedia.wd108.myworkdayjobs.com/en-US/search/job/India---Gurgaon/Security-Engineer-II---Threat-Detection_R-107165,Posted Yesterday,2026-07-11T03:36:34+00:00,2026-07-10 20:36 Fri,,false,,,,false,workday:Expedia Group:/job/India---Gurgaon/Security-Engineer-II---Threat-Detection_R-107165
Expedia Group:/job/Washington---Seattle-Campus/Security-Engineer-III_R-107535-2,Expedia Group,Security Engineer III,Washington - Seattle Campus,,https://expedia.wd108.myworkdayjobs.com/en-US/search/job/Washington---Seattle-Campus/Security-Engineer-III_R-107535-2,Posted Today,2026-07-22T15:17:44+00:00,2026-07-22 08:17 Wed,,false,,,,false,workday:Expedia Group:/job/Washington---Seattle-Campus/Security-Engineer-III_R-107535-2
Expedia Group:/job/India---Gurgaon/Security-Engineer-III---Vulnerability-Management_R-107533,Expedia Group,"Security Engineer III , Vulnerability Management",India - Gurgaon,,https://expedia.wd108.myworkdayjobs.com/en-US/search/job/India---Gurgaon/Security-Engineer-III---Vulnerability-Management_R-107533,Posted 3 Days Ago,2026-07-17T14:41:53+00:00,2026-07-17 07:41 Fri,,false,,,,false,workday:Expedia Group:/job/India---Gurgaon/Security-Engineer-III---Vulnerability-Management_R-107533
Expedia Group:/job/India---Gurgaon/Security-Engineer-III---Threat-Detection_R-107166-1,Expedia Group,Security Engineer III - Threat Detection,India - Gurgaon,,https://expedia.wd108.myworkdayjobs.com/en-US/search/job/India---Gurgaon/Security-Engineer-III---Threat-Detection_R-107166-1,Posted Yesterday,2026-07-11T03:36:34+00:00,2026-07-10 20:36 Fri,,false,,,,false,workday:Expedia Group:/job/India---Gurgaon/Security-Engineer-III---Threat-Detection_R-107166-1
Expedia Group:/job/Washington---Seattle-Campus/Security-Engineering-III_R-108485-1,Expedia Group,Security Engineering III,Washington - Seattle Campus,,https://expedia.wd108.myworkdayjobs.com/en-US/search/job/Washington---Seattle-Campus/Security-Engineering-III_R-108485-1,Posted Today,2026-08-04T15:16:18+00:00,2026-08-04 08:16 Tue,,false,,,,false,workday:Expedia Group:/job/Washington---Seattle-Campus/Security-Engineering-III_R-108485-1
Expedia Group:/job/India---Gurgaon/Security-Operations-Analyst-II---Security-Compliance-Center_R-102545,Expedia Group,Security Operations Analyst II – Security Compliance Center,India - Gurgaon,,https://expedia.wd108.myworkdayjobs.com/en-US/search/job/India---Gurgaon/Security-Operations-Analyst-II---Security-Compliance-Center_R-102545,Posted Today,2026-07-22T17:41:40+00:00,2026-07-22 10:41 Wed,,false,,,,false,workday:Expedia Group:/job/India---Gurgaon/Security-Operations-Analyst-II---Security-Compliance-Center_R-102545
Expedia Group:/job/India---Gurgaon/Security-Operations-Analyst-II---Third-Party-Risk-Management-Operations-Center_R-106274,Expedia Group,Security Operations Analyst II – Third Party Risk Management Operations Center,India - Gurgaon,,https://expedia.wd108.myworkdayjobs.com/en-US/search/job/India---Gurgaon/Security-Operations-Analyst-II---Third-Party-Risk-Management-Operations-Center_R-106274,Posted Today,2026-07-17T09:41:36+00:00,2026-07-17 02:41 Fri,,false,,,,false,workday:Expedia Group:/job/India---Gurgaon/Security-Operations-Analyst-II---Third-Party-Risk-Management-Operations-Center_R-106274
Expedia Group:/job/USA---Nevada---Las-Vegas/Senior-Market-Manager_R-104199-1,Expedia Group,Senior Account Manager - Las Vegas,USA - Nevada - Las Vegas,,https://expedia.wd108.myworkdayjobs.com/en-US/search/job/USA---Nevada---Las-Vegas/Senior-Market-Manager_R-104199-1,Posted Yesterday,2026-07-11T03:36:34+00:00,2026-07-10 20:36 Fri,,false,,,,false,workday:Expedia Group:/job/USA---Nevada---Las-Vegas/Senior-Market-Manager_R-104199-1
Expedia Group:/job/Austin-Domain-11---HomeAway/Senior-AI-Engineer_R-108281-1,Expedia Group,Senior AI Engineer,3 Locations,,https://expedia.wd108.myworkdayjobs.com/en-US/search/job/Austin-Domain-11---HomeAway/Senior-AI-Engineer_R-108281-1,Posted 4 Days Ago,2026-07-30T22:47:57+00:00,2026-07-30 15:47 Thu,,false,,,,false,workday:Expedia Group:/job/Austin-Domain-11---HomeAway/Senior-AI-Engineer_R-108281-1
Expedia Group:/job/Czech-Republic---Prague/Senior-Analyst-Business-Workforce-Solutions_R-103987,Expedia Group,Senior Analyst Business Workforce Solutions,2 Locations,,https://expedia.wd108.myworkdayjobs.com/en-US/search/job/Czech-Republic---Prague/Senior-Analyst-Business-Workforce-Solutions_R-103987,Posted 10 Days Ago,2026-07-11T03:36:34+00:00,2026-07-10 20:36 Fri,,false,,,,false,workday:Expedia Group:/job/Czech-Republic---Prague/Senior-Analyst-Business-Workforce-Solutions_R-103987
Expedia Group:/job/Czech-Republic---Prague/Senior-Analyst--Business-Workforce-Solutions_R-108036,Expedia Group,"Senior Analyst, Business Workforce Solutions",2 Locations,,https://expedia.wd108.myworkdayjobs.com/en-US/search/job/Czech-Republic---Prague/Senior-Analyst--Business-Workforce-Solutions_R-108036,Posted 13 Days Ago,2026-07-21T16:11:09+00:00,2026-07-21 09:11 Tue,,false,,,,false,workday:Expedia Group:/job/Czech-Republic---Prague/Senior-Analyst--Business-Workforce-Solutions_R-108036
Expedia Group:/job/Washington---Seattle-Campus/Senior-Analyst--Payment-Operations_R-107968-2,Expedia Group,"Senior Analyst, Payment Operations",Washington - Seattle Campus,,https://expedia.wd108.myworkdayjobs.com/en-US/search/job/Washington---Seattle-Campus/Senior-Analyst--Payment-Operations_R-107968-2,Posted Today,2026-07-29T14:59:13+00:00,2026-07-29 07:59 Wed,,false,,,,false,workday:Expedia Group:/job/Washington---Seattle-Campus/Senior-Analyst--Payment-Operations_R-107968-2
Expedia Group:/job/Washington---Seattle-Campus/Senior-Analytics-Partner--People-Analytics_R-106208,Expedia Group,"Senior Analytics Partner, People Analytics",Washington - Seattle Campus,,https://expedia.wd108.myworkdayjobs.com/en-US/search/job/Washington---Seattle-Campus/Senior-Analytics-Partner--People-Analytics_R-106208,Posted 12 Days Ago,2026-07-22T20:17:45+00:00,2026-07-22 13:17 Wed,,false,,,,false,workday:Expedia Group:/job/Washington---Seattle-Campus/Senior-Analytics-Partner--People-Analytics_R-106208
Expedia Group:/job/Washington---Seattle-Campus/Senior-Android-Engineer---Air-Shopping-Experience_R-102651-1,Expedia Group,Senior Android Engineer - Air Shopping Experience,Washington - Seattle Campus,,https://expedia.wd108.myworkdayjobs.com/en-US/search/job/Washington---Seattle-Campus/Senior-Android-Engineer---Air-Shopping-Experience_R-102651-1,Posted Today,2026-07-23T03:41:09+00:00,2026-07-22 20:41 Wed,,false,,,,false,workday:Expedia Group:/job/Washington---Seattle-Campus/Senior-Android-Engineer---Air-Shopping-Experience_R-102651-1
Expedia Group:/job/UK---London/Senior-Architect_R-106961,Expedia Group,Senior Architect,UK - London,,https://expedia.wd108.myworkdayjobs.com/en-US/search/job/UK---London/Senior-Architect_R-106961,Posted 15 Days Ago,2026-07-11T03:36:34+00:00,2026-07-10 20:36 Fri,,false,,,,false,workday:Expedia Group:/job/UK---London/Senior-Architect_R-106961
Expedia Group:/job/Washington---Seattle-Campus/Senior-Business-Programs-Manager--Compliance-Enablement_R-107292,Expedia Group,"Senior Business Programs Manager, Compliance Enablement",Washington - Seattle Campus,,https://expedia.wd108.myworkdayjobs.com/en-US/search/job/Washington---Seattle-Campus/Senior-Business-Programs-Manager--Compliance-Enablement_R-107292,Posted 14 Days Ago,2026-07-11T03:36:34+00:00,2026-07-10 20:36 Fri,,false,,,,false,workday:Expedia Group:/job/Washington---Seattle-Campus/Senior-Business-Programs-Manager--Compliance-Enablement_R-107292
Expedia Group:/job/USA---Illinois---Chicago/Senior-Cloud-Infrastructure-Development-Engineer---Kubernetes_R-106658-1,Expedia Group,Senior Cloud Infrastructure Development Engineer - Kubernetes,USA - Illinois - Chicago,,https://expedia.wd108.myworkdayjobs.com/en-US/search/job/USA---Illinois---Chicago/Senior-Cloud-Infrastructure-Development-Engineer---Kubernetes_R-106658-1,Posted 22 Days Ago,2026-07-11T03:36:34+00:00,2026-07-10 20:36 Fri,,false,,,,false,workday:Expedia Group:/job/USA---Illinois---Chicago/Senior-Cloud-Infrastructure-Development-Engineer---Kubernetes_R-106658-1
Expedia Group:/job/Spain---Madrid/Senior-Partner-Finance-Executive_R-107734,Expedia Group,Senior Commercial Credit Risk Analyst,Spain - Madrid,,https://expedia.wd108.myworkdayjobs.com/en-US/search/job/Spain---Madrid/Senior-Partner-Finance-Executive_R-107734,Posted 3 Days Ago,2026-07-15T10:41:22+00:00,2026-07-15 03:41 Wed,,false,,,,false,workday:Expedia Group:/job/Spain---Madrid/Senior-Partner-Finance-Executive_R-107734
Expedia Group:/job/India---Gurgaon/Senior-Content-Designer_R-107015,Expedia Group,Senior Content Designer,India - Gurgaon,,https://expedia.wd108.myworkdayjobs.com/en-US/search/job/India---Gurgaon/Senior-Content-Designer_R-107015,Posted 11 Days Ago,2026-07-11T03:36:34+00:00,2026-07-10 20:36 Fri,,false,,,,false,workday:Expedia Group:/job/India---Gurgaon/Senior-Content-Designer_R-107015
Expedia Group:/job/UK---London/Senior-CRM-Solution-Specialist_R-107784-1,Expedia Group,Senior CRM Solution Specialist,UK - London,,https://expedia.wd108.myworkdayjobs.com/en-US/search/job/UK---London/Senior-CRM-Solution-Specialist_R-107784-1,Posted 4 Days Ago,2026-07-30T14:41:39+00:00,2026-07-30 07:41 Thu,,false,,,,false,workday:Expedia Group:/job/UK---London/Senior-CRM-Solution-Specialist_R-107784-1
Expedia Group:/job/UK---London/Senior-Data-Platform-Engineer--Data-Lake-and-Catalog-_R-107322-1,Expedia Group,Senior Data Platform Engineer (Data Lake and Catalog),UK - London,,https://expedia.wd108.myworkdayjobs.com/en-US/search/job/UK---London/Senior-Data-Platform-Engineer--Data-Lake-and-Catalog-_R-107322-1,Posted 7 Days Ago,2026-07-11T03:36:34+00:00,2026-07-10 20:36 Fri,,false,,,,false,workday:Expedia Group:/job/UK---London/Senior-Data-Platform-Engineer--Data-Lake-and-Catalog-_R-107322-1
Expedia Group:/job/UK---London/Senior-Data-Scientist--Analytics_R-107159,Expedia Group,"Senior Data Scientist, Analytics",UK - London,,https://expedia.wd108.myworkdayjobs.com/en-US/search/job/UK---London/Senior-Data-Scientist--Analytics_R-107159,Posted 6 Days Ago,2026-07-28T10:41:15+00:00,2026-07-28 03:41 Tue,,false,,,,false,workday:Expedia Group:/job/UK---London/Senior-Data-Scientist--Analytics_R-107159
Expedia Group:/job/India---Gurgaon/Senior-Digital-Compliance-Manager--GRC-_R-108123,Expedia Group,Senior Digital Compliance Manager (GRC),India - Gurgaon,,https://expedia.wd108.myworkdayjobs.com/en-US/search/job/India---Gurgaon/Senior-Digital-Compliance-Manager--GRC-_R-108123,Posted Today,2026-07-24T10:17:30+00:00,2026-07-24 03:17 Fri,,false,,,,false,workday:Expedia Group:/job/India---Gurgaon/Senior-Digital-Compliance-Manager--GRC-_R-108123
Expedia Group:/job/UK---London/Senior-Director-SPA--Growth-and-Operations_R-107514,Expedia Group,"Senior Director SPA, Growth and Operations",UK - London,,https://expedia.wd108.myworkdayjobs.com/en-US/search/job/UK---London/Senior-Director-SPA--Growth-and-Operations_R-107514,Posted 25 Days Ago,2026-07-11T03:36:34+00:00,2026-07-10 20:36 Fri,,false,,,,false,workday:Expedia Group:/job/UK---London/Senior-Director-SPA--Growth-and-Operations_R-107514
Expedia Group:/job/Washington---Seattle-Campus/Senior-Director--Corporate-Development_R-104614,Expedia Group,"Senior Director, Corporate Development",Washington - Seattle Campus,,https://expedia.wd108.myworkdayjobs.com/en-US/search/job/Washington---Seattle-Campus/Senior-Director--Corporate-Development_R-104614,Posted 7 Days Ago,2026-07-27T15:41:40+00:00,2026-07-27 08:41 Mon,,false,,,,false,workday:Expedia Group:/job/Washington---Seattle-Campus/Senior-Director--Corporate-Development_R-104614
Expedia Group:/job/Washington---Seattle-Campus/Senior-Director--High-Performance-Culture_R-108247,Expedia Group,"Senior Director, High-Performance Culture",Washington - Seattle Campus,,https://expedia.wd108.myworkdayjobs.com/en-US/search/job/Washington---Seattle-Campus/Senior-Director--High-Performance-Culture_R-108247,Posted Yesterday,2026-08-07T01:17:04+00:00,2026-08-06 18:17 Thu,,false,,,,false,workday:Expedia Group:/job/Washington---Seattle-Campus/Senior-Director--High-Performance-Culture_R-108247
Expedia Group:/job/Washington---Seattle-Campus/Sr-Director--ML-AI---Search-and-Recommendations_R-103173-1,Expedia Group,"Senior Director, ML/AI - Search and Recommendations",2 Locations,,https://expedia.wd108.myworkdayjobs.com/en-US/search/job/Washington---Seattle-Campus/Sr-Director--ML-AI---Search-and-Recommendations_R-103173-1,Posted 21 Days Ago,2026-07-11T03:36:34+00:00,2026-07-10 20:36 Fri,,false,,,,false,workday:Expedia Group:/job/Washington---Seattle-Campus/Sr-Director--ML-AI---Search-and-Recommendations_R-103173-1
Expedia Group:/job/Washington---Seattle-Campus/Senior-Director--Top-Talent_R-108248-1,Expedia Group,"Senior Director, Top Talent",Washington - Seattle Campus,,https://expedia.wd108.myworkdayjobs.com/en-US/search/job/Washington---Seattle-Campus/Senior-Director--Top-Talent_R-108248-1,Posted Yesterday,2026-08-07T01:17:04+00:00,2026-08-06 18:17 Thu,,false,,,,false,workday:Expedia Group:/job/Washington---Seattle-Campus/Senior-Director--Top-Talent_R-108248-1
Expedia Group:/job/Washington---Seattle-Campus/Senior-Economist_R-106943-1,Expedia Group,Senior Economist,Washington - Seattle Campus,,https://expedia.wd108.myworkdayjobs.com/en-US/search/job/Washington---Seattle-Campus/Senior-Economist_R-106943-1,Posted 14 Days Ago,2026-07-11T03:36:34+00:00,2026-07-10 20:36 Fri,,false,,,,false,workday:Expedia Group:/job/Washington---Seattle-Campus/Senior-Economist_R-106943-1
Expedia Group:/job/Washington---Seattle-Campus/Senior-Economist---Advertising-Technology_R-101292-1,Expedia Group,Senior Economist - Advertising Technology,Washington - Seattle Campus,,https://expedia.wd108.myworkdayjobs.com/en-US/search/job/Washington---Seattle-Campus/Senior-Economist---Advertising-Technology_R-101292-1,Posted 4 Days Ago,2026-07-11T03:36:34+00:00,2026-07-10 20:36 Fri,,false,,,,false,workday:Expedia Group:/job/Washington---Seattle-Campus/Senior-Economist---Advertising-Technology_R-101292-1
Expedia Group:/job/Washington---Seattle-Campus/Senior-Engineering-Manager--Loyalty_R-106611-2,Expedia Group,"Senior Engineering Manager, Loyalty",Washington - Seattle Campus,,https://expedia.wd108.myworkdayjobs.com/en-US/search/job/Washington---Seattle-Campus/Senior-Engineering-Manager--Loyalty_R-106611-2,Posted 9 Days Ago,2026-07-11T03:36:34+00:00,2026-07-10 20:36 Fri,,false,,,,false,workday:Expedia Group:/job/Washington---Seattle-Campus/Senior-Engineering-Manager--Loyalty_R-106611-2
Expedia Group:/job/Washington---Seattle-Campus/Senior-Executive-Assistant_R-107329,Expedia Group,Senior Executive Assistant,Washington - Seattle Campus,,https://expedia.wd108.myworkdayjobs.com/en-US/search/job/Washington---Seattle-Campus/Senior-Executive-Assistant_R-107329,Posted 11 Days Ago,2026-07-11T03:36:34+00:00,2026-07-10 20:36 Fri,,false,,,,false,workday:Expedia Group:/job/Washington---Seattle-Campus/Senior-Executive-Assistant_R-107329
Expedia Group:/job/Washington---Seattle-Campus/Senior-Experience-Design-Operations-Manager_R-108849-1,Expedia Group,Senior Experience Design Operations Manager,Washington---Seattle-Campus,,https://expedia.wd108.myworkdayjobs.com/en-US/search/job/Washington---Seattle-Campus/Senior-Experience-Design-Operations-Manager_R-108849-1,Posted 4 Days Ago,2026-08-18T02:56:28+00:00,2026-08-17 19:56 Mon,,false,,,,false,workday:Expedia Group:/job/Washington---Seattle-Campus/Senior-Experience-Design-Operations-Manager_R-108849-1
Expedia Group:/job/Spain---Madrid/Senior-Finance-Analyst--FP-A_R-107802,Expedia Group,"Senior Finance Analyst, FP&A",Spain - Madrid,,https://expedia.wd108.myworkdayjobs.com/en-US/search/job/Spain---Madrid/Senior-Finance-Analyst--FP-A_R-107802,Posted 20 Days Ago,2026-07-14T18:59:43+00:00,2026-07-14 11:59 Tue,,false,,,,false,workday:Expedia Group:/job/Spain---Madrid/Senior-Finance-Analyst--FP-A_R-107802
Expedia Group:/job/USA---Missouri---Springfield/Senior-Financial-Operations-Analyst_R-107497,Expedia Group,Senior Financial Operations Analyst,USA - Missouri - Springfield,,https://expedia.wd108.myworkdayjobs.com/en-US/search/job/USA---Missouri---Springfield/Senior-Financial-Operations-Analyst_R-107497,Posted 19 Days Ago,2026-07-11T03:36:34+00:00,2026-07-10 20:36 Fri,,false,,,,false,workday:Expedia Group:/job/USA---Missouri---Springfield/Senior-Financial-Operations-Analyst_R-107497
Expedia Group:/job/India---Gurgaon/Senior-Hotel-Partner-Solutions-Specialist--Gurgaon-_R-105508,Expedia Group,Senior Hotel Partner Solutions Specialist (Gurgaon),India - Gurgaon,,https://expedia.wd108.myworkdayjobs.com/en-US/search/job/India---Gurgaon/Senior-Hotel-Partner-Solutions-Specialist--Gurgaon-_R-105508,Posted Today,2026-07-15T13:59:19+00:00,2026-07-15 06:59 Wed,,false,,,,false,workday:Expedia Group:/job/India---Gurgaon/Senior-Hotel-Partner-Solutions-Specialist--Gurgaon-_R-105508
Expedia Group:/job/UK---London/Senior-Integrated-Planning-Specialist_R-107798,Expedia Group,Senior Integrated Planning Specialist,UK - London,,https://expedia.wd108.myworkdayjobs.com/en-US/search/job/UK---London/Senior-Integrated-Planning-Specialist_R-107798,Posted 2 Days Ago,2026-07-11T03:36:34+00:00,2026-07-10 20:36 Fri,,false,,,,false,workday:Expedia Group:/job/UK---London/Senior-Integrated-Planning-Specialist_R-107798
Expedia Group:/job/Brazil---Sao-Paulo/Senior-International-Tax-Analyst_R-107443,Expedia Group,Senior International Tax Analyst,Brazil - Sao Paulo,,https://expedia.wd108.myworkdayjobs.com/en-US/search/job/Brazil---Sao-Paulo/Senior-International-Tax-Analyst_R-107443,Posted 9 Days Ago,2026-07-11T03:36:34+00:00,2026-07-10 20:36 Fri,,false,,,,false,workday:Expedia Group:/job/Brazil---Sao-Paulo/Senior-International-Tax-Analyst_R-107443
Expedia Group:/job/India---Bangalore/Senior-Machine-Learning-Engineer_R-104618-1,Expedia Group,Senior Machine Learning Engineer,India - Bangalore,,https://expedia.wd108.myworkdayjobs.com/en-US/search/job/India---Bangalore/Senior-Machine-Learning-Engineer_R-104618-1,Posted 3 Days Ago,2026-07-11T03:36:34+00:00,2026-07-10 20:36 Fri,,false,,,,false,workday:Expedia Group:/job/India---Bangalore/Senior-Machine-Learning-Engineer_R-104618-1
Expedia Group:/job/Spain---Madrid/Senior-Machine-Learning-Engineer_R-106991,Expedia Group,Senior Machine Learning Engineer,Spain - Madrid,,https://expedia.wd108.myworkdayjobs.com/en-US/search/job/Spain---Madrid/Senior-Machine-Learning-Engineer_R-106991,Posted 7 Days Ago,2026-07-11T03:36:34+00:00,2026-07-10 20:36 Fri,,false,,,,false,workday:Expedia Group:/job/Spain---Madrid/Senior-Machine-Learning-Engineer_R-106991
Expedia Group:/job/Washington---Seattle-Campus/Senior-Machine-Learning-engineer---Distribution---Supply_R-106600,Expedia Group,Senior Machine Learning engineer - Distribution & Supply,Washington - Seattle Campus,,https://expedia.wd108.myworkdayjobs.com/en-US/search/job/Washington---Seattle-Campus/Senior-Machine-Learning-engineer---Distribution---Supply_R-106600,Posted 17 Days Ago,2026-07-11T03:36:34+00:00,2026-07-10 20:36 Fri,,false,,,,false,workday:Expedia Group:/job/Washington---Seattle-Campus/Senior-Machine-Learning-engineer---Distribution---Supply_R-106600
Expedia Group:/job/Washington---Seattle-Campus/Senior-Machine-Learning-Scientist_R-105192,Expedia Group,Senior Machine Learning Scientist,2 Locations,,https://expedia.wd108.myworkdayjobs.com/en-US/search/job/Washington---Seattle-Campus/Senior-Machine-Learning-Scientist_R-105192,Posted 9 Days Ago,2026-07-11T03:36:34+00:00,2026-07-10 20:36 Fri,,false,,,,false,workday:Expedia Group:/job/Washington---Seattle-Campus/Senior-Machine-Learning-Scientist_R-105192
Expedia Group:/job/USA---California---San-Jose/Senior-Machine-Learning-Scientist---Agentic-Experience_R-107578-2,Expedia Group,Senior Machine Learning Scientist - Agentic Experience,3 Locations,,https://expedia.wd108.myworkdayjobs.com/en-US/search/job/USA---California---San-Jose/Senior-Machine-Learning-Scientist---Agentic-Experience_R-107578-2,Posted 21 Days Ago,2026-07-13T15:17:05+00:00,2026-07-13 08:17 Mon,,false,,,,false,workday:Expedia Group:/job/USA---California---San-Jose/Senior-Machine-Learning-Scientist---Agentic-Experience_R-107578-2
Expedia Group:/job/Washington---Seattle-Campus/Senior-Machine-Learning-Scientist---CRM-Marketing_R-105322-1,Expedia Group,Senior Machine Learning Scientist - CRM Marketing,Washington - Seattle Campus,,https://expedia.wd108.myworkdayjobs.com/en-US/search/job/Washington---Seattle-Campus/Senior-Machine-Learning-Scientist---CRM-Marketing_R-105322-1,Posted 4 Days Ago,2026-07-11T03:36:34+00:00,2026-07-10 20:36 Fri,,false,,,,false,workday:Expedia Group:/job/Washington---Seattle-Campus/Senior-Machine-Learning-Scientist---CRM-Marketing_R-105322-1
Expedia Group:/job/USA---California---San-Jose/Senior-Machine-Learning-Scientist---Personalization_R-106003-1,Expedia Group,Senior Machine Learning Scientist - Personalization,2 Locations,,https://expedia.wd108.myworkdayjobs.com/en-US/search/job/USA---California---San-Jose/Senior-Machine-Learning-Scientist---Personalization_R-106003-1,Posted 7 Days Ago,2026-07-11T03:36:34+00:00,2026-07-10 20:36 Fri,,false,,,,false,workday:Expedia Group:/job/USA---California---San-Jose/Senior-Machine-Learning-Scientist---Personalization_R-106003-1
Expedia Group:/job/Washington---Seattle-Campus/Senior-Machine-Learning-Scientist--Agentic-AI---GenAI-Systems--Growth-Marketing-_R-107366,Expedia Group,"Senior Machine Learning Scientist, Agentic AI & GenAI Systems (Growth Marketing)",Washington - Seattle Campus,,https://expedia.wd108.myworkdayjobs.com/en-US/search/job/Washington---Seattle-Campus/Senior-Machine-Learning-Scientist--Agentic-AI---GenAI-Systems--Growth-Marketing-_R-107366,Posted 8 Days Ago,2026-07-11T03:36:34+00:00,2026-07-10 20:36 Fri,,false,,,,false,workday:Expedia Group:/job/Washington---Seattle-Campus/Senior-Machine-Learning-Scientist--Agentic-AI---GenAI-Systems--Growth-Marketing-_R-107366
Expedia Group:/job/UK---London/Senior-Manager---Vendors-and-Scaled-Programs_R-107069,Expedia Group,Senior Manager - Vendors and Scaled Programs,UK - London,,https://expedia.wd108.myworkdayjobs.com/en-US/search/job/UK---London/Senior-Manager---Vendors-and-Scaled-Programs_R-107069,Posted 16 Days Ago,2026-07-11T03:36:34+00:00,2026-07-10 20:36 Fri,,false,,,,false,workday:Expedia Group:/job/UK---London/Senior-Manager---Vendors-and-Scaled-Programs_R-107069
Expedia Group:/job/India---Bangalore/Senior-Manager--Customer-Analytics_R-102332-2,Expedia Group,"Senior Manager, Customer Analytics",2 Locations,,https://expedia.wd108.myworkdayjobs.com/en-US/search/job/India---Bangalore/Senior-Manager--Customer-Analytics_R-102332-2,Posted 3 Days Ago,2026-07-11T03:36:34+00:00,2026-07-10 20:36 Fri,,false,,,,false,workday:Expedia Group:/job/India---Bangalore/Senior-Manager--Customer-Analytics_R-102332-2
Expedia Group:/job/Washington---Seattle-Campus/Data-Scientist--Growth-Marketing_R-108072,Expedia Group,"Senior Manager, Data Scientist - Growth Marketing",Washington - Seattle Campus,,https://expedia.wd108.myworkdayjobs.com/en-US/search/job/Washington---Seattle-Campus/Data-Scientist--Growth-Marketing_R-108072,Posted 10 Days Ago,2026-07-22T19:17:18+00:00,2026-07-22 12:17 Wed,,false,,,,false,workday:Expedia Group:/job/Washington---Seattle-Campus/Data-Scientist--Growth-Marketing_R-108072
Expedia Group:/job/India---Gurgaon/Senior-Manager--Hotel-Partner-Solutions--APAC--Gurgaon-_R-105501,Expedia Group,"Senior Manager, Hotel Partner Solutions, APAC (Gurgaon)",India - Gurgaon,,https://expedia.wd108.myworkdayjobs.com/en-US/search/job/India---Gurgaon/Senior-Manager--Hotel-Partner-Solutions--APAC--Gurgaon-_R-105501,Posted Today,2026-07-15T14:17:27+00:00,2026-07-15 07:17 Wed,,false,,,,false,workday:Expedia Group:/job/India---Gurgaon/Senior-Manager--Hotel-Partner-Solutions--APAC--Gurgaon-_R-105501
Expedia Group:/job/India---Bangalore/Senior-Manager--Machine-Learning-Science_R-107739,Expedia Group,"Senior Manager, Machine Learning Science",India - Bangalore,,https://expedia.wd108.myworkdayjobs.com/en-US/search/job/India---Bangalore/Senior-Manager--Machine-Learning-Science_R-107739,Posted 2 Days Ago,2026-07-11T03:36:34+00:00,2026-07-10 20:36 Fri,,false,,,,false,workday:Expedia Group:/job/India---Bangalore/Senior-Manager--Machine-Learning-Science_R-107739
Expedia Group:/job/Washington---Seattle-Campus/Senior-Manager--Machine-Learning-Science---Bundled-Products-Recommendations_R-105422-1,Expedia Group,"Senior Manager, Machine Learning Science - Bundled Products",Washington - Seattle Campus,,https://expedia.wd108.myworkdayjobs.com/en-US/search/job/Washington---Seattle-Campus/Senior-Manager--Machine-Learning-Science---Bundled-Products-Recommendations_R-105422-1,Posted 7 Days Ago,2026-07-27T21:41:44+00:00,2026-07-27 14:41 Mon,,false,,,,false,workday:Expedia Group:/job/Washington---Seattle-Campus/Senior-Manager--Machine-Learning-Science---Bundled-Products-Recommendations_R-105422-1
Expedia Group:/job/Austin-Domain-11---HomeAway/Senior-Manager--Marketing---VR_R-106773-1,Expedia Group,"Senior Manager, Marketing - VR",Austin Domain 11 - HomeAway,,https://expedia.wd108.myworkdayjobs.com/en-US/search/job/Austin-Domain-11---HomeAway/Senior-Manager--Marketing---VR_R-106773-1,Posted 4 Days Ago,2026-07-11T03:36:34+00:00,2026-07-10 20:36 Fri,,false,,,,false,workday:Expedia Group:/job/Austin-Domain-11---HomeAway/Senior-Manager--Marketing---VR_R-106773-1
Expedia Group:/job/UK---London/Senior-Manager--New-Business---Implementation---TPSP-B2B-Operations_R-106919-1,Expedia Group,"Senior Manager, New Business & Implementation – TPSP B2B Operations",UK - London,,https://expedia.wd108.myworkdayjobs.com/en-US/search/job/UK---London/Senior-Manager--New-Business---Implementation---TPSP-B2B-Operations_R-106919-1,Posted 4 Days Ago,2026-07-11T03:36:34+00:00,2026-07-10 20:36 Fri,,false,,,,false,workday:Expedia Group:/job/UK---London/Senior-Manager--New-Business---Implementation---TPSP-B2B-Operations_R-106919-1
Expedia Group:/job/Spain---Madrid/Senior-Manager--Software-Development-Engineering_R-106813,Expedia Group,"Senior Manager, Software Development Engineering",Spain - Madrid,,https://expedia.wd108.myworkdayjobs.com/en-US/search/job/Spain---Madrid/Senior-Manager--Software-Development-Engineering_R-106813,Posted Today,2026-07-11T03:36:34+00:00,2026-07-10 20:36 Fri,,false,,,,false,workday:Expedia Group:/job/Spain---Madrid/Senior-Manager--Software-Development-Engineering_R-106813
Expedia Group:/job/India---Bangalore/Senior-Manager--Software-Development-Engineering_R-108573,Expedia Group,"Senior Manager, Software Development Engineering",India - Bangalore,,https://expedia.wd108.myworkdayjobs.com/en-US/search/job/India---Bangalore/Senior-Manager--Software-Development-Engineering_R-108573,Posted Today,2026-08-07T01:17:04+00:00,2026-08-06 18:17 Thu,,false,,,,false,workday:Expedia Group:/job/India---Bangalore/Senior-Manager--Software-Development-Engineering_R-108573
Expedia Group:/job/Italy---Rome/Senior-Manager--Software-Development-Engineering_R-105097-1,Expedia Group,"Senior Manager, Software Development Engineering - Landing Pages Platform",Italy - Rome,,https://expedia.wd108.myworkdayjobs.com/en-US/search/job/Italy---Rome/Senior-Manager--Software-Development-Engineering_R-105097-1,Posted 7 Days Ago,2026-07-11T03:36:34+00:00,2026-07-10 20:36 Fri,,false,,,,false,workday:Expedia Group:/job/Italy---Rome/Senior-Manager--Software-Development-Engineering_R-105097-1
Expedia Group:/job/Austin-Domain-11---HomeAway/Senior-Manager--Software-Development-Engineering---Lodging-Connectivity_R-108680-1,Expedia Group,"Senior Manager, Software Development Engineering - Lodging Connectivity",Austin Domain 11 - HomeAway,,https://expedia.wd108.myworkdayjobs.com/en-US/search/job/Austin-Domain-11---HomeAway/Senior-Manager--Software-Development-Engineering---Lodging-Connectivity_R-108680-1,Posted 3 Days Ago,2026-08-18T02:56:28+00:00,2026-08-17 19:56 Mon,,false,,,,false,workday:Expedia Group:/job/Austin-Domain-11---HomeAway/Senior-Manager--Software-Development-Engineering---Lodging-Connectivity_R-108680-1
Expedia Group:/job/Washington---Seattle-Campus/Senior-Manager--Strategic-Payment-Partnership_R-104964-1,Expedia Group,"Senior Manager, Strategic Payment Partnership",Washington - Seattle Campus,,https://expedia.wd108.myworkdayjobs.com/en-US/search/job/Washington---Seattle-Campus/Senior-Manager--Strategic-Payment-Partnership_R-104964-1,Posted 27 Days Ago,2026-07-11T03:36:34+00:00,2026-07-10 20:36 Fri,,false,,,,false,workday:Expedia Group:/job/Washington---Seattle-Campus/Senior-Manager--Strategic-Payment-Partnership_R-104964-1
Expedia Group:/job/Austin-Domain-11---HomeAway/Senior-Manager--Technical-Operations_R-108280,Expedia Group,"Senior Manager, Technical Operations",Austin Domain 11 - HomeAway,,https://expedia.wd108.myworkdayjobs.com/en-US/search/job/Austin-Domain-11---HomeAway/Senior-Manager--Technical-Operations_R-108280,Posted 4 Days Ago,2026-07-30T13:17:41+00:00,2026-07-30 06:17 Thu,,false,,,,false,workday:Expedia Group:/job/Austin-Domain-11---HomeAway/Senior-Manager--Technical-Operations_R-108280
Expedia Group:/job/UK---London/Senior-Operational-Resilience-Manager_R-107012,Expedia Group,Senior Operational Resilience Manager,3 Locations,,https://expedia.wd108.myworkdayjobs.com/en-US/search/job/UK---London/Senior-Operational-Resilience-Manager_R-107012,Posted 21 Days Ago,2026-07-11T03:36:34+00:00,2026-07-10 20:36 Fri,,false,,,,false,workday:Expedia Group:/job/UK---London/Senior-Operational-Resilience-Manager_R-107012
Expedia Group:/job/Spain---Madrid/Senior-Partner-Marketing-Manager_R-108873,Expedia Group,Senior Partner Marketing Manager,Spain - Madrid,,https://expedia.wd108.myworkdayjobs.com/en-US/search/job/Spain---Madrid/Senior-Partner-Marketing-Manager_R-108873,Posted Today,2026-08-18T02:56:28+00:00,2026-08-17 19:56 Mon,,false,,,,false,workday:Expedia Group:/job/Spain---Madrid/Senior-Partner-Marketing-Manager_R-108873
Expedia Group:/job/India---Gurgaon/Senior-Product-Designer_R-108349,Expedia Group,Senior Product Designer,India---Gurgaon,,https://expedia.wd108.myworkdayjobs.com/en-US/search/job/India---Gurgaon/Senior-Product-Designer_R-108349,Posted Today,2026-08-07T01:17:04+00:00,2026-08-06 18:17 Thu,,false,,,,false,workday:Expedia Group:/job/India---Gurgaon/Senior-Product-Designer_R-108349
Expedia Group:/job/Washington---Seattle-Campus/Senior-Product-Designer---Membership---Identity_R-106617-1,Expedia Group,Senior Product Designer – Membership & Identity,Washington - Seattle Campus,,https://expedia.wd108.myworkdayjobs.com/en-US/search/job/Washington---Seattle-Campus/Senior-Product-Designer---Membership---Identity_R-106617-1,Posted 17 Days Ago,2026-07-11T03:36:34+00:00,2026-07-10 20:36 Fri,,false,,,,false,workday:Expedia Group:/job/Washington---Seattle-Campus/Senior-Product-Designer---Membership---Identity_R-106617-1
Expedia Group:/job/UK---London/Senior-Product-Manager_R-107410,Expedia Group,Senior Product Manager,2 Locations,,https://expedia.wd108.myworkdayjobs.com/en-US/search/job/UK---London/Senior-Product-Manager_R-107410,Posted 5 Days Ago,2026-07-29T18:41:53+00:00,2026-07-29 11:41 Wed,,false,,,,false,workday:Expedia Group:/job/UK---London/Senior-Product-Manager_R-107410
Expedia Group:/job/Washington---Seattle-Campus/Senior-Product-Manager---Fraud---Risk_R-108353,Expedia Group,Senior Product Manager - Fraud & Risk,Washington - Seattle Campus,,https://expedia.wd108.myworkdayjobs.com/en-US/search/job/Washington---Seattle-Campus/Senior-Product-Manager---Fraud---Risk_R-108353,Posted Today,2026-08-03T19:41:43+00:00,2026-08-03 12:41 Mon,,false,,,,false,workday:Expedia Group:/job/Washington---Seattle-Campus/Senior-Product-Manager---Fraud---Risk_R-108353
Expedia Group:/job/UK---London/Senior-Product-Manager---Growth-Marketing_R-106125-1,Expedia Group,Senior Product Manager - Growth Marketing,2 Locations,,https://expedia.wd108.myworkdayjobs.com/en-US/search/job/UK---London/Senior-Product-Manager---Growth-Marketing_R-106125-1,Posted 19 Days Ago,2026-07-15T16:59:28+00:00,2026-07-15 09:59 Wed,,false,,,,false,workday:Expedia Group:/job/UK---London/Senior-Product-Manager---Growth-Marketing_R-106125-1
Expedia Group:/job/Austin-Domain-11---HomeAway/Senior-Product-Manager--Customer-Data-Platform_R-106161,Expedia Group,"Senior Product Manager, Customer Data Platform",Austin Domain 11 - HomeAway,,https://expedia.wd108.myworkdayjobs.com/en-US/search/job/Austin-Domain-11---HomeAway/Senior-Product-Manager--Customer-Data-Platform_R-106161,Posted 21 Days Ago,2026-07-11T03:36:34+00:00,2026-07-10 20:36 Fri,,false,,,,false,workday:Expedia Group:/job/Austin-Domain-11---HomeAway/Senior-Product-Manager--Customer-Data-Platform_R-106161
Expedia Group:/job/UK---London/Senior-Product-Manager--EG-Advertising_R-103969,Expedia Group,"Senior Product Manager, EG Advertising",2 Locations,,https://expedia.wd108.myworkdayjobs.com/en-US/search/job/UK---London/Senior-Product-Manager--EG-Advertising_R-103969,Posted 17 Days Ago,2026-07-11T03:36:34+00:00,2026-07-10 20:36 Fri,,false,,,,false,workday:Expedia Group:/job/UK---London/Senior-Product-Manager--EG-Advertising_R-103969
Expedia Group:/job/Austin-Domain-11---HomeAway/Senior-Product-Manager_R-108801,Expedia Group,"Senior Product Manager, Lodging",Austin-Domain-11---HomeAway,,https://expedia.wd108.myworkdayjobs.com/en-US/search/job/Austin-Domain-11---HomeAway/Senior-Product-Manager_R-108801,Posted Today,2026-08-18T02:56:28+00:00,2026-08-17 19:56 Mon,,false,,,,false,workday:Expedia Group:/job/Austin-Domain-11---HomeAway/Senior-Product-Manager_R-108801
Expedia Group:/job/UK---London/Senior-Product-Manager--Room-Shopping-Experience_R-108243,Expedia Group,"Senior Product Manager, Room Shopping Experience",UK - London,,https://expedia.wd108.myworkdayjobs.com/en-US/search/job/UK---London/Senior-Product-Manager--Room-Shopping-Experience_R-108243,Posted 5 Days Ago,2026-07-29T13:17:41+00:00,2026-07-29 06:17 Wed,,false,,,,false,workday:Expedia Group:/job/UK---London/Senior-Product-Manager--Room-Shopping-Experience_R-108243
Expedia Group:/job/Austin-Domain-11---HomeAway/Senior-Product-Security-Architect_R-103555-1,Expedia Group,Senior Product Security Architect,Austin Domain 11 - HomeAway,,https://expedia.wd108.myworkdayjobs.com/en-US/search/job/Austin-Domain-11---HomeAway/Senior-Product-Security-Architect_R-103555-1,Posted 4 Days Ago,2026-07-11T03:36:34+00:00,2026-07-10 20:36 Fri,,false,,,,false,workday:Expedia Group:/job/Austin-Domain-11---HomeAway/Senior-Product-Security-Architect_R-103555-1
Expedia Group:/job/Austin-Domain-11---HomeAway/Senior-Product-Security-Architect_R-108173-1,Expedia Group,Senior Product Security Architect,3 Locations,,https://expedia.wd108.myworkdayjobs.com/en-US/search/job/Austin-Domain-11---HomeAway/Senior-Product-Security-Architect_R-108173-1,Posted 7 Days Ago,2026-07-27T20:41:29+00:00,2026-07-27 13:41 Mon,,false,,,,false,workday:Expedia Group:/job/Austin-Domain-11---HomeAway/Senior-Product-Security-Architect_R-108173-1
Expedia Group:/job/Washington---Seattle-Campus/Senior-Program-Manager_R-106941,Expedia Group,Senior Program Manager,Washington - Seattle Campus,,https://expedia.wd108.myworkdayjobs.com/en-US/search/job/Washington---Seattle-Campus/Senior-Program-Manager_R-106941,Posted Today,2026-08-03T20:59:45+00:00,2026-08-03 13:59 Mon,,false,,,,false,workday:Expedia Group:/job/Washington---Seattle-Campus/Senior-Program-Manager_R-106941
Expedia Group:/job/USA---California---San-Diego/Senior-Regional-Sales-Manager--Advertising_R-108125,Expedia Group,"Senior Regional Sales Manager, Advertising",USA - California - San Diego,,https://expedia.wd108.myworkdayjobs.com/en-US/search/job/USA---California---San-Diego/Senior-Regional-Sales-Manager--Advertising_R-108125,Posted Today,2026-07-20T16:48:37+00:00,2026-07-20 09:48 Mon,,false,,,,false,workday:Expedia Group:/job/USA---California---San-Diego/Senior-Regional-Sales-Manager--Advertising_R-108125
Expedia Group:/job/India---Gurgaon/Senior-Software-Development-Engineer_R-106678,Expedia Group,Senior Software Development Engineer,India - Gurgaon,,https://expedia.wd108.myworkdayjobs.com/en-US/search/job/India---Gurgaon/Senior-Software-Development-Engineer_R-106678,Posted 4 Days Ago,2026-07-11T03:36:34+00:00,2026-07-10 20:36 Fri,,false,,,,false,workday:Expedia Group:/job/India---Gurgaon/Senior-Software-Development-Engineer_R-106678
Expedia Group:/job/India---Gurgaon/Senior-Software-Development-Engineer_R-107384,Expedia Group,Senior Software Development Engineer,India - Gurgaon,,https://expedia.wd108.myworkdayjobs.com/en-US/search/job/India---Gurgaon/Senior-Software-Development-Engineer_R-107384,Posted 3 Days Ago,2026-07-11T03:36:34+00:00,2026-07-10 20:36 Fri,,false,,,,false,workday:Expedia Group:/job/India---Gurgaon/Senior-Software-Development-Engineer_R-107384
Expedia Group:/job/UK---London/Senior-Software-Development-Engineer_R-107083-1,Expedia Group,Senior Software Development Engineer,UK - London,,https://expedia.wd108.myworkdayjobs.com/en-US/search/job/UK---London/Senior-Software-Development-Engineer_R-107083-1,Posted 17 Days Ago,2026-07-11T03:36:34+00:00,2026-07-10 20:36 Fri,,false,,,,false,workday:Expedia Group:/job/UK---London/Senior-Software-Development-Engineer_R-107083-1
Expedia Group:/job/Australia---Brisbane/Senior-Software-Development-Engineer_R-105379,Expedia Group,Senior Software Development Engineer,Australia - Brisbane,,https://expedia.wd108.myworkdayjobs.com/en-US/search/job/Australia---Brisbane/Senior-Software-Development-Engineer_R-105379,Posted Today,2026-07-13T06:58:43+00:00,2026-07-12 23:58 Sun,,false,,,,false,workday:Expedia Group:/job/Australia---Brisbane/Senior-Software-Development-Engineer_R-105379
Expedia Group:/job/USA---California---San-Jose/Senior-Software-Development-Engineer_R-101964-1,Expedia Group,Senior Software Development Engineer,USA - California - San Jose,,https://expedia.wd108.myworkdayjobs.com/en-US/search/job/USA---California---San-Jose/Senior-Software-Development-Engineer_R-101964-1,Posted Today,2026-07-16T14:17:41+00:00,2026-07-16 07:17 Thu,,false,,,,false,workday:Expedia Group:/job/USA---California---San-Jose/Senior-Software-Development-Engineer_R-101964-1
Expedia Group:/job/Washington---Seattle-Campus/Senior-Software-Development-Engineer_R-107198-1,Expedia Group,Senior Software Development Engineer,Washington - Seattle Campus,,https://expedia.wd108.myworkdayjobs.com/en-US/search/job/Washington---Seattle-Campus/Senior-Software-Development-Engineer_R-107198-1,Posted Today,2026-07-17T12:17:14+00:00,2026-07-17 05:17 Fri,,false,,,,false,workday:Expedia Group:/job/Washington---Seattle-Campus/Senior-Software-Development-Engineer_R-107198-1
Expedia Group:/job/India---Bangalore/Senior-Software-Development-Engineer_R-107835,Expedia Group,Senior Software Development Engineer,India - Bangalore,,https://expedia.wd108.myworkdayjobs.com/en-US/search/job/India---Bangalore/Senior-Software-Development-Engineer_R-107835,Posted 12 Days Ago,2026-07-22T15:41:51+00:00,2026-07-22 08:41 Wed,,false,,,,false,workday:Expedia Group:/job/India---Bangalore/Senior-Software-Development-Engineer_R-107835
Expedia Group:/job/India---Gurgaon/Senior-Software-Development-Engineer_R-108331,Expedia Group,Senior Software Development Engineer,India - Gurgaon,,https://expedia.wd108.myworkdayjobs.com/en-US/search/job/India---Gurgaon/Senior-Software-Development-Engineer_R-108331,Posted Today,2026-08-03T20:42:12+00:00,2026-08-03 13:42 Mon,,false,,,,false,workday:Expedia Group:/job/India---Gurgaon/Senior-Software-Development-Engineer_R-108331
Expedia Group:/job/India---Gurgaon/Senior-Software-Development-Engineer_R-105047,Expedia Group,Senior Software Development Engineer,India - Gurgaon,,https://expedia.wd108.myworkdayjobs.com/en-US/search/job/India---Gurgaon/Senior-Software-Development-Engineer_R-105047,Posted Today,2026-08-04T11:28:14+00:00,2026-08-04 04:28 Tue,,false,,,,false,workday:Expedia Group:/job/India---Gurgaon/Senior-Software-Development-Engineer_R-105047
Expedia Group:/job/Washington---Seattle-Campus/Senior-Software-Development-Engineer_R-100850-1,Expedia Group,"Senior Software Development Engineer (GenAI, Agentic AI)",Washington - Seattle Campus,,https://expedia.wd108.myworkdayjobs.com/en-US/search/job/Washington---Seattle-Campus/Senior-Software-Development-Engineer_R-100850-1,Posted 11 Days Ago,2026-07-11T03:36:34+00:00,2026-07-10 20:36 Fri,,false,,,,false,workday:Expedia Group:/job/Washington---Seattle-Campus/Senior-Software-Development-Engineer_R-100850-1
Expedia Group:/job/Washington---Seattle-Campus/Senior-Software-Development-Engineer---AI-Foundations_R-103410,Expedia Group,Senior Software Development Engineer - AI Foundations,Washington - Seattle Campus,,https://expedia.wd108.myworkdayjobs.com/en-US/search/job/Washington---Seattle-Campus/Senior-Software-Development-Engineer---AI-Foundations_R-103410,Posted Today,2026-07-15T21:16:41+00:00,2026-07-15 14:16 Wed,,false,,,,false,workday:Expedia Group:/job/Washington---Seattle-Campus/Senior-Software-Development-Engineer---AI-Foundations_R-103410
Expedia Group:/job/USA---Illinois---Chicago/Senior-Software-Development-Engineer---Content-Platform_R-108163,Expedia Group,Senior Software Development Engineer - Content Platform,USA - Illinois - Chicago,,https://expedia.wd108.myworkdayjobs.com/en-US/search/job/USA---Illinois---Chicago/Senior-Software-Development-Engineer---Content-Platform_R-108163,Posted 5 Days Ago,2026-07-29T21:41:15+00:00,2026-07-29 14:41 Wed,,false,,,,false,workday:Expedia Group:/job/USA---Illinois---Chicago/Senior-Software-Development-Engineer---Content-Platform_R-108163
Expedia Group:/job/USA---Illinois---Chicago/Senior-Software-Development-Engineer---GenAI-Platform_R-104200-1,Expedia Group,Senior Software Development Engineer - GenAI Platform,USA - Illinois - Chicago,,https://expedia.wd108.myworkdayjobs.com/en-US/search/job/USA---Illinois---Chicago/Senior-Software-Development-Engineer---GenAI-Platform_R-104200-1,Posted 18 Days Ago,2026-07-11T03:36:34+00:00,2026-07-10 20:36 Fri,,false,,,,false,workday:Expedia Group:/job/USA---Illinois---Chicago/Senior-Software-Development-Engineer---GenAI-Platform_R-104200-1
Expedia Group:/job/Washington---Seattle-Campus/Senior-Software-Development-Engineer_R-107459,Expedia Group,Senior Software Development Engineer - InsurTech,Washington - Seattle Campus,,https://expedia.wd108.myworkdayjobs.com/en-US/search/job/Washington---Seattle-Campus/Senior-Software-Development-Engineer_R-107459,Posted 13 Days Ago,2026-07-11T03:36:34+00:00,2026-07-10 20:36 Fri,,false,,,,false,workday:Expedia Group:/job/Washington---Seattle-Campus/Senior-Software-Development-Engineer_R-107459
Expedia Group:/job/Washington---Seattle-Campus/Senior-Software-Development-Engineer---ML-Platform_R-105596-1,Expedia Group,Senior Software Development Engineer - ML Platform,Washington - Seattle Campus,,https://expedia.wd108.myworkdayjobs.com/en-US/search/job/Washington---Seattle-Campus/Senior-Software-Development-Engineer---ML-Platform_R-105596-1,Posted 19 Days Ago,2026-07-11T03:36:34+00:00,2026-07-10 20:36 Fri,,false,,,,false,workday:Expedia Group:/job/Washington---Seattle-Campus/Senior-Software-Development-Engineer---ML-Platform_R-105596-1
Expedia Group:/job/USA---Illinois---Chicago/Senior-Software-Development-Engineer--Advertising-Technology_R-100032-1,Expedia Group,"Senior Software Development Engineer, Advertising Technology",USA - Illinois - Chicago,,https://expedia.wd108.myworkdayjobs.com/en-US/search/job/USA---Illinois---Chicago/Senior-Software-Development-Engineer--Advertising-Technology_R-100032-1,Posted 18 Days Ago,2026-07-11T03:36:34+00:00,2026-07-10 20:36 Fri,,false,,,,false,workday:Expedia Group:/job/USA---Illinois---Chicago/Senior-Software-Development-Engineer--Advertising-Technology_R-100032-1
Expedia Group:/job/Washington---Seattle-Campus/Senior-Software-Development-Engineer--Full-Stack_R-106490-1,Expedia Group,"Senior Software Development Engineer, Full Stack",Washington - Seattle Campus,,https://expedia.wd108.myworkdayjobs.com/en-US/search/job/Washington---Seattle-Campus/Senior-Software-Development-Engineer--Full-Stack_R-106490-1,Posted 20 Days Ago,2026-07-11T03:36:34+00:00,2026-07-10 20:36 Fri,,false,,,,false,workday:Expedia Group:/job/Washington---Seattle-Campus/Senior-Software-Development-Engineer--Full-Stack_R-106490-1
Expedia Group:/job/USA---California---San-Jose/Sr-Software-Development-Engineer--Loyalty---Full-Stack_R-103344-1,Expedia Group,"Senior Software Development Engineer, Loyalty - Full Stack",USA - California - San Jose,,https://expedia.wd108.myworkdayjobs.com/en-US/search/job/USA---California---San-Jose/Sr-Software-Development-Engineer--Loyalty---Full-Stack_R-103344-1,Posted Yesterday,2026-07-11T03:36:34+00:00,2026-07-10 20:36 Fri,,false,,,,false,workday:Expedia Group:/job/USA---California---San-Jose/Sr-Software-Development-Engineer--Loyalty---Full-Stack_R-103344-1
Expedia Group:/job/India---Gurgaon/Senior-Software-Engineer_R-105592,Expedia Group,Senior Software Engineer,India - Gurgaon,,https://expedia.wd108.myworkdayjobs.com/en-US/search/job/India---Gurgaon/Senior-Software-Engineer_R-105592,Posted Today,2026-07-13T12:41:05+00:00,2026-07-13 05:41 Mon,,false,,,,false,workday:Expedia Group:/job/India---Gurgaon/Senior-Software-Engineer_R-105592
Expedia Group:/job/Washington---Seattle-Campus/Sr-Software-Engineer_R-103881-1,Expedia Group,Senior Software Engineer - Distribution & Supply,Washington - Seattle Campus,,https://expedia.wd108.myworkdayjobs.com/en-US/search/job/Washington---Seattle-Campus/Sr-Software-Engineer_R-103881-1,Posted 4 Days Ago,2026-07-11T03:36:34+00:00,2026-07-10 20:36 Fri,,false,,,,false,workday:Expedia Group:/job/Washington---Seattle-Campus/Sr-Software-Engineer_R-103881-1
Expedia Group:/job/Australia---Sydney/Senior-Solution-Architect--Sydney-_R-105922,Expedia Group,Senior Solution Architect (Sydney),Australia - Sydney,,https://expedia.wd108.myworkdayjobs.com/en-US/search/job/Australia---Sydney/Senior-Solution-Architect--Sydney-_R-105922,Posted 16 Days Ago,2026-07-11T03:36:34+00:00,2026-07-10 20:36 Fri,,false,,,,false,workday:Expedia Group:/job/Australia---Sydney/Senior-Solution-Architect--Sydney-_R-105922
Expedia Group:/job/Washington---Seattle-Campus/Senior-Strategic-Initiatives-Manager--Expedia-Lodging_R-106591,Expedia Group,"Senior Strategic Initiatives Manager, Expedia Lodging",Washington - Seattle Campus,,https://expedia.wd108.myworkdayjobs.com/en-US/search/job/Washington---Seattle-Campus/Senior-Strategic-Initiatives-Manager--Expedia-Lodging_R-106591,Posted Today,2026-07-22T22:17:15+00:00,2026-07-22 15:17 Wed,,false,,,,false,workday:Expedia Group:/job/Washington---Seattle-Campus/Senior-Strategic-Initiatives-Manager--Expedia-Lodging_R-106591
Expedia Group:/job/UK---London/Senior-Technical-Product-Manager---Recommendations---Relevance_R-104770,Expedia Group,Senior Technical Product Manager - Recommendations & Relevance,UK - London,,https://expedia.wd108.myworkdayjobs.com/en-US/search/job/UK---London/Senior-Technical-Product-Manager---Recommendations---Relevance_R-104770,Posted Today,2026-07-11T03:36:34+00:00,2026-07-10 20:36 Fri,,false,,,,false,workday:Expedia Group:/job/UK---London/Senior-Technical-Product-Manager---Recommendations---Relevance_R-104770
Expedia Group:/job/Washington---Seattle-Campus/Senior-Treasury-Analyst_R-105318,Expedia Group,Senior Treasury Analyst,Washington - Seattle Campus,,https://expedia.wd108.myworkdayjobs.com/en-US/search/job/Washington---Seattle-Campus/Senior-Treasury-Analyst_R-105318,Posted 30+ Days Ago,2026-07-11T03:36:34+00:00,2026-07-10 20:36 Fri,,false,,,,false,workday:Expedia Group:/job/Washington---Seattle-Campus/Senior-Treasury-Analyst_R-105318
Expedia Group:/job/Austin-Domain-11---HomeAway/Software-Developer-Engineer-II---Data-Processing_R-107928-1,Expedia Group,Software Developer Engineer II - Data Processing,Austin Domain 11 - HomeAway,,https://expedia.wd108.myworkdayjobs.com/en-US/search/job/Austin-Domain-11---HomeAway/Software-Developer-Engineer-II---Data-Processing_R-107928-1,Posted Today,2026-07-28T16:59:27+00:00,2026-07-28 09:59 Tue,,false,,,,false,workday:Expedia Group:/job/Austin-Domain-11---HomeAway/Software-Developer-Engineer-II---Data-Processing_R-107928-1
Expedia Group:b398176e-abc3-4de5-a9d7-94ad6bf0cf3e,Expedia Group,Software Development Engineer,"Seattle, WA; Austin, TX; San Jose, CA",Software,https://expedia.wd108.myworkdayjobs.com/private/job/Austin-Domain-11---HomeAway/Software-Development-Engineering-Intern---2026---Austin--San-Jose--Seattle_R-98557,2026-01-29,2026-07-07T05:59:38+00:00,2026-07-06 22:59 Mon,,false,,,,false,simplify:Simplify Internships:b398176e-abc3-4de5-a9d7-94ad6bf0cf3e
Expedia Group:/job/India---Gurgaon/Software-Development-Engineer-I_R-108029-1,Expedia Group,Software Development Engineer I,India - Gurgaon,,https://expedia.wd108.myworkdayjobs.com/en-US/search/job/India---Gurgaon/Software-Development-Engineer-I_R-108029-1,Posted Today,2026-07-17T08:41:12+00:00,2026-07-17 01:41 Fri,,false,,,,false,workday:Expedia Group:/job/India---Gurgaon/Software-Development-Engineer-I_R-108029-1
Expedia Group:/job/India---Bangalore/Software-Development-Engineer-I_R-108039,Expedia Group,Software Development Engineer I,India - Bangalore,,https://expedia.wd108.myworkdayjobs.com/en-US/search/job/India---Bangalore/Software-Development-Engineer-I_R-108039,Posted Today,2026-07-28T07:59:12+00:00,2026-07-28 00:59 Tue,,false,,,,false,workday:Expedia Group:/job/India---Bangalore/Software-Development-Engineer-I_R-108039
Expedia Group:/job/Italy---Rome/Software-Development-Engineer-II_R-101756-1,Expedia Group,Software Development Engineer II,Italy - Rome,,https://expedia.wd108.myworkdayjobs.com/en-US/search/job/Italy---Rome/Software-Development-Engineer-II_R-101756-1,Posted 5 Days Ago,2026-07-11T03:36:34+00:00,2026-07-10 20:36 Fri,,false,,,,false,workday:Expedia Group:/job/Italy---Rome/Software-Development-Engineer-II_R-101756-1
Expedia Group:/job/Washington---Seattle-Campus/Software-Development-Engineer-II_R-107120-1,Expedia Group,Software Development Engineer II,Washington - Seattle Campus,,https://expedia.wd108.myworkdayjobs.com/en-US/search/job/Washington---Seattle-Campus/Software-Development-Engineer-II_R-107120-1,Posted 11 Days Ago,2026-07-11T03:36:34+00:00,2026-07-10 20:36 Fri,,false,,,,false,workday:Expedia Group:/job/Washington---Seattle-Campus/Software-Development-Engineer-II_R-107120-1
Expedia Group:/job/China---Shenzhen/Software-Development-Engineer-II_R-108015,Expedia Group,Software Development Engineer II,China - Shenzhen,,https://expedia.wd108.myworkdayjobs.com/en-US/search/job/China---Shenzhen/Software-Development-Engineer-II_R-108015,Posted 16 Days Ago,2026-07-17T19:41:39+00:00,2026-07-17 12:41 Fri,,false,,,,false,workday:Expedia Group:/job/China---Shenzhen/Software-Development-Engineer-II_R-108015
Expedia Group:/job/Washington---Seattle-Campus/Software-Development-Engineer-II_R-107932-1,Expedia Group,Software Development Engineer II,Washington - Seattle Campus,,https://expedia.wd108.myworkdayjobs.com/en-US/search/job/Washington---Seattle-Campus/Software-Development-Engineer-II_R-107932-1,Posted Today,2026-07-20T16:17:21+00:00,2026-07-20 09:17 Mon,,false,,,,false,workday:Expedia Group:/job/Washington---Seattle-Campus/Software-Development-Engineer-II_R-107932-1
Expedia Group:/job/Austin-Domain-11---HomeAway/Software-Development-Engineer-II_R-107380,Expedia Group,Software Development Engineer II,Austin Domain 11 - HomeAway,,https://expedia.wd108.myworkdayjobs.com/en-US/search/job/Austin-Domain-11---HomeAway/Software-Development-Engineer-II_R-107380,Posted Today,2026-07-23T18:59:27+00:00,2026-07-23 11:59 Thu,,false,,,,false,workday:Expedia Group:/job/Austin-Domain-11---HomeAway/Software-Development-Engineer-II_R-107380
Expedia Group:/job/UK---London/Software-Development-Engineer-II_R-104915,Expedia Group,Software Development Engineer II,UK - London,,https://expedia.wd108.myworkdayjobs.com/en-US/search/job/UK---London/Software-Development-Engineer-II_R-104915,Posted 4 Days Ago,2026-07-30T15:42:09+00:00,2026-07-30 08:42 Thu,,false,,,,false,workday:Expedia Group:/job/UK---London/Software-Development-Engineer-II_R-104915
Expedia Group:/job/India---Gurgaon/Software-Development-Engineer-II_R-108065,Expedia Group,Software Development Engineer II,India - Gurgaon,,https://expedia.wd108.myworkdayjobs.com/en-US/search/job/India---Gurgaon/Software-Development-Engineer-II_R-108065,Posted Today,2026-08-03T11:17:31+00:00,2026-08-03 04:17 Mon,,false,,,,false,workday:Expedia Group:/job/India---Gurgaon/Software-Development-Engineer-II_R-108065
Expedia Group:https://expedia.wd108.myworkdayjobs.com/en-US/search/job/Washington---Seattle-Campus/Software-Development-Engineer-II_R-108814,Expedia Group,Software Development Engineer II,"Washington, DC +1",,https://expedia.wd108.myworkdayjobs.com/en-US/search/job/Washington---Seattle-Campus/Software-Development-Engineer-II_R-108814,,2026-08-18T02:56:28+00:00,2026-08-17 19:56 Mon,Software Engineering,true,CLI,68,"The candidate has about five years of software engineering experience with strong Python/C++ development, backend systems, Docker, Redis, MySQL, testing, and performance optimization, but the missing role description prevents confirming fit for Expedia's specific domain and SDE II expectations.",true,speedyapply:SpeedyApply SWE:https://expedia.wd108.myworkdayjobs.com/en-US/search/job/Washington---Seattle-Campus/Software-Development-Engineer-II_R-108814
Expedia Group:/job/Austin-Domain-11---HomeAway/Software-Development-Engineer-II---Rates---Inventory_R-106200,Expedia Group,Software Development Engineer II - (Full Stack - Frontend Focus),Austin Domain 11 - HomeAway,,https://expedia.wd108.myworkdayjobs.com/en-US/search/job/Austin-Domain-11---HomeAway/Software-Development-Engineer-II---Rates---Inventory_R-106200,Posted 12 Days Ago,2026-07-11T03:36:34+00:00,2026-07-10 20:36 Fri,,false,,,,false,workday:Expedia Group:/job/Austin-Domain-11---HomeAway/Software-Development-Engineer-II---Rates---Inventory_R-106200
Expedia Group:/job/Washington---Seattle-Campus/Software-Development-Engineer-II---Backend-Focused-Full-Stack_R-107554-1,Expedia Group,Software Development Engineer II - Backend-Focused Full-Stack,Washington - Seattle Campus,,https://expedia.wd108.myworkdayjobs.com/en-US/search/job/Washington---Seattle-Campus/Software-Development-Engineer-II---Backend-Focused-Full-Stack_R-107554-1,Posted Today,2026-07-15T15:59:43+00:00,2026-07-15 08:59 Wed,Software Engineering,true,Keyword,43,keyword-only heuristic,false,workday:Expedia Group:/job/Washington---Seattle-Campus/Software-Development-Engineer-II---Backend-Focused-Full-Stack_R-107554-1
Expedia Group:/job/Washington---Seattle-Campus/Software-Development-Engineer-II---Backend-Focused-Full-Stack_R-107555-1,Expedia Group,Software Development Engineer II - Backend-Focused Full-Stack,Washington - Seattle Campus,,https://expedia.wd108.myworkdayjobs.com/en-US/search/job/Washington---Seattle-Campus/Software-Development-Engineer-II---Backend-Focused-Full-Stack_R-107555-1,Posted Today,2026-07-28T16:41:27+00:00,2026-07-28 09:41 Tue,Software Engineering,true,Keyword,43,keyword-only heuristic,false,workday:Expedia Group:/job/Washington---Seattle-Campus/Software-Development-Engineer-II---Backend-Focused-Full-Stack_R-107555-1
Expedia Group:/job/Washington---Seattle-Campus/Software-Development-Engineer-II---Expedia-Global-Payments_R-102732-1,Expedia Group,Software Development Engineer II - Expedia Global Payments,Washington - Seattle Campus,,https://expedia.wd108.myworkdayjobs.com/en-US/search/job/Washington---Seattle-Campus/Software-Development-Engineer-II---Expedia-Global-Payments_R-102732-1,Posted Today,2026-07-15T19:41:33+00:00,2026-07-15 12:41 Wed,,false,,,,false,workday:Expedia Group:/job/Washington---Seattle-Campus/Software-Development-Engineer-II---Expedia-Global-Payments_R-102732-1
Expedia Group:/job/Austin-Domain-11---HomeAway/Software-Development-Engineer-II---Full-Stack_R-106825,Expedia Group,Software Development Engineer II - Full Stack,Austin Domain 11 - HomeAway,,https://expedia.wd108.myworkdayjobs.com/en-US/search/job/Austin-Domain-11---HomeAway/Software-Development-Engineer-II---Full-Stack_R-106825,Posted 24 Days Ago,2026-07-11T03:36:34+00:00,2026-07-10 20:36 Fri,,false,,,,false,workday:Expedia Group:/job/Austin-Domain-11---HomeAway/Software-Development-Engineer-II---Full-Stack_R-106825
Expedia Group:/job/Austin-Domain-11---HomeAway/Software-Development-Engineer-II_R-108003,Expedia Group,Software Development Engineer II - Full Stack,Austin Domain 11 - HomeAway,,https://expedia.wd108.myworkdayjobs.com/en-US/search/job/Austin-Domain-11---HomeAway/Software-Development-Engineer-II_R-108003,Posted 7 Days Ago,2026-07-27T18:18:04+00:00,2026-07-27 11:18 Mon,Software Engineering,true,Keyword,40,keyword-only heuristic,false,workday:Expedia Group:/job/Austin-Domain-11---HomeAway/Software-Development-Engineer-II_R-108003
Expedia Group:/job/Washington---Seattle-Campus/Software-Development-Engineer-II---Full-Stack---Front-End-Focus_R-105638-2,Expedia Group,Software Development Engineer II - Full-Stack - Front-End Focus,Washington - Seattle Campus,,https://expedia.wd108.myworkdayjobs.com/en-US/search/job/Washington---Seattle-Campus/Software-Development-Engineer-II---Full-Stack---Front-End-Focus_R-105638-2,Posted Today,2026-07-20T20:41:43+00:00,2026-07-20 13:41 Mon,Software Engineering,true,Keyword,43,keyword-only heuristic,false,workday:Expedia Group:/job/Washington---Seattle-Campus/Software-Development-Engineer-II---Full-Stack---Front-End-Focus_R-105638-2
Expedia Group:/job/Washington---Seattle-Campus/Software-Development-Engineer-II---Full-Stack---Front-End-Focus_R-107299-1,Expedia Group,Software Development Engineer II - Full-Stack - Front-End Focus,Washington - Seattle Campus,,https://expedia.wd108.myworkdayjobs.com/en-US/search/job/Washington---Seattle-Campus/Software-Development-Engineer-II---Full-Stack---Front-End-Focus_R-107299-1,Posted Today,2026-07-23T23:59:08+00:00,2026-07-23 16:59 Thu,Software Engineering,true,Keyword,43,keyword-only heuristic,false,workday:Expedia Group:/job/Washington---Seattle-Campus/Software-Development-Engineer-II---Full-Stack---Front-End-Focus_R-107299-1
Expedia Group:/job/Austin-Domain-11---HomeAway/Software-Development-Engineer-III_R-107484-1,Expedia Group,Software Development Engineer III,Austin Domain 11 - HomeAway,,https://expedia.wd108.myworkdayjobs.com/en-US/search/job/Austin-Domain-11---HomeAway/Software-Development-Engineer-III_R-107484-1,Posted Today,2026-07-11T03:36:34+00:00,2026-07-10 20:36 Fri,,false,,,,false,workday:Expedia Group:/job/Austin-Domain-11---HomeAway/Software-Development-Engineer-III_R-107484-1
Expedia Group:/job/UK---London/Software-Development-Engineer-III_R-104573-1,Expedia Group,Software Development Engineer III,UK - London,,https://expedia.wd108.myworkdayjobs.com/en-US/search/job/UK---London/Software-Development-Engineer-III_R-104573-1,Posted 24 Days Ago,2026-07-11T03:36:34+00:00,2026-07-10 20:36 Fri,,false,,,,false,workday:Expedia Group:/job/UK---London/Software-Development-Engineer-III_R-104573-1
Expedia Group:/job/Washington---Seattle-Campus/Software-Development-Engineer-III_R-105590-1,Expedia Group,Software Development Engineer III,Washington - Seattle Campus,,https://expedia.wd108.myworkdayjobs.com/en-US/search/job/Washington---Seattle-Campus/Software-Development-Engineer-III_R-105590-1,Posted 16 Days Ago,2026-07-11T03:36:34+00:00,2026-07-10 20:36 Fri,,false,,,,false,workday:Expedia Group:/job/Washington---Seattle-Campus/Software-Development-Engineer-III_R-105590-1
Expedia Group:/job/India---Gurgaon/Software-Development-Engineer-III_R-107743,Expedia Group,Software Development Engineer III,India - Gurgaon,,https://expedia.wd108.myworkdayjobs.com/en-US/search/job/India---Gurgaon/Software-Development-Engineer-III_R-107743,Posted Today,2026-07-13T14:16:56+00:00,2026-07-13 07:16 Mon,,false,,,,false,workday:Expedia Group:/job/India---Gurgaon/Software-Development-Engineer-III_R-107743
Expedia Group:/job/India---Gurgaon/Software-Development-Engineer-III_R-106337,Expedia Group,Software Development Engineer III,India - Gurgaon,,https://expedia.wd108.myworkdayjobs.com/en-US/search/job/India---Gurgaon/Software-Development-Engineer-III_R-106337,Posted Today,2026-07-14T13:41:04+00:00,2026-07-14 06:41 Tue,,false,,,,false,workday:Expedia Group:/job/India---Gurgaon/Software-Development-Engineer-III_R-106337
Expedia Group:/job/Washington---Seattle-Campus/Software-Development-Engineer-III_R-107112-1,Expedia Group,Software Development Engineer III,Washington - Seattle Campus,,https://expedia.wd108.myworkdayjobs.com/en-US/search/job/Washington---Seattle-Campus/Software-Development-Engineer-III_R-107112-1,Posted 18 Days Ago,2026-07-16T15:00:06+00:00,2026-07-16 08:00 Thu,,false,,,,false,workday:Expedia Group:/job/Washington---Seattle-Campus/Software-Development-Engineer-III_R-107112-1
Expedia Group:/job/UK---London/Software-Development-Engineer-III_R-104524-1,Expedia Group,Software Development Engineer III,UK - London,,https://expedia.wd108.myworkdayjobs.com/en-US/search/job/UK---London/Software-Development-Engineer-III_R-104524-1,Posted 14 Days Ago,2026-07-20T14:41:35+00:00,2026-07-20 07:41 Mon,,false,,,,false,workday:Expedia Group:/job/UK---London/Software-Development-Engineer-III_R-104524-1
Expedia Group:/job/India---Gurgaon/Software-Development-Engineer-III_R-106282-1,Expedia Group,Software Development Engineer III,India - Gurgaon,,https://expedia.wd108.myworkdayjobs.com/en-US/search/job/India---Gurgaon/Software-Development-Engineer-III_R-106282-1,Posted Today,2026-07-23T10:41:26+00:00,2026-07-23 03:41 Thu,,false,,,,false,workday:Expedia Group:/job/India---Gurgaon/Software-Development-Engineer-III_R-106282-1
Expedia Group:/job/India---Gurgaon/Software-Development-Engineer-III_R-108133,Expedia Group,Software Development Engineer III,India - Gurgaon,,https://expedia.wd108.myworkdayjobs.com/en-US/search/job/India---Gurgaon/Software-Development-Engineer-III_R-108133,Posted Today,2026-07-24T06:41:28+00:00,2026-07-23 23:41 Thu,,false,,,,false,workday:Expedia Group:/job/India---Gurgaon/Software-Development-Engineer-III_R-108133
Expedia Group:/job/Australia---Brisbane/Software-Development-Engineer-III_R-107978,Expedia Group,Software Development Engineer III,Australia - Brisbane,,https://expedia.wd108.myworkdayjobs.com/en-US/search/job/Australia---Brisbane/Software-Development-Engineer-III_R-107978,Posted 6 Days Ago,2026-07-28T07:41:38+00:00,2026-07-28 00:41 Tue,,false,,,,false,workday:Expedia Group:/job/Australia---Brisbane/Software-Development-Engineer-III_R-107978
Expedia Group:/job/UK---London/Software-Development-Engineer-III_R-106868,Expedia Group,Software Development Engineer III,UK - London,,https://expedia.wd108.myworkdayjobs.com/en-US/search/job/UK---London/Software-Development-Engineer-III_R-106868,Posted 4 Days Ago,2026-07-30T15:00:08+00:00,2026-07-30 08:00 Thu,,false,,,,false,workday:Expedia Group:/job/UK---London/Software-Development-Engineer-III_R-106868
Expedia Group:/job/India---Gurgaon/Software-Development-Engineer-III_R-108266-1,Expedia Group,Software Development Engineer III,India - Gurgaon,,https://expedia.wd108.myworkdayjobs.com/en-US/search/job/India---Gurgaon/Software-Development-Engineer-III_R-108266-1,Posted Today,2026-07-31T14:59:10+00:00,2026-07-31 07:59 Fri,,false,,,,false,workday:Expedia Group:/job/India---Gurgaon/Software-Development-Engineer-III_R-108266-1
Expedia Group:/job/Washington---Seattle-Campus/Software-Development-Engineer-III_R-108285,Expedia Group,Software Development Engineer III,Washington - Seattle Campus,,https://expedia.wd108.myworkdayjobs.com/en-US/search/job/Washington---Seattle-Campus/Software-Development-Engineer-III_R-108285,Posted Today,2026-07-31T19:17:21+00:00,2026-07-31 12:17 Fri,,false,,,,false,workday:Expedia Group:/job/Washington---Seattle-Campus/Software-Development-Engineer-III_R-108285
Expedia Group:/job/India---Gurgaon/Software-Development-Engineer-III_R-108093,Expedia Group,Software Development Engineer III,India - Gurgaon,,https://expedia.wd108.myworkdayjobs.com/en-US/search/job/India---Gurgaon/Software-Development-Engineer-III_R-108093,Posted Today,2026-08-07T01:17:04+00:00,2026-08-06 18:17 Thu,,false,,,,false,workday:Expedia Group:/job/India---Gurgaon/Software-Development-Engineer-III_R-108093
Expedia Group:/job/Austin-Domain-11---HomeAway/Software-Development-Engineer-III---AI_R-108181-1,Expedia Group,Software Development Engineer III - AI,Austin Domain 11 - HomeAway,,https://expedia.wd108.myworkdayjobs.com/en-US/search/job/Austin-Domain-11---HomeAway/Software-Development-Engineer-III---AI_R-108181-1,Posted Today,2026-07-22T00:41:33+00:00,2026-07-21 17:41 Tue,,false,,,,false,workday:Expedia Group:/job/Austin-Domain-11---HomeAway/Software-Development-Engineer-III---AI_R-108181-1
Expedia Group:/job/Washington---Seattle-Campus/Software-Development-Engineer-III---Backend_R-105686-1,Expedia Group,Software Development Engineer III - Backend,Washington - Seattle Campus,,https://expedia.wd108.myworkdayjobs.com/en-US/search/job/Washington---Seattle-Campus/Software-Development-Engineer-III---Backend_R-105686-1,Posted 17 Days Ago,2026-07-17T21:59:02+00:00,2026-07-17 14:59 Fri,,false,,,,false,workday:Expedia Group:/job/Washington---Seattle-Campus/Software-Development-Engineer-III---Backend_R-105686-1
Expedia Group:/job/Austin-Domain-11---HomeAway/Software-Development-Engineer-III---AI-Engineer_R-102785-1,Expedia Group,Software Development Engineer III - Backend Engineer + AI,Austin Domain 11 - HomeAway,,https://expedia.wd108.myworkdayjobs.com/en-US/search/job/Austin-Domain-11---HomeAway/Software-Development-Engineer-III---AI-Engineer_R-102785-1,Posted 2 Days Ago,2026-07-11T03:36:34+00:00,2026-07-10 20:36 Fri,,false,,,,false,workday:Expedia Group:/job/Austin-Domain-11---HomeAway/Software-Development-Engineer-III---AI-Engineer_R-102785-1
Expedia Group:/job/Washington---Seattle-Campus/Software-Development-Engineer-III---Full-Stack_R-107904,Expedia Group,Software Development Engineer III - Full Stack,Washington - Seattle Campus,,https://expedia.wd108.myworkdayjobs.com/en-US/search/job/Washington---Seattle-Campus/Software-Development-Engineer-III---Full-Stack_R-107904,Posted Yesterday,2026-08-04T11:28:14+00:00,2026-08-04 04:28 Tue,Software Engineering,true,CLI,32,"The candidate has solid software engineering, backend, Python, C++, Docker, Redis, MySQL, and API experience, but their background is primarily computer vision and machine learning with limited evidence of full-stack development or the seniority expected for an SDE III role.",false,workday:Expedia Group:/job/Washington---Seattle-Campus/Software-Development-Engineer-III---Full-Stack_R-107904
Expedia Group:/job/Washington---Seattle-Campus/Software-Development-Engineer-III_R-102690-1,Expedia Group,Software Development Engineer III - InsurTech - Full Stack,Washington - Seattle Campus,,https://expedia.wd108.myworkdayjobs.com/en-US/search/job/Washington---Seattle-Campus/Software-Development-Engineer-III_R-102690-1,Posted 13 Days Ago,2026-07-21T21:41:37+00:00,2026-07-21 14:41 Tue,Software Engineering,true,Keyword,40,keyword-only heuristic,false,workday:Expedia Group:/job/Washington---Seattle-Campus/Software-Development-Engineer-III_R-102690-1
Expedia Group:/job/Washington---Seattle-Campus/Software-Development-Engineer-III--Advertising-Technology_R-104546,Expedia Group,"Software Development Engineer III, Advertising Technology",2 Locations,,https://expedia.wd108.myworkdayjobs.com/en-US/search/job/Washington---Seattle-Campus/Software-Development-Engineer-III--Advertising-Technology_R-104546,Posted Today,2026-08-03T13:59:42+00:00,2026-08-03 06:59 Mon,,false,,,,false,workday:Expedia Group:/job/Washington---Seattle-Campus/Software-Development-Engineer-III--Advertising-Technology_R-104546
Expedia Group:/job/India---Gurgaon/Software-Development-Engineer-III--Cloud-Engineering_R-108063,Expedia Group,Software Development Engineer III- Cloud Engineering,India - Gurgaon,,https://expedia.wd108.myworkdayjobs.com/en-US/search/job/India---Gurgaon/Software-Development-Engineer-III--Cloud-Engineering_R-108063,Posted Today,2026-07-23T13:17:50+00:00,2026-07-23 06:17 Thu,,false,,,,false,workday:Expedia Group:/job/India---Gurgaon/Software-Development-Engineer-III--Cloud-Engineering_R-108063
Expedia Group:/job/Austin-Domain-11---HomeAway/Software-Development-Engineer-III--GraphQL-Platform_R-106935-1,Expedia Group,Software Development Engineer III: GraphQL Platform,Austin Domain 11 - HomeAway,,https://expedia.wd108.myworkdayjobs.com/en-US/search/job/Austin-Domain-11---HomeAway/Software-Development-Engineer-III--GraphQL-Platform_R-106935-1,Posted 28 Days Ago,2026-07-11T03:36:34+00:00,2026-07-10 20:36 Fri,,false,,,,false,workday:Expedia Group:/job/Austin-Domain-11---HomeAway/Software-Development-Engineer-III--GraphQL-Platform_R-106935-1
Expedia Group:/job/India---Bangalore/Software-Development-Engineer--Full-Stack-_R-101741,Expedia Group,Software Development Engineer-III,India - Bangalore,,https://expedia.wd108.myworkdayjobs.com/en-US/search/job/India---Bangalore/Software-Development-Engineer--Full-Stack-_R-101741,Posted Today,2026-07-11T03:36:34+00:00,2026-07-10 20:36 Fri,,false,,,,false,workday:Expedia Group:/job/India---Bangalore/Software-Development-Engineer--Full-Stack-_R-101741
Expedia Group:/job/Spain---Madrid/Software-Engineer-III_R-107765,Expedia Group,Software Engineer III,Spain - Madrid,,https://expedia.wd108.myworkdayjobs.com/en-US/search/job/Spain---Madrid/Software-Engineer-III_R-107765,Posted 20 Days Ago,2026-07-14T14:31:55+00:00,2026-07-14 07:31 Tue,,false,,,,false,workday:Expedia Group:/job/Spain---Madrid/Software-Engineer-III_R-107765
Expedia Group:/job/Austin-Domain-11---HomeAway/Software-Technical-Specialist-API-Support_R-107760,Expedia Group,Software Technical Specialist-API Support,Austin Domain 11 - HomeAway,,https://expedia.wd108.myworkdayjobs.com/en-US/search/job/Austin-Domain-11---HomeAway/Software-Technical-Specialist-API-Support_R-107760,Posted 12 Days Ago,2026-07-13T21:13:56+00:00,2026-07-13 14:13 Mon,,false,,,,false,workday:Expedia Group:/job/Austin-Domain-11---HomeAway/Software-Technical-Specialist-API-Support_R-107760
Expedia Group:/job/Spain---Madrid/Sr-Country-Manager---TAAP-FR--BE--NL_R-108211,Expedia Group,"Sr Country Manager - TAAP FR, BE, NL",Spain - Madrid,,https://expedia.wd108.myworkdayjobs.com/en-US/search/job/Spain---Madrid/Sr-Country-Manager---TAAP-FR--BE--NL_R-108211,Posted 6 Days Ago,2026-07-28T09:17:17+00:00,2026-07-28 02:17 Tue,,false,,,,false,workday:Expedia Group:/job/Spain---Madrid/Sr-Country-Manager---TAAP-FR--BE--NL_R-108211
Expedia Group:/job/Washington---Seattle-Campus/Sr-Manager---HRBP_R-107210,Expedia Group,Sr. Manager - HRBP,Washington - Seattle Campus,,https://expedia.wd108.myworkdayjobs.com/en-US/search/job/Washington---Seattle-Campus/Sr-Manager---HRBP_R-107210,Posted 7 Days Ago,2026-07-27T15:33:08+00:00,2026-07-27 08:33 Mon,,false,,,,false,workday:Expedia Group:/job/Washington---Seattle-Campus/Sr-Manager---HRBP_R-107210
Expedia Group:/job/Washington---Seattle-Campus/Sr-Treasury-Manager--Foreign-Currency_R-106661-1,Expedia Group,"Sr. Treasury Manager, Foreign Currency",Washington - Seattle Campus,,https://expedia.wd108.myworkdayjobs.com/en-US/search/job/Washington---Seattle-Campus/Sr-Treasury-Manager--Foreign-Currency_R-106661-1,Posted 4 Days Ago,2026-07-11T03:36:34+00:00,2026-07-10 20:36 Fri,,false,,,,false,workday:Expedia Group:/job/Washington---Seattle-Campus/Sr-Treasury-Manager--Foreign-Currency_R-106661-1
Expedia Group:/job/Spain---Madrid/Strategy-Director_R-107331,Expedia Group,Strategy Director,2 Locations,,https://expedia.wd108.myworkdayjobs.com/en-US/search/job/Spain---Madrid/Strategy-Director_R-107331,Posted 10 Days Ago,2026-07-11T03:36:34+00:00,2026-07-10 20:36 Fri,,false,,,,false,workday:Expedia Group:/job/Spain---Madrid/Strategy-Director_R-107331
Expedia Group:/job/Washington---Seattle-Campus/Technical-Operations-Senior-Manager_R-107862-1,Expedia Group,Technical Operations Senior Manager,3 Locations,,https://expedia.wd108.myworkdayjobs.com/en-US/search/job/Washington---Seattle-Campus/Technical-Operations-Senior-Manager_R-107862-1,Posted Today,2026-07-20T17:41:49+00:00,2026-07-20 10:41 Mon,,false,,,,false,workday:Expedia Group:/job/Washington---Seattle-Campus/Technical-Operations-Senior-Manager_R-107862-1
Expedia Group:/job/Austin-Domain-11---HomeAway/Technical-Program-Manager-II_R-103227,Expedia Group,Technical Program Manager II,Austin Domain 11 - HomeAway,,https://expedia.wd108.myworkdayjobs.com/en-US/search/job/Austin-Domain-11---HomeAway/Technical-Program-Manager-II_R-103227,Posted 4 Days Ago,2026-07-11T03:36:34+00:00,2026-07-10 20:36 Fri,,false,,,,false,workday:Expedia Group:/job/Austin-Domain-11---HomeAway/Technical-Program-Manager-II_R-103227
Expedia Group:/job/Washington---Seattle-Campus/Technical-Program-Manager-II--AI-and-Analytics-_R-106509-1,Expedia Group,Technical Program Manager II (AI and Analytics),Washington - Seattle Campus,,https://expedia.wd108.myworkdayjobs.com/en-US/search/job/Washington---Seattle-Campus/Technical-Program-Manager-II--AI-and-Analytics-_R-106509-1,Posted 10 Days Ago,2026-07-11T03:36:34+00:00,2026-07-10 20:36 Fri,,false,,,,false,workday:Expedia Group:/job/Washington---Seattle-Campus/Technical-Program-Manager-II--AI-and-Analytics-_R-106509-1
Expedia Group:/job/India---Gurgaon/Training-Manager_R-108327,Expedia Group,Training Manager,India - Gurgaon,,https://expedia.wd108.myworkdayjobs.com/en-US/search/job/India---Gurgaon/Training-Manager_R-108327,Posted Today,2026-08-04T14:37:18+00:00,2026-08-04 07:37 Tue,,false,,,,false,workday:Expedia Group:/job/India---Gurgaon/Training-Manager_R-108327
Expedia Group:/job/Washington---Seattle-Campus/Treasury-Manager--FX---Capital-Markets_R-108215-1,Expedia Group,"Treasury Manager, FX & Capital Markets",Washington - Seattle Campus,,https://expedia.wd108.myworkdayjobs.com/en-US/search/job/Washington---Seattle-Campus/Treasury-Manager--FX---Capital-Markets_R-108215-1,Posted 6 Days Ago,2026-07-27T19:41:39+00:00,2026-07-27 12:41 Mon,,false,,,,false,workday:Expedia Group:/job/Washington---Seattle-Campus/Treasury-Manager--FX---Capital-Markets_R-108215-1
Expedia Group:/job/UK---London/Vendor-Service-and-Operations-Manager_R-107139,Expedia Group,Vendor Service and Operations Manager,UK - London,,https://expedia.wd108.myworkdayjobs.com/en-US/search/job/UK---London/Vendor-Service-and-Operations-Manager_R-107139,Posted 6 Days Ago,2026-07-11T03:36:34+00:00,2026-07-10 20:36 Fri,,false,,,,false,workday:Expedia Group:/job/UK---London/Vendor-Service-and-Operations-Manager_R-107139
Expedia Group:/job/IND0011---Gurgaon---Downtown---Expedia/VR-Technical-Support-Associate_R-107489,Expedia Group,VR Technical Support Associate,IND0011 - Gurgaon - Downtown - Expedia,,https://expedia.wd108.myworkdayjobs.com/en-US/search/job/IND0011---Gurgaon---Downtown---Expedia/VR-Technical-Support-Associate_R-107489,Posted Today,2026-07-16T11:41:17+00:00,2026-07-16 04:41 Thu,,false,,,,false,workday:Expedia Group:/job/IND0011---Gurgaon---Downtown---Expedia/VR-Technical-Support-Associate_R-107489
Expedia Group:/job/Spain---Madrid/Vrbo-Onboarding-Specialist--VR-Partner-Solutions_R-107233-1,Expedia Group,"Vrbo Onboarding Specialist, VR Partner Solutions",Spain - Madrid,,https://expedia.wd108.myworkdayjobs.com/en-US/search/job/Spain---Madrid/Vrbo-Onboarding-Specialist--VR-Partner-Solutions_R-107233-1,Posted Today,2026-07-20T08:17:22+00:00,2026-07-20 01:17 Mon,,false,,,,false,workday:Expedia Group:/job/Spain---Madrid/Vrbo-Onboarding-Specialist--VR-Partner-Solutions_R-107233-1
Expedia Group:/job/India---Gurgaon/Workforce-Planning-Analyst_R-107922,Expedia Group,Workforce Planning Analyst,India - Gurgaon,,https://expedia.wd108.myworkdayjobs.com/en-US/search/job/India---Gurgaon/Workforce-Planning-Analyst_R-107922,Posted Today,2026-07-21T13:17:41+00:00,2026-07-21 06:17 Tue,,false,,,,false,workday:Expedia Group:/job/India---Gurgaon/Workforce-Planning-Analyst_R-107922
Expedia Group:/job/Japan---Tokyo/Senior-Business-Development-Manager--Advertising--Tokyo-_R-105902,Expedia Group,"シニア事業開発マネージャー（広告）Senior Business Development Manager, Advertising (Tokyo)",Japan - Tokyo,,https://expedia.wd108.myworkdayjobs.com/en-US/search/job/Japan---Tokyo/Senior-Business-Development-Manager--Advertising--Tokyo-_R-105902,Posted 21 Days Ago,2026-07-13T07:16:47+00:00,2026-07-13 00:16 Mon,,false,,,,false,workday:Expedia Group:/job/Japan---Tokyo/Senior-Business-Development-Manager--Advertising--Tokyo-_R-105902
