job_key,company,title,location,department,urls,date_posted,date_posted_iso,first_seen,first_seen_pt,track,scored,score_method,experience_score,reason,emailed,source_uids
Ford:66961,Ford,3D Operations Digital Manager,"Dearborn, MI, United States",,https://efds.fa.em5.oraclecloud.com/hcmUI/CandidateExperience/en/sites/CX_1/job/66961,2026-07-30,2026-07-30,2026-07-30T03:17:17+00:00,2026-07-29 20:17 Wed,Computer Vision,true,Keyword,43,keyword-only heuristic,false,oracle:Ford:66961
Ford:68063,Ford,3PL Logistics Analyst,"Budapest, Kozep-Magyarorszag, Hungary",,https://efds.fa.em5.oraclecloud.com/hcmUI/CandidateExperience/en/sites/CX_1/job/68063,2026-08-04,2026-08-04,2026-08-04T07:41:13+00:00,2026-08-04 00:41 Tue,,false,,,,false,oracle:Ford:68063
Ford:68376,Ford,48V Power Controls Engineer,"Dearborn, MI, United States",,https://efds.fa.em5.oraclecloud.com/hcmUI/CandidateExperience/en/sites/CX_1/job/68376,2026-08-17,2026-08-17,2026-08-18T02:56:28+00:00,2026-08-17 19:56 Mon,,false,,,,false,oracle:Ford:68376
Ford:68064,Ford,6-Sigma Thermal Safety MBB,"Dearborn, MI, United States",,https://efds.fa.em5.oraclecloud.com/hcmUI/CandidateExperience/en/sites/CX_1/job/68064,2026-08-10,2026-08-10,2026-08-10T15:59:40+00:00,2026-08-10 08:59 Mon,,false,,,,false,oracle:Ford:68064
Ford:63634,Ford,Accounting & Reconciliation Analyst,"Naucalpan de Juarez, MEX, Mexico",,https://efds.fa.em5.oraclecloud.com/hcmUI/CandidateExperience/en/sites/CX_1/job/63634,2026-07-17,2026-07-17,2026-07-17T19:41:39+00:00,2026-07-17 12:41 Fri,,false,,,,false,oracle:Ford:63634
Ford:66032,Ford,Accounting Analyst - Ford Credit Bank,"Salt Lake City, UT, United States",,https://efds.fa.em5.oraclecloud.com/hcmUI/CandidateExperience/en/sites/CX_1/job/66032,2026-07-06,2026-07-06,2026-07-07T05:59:38+00:00,2026-07-06 22:59 Mon,,false,,,,false,oracle:Ford:66032
Ford:69751,Ford,Accounting Associate,"Coimbatore, Tamil Nadu, India",,https://efds.fa.em5.oraclecloud.com/hcmUI/CandidateExperience/en/sites/CX_1/job/69751,2026-09-03,2026-09-03,2026-09-03T19:37:21+00:00,2026-09-03 12:37 Thu,,false,,,,false,oracle:Ford:69751
Ford:69830,Ford,Accounting Associate,"Coimbatore, Tamil Nadu, India",,https://efds.fa.em5.oraclecloud.com/hcmUI/CandidateExperience/en/sites/CX_1/job/69830,2026-09-03,2026-09-03,2026-09-03T19:37:21+00:00,2026-09-03 12:37 Thu,,false,,,,false,oracle:Ford:69830
Ford:66538,Ford,ADAS Applications Design and Release (D&R) Engineer,"Dearborn, MI, United States",,https://efds.fa.em5.oraclecloud.com/hcmUI/CandidateExperience/en/sites/CX_1/job/66538,2026-07-06,2026-07-06,2026-07-07T05:59:38+00:00,2026-07-06 22:59 Mon,,false,,,,false,oracle:Ford:66538
Ford:67669,Ford,ADAS AUTOSAR Platform Software Engineer,"Dearborn, MI, United States",,https://efds.fa.em5.oraclecloud.com/hcmUI/CandidateExperience/en/sites/CX_1/job/67669,2026-07-27,2026-07-27,2026-08-03T09:21:28+00:00,2026-08-03 02:21 Mon,,false,,,,false,oracle:Ford:67669
Ford:66852,Ford,ADAS Calibration Engineer,"Dearborn, MI, United States",,https://efds.fa.em5.oraclecloud.com/hcmUI/CandidateExperience/en/sites/CX_1/job/66852,2026-07-16,2026-07-16,2026-07-16T13:41:30+00:00,2026-07-16 06:41 Thu,,false,,,,false,oracle:Ford:66852
Ford:67715,Ford,ADAS Design & Release Engineer,"Dearborn, MI, United States",,https://efds.fa.em5.oraclecloud.com/hcmUI/CandidateExperience/en/sites/CX_1/job/67715,2026-07-28,2026-07-28,2026-07-28T00:41:52+00:00,2026-07-27 17:41 Mon,,false,,,,false,oracle:Ford:67715
Ford:69885,Ford,ADAS Design & Release Engineer,"Dearborn, MI, United States",,https://efds.fa.em5.oraclecloud.com/hcmUI/CandidateExperience/en/sites/CX_1/job/69885,2026-09-04,2026-09-04,2026-09-04T14:51:38+00:00,2026-09-04 07:51 Fri,Other Technical,true,CLI,18,"The candidate has strong computer vision, algorithms, software, and ADAS-adjacent camera experience, but lacks the required automotive Design and Release background, CAD packaging, Teamcenter/PLM, BOM ownership, vehicle integration, and mechanical/electrical engineering processes.",false,oracle:Ford:69885
Ford:67269,Ford,ADAS Design and Release Engineer,"Dearborn, MI, United States",,https://efds.fa.em5.oraclecloud.com/hcmUI/CandidateExperience/en/sites/CX_1/job/67269,2026-09-04,2026-09-04,2026-09-04T19:21:51+00:00,2026-09-04 12:21 Fri,Other Technical,true,CLI,12,"The candidate has strong computer vision and software engineering experience relevant to ADAS algorithms, but lacks the required automotive design-and-release background, CAD packaging, Teamcenter, BOM management, E/E component development, and mechanical/electrical engineering expertise.",false,oracle:Ford:67269
Ford:66070,Ford,ADAS Feature System Engineering Manager,"Dearborn, MI, United States",,https://efds.fa.em5.oraclecloud.com/hcmUI/CandidateExperience/en/sites/CX_1/job/66070,2026-07-01,2026-07-01,2026-07-07T05:59:38+00:00,2026-07-06 22:59 Mon,,false,,,,false,oracle:Ford:66070
Ford:59594,Ford,ADAS HiL Automation Developer,"Sunrise, FL, United States",,https://efds.fa.em5.oraclecloud.com/hcmUI/CandidateExperience/en/sites/CX_1/job/59594,2026-07-31,2026-07-31,2026-07-31T18:41:45+00:00,2026-07-31 11:41 Fri,,false,,,,false,oracle:Ford:59594
Ford:65900,Ford,ADAS Lighting Feature System Engineer,"Dearborn, MI, United States",,https://efds.fa.em5.oraclecloud.com/hcmUI/CandidateExperience/en/sites/CX_1/job/65900,2026-07-22,2026-07-22,2026-07-22T16:41:31+00:00,2026-07-22 09:41 Wed,,false,,,,false,oracle:Ford:65900
Ford:69384,Ford,ADAS Rearview Camera Program Sign-Off Leader,"Dearborn, MI, United States",,https://efds.fa.em5.oraclecloud.com/hcmUI/CandidateExperience/en/sites/CX_1/job/69384,2026-08-28,2026-08-28,2026-08-28T19:42:00+00:00,2026-08-28 12:42 Fri,,false,,,,false,oracle:Ford:69384
Ford:63383,Ford,ADAS Simulation Engineer,"Dearborn, MI, United States",,https://efds.fa.em5.oraclecloud.com/hcmUI/CandidateExperience/en/sites/CX_1/job/63383,2026-07-29,2026-07-29,2026-07-29T15:41:44+00:00,2026-07-29 08:41 Wed,,false,,,,false,oracle:Ford:63383
Ford:64009,Ford,ADAS Surround View Camera Feature Engineer,"Dearborn, MI, United States",,https://efds.fa.em5.oraclecloud.com/hcmUI/CandidateExperience/en/sites/CX_1/job/64009,2026-07-27,2026-07-27,2026-07-27T19:41:39+00:00,2026-07-27 12:41 Mon,,false,,,,false,oracle:Ford:64009
Ford:67763,Ford,ADAS Systems Engineer for Perception,"Dearborn, MI, United States",,https://efds.fa.em5.oraclecloud.com/hcmUI/CandidateExperience/en/sites/CX_1/job/67763,2026-08-17,2026-08-17,2026-08-17T18:58:14+00:00,2026-08-17 11:58 Mon,Computer Vision,true,Keyword,40,keyword-only heuristic,false,oracle:Ford:67763
Ford:66266,Ford,ADAS Technical Program Manager,"Dearborn, MI, United States",,https://efds.fa.em5.oraclecloud.com/hcmUI/CandidateExperience/en/sites/CX_1/job/66266,2026-07-08,2026-07-08,2026-07-08T08:36:12+00:00,2026-07-08 01:36 Wed,,false,,,,false,oracle:Ford:66266
Ford:65932,Ford,Administrative Assistant,"MI, United States",,https://efds.fa.em5.oraclecloud.com/hcmUI/CandidateExperience/en/sites/CX_1/job/65932,2026-07-21,2026-07-21,2026-07-21T21:59:21+00:00,2026-07-21 14:59 Tue,,false,,,,false,oracle:Ford:65932
Ford:67049,Ford,Advanced Robotics Simulation Engineer,"Chennai, Tamil Nadu, India",,https://efds.fa.em5.oraclecloud.com/hcmUI/CandidateExperience/en/sites/CX_1/job/67049,2026-08-24,2026-08-24,2026-08-24T09:32:28+00:00,2026-08-24 02:32 Mon,,false,,,,false,oracle:Ford:67049
Ford:69503,Ford,AEM / Full Stack Software Engineer,"Dearborn, MI, United States",,https://efds.fa.em5.oraclecloud.com/hcmUI/CandidateExperience/en/sites/CX_1/job/69503,2026-08-26,2026-08-26,2026-08-26T15:59:48+00:00,2026-08-26 08:59 Wed,,false,,,,false,oracle:Ford:69503
Ford:65383,Ford,Affiliate Transactions and Third-Party Risk Management Lead (ATPRM Lead) -Ford Credit Bank,"Salt Lake City, UT, United States",,https://efds.fa.em5.oraclecloud.com/hcmUI/CandidateExperience/en/sites/CX_1/job/65383,2026-07-06,2026-07-06,2026-07-07T05:59:38+00:00,2026-07-06 22:59 Mon,,false,,,,false,oracle:Ford:65383
Ford:67321,Ford,Aftermarket Distribution Network Manager,"Dearborn, MI, United States",,https://efds.fa.em5.oraclecloud.com/hcmUI/CandidateExperience/en/sites/CX_1/job/67321,2026-07-28,2026-07-28,2026-07-28T15:42:00+00:00,2026-07-28 08:42 Tue,,false,,,,false,oracle:Ford:67321
Ford:67378,Ford,Aftermarket Zone Manager,United States,,https://efds.fa.em5.oraclecloud.com/hcmUI/CandidateExperience/en/sites/CX_1/job/67378,2026-07-28,2026-07-28,2026-07-28T16:41:27+00:00,2026-07-28 09:41 Tue,,false,,,,false,oracle:Ford:67378
Ford:67896,Ford,Agentic AI - Lead Engineer,"Chennai, Tamil Nadu, India",,https://efds.fa.em5.oraclecloud.com/hcmUI/CandidateExperience/en/sites/CX_1/job/67896,2026-08-24,2026-08-24,2026-08-24T17:18:11+00:00,2026-08-24 10:18 Mon,,false,,,,false,oracle:Ford:67896
Ford:68270,Ford,Agile Techno Finance Analyst,"Chennai, Tamil Nadu, India",,https://efds.fa.em5.oraclecloud.com/hcmUI/CandidateExperience/en/sites/CX_1/job/68270,2026-08-24,2026-08-24,2026-08-24T07:59:14+00:00,2026-08-24 00:59 Mon,,false,,,,false,oracle:Ford:68270
Ford:66992,Ford,AI Data Foundation Engineer,India,,https://efds.fa.em5.oraclecloud.com/hcmUI/CandidateExperience/en/sites/CX_1/job/66992,2026-07-15,2026-07-15,2026-07-15T10:59:01+00:00,2026-07-15 03:59 Wed,,false,,,,false,oracle:Ford:66992
Ford:67152,Ford,AI Data Scientist,"Chennai, Tamil Nadu, India",,https://efds.fa.em5.oraclecloud.com/hcmUI/CandidateExperience/en/sites/CX_1/job/67152,2026-07-23,2026-07-23,2026-07-23T05:59:22+00:00,2026-07-22 22:59 Wed,,false,,,,false,oracle:Ford:67152
Ford:63344,Ford,AI Engineer,"Dearborn, MI, United States",,https://efds.fa.em5.oraclecloud.com/hcmUI/CandidateExperience/en/sites/CX_1/job/63344,2026-07-07,2026-07-07,2026-07-08T02:45:08+00:00,2026-07-07 19:45 Tue,AI / ML,true,,72,"The title strongly indicates an AI engineering role, and the candidate has solid ML/CV engineering experience with PyTorch, YOLO, RL, and production coding, but the sparse posting gives no domain or seniority details to confirm a tighter match.",true,oracle:Ford:63344
Ford:66519,Ford,AI Engineer,"Chennai, Tamil Nadu, India",,https://efds.fa.em5.oraclecloud.com/hcmUI/CandidateExperience/en/sites/CX_1/job/66519,2026-07-13,2026-07-13,2026-07-13T10:58:59+00:00,2026-07-13 03:58 Mon,,false,,,,false,oracle:Ford:66519
Ford:65479,Ford,AI Engineer,"Mexico City, MEX, Mexico",,https://efds.fa.em5.oraclecloud.com/hcmUI/CandidateExperience/en/sites/CX_1/job/65479,2026-07-28,2026-07-28,2026-07-28T15:17:42+00:00,2026-07-28 08:17 Tue,,false,,,,false,oracle:Ford:65479
Ford:67481,Ford,AI Engineer,"Naucalpan de Juarez, MEX, Mexico",,https://efds.fa.em5.oraclecloud.com/hcmUI/CandidateExperience/en/sites/CX_1/job/67481,2026-08-14,2026-08-14,2026-08-14T20:59:20+00:00,2026-08-14 13:59 Fri,,false,,,,false,oracle:Ford:67481
Ford:67529,Ford,AI Engineer- Agentic AI Solutions,"Dearborn, MI, United States",,https://efds.fa.em5.oraclecloud.com/hcmUI/CandidateExperience/en/sites/CX_1/job/67529,2026-09-04,2026-09-04,2026-08-12T16:59:51+00:00,2026-08-12 09:59 Wed,AI / ML,true,Keyword,43,keyword-only heuristic,false,oracle:Ford:67529
Ford:59971,Ford,AI Engineering Manager,India,,https://efds.fa.em5.oraclecloud.com/hcmUI/CandidateExperience/en/sites/CX_1/job/59971,2026-07-21,2026-07-21,2026-07-21T07:17:19+00:00,2026-07-21 00:17 Tue,,false,,,,false,oracle:Ford:59971
Ford:66737,Ford,AI Full stack Engineer,India,,https://efds.fa.em5.oraclecloud.com/hcmUI/CandidateExperience/en/sites/CX_1/job/66737,2026-07-23,2026-07-23,2026-07-23T10:41:26+00:00,2026-07-23 03:41 Thu,,false,,,,false,oracle:Ford:66737
Ford:67410,Ford,AI Platform Administrator,"Dearborn, MI, United States",,https://efds.fa.em5.oraclecloud.com/hcmUI/CandidateExperience/en/sites/CX_1/job/67410,2026-08-04,2026-08-04,2026-08-04T21:18:02+00:00,2026-08-04 14:18 Tue,AI / ML,true,Keyword,43,keyword-only heuristic,false,oracle:Ford:67410
Ford:67670,Ford,AI Software Engineer,"Dearborn, MI, United States",,https://efds.fa.em5.oraclecloud.com/hcmUI/CandidateExperience/en/sites/CX_1/job/67670,2026-07-31,2026-07-31,2026-08-03T09:21:28+00:00,2026-08-03 02:21 Mon,,false,,,,false,oracle:Ford:67670
Ford:67147,Ford,AI Tech Specialist,"Chennai, Tamil Nadu, India",,https://efds.fa.em5.oraclecloud.com/hcmUI/CandidateExperience/en/sites/CX_1/job/67147,2026-07-31,2026-07-31,2026-07-31T08:59:16+00:00,2026-07-31 01:59 Fri,,false,,,,false,oracle:Ford:67147
Ford:68404,Ford,AI Transformation Manager - Internal Control,"Dearborn, MI, United States",,https://efds.fa.em5.oraclecloud.com/hcmUI/CandidateExperience/en/sites/CX_1/job/68404,2026-08-25,2026-08-25,2026-08-25T16:55:14+00:00,2026-08-25 09:55 Tue,AI / ML,true,Keyword,51,title-only listing; auto-passed (no description to score),true,oracle:Ford:68404
Ford:64118,Ford,AI-Accelerated Full Stack Software Development Engineer,"Dearborn, MI, United States",,https://efds.fa.em5.oraclecloud.com/hcmUI/CandidateExperience/en/sites/CX_1/job/64118,2026-07-13,2026-07-13,2026-07-13T14:40:57+00:00,2026-07-13 07:40 Mon,AI / ML,true,Keyword,46,keyword-only heuristic,false,oracle:Ford:64118
Ford:66098,Ford,AI/ML Engineer,"Dearborn, MI, United States",,https://efds.fa.em5.oraclecloud.com/hcmUI/CandidateExperience/en/sites/CX_1/job/66098,2026-07-17,2026-07-17,2026-07-17T16:17:50+00:00,2026-07-17 09:17 Fri,AI / ML,true,Keyword,46,keyword-only heuristic,false,oracle:Ford:66098
Ford:67976,Ford,AI/ML Engineer,"Chennai, Tamil Nadu, India",,https://efds.fa.em5.oraclecloud.com/hcmUI/CandidateExperience/en/sites/CX_1/job/67976,2026-08-11,2026-08-11,2026-08-11T12:59:54+00:00,2026-08-11 05:59 Tue,,false,,,,false,oracle:Ford:67976
Ford:67767,Ford,AI/ML Engineer,"Chennai, Tamil Nadu, India",,https://efds.fa.em5.oraclecloud.com/hcmUI/CandidateExperience/en/sites/CX_1/job/67767,2026-08-17,2026-08-17,2026-08-17T11:59:34+00:00,2026-08-17 04:59 Mon,,false,,,,false,oracle:Ford:67767
Ford:66033,Ford,Air Induction Buyer,"Dearborn, MI, United States",,https://efds.fa.em5.oraclecloud.com/hcmUI/CandidateExperience/en/sites/CX_1/job/66033,2026-07-01,2026-07-01,2026-07-07T05:59:38+00:00,2026-07-06 22:59 Mon,,false,,,,false,oracle:Ford:66033
Ford:69482,Ford,Analyst - Customs & Logistics,"Sanand, Gujarat, India",,https://efds.fa.em5.oraclecloud.com/hcmUI/CandidateExperience/en/sites/CX_1/job/69482,2026-08-27,2026-08-27,2026-08-26T15:59:48+00:00,2026-08-26 08:59 Wed,,false,,,,false,oracle:Ford:69482
Ford:66204,Ford,Analyst - Customs & Trade,"Chennai, Tamil Nadu, India",,https://efds.fa.em5.oraclecloud.com/hcmUI/CandidateExperience/en/sites/CX_1/job/66204,2026-07-07,2026-07-07,2026-07-07T13:43:37+00:00,2026-07-07 06:43 Tue,,false,,,,false,oracle:Ford:66204
Ford:68458,Ford,Analyst - Customs & Trade,"Chennai, Tamil Nadu, India",,https://efds.fa.em5.oraclecloud.com/hcmUI/CandidateExperience/en/sites/CX_1/job/68458,2026-09-01,2026-09-01,2026-08-13T11:41:53+00:00,2026-08-13 04:41 Thu,,false,,,,false,oracle:Ford:68458
Ford:66435,Ford,Analyst PPM Codification,"Chennai, Tamil Nadu, India",,https://efds.fa.em5.oraclecloud.com/hcmUI/CandidateExperience/en/sites/CX_1/job/66435,2026-07-09,2026-07-09,2026-07-09T10:17:05+00:00,2026-07-09 03:17 Thu,,false,,,,false,oracle:Ford:66435
Ford:68066,Ford,Analyst PPM Codification,"Chennai, Tamil Nadu, India",,https://efds.fa.em5.oraclecloud.com/hcmUI/CandidateExperience/en/sites/CX_1/job/68066,2026-08-06,2026-08-06,2026-08-06T14:41:55+00:00,2026-08-06 07:41 Thu,,false,,,,false,oracle:Ford:68066
Ford:66628,Ford,Analyst PPM EBOM,"Chennai, Tamil Nadu, India",,https://efds.fa.em5.oraclecloud.com/hcmUI/CandidateExperience/en/sites/CX_1/job/66628,2026-07-13,2026-07-13,2026-07-13T07:37:21+00:00,2026-07-13 00:37 Mon,,false,,,,false,oracle:Ford:66628
Ford:66558,Ford,Analyst PPM PBOM,"Chennai, Tamil Nadu, India",,https://efds.fa.em5.oraclecloud.com/hcmUI/CandidateExperience/en/sites/CX_1/job/66558,2026-07-13,2026-07-13,2026-07-13T11:58:49+00:00,2026-07-13 04:58 Mon,,false,,,,false,oracle:Ford:66558
Ford:68445,Ford,Analyst PPM PBOM,"Naucalpan de Juarez, MEX, Mexico",,https://efds.fa.em5.oraclecloud.com/hcmUI/CandidateExperience/en/sites/CX_1/job/68445,2026-08-21,2026-08-21,2026-08-21T18:56:37+00:00,2026-08-21 11:56 Fri,,false,,,,false,oracle:Ford:68445
Ford:69951,Ford,Analyst Supply Chain Purchasing I-ERP Change Management,"Dearborn, MI, United States",,https://efds.fa.em5.oraclecloud.com/hcmUI/CandidateExperience/en/sites/CX_1/job/69951,2026-09-04,2026-09-04,2026-09-04T17:48:23+00:00,2026-09-04 10:48 Fri,,false,,,,false,oracle:Ford:69951
Ford:62234,Ford,Analyst Zentrales Auslagerungsmanagement (m/w/d),"Köln, Nordrhein Westfalen, Germany",,https://efds.fa.em5.oraclecloud.com/hcmUI/CandidateExperience/en/sites/CX_1/job/62234,2026-06-30,2026-06-30,2026-07-07T05:59:38+00:00,2026-07-06 22:59 Mon,,false,,,,false,oracle:Ford:62234
Ford:69088,Ford,"Analyst – Supply Chain Analytics, Automation & AI","Chennai, Tamil Nadu, India",,https://efds.fa.em5.oraclecloud.com/hcmUI/CandidateExperience/en/sites/CX_1/job/69088,2026-09-03,2026-09-03,2026-09-03T19:37:21+00:00,2026-09-03 12:37 Thu,,false,,,,false,oracle:Ford:69088
Ford:69387,Ford,"Analyst – Supply Chain Analytics, Automation & AI",India,,https://efds.fa.em5.oraclecloud.com/hcmUI/CandidateExperience/en/sites/CX_1/job/69387,2026-09-03,2026-09-03,2026-09-03T19:37:21+00:00,2026-09-03 12:37 Thu,,false,,,,false,oracle:Ford:69387
Ford:65851,Ford,"Analyst, Digital Supply Chain","Dearborn, MI, United States",,https://efds.fa.em5.oraclecloud.com/hcmUI/CandidateExperience/en/sites/CX_1/job/65851,2026-07-02,2026-07-02,2026-07-07T05:59:38+00:00,2026-07-06 22:59 Mon,,false,,,,false,oracle:Ford:65851
Ford:66949,Ford,"Analyst, Product Integrity Team","Dearborn, MI, United States",,https://efds.fa.em5.oraclecloud.com/hcmUI/CandidateExperience/en/sites/CX_1/job/66949,2026-09-02,2026-09-02,2026-09-02T15:15:02+00:00,2026-09-02 08:15 Wed,,false,,,,false,oracle:Ford:66949
Ford:65378,Ford,"Analyst, Supply Chain Programs","Dearborn, MI, United States",,https://efds.fa.em5.oraclecloud.com/hcmUI/CandidateExperience/en/sites/CX_1/job/65378,2026-07-01,2026-07-01,2026-07-07T05:59:38+00:00,2026-07-06 22:59 Mon,,false,,,,false,oracle:Ford:65378
Ford:65933,Ford,"Analyst, Supply Chain Programs","Dearborn, MI, United States",,https://efds.fa.em5.oraclecloud.com/hcmUI/CandidateExperience/en/sites/CX_1/job/65933,2026-07-01,2026-07-01,2026-07-07T05:59:38+00:00,2026-07-06 22:59 Mon,,false,,,,false,oracle:Ford:65933
Ford:64170,Ford,"Analyst, Supply Chain Programs","Dearborn, MI, United States",,https://efds.fa.em5.oraclecloud.com/hcmUI/CandidateExperience/en/sites/CX_1/job/64170,2026-07-23,2026-07-23,2026-07-23T15:41:53+00:00,2026-07-23 08:41 Thu,,false,,,,false,oracle:Ford:64170
Ford:67783,Ford,"Analyst, Supply Chain Programs","Dearborn, MI, United States",,https://efds.fa.em5.oraclecloud.com/hcmUI/CandidateExperience/en/sites/CX_1/job/67783,2026-08-07,2026-08-07,2026-08-07T16:41:45+00:00,2026-08-07 09:41 Fri,,false,,,,false,oracle:Ford:67783
Ford:64171,Ford,"Analyst, Supply Chain Programs","Dearborn, MI, United States",,https://efds.fa.em5.oraclecloud.com/hcmUI/CandidateExperience/en/sites/CX_1/job/64171,2026-08-19,2026-08-19,2026-08-18T17:31:44+00:00,2026-08-18 10:31 Tue,,false,,,,false,oracle:Ford:64171
Ford:69927,Ford,"Analyst, Supply Chain User Enablement & Change Management","Dearborn, MI, United States",,https://efds.fa.em5.oraclecloud.com/hcmUI/CandidateExperience/en/sites/CX_1/job/69927,2026-09-03,2026-09-03,2026-09-03T19:37:21+00:00,2026-09-03 12:37 Thu,,false,,,,false,oracle:Ford:69927
Ford:68319,Ford,"Analyst, Supply Operations","Dearborn, MI, United States",,https://efds.fa.em5.oraclecloud.com/hcmUI/CandidateExperience/en/sites/CX_1/job/68319,2026-08-19,2026-08-19,2026-08-19T19:39:52+00:00,2026-08-19 12:39 Wed,,false,,,,false,oracle:Ford:68319
Ford:68901,Ford,Analyst- Customs & Trade,"Chennai, Tamil Nadu, India",,https://efds.fa.em5.oraclecloud.com/hcmUI/CandidateExperience/en/sites/CX_1/job/68901,2026-08-18,2026-08-18,2026-08-18T08:41:51+00:00,2026-08-18 01:41 Tue,,false,,,,false,oracle:Ford:68901
Ford:67752,Ford,Analyst PPM PBOM,"Chennai, Tamil Nadu, India",,https://efds.fa.em5.oraclecloud.com/hcmUI/CandidateExperience/en/sites/CX_1/job/67752,2026-08-04,2026-08-04,2026-08-04T15:59:30+00:00,2026-08-04 08:59 Tue,,false,,,,false,oracle:Ford:67752
Ford:68482,Ford,Analytics & Insights Manager,"Dearborn, MI, United States",,https://efds.fa.em5.oraclecloud.com/hcmUI/CandidateExperience/en/sites/CX_1/job/68482,2026-08-20,2026-08-20,2026-08-20T16:41:59+00:00,2026-08-20 09:41 Thu,,false,,,,false,oracle:Ford:68482
Ford:69486,Ford,Analytics Integration Analyst,"Chennai, Tamil Nadu, India",,https://efds.fa.em5.oraclecloud.com/hcmUI/CandidateExperience/en/sites/CX_1/job/69486,2026-08-27,2026-08-27,2026-08-27T10:59:39+00:00,2026-08-27 03:59 Thu,,false,,,,false,oracle:Ford:69486
Ford:65136,Ford,Analytics Integration Specialist,"Dearborn, MI, United States",,https://efds.fa.em5.oraclecloud.com/hcmUI/CandidateExperience/en/sites/CX_1/job/65136,2026-07-30,2026-07-30,2026-07-12T00:39:01+00:00,2026-07-11 17:39 Sat,,false,,,,false,oracle:Ford:65136
Ford:69828,Ford,Analytics Modeler,"Chennai, Tamil Nadu, India",,https://efds.fa.em5.oraclecloud.com/hcmUI/CandidateExperience/en/sites/CX_1/job/69828,2026-08-31,2026-08-31,2026-08-31T09:41:46+00:00,2026-08-31 02:41 Mon,,false,,,,false,oracle:Ford:69828
Ford:59805,Ford,Anaplan Development Lead,"Dunton, Essex, United Kingdom",,https://efds.fa.em5.oraclecloud.com/hcmUI/CandidateExperience/en/sites/CX_1/job/59805,2026-08-17,2026-08-17,2026-08-17T11:59:34+00:00,2026-08-17 04:59 Mon,,false,,,,false,oracle:Ford:59805
Ford:69763,Ford,Anaplan Development Lead,"Dunton, Essex, United Kingdom",,https://efds.fa.em5.oraclecloud.com/hcmUI/CandidateExperience/en/sites/CX_1/job/69763,2026-08-27,2026-08-27,2026-08-27T11:41:30+00:00,2026-08-27 04:41 Thu,,false,,,,false,oracle:Ford:69763
Ford:67694,Ford,Anchor Software Engineer,"Chennai, Tamil Nadu, India",,https://efds.fa.em5.oraclecloud.com/hcmUI/CandidateExperience/en/sites/CX_1/job/67694,2026-08-05,2026-08-05,2026-08-05T04:59:11+00:00,2026-08-04 21:59 Tue,,false,,,,false,oracle:Ford:67694
Ford:64016,Ford,APDM Country Manager,"Bangkok, Thailand",,https://efds.fa.em5.oraclecloud.com/hcmUI/CandidateExperience/en/sites/CX_1/job/64016,2026-07-16,2026-07-16,2026-07-16T02:59:28+00:00,2026-07-15 19:59 Wed,,false,,,,false,oracle:Ford:64016
Ford:68904,Ford,Applicant Architect,"Chennai, Tamil Nadu, India",,https://efds.fa.em5.oraclecloud.com/hcmUI/CandidateExperience/en/sites/CX_1/job/68904,2026-08-18,2026-08-18,2026-08-18T09:41:49+00:00,2026-08-18 02:41 Tue,,false,,,,false,oracle:Ford:68904
Ford:66151,Ford,"Arbitration Associate, Labor Affairs COE","Dearborn, MI, United States",,https://efds.fa.em5.oraclecloud.com/hcmUI/CandidateExperience/en/sites/CX_1/job/66151,2026-07-02,2026-07-02,2026-07-07T05:59:38+00:00,2026-07-06 22:59 Mon,,false,,,,false,oracle:Ford:66151
Ford:64981,Ford,Area Manager,"Avon Lake, OH, United States",,https://efds.fa.em5.oraclecloud.com/hcmUI/CandidateExperience/en/sites/CX_1/job/64981,2026-07-14,2026-07-14,2026-07-14T19:41:21+00:00,2026-07-14 12:41 Tue,,false,,,,false,oracle:Ford:64981
Ford:69310,Ford,Area Manager - Final,"Wayne, MI, United States",,https://efds.fa.em5.oraclecloud.com/hcmUI/CandidateExperience/en/sites/CX_1/job/69310,2026-08-28,2026-08-28,2026-08-28T17:59:47+00:00,2026-08-28 10:59 Fri,,false,,,,false,oracle:Ford:69310
Ford:66562,Ford,Area Manager HSAP,"Hermosillo, SON, Mexico",,https://efds.fa.em5.oraclecloud.com/hcmUI/CandidateExperience/en/sites/CX_1/job/66562,2026-07-08,2026-07-08,2026-07-09T05:28:20+00:00,2026-07-08 22:28 Wed,,false,,,,false,oracle:Ford:66562
Ford:68037,Ford,Area Manager Plant Launch,"Chennai, Tamil Nadu, India",,https://efds.fa.em5.oraclecloud.com/hcmUI/CandidateExperience/en/sites/CX_1/job/68037,2026-08-31,2026-08-31,2026-08-24T07:17:18+00:00,2026-08-24 00:17 Mon,,false,,,,false,oracle:Ford:68037
Ford:67488,Ford,"Area Manager, Body","Wayne, MI, United States",,https://efds.fa.em5.oraclecloud.com/hcmUI/CandidateExperience/en/sites/CX_1/job/67488,2026-08-07,2026-08-07,2026-08-07T15:09:33+00:00,2026-08-07 08:09 Fri,,false,,,,false,oracle:Ford:67488
Ford:66438,Ford,Assembly System Process Engineer,"Dearborn, MI, United States",,https://efds.fa.em5.oraclecloud.com/hcmUI/CandidateExperience/en/sites/CX_1/job/66438,2026-07-09,2026-07-09,2026-07-10T03:30:15+00:00,2026-07-09 20:30 Thu,,false,,,,false,oracle:Ford:66438
Ford:67651,Ford,Assembly Systems Supervisor,"Dearborn, MI, United States",,https://efds.fa.em5.oraclecloud.com/hcmUI/CandidateExperience/en/sites/CX_1/job/67651,2026-07-31,2026-07-31,2026-07-31T16:17:25+00:00,2026-07-31 09:17 Fri,,false,,,,false,oracle:Ford:67651
Ford:68749,Ford,Asset Management/Marketing Manager,"Dearborn, MI, United States",,https://efds.fa.em5.oraclecloud.com/hcmUI/CandidateExperience/en/sites/CX_1/job/68749,2026-09-01,2026-09-01,2026-09-01T17:32:05+00:00,2026-09-01 10:32 Tue,,false,,,,false,oracle:Ford:68749
Ford:67210,Ford,Assistant Plant Manager,"Windsor, ON, Canada",,https://efds.fa.em5.oraclecloud.com/hcmUI/CandidateExperience/en/sites/CX_1/job/67210,2026-07-23,2026-07-23,2026-07-23T14:17:42+00:00,2026-07-23 07:17 Thu,,false,,,,false,oracle:Ford:67210
Ford:69680,Ford,Assistant Plant Manager,"Livonia, MI, United States",,https://efds.fa.em5.oraclecloud.com/hcmUI/CandidateExperience/en/sites/CX_1/job/69680,2026-08-27,2026-08-27,2026-08-27T20:59:51+00:00,2026-08-27 13:59 Thu,,false,,,,false,oracle:Ford:69680
Ford:64754,Ford,"Assistant Plant Manager, BlueOval Battery Park Michigan","Marshall, MI, United States",,https://efds.fa.em5.oraclecloud.com/hcmUI/CandidateExperience/en/sites/CX_1/job/64754,2026-06-30,2026-06-30,2026-07-07T05:59:38+00:00,2026-07-06 22:59 Mon,,false,,,,false,oracle:Ford:64754
Ford:67497,Ford,Assoc. Retail Securitization,"Dearborn, MI, United States",,https://efds.fa.em5.oraclecloud.com/hcmUI/CandidateExperience/en/sites/CX_1/job/67497,2026-08-11,2026-08-11,2026-08-11T23:17:30+00:00,2026-08-11 16:17 Tue,,false,,,,false,oracle:Ford:67497
Ford:68695,Ford,Associate,India,,https://efds.fa.em5.oraclecloud.com/hcmUI/CandidateExperience/en/sites/CX_1/job/68695,2026-08-18,2026-08-18,2026-08-18T12:10:51+00:00,2026-08-18 05:10 Tue,,false,,,,false,oracle:Ford:68695
Ford:68392,Ford,Associate,"Chennai, Tamil Nadu, India",,https://efds.fa.em5.oraclecloud.com/hcmUI/CandidateExperience/en/sites/CX_1/job/68392,2026-08-19,2026-08-19,2026-08-19T14:42:27+00:00,2026-08-19 07:42 Wed,,false,,,,false,oracle:Ford:68392
Ford:68567,Ford,Associate - Finance,"Chennai, Tamil Nadu, India",,https://efds.fa.em5.oraclecloud.com/hcmUI/CandidateExperience/en/sites/CX_1/job/68567,2026-08-13,2026-08-13,2026-08-13T06:59:46+00:00,2026-08-12 23:59 Wed,,false,,,,false,oracle:Ford:68567
Ford:66332,Ford,"Associate Director, Corporate Development","Dearborn, MI, United States",,https://efds.fa.em5.oraclecloud.com/hcmUI/CandidateExperience/en/sites/CX_1/job/66332,2026-07-22,2026-07-22,2026-07-22T13:59:15+00:00,2026-07-22 06:59 Wed,,false,,,,false,oracle:Ford:66332
Ford:65856,Ford,"Associate Director, Corporate Strategy","Dearborn, MI, United States",,https://efds.fa.em5.oraclecloud.com/hcmUI/CandidateExperience/en/sites/CX_1/job/65856,2026-06-30,2026-06-30,2026-07-07T05:59:38+00:00,2026-07-06 22:59 Mon,,false,,,,false,oracle:Ford:65856
Ford:69785,Ford,"Associate Director, Defense Business & Strategy","Dearborn, MI, United States",,https://efds.fa.em5.oraclecloud.com/hcmUI/CandidateExperience/en/sites/CX_1/job/69785,2026-08-31,2026-08-31,2026-08-31T21:59:46+00:00,2026-08-31 14:59 Mon,,false,,,,false,oracle:Ford:69785
Ford:68696,Ford,Associate Engineer – Vehicle Design Evaluation Checks,"Chennai, Tamil Nadu, India",,https://efds.fa.em5.oraclecloud.com/hcmUI/CandidateExperience/en/sites/CX_1/job/68696,2026-09-02,2026-09-02,2026-09-02T15:15:02+00:00,2026-09-02 08:15 Wed,,false,,,,false,oracle:Ford:68696
Ford:68698,Ford,Associate Engineer – Vehicle Design Evaluation Checks,"Chennai, Tamil Nadu, India",,https://efds.fa.em5.oraclecloud.com/hcmUI/CandidateExperience/en/sites/CX_1/job/68698,2026-09-02,2026-09-02,2026-09-02T15:15:02+00:00,2026-09-02 08:15 Wed,,false,,,,false,oracle:Ford:68698
Ford:68706,Ford,Associate Engineer – Vehicle Design Evaluation Checks,"Chennai, Tamil Nadu, India",,https://efds.fa.em5.oraclecloud.com/hcmUI/CandidateExperience/en/sites/CX_1/job/68706,2026-09-02,2026-09-02,2026-09-02T15:15:02+00:00,2026-09-02 08:15 Wed,,false,,,,false,oracle:Ford:68706
Ford:68707,Ford,Associate Engineer – Vehicle Design Evaluation Checks,"Chennai, Tamil Nadu, India",,https://efds.fa.em5.oraclecloud.com/hcmUI/CandidateExperience/en/sites/CX_1/job/68707,2026-09-02,2026-09-02,2026-09-02T15:15:02+00:00,2026-09-02 08:15 Wed,,false,,,,false,oracle:Ford:68707
Ford:68715,Ford,Associate Engineer – Vehicle Design Evaluation Checks,"Chennai, Tamil Nadu, India",,https://efds.fa.em5.oraclecloud.com/hcmUI/CandidateExperience/en/sites/CX_1/job/68715,2026-09-02,2026-09-02,2026-09-02T15:15:02+00:00,2026-09-02 08:15 Wed,,false,,,,false,oracle:Ford:68715
Ford:59238,Ford,ATP Sense Engineering Manager,"Valencia, Spain",,https://efds.fa.em5.oraclecloud.com/hcmUI/CandidateExperience/en/sites/CX_1/job/59238,2026-08-28,2026-08-28,2026-08-24T15:56:32+00:00,2026-08-24 08:56 Mon,,false,,,,false,oracle:Ford:59238
Ford:66352,Ford,Attendance SPOC,"Wayne, MI, United States",,https://efds.fa.em5.oraclecloud.com/hcmUI/CandidateExperience/en/sites/CX_1/job/66352,2026-07-01,2026-07-01,2026-07-07T05:59:38+00:00,2026-07-06 22:59 Mon,,false,,,,false,oracle:Ford:66352
Ford:67157,Ford,Attendance SPOC,"Cincinnati, OH, United States",,https://efds.fa.em5.oraclecloud.com/hcmUI/CandidateExperience/en/sites/CX_1/job/67157,2026-07-31,2026-07-31,2026-07-31T17:17:33+00:00,2026-07-31 10:17 Fri,,false,,,,false,oracle:Ford:67157
Ford:68717,Ford,Attendance SPOC,"Wayne, MI, United States",,https://efds.fa.em5.oraclecloud.com/hcmUI/CandidateExperience/en/sites/CX_1/job/68717,2026-08-18,2026-08-18,2026-08-18T17:12:22+00:00,2026-08-18 10:12 Tue,,false,,,,false,oracle:Ford:68717
Ford:69318,Ford,Attendance SPOC,"Chicago, IL, United States",,https://efds.fa.em5.oraclecloud.com/hcmUI/CandidateExperience/en/sites/CX_1/job/69318,2026-08-26,2026-08-26,2026-08-26T17:42:16+00:00,2026-08-26 10:42 Wed,,false,,,,false,oracle:Ford:69318
Ford:69771,Ford,Audio Control Module - Product Development Engineer,"Dearborn, MI, United States",,https://efds.fa.em5.oraclecloud.com/hcmUI/CandidateExperience/en/sites/CX_1/job/69771,2026-09-02,2026-09-02,2026-09-03T04:50:24+00:00,2026-09-02 21:50 Wed,,false,,,,false,oracle:Ford:69771
Ford:61522,Ford,Auditor,"Dearborn, MI, United States",,https://efds.fa.em5.oraclecloud.com/hcmUI/CandidateExperience/en/sites/CX_1/job/61522,2026-07-28,2026-07-28,2026-07-09T18:36:12+00:00,2026-07-09 11:36 Thu,,false,,,,false,oracle:Ford:61522
Ford:64607,Ford,Author for technical publications,"Szentendre, Kozep-Magyarorszag, Hungary",,https://efds.fa.em5.oraclecloud.com/hcmUI/CandidateExperience/en/sites/CX_1/job/64607,2026-06-30,2026-06-30,2026-07-07T05:59:38+00:00,2026-07-06 22:59 Mon,,false,,,,false,oracle:Ford:64607
Ford:65493,Ford,Author for Technical Publications,"Szentendre, Kozep-Magyarorszag, Hungary",,https://efds.fa.em5.oraclecloud.com/hcmUI/CandidateExperience/en/sites/CX_1/job/65493,2026-07-27,2026-07-27,2026-07-15T12:17:43+00:00,2026-07-15 05:17 Wed,,false,,,,false,oracle:Ford:65493
Ford:70000,Ford,Author for Technical Publications,"Szentendre, Kozep-Magyarorszag, Hungary",,https://efds.fa.em5.oraclecloud.com/hcmUI/CandidateExperience/en/sites/CX_1/job/70000,2026-09-01,2026-09-01,2026-09-01T15:00:18+00:00,2026-09-01 08:00 Tue,,false,,,,false,oracle:Ford:70000
Ford:69798,Ford,Automation Deployment Launch Engineer,"Redford, MI, United States",,https://efds.fa.em5.oraclecloud.com/hcmUI/CandidateExperience/en/sites/CX_1/job/69798,2026-09-02,2026-09-02,2026-09-02T05:20:28+00:00,2026-09-01 22:20 Tue,,false,,,,false,oracle:Ford:69798
Ford:60960,Ford,Automation Deployment Launch Engr,"Redford, MI, United States",,https://efds.fa.em5.oraclecloud.com/hcmUI/CandidateExperience/en/sites/CX_1/job/60960,2026-06-30,2026-06-30,2026-07-07T05:59:38+00:00,2026-07-06 22:59 Mon,,false,,,,false,oracle:Ford:60960
Ford:66569,Ford,Automation Engineering Specialist (LAP),"Louisville, KY, United States",,https://efds.fa.em5.oraclecloud.com/hcmUI/CandidateExperience/en/sites/CX_1/job/66569,2026-07-22,2026-07-22,2026-07-22T13:59:15+00:00,2026-07-22 06:59 Wed,,false,,,,false,oracle:Ford:66569
Ford:65991,Ford,Automation Node Maintainer,"Ottawa, ON, Canada",,https://efds.fa.em5.oraclecloud.com/hcmUI/CandidateExperience/en/sites/CX_1/job/65991,2026-07-07,2026-07-07,2026-07-08T02:45:08+00:00,2026-07-07 19:45 Tue,,false,,,,false,oracle:Ford:65991
Ford:67382,Ford,Automotive Body Interior CAE Engineer,"Naucalpan de Juarez, MEX, Mexico",,https://efds.fa.em5.oraclecloud.com/hcmUI/CandidateExperience/en/sites/CX_1/job/67382,2026-09-02,2026-09-02,2026-08-04T21:41:51+00:00,2026-08-04 14:41 Tue,,false,,,,false,oracle:Ford:67382
Ford:68694,Ford,Automotive Diagnostics & Technical Analyst,"Naucalpan de Juarez, MEX, Mexico",,https://efds.fa.em5.oraclecloud.com/hcmUI/CandidateExperience/en/sites/CX_1/job/68694,2026-08-24,2026-08-24,2026-08-24T18:59:22+00:00,2026-08-24 11:59 Mon,,false,,,,false,oracle:Ford:68694
Ford:67672,Ford,Automotive Technical Support Analyst,"Naucalpan de Juarez, MEX, Mexico",,https://efds.fa.em5.oraclecloud.com/hcmUI/CandidateExperience/en/sites/CX_1/job/67672,2026-08-05,2026-08-05,2026-08-06T01:24:39+00:00,2026-08-05 18:24 Wed,,false,,,,false,oracle:Ford:67672
Ford:68126,Ford,Autonomous Mobility Product Manager,"Redford, MI, United States",,https://efds.fa.em5.oraclecloud.com/hcmUI/CandidateExperience/en/sites/CX_1/job/68126,2026-08-25,2026-08-25,2026-08-25T01:41:27+00:00,2026-08-24 18:41 Mon,,false,,,,false,oracle:Ford:68126
Ford:63965,Ford,Autonomous Robotics Launch Engineer,"Naucalpan de Juarez, MEX, Mexico",,https://efds.fa.em5.oraclecloud.com/hcmUI/CandidateExperience/en/sites/CX_1/job/63965,2026-07-16,2026-07-16,2026-07-16T17:59:45+00:00,2026-07-16 10:59 Thu,,false,,,,false,oracle:Ford:63965
Ford:63967,Ford,Autonomous Robotics Launch Engineer,"Naucalpan de Juarez, MEX, Mexico",,https://efds.fa.em5.oraclecloud.com/hcmUI/CandidateExperience/en/sites/CX_1/job/63967,2026-07-16,2026-07-16,2026-07-16T18:17:25+00:00,2026-07-16 11:17 Thu,,false,,,,false,oracle:Ford:63967
Ford:63972,Ford,Autonomous Robotics Launch Engineer,"Naucalpan de Juarez, MEX, Mexico",,https://efds.fa.em5.oraclecloud.com/hcmUI/CandidateExperience/en/sites/CX_1/job/63972,2026-07-17,2026-07-17,2026-07-17T00:59:04+00:00,2026-07-16 17:59 Thu,,false,,,,false,oracle:Ford:63972
Ford:63968,Ford,Autonomous Robotics Launch Engineer,"Naucalpan de Juarez, MEX, Mexico",,https://efds.fa.em5.oraclecloud.com/hcmUI/CandidateExperience/en/sites/CX_1/job/63968,2026-07-20,2026-07-20,2026-07-20T19:41:44+00:00,2026-07-20 12:41 Mon,,false,,,,false,oracle:Ford:63968
Ford:63973,Ford,Autonomous Robotics Launch Engineer,"Naucalpan de Juarez, MEX, Mexico",,https://efds.fa.em5.oraclecloud.com/hcmUI/CandidateExperience/en/sites/CX_1/job/63973,2026-07-20,2026-07-20,2026-07-20T19:59:35+00:00,2026-07-20 12:59 Mon,,false,,,,false,oracle:Ford:63973
Ford:63974,Ford,Autonomous Robotics Launch Engineer,"Naucalpan de Juarez, MEX, Mexico",,https://efds.fa.em5.oraclecloud.com/hcmUI/CandidateExperience/en/sites/CX_1/job/63974,2026-07-24,2026-07-24,2026-07-24T23:59:26+00:00,2026-07-24 16:59 Fri,,false,,,,false,oracle:Ford:63974
Ford:63975,Ford,Autonomous Robotics Launch Engineer,"Naucalpan de Juarez, MEX, Mexico",,https://efds.fa.em5.oraclecloud.com/hcmUI/CandidateExperience/en/sites/CX_1/job/63975,2026-07-27,2026-07-27,2026-07-27T21:17:24+00:00,2026-07-27 14:17 Mon,,false,,,,false,oracle:Ford:63975
Ford:63979,Ford,Autonomous Robotics Launch Engineer,"Naucalpan de Juarez, MEX, Mexico",,https://efds.fa.em5.oraclecloud.com/hcmUI/CandidateExperience/en/sites/CX_1/job/63979,2026-07-28,2026-07-28,2026-07-28T04:41:20+00:00,2026-07-27 21:41 Mon,,false,,,,false,oracle:Ford:63979
Ford:63976,Ford,Autonomous Robotics Launch Engineer,"Naucalpan de Juarez, MEX, Mexico",,https://efds.fa.em5.oraclecloud.com/hcmUI/CandidateExperience/en/sites/CX_1/job/63976,2026-08-18,2026-08-18,2026-08-18T16:30:57+00:00,2026-08-18 09:30 Tue,,false,,,,false,oracle:Ford:63976
Ford:67353,Ford,Autonomous Robotics Launch Manager,"Dearborn, MI, United States",,https://efds.fa.em5.oraclecloud.com/hcmUI/CandidateExperience/en/sites/CX_1/job/67353,2026-08-02,2026-08-02,2026-08-03T00:17:12+00:00,2026-08-02 17:17 Sun,,false,,,,false,oracle:Ford:67353
Ford:68299,Ford,B&F Mechanical Engineer,"Chihuahua, CHIH, Mexico",,https://efds.fa.em5.oraclecloud.com/hcmUI/CandidateExperience/en/sites/CX_1/job/68299,2026-08-19,2026-08-19,2026-08-19T18:17:51+00:00,2026-08-19 11:17 Wed,,false,,,,false,oracle:Ford:68299
Ford:69659,Ford,"Battery Life Model Development and Analysis Engineer, Ford Energy","Dearborn, MI, United States",,https://efds.fa.em5.oraclecloud.com/hcmUI/CandidateExperience/en/sites/CX_1/job/69659,2026-08-26,2026-08-26,2026-08-26T21:18:03+00:00,2026-08-26 14:18 Wed,Other Technical,true,Keyword,43,keyword-only heuristic,false,oracle:Ford:69659
Ford:69282,Ford,Battery Management System Architect,"Dearborn, MI, United States",,https://efds.fa.em5.oraclecloud.com/hcmUI/CandidateExperience/en/sites/CX_1/job/69282,2026-08-21,2026-08-21,2026-08-21T16:41:54+00:00,2026-08-21 09:41 Fri,,false,,,,false,oracle:Ford:69282
Ford:66155,Ford,Battery Management/Modeling Research Engineer,"Dearborn, MI, United States",,https://efds.fa.em5.oraclecloud.com/hcmUI/CandidateExperience/en/sites/CX_1/job/66155,2026-07-17,2026-07-17,2026-07-17T20:17:32+00:00,2026-07-17 13:17 Fri,,false,,,,false,oracle:Ford:66155
Ford:66720,Ford,Battery Manufacturing Program Engineer,"Dearborn, MI, United States",,https://efds.fa.em5.oraclecloud.com/hcmUI/CandidateExperience/en/sites/CX_1/job/66720,2026-07-30,2026-07-30,2026-07-30T21:59:36+00:00,2026-07-30 14:59 Thu,,false,,,,false,oracle:Ford:66720
Ford:66445,Ford,Battery Monitoring Hardware Engineer,"Dearborn, MI, United States",,https://efds.fa.em5.oraclecloud.com/hcmUI/CandidateExperience/en/sites/CX_1/job/66445,2026-07-06,2026-07-06,2026-07-07T05:59:38+00:00,2026-07-06 22:59 Mon,,false,,,,false,oracle:Ford:66445
Ford:66068,Ford,Battery Pack Assembly Supervisor,"Dearborn, MI, United States",,https://efds.fa.em5.oraclecloud.com/hcmUI/CandidateExperience/en/sites/CX_1/job/66068,2026-07-29,2026-07-29,2026-07-07T05:59:38+00:00,2026-07-06 22:59 Mon,,false,,,,false,oracle:Ford:66068
Ford:67707,Ford,Battery Pack Process Engineer,"Cuautitlan, MEX, Mexico",,https://efds.fa.em5.oraclecloud.com/hcmUI/CandidateExperience/en/sites/CX_1/job/67707,2026-08-10,2026-08-10,2026-08-10T20:41:31+00:00,2026-08-10 13:41 Mon,,false,,,,false,oracle:Ford:67707
Ford:69634,Ford,Benchmarking & Cost Efficiency Engineer,"Dearborn, MI, United States",,https://efds.fa.em5.oraclecloud.com/hcmUI/CandidateExperience/en/sites/CX_1/job/69634,2026-09-02,2026-09-02,2026-09-02T18:45:15+00:00,2026-09-02 11:45 Wed,,false,,,,false,oracle:Ford:69634
Ford:65266,Ford,"BESS Battery Module Program Manager, Ford Energy","Dearborn, MI, United States",,https://efds.fa.em5.oraclecloud.com/hcmUI/CandidateExperience/en/sites/CX_1/job/65266,2026-07-07,2026-07-07,2026-07-08T02:45:08+00:00,2026-07-07 19:45 Tue,,false,,,,false,oracle:Ford:65266
Ford:69165,Ford,Bilingual (English & French) Customer Service Representative,"Edmonton, AB, Canada",,https://efds.fa.em5.oraclecloud.com/hcmUI/CandidateExperience/en/sites/CX_1/job/69165,2026-09-02,2026-09-02,2026-08-26T13:24:29+00:00,2026-08-26 06:24 Wed,,false,,,,false,oracle:Ford:69165
Ford:68411,Ford,Bilingual (English and French) Customer Service Representative,"Paris, ON, Canada",,https://efds.fa.em5.oraclecloud.com/hcmUI/CandidateExperience/en/sites/CX_1/job/68411,2026-08-19,2026-08-19,2026-08-19T17:17:29+00:00,2026-08-19 10:17 Wed,,false,,,,false,oracle:Ford:68411
Ford:69164,Ford,Bilingual (French/English) Customer Service Representative - Account Maintenance (Early Stage Collections),Canada,,https://efds.fa.em5.oraclecloud.com/hcmUI/CandidateExperience/en/sites/CX_1/job/69164,2026-08-24,2026-08-24,2026-08-24T13:42:12+00:00,2026-08-24 06:42 Mon,,false,,,,false,oracle:Ford:69164
Ford:66824,Ford,Bilingual - (English & French)  Ford Credit Canada Development Program,"Oakville, ON, Canada",,https://efds.fa.em5.oraclecloud.com/hcmUI/CandidateExperience/en/sites/CX_1/job/66824,2026-08-06,2026-08-06,2026-08-06T22:41:47+00:00,2026-08-06 15:41 Thu,,false,,,,false,oracle:Ford:66824
Ford:69425,Ford,BlueCruise Feature and SW Engineer,"Dearborn, MI, United States",,https://efds.fa.em5.oraclecloud.com/hcmUI/CandidateExperience/en/sites/CX_1/job/69425,2026-08-27,2026-08-27,2026-08-27T17:59:56+00:00,2026-08-27 10:59 Thu,,false,,,,false,oracle:Ford:69425
Ford:69644,Ford,BMS Design & Release Engineer,"Dearborn, MI, United States",,https://efds.fa.em5.oraclecloud.com/hcmUI/CandidateExperience/en/sites/CX_1/job/69644,2026-09-03,2026-09-03,2026-09-04T02:37:27+00:00,2026-09-03 19:37 Thu,,false,,,,false,oracle:Ford:69644
Ford:69288,Ford,BMS Software Development Engineer,"Dearborn, MI, United States",,https://efds.fa.em5.oraclecloud.com/hcmUI/CandidateExperience/en/sites/CX_1/job/69288,2026-09-03,2026-09-03,2026-09-04T02:37:27+00:00,2026-09-03 19:37 Thu,,false,,,,false,oracle:Ford:69288
Ford:65646,Ford,Body Closures Architecture Systems,"Dearborn, MI, United States",,https://efds.fa.em5.oraclecloud.com/hcmUI/CandidateExperience/en/sites/CX_1/job/65646,2026-07-31,2026-07-31,2026-07-14T13:58:58+00:00,2026-07-14 06:58 Tue,,false,,,,false,oracle:Ford:65646
Ford:67738,Ford,Body on Frame Structures Architecture Technical Specialist,"Dearborn, MI, United States",,https://efds.fa.em5.oraclecloud.com/hcmUI/CandidateExperience/en/sites/CX_1/job/67738,2026-08-10,2026-08-10,2026-08-10T16:59:40+00:00,2026-08-10 09:59 Mon,,false,,,,false,oracle:Ford:67738
Ford:64866,Ford,Body Software System Verification Engineer,"Allen Park, MI, United States",,https://efds.fa.em5.oraclecloud.com/hcmUI/CandidateExperience/en/sites/CX_1/job/64866,2026-06-29,2026-06-29,2026-07-07T05:59:38+00:00,2026-07-06 22:59 Mon,,false,,,,false,oracle:Ford:64866
Ford:63794,Ford,Brake Controls Software Application Design Engineer,"Dearborn, MI, United States",,https://efds.fa.em5.oraclecloud.com/hcmUI/CandidateExperience/en/sites/CX_1/job/63794,2026-06-30,2026-06-30,2026-07-07T05:59:38+00:00,2026-07-06 22:59 Mon,,false,,,,false,oracle:Ford:63794
Ford:67185,Ford,Brake D&R,"Naucalpan de Juarez, MEX, Mexico",,https://efds.fa.em5.oraclecloud.com/hcmUI/CandidateExperience/en/sites/CX_1/job/67185,2026-08-03,2026-08-03,2026-08-03T17:32:59+00:00,2026-08-03 10:32 Mon,,false,,,,false,oracle:Ford:67185
Ford:66579,Ford,Brake NVH CAE engineer,"Naucalpan de Juarez, MEX, Mexico",,https://efds.fa.em5.oraclecloud.com/hcmUI/CandidateExperience/en/sites/CX_1/job/66579,2026-07-21,2026-07-21,2026-07-21T17:59:30+00:00,2026-07-21 10:59 Tue,,false,,,,false,oracle:Ford:66579
Ford:68788,Ford,BSA/AML Analyst - Ford Credit Bank,"Salt Lake City, UT, United States",,https://efds.fa.em5.oraclecloud.com/hcmUI/CandidateExperience/en/sites/CX_1/job/68788,2026-08-20,2026-08-20,2026-08-20T17:41:55+00:00,2026-08-20 10:41 Thu,,false,,,,false,oracle:Ford:68788
Ford:68899,Ford,"Business Office & Events Manager, IMG","Bangkok, Thailand",,https://efds.fa.em5.oraclecloud.com/hcmUI/CandidateExperience/en/sites/CX_1/job/68899,2026-08-13,2026-08-13,2026-08-13T04:59:36+00:00,2026-08-12 21:59 Wed,,false,,,,false,oracle:Ford:68899
Ford:64223,Ford,Business Operations Analyst,"Long Beach, CA, United States",,https://efds.fa.em5.oraclecloud.com/hcmUI/CandidateExperience/en/sites/CX_1/job/64223,2026-07-06,2026-07-06,2026-07-07T05:59:38+00:00,2026-07-06 22:59 Mon,,false,,,,false,oracle:Ford:64223
Ford:66896,Ford,Business Operations Analyst,"Livonia, MI, United States",,https://efds.fa.em5.oraclecloud.com/hcmUI/CandidateExperience/en/sites/CX_1/job/66896,2026-07-20,2026-07-20,2026-07-20T16:41:51+00:00,2026-07-20 09:41 Mon,,false,,,,false,oracle:Ford:66896
Ford:67422,Ford,Business Operations Supervisor,"Dearborn, MI, United States",,https://efds.fa.em5.oraclecloud.com/hcmUI/CandidateExperience/en/sites/CX_1/job/67422,2026-07-24,2026-07-24,2026-07-24T12:59:18+00:00,2026-07-24 05:59 Fri,,false,,,,false,oracle:Ford:67422
Ford:65359,Ford,Business Program Manager,"Detroit, MI, United States",,https://efds.fa.em5.oraclecloud.com/hcmUI/CandidateExperience/en/sites/CX_1/job/65359,2026-08-14,2026-08-14,2026-08-14T13:59:22+00:00,2026-08-14 06:59 Fri,,false,,,,false,oracle:Ford:65359
Ford:62728,Ford,Business Strategy & Operations Specialist,"Naucalpan de Juarez, MEX, Mexico",,https://efds.fa.em5.oraclecloud.com/hcmUI/CandidateExperience/en/sites/CX_1/job/62728,2026-08-18,2026-08-18,2026-07-09T22:12:18+00:00,2026-07-09 15:12 Thu,,false,,,,false,oracle:Ford:62728
Ford:69549,Ford,Business Support Analyst,"Budapest, Kozep-Magyarorszag, Hungary",,https://efds.fa.em5.oraclecloud.com/hcmUI/CandidateExperience/en/sites/CX_1/job/69549,2026-08-25,2026-08-25,2026-08-25T19:42:09+00:00,2026-08-25 12:42 Tue,,false,,,,false,oracle:Ford:69549
Ford:64348,Ford,Buyer,"Chennai, Tamil Nadu, India",,https://efds.fa.em5.oraclecloud.com/hcmUI/CandidateExperience/en/sites/CX_1/job/64348,2026-07-06,2026-07-06,2026-07-07T05:59:38+00:00,2026-07-06 22:59 Mon,,false,,,,false,oracle:Ford:64348
Ford:69397,Ford,Buyer - Directed Content & Integrated Assembly (Tier II),"Dearborn, MI, United States",,https://efds.fa.em5.oraclecloud.com/hcmUI/CandidateExperience/en/sites/CX_1/job/69397,2026-08-28,2026-08-28,2026-08-28T17:41:43+00:00,2026-08-28 10:41 Fri,,false,,,,false,oracle:Ford:69397
Ford:68061,Ford,Buyer - Exterior Front End Modules,"Dearborn, MI, United States",,https://efds.fa.em5.oraclecloud.com/hcmUI/CandidateExperience/en/sites/CX_1/job/68061,2026-08-19,2026-08-19,2026-08-19T21:40:32+00:00,2026-08-19 14:40 Wed,,false,,,,false,oracle:Ford:68061
Ford:66716,Ford,Buyer - Front Seat Structures,"Dearborn, MI, United States",,https://efds.fa.em5.oraclecloud.com/hcmUI/CandidateExperience/en/sites/CX_1/job/66716,2026-07-20,2026-07-20,2026-07-20T18:41:51+00:00,2026-07-20 11:41 Mon,,false,,,,false,oracle:Ford:66716
Ford:64173,Ford,Buyer - Head Restraints & Armrests,"Dearborn, MI, United States",,https://efds.fa.em5.oraclecloud.com/hcmUI/CandidateExperience/en/sites/CX_1/job/64173,2026-08-31,2026-08-31,2026-08-04T17:41:54+00:00,2026-08-04 10:41 Tue,,false,,,,false,oracle:Ford:64173
Ford:66921,Ford,Buyer - Seat Foam,"Dearborn, MI, United States",,https://efds.fa.em5.oraclecloud.com/hcmUI/CandidateExperience/en/sites/CX_1/job/66921,2026-07-20,2026-07-20,2026-07-20T15:42:10+00:00,2026-07-20 08:42 Mon,,false,,,,false,oracle:Ford:66921
Ford:65660,Ford,Buyer - Small Exterior Lamps,"Dearborn, MI, United States",,https://efds.fa.em5.oraclecloud.com/hcmUI/CandidateExperience/en/sites/CX_1/job/65660,2026-07-02,2026-07-02,2026-07-07T05:59:38+00:00,2026-07-06 22:59 Mon,Computer Vision,true,,5,"This is a supply chain buyer role for automotive exterior lamps, not a computer vision engineering or research role, and the candidate's CV/ML engineering background is largely unrelated aside from general technical familiarity.",true,oracle:Ford:65660
Ford:66525,Ford,Buyer Jr,"Sao Paulo, SP, Brazil",,https://efds.fa.em5.oraclecloud.com/hcmUI/CandidateExperience/en/sites/CX_1/job/66525,2026-08-03,2026-08-03,2026-08-03T12:59:36+00:00,2026-08-03 05:59 Mon,,false,,,,false,oracle:Ford:66525
Ford:63721,Ford,Buyer – Exterior Commodities (Glass & Mirror),"Chennai, Tamil Nadu, India",,https://efds.fa.em5.oraclecloud.com/hcmUI/CandidateExperience/en/sites/CX_1/job/63721,2026-08-03,2026-08-03,2026-08-03T13:42:11+00:00,2026-08-03 06:42 Mon,,false,,,,false,oracle:Ford:63721
Ford:67463,Ford,"Buyer, Advanced Driver Assist Systems (ADAS)","Dearborn, MI, United States",,https://efds.fa.em5.oraclecloud.com/hcmUI/CandidateExperience/en/sites/CX_1/job/67463,2026-08-05,2026-08-05,2026-08-05T17:59:55+00:00,2026-08-05 10:59 Wed,,false,,,,false,oracle:Ford:67463
Ford:69632,Ford,"Buyer, FCDS Supply Chain","Allen Park, MI, United States",,https://efds.fa.em5.oraclecloud.com/hcmUI/CandidateExperience/en/sites/CX_1/job/69632,2026-09-03,2026-09-03,2026-09-03T19:37:21+00:00,2026-09-03 12:37 Thu,,false,,,,false,oracle:Ford:69632
Ford:67225,Ford,"Buyer, IMG Body Exterior",South Africa,,https://efds.fa.em5.oraclecloud.com/hcmUI/CandidateExperience/en/sites/CX_1/job/67225,2026-07-17,2026-07-17,2026-07-17T13:42:00+00:00,2026-07-17 06:42 Fri,,false,,,,false,oracle:Ford:67225
Ford:65350,Ford,"Buyer, Marketing & Sales","Dearborn, MI, United States",,https://efds.fa.em5.oraclecloud.com/hcmUI/CandidateExperience/en/sites/CX_1/job/65350,2026-07-02,2026-07-02,2026-07-07T05:59:38+00:00,2026-07-06 22:59 Mon,,false,,,,false,oracle:Ford:65350
Ford:67646,Ford,"Buyer, Power Electronics","Dearborn, MI, United States",,https://efds.fa.em5.oraclecloud.com/hcmUI/CandidateExperience/en/sites/CX_1/job/67646,2026-07-30,2026-07-30,2026-08-03T09:21:28+00:00,2026-08-03 02:21 Mon,,false,,,,false,oracle:Ford:67646
Ford:63157,Ford,"Buyer, Rare Earth Metals","Dearborn, MI, United States",,https://efds.fa.em5.oraclecloud.com/hcmUI/CandidateExperience/en/sites/CX_1/job/63157,2026-07-24,2026-07-24,2026-07-24T16:41:39+00:00,2026-07-24 09:41 Fri,,false,,,,false,oracle:Ford:63157
Ford:69592,Ford,"Buyer, Stamping and Welded Assemblies","Dearborn, MI, United States",,https://efds.fa.em5.oraclecloud.com/hcmUI/CandidateExperience/en/sites/CX_1/job/69592,2026-09-04,2026-09-04,2026-09-04T17:48:23+00:00,2026-09-04 10:48 Fri,,false,,,,false,oracle:Ford:69592
Ford:68314,Ford,"Buyer, Suspension Parts","Dearborn, MI, United States",,https://efds.fa.em5.oraclecloud.com/hcmUI/CandidateExperience/en/sites/CX_1/job/68314,2026-08-12,2026-08-12,2026-08-12T17:13:58+00:00,2026-08-12 10:13 Wed,,false,,,,false,oracle:Ford:68314
Ford:67412,Ford,"Buyer, Transmission Clutch Modules","Dearborn, MI, United States",,https://efds.fa.em5.oraclecloud.com/hcmUI/CandidateExperience/en/sites/CX_1/job/67412,2026-07-29,2026-07-29,2026-07-29T16:41:46+00:00,2026-07-29 09:41 Wed,,false,,,,false,oracle:Ford:67412
Ford:69193,Ford,"Buyer, Ultracapacitors and Power Electronics","Dearborn, MI, United States",,https://efds.fa.em5.oraclecloud.com/hcmUI/CandidateExperience/en/sites/CX_1/job/69193,2026-08-26,2026-08-26,2026-08-26T20:17:58+00:00,2026-08-26 13:17 Wed,,false,,,,false,oracle:Ford:69193
Ford:67532,Ford,Buyer: HV Battery Pack Commodities,"Dearborn, MI, United States",,https://efds.fa.em5.oraclecloud.com/hcmUI/CandidateExperience/en/sites/CX_1/job/67532,2026-08-21,2026-08-21,2026-08-21T19:04:38+00:00,2026-08-21 12:04 Fri,,false,,,,false,oracle:Ford:67532
Ford:68720,Ford,CAD & Release Supervisor,"Allen Park, MI, United States",,https://efds.fa.em5.oraclecloud.com/hcmUI/CandidateExperience/en/sites/CX_1/job/68720,2026-09-03,2026-09-03,2026-09-03T19:37:21+00:00,2026-09-03 12:37 Thu,,false,,,,false,oracle:Ford:68720
Ford:66817,Ford,CAE Engineer – Engine Mechanical Systems,"Dearborn, MI, United States",,https://efds.fa.em5.oraclecloud.com/hcmUI/CandidateExperience/en/sites/CX_1/job/66817,2026-09-01,2026-09-01,2026-07-23T13:41:34+00:00,2026-07-23 06:41 Thu,,false,,,,false,oracle:Ford:66817
Ford:69805,Ford,Calibration Engineer,"Dearborn, MI, United States",,https://efds.fa.em5.oraclecloud.com/hcmUI/CandidateExperience/en/sites/CX_1/job/69805,2026-09-02,2026-09-02,2026-09-02T18:45:15+00:00,2026-09-02 11:45 Wed,,false,,,,false,oracle:Ford:69805
Ford:66513,Ford,Calibration Lead Engineer,"Dearborn, MI, United States",,https://efds.fa.em5.oraclecloud.com/hcmUI/CandidateExperience/en/sites/CX_1/job/66513,2026-07-18,2026-07-18,2026-07-18T05:17:35+00:00,2026-07-17 22:17 Fri,,false,,,,false,oracle:Ford:66513
Ford:68954,Ford,CAPP Engineer,"Irapuato, GUA, Mexico",,https://efds.fa.em5.oraclecloud.com/hcmUI/CandidateExperience/en/sites/CX_1/job/68954,2026-08-17,2026-08-17,2026-08-18T02:56:28+00:00,2026-08-17 19:56 Mon,,false,,,,false,oracle:Ford:68954
Ford:67376,Ford,Car Line Lead. Engr (Global Prgs),"Chennai, Tamil Nadu, India",,https://efds.fa.em5.oraclecloud.com/hcmUI/CandidateExperience/en/sites/CX_1/job/67376,2026-08-04,2026-08-04,2026-08-04T10:41:33+00:00,2026-08-04 03:41 Tue,,false,,,,false,oracle:Ford:67376
Ford:69591,Ford,Carpenter All Around - Cleveland Engine Plant (CEP),"Brook Park, OH, United States",,https://efds.fa.em5.oraclecloud.com/hcmUI/CandidateExperience/en/sites/CX_1/job/69591,2026-08-24,2026-08-24,2026-08-24T19:41:35+00:00,2026-08-24 12:41 Mon,AI / ML,true,Keyword,43,keyword-only heuristic,false,oracle:Ford:69591
Ford:66051,Ford,Cash & Liquidity Analyst,"Dunton, Essex, United Kingdom",,https://efds.fa.em5.oraclecloud.com/hcmUI/CandidateExperience/en/sites/CX_1/job/66051,2026-06-30,2026-06-30,2026-07-07T05:59:38+00:00,2026-07-06 22:59 Mon,,false,,,,false,oracle:Ford:66051
Ford:67472,Ford,Cash Management Analyst - Ford Credit Bank,"Salt Lake City, UT, United States",,https://efds.fa.em5.oraclecloud.com/hcmUI/CandidateExperience/en/sites/CX_1/job/67472,2026-09-04,2026-09-04,2026-08-04T21:41:51+00:00,2026-08-04 14:41 Tue,,false,,,,false,oracle:Ford:67472
Ford:67316,Ford,Casting Manufacturing Engineer,"Dearborn, MI, United States",,https://efds.fa.em5.oraclecloud.com/hcmUI/CandidateExperience/en/sites/CX_1/job/67316,2026-07-24,2026-07-24,2026-08-03T09:21:28+00:00,2026-08-03 02:21 Mon,,false,,,,false,oracle:Ford:67316
Ford:65859,Ford,CAT Auto Claims Adjuster,"Lubbock, TX, United States",,https://efds.fa.em5.oraclecloud.com/hcmUI/CandidateExperience/en/sites/CX_1/job/65859,2026-06-30,2026-06-30,2026-07-07T05:59:38+00:00,2026-07-06 22:59 Mon,,false,,,,false,oracle:Ford:65859
Ford:66249,Ford,Category Buyer – High Voltage Electrical Distribution Systems,"Naucalpan de Juarez, MEX, Mexico",,https://efds.fa.em5.oraclecloud.com/hcmUI/CandidateExperience/en/sites/CX_1/job/66249,2026-07-22,2026-07-22,2026-07-22T19:41:49+00:00,2026-07-22 12:41 Wed,,false,,,,false,oracle:Ford:66249
Ford:61976,Ford,Category Implementation Buyer-Exhaust,"Dearborn, MI, United States",,https://efds.fa.em5.oraclecloud.com/hcmUI/CandidateExperience/en/sites/CX_1/job/61976,2026-07-27,2026-07-27,2026-07-17T20:17:32+00:00,2026-07-17 13:17 Fri,,false,,,,false,oracle:Ford:61976
Ford:62121,Ford,Category Manager,"Dearborn, MI, United States",,https://efds.fa.em5.oraclecloud.com/hcmUI/CandidateExperience/en/sites/CX_1/job/62121,2026-07-15,2026-07-15,2026-07-15T20:17:47+00:00,2026-07-15 13:17 Wed,,false,,,,false,oracle:Ford:62121
Ford:63459,Ford,Category Manager - Electric Vehicles Charging Hardware and  Deployment Services,"Dearborn, MI, United States",,https://efds.fa.em5.oraclecloud.com/hcmUI/CandidateExperience/en/sites/CX_1/job/63459,2026-09-03,2026-09-03,2026-07-23T19:41:52+00:00,2026-07-23 12:41 Thu,,false,,,,false,oracle:Ford:63459
Ford:69192,Ford,"Cell DV/PV Testing Engineer, Ford Energy","Dearborn, MI, United States",,https://efds.fa.em5.oraclecloud.com/hcmUI/CandidateExperience/en/sites/CX_1/job/69192,2026-08-28,2026-08-28,2026-08-28T19:42:00+00:00,2026-08-28 12:42 Fri,,false,,,,false,oracle:Ford:69192
Ford:68716,Ford,Central Order Fulfilment Specialist,"Budapest, Kozep-Magyarorszag, Hungary",,https://efds.fa.em5.oraclecloud.com/hcmUI/CandidateExperience/en/sites/CX_1/job/68716,2026-08-12,2026-08-12,2026-08-12T14:41:51+00:00,2026-08-12 07:41 Wed,,false,,,,false,oracle:Ford:68716
Ford:63605,Ford,Chassis Control Software Integration Engineer,"Dearborn, MI, United States",,https://efds.fa.em5.oraclecloud.com/hcmUI/CandidateExperience/en/sites/CX_1/job/63605,2026-06-30,2026-06-30,2026-07-07T05:59:38+00:00,2026-07-06 22:59 Mon,,false,,,,false,oracle:Ford:63605
Ford:65670,Ford,Chassis Controls Software Application Design and Release Engineer,"Dearborn, MI, United States",,https://efds.fa.em5.oraclecloud.com/hcmUI/CandidateExperience/en/sites/CX_1/job/65670,2026-07-13,2026-07-13,2026-07-13T03:16:37+00:00,2026-07-12 20:16 Sun,,false,,,,false,oracle:Ford:65670
Ford:69449,Ford,Chassis Controls Software Engineer,"Dearborn, MI, United States",,https://efds.fa.em5.oraclecloud.com/hcmUI/CandidateExperience/en/sites/CX_1/job/69449,2026-08-28,2026-08-28,2026-08-28T18:41:36+00:00,2026-08-28 11:41 Fri,,false,,,,false,oracle:Ford:69449
Ford:66391,Ford,Chassis Controls Software/Systems Engineer,"Dearborn, MI, United States",,https://efds.fa.em5.oraclecloud.com/hcmUI/CandidateExperience/en/sites/CX_1/job/66391,2026-07-23,2026-07-23,2026-07-23T13:59:35+00:00,2026-07-23 06:59 Thu,,false,,,,false,oracle:Ford:66391
Ford:65324,Ford,Chief Credit Officer- Ford Credit Bank,"Salt Lake City, UT, United States",,https://efds.fa.em5.oraclecloud.com/hcmUI/CandidateExperience/en/sites/CX_1/job/65324,2026-07-15,2026-07-15,2026-07-15T13:41:45+00:00,2026-07-15 06:41 Wed,,false,,,,false,oracle:Ford:65324
Ford:65268,Ford,"Chief Engineer, AI Product Creation","Dearborn, MI, United States",,https://efds.fa.em5.oraclecloud.com/hcmUI/CandidateExperience/en/sites/CX_1/job/65268,2026-09-02,2026-09-02,2026-09-02T05:20:28+00:00,2026-09-01 22:20 Tue,AI / ML,true,CLI,15,"The candidate has relevant AI and software engineering skills but lacks the required 10–15 years of experience, automotive product-development leadership, digital transformation ownership, and executive-level cross-functional scope.",false,oracle:Ford:65268
Ford:61772,Ford,CI Buyer - Vehicle Electronics,"Dearborn, MI, United States",,https://efds.fa.em5.oraclecloud.com/hcmUI/CandidateExperience/en/sites/CX_1/job/61772,2026-08-05,2026-08-05,2026-08-05T17:59:55+00:00,2026-08-05 10:59 Wed,,false,,,,false,oracle:Ford:61772
Ford:65841,Ford,Claims Analyst,"Dearborn, MI, United States",,https://efds.fa.em5.oraclecloud.com/hcmUI/CandidateExperience/en/sites/CX_1/job/65841,2026-07-02,2026-07-02,2026-07-07T05:59:38+00:00,2026-07-06 22:59 Mon,,false,,,,false,oracle:Ford:65841
Ford:66331,Ford,Class A - Surface Designer,"Dearborn, MI, United States",,https://efds.fa.em5.oraclecloud.com/hcmUI/CandidateExperience/en/sites/CX_1/job/66331,2026-07-16,2026-07-16,2026-07-16T19:17:48+00:00,2026-07-16 12:17 Thu,,false,,,,false,oracle:Ford:66331
Ford:69320,Ford,"Class A - Surface Designer, Primary","Dearborn, MI, United States",,https://efds.fa.em5.oraclecloud.com/hcmUI/CandidateExperience/en/sites/CX_1/job/69320,2026-08-19,2026-08-19,2026-08-19T17:59:50+00:00,2026-08-19 10:59 Wed,,false,,,,false,oracle:Ford:69320
Ford:68419,Ford,Closures CAE Engineer,"Naucalpan de Juarez, MEX, Mexico",,https://efds.fa.em5.oraclecloud.com/hcmUI/CandidateExperience/en/sites/CX_1/job/68419,2026-08-18,2026-08-18,2026-08-18T19:12:41+00:00,2026-08-18 12:12 Tue,,false,,,,false,oracle:Ford:68419
Ford:66434,Ford,Cloud Architect,"Bangalore, Karnataka, India",,https://efds.fa.em5.oraclecloud.com/hcmUI/CandidateExperience/en/sites/CX_1/job/66434,2026-08-03,2026-08-03,2026-07-15T06:59:13+00:00,2026-07-14 23:59 Tue,,false,,,,false,oracle:Ford:66434
Ford:66122,Ford,Cloud Network Engineer,India,,https://efds.fa.em5.oraclecloud.com/hcmUI/CandidateExperience/en/sites/CX_1/job/66122,2026-08-04,2026-08-04,2026-08-04T07:41:13+00:00,2026-08-04 00:41 Tue,,false,,,,false,oracle:Ford:66122
Ford:63126,Ford,Cloud Platform Software Engineer — Global Connected Vehicle Platform,"CA, United States",,https://efds.fa.em5.oraclecloud.com/hcmUI/CandidateExperience/en/sites/CX_1/job/63126,2026-07-14,2026-07-14,2026-07-14T21:59:20+00:00,2026-07-14 14:59 Tue,Software Engineering,true,Keyword,49,keyword-only heuristic,false,oracle:Ford:63126
Ford:68236,Ford,Cloud Platform Virtualization Engineer,United States,,https://efds.fa.em5.oraclecloud.com/hcmUI/CandidateExperience/en/sites/CX_1/job/68236,2026-09-03,2026-09-03,2026-09-03T19:37:21+00:00,2026-09-03 12:37 Thu,Software Engineering,true,CLI,8,"The candidate has strong software, Linux, Python, Docker, and troubleshooting experience, but lacks the required production VMware/OpenShift virtualization, Kubernetes/KubeVirt, IaC, observability, and infrastructure-operations background.",false,oracle:Ford:68236
Ford:66566,Ford,CNC Programmer/Operator,"Long Beach, CA, United States",,https://efds.fa.em5.oraclecloud.com/hcmUI/CandidateExperience/en/sites/CX_1/job/66566,2026-07-08,2026-07-08,2026-07-09T05:28:20+00:00,2026-07-08 22:28 Wed,,false,,,,false,oracle:Ford:66566
Ford:67203,Ford,Cockpit & Trim Engineering Supervisor,"Dearborn, MI, United States",,https://efds.fa.em5.oraclecloud.com/hcmUI/CandidateExperience/en/sites/CX_1/job/67203,2026-07-27,2026-07-27,2026-08-03T09:21:28+00:00,2026-08-03 02:21 Mon,,false,,,,false,oracle:Ford:67203
Ford:68385,Ford,Code Creation Analyst,"Chennai, Tamil Nadu, India",,https://efds.fa.em5.oraclecloud.com/hcmUI/CandidateExperience/en/sites/CX_1/job/68385,2026-08-14,2026-08-14,2026-08-14T08:59:13+00:00,2026-08-14 01:59 Fri,,false,,,,false,oracle:Ford:68385
Ford:69380,Ford,Color & Material Designer,"Dearborn, MI, United States",,https://efds.fa.em5.oraclecloud.com/hcmUI/CandidateExperience/en/sites/CX_1/job/69380,2026-08-19,2026-08-19,2026-08-19T22:59:16+00:00,2026-08-19 15:59 Wed,,false,,,,false,oracle:Ford:69380
Ford:67148,Ford,Commercial Credit Risk Manager,"Essex, Essex, United Kingdom",,https://efds.fa.em5.oraclecloud.com/hcmUI/CandidateExperience/en/sites/CX_1/job/67148,2026-07-23,2026-07-23,2026-07-23T08:59:34+00:00,2026-07-23 01:59 Thu,,false,,,,false,oracle:Ford:67148
Ford:68338,Ford,Commercial CRM Specialist,"Dunton, Essex, United Kingdom",,https://efds.fa.em5.oraclecloud.com/hcmUI/CandidateExperience/en/sites/CX_1/job/68338,2026-08-13,2026-08-13,2026-08-13T08:59:33+00:00,2026-08-13 01:59 Thu,,false,,,,false,oracle:Ford:68338
Ford:68625,Ford,Commercial Vehicle Center Compliance Coordinator,"Detroit, MI, United States",,https://efds.fa.em5.oraclecloud.com/hcmUI/CandidateExperience/en/sites/CX_1/job/68625,2026-08-18,2026-08-18,2026-08-18T04:59:04+00:00,2026-08-17 21:59 Mon,,false,,,,false,oracle:Ford:68625
Ford:67760,Ford,"Commodity Buyer (Casting, Forging & Machining Components)","Chennai, Tamil Nadu, India",,https://efds.fa.em5.oraclecloud.com/hcmUI/CandidateExperience/en/sites/CX_1/job/67760,2026-08-14,2026-08-14,2026-08-14T17:41:35+00:00,2026-08-14 10:41 Fri,,false,,,,false,oracle:Ford:67760
Ford:66069,Ford,Commodity Buyer - Exterior Glass,"Dearborn, MI, United States",,https://efds.fa.em5.oraclecloud.com/hcmUI/CandidateExperience/en/sites/CX_1/job/66069,2026-09-03,2026-09-03,2026-07-13T16:41:06+00:00,2026-07-13 09:41 Mon,,false,,,,false,oracle:Ford:66069
Ford:66864,Ford,Commodity Buyer – Global Supply Chain,"Chennai, Tamil Nadu, India",,https://efds.fa.em5.oraclecloud.com/hcmUI/CandidateExperience/en/sites/CX_1/job/66864,2026-07-15,2026-07-15,2026-07-15T13:41:45+00:00,2026-07-15 06:41 Wed,,false,,,,false,oracle:Ford:66864
Ford:66750,Ford,Commodity Buyer-Automotive,"Chennai, Tamil Nadu, India",,https://efds.fa.em5.oraclecloud.com/hcmUI/CandidateExperience/en/sites/CX_1/job/66750,2026-08-20,2026-08-20,2026-08-10T14:41:58+00:00,2026-08-10 07:41 Mon,,false,,,,false,oracle:Ford:66750
Ford:69988,Ford,Communication Specialist,"Szentendre, Kozep-Magyarorszag, Hungary",,https://efds.fa.em5.oraclecloud.com/hcmUI/CandidateExperience/en/sites/CX_1/job/69988,2026-09-02,2026-09-02,2026-09-02T15:15:02+00:00,2026-09-02 08:15 Wed,,false,,,,false,oracle:Ford:69988
Ford:65795,Ford,Communications and Engagement Specialist- Cleveland Engine Plant,"Brook Park, OH, United States",,https://efds.fa.em5.oraclecloud.com/hcmUI/CandidateExperience/en/sites/CX_1/job/65795,2026-08-20,2026-08-20,2026-08-20T13:59:53+00:00,2026-08-20 06:59 Thu,,false,,,,false,oracle:Ford:65795
Ford:66851,Ford,Compliance Analyst (Monitoring and Testing)- Ford Credit Bank,"Salt Lake City, UT, United States",,https://efds.fa.em5.oraclecloud.com/hcmUI/CandidateExperience/en/sites/CX_1/job/66851,2026-08-12,2026-08-12,2026-08-12T17:41:49+00:00,2026-08-12 10:41 Wed,,false,,,,false,oracle:Ford:66851
Ford:65953,Ford,Concierge,Australia,,https://efds.fa.em5.oraclecloud.com/hcmUI/CandidateExperience/en/sites/CX_1/job/65953,2026-07-07,2026-07-07,2026-07-07T13:43:37+00:00,2026-07-07 06:43 Tue,,false,,,,false,oracle:Ford:65953
Ford:67396,Ford,Connected Data Engineer,"Dearborn, MI, United States",,https://efds.fa.em5.oraclecloud.com/hcmUI/CandidateExperience/en/sites/CX_1/job/67396,2026-08-07,2026-08-07,2026-08-07T15:09:33+00:00,2026-08-07 08:09 Fri,Software Engineering,true,Keyword,40,keyword-only heuristic,false,oracle:Ford:67396
Ford:67023,Ford,Connected Vehicle Data Engineer,"Dearborn, MI, United States",,https://efds.fa.em5.oraclecloud.com/hcmUI/CandidateExperience/en/sites/CX_1/job/67023,2026-07-27,2026-07-27,2026-07-27T19:01:41+00:00,2026-07-27 12:01 Mon,AI / ML,true,Keyword,43,keyword-only heuristic,false,oracle:Ford:67023
Ford:65692,Ford,Connectivity Quality & Operations Engineer,"Chennai, Tamil Nadu, India",,https://efds.fa.em5.oraclecloud.com/hcmUI/CandidateExperience/en/sites/CX_1/job/65692,2026-07-28,2026-07-28,2026-07-28T08:59:15+00:00,2026-07-28 01:59 Tue,,false,,,,false,oracle:Ford:65692
Ford:63435,Ford,Constraints Analyst,"Dearborn, MI, United States",,https://efds.fa.em5.oraclecloud.com/hcmUI/CandidateExperience/en/sites/CX_1/job/63435,2026-06-30,2026-06-30,2026-07-07T05:59:38+00:00,2026-07-06 22:59 Mon,,false,,,,false,oracle:Ford:63435
Ford:68079,Ford,Constraints Management Analyst,"Dearborn, MI, United States",,https://efds.fa.em5.oraclecloud.com/hcmUI/CandidateExperience/en/sites/CX_1/job/68079,2026-08-07,2026-08-07,2026-08-07T18:41:34+00:00,2026-08-07 11:41 Fri,,false,,,,false,oracle:Ford:68079
Ford:68354,Ford,Consumer CRM Specialist,"Dunton, Essex, United Kingdom",,https://efds.fa.em5.oraclecloud.com/hcmUI/CandidateExperience/en/sites/CX_1/job/68354,2026-08-13,2026-08-13,2026-08-13T09:26:48+00:00,2026-08-13 02:26 Thu,,false,,,,false,oracle:Ford:68354
Ford:69649,Ford,"Container Subsystem Design & Release/TVM Engineer, Ford Energy","Dearborn, MI, United States",,https://efds.fa.em5.oraclecloud.com/hcmUI/CandidateExperience/en/sites/CX_1/job/69649,2026-08-28,2026-08-28,2026-08-28T20:59:32+00:00,2026-08-28 13:59 Fri,,false,,,,false,oracle:Ford:69649
Ford:67234,Ford,Container-Based Software Engineering Consultant,"Dearborn, MI, United States",,https://efds.fa.em5.oraclecloud.com/hcmUI/CandidateExperience/en/sites/CX_1/job/67234,2026-07-17,2026-07-17,2026-07-17T15:41:41+00:00,2026-07-17 08:41 Fri,Software Engineering,true,Keyword,40,keyword-only heuristic,false,oracle:Ford:67234
Ford:66198,Ford,Contract Law Specialist,"Naucalpan de Juarez, MEX, Mexico",,https://efds.fa.em5.oraclecloud.com/hcmUI/CandidateExperience/en/sites/CX_1/job/66198,2026-07-01,2026-07-01,2026-07-07T05:59:38+00:00,2026-07-06 22:59 Mon,,false,,,,false,oracle:Ford:66198
Ford:67039,Ford,Contract Technical Recruiter,"Palo Alto, CA, United States",,https://efds.fa.em5.oraclecloud.com/hcmUI/CandidateExperience/en/sites/CX_1/job/67039,2026-07-15,2026-07-15,2026-07-15T02:59:15+00:00,2026-07-14 19:59 Tue,,false,,,,false,oracle:Ford:67039
Ford:67355,Ford,Control and Automation Eng,"Chihuahua, CHIH, Mexico",,https://efds.fa.em5.oraclecloud.com/hcmUI/CandidateExperience/en/sites/CX_1/job/67355,2026-08-03,2026-08-03,2026-08-03T15:34:11+00:00,2026-08-03 08:34 Mon,,false,,,,false,oracle:Ford:67355
Ford:66962,Ford,Controller NA PTO & Stamping,"Dearborn, MI, United States",,https://efds.fa.em5.oraclecloud.com/hcmUI/CandidateExperience/en/sites/CX_1/job/66962,2026-08-13,2026-08-13,2026-08-13T20:59:37+00:00,2026-08-13 13:59 Thu,,false,,,,false,oracle:Ford:66962
Ford:67111,Ford,"Controller, Product Development -Truck Platform","Dearborn, MI, United States",,https://efds.fa.em5.oraclecloud.com/hcmUI/CandidateExperience/en/sites/CX_1/job/67111,2026-07-23,2026-07-23,2026-07-23T18:41:36+00:00,2026-07-23 11:41 Thu,,false,,,,false,oracle:Ford:67111
Ford:64513,Ford,Controls Engineer,"Dearborn, MI, United States",,https://efds.fa.em5.oraclecloud.com/hcmUI/CandidateExperience/en/sites/CX_1/job/64513,2026-07-10,2026-07-10,2026-07-10T23:35:50+00:00,2026-07-10 16:35 Fri,,false,,,,false,oracle:Ford:64513
Ford:64849,Ford,Controls Engineer,"Dearborn, MI, United States",,https://efds.fa.em5.oraclecloud.com/hcmUI/CandidateExperience/en/sites/CX_1/job/64849,2026-07-14,2026-07-14,2026-07-14T17:41:52+00:00,2026-07-14 10:41 Tue,,false,,,,false,oracle:Ford:64849
Ford:66451,Ford,Controls Engineer,"Chennai, Tamil Nadu, India",,https://efds.fa.em5.oraclecloud.com/hcmUI/CandidateExperience/en/sites/CX_1/job/66451,2026-08-04,2026-08-04,2026-08-04T10:41:33+00:00,2026-08-04 03:41 Tue,,false,,,,false,oracle:Ford:66451
Ford:68146,Ford,Controls Engineer,"Chihuahua, CHIH, Mexico",,https://efds.fa.em5.oraclecloud.com/hcmUI/CandidateExperience/en/sites/CX_1/job/68146,2026-08-07,2026-08-07,2026-08-07T15:41:26+00:00,2026-08-07 08:41 Fri,,false,,,,false,oracle:Ford:68146
Ford:68239,Ford,Controls Engineer,"Sterling Heights, MI, United States",,https://efds.fa.em5.oraclecloud.com/hcmUI/CandidateExperience/en/sites/CX_1/job/68239,2026-08-12,2026-08-12,2026-08-12T14:17:35+00:00,2026-08-12 07:17 Wed,,false,,,,false,oracle:Ford:68239
Ford:69801,Ford,Controls Engineer,"Chicago, IL, United States",,https://efds.fa.em5.oraclecloud.com/hcmUI/CandidateExperience/en/sites/CX_1/job/69801,2026-09-02,2026-09-02,2026-09-03T04:50:24+00:00,2026-09-02 21:50 Wed,,false,,,,false,oracle:Ford:69801
Ford:63532,Ford,Controls Engineer - Propulsion and Energy Controls,"Dearborn, MI, United States",,https://efds.fa.em5.oraclecloud.com/hcmUI/CandidateExperience/en/sites/CX_1/job/63532,2026-06-30,2026-06-30,2026-07-07T05:59:38+00:00,2026-07-06 22:59 Mon,,false,,,,false,oracle:Ford:63532
Ford:66872,Ford,"Controls Engineer, Ford Energy","Glendale, KY, United States",,https://efds.fa.em5.oraclecloud.com/hcmUI/CandidateExperience/en/sites/CX_1/job/66872,2026-08-18,2026-08-18,2026-08-18T13:53:50+00:00,2026-08-18 06:53 Tue,,false,,,,false,oracle:Ford:66872
Ford:63938,Ford,Controls Engineering Specialist,"Chicago Heights, IL, United States",,https://efds.fa.em5.oraclecloud.com/hcmUI/CandidateExperience/en/sites/CX_1/job/63938,2026-07-01,2026-07-01,2026-07-07T05:59:38+00:00,2026-07-06 22:59 Mon,,false,,,,false,oracle:Ford:63938
Ford:69496,Ford,Controls Engineering Specialist,"Chicago Heights, IL, United States",,https://efds.fa.em5.oraclecloud.com/hcmUI/CandidateExperience/en/sites/CX_1/job/69496,2026-08-31,2026-08-31,2026-08-31T13:38:32+00:00,2026-08-31 06:38 Mon,,false,,,,false,oracle:Ford:69496
Ford:63942,Ford,Controls Engineering Specialist (KTP),"Louisville, KY, United States",,https://efds.fa.em5.oraclecloud.com/hcmUI/CandidateExperience/en/sites/CX_1/job/63942,2026-08-06,2026-08-06,2026-08-06T16:46:51+00:00,2026-08-06 09:46 Thu,,false,,,,false,oracle:Ford:63942
Ford:65168,Ford,Controls Engineering Specialist (LAP),"Louisville, KY, United States",,https://efds.fa.em5.oraclecloud.com/hcmUI/CandidateExperience/en/sites/CX_1/job/65168,2026-08-06,2026-08-06,2026-08-06T16:46:51+00:00,2026-08-06 09:46 Thu,,false,,,,false,oracle:Ford:65168
Ford:63738,Ford,Controls Integration Engineer,"Dearborn, MI, United States",,https://efds.fa.em5.oraclecloud.com/hcmUI/CandidateExperience/en/sites/CX_1/job/63738,2026-07-15,2026-07-15,2026-07-15T18:17:51+00:00,2026-07-15 11:17 Wed,,false,,,,false,oracle:Ford:63738
Ford:66964,Ford,Cooling Hose Core Engineer,"Dearborn, MI, United States",,https://efds.fa.em5.oraclecloud.com/hcmUI/CandidateExperience/en/sites/CX_1/job/66964,2026-07-24,2026-07-24,2026-07-24T18:17:43+00:00,2026-07-24 11:17 Fri,,false,,,,false,oracle:Ford:66964
Ford:65802,Ford,Coordinador de Servicios Generales y al Personal (Manufactura),"Naucalpan de Juarez, MEX, Mexico",,https://efds.fa.em5.oraclecloud.com/hcmUI/CandidateExperience/en/sites/CX_1/job/65802,2026-06-30,2026-06-30,2026-07-07T05:59:38+00:00,2026-07-06 22:59 Mon,,false,,,,false,oracle:Ford:65802
Ford:69646,Ford,Coordinador/a de Costos y Rentabilidad,"Valencia, Carabobo, Venezuela",,https://efds.fa.em5.oraclecloud.com/hcmUI/CandidateExperience/en/sites/CX_1/job/69646,2026-08-28,2026-08-28,2026-08-28T15:59:39+00:00,2026-08-28 08:59 Fri,,false,,,,false,oracle:Ford:69646
Ford:65188,Ford,Core Functional Safety Engineer,"Dearborn, MI, United States",,https://efds.fa.em5.oraclecloud.com/hcmUI/CandidateExperience/en/sites/CX_1/job/65188,2026-08-15,2026-08-15,2026-08-16T00:17:09+00:00,2026-08-15 17:17 Sat,Other Technical,true,Keyword,40,keyword-only heuristic,false,oracle:Ford:65188
Ford:66101,Ford,Core PM Analyst,"Naucalpan de Juarez, MEX, Mexico",,https://efds.fa.em5.oraclecloud.com/hcmUI/CandidateExperience/en/sites/CX_1/job/66101,2026-07-20,2026-07-20,2026-07-20T18:59:37+00:00,2026-07-20 11:59 Mon,,false,,,,false,oracle:Ford:66101
Ford:68060,Ford,Core STA Tech Spec - Assembly,"Dearborn, MI, United States",,https://efds.fa.em5.oraclecloud.com/hcmUI/CandidateExperience/en/sites/CX_1/job/68060,2026-08-24,2026-08-24,2026-08-24T20:17:32+00:00,2026-08-24 13:17 Mon,,false,,,,false,oracle:Ford:68060
Ford:67938,Ford,Cost Analyst,"Chihuahua, CHIH, Mexico",,https://efds.fa.em5.oraclecloud.com/hcmUI/CandidateExperience/en/sites/CX_1/job/67938,2026-08-07,2026-08-07,2026-08-07T15:41:26+00:00,2026-08-07 08:41 Fri,,false,,,,false,oracle:Ford:67938
Ford:67762,Ford,COST ESTIMATOR,"Naucalpan de Juarez, MEX, Mexico",,https://efds.fa.em5.oraclecloud.com/hcmUI/CandidateExperience/en/sites/CX_1/job/67762,2026-08-06,2026-08-06,2026-08-07T01:17:04+00:00,2026-08-06 18:17 Thu,,false,,,,false,oracle:Ford:67762
Ford:68265,Ford,Country Director - Govt affairs,"Gurgaon, Haryana, India",,https://efds.fa.em5.oraclecloud.com/hcmUI/CandidateExperience/en/sites/CX_1/job/68265,2026-08-25,2026-08-25,2026-08-25T14:17:34+00:00,2026-08-25 07:17 Tue,,false,,,,false,oracle:Ford:68265
Ford:66670,Ford,Credit Risk,"Chennai, Tamil Nadu, India",,https://efds.fa.em5.oraclecloud.com/hcmUI/CandidateExperience/en/sites/CX_1/job/66670,2026-07-15,2026-07-15,2026-07-15T09:23:40+00:00,2026-07-15 02:23 Wed,,false,,,,false,oracle:Ford:66670
Ford:67524,Ford,Credit Risk Modeler,"Chennai, Tamil Nadu, India",,https://efds.fa.em5.oraclecloud.com/hcmUI/CandidateExperience/en/sites/CX_1/job/67524,2026-07-30,2026-07-30,2026-07-30T03:41:26+00:00,2026-07-29 20:41 Wed,,false,,,,false,oracle:Ford:67524
Ford:67972,Ford,Credit Risk Modeler,"Chennai, Tamil Nadu, India",,https://efds.fa.em5.oraclecloud.com/hcmUI/CandidateExperience/en/sites/CX_1/job/67972,2026-08-11,2026-08-11,2026-08-11T14:07:45+00:00,2026-08-11 07:07 Tue,,false,,,,false,oracle:Ford:67972
Ford:68906,Ford,Credit Risk Modeler,"Chennai, Tamil Nadu, India",,https://efds.fa.em5.oraclecloud.com/hcmUI/CandidateExperience/en/sites/CX_1/job/68906,2026-09-01,2026-09-01,2026-08-18T13:30:15+00:00,2026-08-18 06:30 Tue,,false,,,,false,oracle:Ford:68906
Ford:66089,Ford,Critical Concern Engineer,"Dearborn, MI, United States",,https://efds.fa.em5.oraclecloud.com/hcmUI/CandidateExperience/en/sites/CX_1/job/66089,2026-07-01,2026-07-01,2026-07-07T05:59:38+00:00,2026-07-06 22:59 Mon,,false,,,,false,oracle:Ford:66089
Ford:69596,Ford,"CRM and Digital Marketing Specialist, Ford Racing","Allen Park, MI, United States",,https://efds.fa.em5.oraclecloud.com/hcmUI/CandidateExperience/en/sites/CX_1/job/69596,2026-08-31,2026-08-31,2026-08-31T19:18:03+00:00,2026-08-31 12:18 Mon,,false,,,,false,oracle:Ford:69596
Ford:69990,Ford,Cross-Segment CRM Specialist,United Kingdom,,https://efds.fa.em5.oraclecloud.com/hcmUI/CandidateExperience/en/sites/CX_1/job/69990,2026-09-03,2026-09-03,2026-09-03T19:37:21+00:00,2026-09-03 12:37 Thu,,false,,,,false,oracle:Ford:69990
Ford:69648,Ford,CTT Technical Analyst,"Dearborn, MI, United States",,https://efds.fa.em5.oraclecloud.com/hcmUI/CandidateExperience/en/sites/CX_1/job/69648,2026-09-04,2026-09-04,2026-09-05T03:03:34+00:00,2026-09-04 20:03 Fri,,false,,,,false,oracle:Ford:69648
Ford:61866,Ford,Customer Assistance Lead,"MANILA, Philippines",,https://efds.fa.em5.oraclecloud.com/hcmUI/CandidateExperience/en/sites/CX_1/job/61866,2026-07-09,2026-07-09,2026-07-09T00:36:08+00:00,2026-07-08 17:36 Wed,,false,,,,false,oracle:Ford:61866
Ford:69551,Ford,"Customer Enablement Manager, Ford Pro Solutions","Melbourne, Victoria, Australia",,https://efds.fa.em5.oraclecloud.com/hcmUI/CandidateExperience/en/sites/CX_1/job/69551,2026-09-02,2026-09-02,2026-09-02T05:20:28+00:00,2026-09-01 22:20 Tue,,false,,,,false,oracle:Ford:69551
Ford:66571,Ford,"Customer Experience (CX) Customer Care, Ford Energy","Dearborn, MI, United States",,https://efds.fa.em5.oraclecloud.com/hcmUI/CandidateExperience/en/sites/CX_1/job/66571,2026-07-08,2026-07-08,2026-07-09T05:28:20+00:00,2026-07-08 22:28 Wed,,false,,,,false,oracle:Ford:66571
Ford:67031,Ford,Customer Experience Manager,"Detroit, MI, United States",,https://efds.fa.em5.oraclecloud.com/hcmUI/CandidateExperience/en/sites/CX_1/job/67031,2026-08-05,2026-08-05,2026-08-05T13:41:49+00:00,2026-08-05 06:41 Wed,,false,,,,false,oracle:Ford:67031
Ford:66199,Ford,Customer Identity Platform Engineer,India,,https://efds.fa.em5.oraclecloud.com/hcmUI/CandidateExperience/en/sites/CX_1/job/66199,2026-07-07,2026-07-07,2026-07-08T02:45:08+00:00,2026-07-07 19:45 Tue,,false,,,,false,oracle:Ford:66199
Ford:65620,Ford,Customer Identity Platform Engineer,"MI, United States",,https://efds.fa.em5.oraclecloud.com/hcmUI/CandidateExperience/en/sites/CX_1/job/65620,2026-07-27,2026-07-27,2026-07-27T16:17:40+00:00,2026-07-27 09:17 Mon,,false,,,,false,oracle:Ford:65620
Ford:66359,Ford,Customer Identity Platform Engineer,India,,https://efds.fa.em5.oraclecloud.com/hcmUI/CandidateExperience/en/sites/CX_1/job/66359,2026-08-04,2026-08-04,2026-08-04T10:17:05+00:00,2026-08-04 03:17 Tue,,false,,,,false,oracle:Ford:66359
Ford:67888,Ford,Customer Service Representative,"Naucalpan de Juarez, MEX, Mexico",,https://efds.fa.em5.oraclecloud.com/hcmUI/CandidateExperience/en/sites/CX_1/job/67888,2026-08-06,2026-08-06,2026-08-07T01:17:04+00:00,2026-08-06 18:17 Thu,,false,,,,false,oracle:Ford:67888
Ford:69000,Ford,Customer Service Representative,"Naucalpan de Juarez, MEX, Mexico",,https://efds.fa.em5.oraclecloud.com/hcmUI/CandidateExperience/en/sites/CX_1/job/69000,2026-08-27,2026-08-27,2026-08-27T16:42:07+00:00,2026-08-27 09:42 Thu,,false,,,,false,oracle:Ford:69000
Ford:69002,Ford,Customer Service Representative,"Naucalpan de Juarez, MEX, Mexico",,https://efds.fa.em5.oraclecloud.com/hcmUI/CandidateExperience/en/sites/CX_1/job/69002,2026-08-27,2026-08-27,2026-08-27T16:59:53+00:00,2026-08-27 09:59 Thu,,false,,,,false,oracle:Ford:69002
Ford:69005,Ford,Customer Service Representative,"Naucalpan de Juarez, MEX, Mexico",,https://efds.fa.em5.oraclecloud.com/hcmUI/CandidateExperience/en/sites/CX_1/job/69005,2026-08-27,2026-08-27,2026-08-27T17:41:59+00:00,2026-08-27 10:41 Thu,,false,,,,false,oracle:Ford:69005
Ford:66986,Ford,Customs Analyst - Hermosillo Plant,"Hermosillo, SON, Mexico",,https://efds.fa.em5.oraclecloud.com/hcmUI/CandidateExperience/en/sites/CX_1/job/66986,2026-07-27,2026-07-27,2026-08-03T09:21:28+00:00,2026-08-03 02:21 Mon,,false,,,,false,oracle:Ford:66986
Ford:66539,Ford,Customs Supervisor.,"Naucalpan de Juarez, MEX, Mexico",,https://efds.fa.em5.oraclecloud.com/hcmUI/CandidateExperience/en/sites/CX_1/job/66539,2026-07-10,2026-07-10,2026-07-10T17:37:16+00:00,2026-07-10 10:37 Fri,,false,,,,false,oracle:Ford:66539
Ford:69558,Ford,CV Product Specialist,"Budapest, Kozep-Magyarorszag, Hungary",,https://efds.fa.em5.oraclecloud.com/hcmUI/CandidateExperience/en/sites/CX_1/job/69558,2026-08-25,2026-08-25,2026-08-25T12:42:02+00:00,2026-08-25 05:42 Tue,,false,,,,false,oracle:Ford:69558
Ford:67695,Ford,CX Service and Analytics Designer,"Dearborn, MI, United States",,https://efds.fa.em5.oraclecloud.com/hcmUI/CandidateExperience/en/sites/CX_1/job/67695,2026-07-27,2026-07-27,2026-08-03T09:21:28+00:00,2026-08-03 02:21 Mon,,false,,,,false,oracle:Ford:67695
Ford:69583,Ford,Cyber Automation Analyst - Security Operations Center,"Dearborn, MI, United States",,https://efds.fa.em5.oraclecloud.com/hcmUI/CandidateExperience/en/sites/CX_1/job/69583,2026-08-28,2026-08-28,2026-08-28T16:18:10+00:00,2026-08-28 09:18 Fri,,false,,,,false,oracle:Ford:69583
Ford:66694,Ford,Cyber Defense Analyst,"Chennai, Tamil Nadu, India",,https://efds.fa.em5.oraclecloud.com/hcmUI/CandidateExperience/en/sites/CX_1/job/66694,2026-07-16,2026-07-16,2026-07-16T06:41:25+00:00,2026-07-15 23:41 Wed,,false,,,,false,oracle:Ford:66694
Ford:69191,Ford,Cyber Red Team Researcher,"Allen Park, MI, United States",,https://efds.fa.em5.oraclecloud.com/hcmUI/CandidateExperience/en/sites/CX_1/job/69191,2026-08-26,2026-08-26,2026-08-26T18:59:59+00:00,2026-08-26 11:59 Wed,,false,,,,false,oracle:Ford:69191
Ford:66213,Ford,Cyber Security,"Chennai, Tamil Nadu, India",,https://efds.fa.em5.oraclecloud.com/hcmUI/CandidateExperience/en/sites/CX_1/job/66213,2026-07-08,2026-07-08,2026-07-07T05:59:38+00:00,2026-07-06 22:59 Mon,,false,,,,false,oracle:Ford:66213
Ford:65586,Ford,Cyber Security Engineer,United States,,https://efds.fa.em5.oraclecloud.com/hcmUI/CandidateExperience/en/sites/CX_1/job/65586,2026-07-21,2026-07-21,2026-07-21T18:59:37+00:00,2026-07-21 11:59 Tue,,false,,,,false,oracle:Ford:65586
Ford:68724,Ford,Cybersecurity Analyst - Product Security Operations Center,"Dearborn, MI, United States",,https://efds.fa.em5.oraclecloud.com/hcmUI/CandidateExperience/en/sites/CX_1/job/68724,2026-08-25,2026-08-25,2026-08-25T20:59:52+00:00,2026-08-25 13:59 Tue,,false,,,,false,oracle:Ford:68724
Ford:67315,Ford,Cybersecurity Compliance Analyst,"MI, United States",,https://efds.fa.em5.oraclecloud.com/hcmUI/CandidateExperience/en/sites/CX_1/job/67315,2026-07-24,2026-07-24,2026-07-24T14:41:30+00:00,2026-07-24 07:41 Fri,,false,,,,false,oracle:Ford:67315
Ford:69224,Ford,CyberSecurity Data Protection Analyst,"Naucalpan de Juarez, MEX, Mexico",,https://efds.fa.em5.oraclecloud.com/hcmUI/CandidateExperience/en/sites/CX_1/job/69224,2026-08-25,2026-08-25,2026-08-25T18:41:50+00:00,2026-08-25 11:41 Tue,,false,,,,false,oracle:Ford:69224
Ford:69560,Ford,DAT Feature and Software Engineer,"Dearborn, MI, United States",,https://efds.fa.em5.oraclecloud.com/hcmUI/CandidateExperience/en/sites/CX_1/job/69560,2026-08-24,2026-08-24,2026-08-24T15:06:55+00:00,2026-08-24 08:06 Mon,Software Engineering,true,Keyword,61,keyword-only heuristic,true,oracle:Ford:69560
Ford:67097,Ford,Data & Analytics Specialist,"Naucalpan de Juarez, MEX, Mexico",,https://efds.fa.em5.oraclecloud.com/hcmUI/CandidateExperience/en/sites/CX_1/job/67097,2026-08-14,2026-08-14,2026-08-14T18:41:48+00:00,2026-08-14 11:41 Fri,,false,,,,false,oracle:Ford:67097
Ford:66739,Ford,Data & Reporting Analyst,"Chennai, Tamil Nadu, India",,https://efds.fa.em5.oraclecloud.com/hcmUI/CandidateExperience/en/sites/CX_1/job/66739,2026-07-14,2026-07-14,2026-07-14T08:16:59+00:00,2026-07-14 01:16 Tue,,false,,,,false,oracle:Ford:66739
Ford:67053,Ford,Data & Reporting Analyst,"Chennai, Tamil Nadu, India",,https://efds.fa.em5.oraclecloud.com/hcmUI/CandidateExperience/en/sites/CX_1/job/67053,2026-07-15,2026-07-15,2026-07-15T11:41:20+00:00,2026-07-15 04:41 Wed,,false,,,,false,oracle:Ford:67053
Ford:67160,Ford,Data & Reporting Program Integration Manager,United States,,https://efds.fa.em5.oraclecloud.com/hcmUI/CandidateExperience/en/sites/CX_1/job/67160,2026-08-04,2026-08-04,2026-08-04T13:41:48+00:00,2026-08-04 06:41 Tue,,false,,,,false,oracle:Ford:67160
Ford:62514,Ford,Data / Information Architect,"Dearborn, MI, United States",,https://efds.fa.em5.oraclecloud.com/hcmUI/CandidateExperience/en/sites/CX_1/job/62514,2026-07-15,2026-07-15,2026-07-15T19:53:55+00:00,2026-07-15 12:53 Wed,,false,,,,false,oracle:Ford:62514
Ford:66485,Ford,Data Analyst & AI,"Chennai, Tamil Nadu, India",,https://efds.fa.em5.oraclecloud.com/hcmUI/CandidateExperience/en/sites/CX_1/job/66485,2026-07-07,2026-07-07,2026-07-07T13:43:37+00:00,2026-07-07 06:43 Tue,,false,,,,false,oracle:Ford:66485
Ford:67025,Ford,Data Analytics Developer,"Allen Park, MI, United States",,https://efds.fa.em5.oraclecloud.com/hcmUI/CandidateExperience/en/sites/CX_1/job/67025,2026-07-22,2026-07-22,2026-07-22T14:17:42+00:00,2026-07-22 07:17 Wed,,false,,,,false,oracle:Ford:67025
Ford:67625,Ford,Data Analytics Engagement Supervisor,"Dearborn, MI, United States",,https://efds.fa.em5.oraclecloud.com/hcmUI/CandidateExperience/en/sites/CX_1/job/67625,2026-08-05,2026-08-05,2026-08-05T17:42:19+00:00,2026-08-05 10:42 Wed,,false,,,,false,oracle:Ford:67625
Ford:64935,Ford,Data Engineer,"Chennai, Tamil Nadu, India",,https://efds.fa.em5.oraclecloud.com/hcmUI/CandidateExperience/en/sites/CX_1/job/64935,2026-07-08,2026-07-08,2026-07-08T06:12:05+00:00,2026-07-07 23:12 Tue,,false,,,,false,oracle:Ford:64935
Ford:66495,Ford,Data Engineer,"Chennai, Tamil Nadu, India",,https://efds.fa.em5.oraclecloud.com/hcmUI/CandidateExperience/en/sites/CX_1/job/66495,2026-07-10,2026-07-10,2026-07-10T09:36:06+00:00,2026-07-10 02:36 Fri,,false,,,,false,oracle:Ford:66495
Ford:63829,Ford,Data Engineer,"Dearborn, MI, United States",,https://efds.fa.em5.oraclecloud.com/hcmUI/CandidateExperience/en/sites/CX_1/job/63829,2026-07-15,2026-07-15,2026-07-15T15:41:44+00:00,2026-07-15 08:41 Wed,Computer Vision,true,Keyword,40,keyword-only heuristic,false,oracle:Ford:63829
Ford:66200,Ford,Data Engineer,"Chennai, Tamil Nadu, India",,https://efds.fa.em5.oraclecloud.com/hcmUI/CandidateExperience/en/sites/CX_1/job/66200,2026-07-16,2026-07-16,2026-07-16T09:17:09+00:00,2026-07-16 02:17 Thu,,false,,,,false,oracle:Ford:66200
Ford:64891,Ford,Data Engineer,"Chennai, Tamil Nadu, India",,https://efds.fa.em5.oraclecloud.com/hcmUI/CandidateExperience/en/sites/CX_1/job/64891,2026-07-20,2026-07-20,2026-07-20T06:41:10+00:00,2026-07-19 23:41 Sun,,false,,,,false,oracle:Ford:64891
Ford:64893,Ford,Data Engineer,"Chennai, Tamil Nadu, India",,https://efds.fa.em5.oraclecloud.com/hcmUI/CandidateExperience/en/sites/CX_1/job/64893,2026-07-23,2026-07-23,2026-07-23T09:41:48+00:00,2026-07-23 02:41 Thu,,false,,,,false,oracle:Ford:64893
Ford:64892,Ford,Data Engineer,"Chennai, Tamil Nadu, India",,https://efds.fa.em5.oraclecloud.com/hcmUI/CandidateExperience/en/sites/CX_1/job/64892,2026-07-28,2026-07-28,2026-07-28T07:17:32+00:00,2026-07-28 00:17 Tue,,false,,,,false,oracle:Ford:64892
Ford:67674,Ford,Data Engineer,"Dearborn, MI, United States",,https://efds.fa.em5.oraclecloud.com/hcmUI/CandidateExperience/en/sites/CX_1/job/67674,2026-08-15,2026-08-15,2026-08-15T12:59:12+00:00,2026-08-15 05:59 Sat,,false,,,,false,oracle:Ford:67674
Ford:68603,Ford,Data Engineer,India,,https://efds.fa.em5.oraclecloud.com/hcmUI/CandidateExperience/en/sites/CX_1/job/68603,2026-08-18,2026-08-18,2026-08-18T09:59:44+00:00,2026-08-18 02:59 Tue,,false,,,,false,oracle:Ford:68603
Ford:69082,Ford,Data Engineer,"Chennai, Tamil Nadu, India",,https://efds.fa.em5.oraclecloud.com/hcmUI/CandidateExperience/en/sites/CX_1/job/69082,2026-08-31,2026-08-31,2026-08-26T10:17:40+00:00,2026-08-26 03:17 Wed,,false,,,,false,oracle:Ford:69082
Ford:69620,Ford,Data Engineer,India,,https://efds.fa.em5.oraclecloud.com/hcmUI/CandidateExperience/en/sites/CX_1/job/69620,2026-09-02,2026-09-02,2026-09-02T15:15:02+00:00,2026-09-02 08:15 Wed,,false,,,,false,oracle:Ford:69620
Ford:69689,Ford,"Data Engineer, Automation & Controls, BlueOval Battery Park Michigan","Marshall, MI, United States",,https://efds.fa.em5.oraclecloud.com/hcmUI/CandidateExperience/en/sites/CX_1/job/69689,2026-08-28,2026-08-28,2026-08-28T14:41:56+00:00,2026-08-28 07:41 Fri,Software Engineering,true,Keyword,51,title-only listing; auto-passed (no description to score),true,oracle:Ford:69689
Ford:63068,Ford,"Data Engineer, Pro360 Product Group","Dearborn, MI, United States",,https://efds.fa.em5.oraclecloud.com/hcmUI/CandidateExperience/en/sites/CX_1/job/63068,2026-07-13,2026-07-13,2026-07-13T19:17:03+00:00,2026-07-13 12:17 Mon,Software Engineering,true,Keyword,40,keyword-only heuristic,false,oracle:Ford:63068
Ford:67064,Ford,Data Governance Analyst,"Dearborn, MI, United States",,https://efds.fa.em5.oraclecloud.com/hcmUI/CandidateExperience/en/sites/CX_1/job/67064,2026-08-06,2026-08-06,2026-08-06T01:17:35+00:00,2026-08-05 18:17 Wed,,false,,,,false,oracle:Ford:67064
Ford:68183,Ford,Data Governance Data Business Analyst,"Dearborn, MI, United States",,https://efds.fa.em5.oraclecloud.com/hcmUI/CandidateExperience/en/sites/CX_1/job/68183,2026-08-25,2026-08-25,2026-08-25T14:07:51+00:00,2026-08-25 07:07 Tue,,false,,,,false,oracle:Ford:68183
Ford:69129,Ford,Data Loss Prevention Engineer,"Chennai, Tamil Nadu, India",,https://efds.fa.em5.oraclecloud.com/hcmUI/CandidateExperience/en/sites/CX_1/job/69129,2026-08-24,2026-08-24,2026-08-24T08:17:18+00:00,2026-08-24 01:17 Mon,,false,,,,false,oracle:Ford:69129
Ford:65977,Ford,Data Product Manager,"Dearborn, MI, United States",,https://efds.fa.em5.oraclecloud.com/hcmUI/CandidateExperience/en/sites/CX_1/job/65977,2026-07-01,2026-07-01,2026-07-07T05:59:38+00:00,2026-07-06 22:59 Mon,,false,,,,false,oracle:Ford:65977
Ford:69113,Ford,Data Protection Analyst,India,,https://efds.fa.em5.oraclecloud.com/hcmUI/CandidateExperience/en/sites/CX_1/job/69113,2026-08-23,2026-08-23,2026-08-23T18:17:28+00:00,2026-08-23 11:17 Sun,,false,,,,false,oracle:Ford:69113
Ford:69110,Ford,Data Protection Analyst,India,,https://efds.fa.em5.oraclecloud.com/hcmUI/CandidateExperience/en/sites/CX_1/job/69110,2026-08-23,2026-08-23,2026-08-23T18:41:17+00:00,2026-08-23 11:41 Sun,,false,,,,false,oracle:Ford:69110
Ford:69130,Ford,Data Protection Lead Engineer,India,,https://efds.fa.em5.oraclecloud.com/hcmUI/CandidateExperience/en/sites/CX_1/job/69130,2026-08-24,2026-08-24,2026-08-24T08:28:18+00:00,2026-08-24 01:28 Mon,,false,,,,false,oracle:Ford:69130
Ford:67143,Ford,Data Reporting Analyst,"Chennai, Tamil Nadu, India",,https://efds.fa.em5.oraclecloud.com/hcmUI/CandidateExperience/en/sites/CX_1/job/67143,2026-07-20,2026-07-20,2026-07-20T16:41:51+00:00,2026-07-20 09:41 Mon,,false,,,,false,oracle:Ford:67143
Ford:68468,Ford,Data Reporting Analyst,"Chennai, Tamil Nadu, India",,https://efds.fa.em5.oraclecloud.com/hcmUI/CandidateExperience/en/sites/CX_1/job/68468,2026-08-20,2026-08-20,2026-08-20T06:41:26+00:00,2026-08-19 23:41 Wed,,false,,,,false,oracle:Ford:68468
Ford:66915,Ford,Data Science and AI Manager,"Chennai, Tamil Nadu, India",,https://efds.fa.em5.oraclecloud.com/hcmUI/CandidateExperience/en/sites/CX_1/job/66915,2026-07-14,2026-07-14,2026-07-14T10:16:55+00:00,2026-07-14 03:16 Tue,,false,,,,false,oracle:Ford:66915
Ford:67635,Ford,"Data Science Manager GDI&A – EU Sales, CO2 & Sustainability","Budapest, Kozep-Magyarorszag, Hungary",,https://efds.fa.em5.oraclecloud.com/hcmUI/CandidateExperience/en/sites/CX_1/job/67635,2026-08-04,2026-08-04,2026-08-04T14:17:39+00:00,2026-08-04 07:17 Tue,,false,,,,false,oracle:Ford:67635
Ford:66278,Ford,Data Scientist,"Chennai, Tamil Nadu, India",,https://efds.fa.em5.oraclecloud.com/hcmUI/CandidateExperience/en/sites/CX_1/job/66278,2026-07-07,2026-07-07,2026-07-07T05:59:38+00:00,2026-07-06 22:59 Mon,,false,,,,false,oracle:Ford:66278
Ford:66327,Ford,Data Scientist,"Dearborn, MI, United States",,https://efds.fa.em5.oraclecloud.com/hcmUI/CandidateExperience/en/sites/CX_1/job/66327,2026-06-30,2026-06-30,2026-07-07T05:59:38+00:00,2026-07-06 22:59 Mon,AI / ML,true,,45,"The role is a general business analytics/data insights position rather than a clear AI/ML engineering role, and while the candidate has strong Python/ML experience, the posting emphasizes metrics, analytics, and decision support more than model development or research.",false,oracle:Ford:66327
Ford:66496,Ford,Data Scientist,"Chennai, Tamil Nadu, India",,https://efds.fa.em5.oraclecloud.com/hcmUI/CandidateExperience/en/sites/CX_1/job/66496,2026-07-07,2026-07-07,2026-07-07T13:43:37+00:00,2026-07-07 06:43 Tue,,false,,,,false,oracle:Ford:66496
Ford:66527,Ford,Data Scientist,"Chennai, Tamil Nadu, India",,https://efds.fa.em5.oraclecloud.com/hcmUI/CandidateExperience/en/sites/CX_1/job/66527,2026-07-13,2026-07-13,2026-07-13T04:59:00+00:00,2026-07-12 21:59 Sun,,false,,,,false,oracle:Ford:66527
Ford:66431,Ford,Data Scientist,"Chennai, Tamil Nadu, India",,https://efds.fa.em5.oraclecloud.com/hcmUI/CandidateExperience/en/sites/CX_1/job/66431,2026-07-20,2026-07-20,2026-07-20T13:59:24+00:00,2026-07-20 06:59 Mon,,false,,,,false,oracle:Ford:66431
Ford:65975,Ford,Data Scientist,"Dearborn, MI, United States",,https://efds.fa.em5.oraclecloud.com/hcmUI/CandidateExperience/en/sites/CX_1/job/65975,2026-08-18,2026-08-18,2026-07-20T15:42:10+00:00,2026-07-20 08:42 Mon,AI / ML,true,Keyword,46,keyword-only heuristic,false,oracle:Ford:65975
Ford:67219,Ford,Data Scientist,"Chennai, Tamil Nadu, India",,https://efds.fa.em5.oraclecloud.com/hcmUI/CandidateExperience/en/sites/CX_1/job/67219,2026-07-23,2026-07-23,2026-07-23T05:59:22+00:00,2026-07-22 22:59 Wed,,false,,,,false,oracle:Ford:67219
Ford:67305,Ford,Data Scientist,"Chennai, Tamil Nadu, India",,https://efds.fa.em5.oraclecloud.com/hcmUI/CandidateExperience/en/sites/CX_1/job/67305,2026-09-01,2026-09-01,2026-07-27T07:19:04+00:00,2026-07-27 00:19 Mon,,false,,,,false,oracle:Ford:67305
Ford:67630,Ford,Data Scientist,"Chennai, Tamil Nadu, India",,https://efds.fa.em5.oraclecloud.com/hcmUI/CandidateExperience/en/sites/CX_1/job/67630,2026-08-03,2026-08-03,2026-07-30T11:17:30+00:00,2026-07-30 04:17 Thu,,false,,,,false,oracle:Ford:67630
Ford:67567,Ford,Data Scientist,"Chennai, Tamil Nadu, India",,https://efds.fa.em5.oraclecloud.com/hcmUI/CandidateExperience/en/sites/CX_1/job/67567,2026-08-03,2026-08-03,2026-08-03T03:41:21+00:00,2026-08-02 20:41 Sun,,false,,,,false,oracle:Ford:67567
Ford:68212,Ford,Data Scientist,"Dearborn, MI, United States",,https://efds.fa.em5.oraclecloud.com/hcmUI/CandidateExperience/en/sites/CX_1/job/68212,2026-08-10,2026-08-10,2026-08-10T14:07:17+00:00,2026-08-10 07:07 Mon,Computer Vision,true,Keyword,64,keyword-only heuristic,true,oracle:Ford:68212
Ford:68207,Ford,Data Scientist,"Dearborn, MI, United States",,https://efds.fa.em5.oraclecloud.com/hcmUI/CandidateExperience/en/sites/CX_1/job/68207,2026-09-01,2026-09-01,2026-08-10T15:22:40+00:00,2026-08-10 08:22 Mon,Computer Vision,true,Keyword,52,keyword-only heuristic,true,oracle:Ford:68207
Ford:68185,Ford,Data Scientist,"Chennai, Tamil Nadu, India",,https://efds.fa.em5.oraclecloud.com/hcmUI/CandidateExperience/en/sites/CX_1/job/68185,2026-08-11,2026-08-11,2026-08-11T07:17:25+00:00,2026-08-11 00:17 Tue,,false,,,,false,oracle:Ford:68185
Ford:69066,Ford,Data Scientist,"Dearborn, MI, United States",,https://efds.fa.em5.oraclecloud.com/hcmUI/CandidateExperience/en/sites/CX_1/job/69066,2026-08-15,2026-08-15,2026-08-15T01:17:11+00:00,2026-08-14 18:17 Fri,AI / ML,true,CLI,38,"The candidate has strong Python, modeling, analytics, and GCP experience with approximately five years in technical roles, but lacks demonstrated expertise in econometrics, pricing or demand analysis, SQL, Excel/PowerPoint, and marketing or sales strategy required for Ford’s yield-management data science work.",true,oracle:Ford:69066
Ford:69155,Ford,Data Scientist,"Chennai, Tamil Nadu, India",,https://efds.fa.em5.oraclecloud.com/hcmUI/CandidateExperience/en/sites/CX_1/job/69155,2026-08-20,2026-08-20,2026-08-20T06:17:12+00:00,2026-08-19 23:17 Wed,,false,,,,false,oracle:Ford:69155
Ford:68333,Ford,Data Scientist,"Chennai, Tamil Nadu, India",,https://efds.fa.em5.oraclecloud.com/hcmUI/CandidateExperience/en/sites/CX_1/job/68333,2026-08-22,2026-08-22,2026-08-22T03:17:14+00:00,2026-08-21 20:17 Fri,,false,,,,false,oracle:Ford:68333
Ford:69575,Ford,Data Scientist,"Dearborn, MI, United States",,https://efds.fa.em5.oraclecloud.com/hcmUI/CandidateExperience/en/sites/CX_1/job/69575,2026-08-24,2026-08-24,2026-08-24T16:56:19+00:00,2026-08-24 09:56 Mon,AI / ML,true,Keyword,67,keyword-only heuristic,true,oracle:Ford:69575
Ford:69132,Ford,Data Scientist,"Dearborn, MI, United States",,https://efds.fa.em5.oraclecloud.com/hcmUI/CandidateExperience/en/sites/CX_1/job/69132,2026-08-28,2026-08-28,2026-08-28T17:41:43+00:00,2026-08-28 10:41 Fri,,false,,,,false,oracle:Ford:69132
Ford:69752,Ford,Data Scientist,"Chennai, Tamil Nadu, India",,https://efds.fa.em5.oraclecloud.com/hcmUI/CandidateExperience/en/sites/CX_1/job/69752,2026-09-03,2026-09-03,2026-09-03T19:37:21+00:00,2026-09-03 12:37 Thu,,false,,,,false,oracle:Ford:69752
Ford:66486,Ford,Data Scientist & AI,"Chennai, Tamil Nadu, India",,https://efds.fa.em5.oraclecloud.com/hcmUI/CandidateExperience/en/sites/CX_1/job/66486,2026-07-07,2026-07-07,2026-07-07T13:43:37+00:00,2026-07-07 06:43 Tue,,false,,,,false,oracle:Ford:66486
Ford:65845,Ford,Data Scientist - Conversational AI,"Dearborn, MI, United States",,https://efds.fa.em5.oraclecloud.com/hcmUI/CandidateExperience/en/sites/CX_1/job/65845,2026-07-22,2026-07-22,2026-07-22T23:17:18+00:00,2026-07-22 16:17 Wed,AI / ML,true,Keyword,52,keyword-only heuristic,true,oracle:Ford:65845
Ford:67563,Ford,Data Scientist NLP (AI) Engineer,Mexico,,https://efds.fa.em5.oraclecloud.com/hcmUI/CandidateExperience/en/sites/CX_1/job/67563,2026-08-17,2026-08-17,2026-08-17T20:41:24+00:00,2026-08-17 13:41 Mon,,false,,,,false,oracle:Ford:67563
Ford:69114,Ford,"Data Scientist, Charging & Energy Services","Dearborn, MI, United States",,https://efds.fa.em5.oraclecloud.com/hcmUI/CandidateExperience/en/sites/CX_1/job/69114,2026-08-31,2026-08-31,2026-08-25T14:41:40+00:00,2026-08-25 07:41 Tue,AI / ML,true,Keyword,70,keyword-only heuristic,true,oracle:Ford:69114
Ford:66402,Ford,"Data Scientist, Repair Order (RO) Duration Analytics","Dearborn, MI, United States",,https://efds.fa.em5.oraclecloud.com/hcmUI/CandidateExperience/en/sites/CX_1/job/66402,2026-07-09,2026-07-09,2026-07-10T03:30:15+00:00,2026-07-09 20:30 Thu,AI / ML,true,CLI,78,"Strong Python, ML, computer vision, optimization, and deployment-adjacent experience fits a data scientist analytics role, though the resume is less directly aligned with automotive service operations, duration modeling, and business analytics domain work.",true,oracle:Ford:66402
Ford:68566,Ford,DBA/Reliability and Automation Engineer,India,,https://efds.fa.em5.oraclecloud.com/hcmUI/CandidateExperience/en/sites/CX_1/job/68566,2026-08-11,2026-08-11,2026-08-11T12:31:35+00:00,2026-08-11 05:31 Tue,,false,,,,false,oracle:Ford:68566
Ford:68403,Ford,DDI Engineering & Automation Lead,India,,https://efds.fa.em5.oraclecloud.com/hcmUI/CandidateExperience/en/sites/CX_1/job/68403,2026-08-21,2026-08-21,2026-08-21T14:41:52+00:00,2026-08-21 07:41 Fri,,false,,,,false,oracle:Ford:68403
Ford:68266,Ford,Dealer Performance Specialist,"Melbourne, Victoria, Australia",,https://efds.fa.em5.oraclecloud.com/hcmUI/CandidateExperience/en/sites/CX_1/job/68266,2026-08-06,2026-08-06,2026-08-06T09:59:12+00:00,2026-08-06 02:59 Thu,,false,,,,false,oracle:Ford:68266
Ford:69441,Ford,Defense Vehicle Program Manager,"Dearborn, MI, United States",,https://efds.fa.em5.oraclecloud.com/hcmUI/CandidateExperience/en/sites/CX_1/job/69441,2026-09-02,2026-09-02,2026-09-02T15:15:02+00:00,2026-09-02 08:15 Wed,,false,,,,false,oracle:Ford:69441
Ford:63077,Ford,Delivery & Web Content,"Chennai, Tamil Nadu, India",,https://efds.fa.em5.oraclecloud.com/hcmUI/CandidateExperience/en/sites/CX_1/job/63077,2026-07-13,2026-07-13,2026-07-13T09:40:48+00:00,2026-07-13 02:40 Mon,,false,,,,false,oracle:Ford:63077
Ford:67477,Ford,Deposit Operation Analyst - Ford Credit Bank,"Salt Lake City, UT, United States",,https://efds.fa.em5.oraclecloud.com/hcmUI/CandidateExperience/en/sites/CX_1/job/67477,2026-08-04,2026-08-04,2026-08-04T20:59:36+00:00,2026-08-04 13:59 Tue,,false,,,,false,oracle:Ford:67477
Ford:65929,Ford,Deposit Operations Control  Analyst - Ford Credit Bank,"Salt Lake City, UT, United States",,https://efds.fa.em5.oraclecloud.com/hcmUI/CandidateExperience/en/sites/CX_1/job/65929,2026-07-01,2026-07-01,2026-07-07T05:59:38+00:00,2026-07-06 22:59 Mon,,false,,,,false,oracle:Ford:65929
Ford:67633,Ford,Depot Implementation & Metrics Analyst,"Chennai, Tamil Nadu, India",,https://efds.fa.em5.oraclecloud.com/hcmUI/CandidateExperience/en/sites/CX_1/job/67633,2026-08-04,2026-08-04,2026-08-04T06:17:16+00:00,2026-08-03 23:17 Mon,,false,,,,false,oracle:Ford:67633
Ford:66978,Ford,Deputy Manager,"Chennai, Tamil Nadu, India",,https://efds.fa.em5.oraclecloud.com/hcmUI/CandidateExperience/en/sites/CX_1/job/66978,2026-07-27,2026-07-27,2026-07-27T05:59:17+00:00,2026-07-26 22:59 Sun,,false,,,,false,oracle:Ford:66978
Ford:68935,Ford,Deputy Manager,"Chennai, Tamil Nadu, India",,https://efds.fa.em5.oraclecloud.com/hcmUI/CandidateExperience/en/sites/CX_1/job/68935,2026-08-18,2026-08-18,2026-08-18T10:41:52+00:00,2026-08-18 03:41 Tue,,false,,,,false,oracle:Ford:68935
Ford:69973,Ford,Deputy Manager,"Chennai, Tamil Nadu, India",,https://efds.fa.em5.oraclecloud.com/hcmUI/CandidateExperience/en/sites/CX_1/job/69973,2026-09-01,2026-09-01,2026-09-01T10:59:25+00:00,2026-09-01 03:59 Tue,,false,,,,false,oracle:Ford:69973
Ford:65561,Ford,Deputy Manager - Reconciliation,"Chennai, Tamil Nadu, India",,https://efds.fa.em5.oraclecloud.com/hcmUI/CandidateExperience/en/sites/CX_1/job/65561,2026-07-22,2026-07-22,2026-07-22T03:41:34+00:00,2026-07-21 20:41 Tue,,false,,,,false,oracle:Ford:65561
Ford:67802,Ford,"Deputy Manager, T6 Finance","Chennai, Tamil Nadu, India",,https://efds.fa.em5.oraclecloud.com/hcmUI/CandidateExperience/en/sites/CX_1/job/67802,2026-08-20,2026-08-20,2026-08-20T07:55:50+00:00,2026-08-20 00:55 Thu,,false,,,,false,oracle:Ford:67802
Ford:67293,Ford,Design & Release Engineer,"Dearborn, MI, United States",,https://efds.fa.em5.oraclecloud.com/hcmUI/CandidateExperience/en/sites/CX_1/job/67293,2026-08-05,2026-08-05,2026-08-05T17:42:19+00:00,2026-08-05 10:42 Wed,Other Technical,true,CLI,15,"The candidate has strong software, computer vision, and algorithm engineering experience but lacks automotive design, CAD, vehicle systems, manufacturing, and design-release engineering experience required for this Ford role.",false,oracle:Ford:67293
Ford:66086,Ford,Design & Release Engineer - Body Interior,"Dearborn, MI, United States",,https://efds.fa.em5.oraclecloud.com/hcmUI/CandidateExperience/en/sites/CX_1/job/66086,2026-07-08,2026-07-08,2026-07-08T19:36:08+00:00,2026-07-08 12:36 Wed,,false,,,,false,oracle:Ford:66086
Ford:69328,Ford,Design & Release Engineer - Body Interior,"Dearborn, MI, United States",,https://efds.fa.em5.oraclecloud.com/hcmUI/CandidateExperience/en/sites/CX_1/job/69328,2026-09-02,2026-09-02,2026-09-03T04:50:24+00:00,2026-09-02 21:50 Wed,,false,,,,false,oracle:Ford:69328
Ford:67668,Ford,Design & Release Engineer-Transmission Pan and Covers,"Livonia, MI, United States",,https://efds.fa.em5.oraclecloud.com/hcmUI/CandidateExperience/en/sites/CX_1/job/67668,2026-08-05,2026-08-05,2026-08-05T16:41:49+00:00,2026-08-05 09:41 Wed,Other Technical,true,CLI,2,"The candidate has strong computer vision and software experience but no credible background in automotive mechanical design, transmission components, CAD, manufacturing, or design release engineering.",false,oracle:Ford:67668
Ford:65509,Ford,Design and Release Engineer,"Naucalpan de Juarez, MEX, Mexico",,https://efds.fa.em5.oraclecloud.com/hcmUI/CandidateExperience/en/sites/CX_1/job/65509,2026-07-01,2026-07-01,2026-07-07T05:59:38+00:00,2026-07-06 22:59 Mon,,false,,,,false,oracle:Ford:65509
Ford:69343,Ford,Design and Release Engineer-Cockpit and Trim,"Dearborn, MI, United States",,https://efds.fa.em5.oraclecloud.com/hcmUI/CandidateExperience/en/sites/CX_1/job/69343,2026-09-02,2026-09-02,2026-09-02T18:45:15+00:00,2026-09-02 11:45 Wed,,false,,,,false,oracle:Ford:69343
Ford:69584,Ford,Design and Release Engineer-Driveshafts,"Livonia, MI, United States",,https://efds.fa.em5.oraclecloud.com/hcmUI/CandidateExperience/en/sites/CX_1/job/69584,2026-09-02,2026-09-02,2026-09-02T18:45:15+00:00,2026-09-02 11:45 Wed,,false,,,,false,oracle:Ford:69584
Ford:66283,Ford,Design Engineer,"Chennai, Tamil Nadu, India",,https://efds.fa.em5.oraclecloud.com/hcmUI/CandidateExperience/en/sites/CX_1/job/66283,2026-07-15,2026-07-15,2026-07-15T11:41:20+00:00,2026-07-15 04:41 Wed,,false,,,,false,oracle:Ford:66283
Ford:65325,Ford,Design for Service Engineer,"Szentendre, Kozep-Magyarorszag, Hungary",,https://efds.fa.em5.oraclecloud.com/hcmUI/CandidateExperience/en/sites/CX_1/job/65325,2026-07-01,2026-07-01,2026-07-07T05:59:38+00:00,2026-07-06 22:59 Mon,,false,,,,false,oracle:Ford:65325
Ford:65716,Ford,Design Perceived Quality Specialist,"Dearborn, MI, United States",,https://efds.fa.em5.oraclecloud.com/hcmUI/CandidateExperience/en/sites/CX_1/job/65716,2026-07-01,2026-07-01,2026-07-07T05:59:38+00:00,2026-07-06 22:59 Mon,,false,,,,false,oracle:Ford:65716
Ford:68254,Ford,Design Program Manager,United States,,https://efds.fa.em5.oraclecloud.com/hcmUI/CandidateExperience/en/sites/CX_1/job/68254,2026-08-05,2026-08-05,2026-08-05T00:41:22+00:00,2026-08-04 17:41 Tue,Computer Vision,true,CLI,8,"The candidate has strong computer vision and software engineering experience but lacks the product design, design program management, user research, and cross-functional design leadership background required for this role.",false,oracle:Ford:68254
Ford:68287,Ford,Designer - Lighting,"Dearborn, MI, United States",,https://efds.fa.em5.oraclecloud.com/hcmUI/CandidateExperience/en/sites/CX_1/job/68287,2026-08-05,2026-08-05,2026-08-05T15:06:36+00:00,2026-08-05 08:06 Wed,,false,,,,false,oracle:Ford:68287
Ford:62959,Ford,DevOps Engineer – ADAS Platform,"Dearborn, MI, United States",,https://efds.fa.em5.oraclecloud.com/hcmUI/CandidateExperience/en/sites/CX_1/job/62959,2026-07-31,2026-07-31,2026-07-31T17:41:24+00:00,2026-07-31 10:41 Fri,Software Engineering,true,Keyword,40,keyword-only heuristic,false,oracle:Ford:62959
Ford:67454,Ford,DevSecOps Full Stack Engineer,"Chennai, Tamil Nadu, India",,https://efds.fa.em5.oraclecloud.com/hcmUI/CandidateExperience/en/sites/CX_1/job/67454,2026-07-28,2026-07-28,2026-07-28T07:59:12+00:00,2026-07-28 00:59 Tue,,false,,,,false,oracle:Ford:67454
Ford:67593,Ford,Diagnostic Design Specialist,"Allen Park, MI, United States",,https://efds.fa.em5.oraclecloud.com/hcmUI/CandidateExperience/en/sites/CX_1/job/67593,2026-07-31,2026-07-31,2026-07-31T16:41:40+00:00,2026-07-31 09:41 Fri,,false,,,,false,oracle:Ford:67593
Ford:69491,Ford,Diagnostic Integration Engineer,"Allen Park, MI, United States",,https://efds.fa.em5.oraclecloud.com/hcmUI/CandidateExperience/en/sites/CX_1/job/69491,2026-08-31,2026-08-31,2026-08-31T17:42:10+00:00,2026-08-31 10:42 Mon,Other Technical,true,Keyword,43,keyword-only heuristic,false,oracle:Ford:69491
Ford:69691,Ford,Diagnostic Service Software Release Engineer,"Allen Park, MI, United States",,https://efds.fa.em5.oraclecloud.com/hcmUI/CandidateExperience/en/sites/CX_1/job/69691,2026-09-01,2026-09-01,2026-09-02T05:20:28+00:00,2026-09-01 22:20 Tue,,false,,,,false,oracle:Ford:69691
Ford:65400,Ford,Diagnostics Systems Engineer,"Dearborn, MI, United States",,https://efds.fa.em5.oraclecloud.com/hcmUI/CandidateExperience/en/sites/CX_1/job/65400,2026-07-14,2026-07-14,2026-07-14T21:38:42+00:00,2026-07-14 14:38 Tue,,false,,,,false,oracle:Ford:65400
Ford:69557,Ford,Die Process Engineer,"Dearborn, MI, United States",,https://efds.fa.em5.oraclecloud.com/hcmUI/CandidateExperience/en/sites/CX_1/job/69557,2026-08-24,2026-08-24,2026-08-24T14:42:02+00:00,2026-08-24 07:42 Mon,Other Technical,true,Keyword,46,keyword-only heuristic,false,oracle:Ford:69557
Ford:67215,Ford,Diesel Aftertreatment Development Engineer,"Dearborn, MI, United States",,https://efds.fa.em5.oraclecloud.com/hcmUI/CandidateExperience/en/sites/CX_1/job/67215,2026-07-24,2026-07-24,2026-07-24T16:41:39+00:00,2026-07-24 09:41 Fri,,false,,,,false,oracle:Ford:67215
Ford:67723,Ford,Diesel Emissions Calibration Engineer,"Dearborn, MI, United States",,https://efds.fa.em5.oraclecloud.com/hcmUI/CandidateExperience/en/sites/CX_1/job/67723,2026-08-05,2026-08-05,2026-08-06T01:24:39+00:00,2026-08-05 18:24 Wed,Other Technical,true,CLI,12,"The candidate has strong computer vision, machine learning, and software engineering experience but lacks the diesel powertrain calibration, emissions compliance, propulsion systems, dynamometer testing, and automotive controls expertise required for this role.",false,oracle:Ford:67723
Ford:68660,Ford,Diesel Emissions Calibration Engineer,"Dearborn, MI, United States",,https://efds.fa.em5.oraclecloud.com/hcmUI/CandidateExperience/en/sites/CX_1/job/68660,2026-08-12,2026-08-12,2026-08-12T13:42:08+00:00,2026-08-12 06:42 Wed,Software Engineering,true,Keyword,43,keyword-only heuristic,false,oracle:Ford:68660
Ford:67214,Ford,Diesel Emissions Systems Engineer,"Dearborn, MI, United States",,https://efds.fa.em5.oraclecloud.com/hcmUI/CandidateExperience/en/sites/CX_1/job/67214,2026-09-02,2026-09-02,2026-07-24T16:17:47+00:00,2026-07-24 09:17 Fri,,false,,,,false,oracle:Ford:67214
Ford:61720,Ford,Digital Design Director,"Palo Alto, CA, United States",,https://efds.fa.em5.oraclecloud.com/hcmUI/CandidateExperience/en/sites/CX_1/job/61720,2026-07-28,2026-07-28,2026-07-28T19:17:44+00:00,2026-07-28 12:17 Tue,,false,,,,false,oracle:Ford:61720
Ford:63280,Ford,Digital Experience In-vehicle Campaign Prevention Engineer,"Dearborn, MI, United States",,https://efds.fa.em5.oraclecloud.com/hcmUI/CandidateExperience/en/sites/CX_1/job/63280,2026-07-21,2026-07-21,2026-07-21T16:11:09+00:00,2026-07-21 09:11 Tue,,false,,,,false,oracle:Ford:63280
Ford:67942,Ford,Digital Experience In-vehicle Campaign Prevention Engineer,"Dearborn, MI, United States",,https://efds.fa.em5.oraclecloud.com/hcmUI/CandidateExperience/en/sites/CX_1/job/67942,2026-09-04,2026-09-04,2026-08-13T18:36:41+00:00,2026-08-13 11:36 Thu,,false,,,,false,oracle:Ford:67942
Ford:67746,Ford,Digital Experiences Dept. Coordinator,"Dearborn, MI, United States",,https://efds.fa.em5.oraclecloud.com/hcmUI/CandidateExperience/en/sites/CX_1/job/67746,2026-07-30,2026-07-30,2026-07-30T02:41:35+00:00,2026-07-29 19:41 Wed,,false,,,,false,oracle:Ford:67746
Ford:66131,Ford,Digital HRBP Specialist,"MADRID, Madrid, Spain",,https://efds.fa.em5.oraclecloud.com/hcmUI/CandidateExperience/en/sites/CX_1/job/66131,2026-07-01,2026-07-01,2026-07-07T05:59:38+00:00,2026-07-06 22:59 Mon,,false,,,,false,oracle:Ford:66131
Ford:65653,Ford,Digital Marketing Analyst,"Chennai, Tamil Nadu, India",,https://efds.fa.em5.oraclecloud.com/hcmUI/CandidateExperience/en/sites/CX_1/job/65653,2026-08-14,2026-08-14,2026-08-14T05:41:37+00:00,2026-08-13 22:41 Thu,,false,,,,false,oracle:Ford:65653
Ford:68039,Ford,Digital Marketing Specialist,"MANILA, Philippines",,https://efds.fa.em5.oraclecloud.com/hcmUI/CandidateExperience/en/sites/CX_1/job/68039,2026-08-04,2026-08-04,2026-08-04T01:59:34+00:00,2026-08-03 18:59 Mon,,false,,,,false,oracle:Ford:68039
Ford:68145,Ford,Digital Procurement & Catalog Specialist,"Naucalpan de Juarez, MEX, Mexico",,https://efds.fa.em5.oraclecloud.com/hcmUI/CandidateExperience/en/sites/CX_1/job/68145,2026-08-11,2026-08-11,2026-08-11T16:42:08+00:00,2026-08-11 09:42 Tue,,false,,,,false,oracle:Ford:68145
Ford:69177,Ford,Digital Procurement & Catalog Specialist,"Naucalpan de Juarez, MEX, Mexico",,https://efds.fa.em5.oraclecloud.com/hcmUI/CandidateExperience/en/sites/CX_1/job/69177,2026-08-23,2026-08-23,2026-08-23T06:59:27+00:00,2026-08-22 23:59 Sat,,false,,,,false,oracle:Ford:69177
Ford:67544,Ford,Digital Product Manager,"Dearborn, MI, United States",,https://efds.fa.em5.oraclecloud.com/hcmUI/CandidateExperience/en/sites/CX_1/job/67544,2026-08-05,2026-08-05,2026-08-06T01:24:39+00:00,2026-08-05 18:24 Wed,,false,,,,false,oracle:Ford:67544
Ford:63617,Ford,Digital Systems Safety Engineer – Research & Advanced Engineering,"Dearborn, MI, United States",,https://efds.fa.em5.oraclecloud.com/hcmUI/CandidateExperience/en/sites/CX_1/job/63617,2026-06-30,2026-06-30,2026-07-07T05:59:38+00:00,2026-07-06 22:59 Mon,,false,,,,false,oracle:Ford:63617
Ford:66002,Ford,Dimensional Management Engineer,"Dearborn, MI, United States",,https://efds.fa.em5.oraclecloud.com/hcmUI/CandidateExperience/en/sites/CX_1/job/66002,2026-06-30,2026-06-30,2026-07-07T05:59:38+00:00,2026-07-06 22:59 Mon,,false,,,,false,oracle:Ford:66002
Ford:66148,Ford,Director,United States,,https://efds.fa.em5.oraclecloud.com/hcmUI/CandidateExperience/en/sites/CX_1/job/66148,2026-08-25,2026-08-25,2026-08-25T15:41:43+00:00,2026-08-25 08:41 Tue,,false,,,,false,oracle:Ford:66148
Ford:67408,Ford,Director Marketing Ford Credit Bank,"Salt Lake City, UT, United States",,https://efds.fa.em5.oraclecloud.com/hcmUI/CandidateExperience/en/sites/CX_1/job/67408,2026-07-28,2026-07-28,2026-07-28T15:17:42+00:00,2026-07-28 08:17 Tue,,false,,,,false,oracle:Ford:67408
Ford:68586,Ford,Director of Cloud SRE,United States,,https://efds.fa.em5.oraclecloud.com/hcmUI/CandidateExperience/en/sites/CX_1/job/68586,2026-08-20,2026-08-20,2026-08-20T00:59:31+00:00,2026-08-19 17:59 Wed,,false,,,,false,oracle:Ford:68586
Ford:61779,Ford,Director of Engineering - Digital Products,"Dunton, Essex, United Kingdom",,https://efds.fa.em5.oraclecloud.com/hcmUI/CandidateExperience/en/sites/CX_1/job/61779,2026-07-07,2026-07-07,2026-07-07T13:43:37+00:00,2026-07-07 06:43 Tue,,false,,,,false,oracle:Ford:61779
Ford:67773,Ford,"Director of Engineering, Robotics","Redford, MI, United States",,https://efds.fa.em5.oraclecloud.com/hcmUI/CandidateExperience/en/sites/CX_1/job/67773,2026-09-02,2026-09-02,2026-08-20T19:41:53+00:00,2026-08-20 12:41 Thu,,false,,,,false,oracle:Ford:67773
Ford:69722,Ford,"Director of Product, Commercial Payment Experience",United States,,https://efds.fa.em5.oraclecloud.com/hcmUI/CandidateExperience/en/sites/CX_1/job/69722,2026-08-28,2026-08-28,2026-08-28T17:41:43+00:00,2026-08-28 10:41 Fri,,false,,,,false,oracle:Ford:69722
Ford:51494,Ford,Director – Vehicle Software Platform Architecture,United States,,https://efds.fa.em5.oraclecloud.com/hcmUI/CandidateExperience/en/sites/CX_1/job/51494,2026-08-31,2026-08-31,2026-07-21T18:17:29+00:00,2026-07-21 11:17 Tue,,false,,,,false,oracle:Ford:51494
Ford:69334,Ford,"Director, AI Program Management, OS, System & Data","Dearborn, MI, United States",,https://efds.fa.em5.oraclecloud.com/hcmUI/CandidateExperience/en/sites/CX_1/job/69334,2026-08-21,2026-08-21,2026-08-21T21:39:22+00:00,2026-08-21 14:39 Fri,,false,,,,false,oracle:Ford:69334
Ford:69745,Ford,"Director, AI Program Management, OS, System & Data","Dearborn, MI, United States",,https://efds.fa.em5.oraclecloud.com/hcmUI/CandidateExperience/en/sites/CX_1/job/69745,2026-08-27,2026-08-27,2026-08-27T21:17:41+00:00,2026-08-27 14:17 Thu,,false,,,,false,oracle:Ford:69745
Ford:69246,Ford,"Director, AI Strategy, Enablement & Workflow","Dearborn, MI, United States",,https://efds.fa.em5.oraclecloud.com/hcmUI/CandidateExperience/en/sites/CX_1/job/69246,2026-08-21,2026-08-21,2026-08-21T21:07:06+00:00,2026-08-21 14:07 Fri,,false,,,,false,oracle:Ford:69246
Ford:69743,Ford,"Director, AI Strategy, Enablement & Workflow","Dearborn, MI, United States",,https://efds.fa.em5.oraclecloud.com/hcmUI/CandidateExperience/en/sites/CX_1/job/69743,2026-08-27,2026-08-27,2026-08-27T20:59:51+00:00,2026-08-27 13:59 Thu,,false,,,,false,oracle:Ford:69743
Ford:66600,Ford,"Director, AI Transformation Architect","Dearborn, MI, United States",,https://efds.fa.em5.oraclecloud.com/hcmUI/CandidateExperience/en/sites/CX_1/job/66600,2026-07-07,2026-07-07,2026-07-08T05:54:15+00:00,2026-07-07 22:54 Tue,,false,,,,false,oracle:Ford:66600
Ford:66559,Ford,"Director, Consumer Marketing - Trucks","Dearborn, MI, United States",,https://efds.fa.em5.oraclecloud.com/hcmUI/CandidateExperience/en/sites/CX_1/job/66559,2026-07-17,2026-07-17,2026-07-17T21:17:32+00:00,2026-07-17 14:17 Fri,,false,,,,false,oracle:Ford:66559
Ford:61804,Ford,"Director, Core Runtime & Platform Engineering","Palo Alto, CA, United States",,https://efds.fa.em5.oraclecloud.com/hcmUI/CandidateExperience/en/sites/CX_1/job/61804,2026-08-31,2026-08-31,2026-08-31T14:17:42+00:00,2026-08-31 07:17 Mon,,false,,,,false,oracle:Ford:61804
Ford:51960,Ford,"Director, Corporate Strategy","Dearborn, MI, United States",,https://efds.fa.em5.oraclecloud.com/hcmUI/CandidateExperience/en/sites/CX_1/job/51960,2026-08-31,2026-08-31,2026-08-31T23:17:49+00:00,2026-08-31 16:17 Mon,,false,,,,false,oracle:Ford:51960
Ford:67465,Ford,"Director, Digital Service Platforms","Allen Park, MI, United States",,https://efds.fa.em5.oraclecloud.com/hcmUI/CandidateExperience/en/sites/CX_1/job/67465,2026-07-29,2026-07-29,2026-08-03T09:21:28+00:00,2026-08-03 02:21 Mon,,false,,,,false,oracle:Ford:67465
Ford:67365,Ford,"Director, Enterprise Architect – Enterprise API, AI Security & Governance, Engineering Excellence","Chennai, Tamil Nadu, India",,https://efds.fa.em5.oraclecloud.com/hcmUI/CandidateExperience/en/sites/CX_1/job/67365,2026-07-24,2026-07-24,2026-07-24T10:17:30+00:00,2026-07-24 03:17 Fri,,false,,,,false,oracle:Ford:67365
Ford:67609,Ford,"Director, FCSD Data Analytics and Business Intelligence","Allen Park, MI, United States",,https://efds.fa.em5.oraclecloud.com/hcmUI/CandidateExperience/en/sites/CX_1/job/67609,2026-07-28,2026-07-28,2026-07-28T13:59:24+00:00,2026-07-28 06:59 Tue,,false,,,,false,oracle:Ford:67609
Ford:59045,Ford,"Director, Finance Transformation","Dearborn, MI, United States",,https://efds.fa.em5.oraclecloud.com/hcmUI/CandidateExperience/en/sites/CX_1/job/59045,2026-08-31,2026-08-31,2026-07-22T16:41:31+00:00,2026-07-22 09:41 Wed,,false,,,,false,oracle:Ford:59045
Ford:65822,Ford,"Director, Global IT Audit","Dearborn, MI, United States",,https://efds.fa.em5.oraclecloud.com/hcmUI/CandidateExperience/en/sites/CX_1/job/65822,2026-07-09,2026-07-09,2026-07-09T14:36:18+00:00,2026-07-09 07:36 Thu,,false,,,,false,oracle:Ford:65822
Ford:63474,Ford,"Director, Human Resources Business Partner","Dearborn, MI, United States",,https://efds.fa.em5.oraclecloud.com/hcmUI/CandidateExperience/en/sites/CX_1/job/63474,2026-07-09,2026-07-09,2026-07-09T18:12:13+00:00,2026-07-09 11:12 Thu,,false,,,,false,oracle:Ford:63474
Ford:61599,Ford,"Director, IVI Systems & SW Product Engineering ","Dearborn, MI, United States",,https://efds.fa.em5.oraclecloud.com/hcmUI/CandidateExperience/en/sites/CX_1/job/61599,2026-08-31,2026-08-31,2026-07-16T15:24:04+00:00,2026-07-16 08:24 Thu,,false,,,,false,oracle:Ford:61599
Ford:68283,Ford,"Director, Labor and Manufacturing Communications","Dearborn, MI, United States",,https://efds.fa.em5.oraclecloud.com/hcmUI/CandidateExperience/en/sites/CX_1/job/68283,2026-08-07,2026-08-07,2026-08-07T00:35:02+00:00,2026-08-06 17:35 Thu,,false,,,,false,oracle:Ford:68283
Ford:59279,Ford,"Director, Learning and Development (Global Finance)","Dearborn, MI, United States",,https://efds.fa.em5.oraclecloud.com/hcmUI/CandidateExperience/en/sites/CX_1/job/59279,2026-08-31,2026-08-31,2026-08-31T14:42:08+00:00,2026-08-31 07:42 Mon,,false,,,,false,oracle:Ford:59279
Ford:67756,Ford,"Director, Material/Vehicle Logistics & Customs IT","Chennai, Tamil Nadu, India",,https://efds.fa.em5.oraclecloud.com/hcmUI/CandidateExperience/en/sites/CX_1/job/67756,2026-08-03,2026-08-03,2026-08-03T14:59:45+00:00,2026-08-03 07:59 Mon,,false,,,,false,oracle:Ford:67756
Ford:67360,Ford,"Director, Product Management","Dearborn, MI, United States",,https://efds.fa.em5.oraclecloud.com/hcmUI/CandidateExperience/en/sites/CX_1/job/67360,2026-07-28,2026-07-28,2026-08-03T09:21:28+00:00,2026-08-03 02:21 Mon,,false,,,,false,oracle:Ford:67360
Ford:65394,Ford,"Director, Strategy & Operations","Dearborn, MI, United States",,https://efds.fa.em5.oraclecloud.com/hcmUI/CandidateExperience/en/sites/CX_1/job/65394,2026-07-15,2026-07-15,2026-07-15T18:42:06+00:00,2026-07-15 11:42 Wed,,false,,,,false,oracle:Ford:65394
Ford:67347,Ford,"Director, Supply Chain - Exteriors","Dearborn, MI, United States",,https://efds.fa.em5.oraclecloud.com/hcmUI/CandidateExperience/en/sites/CX_1/job/67347,2026-07-31,2026-07-31,2026-07-31T15:41:36+00:00,2026-07-31 08:41 Fri,,false,,,,false,oracle:Ford:67347
Ford:56959,Ford,"Director, Supply Chain - Program Optimization & Expansion","Allen Park, MI, United States",,https://efds.fa.em5.oraclecloud.com/hcmUI/CandidateExperience/en/sites/CX_1/job/56959,2026-07-27,2026-07-27,2026-07-07T05:59:38+00:00,2026-07-06 22:59 Mon,,false,,,,false,oracle:Ford:56959
Ford:67953,Ford,"Director, Talent Acquisition","Long Beach, CA, United States",,https://efds.fa.em5.oraclecloud.com/hcmUI/CandidateExperience/en/sites/CX_1/job/67953,2026-07-31,2026-07-31,2026-08-03T09:21:28+00:00,2026-08-03 02:21 Mon,,false,,,,false,oracle:Ford:67953
Ford:66658,Ford,"Director, Talent Management Programs","Dearborn, MI, United States",,https://efds.fa.em5.oraclecloud.com/hcmUI/CandidateExperience/en/sites/CX_1/job/66658,2026-08-07,2026-08-07,2026-08-07T15:09:33+00:00,2026-08-07 08:09 Fri,,false,,,,false,oracle:Ford:66658
Ford:69329,Ford,"Director, Test Architecture","Dearborn, MI, United States",,https://efds.fa.em5.oraclecloud.com/hcmUI/CandidateExperience/en/sites/CX_1/job/69329,2026-09-01,2026-09-01,2026-09-01T19:59:30+00:00,2026-09-01 12:59 Tue,,false,,,,false,oracle:Ford:69329
Ford:67545,Ford,"Director, Vehicle Cloud and Mobility (VC&M) – Telemetry and Data Platform","Dearborn, MI, United States",,https://efds.fa.em5.oraclecloud.com/hcmUI/CandidateExperience/en/sites/CX_1/job/67545,2026-08-13,2026-08-13,2026-08-13T20:41:47+00:00,2026-08-13 13:41 Thu,,false,,,,false,oracle:Ford:67545
Ford:68295,Ford,DOM Finance Supervisor,"Dearborn, MI, United States",,https://efds.fa.em5.oraclecloud.com/hcmUI/CandidateExperience/en/sites/CX_1/job/68295,2026-08-13,2026-08-13,2026-08-13T16:11:40+00:00,2026-08-13 09:11 Thu,,false,,,,false,oracle:Ford:68295
Ford:68610,Ford,Driveline /EV Systems Engineer,"Livonia, MI, United States",,https://efds.fa.em5.oraclecloud.com/hcmUI/CandidateExperience/en/sites/CX_1/job/68610,2026-08-31,2026-08-31,2026-08-31T20:59:52+00:00,2026-08-31 13:59 Mon,Software Engineering,true,Keyword,46,keyword-only heuristic,false,oracle:Ford:68610
Ford:66308,Ford,Driveline Systems Engineer,"Livonia, MI, United States",,https://efds.fa.em5.oraclecloud.com/hcmUI/CandidateExperience/en/sites/CX_1/job/66308,2026-07-10,2026-07-10,2026-07-10T19:37:25+00:00,2026-07-10 12:37 Fri,,false,,,,false,oracle:Ford:66308
Ford:64636,Ford,Driver Assist Technology (DAT) Simulation Engineer,"Dearborn, MI, United States",,https://efds.fa.em5.oraclecloud.com/hcmUI/CandidateExperience/en/sites/CX_1/job/64636,2026-07-09,2026-07-09,2026-07-09T16:12:23+00:00,2026-07-09 09:12 Thu,,false,,,,false,oracle:Ford:64636
Ford:68741,Ford,DTO Supervisor Surface Development,"Long Beach, CA, United States",,https://efds.fa.em5.oraclecloud.com/hcmUI/CandidateExperience/en/sites/CX_1/job/68741,2026-08-24,2026-08-24,2026-08-24T19:17:44+00:00,2026-08-24 12:17 Mon,,false,,,,false,oracle:Ford:68741
Ford:66867,Ford,DVA Lead Engineer,"Chennai, Tamil Nadu, India",,https://efds.fa.em5.oraclecloud.com/hcmUI/CandidateExperience/en/sites/CX_1/job/66867,2026-08-12,2026-08-12,2026-08-12T12:17:41+00:00,2026-08-12 05:17 Wed,,false,,,,false,oracle:Ford:66867
Ford:66290,Ford,eCommerce Software Engineer,"Dearborn, MI, United States",,https://efds.fa.em5.oraclecloud.com/hcmUI/CandidateExperience/en/sites/CX_1/job/66290,2026-07-08,2026-07-08,2026-07-09T05:28:20+00:00,2026-07-08 22:28 Wed,Software Engineering,true,,62,"This is clearly a software engineering role focused on Java microservices and cloud-native eCommerce platforms, while the candidate has solid backend/API/Docker/Redis/MySQL experience but limited direct Java microservices, cloud architecture, and eCommerce domain evidence.",true,oracle:Ford:66290
Ford:68331,Ford,ED&T Analyst,"Chennai, Tamil Nadu, India",,https://efds.fa.em5.oraclecloud.com/hcmUI/CandidateExperience/en/sites/CX_1/job/68331,2026-08-10,2026-08-10,2026-08-10T06:17:27+00:00,2026-08-09 23:17 Sun,,false,,,,false,oracle:Ford:68331
Ford:69214,Ford,ED&T Auditor,"Naucalpan de Juarez, MEX, Mexico",,https://efds.fa.em5.oraclecloud.com/hcmUI/CandidateExperience/en/sites/CX_1/job/69214,2026-08-25,2026-08-25,2026-08-25T18:41:50+00:00,2026-08-25 11:41 Tue,,false,,,,false,oracle:Ford:69214
Ford:67204,Ford,eDrive Units Industrialization Supervisor,"Livonia, MI, United States",,https://efds.fa.em5.oraclecloud.com/hcmUI/CandidateExperience/en/sites/CX_1/job/67204,2026-07-20,2026-07-20,2026-07-20T15:59:43+00:00,2026-07-20 08:59 Mon,,false,,,,false,oracle:Ford:67204
Ford:65910,Ford,EDS Design and Release Engineer,"Naucalpan de Juarez, MEX, Mexico",,https://efds.fa.em5.oraclecloud.com/hcmUI/CandidateExperience/en/sites/CX_1/job/65910,2026-07-06,2026-07-06,2026-07-07T05:59:38+00:00,2026-07-06 22:59 Mon,,false,,,,false,oracle:Ford:65910
Ford:67691,Ford,EDS Design Engineer,"Long Beach, CA, United States",,https://efds.fa.em5.oraclecloud.com/hcmUI/CandidateExperience/en/sites/CX_1/job/67691,2026-07-31,2026-07-31,2026-08-03T09:21:28+00:00,2026-08-03 02:21 Mon,,false,,,,false,oracle:Ford:67691
Ford:67875,Ford,EDS Low Voltage Industrialization Engineer,"Naucalpan de Juarez, MEX, Mexico",,https://efds.fa.em5.oraclecloud.com/hcmUI/CandidateExperience/en/sites/CX_1/job/67875,2026-08-05,2026-08-05,2026-08-05T16:17:54+00:00,2026-08-05 09:17 Wed,,false,,,,false,oracle:Ford:67875
Ford:69606,Ford,EDS Systems Supervisor,"Dearborn, MI, United States",,https://efds.fa.em5.oraclecloud.com/hcmUI/CandidateExperience/en/sites/CX_1/job/69606,2026-09-01,2026-09-01,2026-09-02T05:20:28+00:00,2026-09-01 22:20 Tue,,false,,,,false,oracle:Ford:69606
Ford:68752,Ford,EESE Engineer,"Naucalpan de Juarez, MEX, Mexico",,https://efds.fa.em5.oraclecloud.com/hcmUI/CandidateExperience/en/sites/CX_1/job/68752,2026-08-20,2026-08-20,2026-08-20T15:59:40+00:00,2026-08-20 08:59 Thu,,false,,,,false,oracle:Ford:68752
Ford:63806,Ford,Ejecutivo de Cobranza Call Center (Collector) - Temporal,"Naucalpan de Juarez, MEX, Mexico",,https://efds.fa.em5.oraclecloud.com/hcmUI/CandidateExperience/en/sites/CX_1/job/63806,2026-07-07,2026-07-07,2026-07-08T02:45:08+00:00,2026-07-07 19:45 Tue,,false,,,,false,oracle:Ford:63806
Ford:66606,Ford,Electrical Architect,"Dearborn, MI, United States",,https://efds.fa.em5.oraclecloud.com/hcmUI/CandidateExperience/en/sites/CX_1/job/66606,2026-07-17,2026-07-17,2026-07-17T16:41:43+00:00,2026-07-17 09:41 Fri,,false,,,,false,oracle:Ford:66606
Ford:64847,Ford,Electrical Distribution System (EDS) Quality Engineer,"Dearborn, MI, United States",,https://efds.fa.em5.oraclecloud.com/hcmUI/CandidateExperience/en/sites/CX_1/job/64847,2026-07-28,2026-07-28,2026-07-13T20:59:16+00:00,2026-07-13 13:59 Mon,,false,,,,false,oracle:Ford:64847
Ford:67055,Ford,Electrical Engineer,"Dearborn, MI, United States",,https://efds.fa.em5.oraclecloud.com/hcmUI/CandidateExperience/en/sites/CX_1/job/67055,2026-08-12,2026-08-12,2026-08-12T16:42:00+00:00,2026-08-12 09:42 Wed,,false,,,,false,oracle:Ford:67055
Ford:66338,Ford,Electrical Engineer Sr,Argentina,,https://efds.fa.em5.oraclecloud.com/hcmUI/CandidateExperience/en/sites/CX_1/job/66338,2026-06-30,2026-06-30,2026-07-07T05:59:38+00:00,2026-07-06 22:59 Mon,,false,,,,false,oracle:Ford:66338
Ford:63230,Ford,Electrified Powertrain Controls Software Engineer,"Dearborn, MI, United States",,https://efds.fa.em5.oraclecloud.com/hcmUI/CandidateExperience/en/sites/CX_1/job/63230,2026-07-01,2026-07-01,2026-07-07T05:59:38+00:00,2026-07-06 22:59 Mon,Software Engineering,true,,58,"The role is clearly software engineering for electrified powertrain controls, but the candidate's strongest fit is general Python/C++/automation/ML software rather than automotive embedded controls or powertrain domain experience.",true,oracle:Ford:63230
Ford:69182,Ford,Electrified Propulsion Quality Engineer,"Naucalpan de Juarez, MEX, Mexico",,https://efds.fa.em5.oraclecloud.com/hcmUI/CandidateExperience/en/sites/CX_1/job/69182,2026-08-25,2026-08-25,2026-08-25T20:59:52+00:00,2026-08-25 13:59 Tue,,false,,,,false,oracle:Ford:69182
Ford:69178,Ford,Electrified Propulsion Warranty Cost Engineer,"Naucalpan de Juarez, MEX, Mexico",,https://efds.fa.em5.oraclecloud.com/hcmUI/CandidateExperience/en/sites/CX_1/job/69178,2026-08-25,2026-08-25,2026-08-25T20:59:52+00:00,2026-08-25 13:59 Tue,,false,,,,false,oracle:Ford:69178
Ford:69194,Ford,Electronics Hardware Engineer,"Long Beach, CA, United States",,https://efds.fa.em5.oraclecloud.com/hcmUI/CandidateExperience/en/sites/CX_1/job/69194,2026-08-24,2026-08-24,2026-08-24T21:41:45+00:00,2026-08-24 14:41 Mon,,false,,,,false,oracle:Ford:69194
Ford:61391,Ford,Electronics Supplier Quality Engineer EBB/EMB (Electric Brake Booster),"Naucalpan de Juarez, MEX, Mexico",,https://efds.fa.em5.oraclecloud.com/hcmUI/CandidateExperience/en/sites/CX_1/job/61391,2026-07-20,2026-07-20,2026-07-20T17:41:49+00:00,2026-07-20 10:41 Mon,,false,,,,false,oracle:Ford:61391
Ford:61168,Ford,"Embedded Controls Engineer, Body Controls","Palo Alto, CA, United States",,https://efds.fa.em5.oraclecloud.com/hcmUI/CandidateExperience/en/sites/CX_1/job/61168,2026-06-30,2026-06-30,2026-07-07T05:59:38+00:00,2026-07-06 22:59 Mon,Software Engineering,true,,48,"This is clearly an embedded controls software role, but the candidate's strongest experience is CV/ML and backend, with only partial fit from C++ optimization and some safety-adjacent medical algorithm work, and limited evidence of embedded drivers, actuators, motors, lighting, or automotive systems.",true,oracle:Ford:61168
Ford:67017,Ford,Embedded Controls Software Engineer,"Dearborn, MI, United States",,https://efds.fa.em5.oraclecloud.com/hcmUI/CandidateExperience/en/sites/CX_1/job/67017,2026-08-05,2026-08-05,2026-08-05T20:59:55+00:00,2026-08-05 13:59 Wed,Software Engineering,true,CLI,58,"Strong C++/Python software, computer vision, optimization, Linux, and systems experience support embedded development, but the resume shows limited direct embedded controls, real-time automotive, microcontroller, or control-systems experience.",true,oracle:Ford:67017
Ford:69460,Ford,"Embedded Software and Cybersecurity Engineer, Ford Energy","Dearborn, MI, United States",,https://efds.fa.em5.oraclecloud.com/hcmUI/CandidateExperience/en/sites/CX_1/job/69460,2026-08-20,2026-08-20,2026-08-20T21:42:14+00:00,2026-08-20 14:42 Thu,,false,,,,false,oracle:Ford:69460
Ford:68086,Ford,Embedded Software V&V Manager,"Palo Alto, CA, United States",,https://efds.fa.em5.oraclecloud.com/hcmUI/CandidateExperience/en/sites/CX_1/job/68086,2026-08-07,2026-08-07,2026-08-07T16:41:45+00:00,2026-08-07 09:41 Fri,Other Technical,true,Keyword,40,keyword-only heuristic,false,oracle:Ford:68086
Ford:66443,Ford,EMC Lab Specialist,"Dearborn, MI, United States",,https://efds.fa.em5.oraclecloud.com/hcmUI/CandidateExperience/en/sites/CX_1/job/66443,2026-08-04,2026-08-04,2026-08-04T17:59:42+00:00,2026-08-04 10:59 Tue,,false,,,,false,oracle:Ford:66443
Ford:63283,Ford,Emissions Calibration Engineer,"Dearborn, MI, United States",,https://efds.fa.em5.oraclecloud.com/hcmUI/CandidateExperience/en/sites/CX_1/job/63283,2026-06-29,2026-06-29,2026-07-07T05:59:38+00:00,2026-07-06 22:59 Mon,,false,,,,false,oracle:Ford:63283
Ford:67213,Ford,Emissions Calibration Engineer,"Dearborn, MI, United States",,https://efds.fa.em5.oraclecloud.com/hcmUI/CandidateExperience/en/sites/CX_1/job/67213,2026-09-01,2026-09-01,2026-07-24T15:48:11+00:00,2026-07-24 08:48 Fri,,false,,,,false,oracle:Ford:67213
Ford:66350,Ford,eMotor System Engineer,"Dearborn, MI, United States",,https://efds.fa.em5.oraclecloud.com/hcmUI/CandidateExperience/en/sites/CX_1/job/66350,2026-07-08,2026-07-08,2026-07-09T05:28:20+00:00,2026-07-08 22:28 Wed,,false,,,,false,oracle:Ford:66350
Ford:63194,Ford,End-to-End Test Engineer,United States,,https://efds.fa.em5.oraclecloud.com/hcmUI/CandidateExperience/en/sites/CX_1/job/63194,2026-07-29,2026-07-29,2026-07-29T17:17:36+00:00,2026-07-29 10:17 Wed,,false,,,,false,oracle:Ford:63194
Ford:67001,Ford,Engine - D&R Engineer,"Dearborn, MI, United States",,https://efds.fa.em5.oraclecloud.com/hcmUI/CandidateExperience/en/sites/CX_1/job/67001,2026-07-21,2026-07-21,2026-07-21T15:41:30+00:00,2026-07-21 08:41 Tue,,false,,,,false,oracle:Ford:67001
Ford:69323,Ford,Engine - D&R Engineer,"Dearborn, MI, United States",,https://efds.fa.em5.oraclecloud.com/hcmUI/CandidateExperience/en/sites/CX_1/job/69323,2026-08-21,2026-08-21,2026-08-21T13:41:54+00:00,2026-08-21 06:41 Fri,Other Technical,true,Keyword,43,keyword-only heuristic,false,oracle:Ford:69323
Ford:69326,Ford,Engine - D&R Engineer,"Dearborn, MI, United States",,https://efds.fa.em5.oraclecloud.com/hcmUI/CandidateExperience/en/sites/CX_1/job/69326,2026-09-02,2026-09-02,2026-09-02T18:45:15+00:00,2026-09-02 11:45 Wed,,false,,,,false,oracle:Ford:69326
Ford:66543,Ford,Engine Calibration Engineer,"Allen Park, MI, United States",,https://efds.fa.em5.oraclecloud.com/hcmUI/CandidateExperience/en/sites/CX_1/job/66543,2026-07-06,2026-07-06,2026-07-07T05:59:38+00:00,2026-07-06 22:59 Mon,,false,,,,false,oracle:Ford:66543
Ford:67026,Ford,Engine Controls Software Engineer,"Dearborn, MI, United States",,https://efds.fa.em5.oraclecloud.com/hcmUI/CandidateExperience/en/sites/CX_1/job/67026,2026-09-01,2026-09-01,2026-07-31T13:17:20+00:00,2026-07-31 06:17 Fri,Software Engineering,true,Keyword,43,keyword-only heuristic,false,oracle:Ford:67026
Ford:58637,Ford,Engine Manager,"Dearborn, MI, United States",,https://efds.fa.em5.oraclecloud.com/hcmUI/CandidateExperience/en/sites/CX_1/job/58637,2026-08-31,2026-08-31,2026-07-08T14:36:08+00:00,2026-07-08 07:36 Wed,,false,,,,false,oracle:Ford:58637
Ford:66598,Ford,Engine Performance Development Engineer,"Dearborn, MI, United States",,https://efds.fa.em5.oraclecloud.com/hcmUI/CandidateExperience/en/sites/CX_1/job/66598,2026-07-21,2026-07-21,2026-07-21T22:36:04+00:00,2026-07-21 15:36 Tue,,false,,,,false,oracle:Ford:66598
Ford:62793,Ford,Engine Test Analyst,"Windsor, ON, Canada",,https://efds.fa.em5.oraclecloud.com/hcmUI/CandidateExperience/en/sites/CX_1/job/62793,2026-07-02,2026-07-02,2026-07-07T05:59:38+00:00,2026-07-06 22:59 Mon,,false,,,,false,oracle:Ford:62793
Ford:66056,Ford,Engine Test Engineer,"Windsor, ON, Canada",,https://efds.fa.em5.oraclecloud.com/hcmUI/CandidateExperience/en/sites/CX_1/job/66056,2026-07-03,2026-07-03,2026-07-07T05:59:38+00:00,2026-07-06 22:59 Mon,,false,,,,false,oracle:Ford:66056
Ford:68702,Ford,Engineer,"Chennai, Tamil Nadu, India",,https://efds.fa.em5.oraclecloud.com/hcmUI/CandidateExperience/en/sites/CX_1/job/68702,2026-09-02,2026-09-02,2026-09-02T15:15:02+00:00,2026-09-02 08:15 Wed,,false,,,,false,oracle:Ford:68702
Ford:68711,Ford,Engineer,"Chennai, Tamil Nadu, India",,https://efds.fa.em5.oraclecloud.com/hcmUI/CandidateExperience/en/sites/CX_1/job/68711,2026-09-03,2026-09-03,2026-09-03T19:37:21+00:00,2026-09-03 12:37 Thu,,false,,,,false,oracle:Ford:68711
Ford:68713,Ford,Engineer,"Chennai, Tamil Nadu, India",,https://efds.fa.em5.oraclecloud.com/hcmUI/CandidateExperience/en/sites/CX_1/job/68713,2026-09-03,2026-09-03,2026-09-03T19:37:21+00:00,2026-09-03 12:37 Thu,,false,,,,false,oracle:Ford:68713
Ford:68697,Ford,Engineer - ED & BOM,"Chennai, Tamil Nadu, India",,https://efds.fa.em5.oraclecloud.com/hcmUI/CandidateExperience/en/sites/CX_1/job/68697,2026-09-02,2026-09-02,2026-09-02T15:15:02+00:00,2026-09-02 08:15 Wed,,false,,,,false,oracle:Ford:68697
Ford:68700,Ford,Engineer - ED & BOM,"Chennai, Tamil Nadu, India",,https://efds.fa.em5.oraclecloud.com/hcmUI/CandidateExperience/en/sites/CX_1/job/68700,2026-09-02,2026-09-02,2026-09-02T15:15:02+00:00,2026-09-02 08:15 Wed,,false,,,,false,oracle:Ford:68700
Ford:68704,Ford,Engineer - ED & BOM,"Chennai, Tamil Nadu, India",,https://efds.fa.em5.oraclecloud.com/hcmUI/CandidateExperience/en/sites/CX_1/job/68704,2026-09-02,2026-09-02,2026-09-02T15:15:02+00:00,2026-09-02 08:15 Wed,,false,,,,false,oracle:Ford:68704
Ford:68703,Ford,Engineer - ED & BOM,"Chennai, Tamil Nadu, India",,https://efds.fa.em5.oraclecloud.com/hcmUI/CandidateExperience/en/sites/CX_1/job/68703,2026-09-03,2026-09-03,2026-09-03T19:37:21+00:00,2026-09-03 12:37 Thu,,false,,,,false,oracle:Ford:68703
Ford:69679,Ford,Engineer - Surge Power Unit Industrialization,"Naucalpan de Juarez, MEX, Mexico",,https://efds.fa.em5.oraclecloud.com/hcmUI/CandidateExperience/en/sites/CX_1/job/69679,2026-09-04,2026-09-04,2026-09-04T17:48:23+00:00,2026-09-04 10:48 Fri,,false,,,,false,oracle:Ford:69679
Ford:69676,Ford,Engineer - Surge Power Unit Systems,"Naucalpan de Juarez, MEX, Mexico",,https://efds.fa.em5.oraclecloud.com/hcmUI/CandidateExperience/en/sites/CX_1/job/69676,2026-09-04,2026-09-04,2026-09-04T17:48:23+00:00,2026-09-04 10:48 Fri,,false,,,,false,oracle:Ford:69676
Ford:69678,Ford,Engineer - Suspension D&R,"Naucalpan de Juarez, MEX, Mexico",,https://efds.fa.em5.oraclecloud.com/hcmUI/CandidateExperience/en/sites/CX_1/job/69678,2026-08-31,2026-08-31,2026-08-31T18:42:14+00:00,2026-08-31 11:42 Mon,,false,,,,false,oracle:Ford:69678
Ford:67424,Ford,Engineer - Suspension Structural Design,"Naucalpan de Juarez, MEX, Mexico",,https://efds.fa.em5.oraclecloud.com/hcmUI/CandidateExperience/en/sites/CX_1/job/67424,2026-08-05,2026-08-05,2026-08-05T17:59:55+00:00,2026-08-05 10:59 Wed,,false,,,,false,oracle:Ford:67424
Ford:68709,Ford,Engineer ED & BOM,"Chennai, Tamil Nadu, India",,https://efds.fa.em5.oraclecloud.com/hcmUI/CandidateExperience/en/sites/CX_1/job/68709,2026-09-03,2026-09-03,2026-09-03T19:37:21+00:00,2026-09-03 12:37 Thu,,false,,,,false,oracle:Ford:68709
Ford:68907,Ford,Engineer ED&BOM,"Chennai, Tamil Nadu, India",,https://efds.fa.em5.oraclecloud.com/hcmUI/CandidateExperience/en/sites/CX_1/job/68907,2026-09-03,2026-09-03,2026-09-03T19:37:21+00:00,2026-09-03 12:37 Thu,,false,,,,false,oracle:Ford:68907
Ford:68908,Ford,Engineer ED&BOM,"Chennai, Tamil Nadu, India",,https://efds.fa.em5.oraclecloud.com/hcmUI/CandidateExperience/en/sites/CX_1/job/68908,2026-09-03,2026-09-03,2026-09-03T19:37:21+00:00,2026-09-03 12:37 Thu,,false,,,,false,oracle:Ford:68908
Ford:68909,Ford,Engineer ED&BOM,"Chennai, Tamil Nadu, India",,https://efds.fa.em5.oraclecloud.com/hcmUI/CandidateExperience/en/sites/CX_1/job/68909,2026-09-03,2026-09-03,2026-09-03T19:37:21+00:00,2026-09-03 12:37 Thu,,false,,,,false,oracle:Ford:68909
Ford:68923,Ford,Engineer ED&BOM,"Chennai, Tamil Nadu, India",,https://efds.fa.em5.oraclecloud.com/hcmUI/CandidateExperience/en/sites/CX_1/job/68923,2026-09-03,2026-09-03,2026-09-03T19:37:21+00:00,2026-09-03 12:37 Thu,,false,,,,false,oracle:Ford:68923
Ford:65158,Ford,Engineer Software Product Security,"Chennai, Tamil Nadu, India",,https://efds.fa.em5.oraclecloud.com/hcmUI/CandidateExperience/en/sites/CX_1/job/65158,2026-07-17,2026-07-17,2026-07-17T09:41:36+00:00,2026-07-17 02:41 Fri,,false,,,,false,oracle:Ford:65158
Ford:65238,Ford,Engineer Software Product Security,"Chennai, Tamil Nadu, India",,https://efds.fa.em5.oraclecloud.com/hcmUI/CandidateExperience/en/sites/CX_1/job/65238,2026-07-21,2026-07-21,2026-07-21T08:41:21+00:00,2026-07-21 01:41 Tue,,false,,,,false,oracle:Ford:65238
Ford:65294,Ford,Engineer Software Product Security,"Chennai, Tamil Nadu, India",,https://efds.fa.em5.oraclecloud.com/hcmUI/CandidateExperience/en/sites/CX_1/job/65294,2026-08-05,2026-08-05,2026-08-05T11:41:59+00:00,2026-08-05 04:41 Wed,,false,,,,false,oracle:Ford:65294
Ford:65244,Ford,Engineer Software Product Security,"Chennai, Tamil Nadu, India",,https://efds.fa.em5.oraclecloud.com/hcmUI/CandidateExperience/en/sites/CX_1/job/65244,2026-08-05,2026-08-05,2026-08-05T11:59:39+00:00,2026-08-05 04:59 Wed,,false,,,,false,oracle:Ford:65244
Ford:68461,Ford,Engineer Software Product Security,"Chennai, Tamil Nadu, India",,https://efds.fa.em5.oraclecloud.com/hcmUI/CandidateExperience/en/sites/CX_1/job/68461,2026-08-10,2026-08-10,2026-08-10T07:17:17+00:00,2026-08-10 00:17 Mon,,false,,,,false,oracle:Ford:68461
Ford:66230,Ford,Engineer – Automotive Design (CAD),"Chennai, Tamil Nadu, India",,https://efds.fa.em5.oraclecloud.com/hcmUI/CandidateExperience/en/sites/CX_1/job/66230,2026-07-13,2026-07-13,2026-07-13T18:10:35+00:00,2026-07-13 11:10 Mon,,false,,,,false,oracle:Ford:66230
Ford:66235,Ford,Engineer – Automotive Design (CAD),"Chennai, Tamil Nadu, India",,https://efds.fa.em5.oraclecloud.com/hcmUI/CandidateExperience/en/sites/CX_1/job/66235,2026-07-15,2026-07-15,2026-07-15T12:59:12+00:00,2026-07-15 05:59 Wed,,false,,,,false,oracle:Ford:66235
Ford:66304,Ford,"Engineer, Occupational Safety","Dearborn, MI, United States",,https://efds.fa.em5.oraclecloud.com/hcmUI/CandidateExperience/en/sites/CX_1/job/66304,2026-07-10,2026-07-10,2026-07-10T20:54:58+00:00,2026-07-10 13:54 Fri,,false,,,,false,oracle:Ford:66304
Ford:67427,Ford,Engineer- Transmission Systems Architecture,"Naucalpan de Juarez, MEX, Mexico",,https://efds.fa.em5.oraclecloud.com/hcmUI/CandidateExperience/en/sites/CX_1/job/67427,2026-08-05,2026-08-05,2026-08-05T20:41:46+00:00,2026-08-05 13:41 Wed,,false,,,,false,oracle:Ford:67427
Ford:69824,Ford,Engineer- Transmission/Power Unit Core,"Naucalpan de Juarez, MEX, Mexico",,https://efds.fa.em5.oraclecloud.com/hcmUI/CandidateExperience/en/sites/CX_1/job/69824,2026-09-04,2026-09-04,2026-09-04T17:48:23+00:00,2026-09-04 10:48 Fri,,false,,,,false,oracle:Ford:69824
Ford:65082,Ford,Engineering Designer,"Naucalpan de Juarez, MEX, Mexico",,https://efds.fa.em5.oraclecloud.com/hcmUI/CandidateExperience/en/sites/CX_1/job/65082,2026-07-08,2026-07-08,2026-07-08T16:36:15+00:00,2026-07-08 09:36 Wed,,false,,,,false,oracle:Ford:65082
Ford:65079,Ford,Engineering Designer,"Naucalpan de Juarez, MEX, Mexico",,https://efds.fa.em5.oraclecloud.com/hcmUI/CandidateExperience/en/sites/CX_1/job/65079,2026-07-08,2026-07-08,2026-07-08T16:54:07+00:00,2026-07-08 09:54 Wed,,false,,,,false,oracle:Ford:65079
Ford:69598,Ford,Engineering Learning and Development Supervisor,"Dearborn, MI, United States",,https://efds.fa.em5.oraclecloud.com/hcmUI/CandidateExperience/en/sites/CX_1/job/69598,2026-09-01,2026-09-01,2026-09-01T20:42:01+00:00,2026-09-01 13:42 Tue,,false,,,,false,oracle:Ford:69598
Ford:69505,Ford,Engineering Manager,United States,,https://efds.fa.em5.oraclecloud.com/hcmUI/CandidateExperience/en/sites/CX_1/job/69505,2026-08-25,2026-08-25,2026-08-25T18:00:11+00:00,2026-08-25 11:00 Tue,,false,,,,false,oracle:Ford:69505
Ford:65869,Ford,Engineering Manager – Vehicle Care Platforms,India,,https://efds.fa.em5.oraclecloud.com/hcmUI/CandidateExperience/en/sites/CX_1/job/65869,2026-09-02,2026-09-02,2026-08-14T07:59:12+00:00,2026-08-14 00:59 Fri,,false,,,,false,oracle:Ford:65869
Ford:62067,Ford,Engineering Product Manager,"Dearborn, MI, United States",,https://efds.fa.em5.oraclecloud.com/hcmUI/CandidateExperience/en/sites/CX_1/job/62067,2026-07-08,2026-07-08,2026-07-08T13:36:18+00:00,2026-07-08 06:36 Wed,,false,,,,false,oracle:Ford:62067
Ford:62033,Ford,Engineering Program Manager,"Dearborn, MI, United States",,https://efds.fa.em5.oraclecloud.com/hcmUI/CandidateExperience/en/sites/CX_1/job/62033,2026-07-06,2026-07-06,2026-07-07T05:59:38+00:00,2026-07-06 22:59 Mon,,false,,,,false,oracle:Ford:62033
Ford:67499,Ford,Engineering Program Manager,"Dearborn, MI, United States",,https://efds.fa.em5.oraclecloud.com/hcmUI/CandidateExperience/en/sites/CX_1/job/67499,2026-08-06,2026-08-06,2026-08-06T19:26:51+00:00,2026-08-06 12:26 Thu,,false,,,,false,oracle:Ford:67499
Ford:63807,Ford,"Engineering Project Manager, Strategic Initiatives",United States,,https://efds.fa.em5.oraclecloud.com/hcmUI/CandidateExperience/en/sites/CX_1/job/63807,2026-08-16,2026-08-16,2026-08-16T01:58:29+00:00,2026-08-15 18:58 Sat,,false,,,,false,oracle:Ford:63807
Ford:64494,Ford,Engineering Services Buyer,"Dearborn, MI, United States",,https://efds.fa.em5.oraclecloud.com/hcmUI/CandidateExperience/en/sites/CX_1/job/64494,2026-07-23,2026-07-23,2026-07-23T15:59:39+00:00,2026-07-23 08:59 Thu,,false,,,,false,oracle:Ford:64494
Ford:68290,Ford,Engineering Specialist -  Electrical & Test,"Wayne, MI, United States",,https://efds.fa.em5.oraclecloud.com/hcmUI/CandidateExperience/en/sites/CX_1/job/68290,2026-09-02,2026-09-02,2026-09-02T05:20:28+00:00,2026-09-01 22:20 Tue,,false,,,,false,oracle:Ford:68290
Ford:69780,Ford,Engineering Specialist - Body - Dimensional,"Wayne, MI, United States",,https://efds.fa.em5.oraclecloud.com/hcmUI/CandidateExperience/en/sites/CX_1/job/69780,2026-09-03,2026-09-03,2026-09-04T02:37:27+00:00,2026-09-03 19:37 Thu,,false,,,,false,oracle:Ford:69780
Ford:66616,Ford,Engineering Specialist - Quality/Process,"Kansas City, MO, United States",,https://efds.fa.em5.oraclecloud.com/hcmUI/CandidateExperience/en/sites/CX_1/job/66616,2026-07-09,2026-07-09,2026-07-09T12:54:37+00:00,2026-07-09 05:54 Thu,,false,,,,false,oracle:Ford:66616
Ford:66611,Ford,Engineering Specialist - Quality/Process,"Kansas City, MO, United States",,https://efds.fa.em5.oraclecloud.com/hcmUI/CandidateExperience/en/sites/CX_1/job/66611,2026-07-28,2026-07-28,2026-07-28T17:41:30+00:00,2026-07-28 10:41 Tue,,false,,,,false,oracle:Ford:66611
Ford:65790,Ford,Engineering Specialist – Process,"Windsor, ON, Canada",,https://efds.fa.em5.oraclecloud.com/hcmUI/CandidateExperience/en/sites/CX_1/job/65790,2026-07-03,2026-07-03,2026-07-07T05:59:38+00:00,2026-07-06 22:59 Mon,,false,,,,false,oracle:Ford:65790
Ford:64897,Ford,"Engineering Specialist, Automation","Louisville, KY, United States",,https://efds.fa.em5.oraclecloud.com/hcmUI/CandidateExperience/en/sites/CX_1/job/64897,2026-07-13,2026-07-13,2026-07-13T15:59:13+00:00,2026-07-13 08:59 Mon,,false,,,,false,oracle:Ford:64897
Ford:69717,Ford,"Engineering Specialist, Automation","Kansas City, MO, United States",,https://efds.fa.em5.oraclecloud.com/hcmUI/CandidateExperience/en/sites/CX_1/job/69717,2026-08-28,2026-08-28,2026-08-28T20:42:08+00:00,2026-08-28 13:42 Fri,,false,,,,false,oracle:Ford:69717
Ford:65337,Ford,"Engineering Specialist, Controls","Louisville, KY, United States",,https://efds.fa.em5.oraclecloud.com/hcmUI/CandidateExperience/en/sites/CX_1/job/65337,2026-07-16,2026-07-16,2026-07-16T14:42:01+00:00,2026-07-16 07:42 Thu,,false,,,,false,oracle:Ford:65337
Ford:67195,Ford,"Engineering Specialist, Controls (Afternoon Shift 3pm-11pm)","Cincinnati, OH, United States",,https://efds.fa.em5.oraclecloud.com/hcmUI/CandidateExperience/en/sites/CX_1/job/67195,2026-08-10,2026-08-10,2026-08-10T14:41:58+00:00,2026-08-10 07:41 Mon,,false,,,,false,oracle:Ford:67195
Ford:69673,Ford,"Engineering Specialist, Industrial - Final Assembly","Wayne, MI, United States",,https://efds.fa.em5.oraclecloud.com/hcmUI/CandidateExperience/en/sites/CX_1/job/69673,2026-09-03,2026-09-03,2026-09-04T02:37:27+00:00,2026-09-03 19:37 Thu,,false,,,,false,oracle:Ford:69673
Ford:65715,Ford,"Engineering Specialist, Process","Wayne, MI, United States",,https://efds.fa.em5.oraclecloud.com/hcmUI/CandidateExperience/en/sites/CX_1/job/65715,2026-07-14,2026-07-14,2026-07-14T22:59:04+00:00,2026-07-14 15:59 Tue,,false,,,,false,oracle:Ford:65715
Ford:67254,Ford,"Engineering Specialist, Process","Livonia, MI, United States",,https://efds.fa.em5.oraclecloud.com/hcmUI/CandidateExperience/en/sites/CX_1/job/67254,2026-09-04,2026-09-04,2026-08-14T15:41:37+00:00,2026-08-14 08:41 Fri,,false,,,,false,oracle:Ford:67254
Ford:64131,Ford,"Engineering Specialist, Process - Final Assembly","Wayne, MI, United States",,https://efds.fa.em5.oraclecloud.com/hcmUI/CandidateExperience/en/sites/CX_1/job/64131,2026-07-15,2026-07-15,2026-07-15T19:41:33+00:00,2026-07-15 12:41 Wed,,false,,,,false,oracle:Ford:64131
Ford:65927,Ford,Engineering Specialist- Process,"Livonia, MI, United States",,https://efds.fa.em5.oraclecloud.com/hcmUI/CandidateExperience/en/sites/CX_1/job/65927,2026-07-06,2026-07-06,2026-07-07T05:59:38+00:00,2026-07-06 22:59 Mon,,false,,,,false,oracle:Ford:65927
Ford:67842,Ford,Engineering Specialist-Controls,"Dearborn, MI, United States",,https://efds.fa.em5.oraclecloud.com/hcmUI/CandidateExperience/en/sites/CX_1/job/67842,2026-08-11,2026-08-11,2026-08-11T14:17:51+00:00,2026-08-11 07:17 Tue,,false,,,,false,oracle:Ford:67842
Ford:66717,Ford,Engineering Specialist-Dimension Controls,"Chicago, IL, United States",,https://efds.fa.em5.oraclecloud.com/hcmUI/CandidateExperience/en/sites/CX_1/job/66717,2026-07-29,2026-07-29,2026-08-03T09:21:28+00:00,2026-08-03 02:21 Mon,,false,,,,false,oracle:Ford:66717
Ford:68131,Ford,Engineering Specialist-NVH Test,"Sterling Heights, MI, United States",,https://efds.fa.em5.oraclecloud.com/hcmUI/CandidateExperience/en/sites/CX_1/job/68131,2026-08-10,2026-08-10,2026-08-10T16:17:29+00:00,2026-08-10 09:17 Mon,,false,,,,false,oracle:Ford:68131
Ford:66128,Ford,Engineering Specialist-Process,"Brook Park, OH, United States",,https://efds.fa.em5.oraclecloud.com/hcmUI/CandidateExperience/en/sites/CX_1/job/66128,2026-07-03,2026-07-03,2026-07-07T05:59:38+00:00,2026-07-06 22:59 Mon,,false,,,,false,oracle:Ford:66128
Ford:67530,Ford,Engineering Specialist-Process,"Sterling Heights, MI, United States",,https://efds.fa.em5.oraclecloud.com/hcmUI/CandidateExperience/en/sites/CX_1/job/67530,2026-07-30,2026-07-30,2026-08-03T09:21:28+00:00,2026-08-03 02:21 Mon,,false,,,,false,oracle:Ford:67530
Ford:66811,Ford,Engineering Specialist-Tool & Die,"Chicago Heights, IL, United States",,https://efds.fa.em5.oraclecloud.com/hcmUI/CandidateExperience/en/sites/CX_1/job/66811,2026-07-31,2026-07-31,2026-07-31T21:41:10+00:00,2026-07-31 14:41 Fri,,false,,,,false,oracle:Ford:66811
Ford:69463,Ford,Engineering Supervisor-Body Manufacturing Quality Leader (VLS),"Dearborn, MI, United States",,https://efds.fa.em5.oraclecloud.com/hcmUI/CandidateExperience/en/sites/CX_1/job/69463,2026-08-27,2026-08-27,2026-08-27T17:41:59+00:00,2026-08-27 10:41 Thu,,false,,,,false,oracle:Ford:69463
Ford:67151,Ford,"English-speaking HR Associate, HR Shared Service","Budapest, Kozep-Magyarorszag, Hungary",,https://efds.fa.em5.oraclecloud.com/hcmUI/CandidateExperience/en/sites/CX_1/job/67151,2026-07-16,2026-07-16,2026-07-16T09:59:15+00:00,2026-07-16 02:59 Thu,,false,,,,false,oracle:Ford:67151
Ford:66588,Ford,"English-speaking HR Specialist, HR Shared Service","Budapest, Kozep-Magyarorszag, Hungary",,https://efds.fa.em5.oraclecloud.com/hcmUI/CandidateExperience/en/sites/CX_1/job/66588,2026-07-07,2026-07-07,2026-07-07T13:43:37+00:00,2026-07-07 06:43 Tue,,false,,,,false,oracle:Ford:66588
Ford:65656,Ford,Enterprise Business Transformation Leader,"Dearborn, MI, United States",,https://efds.fa.em5.oraclecloud.com/hcmUI/CandidateExperience/en/sites/CX_1/job/65656,2026-07-29,2026-07-29,2026-07-07T05:59:38+00:00,2026-07-06 22:59 Mon,,false,,,,false,oracle:Ford:65656
Ford:65560,Ford,Enterprise Data Platform Product Manager,"Chennai, Tamil Nadu, India",,https://efds.fa.em5.oraclecloud.com/hcmUI/CandidateExperience/en/sites/CX_1/job/65560,2026-07-10,2026-07-10,2026-07-10T12:12:03+00:00,2026-07-10 05:12 Fri,,false,,,,false,oracle:Ford:65560
Ford:63054,Ford,"Enterprise Finance Analyst, BlueOval Battery Park Michigan","Marshall, MI, United States",,https://efds.fa.em5.oraclecloud.com/hcmUI/CandidateExperience/en/sites/CX_1/job/63054,2026-08-28,2026-08-28,2026-08-28T15:18:07+00:00,2026-08-28 08:18 Fri,,false,,,,false,oracle:Ford:63054
Ford:64678,Ford,"Enterprise Solution Sales Manager, Ford Pro Software","Dunton, Essex, United Kingdom",,https://efds.fa.em5.oraclecloud.com/hcmUI/CandidateExperience/en/sites/CX_1/job/64678,2026-08-31,2026-08-31,2026-08-18T11:40:24+00:00,2026-08-18 04:40 Tue,,false,,,,false,oracle:Ford:64678
Ford:66185,Ford,Environmental and Regulatory Law Manager,"Naucalpan de Juarez, MEX, Mexico",,https://efds.fa.em5.oraclecloud.com/hcmUI/CandidateExperience/en/sites/CX_1/job/66185,2026-07-01,2026-07-01,2026-07-07T05:59:38+00:00,2026-07-06 22:59 Mon,,false,,,,false,oracle:Ford:66185
Ford:68949,Ford,EPLM Finance Leader,"Dearborn, MI, United States",,https://efds.fa.em5.oraclecloud.com/hcmUI/CandidateExperience/en/sites/CX_1/job/68949,2026-08-24,2026-08-24,2026-08-24T14:59:20+00:00,2026-08-24 07:59 Mon,,false,,,,false,oracle:Ford:68949
Ford:65796,Ford,ERP Release Manager,"Dearborn, MI, United States",,https://efds.fa.em5.oraclecloud.com/hcmUI/CandidateExperience/en/sites/CX_1/job/65796,2026-07-21,2026-07-21,2026-07-21T19:59:32+00:00,2026-07-21 12:59 Tue,,false,,,,false,oracle:Ford:65796
Ford:67568,Ford,ESB Product Administrator,"Szentendre, Kozep-Magyarorszag, Hungary",,https://efds.fa.em5.oraclecloud.com/hcmUI/CandidateExperience/en/sites/CX_1/job/67568,2026-07-28,2026-07-28,2026-07-28T10:17:23+00:00,2026-07-28 03:17 Tue,,false,,,,false,oracle:Ford:67568
Ford:67485,Ford,EV Vehicle Integration Specialist,"Long Beach, CA, United States",,https://efds.fa.em5.oraclecloud.com/hcmUI/CandidateExperience/en/sites/CX_1/job/67485,2026-07-28,2026-07-28,2026-07-28T14:59:45+00:00,2026-07-28 07:59 Tue,,false,,,,false,oracle:Ford:67485
Ford:60111,Ford,Executive Assistant,"Dearborn, MI, United States",,https://efds.fa.em5.oraclecloud.com/hcmUI/CandidateExperience/en/sites/CX_1/job/60111,2026-06-30,2026-06-30,2026-07-07T05:59:38+00:00,2026-07-06 22:59 Mon,,false,,,,false,oracle:Ford:60111
Ford:65951,Ford,Executive Assistant,Australia,,https://efds.fa.em5.oraclecloud.com/hcmUI/CandidateExperience/en/sites/CX_1/job/65951,2026-07-07,2026-07-07,2026-07-07T13:43:37+00:00,2026-07-07 06:43 Tue,,false,,,,false,oracle:Ford:65951
Ford:68221,Ford,Executive Assistant,"Dearborn, MI, United States",,https://efds.fa.em5.oraclecloud.com/hcmUI/CandidateExperience/en/sites/CX_1/job/68221,2026-08-17,2026-08-17,2026-08-18T00:17:53+00:00,2026-08-17 17:17 Mon,,false,,,,false,oracle:Ford:68221
Ford:68512,Ford,Executive Assistant,"Dearborn, MI, United States",,https://efds.fa.em5.oraclecloud.com/hcmUI/CandidateExperience/en/sites/CX_1/job/68512,2026-08-19,2026-08-19,2026-08-19T18:42:08+00:00,2026-08-19 11:42 Wed,,false,,,,false,oracle:Ford:68512
Ford:66640,Ford,"Executive Assistant, Ford Pro","Dearborn, MI, United States",,https://efds.fa.em5.oraclecloud.com/hcmUI/CandidateExperience/en/sites/CX_1/job/66640,2026-07-22,2026-07-22,2026-07-22T12:17:10+00:00,2026-07-22 05:17 Wed,,false,,,,false,oracle:Ford:66640
Ford:69727,Ford,Executive Coordinator,"Detroit, MI, United States",,https://efds.fa.em5.oraclecloud.com/hcmUI/CandidateExperience/en/sites/CX_1/job/69727,2026-08-31,2026-08-31,2026-08-31T13:59:35+00:00,2026-08-31 06:59 Mon,,false,,,,false,oracle:Ford:69727
Ford:69675,Ford,Executive Operations Specialist,"Dunton, Essex, United Kingdom",,https://efds.fa.em5.oraclecloud.com/hcmUI/CandidateExperience/en/sites/CX_1/job/69675,2026-09-02,2026-09-02,2026-09-02T15:15:02+00:00,2026-09-02 08:15 Wed,,false,,,,false,oracle:Ford:69675
Ford:67460,Ford,Exterior or Interior Designer,"Dearborn, MI, United States",,https://efds.fa.em5.oraclecloud.com/hcmUI/CandidateExperience/en/sites/CX_1/job/67460,2026-08-13,2026-08-13,2026-08-13T22:41:58+00:00,2026-08-13 15:41 Thu,,false,,,,false,oracle:Ford:67460
Ford:67761,Ford,Exterior Structural Castings Engineer,"Dearborn, MI, United States",,https://efds.fa.em5.oraclecloud.com/hcmUI/CandidateExperience/en/sites/CX_1/job/67761,2026-08-14,2026-08-14,2026-08-14T16:00:10+00:00,2026-08-14 09:00 Fri,,false,,,,false,oracle:Ford:67761
Ford:67774,Ford,Exterior Structures CAE Engineer,"Dearborn, MI, United States",,https://efds.fa.em5.oraclecloud.com/hcmUI/CandidateExperience/en/sites/CX_1/job/67774,2026-08-10,2026-08-10,2026-08-10T15:15:57+00:00,2026-08-10 08:15 Mon,,false,,,,false,oracle:Ford:67774
Ford:66303,Ford,Facilities Engineer,"Dearborn, MI, United States",,https://efds.fa.em5.oraclecloud.com/hcmUI/CandidateExperience/en/sites/CX_1/job/66303,2026-06-30,2026-06-30,2026-07-07T05:59:38+00:00,2026-07-06 22:59 Mon,,false,,,,false,oracle:Ford:66303
Ford:68100,Ford,Facilities Maintenance Supervisor,"Dearborn, MI, United States",,https://efds.fa.em5.oraclecloud.com/hcmUI/CandidateExperience/en/sites/CX_1/job/68100,2026-08-11,2026-08-11,2026-08-11T18:35:00+00:00,2026-08-11 11:35 Tue,,false,,,,false,oracle:Ford:68100
Ford:67512,Ford,Facilities Site Leader,"Dearborn, MI, United States",,https://efds.fa.em5.oraclecloud.com/hcmUI/CandidateExperience/en/sites/CX_1/job/67512,2026-07-27,2026-07-27,2026-08-03T09:21:28+00:00,2026-08-03 02:21 Mon,,false,,,,false,oracle:Ford:67512
Ford:66175,Ford,Facility Engineer – Manufacturing Projects,"Chennai, Tamil Nadu, India",,https://efds.fa.em5.oraclecloud.com/hcmUI/CandidateExperience/en/sites/CX_1/job/66175,2026-07-09,2026-07-09,2026-07-09T07:12:04+00:00,2026-07-09 00:12 Thu,,false,,,,false,oracle:Ford:66175
Ford:69201,Ford,"Failure Mode Analysis Engineer, Ford Energy","Dearborn, MI, United States",,https://efds.fa.em5.oraclecloud.com/hcmUI/CandidateExperience/en/sites/CX_1/job/69201,2026-08-21,2026-08-21,2026-08-21T20:59:50+00:00,2026-08-21 13:59 Fri,,false,,,,false,oracle:Ford:69201
Ford:69913,Ford,Fastening Manufacturing Engineer,"Dearborn, MI, United States",,https://efds.fa.em5.oraclecloud.com/hcmUI/CandidateExperience/en/sites/CX_1/job/69913,2026-09-02,2026-09-02,2026-09-03T04:50:24+00:00,2026-09-02 21:50 Wed,,false,,,,false,oracle:Ford:69913
Ford:67647,Ford,FCSD Buyer,"Allen Park, MI, United States",,https://efds.fa.em5.oraclecloud.com/hcmUI/CandidateExperience/en/sites/CX_1/job/67647,2026-07-28,2026-07-28,2026-07-28T10:41:15+00:00,2026-07-28 03:41 Tue,,false,,,,false,oracle:Ford:67647
Ford:66807,Ford,FCSD Cost Analyst for PIRATS,"Szentendre, Kozep-Magyarorszag, Hungary",,https://efds.fa.em5.oraclecloud.com/hcmUI/CandidateExperience/en/sites/CX_1/job/66807,2026-07-21,2026-07-21,2026-07-21T06:41:20+00:00,2026-07-20 23:41 Mon,,false,,,,false,oracle:Ford:66807
Ford:67827,Ford,FCSD Variable Marketing Coordinator,"Szentendre, Kozep-Magyarorszag, Hungary",,https://efds.fa.em5.oraclecloud.com/hcmUI/CandidateExperience/en/sites/CX_1/job/67827,2026-07-31,2026-07-31,2026-07-31T08:41:21+00:00,2026-07-31 01:41 Fri,,false,,,,false,oracle:Ford:67827
Ford:69563,Ford,FCSD Variable Marketing Data Coordinator,"Szentendre, Kozep-Magyarorszag, Hungary",,https://efds.fa.em5.oraclecloud.com/hcmUI/CandidateExperience/en/sites/CX_1/job/69563,2026-08-26,2026-08-26,2026-08-26T08:41:32+00:00,2026-08-26 01:41 Wed,,false,,,,false,oracle:Ford:69563
Ford:67638,Ford,FCSD VM Retail Supervisor DACH,"Szentendre, Kozep-Magyarorszag, Hungary",,https://efds.fa.em5.oraclecloud.com/hcmUI/CandidateExperience/en/sites/CX_1/job/67638,2026-07-28,2026-07-28,2026-07-28T12:59:34+00:00,2026-07-28 05:59 Tue,,false,,,,false,oracle:Ford:67638
Ford:69989,Ford,FCSD Zone Manager,"Szentendre, Kozep-Magyarorszag, Hungary",,https://efds.fa.em5.oraclecloud.com/hcmUI/CandidateExperience/en/sites/CX_1/job/69989,2026-09-02,2026-09-02,2026-09-02T15:15:02+00:00,2026-09-02 08:15 Wed,,false,,,,false,oracle:Ford:69989
Ford:67877,Ford,Feature Assurance Engineer,"Naucalpan de Juarez, MEX, Mexico",,https://efds.fa.em5.oraclecloud.com/hcmUI/CandidateExperience/en/sites/CX_1/job/67877,2026-09-04,2026-09-04,2026-09-04T19:21:51+00:00,2026-09-04 12:21 Fri,,false,,,,false,oracle:Ford:67877
Ford:67527,Ford,Feature System Engineer,"Dearborn, MI, United States",,https://efds.fa.em5.oraclecloud.com/hcmUI/CandidateExperience/en/sites/CX_1/job/67527,2026-09-03,2026-09-03,2026-08-06T20:17:17+00:00,2026-08-06 13:17 Thu,AI / ML,true,CLI,12,"The candidate has strong software, computer vision, backend, and some API experience, but lacks the required connected-vehicle systems engineering, telematics, cloud-to-vehicle architecture, requirements governance, cybersecurity/privacy, supplier integration, and automotive domain background.",false,oracle:Ford:67527
Ford:68307,Ford,Feature System Engineer,"Dearborn, MI, United States",,https://efds.fa.em5.oraclecloud.com/hcmUI/CandidateExperience/en/sites/CX_1/job/68307,2026-08-13,2026-08-13,2026-08-13T20:41:47+00:00,2026-08-13 13:41 Thu,,false,,,,false,oracle:Ford:68307
Ford:66540,Ford,Feature Systems Engineer,"Dearborn, MI, United States",,https://efds.fa.em5.oraclecloud.com/hcmUI/CandidateExperience/en/sites/CX_1/job/66540,2026-07-06,2026-07-06,2026-07-07T05:59:38+00:00,2026-07-06 22:59 Mon,,false,,,,false,oracle:Ford:66540
Ford:66764,Ford,Feature Systems Engineer,"Dearborn, MI, United States",,https://efds.fa.em5.oraclecloud.com/hcmUI/CandidateExperience/en/sites/CX_1/job/66764,2026-07-29,2026-07-29,2026-07-29T12:44:19+00:00,2026-07-29 05:44 Wed,,false,,,,false,oracle:Ford:66764
Ford:68599,Ford,Feature Systems Engineer – Customer Connectivity Settings and FordPass Activation,"Dearborn, MI, United States",,https://efds.fa.em5.oraclecloud.com/hcmUI/CandidateExperience/en/sites/CX_1/job/68599,2026-08-21,2026-08-21,2026-08-21T19:57:46+00:00,2026-08-21 12:57 Fri,,false,,,,false,oracle:Ford:68599
Ford:67457,Ford,Feature Systems Supervisor,"Dearborn, MI, United States",,https://efds.fa.em5.oraclecloud.com/hcmUI/CandidateExperience/en/sites/CX_1/job/67457,2026-08-07,2026-08-07,2026-08-07T17:59:49+00:00,2026-08-07 10:59 Fri,,false,,,,false,oracle:Ford:67457
Ford:66129,Ford,Field Quality Engineer,United States,,https://efds.fa.em5.oraclecloud.com/hcmUI/CandidateExperience/en/sites/CX_1/job/66129,2026-07-01,2026-07-01,2026-07-07T05:59:38+00:00,2026-07-06 22:59 Mon,,false,,,,false,oracle:Ford:66129
Ford:66127,Ford,Field Quality Engineer Supervisor,"Dearborn, MI, United States",,https://efds.fa.em5.oraclecloud.com/hcmUI/CandidateExperience/en/sites/CX_1/job/66127,2026-06-30,2026-06-30,2026-07-07T05:59:38+00:00,2026-07-06 22:59 Mon,,false,,,,false,oracle:Ford:66127
Ford:66248,Ford,Field Service Actions Time and Data Mgmt. Analyst,"Dearborn, MI, United States",,https://efds.fa.em5.oraclecloud.com/hcmUI/CandidateExperience/en/sites/CX_1/job/66248,2026-07-06,2026-07-06,2026-07-07T05:59:38+00:00,2026-07-06 22:59 Mon,,false,,,,false,oracle:Ford:66248
Ford:63616,Ford,Field Service Engineer,"Boston, MA, United States",,https://efds.fa.em5.oraclecloud.com/hcmUI/CandidateExperience/en/sites/CX_1/job/63616,2026-07-02,2026-07-02,2026-07-07T05:59:38+00:00,2026-07-06 22:59 Mon,,false,,,,false,oracle:Ford:63616
Ford:65854,Ford,Field Service Engineer,"CA, United States",,https://efds.fa.em5.oraclecloud.com/hcmUI/CandidateExperience/en/sites/CX_1/job/65854,2026-07-01,2026-07-01,2026-07-07T05:59:38+00:00,2026-07-06 22:59 Mon,,false,,,,false,oracle:Ford:65854
Ford:69517,Ford,"Field Service Engineer - Manchester, New Hampshire","Bedford, NH, United States",,https://efds.fa.em5.oraclecloud.com/hcmUI/CandidateExperience/en/sites/CX_1/job/69517,2026-08-31,2026-08-31,2026-08-31T19:42:06+00:00,2026-08-31 12:42 Mon,,false,,,,false,oracle:Ford:69517
Ford:68525,Ford,Field Training Strategy & Analytics Coordinator,"Allen Park, MI, United States",,https://efds.fa.em5.oraclecloud.com/hcmUI/CandidateExperience/en/sites/CX_1/job/68525,2026-09-01,2026-09-01,2026-08-19T18:42:08+00:00,2026-08-19 11:42 Wed,,false,,,,false,oracle:Ford:68525
Ford:66592,Ford,Finance Analyst,"Chennai, Tamil Nadu, India",,https://efds.fa.em5.oraclecloud.com/hcmUI/CandidateExperience/en/sites/CX_1/job/66592,2026-07-13,2026-07-13,2026-07-13T04:40:47+00:00,2026-07-12 21:40 Sun,,false,,,,false,oracle:Ford:66592
Ford:67447,Ford,Finance Analyst,"Chennai, Tamil Nadu, India",,https://efds.fa.em5.oraclecloud.com/hcmUI/CandidateExperience/en/sites/CX_1/job/67447,2026-08-01,2026-08-01,2026-08-01T07:17:24+00:00,2026-08-01 00:17 Sat,,false,,,,false,oracle:Ford:67447
Ford:65683,Ford,"Finance Analyst – CapEx & Material Cost, Ford Energy","Glendale, KY, United States",,https://efds.fa.em5.oraclecloud.com/hcmUI/CandidateExperience/en/sites/CX_1/job/65683,2026-07-01,2026-07-01,2026-07-07T05:59:38+00:00,2026-07-06 22:59 Mon,,false,,,,false,oracle:Ford:65683
Ford:67536,Ford,Finance Customer Service Representative,"Naucalpan de Juarez, MEX, Mexico",,https://efds.fa.em5.oraclecloud.com/hcmUI/CandidateExperience/en/sites/CX_1/job/67536,2026-07-27,2026-07-27,2026-07-27T14:59:28+00:00,2026-07-27 07:59 Mon,,false,,,,false,oracle:Ford:67536
Ford:67297,Ford,"Finance Director, Warranty","Dearborn, MI, United States",,https://efds.fa.em5.oraclecloud.com/hcmUI/CandidateExperience/en/sites/CX_1/job/67297,2026-09-02,2026-09-02,2026-08-03T09:21:28+00:00,2026-08-03 02:21 Mon,,false,,,,false,oracle:Ford:67297
Ford:67730,Ford,Financial Analyst,South Africa,,https://efds.fa.em5.oraclecloud.com/hcmUI/CandidateExperience/en/sites/CX_1/job/67730,2026-07-28,2026-07-28,2026-07-28T09:59:18+00:00,2026-07-28 02:59 Tue,,false,,,,false,oracle:Ford:67730
Ford:67498,Ford,Financial Analyst,"Sterling Heights, MI, United States",,https://efds.fa.em5.oraclecloud.com/hcmUI/CandidateExperience/en/sites/CX_1/job/67498,2026-07-29,2026-07-29,2026-08-03T09:21:28+00:00,2026-08-03 02:21 Mon,,false,,,,false,oracle:Ford:67498
Ford:67948,Ford,Financial Analyst,"Dearborn, MI, United States",,https://efds.fa.em5.oraclecloud.com/hcmUI/CandidateExperience/en/sites/CX_1/job/67948,2026-07-30,2026-07-30,2026-08-03T09:21:28+00:00,2026-08-03 02:21 Mon,,false,,,,false,oracle:Ford:67948
Ford:66520,Ford,Financial Reporting Supervisor,United Kingdom,,https://efds.fa.em5.oraclecloud.com/hcmUI/CandidateExperience/en/sites/CX_1/job/66520,2026-07-16,2026-07-16,2026-07-16T11:25:29+00:00,2026-07-16 04:25 Thu,,false,,,,false,oracle:Ford:66520
Ford:66974,Ford,Fire Operations Specialist,Australia,,https://efds.fa.em5.oraclecloud.com/hcmUI/CandidateExperience/en/sites/CX_1/job/66974,2026-07-14,2026-07-14,2026-07-14T07:59:04+00:00,2026-07-14 00:59 Tue,,false,,,,false,oracle:Ford:66974
Ford:66773,Ford,Fiserv Security Administrator & Systems Analyst - Ford Credit Bank,"Salt Lake City, UT, United States",,https://efds.fa.em5.oraclecloud.com/hcmUI/CandidateExperience/en/sites/CX_1/job/66773,2026-07-30,2026-07-30,2026-07-30T15:59:57+00:00,2026-07-30 08:59 Thu,,false,,,,false,oracle:Ford:66773
Ford:64763,Ford,Fleet Key Account Manager,"Dunton, Essex, United Kingdom",,https://efds.fa.em5.oraclecloud.com/hcmUI/CandidateExperience/en/sites/CX_1/job/64763,2026-08-14,2026-08-14,2026-08-14T15:41:37+00:00,2026-08-14 08:41 Fri,,false,,,,false,oracle:Ford:64763
Ford:67461,Ford,Fleet Management Technical Support Specialist,United States,,https://efds.fa.em5.oraclecloud.com/hcmUI/CandidateExperience/en/sites/CX_1/job/67461,2026-08-14,2026-08-14,2026-08-14T16:00:10+00:00,2026-08-14 09:00 Fri,,false,,,,false,oracle:Ford:67461
Ford:67564,Ford,Fleet Operations & Projects Team Lead,South Africa,,https://efds.fa.em5.oraclecloud.com/hcmUI/CandidateExperience/en/sites/CX_1/job/67564,2026-07-24,2026-07-24,2026-07-24T07:17:27+00:00,2026-07-24 00:17 Fri,,false,,,,false,oracle:Ford:67564
Ford:66552,Ford,Ford Credit Canada Development Program,"Oakville, ON, Canada",,https://efds.fa.em5.oraclecloud.com/hcmUI/CandidateExperience/en/sites/CX_1/job/66552,2026-07-10,2026-07-10,2026-07-10T17:13:13+00:00,2026-07-10 10:13 Fri,,false,,,,false,oracle:Ford:66552
Ford:68317,Ford,Ford Credit HR Business Partner - Temporal,"Naucalpan de Juarez, MEX, Mexico",,https://efds.fa.em5.oraclecloud.com/hcmUI/CandidateExperience/en/sites/CX_1/job/68317,2026-08-21,2026-08-21,2026-08-21T17:17:48+00:00,2026-08-21 10:17 Fri,,false,,,,false,oracle:Ford:68317
Ford:69074,Ford,Ford EDM Payment Services Business Partner,"Szentendre, Kozep-Magyarorszag, Hungary",,https://efds.fa.em5.oraclecloud.com/hcmUI/CandidateExperience/en/sites/CX_1/job/69074,2026-08-19,2026-08-19,2026-08-19T12:59:51+00:00,2026-08-19 05:59 Wed,,false,,,,false,oracle:Ford:69074
Ford:62742,Ford,Ford Enthusiast Vehicles Communications Manager,"Dearborn, MI, United States",,https://efds.fa.em5.oraclecloud.com/hcmUI/CandidateExperience/en/sites/CX_1/job/62742,2026-08-20,2026-08-20,2026-08-20T13:59:53+00:00,2026-08-20 06:59 Thu,,false,,,,false,oracle:Ford:62742
Ford:69774,Ford,Ford Pro Fleet Sales Supervisor (Northeast Territory),United States,,https://efds.fa.em5.oraclecloud.com/hcmUI/CandidateExperience/en/sites/CX_1/job/69774,2026-09-03,2026-09-03,2026-09-03T19:37:21+00:00,2026-09-03 12:37 Thu,,false,,,,false,oracle:Ford:69774
Ford:68585,Ford,Ford Pro Upfitter Operations Support,"Detroit, MI, United States",,https://efds.fa.em5.oraclecloud.com/hcmUI/CandidateExperience/en/sites/CX_1/job/68585,2026-08-18,2026-08-18,2026-08-18T03:59:05+00:00,2026-08-17 20:59 Mon,,false,,,,false,oracle:Ford:68585
Ford:68587,Ford,Ford Pro Upfitter Specialist,United States,,https://efds.fa.em5.oraclecloud.com/hcmUI/CandidateExperience/en/sites/CX_1/job/68587,2026-08-18,2026-08-18,2026-08-18T03:59:05+00:00,2026-08-17 20:59 Mon,,false,,,,false,oracle:Ford:68587
Ford:69055,Ford,"Ford Production System Strategist, Ford Energy","Glendale, KY, United States",,https://efds.fa.em5.oraclecloud.com/hcmUI/CandidateExperience/en/sites/CX_1/job/69055,2026-08-18,2026-08-18,2026-08-18T18:12:26+00:00,2026-08-18 11:12 Tue,,false,,,,false,oracle:Ford:69055
Ford:69762,Ford,Ford Racing Additive Engineer,"Allen Park, MI, United States",,https://efds.fa.em5.oraclecloud.com/hcmUI/CandidateExperience/en/sites/CX_1/job/69762,2026-08-28,2026-08-28,2026-08-28T16:41:40+00:00,2026-08-28 09:41 Fri,,false,,,,false,oracle:Ford:69762
Ford:69597,Ford,Ford Racing Battery Modeling Engineer,"Allen Park, MI, United States",,https://efds.fa.em5.oraclecloud.com/hcmUI/CandidateExperience/en/sites/CX_1/job/69597,2026-08-28,2026-08-28,2026-08-28T20:59:32+00:00,2026-08-28 13:59 Fri,,false,,,,false,oracle:Ford:69597
Ford:67413,Ford,Ford Racing Body Engineering Supervisor,"Allen Park, MI, United States",,https://efds.fa.em5.oraclecloud.com/hcmUI/CandidateExperience/en/sites/CX_1/job/67413,2026-08-17,2026-08-17,2026-08-17T13:41:23+00:00,2026-08-17 06:41 Mon,,false,,,,false,oracle:Ford:67413
Ford:66514,Ford,Ford Racing Body Exterior Engineer,"Allen Park, MI, United States",,https://efds.fa.em5.oraclecloud.com/hcmUI/CandidateExperience/en/sites/CX_1/job/66514,2026-07-28,2026-07-28,2026-07-10T03:30:15+00:00,2026-07-09 20:30 Thu,,false,,,,false,oracle:Ford:66514
Ford:66243,Ford,Ford Racing Cars Electrical System Engineer,"Allen Park, MI, United States",,https://efds.fa.em5.oraclecloud.com/hcmUI/CandidateExperience/en/sites/CX_1/job/66243,2026-07-10,2026-07-10,2026-07-10T13:31:05+00:00,2026-07-10 06:31 Fri,,false,,,,false,oracle:Ford:66243
Ford:66597,Ford,Ford Racing Chassis D&R Engineer,"Allen Park, MI, United States",,https://efds.fa.em5.oraclecloud.com/hcmUI/CandidateExperience/en/sites/CX_1/job/66597,2026-07-30,2026-07-30,2026-07-30T23:41:26+00:00,2026-07-30 16:41 Thu,,false,,,,false,oracle:Ford:66597
Ford:66186,Ford,Ford Racing Design and Release Engineer,"Allen Park, MI, United States",,https://efds.fa.em5.oraclecloud.com/hcmUI/CandidateExperience/en/sites/CX_1/job/66186,2026-07-06,2026-07-06,2026-07-07T05:59:38+00:00,2026-07-06 22:59 Mon,,false,,,,false,oracle:Ford:66186
Ford:66393,Ford,Ford Racing Design and Release Engineer,"Allen Park, MI, United States",,https://efds.fa.em5.oraclecloud.com/hcmUI/CandidateExperience/en/sites/CX_1/job/66393,2026-08-25,2026-08-25,2026-08-25T21:46:47+00:00,2026-08-25 14:46 Tue,,false,,,,false,oracle:Ford:66393
Ford:70044,Ford,Ford Racing Electrical Systems Integration Engineer,"Allen Park, MI, United States",,https://efds.fa.em5.oraclecloud.com/hcmUI/CandidateExperience/en/sites/CX_1/job/70044,2026-09-04,2026-09-04,2026-09-04T17:48:23+00:00,2026-09-04 10:48 Fri,,false,,,,false,oracle:Ford:70044
Ford:69611,Ford,Ford Racing Engine Performance Development Engineer,"Allen Park, MI, United States",,https://efds.fa.em5.oraclecloud.com/hcmUI/CandidateExperience/en/sites/CX_1/job/69611,2026-09-03,2026-09-03,2026-09-02T05:20:28+00:00,2026-09-01 22:20 Tue,,false,,,,false,oracle:Ford:69611
Ford:64942,Ford,"Ford Racing Engineering Supervisor, Additive Manufacturing","Allen Park, MI, United States",,https://efds.fa.em5.oraclecloud.com/hcmUI/CandidateExperience/en/sites/CX_1/job/64942,2026-07-23,2026-07-23,2026-07-23T20:41:29+00:00,2026-07-23 13:41 Thu,,false,,,,false,oracle:Ford:64942
Ford:69674,Ford,Ford Racing Motorsports NASCAR Program Manager,"Allen Park, MI, United States",,https://efds.fa.em5.oraclecloud.com/hcmUI/CandidateExperience/en/sites/CX_1/job/69674,2026-08-28,2026-08-28,2026-08-28T20:42:08+00:00,2026-08-28 13:42 Fri,,false,,,,false,oracle:Ford:69674
Ford:62590,Ford,Ford Racing Motorsports Powertrain Calibration Engineer,"Allen Park, MI, United States",,https://efds.fa.em5.oraclecloud.com/hcmUI/CandidateExperience/en/sites/CX_1/job/62590,2026-08-14,2026-08-14,2026-08-14T18:41:48+00:00,2026-08-14 11:41 Fri,,false,,,,false,oracle:Ford:62590
Ford:68356,Ford,"Ford Racing Noise, Vibration, Harshness (NVH) Engineer","Allen Park, MI, United States",,https://efds.fa.em5.oraclecloud.com/hcmUI/CandidateExperience/en/sites/CX_1/job/68356,2026-09-03,2026-09-03,2026-09-04T02:37:27+00:00,2026-09-03 19:37 Thu,,false,,,,false,oracle:Ford:68356
Ford:62453,Ford,Ford Racing Off-Road Lighting SME,"Allen Park, MI, United States",,https://efds.fa.em5.oraclecloud.com/hcmUI/CandidateExperience/en/sites/CX_1/job/62453,2026-07-02,2026-07-02,2026-07-07T05:59:38+00:00,2026-07-06 22:59 Mon,,false,,,,false,oracle:Ford:62453
Ford:64278,Ford,Ford Racing Parts Chassis Planning Analyst,"Dearborn, MI, United States",,https://efds.fa.em5.oraclecloud.com/hcmUI/CandidateExperience/en/sites/CX_1/job/64278,2026-08-10,2026-08-10,2026-08-10T19:17:39+00:00,2026-08-10 12:17 Mon,,false,,,,false,oracle:Ford:64278
Ford:66311,Ford,Ford Racing Performance Engineering Manager,"Concord, NC, United States",,https://efds.fa.em5.oraclecloud.com/hcmUI/CandidateExperience/en/sites/CX_1/job/66311,2026-07-27,2026-07-27,2026-07-13T15:17:05+00:00,2026-07-13 08:17 Mon,,false,,,,false,oracle:Ford:66311
Ford:68274,Ford,Ford Racing Powertrain System Engineer,"Allen Park, MI, United States",,https://efds.fa.em5.oraclecloud.com/hcmUI/CandidateExperience/en/sites/CX_1/job/68274,2026-08-13,2026-08-13,2026-08-13T17:14:12+00:00,2026-08-13 10:14 Thu,,false,,,,false,oracle:Ford:68274
Ford:63741,Ford,Ford Racing Powertrain System Engineer - Drivetrain & Underbody,"Allen Park, MI, United States",,https://efds.fa.em5.oraclecloud.com/hcmUI/CandidateExperience/en/sites/CX_1/job/63741,2026-07-07,2026-07-07,2026-07-08T02:45:08+00:00,2026-07-07 19:45 Tue,,false,,,,false,oracle:Ford:63741
Ford:70153,Ford,Ford Racing Production Powertrain Engineer,"Allen Park, MI, United States",,https://efds.fa.em5.oraclecloud.com/hcmUI/CandidateExperience/en/sites/CX_1/job/70153,2026-09-04,2026-09-04,2026-09-04T19:21:51+00:00,2026-09-04 12:21 Fri,,false,,,,false,oracle:Ford:70153
Ford:67028,Ford,Ford Racing Program Management Analyst,"Allen Park, MI, United States",,https://efds.fa.em5.oraclecloud.com/hcmUI/CandidateExperience/en/sites/CX_1/job/67028,2026-07-21,2026-07-21,2026-07-21T00:59:23+00:00,2026-07-20 17:59 Mon,,false,,,,false,oracle:Ford:67028
Ford:67555,Ford,Ford Racing Quality Analyst,"Allen Park, MI, United States",,https://efds.fa.em5.oraclecloud.com/hcmUI/CandidateExperience/en/sites/CX_1/job/67555,2026-08-03,2026-08-03,2026-08-03T13:59:42+00:00,2026-08-03 06:59 Mon,,false,,,,false,oracle:Ford:67555
Ford:66318,Ford,"Ford Racing Simulation, Tools and Methods Manager","Concord, NC, United States",,https://efds.fa.em5.oraclecloud.com/hcmUI/CandidateExperience/en/sites/CX_1/job/66318,2026-07-11,2026-07-11,2026-07-11T01:13:04+00:00,2026-07-10 18:13 Fri,,false,,,,false,oracle:Ford:66318
Ford:69694,Ford,Ford Racing Vehicle Integration Engineer,"Allen Park, MI, United States",,https://efds.fa.em5.oraclecloud.com/hcmUI/CandidateExperience/en/sites/CX_1/job/69694,2026-09-01,2026-09-01,2026-09-02T05:20:28+00:00,2026-09-01 22:20 Tue,,false,,,,false,oracle:Ford:69694
Ford:66408,Ford,FordPro Brand Manager,"Santiago, Santiago Metropolitan Region, Chile",,https://efds.fa.em5.oraclecloud.com/hcmUI/CandidateExperience/en/sites/CX_1/job/66408,2026-07-01,2026-07-01,2026-07-07T05:59:38+00:00,2026-07-06 22:59 Mon,,false,,,,false,oracle:Ford:66408
Ford:67562,Ford,Forecasting Analyst,"Chennai, Tamil Nadu, India",,https://efds.fa.em5.oraclecloud.com/hcmUI/CandidateExperience/en/sites/CX_1/job/67562,2026-08-03,2026-08-03,2026-08-03T11:17:31+00:00,2026-08-03 04:17 Mon,,false,,,,false,oracle:Ford:67562
Ford:66536,Ford,Formula 1 Marketing Manager (F1),"Allen Park, MI, United States",,https://efds.fa.em5.oraclecloud.com/hcmUI/CandidateExperience/en/sites/CX_1/job/66536,2026-07-09,2026-07-09,2026-07-09T16:54:05+00:00,2026-07-09 09:54 Thu,,false,,,,false,oracle:Ford:66536
Ford:66298,Ford,Forward Model Quality - Body Exterior Engineer,"Dearborn, MI, United States",,https://efds.fa.em5.oraclecloud.com/hcmUI/CandidateExperience/en/sites/CX_1/job/66298,2026-07-07,2026-07-07,2026-07-08T02:45:08+00:00,2026-07-07 19:45 Tue,,false,,,,false,oracle:Ford:66298
Ford:66079,Ford,Forward Model Quality Engineer,"Dearborn, MI, United States",,https://efds.fa.em5.oraclecloud.com/hcmUI/CandidateExperience/en/sites/CX_1/job/66079,2026-07-02,2026-07-02,2026-07-07T05:59:38+00:00,2026-07-06 22:59 Mon,,false,,,,false,oracle:Ford:66079
Ford:68346,Ford,Forward Model Quality Engineer,"Dearborn, MI, United States",,https://efds.fa.em5.oraclecloud.com/hcmUI/CandidateExperience/en/sites/CX_1/job/68346,2026-08-24,2026-08-24,2026-08-24T21:59:56+00:00,2026-08-24 14:59 Mon,,false,,,,false,oracle:Ford:68346
Ford:65704,Ford,Foundational Platforms Product Integration Lead,"Allen Park, MI, United States",,https://efds.fa.em5.oraclecloud.com/hcmUI/CandidateExperience/en/sites/CX_1/job/65704,2026-07-15,2026-07-15,2026-07-15T15:59:43+00:00,2026-07-15 08:59 Wed,,false,,,,false,oracle:Ford:65704
Ford:68685,Ford,Foundational Platforms Product Integration Lead,United States,,https://efds.fa.em5.oraclecloud.com/hcmUI/CandidateExperience/en/sites/CX_1/job/68685,2026-08-17,2026-08-17,2026-08-17T12:41:39+00:00,2026-08-17 05:41 Mon,,false,,,,false,oracle:Ford:68685
Ford:67677,Ford,FPI Quality Engineer,"Detroit, MI, United States",,https://efds.fa.em5.oraclecloud.com/hcmUI/CandidateExperience/en/sites/CX_1/job/67677,2026-08-18,2026-08-18,2026-08-18T23:03:14+00:00,2026-08-18 16:03 Tue,,false,,,,false,oracle:Ford:67677
Ford:67005,Ford,FPS and Launch Specialist,"Dearborn, MI, United States",,https://efds.fa.em5.oraclecloud.com/hcmUI/CandidateExperience/en/sites/CX_1/job/67005,2026-08-07,2026-08-07,2026-08-07T21:41:51+00:00,2026-08-07 14:41 Fri,Computer Vision,true,Keyword,40,keyword-only heuristic,false,oracle:Ford:67005
Ford:67484,Ford,Fraud Analyst- Ford Credit Bank,"Salt Lake City, UT, United States",,https://efds.fa.em5.oraclecloud.com/hcmUI/CandidateExperience/en/sites/CX_1/job/67484,2026-07-30,2026-07-30,2026-08-03T09:21:28+00:00,2026-08-03 02:21 Mon,,false,,,,false,oracle:Ford:67484
Ford:68052,Ford,"Fraud Manager, Ford Credit Risk Management Organization","Dearborn, MI, United States",,https://efds.fa.em5.oraclecloud.com/hcmUI/CandidateExperience/en/sites/CX_1/job/68052,2026-08-11,2026-08-11,2026-08-11T19:18:04+00:00,2026-08-11 12:18 Tue,,false,,,,false,oracle:Ford:68052
Ford:63097,Ford,French-speaking Payment Incentive Coordinator,"Budapest, Kozep-Magyarorszag, Hungary",,https://efds.fa.em5.oraclecloud.com/hcmUI/CandidateExperience/en/sites/CX_1/job/63097,2026-07-15,2026-07-15,2026-07-15T08:17:17+00:00,2026-07-15 01:17 Wed,,false,,,,false,oracle:Ford:63097
Ford:69458,Ford,Front End Engineer - React/NextJS,"Dearborn, MI, United States",,https://efds.fa.em5.oraclecloud.com/hcmUI/CandidateExperience/en/sites/CX_1/job/69458,2026-08-27,2026-08-27,2026-08-27T17:17:43+00:00,2026-08-27 10:17 Thu,,false,,,,false,oracle:Ford:69458
Ford:69386,Ford,FRV Analyst,"Chennai, Tamil Nadu, India",,https://efds.fa.em5.oraclecloud.com/hcmUI/CandidateExperience/en/sites/CX_1/job/69386,2026-08-21,2026-08-21,2026-08-21T06:59:36+00:00,2026-08-20 23:59 Thu,,false,,,,false,oracle:Ford:69386
Ford:69389,Ford,FRV Analyst,"Chennai, Tamil Nadu, India",,https://efds.fa.em5.oraclecloud.com/hcmUI/CandidateExperience/en/sites/CX_1/job/69389,2026-08-21,2026-08-21,2026-08-21T07:41:40+00:00,2026-08-21 00:41 Fri,,false,,,,false,oracle:Ford:69389
Ford:69485,Ford,FRV Analyst,"Chennai, Tamil Nadu, India",,https://efds.fa.em5.oraclecloud.com/hcmUI/CandidateExperience/en/sites/CX_1/job/69485,2026-08-21,2026-08-21,2026-08-21T12:59:44+00:00,2026-08-21 05:59 Fri,,false,,,,false,oracle:Ford:69485
Ford:66651,Ford,Fuel - D&R Engineer,"Dearborn, MI, United States",,https://efds.fa.em5.oraclecloud.com/hcmUI/CandidateExperience/en/sites/CX_1/job/66651,2026-07-20,2026-07-20,2026-07-20T20:48:08+00:00,2026-07-20 13:48 Mon,,false,,,,false,oracle:Ford:66651
Ford:66647,Ford,Fuel - D&R Engineer,"Dearborn, MI, United States",,https://efds.fa.em5.oraclecloud.com/hcmUI/CandidateExperience/en/sites/CX_1/job/66647,2026-07-20,2026-07-20,2026-07-20T21:17:23+00:00,2026-07-20 14:17 Mon,,false,,,,false,oracle:Ford:66647
Ford:57827,Ford,Fuel System Manager,"Dearborn, MI, United States",,https://efds.fa.em5.oraclecloud.com/hcmUI/CandidateExperience/en/sites/CX_1/job/57827,2026-08-31,2026-08-31,2026-07-27T12:40:16+00:00,2026-07-27 05:40 Mon,,false,,,,false,oracle:Ford:57827
Ford:66498,Ford,Full Stack Data Engineer,"Chennai, Tamil Nadu, India",,https://efds.fa.em5.oraclecloud.com/hcmUI/CandidateExperience/en/sites/CX_1/job/66498,2026-07-24,2026-07-24,2026-07-24T06:59:25+00:00,2026-07-23 23:59 Thu,,false,,,,false,oracle:Ford:66498
Ford:67220,Ford,Full Stack Data Engineer,"Chennai, Tamil Nadu, India",,https://efds.fa.em5.oraclecloud.com/hcmUI/CandidateExperience/en/sites/CX_1/job/67220,2026-07-27,2026-07-27,2026-07-27T05:59:17+00:00,2026-07-26 22:59 Sun,,false,,,,false,oracle:Ford:67220
Ford:67649,Ford,Full Stack Data Engineer,"Dearborn, MI, United States",,https://efds.fa.em5.oraclecloud.com/hcmUI/CandidateExperience/en/sites/CX_1/job/67649,2026-08-06,2026-08-06,2026-08-06T01:59:35+00:00,2026-08-05 18:59 Wed,Software Engineering,true,CLI,22,"The candidate has strong Python, Docker, GCP exposure, backend engineering, APIs, and automated testing, but lacks the role's core requirements of 3+ years of GCP data engineering, batch/streaming pipelines, Terraform, data warehousing, governance, CI/CD, and finance-domain experience.",false,oracle:Ford:67649
Ford:68176,Ford,Full Stack Data Engineer,"Chennai, Tamil Nadu, India",,https://efds.fa.em5.oraclecloud.com/hcmUI/CandidateExperience/en/sites/CX_1/job/68176,2026-08-07,2026-08-07,2026-08-07T04:41:19+00:00,2026-08-06 21:41 Thu,,false,,,,false,oracle:Ford:68176
Ford:68336,Ford,Full Stack Data Engineer,"Chennai, Tamil Nadu, India",,https://efds.fa.em5.oraclecloud.com/hcmUI/CandidateExperience/en/sites/CX_1/job/68336,2026-08-12,2026-08-12,2026-08-12T06:07:28+00:00,2026-08-11 23:07 Tue,,false,,,,false,oracle:Ford:68336
Ford:68710,Ford,Full Stack Data Engineer,India,,https://efds.fa.em5.oraclecloud.com/hcmUI/CandidateExperience/en/sites/CX_1/job/68710,2026-08-17,2026-08-17,2026-08-17T16:07:06+00:00,2026-08-17 09:07 Mon,,false,,,,false,oracle:Ford:68710
Ford:69621,Ford,Full Stack Data Engineer,"Chennai, Tamil Nadu, India",,https://efds.fa.em5.oraclecloud.com/hcmUI/CandidateExperience/en/sites/CX_1/job/69621,2026-09-02,2026-09-02,2026-09-02T18:45:15+00:00,2026-09-02 11:45 Wed,,false,,,,false,oracle:Ford:69621
Ford:68520,Ford,Full Stack Developer (Java / React),"Dearborn, MI, United States",,https://efds.fa.em5.oraclecloud.com/hcmUI/CandidateExperience/en/sites/CX_1/job/68520,2026-08-17,2026-08-17,2026-08-18T02:56:28+00:00,2026-08-17 19:56 Mon,,false,,,,false,oracle:Ford:68520
Ford:65882,Ford,Full stack Developer- Telephony,"Chennai, Tamil Nadu, India",,https://efds.fa.em5.oraclecloud.com/hcmUI/CandidateExperience/en/sites/CX_1/job/65882,2026-07-15,2026-07-15,2026-07-15T12:59:12+00:00,2026-07-15 05:59 Wed,,false,,,,false,oracle:Ford:65882
Ford:68409,Ford,Full Stack Software Dev Engineer (Jr-Mid),"Dearborn, MI, United States",,https://efds.fa.em5.oraclecloud.com/hcmUI/CandidateExperience/en/sites/CX_1/job/68409,2026-08-11,2026-08-11,2026-08-11T14:07:45+00:00,2026-08-11 07:07 Tue,,false,,,,false,oracle:Ford:68409
Ford:66314,Ford,Full Stack Software Engineer,"Dearborn, MI, United States",,https://efds.fa.em5.oraclecloud.com/hcmUI/CandidateExperience/en/sites/CX_1/job/66314,2026-06-30,2026-06-30,2026-07-07T05:59:38+00:00,2026-07-06 22:59 Mon,Software Engineering,true,,70,"The title is clearly a full-stack software engineering role, and the candidate has solid backend, API, database, Docker, Redis/MySQL, and Python/C++ experience, though the posting provides no stack details and the resume is stronger in CV/ML than full-stack product development.",true,oracle:Ford:66314
Ford:66481,Ford,Full Stack Software Engineer,India,,https://efds.fa.em5.oraclecloud.com/hcmUI/CandidateExperience/en/sites/CX_1/job/66481,2026-08-19,2026-08-19,2026-07-29T17:41:37+00:00,2026-07-29 10:41 Wed,,false,,,,false,oracle:Ford:66481
Ford:65890,Ford,Full Stack Software Engineer,"Dearborn, MI, United States",,https://efds.fa.em5.oraclecloud.com/hcmUI/CandidateExperience/en/sites/CX_1/job/65890,2026-07-29,2026-07-29,2026-07-29T19:59:44+00:00,2026-07-29 12:59 Wed,Software Engineering,true,Keyword,58,keyword-only heuristic,true,oracle:Ford:65890
Ford:63846,Ford,Full Stack Software Engineer,"Dearborn, MI, United States",,https://efds.fa.em5.oraclecloud.com/hcmUI/CandidateExperience/en/sites/CX_1/job/63846,2026-08-10,2026-08-10,2026-08-10T13:41:59+00:00,2026-08-10 06:41 Mon,,false,,,,false,oracle:Ford:63846
Ford:69548,Ford,Full Stack Software Engineer,"Chennai, Tamil Nadu, India",,https://efds.fa.em5.oraclecloud.com/hcmUI/CandidateExperience/en/sites/CX_1/job/69548,2026-09-03,2026-09-03,2026-09-03T19:37:21+00:00,2026-09-03 12:37 Thu,,false,,,,false,oracle:Ford:69548
Ford:66418,Ford,Full Stack Software Engineer - AI Applications,"Dearborn, MI, United States",,https://efds.fa.em5.oraclecloud.com/hcmUI/CandidateExperience/en/sites/CX_1/job/66418,2026-07-01,2026-07-01,2026-07-07T05:59:38+00:00,2026-07-06 22:59 Mon,AI / ML,true,,72,"The role is strongly AI-applications focused through LLM agents and RAG but also full-stack/cloud-heavy, while the candidate has strong ML/CV and backend experience but limited explicit LLM/RAG, frontend, and production cloud AI application evidence.",true,oracle:Ford:66418
Ford:67240,Ford,Full Stack Software Engineer - AI Applications,"Palo Alto, CA, United States",,https://efds.fa.em5.oraclecloud.com/hcmUI/CandidateExperience/en/sites/CX_1/job/67240,2026-07-17,2026-07-17,2026-07-17T15:41:41+00:00,2026-07-17 08:41 Fri,AI / ML,true,Keyword,49,keyword-only heuristic,false,oracle:Ford:67240
Ford:63493,Ford,Full Stack Software Engineer - Vehicle Software Update Systems,"Dearborn, MI, United States",,https://efds.fa.em5.oraclecloud.com/hcmUI/CandidateExperience/en/sites/CX_1/job/63493,2026-06-30,2026-06-30,2026-07-07T05:59:38+00:00,2026-07-06 22:59 Mon,Software Engineering,true,,62,"This is clearly a full-stack/software-platform role for OTA vehicle update systems, and the candidate has solid backend, Docker, Redis/MySQL, C++/Python, and automation experience but limited direct full-stack, automotive, OTA, distributed release, or large-scale production platform experience.",true,oracle:Ford:63493
Ford:66981,Ford,Full Stack Software Engineer – Java & React,"Chennai, Tamil Nadu, India",,https://efds.fa.em5.oraclecloud.com/hcmUI/CandidateExperience/en/sites/CX_1/job/66981,2026-07-29,2026-07-29,2026-07-29T15:41:44+00:00,2026-07-29 08:41 Wed,,false,,,,false,oracle:Ford:66981
Ford:66860,Ford,Full Stack Sofware Engineer,"Chennai, Tamil Nadu, India",,https://efds.fa.em5.oraclecloud.com/hcmUI/CandidateExperience/en/sites/CX_1/job/66860,2026-07-21,2026-07-21,2026-07-21T05:41:06+00:00,2026-07-20 22:41 Mon,,false,,,,false,oracle:Ford:66860
Ford:67782,Ford,Full-Stack Platform Software Engineer,"Dearborn, MI, United States",,https://efds.fa.em5.oraclecloud.com/hcmUI/CandidateExperience/en/sites/CX_1/job/67782,2026-08-05,2026-08-05,2026-08-06T01:24:39+00:00,2026-08-05 18:24 Wed,Software Engineering,true,CLI,62,"Strong software engineering, Python/C++, Docker, databases, APIs, scalability, and automation experience, but limited evidence of full-stack development, enterprise data platforms, or automotive-domain work.",true,oracle:Ford:67782
Ford:63494,Ford,Full-Stack Software Engineer - Vehicle Software Release & Deployment,"Dearborn, MI, United States",,https://efds.fa.em5.oraclecloud.com/hcmUI/CandidateExperience/en/sites/CX_1/job/63494,2026-07-13,2026-07-13,2026-07-13T21:40:58+00:00,2026-07-13 14:40 Mon,Software Engineering,true,Keyword,40,keyword-only heuristic,false,oracle:Ford:63494
Ford:61194,Ford,Functional Safety Engineer,"Dearborn, MI, United States",,https://efds.fa.em5.oraclecloud.com/hcmUI/CandidateExperience/en/sites/CX_1/job/61194,2026-07-16,2026-07-16,2026-07-16T14:17:41+00:00,2026-07-16 07:17 Thu,,false,,,,false,oracle:Ford:61194
Ford:68800,Ford,Functional Safety Engineer,United States,,https://efds.fa.em5.oraclecloud.com/hcmUI/CandidateExperience/en/sites/CX_1/job/68800,2026-08-28,2026-08-28,2026-08-28T19:42:00+00:00,2026-08-28 12:42 Fri,,false,,,,false,oracle:Ford:68800
Ford:68798,Ford,Functional Safety Engineer,"Dearborn, MI, United States",,https://efds.fa.em5.oraclecloud.com/hcmUI/CandidateExperience/en/sites/CX_1/job/68798,2026-08-28,2026-08-28,2026-08-28T21:42:38+00:00,2026-08-28 14:42 Fri,,false,,,,false,oracle:Ford:68798
Ford:66654,Ford,Functional Safety Technical Expert,"Dearborn, MI, United States",,https://efds.fa.em5.oraclecloud.com/hcmUI/CandidateExperience/en/sites/CX_1/job/66654,2026-07-23,2026-07-23,2026-07-23T19:18:06+00:00,2026-07-23 12:18 Thu,,false,,,,false,oracle:Ford:66654
Ford:66649,Ford,Functional Safety V & V Senior Engineer,"Dearborn, MI, United States",,https://efds.fa.em5.oraclecloud.com/hcmUI/CandidateExperience/en/sites/CX_1/job/66649,2026-07-22,2026-07-22,2026-07-22T18:41:49+00:00,2026-07-22 11:41 Wed,,false,,,,false,oracle:Ford:66649
Ford:65634,Ford,FVA Logistics Specialist,"Chennai, Tamil Nadu, India",,https://efds.fa.em5.oraclecloud.com/hcmUI/CandidateExperience/en/sites/CX_1/job/65634,2026-07-10,2026-07-10,2026-07-10T11:36:12+00:00,2026-07-10 04:36 Fri,,false,,,,false,oracle:Ford:65634
Ford:69410,Ford,Gasoline Engine Controls Software Engineer,"Dearborn, MI, United States",,https://efds.fa.em5.oraclecloud.com/hcmUI/CandidateExperience/en/sites/CX_1/job/69410,2026-08-31,2026-08-31,2026-08-31T22:59:16+00:00,2026-08-31 15:59 Mon,Software Engineering,true,Keyword,55,keyword-only heuristic,true,oracle:Ford:69410
Ford:64732,Ford,GCP Data Engineer/ Architect,"Chennai, Tamil Nadu, India",,https://efds.fa.em5.oraclecloud.com/hcmUI/CandidateExperience/en/sites/CX_1/job/64732,2026-07-07,2026-07-07,2026-07-08T02:45:08+00:00,2026-07-07 19:45 Tue,,false,,,,false,oracle:Ford:64732
Ford:69758,Ford,GCP Project Manager,India,,https://efds.fa.em5.oraclecloud.com/hcmUI/CandidateExperience/en/sites/CX_1/job/69758,2026-09-04,2026-09-04,2026-09-04T14:51:38+00:00,2026-09-04 07:51 Fri,,false,,,,false,oracle:Ford:69758
Ford:67640,Ford,GDI&A Lead Technical Program Specialist – EU Data & Delivery,"Budapest, Kozep-Magyarorszag, Hungary",,https://efds.fa.em5.oraclecloud.com/hcmUI/CandidateExperience/en/sites/CX_1/job/67640,2026-08-04,2026-08-04,2026-08-04T12:59:58+00:00,2026-08-04 05:59 Tue,,false,,,,false,oracle:Ford:67640
Ford:66479,Ford,Gears Process Coach - Planta Ford Irapuato,"Irapuato, GUA, Mexico",,https://efds.fa.em5.oraclecloud.com/hcmUI/CandidateExperience/en/sites/CX_1/job/66479,2026-07-10,2026-07-10,2026-07-10T18:55:07+00:00,2026-07-10 11:55 Fri,,false,,,,false,oracle:Ford:66479
Ford:59361,Ford,General Field Manager- Passenger Vehicles,"Essex, United Kingdom",,https://efds.fa.em5.oraclecloud.com/hcmUI/CandidateExperience/en/sites/CX_1/job/59361,2026-09-03,2026-09-03,2026-09-03T19:37:21+00:00,2026-09-03 12:37 Thu,,false,,,,false,oracle:Ford:59361
Ford:66358,Ford,General Service Zone Manager,"Ha Noi (Province), Viet Nam",,https://efds.fa.em5.oraclecloud.com/hcmUI/CandidateExperience/en/sites/CX_1/job/66358,2026-07-01,2026-07-01,2026-07-07T05:59:38+00:00,2026-07-06 22:59 Mon,,false,,,,false,oracle:Ford:66358
Ford:63512,Ford,Generative AI Engineer - Ford Pro Intelligence,"Bellevue, WA, United States",,https://efds.fa.em5.oraclecloud.com/hcmUI/CandidateExperience/en/sites/CX_1/job/63512,2026-09-04,2026-09-04,2026-08-04T22:41:12+00:00,2026-08-04 15:41 Tue,AI / ML,true,CLI,58,"Strong computer vision, machine learning, Python/C++ engineering, and production software experience provide a credible AI foundation, but the resume shows limited direct experience with generative AI, large language models, cloud-scale enterprise systems, connected-vehicle data, or commercial fleet operations.",true,oracle:Ford:63512
Ford:66216,Ford,German-speaking Aftersales Market Coordinator (DACH),"Szentendre, Kozep-Magyarorszag, Hungary",,https://efds.fa.em5.oraclecloud.com/hcmUI/CandidateExperience/en/sites/CX_1/job/66216,2026-08-01,2026-08-01,2026-07-07T05:59:38+00:00,2026-07-06 22:59 Mon,,false,,,,false,oracle:Ford:66216
Ford:66501,Ford,German-speaking HR Associate - Sick Leave Administration,Hungary,,https://efds.fa.em5.oraclecloud.com/hcmUI/CandidateExperience/en/sites/CX_1/job/66501,2026-07-30,2026-07-30,2026-07-07T05:59:38+00:00,2026-07-06 22:59 Mon,,false,,,,false,oracle:Ford:66501
Ford:65788,Ford,German-Speaking Total Rewards Specialist,"Budapest, Kozep-Magyarorszag, Hungary",,https://efds.fa.em5.oraclecloud.com/hcmUI/CandidateExperience/en/sites/CX_1/job/65788,2026-07-02,2026-07-02,2026-07-07T05:59:38+00:00,2026-07-06 22:59 Mon,,false,,,,false,oracle:Ford:65788
Ford:66057,Ford,German-speaking Warranty Administrator,"Szentendre, Kozep-Magyarorszag, Hungary",,https://efds.fa.em5.oraclecloud.com/hcmUI/CandidateExperience/en/sites/CX_1/job/66057,2026-07-02,2026-07-02,2026-07-07T05:59:38+00:00,2026-07-06 22:59 Mon,,false,,,,false,oracle:Ford:66057
Ford:66578,Ford,Global Application Support Supervisor – Supply Chain Systems,India,,https://efds.fa.em5.oraclecloud.com/hcmUI/CandidateExperience/en/sites/CX_1/job/66578,2026-07-14,2026-07-14,2026-07-14T11:58:45+00:00,2026-07-14 04:58 Tue,,false,,,,false,oracle:Ford:66578
Ford:68344,Ford,Global CRM Product Manager - Omnichannel Personalization,"Dearborn, MI, United States",,https://efds.fa.em5.oraclecloud.com/hcmUI/CandidateExperience/en/sites/CX_1/job/68344,2026-08-13,2026-08-13,2026-08-13T14:59:45+00:00,2026-08-13 07:59 Thu,,false,,,,false,oracle:Ford:68344
Ford:64969,Ford,"Global Customer Relationship Center, Digital Experience Manager","Dearborn, MI, United States",,https://efds.fa.em5.oraclecloud.com/hcmUI/CandidateExperience/en/sites/CX_1/job/64969,2026-08-25,2026-08-25,2026-08-25T20:42:07+00:00,2026-08-25 13:42 Tue,,false,,,,false,oracle:Ford:64969
Ford:63448,Ford,"Global Director, Seating and Safety","Dearborn, MI, United States",,https://efds.fa.em5.oraclecloud.com/hcmUI/CandidateExperience/en/sites/CX_1/job/63448,2026-07-06,2026-07-06,2026-07-07T05:59:38+00:00,2026-07-06 22:59 Mon,,false,,,,false,oracle:Ford:63448
Ford:67992,Ford,Global Off-Road Marketing Manager,"Allen Park, MI, United States",,https://efds.fa.em5.oraclecloud.com/hcmUI/CandidateExperience/en/sites/CX_1/job/67992,2026-08-07,2026-08-07,2026-08-07T14:59:24+00:00,2026-08-07 07:59 Fri,,false,,,,false,oracle:Ford:67992
Ford:67280,Ford,Global Process Optimization Analyst,"Chennai, Tamil Nadu, India",,https://efds.fa.em5.oraclecloud.com/hcmUI/CandidateExperience/en/sites/CX_1/job/67280,2026-07-22,2026-07-22,2026-07-22T03:41:34+00:00,2026-07-21 20:41 Tue,,false,,,,false,oracle:Ford:67280
Ford:68195,Ford,"Global Supply Manager, Ford Energy","Dearborn, MI, United States",,https://efds.fa.em5.oraclecloud.com/hcmUI/CandidateExperience/en/sites/CX_1/job/68195,2026-08-18,2026-08-18,2026-08-18T21:29:21+00:00,2026-08-18 14:29 Tue,,false,,,,false,oracle:Ford:68195
Ford:68198,Ford,Group Product Manager,United States,,https://efds.fa.em5.oraclecloud.com/hcmUI/CandidateExperience/en/sites/CX_1/job/68198,2026-08-13,2026-08-13,2026-08-13T22:59:37+00:00,2026-08-13 15:59 Thu,,false,,,,false,oracle:Ford:68198
Ford:66184,Ford,Group Product Manager - Billing Modernization,"Dearborn, MI, United States",,https://efds.fa.em5.oraclecloud.com/hcmUI/CandidateExperience/en/sites/CX_1/job/66184,2026-07-22,2026-07-22,2026-07-22T22:59:20+00:00,2026-07-22 15:59 Wed,,false,,,,false,oracle:Ford:66184
Ford:69340,Ford,GSCI Analyst,"Chennai, Tamil Nadu, India",,https://efds.fa.em5.oraclecloud.com/hcmUI/CandidateExperience/en/sites/CX_1/job/69340,2026-08-26,2026-08-26,2026-08-26T16:41:49+00:00,2026-08-26 09:41 Wed,,false,,,,false,oracle:Ford:69340
Ford:66341,Ford,Hardware Engineer,"Dearborn, MI, United States",,https://efds.fa.em5.oraclecloud.com/hcmUI/CandidateExperience/en/sites/CX_1/job/66341,2026-07-09,2026-07-09,2026-07-09T16:54:05+00:00,2026-07-09 09:54 Thu,,false,,,,false,oracle:Ford:66341
Ford:65690,Ford,Head of Engineering Excellence,"Dunton, Essex, United Kingdom",,https://efds.fa.em5.oraclecloud.com/hcmUI/CandidateExperience/en/sites/CX_1/job/65690,2026-07-20,2026-07-20,2026-07-20T14:41:35+00:00,2026-07-20 07:41 Mon,,false,,,,false,oracle:Ford:65690
Ford:64761,Ford,Head of National & Key Accounts,"Dunton, Essex, United Kingdom",,https://efds.fa.em5.oraclecloud.com/hcmUI/CandidateExperience/en/sites/CX_1/job/64761,2026-09-03,2026-09-03,2026-09-03T19:37:21+00:00,2026-09-03 12:37 Thu,,false,,,,false,oracle:Ford:64761
Ford:62022,Ford,Head of Operations & Customer Service,"Köln, Nordrhein Westfalen, Germany",,https://efds.fa.em5.oraclecloud.com/hcmUI/CandidateExperience/en/sites/CX_1/job/62022,2026-07-14,2026-07-14,2026-07-14T08:40:54+00:00,2026-07-14 01:40 Tue,,false,,,,false,oracle:Ford:62022
Ford:66685,Ford,Head of Product Operations,"Dunton, Essex, United Kingdom",,https://efds.fa.em5.oraclecloud.com/hcmUI/CandidateExperience/en/sites/CX_1/job/66685,2026-07-29,2026-07-29,2026-07-10T15:37:18+00:00,2026-07-10 08:37 Fri,,false,,,,false,oracle:Ford:66685
Ford:68174,Ford,Head of Residual Value Risk,"Dunton, Essex, United Kingdom",,https://efds.fa.em5.oraclecloud.com/hcmUI/CandidateExperience/en/sites/CX_1/job/68174,2026-08-06,2026-08-06,2026-08-06T08:41:16+00:00,2026-08-06 01:41 Thu,,false,,,,false,oracle:Ford:68174
Ford:68929,Ford,Heat Treatment Manufacturing Engineer (Ohio),"Dearborn, MI, United States",,https://efds.fa.em5.oraclecloud.com/hcmUI/CandidateExperience/en/sites/CX_1/job/68929,2026-09-01,2026-09-01,2026-09-01T16:17:55+00:00,2026-09-01 09:17 Tue,,false,,,,false,oracle:Ford:68929
Ford:69712,Ford,High Voltage Battery Thermal CAE Engineer,"Dearborn, MI, United States",,https://efds.fa.em5.oraclecloud.com/hcmUI/CandidateExperience/en/sites/CX_1/job/69712,2026-09-01,2026-09-01,2026-09-01T16:17:55+00:00,2026-09-01 09:17 Tue,,false,,,,false,oracle:Ford:69712
Ford:67855,Ford,HiL Delivery Supervisor,"Naucalpan de Juarez, MEX, Mexico",,https://efds.fa.em5.oraclecloud.com/hcmUI/CandidateExperience/en/sites/CX_1/job/67855,2026-08-10,2026-08-10,2026-08-10T19:41:45+00:00,2026-08-10 12:41 Mon,,false,,,,false,oracle:Ford:67855
Ford:70142,Ford,HIL Electrical Systems Engineer,"Dearborn, MI, United States",,https://efds.fa.em5.oraclecloud.com/hcmUI/CandidateExperience/en/sites/CX_1/job/70142,2026-09-04,2026-09-04,2026-09-04T17:48:23+00:00,2026-09-04 10:48 Fri,,false,,,,false,oracle:Ford:70142
Ford:69779,Ford,HIL Solutions & Automation Engineer – AI,"Dearborn, MI, United States",,https://efds.fa.em5.oraclecloud.com/hcmUI/CandidateExperience/en/sites/CX_1/job/69779,2026-09-01,2026-09-01,2026-09-02T05:20:28+00:00,2026-09-01 22:20 Tue,,false,,,,false,oracle:Ford:69779
Ford:61659,Ford,HIL System Engineer,"Dearborn, MI, United States",,https://efds.fa.em5.oraclecloud.com/hcmUI/CandidateExperience/en/sites/CX_1/job/61659,2026-08-19,2026-08-19,2026-08-19T19:39:52+00:00,2026-08-19 12:39 Wed,Other Technical,true,CLI,22,"The candidate has strong Python/C++ development, computer vision, automation testing, debugging, and cross-functional experience, but lacks the required automotive validation background, dSPACE or NI HIL simulators, ADAS feature testing, SAFe, ASPICE, and ISO 26262 experience.",true,oracle:Ford:61659
Ford:63809,Ford,HiL Test Engineer - HV/EV Platform,"Dearborn, MI, United States",,https://efds.fa.em5.oraclecloud.com/hcmUI/CandidateExperience/en/sites/CX_1/job/63809,2026-07-18,2026-07-18,2026-07-18T04:20:03+00:00,2026-07-17 21:20 Fri,,false,,,,false,oracle:Ford:63809
Ford:66754,Ford,HIL Validation Engineer,"Dearborn, MI, United States",,https://efds.fa.em5.oraclecloud.com/hcmUI/CandidateExperience/en/sites/CX_1/job/66754,2026-07-22,2026-07-22,2026-07-22T14:59:53+00:00,2026-07-22 07:59 Wed,,false,,,,false,oracle:Ford:66754
Ford:66043,Ford,Hotline Technical  Advisor,"Chennai, Tamil Nadu, India",,https://efds.fa.em5.oraclecloud.com/hcmUI/CandidateExperience/en/sites/CX_1/job/66043,2026-07-09,2026-07-09,2026-07-09T06:36:10+00:00,2026-07-08 23:36 Wed,,false,,,,false,oracle:Ford:66043
Ford:69750,Ford,Hotline Technical Advisor,"Chennai, Tamil Nadu, India",,https://efds.fa.em5.oraclecloud.com/hcmUI/CandidateExperience/en/sites/CX_1/job/69750,2026-09-03,2026-09-03,2026-09-03T19:37:21+00:00,2026-09-03 12:37 Thu,,false,,,,false,oracle:Ford:69750
Ford:59260,Ford,Hourly Driver-Truck-Semi-Trailer (CDL A) - Dearborn Truck Plant (DTP),"Dearborn, MI, United States",,https://efds.fa.em5.oraclecloud.com/hcmUI/CandidateExperience/en/sites/CX_1/job/59260,2026-09-03,2026-09-03,2026-09-03T19:37:21+00:00,2026-09-03 12:37 Thu,,false,,,,false,oracle:Ford:59260
Ford:62395,Ford,Hourly Production Team Member - Temporary Full Time - Ohio Assembly Plant (OHAP),"Avon Lake, OH, United States",,https://efds.fa.em5.oraclecloud.com/hcmUI/CandidateExperience/en/sites/CX_1/job/62395,2026-07-23,2026-07-23,2026-07-23T12:59:21+00:00,2026-07-23 05:59 Thu,,false,,,,false,oracle:Ford:62395
Ford:70069,Ford,HR Business Partner,"Melbourne, Victoria, Australia",,https://efds.fa.em5.oraclecloud.com/hcmUI/CandidateExperience/en/sites/CX_1/job/70069,2026-09-02,2026-09-02,2026-09-02T15:15:02+00:00,2026-09-02 08:15 Wed,,false,,,,false,oracle:Ford:70069
Ford:65287,Ford,HR Operations Specialist (Automation & AI),"Naucalpan de Juarez, MEX, Mexico",,https://efds.fa.em5.oraclecloud.com/hcmUI/CandidateExperience/en/sites/CX_1/job/65287,2026-06-29,2026-06-29,2026-07-07T05:59:38+00:00,2026-07-06 22:59 Mon,,false,,,,false,oracle:Ford:65287
Ford:65901,Ford,HR Operations Specialist (Automation & AI),"Naucalpan de Juarez, MEX, Mexico",,https://efds.fa.em5.oraclecloud.com/hcmUI/CandidateExperience/en/sites/CX_1/job/65901,2026-08-18,2026-08-18,2026-08-18T18:53:47+00:00,2026-08-18 11:53 Tue,,false,,,,false,oracle:Ford:65901
Ford:69556,Ford,HR Technology Specialist,"Budapest, Kozep-Magyarorszag, Hungary",,https://efds.fa.em5.oraclecloud.com/hcmUI/CandidateExperience/en/sites/CX_1/job/69556,2026-08-25,2026-08-25,2026-08-25T12:42:02+00:00,2026-08-25 05:42 Tue,,false,,,,false,oracle:Ford:69556
Ford:69094,Ford,"HRBP, Generalist","Wayne, MI, United States",,https://efds.fa.em5.oraclecloud.com/hcmUI/CandidateExperience/en/sites/CX_1/job/69094,2026-08-24,2026-08-24,2026-08-24T20:59:47+00:00,2026-08-24 13:59 Mon,,false,,,,false,oracle:Ford:69094
Ford:64438,Ford,"Human Resources Associate, Ford Energy","Glendale, KY, United States",,https://efds.fa.em5.oraclecloud.com/hcmUI/CandidateExperience/en/sites/CX_1/job/64438,2026-08-05,2026-08-05,2026-08-05T17:59:55+00:00,2026-08-05 10:59 Wed,,false,,,,false,oracle:Ford:64438
Ford:69577,Ford,Human Resources Business Partner (HRBP),"Brook Park, OH, United States",,https://efds.fa.em5.oraclecloud.com/hcmUI/CandidateExperience/en/sites/CX_1/job/69577,2026-08-26,2026-08-26,2026-08-26T14:41:56+00:00,2026-08-26 07:41 Wed,,false,,,,false,oracle:Ford:69577
Ford:68018,Ford,Human Resources Shared Service Consultant,"Naucalpan de Juarez, MEX, Mexico",,https://efds.fa.em5.oraclecloud.com/hcmUI/CandidateExperience/en/sites/CX_1/job/68018,2026-08-27,2026-08-27,2026-08-27T16:42:07+00:00,2026-08-27 09:42 Thu,,false,,,,false,oracle:Ford:68018
Ford:67543,Ford,Hyper Automation & AI Software Engineer – Business Integration,"Naucalpan de Juarez, MEX, Mexico",,https://efds.fa.em5.oraclecloud.com/hcmUI/CandidateExperience/en/sites/CX_1/job/67543,2026-08-05,2026-08-05,2026-08-05T18:41:57+00:00,2026-08-05 11:41 Wed,,false,,,,false,oracle:Ford:67543
Ford:69227,Ford,Ice Propulsion Thermal System Buyer,"Dearborn, MI, United States",,https://efds.fa.em5.oraclecloud.com/hcmUI/CandidateExperience/en/sites/CX_1/job/69227,2026-08-31,2026-08-31,2026-08-31T16:41:55+00:00,2026-08-31 09:41 Mon,,false,,,,false,oracle:Ford:69227
Ford:68561,Ford,Identity Platform Engineering Manager,United States,,https://efds.fa.em5.oraclecloud.com/hcmUI/CandidateExperience/en/sites/CX_1/job/68561,2026-09-04,2026-09-04,2026-08-19T20:18:01+00:00,2026-08-19 13:18 Wed,Software Engineering,true,CLI,3,"The candidate has strong computer vision and software engineering experience but lacks the required enterprise identity and access management expertise, 10+ years of experience, and engineering management leadership.",true,oracle:Ford:68561
Ford:60696,Ford,Identity Security Operations Engineer,India,,https://efds.fa.em5.oraclecloud.com/hcmUI/CandidateExperience/en/sites/CX_1/job/60696,2026-08-12,2026-08-12,2026-08-12T07:17:29+00:00,2026-08-12 00:17 Wed,,false,,,,false,oracle:Ford:60696
Ford:69489,Ford,Identity Security Operations Engineer,India,,https://efds.fa.em5.oraclecloud.com/hcmUI/CandidateExperience/en/sites/CX_1/job/69489,2026-08-21,2026-08-21,2026-08-21T11:59:20+00:00,2026-08-21 04:59 Fri,,false,,,,false,oracle:Ford:69489
Ford:66626,Ford,IERP Release Analyst,India,,https://efds.fa.em5.oraclecloud.com/hcmUI/CandidateExperience/en/sites/CX_1/job/66626,2026-07-24,2026-07-24,2026-07-24T10:41:13+00:00,2026-07-24 03:41 Fri,,false,,,,false,oracle:Ford:66626
Ford:67894,Ford,IMG FCSD Service Parts & Synergy Buyer,"Bangkok, Bangkok, Thailand",,https://efds.fa.em5.oraclecloud.com/hcmUI/CandidateExperience/en/sites/CX_1/job/67894,2026-07-30,2026-07-30,2026-07-30T06:59:09+00:00,2026-07-29 23:59 Wed,,false,,,,false,oracle:Ford:67894
Ford:66103,Ford,IMG IT Business Office Lead,"Chennai, Tamil Nadu, India",,https://efds.fa.em5.oraclecloud.com/hcmUI/CandidateExperience/en/sites/CX_1/job/66103,2026-07-07,2026-07-07,2026-07-07T13:43:37+00:00,2026-07-07 06:43 Tue,,false,,,,false,oracle:Ford:66103
Ford:63894,Ford,IMG IT Pro Website Architect,"Chennai, Tamil Nadu, India",,https://efds.fa.em5.oraclecloud.com/hcmUI/CandidateExperience/en/sites/CX_1/job/63894,2026-09-04,2026-09-04,2026-09-04T14:51:38+00:00,2026-09-04 07:51 Fri,,false,,,,false,oracle:Ford:63894
Ford:68260,Ford,IMG Material Flow and Packaging Engineer,"Rayong, Thailand",,https://efds.fa.em5.oraclecloud.com/hcmUI/CandidateExperience/en/sites/CX_1/job/68260,2026-08-05,2026-08-05,2026-08-05T02:59:07+00:00,2026-08-04 19:59 Tue,,false,,,,false,oracle:Ford:68260
Ford:68261,Ford,IMG Material Flow and Packaging Engineer,"Rayong, Thailand",,https://efds.fa.em5.oraclecloud.com/hcmUI/CandidateExperience/en/sites/CX_1/job/68261,2026-08-05,2026-08-05,2026-08-05T09:41:39+00:00,2026-08-05 02:41 Wed,,false,,,,false,oracle:Ford:68261
Ford:68262,Ford,IMG Material Flow and Packaging Engineer,"Rayong, Thailand",,https://efds.fa.em5.oraclecloud.com/hcmUI/CandidateExperience/en/sites/CX_1/job/68262,2026-08-05,2026-08-05,2026-08-05T09:41:39+00:00,2026-08-05 02:41 Wed,,false,,,,false,oracle:Ford:68262
Ford:66484,Ford,IMG MFG IT Software Engineer,"Chennai, Tamil Nadu, India",,https://efds.fa.em5.oraclecloud.com/hcmUI/CandidateExperience/en/sites/CX_1/job/66484,2026-07-09,2026-07-09,2026-07-09T11:46:18+00:00,2026-07-09 04:46 Thu,,false,,,,false,oracle:Ford:66484
Ford:69624,Ford,IMG Strategy Director,"Bangkok, Thailand",,https://efds.fa.em5.oraclecloud.com/hcmUI/CandidateExperience/en/sites/CX_1/job/69624,2026-08-25,2026-08-25,2026-08-25T09:42:07+00:00,2026-08-25 02:42 Tue,,false,,,,false,oracle:Ford:69624
Ford:67020,Ford,Implementation Specialist,United States,,https://efds.fa.em5.oraclecloud.com/hcmUI/CandidateExperience/en/sites/CX_1/job/67020,2026-08-10,2026-08-10,2026-08-10T20:59:34+00:00,2026-08-10 13:59 Mon,,false,,,,false,oracle:Ford:67020
Ford:65092,Ford,In-Vehicle Infotainment Software Design & Release Engineer,"Dearborn, MI, United States",,https://efds.fa.em5.oraclecloud.com/hcmUI/CandidateExperience/en/sites/CX_1/job/65092,2026-07-10,2026-07-10,2026-07-10T14:54:12+00:00,2026-07-10 07:54 Fri,,false,,,,false,oracle:Ford:65092
Ford:64402,Ford,In-Vehicle Network Systems Engineer,"Allen Park, MI, United States",,https://efds.fa.em5.oraclecloud.com/hcmUI/CandidateExperience/en/sites/CX_1/job/64402,2026-07-15,2026-07-15,2026-07-15T16:41:30+00:00,2026-07-15 09:41 Wed,,false,,,,false,oracle:Ford:64402
Ford:67671,Ford,In-Vehicle Software Architect - Networking,"Allen Park, MI, United States",,https://efds.fa.em5.oraclecloud.com/hcmUI/CandidateExperience/en/sites/CX_1/job/67671,2026-07-27,2026-07-27,2026-08-03T09:21:28+00:00,2026-08-03 02:21 Mon,,false,,,,false,oracle:Ford:67671
Ford:63862,Ford,"Incoming Supplier Quality Engineering Specialist, BlueOval Battery Park Michigan","Marshall, MI, United States",,https://efds.fa.em5.oraclecloud.com/hcmUI/CandidateExperience/en/sites/CX_1/job/63862,2026-07-29,2026-07-29,2026-07-29T19:59:44+00:00,2026-07-29 12:59 Wed,,false,,,,false,oracle:Ford:63862
Ford:68267,Ford,Indirect Procurement Buyer,"Chennai, Tamil Nadu, India",,https://efds.fa.em5.oraclecloud.com/hcmUI/CandidateExperience/en/sites/CX_1/job/68267,2026-08-17,2026-08-17,2026-08-17T07:41:08+00:00,2026-08-17 00:41 Mon,,false,,,,false,oracle:Ford:68267
Ford:65988,Ford,Indirect Procurement Program Strategy & Analytics Lead,"Dearborn, MI, United States",,https://efds.fa.em5.oraclecloud.com/hcmUI/CandidateExperience/en/sites/CX_1/job/65988,2026-08-18,2026-08-18,2026-07-07T05:59:38+00:00,2026-07-06 22:59 Mon,,false,,,,false,oracle:Ford:65988
Ford:69735,Ford,Industrial Controls Leader,"Dearborn, MI, United States",,https://efds.fa.em5.oraclecloud.com/hcmUI/CandidateExperience/en/sites/CX_1/job/69735,2026-09-02,2026-09-02,2026-09-02T15:15:02+00:00,2026-09-02 08:15 Wed,,false,,,,false,oracle:Ford:69735
Ford:63323,Ford,Industrial Designer - Components,"Dearborn, MI, United States",,https://efds.fa.em5.oraclecloud.com/hcmUI/CandidateExperience/en/sites/CX_1/job/63323,2026-09-03,2026-09-03,2026-09-03T19:37:21+00:00,2026-09-03 12:37 Thu,,false,,,,false,oracle:Ford:63323
Ford:52752,Ford,Industrial Electrician - Cleveland Engine Plant (CEP),"Brook Park, OH, United States",,https://efds.fa.em5.oraclecloud.com/hcmUI/CandidateExperience/en/sites/CX_1/job/52752,2026-09-02,2026-09-02,2026-09-03T04:50:24+00:00,2026-09-02 21:50 Wed,AI / ML,true,CLI,2,"The candidate is a computer vision and software engineer with no demonstrated electrical apprenticeship, industrial electrician experience, PLC or ladder-logic proficiency, or robotic and electrical systems troubleshooting background.",false,oracle:Ford:52752
Ford:65746,Ford,Industrial Engineer,"Avon Lake, OH, United States",,https://efds.fa.em5.oraclecloud.com/hcmUI/CandidateExperience/en/sites/CX_1/job/65746,2026-07-03,2026-07-03,2026-07-07T05:59:38+00:00,2026-07-06 22:59 Mon,,false,,,,false,oracle:Ford:65746
Ford:66192,Ford,Industrial Engineer,"Dearborn, MI, United States",,https://efds.fa.em5.oraclecloud.com/hcmUI/CandidateExperience/en/sites/CX_1/job/66192,2026-06-30,2026-06-30,2026-07-07T05:59:38+00:00,2026-07-06 22:59 Mon,,false,,,,false,oracle:Ford:66192
Ford:68351,Ford,Industrial Engineer,"Windsor, ON, Canada",,https://efds.fa.em5.oraclecloud.com/hcmUI/CandidateExperience/en/sites/CX_1/job/68351,2026-08-12,2026-08-12,2026-08-12T15:59:58+00:00,2026-08-12 08:59 Wed,,false,,,,false,oracle:Ford:68351
Ford:69765,Ford,Industrial Engineer,"Dearborn, MI, United States",,https://efds.fa.em5.oraclecloud.com/hcmUI/CandidateExperience/en/sites/CX_1/job/69765,2026-09-01,2026-09-01,2026-09-02T05:20:28+00:00,2026-09-01 22:20 Tue,,false,,,,false,oracle:Ford:69765
Ford:64765,Ford,"Industrial Engineer, BlueOval Battery Park Michigan","Marshall, MI, United States",,https://efds.fa.em5.oraclecloud.com/hcmUI/CandidateExperience/en/sites/CX_1/job/64765,2026-07-07,2026-07-07,2026-07-08T02:45:08+00:00,2026-07-07 19:45 Tue,,false,,,,false,oracle:Ford:64765
Ford:69107,Ford,"Industrial Engineer, BlueOval Battery Park Michigan","Marshall, MI, United States",,https://efds.fa.em5.oraclecloud.com/hcmUI/CandidateExperience/en/sites/CX_1/job/69107,2026-08-25,2026-08-25,2026-08-25T17:42:09+00:00,2026-08-25 10:42 Tue,,false,,,,false,oracle:Ford:69107
Ford:67864,Ford,"Industrial Firefighter/Emergency Response Technician, BlueOval Battery Park Michigan, PACK","Marshall, MI, United States",,https://efds.fa.em5.oraclecloud.com/hcmUI/CandidateExperience/en/sites/CX_1/job/67864,2026-07-29,2026-07-29,2026-08-03T09:21:28+00:00,2026-08-03 02:21 Mon,,false,,,,false,oracle:Ford:67864
Ford:65508,Ford,"Industrial Hygienist, BlueOval Battery Park Michigan","Marshall, MI, United States",,https://efds.fa.em5.oraclecloud.com/hcmUI/CandidateExperience/en/sites/CX_1/job/65508,2026-08-26,2026-08-26,2026-08-26T12:59:32+00:00,2026-08-26 05:59 Wed,,false,,,,false,oracle:Ford:65508
Ford:62785,Ford,Industrial System Transformation Supervisor,"Dearborn, MI, United States",,https://efds.fa.em5.oraclecloud.com/hcmUI/CandidateExperience/en/sites/CX_1/job/62785,2026-07-14,2026-07-14,2026-07-14T15:41:54+00:00,2026-07-14 08:41 Tue,,false,,,,false,oracle:Ford:62785
Ford:67885,Ford,Industrial Truck Mechanic - Kansas City Assembly Plant (KCAP),"Kansas City, MO, United States",,https://efds.fa.em5.oraclecloud.com/hcmUI/CandidateExperience/en/sites/CX_1/job/67885,2026-07-30,2026-07-30,2026-07-30T01:05:42+00:00,2026-07-29 18:05 Wed,,false,,,,false,oracle:Ford:67885
Ford:66277,Ford,Informatica IDMC Developer,"Chennai, Tamil Nadu, India",,https://efds.fa.em5.oraclecloud.com/hcmUI/CandidateExperience/en/sites/CX_1/job/66277,2026-07-13,2026-07-13,2026-07-13T07:43:05+00:00,2026-07-13 00:43 Mon,,false,,,,false,oracle:Ford:66277
Ford:68379,Ford,Informatica MDM Technical Lead,United States,,https://efds.fa.em5.oraclecloud.com/hcmUI/CandidateExperience/en/sites/CX_1/job/68379,2026-08-14,2026-08-14,2026-08-14T15:41:37+00:00,2026-08-14 08:41 Fri,,false,,,,false,oracle:Ford:68379
Ford:67883,Ford,Inspector - Tooling & Layout - Kansas City Assembly Plant (KCAP),"Kansas City, MO, United States",,https://efds.fa.em5.oraclecloud.com/hcmUI/CandidateExperience/en/sites/CX_1/job/67883,2026-07-30,2026-07-30,2026-07-30T00:59:28+00:00,2026-07-29 17:59 Wed,,false,,,,false,oracle:Ford:67883
Ford:68489,Ford,Integrated Services Analytics Product Manager,United States,,https://efds.fa.em5.oraclecloud.com/hcmUI/CandidateExperience/en/sites/CX_1/job/68489,2026-08-20,2026-08-20,2026-08-20T21:59:28+00:00,2026-08-20 14:59 Thu,,false,,,,false,oracle:Ford:68489
Ford:66321,Ford,Interaction Engineer,"Allen Park, MI, United States",,https://efds.fa.em5.oraclecloud.com/hcmUI/CandidateExperience/en/sites/CX_1/job/66321,2026-06-30,2026-06-30,2026-07-07T05:59:38+00:00,2026-07-06 22:59 Mon,,false,,,,false,oracle:Ford:66321
Ford:65783,Ford,Intercompany Associate,"Chennai, Tamil Nadu, India",,https://efds.fa.em5.oraclecloud.com/hcmUI/CandidateExperience/en/sites/CX_1/job/65783,2026-07-24,2026-07-24,2026-07-24T09:17:23+00:00,2026-07-24 02:17 Fri,,false,,,,false,oracle:Ford:65783
Ford:67275,Ford,Interior PD Quality Supervisor,"Dearborn, MI, United States",,https://efds.fa.em5.oraclecloud.com/hcmUI/CandidateExperience/en/sites/CX_1/job/67275,2026-07-28,2026-07-28,2026-07-28T16:17:40+00:00,2026-07-28 09:17 Tue,,false,,,,false,oracle:Ford:67275
Ford:69447,Ford,Interior Systems Engineer,"Long Beach, CA, United States",,https://efds.fa.em5.oraclecloud.com/hcmUI/CandidateExperience/en/sites/CX_1/job/69447,2026-08-24,2026-08-24,2026-08-24T14:42:02+00:00,2026-08-24 07:42 Mon,Computer Vision,true,Keyword,58,keyword-only heuristic,true,oracle:Ford:69447
Ford:66969,Ford,Interior Systems Engineer Soft Trim,"Long Beach, CA, United States",,https://efds.fa.em5.oraclecloud.com/hcmUI/CandidateExperience/en/sites/CX_1/job/66969,2026-07-20,2026-07-20,2026-07-20T15:17:46+00:00,2026-07-20 08:17 Mon,,false,,,,false,oracle:Ford:66969
Ford:67596,Ford,Interior Trim Design and Release Engineer,"Naucalpan de Juarez, MEX, Mexico",,https://efds.fa.em5.oraclecloud.com/hcmUI/CandidateExperience/en/sites/CX_1/job/67596,2026-08-05,2026-08-05,2026-08-05T17:42:19+00:00,2026-08-05 10:42 Wed,,false,,,,false,oracle:Ford:67596
Ford:66034,Ford,Internal Control Analyst,"Dearborn, MI, United States",,https://efds.fa.em5.oraclecloud.com/hcmUI/CandidateExperience/en/sites/CX_1/job/66034,2026-07-28,2026-07-28,2026-07-07T05:59:38+00:00,2026-07-06 22:59 Mon,,false,,,,false,oracle:Ford:66034
Ford:67368,Ford,Internal Control Analyst,"Chennai, Tamil Nadu, India",,https://efds.fa.em5.oraclecloud.com/hcmUI/CandidateExperience/en/sites/CX_1/job/67368,2026-07-27,2026-07-27,2026-07-27T07:59:05+00:00,2026-07-27 00:59 Mon,,false,,,,false,oracle:Ford:67368
Ford:66164,Ford,Internal Control Coordinator,"Szentendre, Kozep-Magyarorszag, Hungary",,https://efds.fa.em5.oraclecloud.com/hcmUI/CandidateExperience/en/sites/CX_1/job/66164,2026-07-02,2026-07-02,2026-07-07T05:59:38+00:00,2026-07-06 22:59 Mon,,false,,,,false,oracle:Ford:66164
Ford:67637,Ford,Internal Control Coordinator,"Szentendre, Kozep-Magyarorszag, Hungary",,https://efds.fa.em5.oraclecloud.com/hcmUI/CandidateExperience/en/sites/CX_1/job/67637,2026-08-03,2026-08-03,2026-08-03T14:41:22+00:00,2026-08-03 07:41 Mon,,false,,,,false,oracle:Ford:67637
Ford:67798,Ford,Internal Control Manager - FCSD,"Dearborn, MI, United States",,https://efds.fa.em5.oraclecloud.com/hcmUI/CandidateExperience/en/sites/CX_1/job/67798,2026-08-05,2026-08-05,2026-08-05T01:41:45+00:00,2026-08-04 18:41 Tue,,false,,,,false,oracle:Ford:67798
Ford:69212,Ford,Internal Controls Analyst,"Dearborn, MI, United States",,https://efds.fa.em5.oraclecloud.com/hcmUI/CandidateExperience/en/sites/CX_1/job/69212,2026-08-25,2026-08-25,2026-08-25T16:55:14+00:00,2026-08-25 09:55 Tue,,false,,,,false,oracle:Ford:69212
Ford:67129,Ford,Internal Logistics Team Manager,"Hermosillo, SON, Mexico",,https://efds.fa.em5.oraclecloud.com/hcmUI/CandidateExperience/en/sites/CX_1/job/67129,2026-07-20,2026-07-20,2026-07-20T18:17:25+00:00,2026-07-20 11:17 Mon,,false,,,,false,oracle:Ford:67129
Ford:70071,Ford,Inventory Analyst,"Chennai, Tamil Nadu, India",,https://efds.fa.em5.oraclecloud.com/hcmUI/CandidateExperience/en/sites/CX_1/job/70071,2026-09-04,2026-09-04,2026-09-04T14:51:38+00:00,2026-09-04 07:51 Fri,,false,,,,false,oracle:Ford:70071
Ford:65530,Ford,Inverter Manufacturing Engineer,"Dearborn, MI, United States",,https://efds.fa.em5.oraclecloud.com/hcmUI/CandidateExperience/en/sites/CX_1/job/65530,2026-08-12,2026-08-12,2026-08-12T14:41:51+00:00,2026-08-12 07:41 Wed,,false,,,,false,oracle:Ford:65530
Ford:66721,Ford,Investigator,"Dearborn, MI, United States",,https://efds.fa.em5.oraclecloud.com/hcmUI/CandidateExperience/en/sites/CX_1/job/66721,2026-07-21,2026-07-21,2026-07-21T20:41:32+00:00,2026-07-21 13:41 Tue,,false,,,,false,oracle:Ford:66721
Ford:66524,Ford,Invoice Processing Analyst,"Coimbatore, Tamil Nadu, India",,https://efds.fa.em5.oraclecloud.com/hcmUI/CandidateExperience/en/sites/CX_1/job/66524,2026-07-23,2026-07-23,2026-07-23T04:41:13+00:00,2026-07-22 21:41 Wed,,false,,,,false,oracle:Ford:66524
Ford:66970,Ford,iOS Software Engineer,United States,,https://efds.fa.em5.oraclecloud.com/hcmUI/CandidateExperience/en/sites/CX_1/job/66970,2026-07-17,2026-07-17,2026-07-17T10:59:26+00:00,2026-07-17 03:59 Fri,Software Engineering,true,Keyword,40,keyword-only heuristic,false,oracle:Ford:66970
Ford:69516,Ford,"IT Manager, End User Support Specialist, BlueOval Battery Park Michigan","Marshall, MI, United States",,https://efds.fa.em5.oraclecloud.com/hcmUI/CandidateExperience/en/sites/CX_1/job/69516,2026-08-26,2026-08-26,2026-08-26T18:17:46+00:00,2026-08-26 11:17 Wed,,false,,,,false,oracle:Ford:69516
Ford:68546,Ford,IT Plant Manager,"Cuautitlan, MEX, Mexico",,https://efds.fa.em5.oraclecloud.com/hcmUI/CandidateExperience/en/sites/CX_1/job/68546,2026-08-21,2026-08-21,2026-08-21T16:41:54+00:00,2026-08-21 09:41 Fri,,false,,,,false,oracle:Ford:68546
Ford:69118,Ford,IT Product Manager,"Dearborn, MI, United States",,https://efds.fa.em5.oraclecloud.com/hcmUI/CandidateExperience/en/sites/CX_1/job/69118,2026-09-03,2026-09-03,2026-09-03T19:37:21+00:00,2026-09-03 12:37 Thu,Computer Vision,true,CLI,12,"The candidate has strong computer vision and software engineering experience but lacks IT product management, automotive or PLM/BOM expertise, 3DEXPERIENCE/ENOVIA, propulsion engineering data, and the required 6+ years of related experience.",false,oracle:Ford:69118
Ford:66294,Ford,IVI AI Platform Product Development Engineer,"Dearborn, MI, United States",,https://efds.fa.em5.oraclecloud.com/hcmUI/CandidateExperience/en/sites/CX_1/job/66294,2026-07-07,2026-07-07,2026-07-08T02:45:08+00:00,2026-07-07 19:45 Tue,,false,,,,false,oracle:Ford:66294
Ford:67212,Ford,IVI Hardware Architecture - Technical Specialist,"Dearborn, MI, United States",,https://efds.fa.em5.oraclecloud.com/hcmUI/CandidateExperience/en/sites/CX_1/job/67212,2026-08-08,2026-08-08,2026-08-08T00:41:37+00:00,2026-08-07 17:41 Fri,,false,,,,false,oracle:Ford:67212
Ford:67604,Ford,IVI Subsystem Design Verification Supervisor,"Naucalpan de Juarez, MEX, Mexico",,https://efds.fa.em5.oraclecloud.com/hcmUI/CandidateExperience/en/sites/CX_1/job/67604,2026-08-04,2026-08-04,2026-08-04T16:59:26+00:00,2026-08-04 09:59 Tue,,false,,,,false,oracle:Ford:67604
Ford:67286,Ford,Java Full Stack Developer,"Chennai, Tamil Nadu, India",,https://efds.fa.em5.oraclecloud.com/hcmUI/CandidateExperience/en/sites/CX_1/job/67286,2026-07-21,2026-07-21,2026-07-21T09:17:19+00:00,2026-07-21 02:17 Tue,,false,,,,false,oracle:Ford:67286
Ford:65071,Ford,Jira Administration Engineer,"Dearborn, MI, United States",,https://efds.fa.em5.oraclecloud.com/hcmUI/CandidateExperience/en/sites/CX_1/job/65071,2026-08-29,2026-08-29,2026-08-29T15:17:19+00:00,2026-08-29 08:17 Sat,Other Technical,true,Keyword,51,title-only listing; auto-passed (no description to score),true,oracle:Ford:65071
Ford:66938,Ford,Joining Engineer,"Avon Lake, OH, United States",,https://efds.fa.em5.oraclecloud.com/hcmUI/CandidateExperience/en/sites/CX_1/job/66938,2026-07-22,2026-07-22,2026-07-22T13:41:40+00:00,2026-07-22 06:41 Wed,,false,,,,false,oracle:Ford:66938
Ford:66572,Ford,Joining Engineering Specialist (KTP),"Louisville, KY, United States",,https://efds.fa.em5.oraclecloud.com/hcmUI/CandidateExperience/en/sites/CX_1/job/66572,2026-07-20,2026-07-20,2026-07-20T16:41:51+00:00,2026-07-20 09:41 Mon,,false,,,,false,oracle:Ford:66572
Ford:69941,Ford,Jr Full stack Web development Engineer,"Naucalpan de Juarez, MEX, Mexico",,https://efds.fa.em5.oraclecloud.com/hcmUI/CandidateExperience/en/sites/CX_1/job/69941,2026-09-02,2026-09-02,2026-09-02T18:45:15+00:00,2026-09-02 11:45 Wed,,false,,,,false,oracle:Ford:69941
Ford:66209,Ford,Junior Credit Control Analyst,"Szentendre, Kozep-Magyarorszag, Hungary",,https://efds.fa.em5.oraclecloud.com/hcmUI/CandidateExperience/en/sites/CX_1/job/66209,2026-06-30,2026-06-30,2026-07-07T05:59:38+00:00,2026-07-06 22:59 Mon,,false,,,,false,oracle:Ford:66209
Ford:68189,Ford,Junior Engineer,"Chennai, Tamil Nadu, India",,https://efds.fa.em5.oraclecloud.com/hcmUI/CandidateExperience/en/sites/CX_1/job/68189,2026-08-10,2026-08-10,2026-08-10T14:00:11+00:00,2026-08-10 07:00 Mon,,false,,,,false,oracle:Ford:68189
Ford:69302,Ford,Junior Finance Analyst,"Szentendre, Kozep-Magyarorszag, Hungary",,https://efds.fa.em5.oraclecloud.com/hcmUI/CandidateExperience/en/sites/CX_1/job/69302,2026-08-19,2026-08-19,2026-08-19T13:36:53+00:00,2026-08-19 06:36 Wed,,false,,,,false,oracle:Ford:69302
Ford:67290,Ford,Junior Kreditanalyst (m/w/d),"Köln, Nordrhein Westfalen, Germany",,https://efds.fa.em5.oraclecloud.com/hcmUI/CandidateExperience/en/sites/CX_1/job/67290,2026-07-24,2026-07-24,2026-07-24T10:59:06+00:00,2026-07-24 03:59 Fri,,false,,,,false,oracle:Ford:67290
Ford:67048,Ford,Junior Process Engineer - Powertrain Assembly,"Chennai, Tamil Nadu, India",,https://efds.fa.em5.oraclecloud.com/hcmUI/CandidateExperience/en/sites/CX_1/job/67048,2026-08-12,2026-08-12,2026-08-12T04:17:06+00:00,2026-08-11 21:17 Tue,,false,,,,false,oracle:Ford:67048
Ford:67138,Ford,Junior Process Engineer - Powertrain Assembly,"Chennai, Tamil Nadu, India",,https://efds.fa.em5.oraclecloud.com/hcmUI/CandidateExperience/en/sites/CX_1/job/67138,2026-08-12,2026-08-12,2026-08-12T04:17:06+00:00,2026-08-11 21:17 Tue,,false,,,,false,oracle:Ford:67138
Ford:67141,Ford,Junior Process Engineer - Powertrain Assembly,"Chennai, Tamil Nadu, India",,https://efds.fa.em5.oraclecloud.com/hcmUI/CandidateExperience/en/sites/CX_1/job/67141,2026-08-12,2026-08-12,2026-08-12T04:17:06+00:00,2026-08-11 21:17 Tue,,false,,,,false,oracle:Ford:67141
Ford:68278,Ford,Junior Process Engineer - Powertrain Assembly,"Chennai, Tamil Nadu, India",,https://efds.fa.em5.oraclecloud.com/hcmUI/CandidateExperience/en/sites/CX_1/job/68278,2026-08-12,2026-08-12,2026-08-12T04:17:06+00:00,2026-08-11 21:17 Tue,,false,,,,false,oracle:Ford:68278
Ford:67051,Ford,Junior Process Engineer - Powertrain Assembly,"Chennai, Tamil Nadu, India",,https://efds.fa.em5.oraclecloud.com/hcmUI/CandidateExperience/en/sites/CX_1/job/67051,2026-08-12,2026-08-12,2026-08-12T04:31:15+00:00,2026-08-11 21:31 Tue,,false,,,,false,oracle:Ford:67051
Ford:67052,Ford,Junior Process Engineer - Powertrain Assembly,"Chennai, Tamil Nadu, India",,https://efds.fa.em5.oraclecloud.com/hcmUI/CandidateExperience/en/sites/CX_1/job/67052,2026-08-12,2026-08-12,2026-08-12T04:31:15+00:00,2026-08-11 21:31 Tue,,false,,,,false,oracle:Ford:67052
Ford:67054,Ford,Junior Process Engineer - Powertrain Assembly,"Chennai, Tamil Nadu, India",,https://efds.fa.em5.oraclecloud.com/hcmUI/CandidateExperience/en/sites/CX_1/job/67054,2026-08-12,2026-08-12,2026-08-12T04:31:15+00:00,2026-08-11 21:31 Tue,,false,,,,false,oracle:Ford:67054
Ford:67076,Ford,Junior Process Engineer - Powertrain Assembly,"Chennai, Tamil Nadu, India",,https://efds.fa.em5.oraclecloud.com/hcmUI/CandidateExperience/en/sites/CX_1/job/67076,2026-08-12,2026-08-12,2026-08-12T04:31:15+00:00,2026-08-11 21:31 Tue,,false,,,,false,oracle:Ford:67076
Ford:67565,Ford,Junior Process Engineer - Powertrain Assembly,"Chennai, Tamil Nadu, India",,https://efds.fa.em5.oraclecloud.com/hcmUI/CandidateExperience/en/sites/CX_1/job/67565,2026-08-12,2026-08-12,2026-08-12T04:31:15+00:00,2026-08-11 21:31 Tue,,false,,,,false,oracle:Ford:67565
Ford:69628,Ford,Junior Product Specialist,"Budapest, Kozep-Magyarorszag, Hungary",,https://efds.fa.em5.oraclecloud.com/hcmUI/CandidateExperience/en/sites/CX_1/job/69628,2026-08-27,2026-08-27,2026-08-27T07:41:48+00:00,2026-08-27 00:41 Thu,,false,,,,false,oracle:Ford:69628
Ford:66977,Ford,"Junior Spezialist ICAAP, Stresstesting & Risikoinventur (m/w/d)","Köln, Nordrhein Westfalen, Germany",,https://efds.fa.em5.oraclecloud.com/hcmUI/CandidateExperience/en/sites/CX_1/job/66977,2026-07-16,2026-07-16,2026-07-16T09:29:46+00:00,2026-07-16 02:29 Thu,,false,,,,false,oracle:Ford:66977
Ford:67283,Ford,Junior Spezialist Remarketing (m/w/d),"Köln, Nordrhein Westfalen, Germany",,https://efds.fa.em5.oraclecloud.com/hcmUI/CandidateExperience/en/sites/CX_1/job/67283,2026-07-27,2026-07-27,2026-07-27T12:40:16+00:00,2026-07-27 05:40 Mon,,false,,,,false,oracle:Ford:67283
Ford:67971,Ford,Kinaxis Analyst,"Chennai, Tamil Nadu, India",,https://efds.fa.em5.oraclecloud.com/hcmUI/CandidateExperience/en/sites/CX_1/job/67971,2026-08-10,2026-08-10,2026-08-10T06:59:07+00:00,2026-08-09 23:59 Sun,,false,,,,false,oracle:Ford:67971
Ford:65301,Ford,Kubernetes Developer / Engineer,"Chennai, Tamil Nadu, India",,https://efds.fa.em5.oraclecloud.com/hcmUI/CandidateExperience/en/sites/CX_1/job/65301,2026-07-07,2026-07-07,2026-07-07T13:43:37+00:00,2026-07-07 06:43 Tue,,false,,,,false,oracle:Ford:65301
Ford:66139,Ford,"Labor Specialist, Supply Operations Team","Dearborn, MI, United States",,https://efds.fa.em5.oraclecloud.com/hcmUI/CandidateExperience/en/sites/CX_1/job/66139,2026-07-07,2026-07-07,2026-07-08T02:45:08+00:00,2026-07-07 19:45 Tue,,false,,,,false,oracle:Ford:66139
Ford:69307,Ford,Lagerist (m/w/d),"Köln, Nordrhein Westfalen, Germany",,https://efds.fa.em5.oraclecloud.com/hcmUI/CandidateExperience/en/sites/CX_1/job/69307,2026-08-19,2026-08-19,2026-08-19T12:41:19+00:00,2026-08-19 05:41 Wed,,false,,,,false,oracle:Ford:69307
Ford:67941,Ford,Launch Engineer,"Avon Lake, OH, United States",,https://efds.fa.em5.oraclecloud.com/hcmUI/CandidateExperience/en/sites/CX_1/job/67941,2026-08-24,2026-08-24,2026-08-24T01:41:37+00:00,2026-08-23 18:41 Sun,,false,,,,false,oracle:Ford:67941
Ford:68289,Ford,"Launch Engineering Specialist, Electrical & Test","Wayne, MI, United States",,https://efds.fa.em5.oraclecloud.com/hcmUI/CandidateExperience/en/sites/CX_1/job/68289,2026-08-31,2026-08-31,2026-08-31T16:17:55+00:00,2026-08-31 09:17 Mon,,false,,,,false,oracle:Ford:68289
Ford:68291,Ford,"Launch Engineering Specialist, Industrial - Final Assembly","Wayne, MI, United States",,https://efds.fa.em5.oraclecloud.com/hcmUI/CandidateExperience/en/sites/CX_1/job/68291,2026-09-02,2026-09-02,2026-09-02T05:20:28+00:00,2026-09-01 22:20 Tue,,false,,,,false,oracle:Ford:68291
Ford:66048,Ford,Launch Lead - MPL,"Hai Duong, Viet Nam",,https://efds.fa.em5.oraclecloud.com/hcmUI/CandidateExperience/en/sites/CX_1/job/66048,2026-06-30,2026-06-30,2026-07-07T05:59:38+00:00,2026-07-06 22:59 Mon,,false,,,,false,oracle:Ford:66048
Ford:68522,Ford,Launch Process Engineer,"Dearborn, MI, United States",,https://efds.fa.em5.oraclecloud.com/hcmUI/CandidateExperience/en/sites/CX_1/job/68522,2026-08-14,2026-08-14,2026-08-14T16:41:49+00:00,2026-08-14 09:41 Fri,Other Technical,true,Keyword,40,keyword-only heuristic,false,oracle:Ford:68522
Ford:68073,Ford,Launch Program Coordinator,"Ypsilanti, MI, United States",,https://efds.fa.em5.oraclecloud.com/hcmUI/CandidateExperience/en/sites/CX_1/job/68073,2026-08-27,2026-08-27,2026-08-27T14:41:02+00:00,2026-08-27 07:41 Thu,,false,,,,false,oracle:Ford:68073
Ford:67932,Ford,Lead - Agentic AI Engineer,"Chennai, Tamil Nadu, India",,https://efds.fa.em5.oraclecloud.com/hcmUI/CandidateExperience/en/sites/CX_1/job/67932,2026-08-07,2026-08-07,2026-08-07T09:59:25+00:00,2026-08-07 02:59 Fri,,false,,,,false,oracle:Ford:67932
Ford:65566,Ford,Lead - Facilities Management,"Chennai, Tamil Nadu, India",,https://efds.fa.em5.oraclecloud.com/hcmUI/CandidateExperience/en/sites/CX_1/job/65566,2026-07-09,2026-07-09,2026-07-09T11:46:18+00:00,2026-07-09 04:46 Thu,,false,,,,false,oracle:Ford:65566
Ford:67618,Ford,"Lead Counsel, Controversies","Dearborn, MI, United States",,https://efds.fa.em5.oraclecloud.com/hcmUI/CandidateExperience/en/sites/CX_1/job/67618,2026-07-30,2026-07-30,2026-08-03T09:21:28+00:00,2026-08-03 02:21 Mon,,false,,,,false,oracle:Ford:67618
Ford:69159,Ford,"Lead Counsel, Controversies","Dearborn, MI, United States",,https://efds.fa.em5.oraclecloud.com/hcmUI/CandidateExperience/en/sites/CX_1/job/69159,2026-08-24,2026-08-24,2026-08-24T19:17:44+00:00,2026-08-24 12:17 Mon,,false,,,,false,oracle:Ford:69159
Ford:69860,Ford,"Lead Counsel, Transactions & Market Compliance",United States,,https://efds.fa.em5.oraclecloud.com/hcmUI/CandidateExperience/en/sites/CX_1/job/69860,2026-09-03,2026-09-03,2026-09-03T19:37:21+00:00,2026-09-03 12:37 Thu,,false,,,,false,oracle:Ford:69860
Ford:66115,Ford,Lead Data Scientist,"Chennai, Tamil Nadu, India",,https://efds.fa.em5.oraclecloud.com/hcmUI/CandidateExperience/en/sites/CX_1/job/66115,2026-08-12,2026-08-12,2026-08-12T08:41:19+00:00,2026-08-12 01:41 Wed,,false,,,,false,oracle:Ford:66115
Ford:67432,Ford,Lead Dyno Engineer,"Long Beach, CA, United States",,https://efds.fa.em5.oraclecloud.com/hcmUI/CandidateExperience/en/sites/CX_1/job/67432,2026-08-14,2026-08-14,2026-08-14T21:17:58+00:00,2026-08-14 14:17 Fri,,false,,,,false,oracle:Ford:67432
Ford:66320,Ford,Lead Dyno Technician,"Long Beach, CA, United States",,https://efds.fa.em5.oraclecloud.com/hcmUI/CandidateExperience/en/sites/CX_1/job/66320,2026-07-07,2026-07-07,2026-07-08T02:45:08+00:00,2026-07-07 19:45 Tue,,false,,,,false,oracle:Ford:66320
Ford:68699,Ford,Lead Engineer - ED & BOM,"Chennai, Tamil Nadu, India",,https://efds.fa.em5.oraclecloud.com/hcmUI/CandidateExperience/en/sites/CX_1/job/68699,2026-09-03,2026-09-03,2026-09-03T19:37:21+00:00,2026-09-03 12:37 Thu,,false,,,,false,oracle:Ford:68699
Ford:68768,Ford,Lead Engineer ED & BOM,"Chennai, Tamil Nadu, India",,https://efds.fa.em5.oraclecloud.com/hcmUI/CandidateExperience/en/sites/CX_1/job/68768,2026-09-03,2026-09-03,2026-09-03T19:37:21+00:00,2026-09-03 12:37 Thu,,false,,,,false,oracle:Ford:68768
Ford:63500,Ford,Lead Engineer – Automotive CAD Design,"Chennai, Tamil Nadu, India",,https://efds.fa.em5.oraclecloud.com/hcmUI/CandidateExperience/en/sites/CX_1/job/63500,2026-07-16,2026-07-16,2026-07-16T11:41:17+00:00,2026-07-16 04:41 Thu,,false,,,,false,oracle:Ford:63500
Ford:66223,Ford,Lead Engineer – Automotive Design (CAD),"Chennai, Tamil Nadu, India",,https://efds.fa.em5.oraclecloud.com/hcmUI/CandidateExperience/en/sites/CX_1/job/66223,2026-07-13,2026-07-13,2026-07-13T17:41:23+00:00,2026-07-13 10:41 Mon,,false,,,,false,oracle:Ford:66223
Ford:66237,Ford,Lead Engineer – Automotive Design (CAD),"Chennai, Tamil Nadu, India",,https://efds.fa.em5.oraclecloud.com/hcmUI/CandidateExperience/en/sites/CX_1/job/66237,2026-07-13,2026-07-13,2026-07-13T17:58:57+00:00,2026-07-13 10:58 Mon,,false,,,,false,oracle:Ford:66237
Ford:66253,Ford,Lead Engineer – Dimensional Variation Analysis (DVA),"Chennai, Tamil Nadu, India",,https://efds.fa.em5.oraclecloud.com/hcmUI/CandidateExperience/en/sites/CX_1/job/66253,2026-07-10,2026-07-10,2026-07-10T12:54:03+00:00,2026-07-10 05:54 Fri,,false,,,,false,oracle:Ford:66253
Ford:68259,Ford,Lead Engineer – Electrical Distribution Systems (EDS),"Chennai, Tamil Nadu, India",,https://efds.fa.em5.oraclecloud.com/hcmUI/CandidateExperience/en/sites/CX_1/job/68259,2026-08-24,2026-08-24,2026-08-24T17:42:13+00:00,2026-08-24 10:42 Mon,,false,,,,false,oracle:Ford:68259
Ford:69613,Ford,Lead Engineering Technician | Vehicle Systems (Powertrain),"Palo Alto, CA, United States",,https://efds.fa.em5.oraclecloud.com/hcmUI/CandidateExperience/en/sites/CX_1/job/69613,2026-08-26,2026-08-26,2026-08-26T21:59:28+00:00,2026-08-26 14:59 Wed,,false,,,,false,oracle:Ford:69613
Ford:66741,Ford,Lead Mechanical Engineer,"Bangalore, Karnataka, India",,https://efds.fa.em5.oraclecloud.com/hcmUI/CandidateExperience/en/sites/CX_1/job/66741,2026-07-19,2026-07-19,2026-07-19T19:17:01+00:00,2026-07-19 12:17 Sun,,false,,,,false,oracle:Ford:66741
Ford:67372,Ford,Lead Network Operations Engineer,India,,https://efds.fa.em5.oraclecloud.com/hcmUI/CandidateExperience/en/sites/CX_1/job/67372,2026-07-27,2026-07-27,2026-07-27T13:17:29+00:00,2026-07-27 06:17 Mon,,false,,,,false,oracle:Ford:67372
Ford:67703,Ford,Lead Platform Software V&V Engineer,"Long Beach, CA, United States",,https://efds.fa.em5.oraclecloud.com/hcmUI/CandidateExperience/en/sites/CX_1/job/67703,2026-07-30,2026-07-30,2026-08-03T09:21:28+00:00,2026-08-03 02:21 Mon,,false,,,,false,oracle:Ford:67703
Ford:69207,Ford,Lead Process Coach-Mfg,"Kansas City, MO, United States",,https://efds.fa.em5.oraclecloud.com/hcmUI/CandidateExperience/en/sites/CX_1/job/69207,2026-08-20,2026-08-20,2026-08-20T16:41:59+00:00,2026-08-20 09:41 Thu,,false,,,,false,oracle:Ford:69207
Ford:68284,Ford,Lead Site Reliability Engineer,India,,https://efds.fa.em5.oraclecloud.com/hcmUI/CandidateExperience/en/sites/CX_1/job/68284,2026-08-07,2026-08-07,2026-08-07T11:17:42+00:00,2026-08-07 04:17 Fri,,false,,,,false,oracle:Ford:68284
Ford:68767,Ford,"Lead Software Engineer, Physical Applications Services","Palo Alto, CA, United States",,https://efds.fa.em5.oraclecloud.com/hcmUI/CandidateExperience/en/sites/CX_1/job/68767,2026-08-17,2026-08-17,2026-08-17T14:59:36+00:00,2026-08-17 07:59 Mon,,false,,,,false,oracle:Ford:68767
Ford:65928,Ford,Lean 6-Sigma Manager,"Chicago, IL, United States",,https://efds.fa.em5.oraclecloud.com/hcmUI/CandidateExperience/en/sites/CX_1/job/65928,2026-07-09,2026-07-09,2026-07-09T17:36:13+00:00,2026-07-09 10:36 Thu,,false,,,,false,oracle:Ford:65928
Ford:66761,Ford,Lean Strategist,"Dearborn, MI, United States",,https://efds.fa.em5.oraclecloud.com/hcmUI/CandidateExperience/en/sites/CX_1/job/66761,2026-07-27,2026-07-27,2026-07-27T14:41:47+00:00,2026-07-27 07:41 Mon,,false,,,,false,oracle:Ford:66761
Ford:66171,Ford,"Legal Assistant, Privacy","Dearborn, MI, United States",,https://efds.fa.em5.oraclecloud.com/hcmUI/CandidateExperience/en/sites/CX_1/job/66171,2026-07-15,2026-07-15,2026-07-15T14:41:28+00:00,2026-07-15 07:41 Wed,,false,,,,false,oracle:Ford:66171
Ford:68177,Ford,Legal Manager,"Paris, Ile-de-France, France",,https://efds.fa.em5.oraclecloud.com/hcmUI/CandidateExperience/en/sites/CX_1/job/68177,2026-08-04,2026-08-04,2026-08-04T12:59:58+00:00,2026-08-04 05:59 Tue,,false,,,,false,oracle:Ford:68177
Ford:66205,Ford,Legal Manager-Private Law,"Naucalpan de Juarez, MEX, Mexico",,https://efds.fa.em5.oraclecloud.com/hcmUI/CandidateExperience/en/sites/CX_1/job/66205,2026-07-01,2026-07-01,2026-07-07T05:59:38+00:00,2026-07-06 22:59 Mon,,false,,,,false,oracle:Ford:66205
Ford:69602,Ford,Lifecycle Cost Efficiency Analyst,"Dearborn, MI, United States",,https://efds.fa.em5.oraclecloud.com/hcmUI/CandidateExperience/en/sites/CX_1/job/69602,2026-09-02,2026-09-02,2026-09-03T04:50:24+00:00,2026-09-02 21:50 Wed,,false,,,,false,oracle:Ford:69602
Ford:68053,Ford,Lighting Engineer,"Dearborn, MI, United States",,https://efds.fa.em5.oraclecloud.com/hcmUI/CandidateExperience/en/sites/CX_1/job/68053,2026-08-11,2026-08-11,2026-08-11T18:17:51+00:00,2026-08-11 11:17 Tue,,false,,,,false,oracle:Ford:68053
Ford:69744,Ford,Lighting Optical Engineer,"Dearborn, MI, United States",,https://efds.fa.em5.oraclecloud.com/hcmUI/CandidateExperience/en/sites/CX_1/job/69744,2026-09-03,2026-09-03,2026-09-03T19:37:21+00:00,2026-09-03 12:37 Thu,,false,,,,false,oracle:Ford:69744
Ford:61871,Ford,Location Operational Risk and Resilience Analyst,"Paris, Ile-de-France, France",,https://efds.fa.em5.oraclecloud.com/hcmUI/CandidateExperience/en/sites/CX_1/job/61871,2026-06-30,2026-06-30,2026-07-07T05:59:38+00:00,2026-07-06 22:59 Mon,,false,,,,false,oracle:Ford:61871
Ford:65004,Ford,Logistics Analyst,"Chennai, Tamil Nadu, India",,https://efds.fa.em5.oraclecloud.com/hcmUI/CandidateExperience/en/sites/CX_1/job/65004,2026-07-15,2026-07-15,2026-07-15T09:17:15+00:00,2026-07-15 02:17 Wed,,false,,,,false,oracle:Ford:65004
Ford:66511,Ford,Low Voltage Power Supply FMA Engineer,"Dearborn, MI, United States",,https://efds.fa.em5.oraclecloud.com/hcmUI/CandidateExperience/en/sites/CX_1/job/66511,2026-07-21,2026-07-21,2026-07-21T16:41:51+00:00,2026-07-21 09:41 Tue,,false,,,,false,oracle:Ford:66511
Ford:69509,Ford,Machining Process Engineer,"Dearborn, MI, United States",,https://efds.fa.em5.oraclecloud.com/hcmUI/CandidateExperience/en/sites/CX_1/job/69509,2026-09-01,2026-09-01,2026-09-01T16:42:10+00:00,2026-09-01 09:42 Tue,,false,,,,false,oracle:Ford:69509
Ford:66610,Ford,Magic Draw Modeler - Electrical Architecture,"Dearborn, MI, United States",,https://efds.fa.em5.oraclecloud.com/hcmUI/CandidateExperience/en/sites/CX_1/job/66610,2026-07-17,2026-07-17,2026-07-17T16:59:44+00:00,2026-07-17 09:59 Fri,,false,,,,false,oracle:Ford:66610
Ford:66612,Ford,Magic Draw Modeler ,"Naucalpan de Juarez, MEX, Mexico",,https://efds.fa.em5.oraclecloud.com/hcmUI/CandidateExperience/en/sites/CX_1/job/66612,2026-07-22,2026-07-22,2026-07-22T19:41:49+00:00,2026-07-22 12:41 Wed,,false,,,,false,oracle:Ford:66612
Ford:66672,Ford,Mainframe Operations Lead,India,,https://efds.fa.em5.oraclecloud.com/hcmUI/CandidateExperience/en/sites/CX_1/job/66672,2026-07-17,2026-07-17,2026-07-17T06:59:12+00:00,2026-07-16 23:59 Thu,,false,,,,false,oracle:Ford:66672
Ford:61780,Ford,Maintenance and Machining Senior Supervisor,"Dearborn, MI, United States",,https://efds.fa.em5.oraclecloud.com/hcmUI/CandidateExperience/en/sites/CX_1/job/61780,2026-08-17,2026-08-17,2026-08-17T14:41:37+00:00,2026-08-17 07:41 Mon,,false,,,,false,oracle:Ford:61780
Ford:66154,Ford,Maintenance Coordinator,"Chihuahua, CHIH, Mexico",,https://efds.fa.em5.oraclecloud.com/hcmUI/CandidateExperience/en/sites/CX_1/job/66154,2026-06-30,2026-06-30,2026-07-07T05:59:38+00:00,2026-07-06 22:59 Mon,,false,,,,false,oracle:Ford:66154
Ford:69739,Ford,Maintenance Engineer,"Chihuahua, CHIH, Mexico",,https://efds.fa.em5.oraclecloud.com/hcmUI/CandidateExperience/en/sites/CX_1/job/69739,2026-09-03,2026-09-03,2026-09-04T02:37:27+00:00,2026-09-03 19:37 Thu,,false,,,,false,oracle:Ford:69739
Ford:67088,Ford,"Maintenance Engineer, Ford Energy","Glendale, KY, United States",,https://efds.fa.em5.oraclecloud.com/hcmUI/CandidateExperience/en/sites/CX_1/job/67088,2026-08-18,2026-08-18,2026-08-18T13:53:50+00:00,2026-08-18 06:53 Tue,,false,,,,false,oracle:Ford:67088
Ford:67722,Ford,Maintenance Engineering Manager - Final,"Wayne, MI, United States",,https://efds.fa.em5.oraclecloud.com/hcmUI/CandidateExperience/en/sites/CX_1/job/67722,2026-09-03,2026-09-03,2026-08-12T00:59:55+00:00,2026-08-11 17:59 Tue,,false,,,,false,oracle:Ford:67722
Ford:65747,Ford,Maintenance Supervisor,"Dearborn, MI, United States",,https://efds.fa.em5.oraclecloud.com/hcmUI/CandidateExperience/en/sites/CX_1/job/65747,2026-07-01,2026-07-01,2026-07-07T05:59:38+00:00,2026-07-06 22:59 Mon,,false,,,,false,oracle:Ford:65747
Ford:66025,Ford,Maintenance Supervisor,"Avon Lake, OH, United States",,https://efds.fa.em5.oraclecloud.com/hcmUI/CandidateExperience/en/sites/CX_1/job/66025,2026-07-07,2026-07-07,2026-07-08T02:45:08+00:00,2026-07-07 19:45 Tue,,false,,,,false,oracle:Ford:66025
Ford:62183,Ford,Maintenance Supervisor,"Dearborn, MI, United States",,https://efds.fa.em5.oraclecloud.com/hcmUI/CandidateExperience/en/sites/CX_1/job/62183,2026-07-08,2026-07-08,2026-07-08T20:54:07+00:00,2026-07-08 13:54 Wed,,false,,,,false,oracle:Ford:62183
Ford:63398,Ford,Maintenance Supervisor,"Sterling Heights, MI, United States",,https://efds.fa.em5.oraclecloud.com/hcmUI/CandidateExperience/en/sites/CX_1/job/63398,2026-07-31,2026-07-31,2026-07-15T18:42:06+00:00,2026-07-15 11:42 Wed,,false,,,,false,oracle:Ford:63398
Ford:67177,Ford,Maintenance Supervisor,"Kansas City, MO, United States",,https://efds.fa.em5.oraclecloud.com/hcmUI/CandidateExperience/en/sites/CX_1/job/67177,2026-07-21,2026-07-21,2026-07-21T14:41:53+00:00,2026-07-21 07:41 Tue,,false,,,,false,oracle:Ford:67177
Ford:66820,Ford,Maintenance Supervisor,"Lima, OH, United States",,https://efds.fa.em5.oraclecloud.com/hcmUI/CandidateExperience/en/sites/CX_1/job/66820,2026-07-28,2026-07-28,2026-07-28T16:26:07+00:00,2026-07-28 09:26 Tue,,false,,,,false,oracle:Ford:66820
Ford:68202,Ford,Maintenance Supervisor,"Kansas City, MO, United States",,https://efds.fa.em5.oraclecloud.com/hcmUI/CandidateExperience/en/sites/CX_1/job/68202,2026-08-13,2026-08-13,2026-08-13T17:14:12+00:00,2026-08-13 10:14 Thu,,false,,,,false,oracle:Ford:68202
Ford:68245,Ford,Maintenance Supervisor,"Wayne, MI, United States",,https://efds.fa.em5.oraclecloud.com/hcmUI/CandidateExperience/en/sites/CX_1/job/68245,2026-08-18,2026-08-18,2026-08-18T00:17:53+00:00,2026-08-17 17:17 Mon,,false,,,,false,oracle:Ford:68245
Ford:68528,Ford,Maintenance Supervisor,"Lima, OH, United States",,https://efds.fa.em5.oraclecloud.com/hcmUI/CandidateExperience/en/sites/CX_1/job/68528,2026-08-24,2026-08-24,2026-08-24T17:42:13+00:00,2026-08-24 10:42 Mon,,false,,,,false,oracle:Ford:68528
Ford:68023,Ford,Maintenance Supervisor,"Sterling Heights, MI, United States",,https://efds.fa.em5.oraclecloud.com/hcmUI/CandidateExperience/en/sites/CX_1/job/68023,2026-08-24,2026-08-24,2026-08-24T22:59:24+00:00,2026-08-24 15:59 Mon,,false,,,,false,oracle:Ford:68023
Ford:69414,Ford,Maintenance Supervisor,"Woodhaven, MI, United States",,https://efds.fa.em5.oraclecloud.com/hcmUI/CandidateExperience/en/sites/CX_1/job/69414,2026-08-25,2026-08-25,2026-08-25T23:38:52+00:00,2026-08-25 16:38 Tue,,false,,,,false,oracle:Ford:69414
Ford:66407,Ford,Maintenance Supervisor (LAP),"Louisville, KY, United States",,https://efds.fa.em5.oraclecloud.com/hcmUI/CandidateExperience/en/sites/CX_1/job/66407,2026-07-16,2026-07-16,2026-07-16T16:41:41+00:00,2026-07-16 09:41 Thu,,false,,,,false,oracle:Ford:66407
Ford:65799,Ford,Maintenance Supervisor (LAP),"Louisville, KY, United States",,https://efds.fa.em5.oraclecloud.com/hcmUI/CandidateExperience/en/sites/CX_1/job/65799,2026-08-06,2026-08-06,2026-08-06T16:46:51+00:00,2026-08-06 09:46 Thu,,false,,,,false,oracle:Ford:65799
Ford:63301,Ford,Maintenance Supervisor - Body,"Oakville, ON, Canada",,https://efds.fa.em5.oraclecloud.com/hcmUI/CandidateExperience/en/sites/CX_1/job/63301,2026-08-19,2026-08-19,2026-08-19T19:48:08+00:00,2026-08-19 12:48 Wed,,false,,,,false,oracle:Ford:63301
Ford:68684,Ford,Maintenance Supervisor - Final Area,"Chicago, IL, United States",,https://efds.fa.em5.oraclecloud.com/hcmUI/CandidateExperience/en/sites/CX_1/job/68684,2026-09-01,2026-09-01,2026-09-01T17:59:44+00:00,2026-09-01 10:59 Tue,,false,,,,false,oracle:Ford:68684
Ford:68553,Ford,Maintenance Supervisor - Paint,"Chicago, IL, United States",,https://efds.fa.em5.oraclecloud.com/hcmUI/CandidateExperience/en/sites/CX_1/job/68553,2026-09-01,2026-09-01,2026-09-01T17:59:44+00:00,2026-09-01 10:59 Tue,,false,,,,false,oracle:Ford:68553
Ford:69581,Ford,"Maintenance Supervisor, BlueOval Battery Park Michigan","Marshall, MI, United States",,https://efds.fa.em5.oraclecloud.com/hcmUI/CandidateExperience/en/sites/CX_1/job/69581,2026-08-28,2026-08-28,2026-08-28T17:59:47+00:00,2026-08-28 10:59 Fri,,false,,,,false,oracle:Ford:69581
Ford:69599,Ford,"Maintenance Supervisor, BlueOval Battery Park Michigan","Marshall, MI, United States",,https://efds.fa.em5.oraclecloud.com/hcmUI/CandidateExperience/en/sites/CX_1/job/69599,2026-08-28,2026-08-28,2026-08-28T17:59:47+00:00,2026-08-28 10:59 Fri,,false,,,,false,oracle:Ford:69599
Ford:67310,Ford,Manager - Cybersecurity GRC Compliance,"MI, United States",,https://efds.fa.em5.oraclecloud.com/hcmUI/CandidateExperience/en/sites/CX_1/job/67310,2026-07-24,2026-07-24,2026-07-24T14:59:41+00:00,2026-07-24 07:59 Fri,,false,,,,false,oracle:Ford:67310
Ford:67377,Ford,Manager - Device Connectivity Platform Engineering Program Manager,United States,,https://efds.fa.em5.oraclecloud.com/hcmUI/CandidateExperience/en/sites/CX_1/job/67377,2026-08-13,2026-08-13,2026-08-13T01:41:54+00:00,2026-08-12 18:41 Wed,,false,,,,false,oracle:Ford:67377
Ford:67263,Ford,Manager - High Voltage Systems,"Dearborn, MI, United States",,https://efds.fa.em5.oraclecloud.com/hcmUI/CandidateExperience/en/sites/CX_1/job/67263,2026-07-30,2026-07-30,2026-07-30T15:42:09+00:00,2026-07-30 08:42 Thu,,false,,,,false,oracle:Ford:67263
Ford:67308,Ford,Manager - Paint and Trim,"Dearborn, MI, United States",,https://efds.fa.em5.oraclecloud.com/hcmUI/CandidateExperience/en/sites/CX_1/job/67308,2026-07-30,2026-07-30,2026-07-30T01:59:32+00:00,2026-07-29 18:59 Wed,,false,,,,false,oracle:Ford:67308
Ford:65164,Ford,Manager - PPM CoE,"Chennai, Tamil Nadu, India",,https://efds.fa.em5.oraclecloud.com/hcmUI/CandidateExperience/en/sites/CX_1/job/65164,2026-07-16,2026-07-16,2026-07-16T08:59:22+00:00,2026-07-16 01:59 Thu,,false,,,,false,oracle:Ford:65164
Ford:67281,Ford,Manager - Vehicle Logistics,"Chennai, Tamil Nadu, India",,https://efds.fa.em5.oraclecloud.com/hcmUI/CandidateExperience/en/sites/CX_1/job/67281,2026-07-21,2026-07-21,2026-07-21T11:59:31+00:00,2026-07-21 04:59 Tue,,false,,,,false,oracle:Ford:67281
Ford:64053,Ford,"Manager Architecture and Information Security, BlueOval Battery Park Michigan","Marshall, MI, United States",,https://efds.fa.em5.oraclecloud.com/hcmUI/CandidateExperience/en/sites/CX_1/job/64053,2026-07-14,2026-07-14,2026-07-14T15:17:18+00:00,2026-07-14 08:17 Tue,,false,,,,false,oracle:Ford:64053
Ford:63234,Ford,Manager Distribution Optimization- Universal Electric Vehicle,"Detroit, MI, United States",,https://efds.fa.em5.oraclecloud.com/hcmUI/CandidateExperience/en/sites/CX_1/job/63234,2026-06-29,2026-06-29,2026-07-07T05:59:38+00:00,2026-07-06 22:59 Mon,,false,,,,false,oracle:Ford:63234
Ford:65850,Ford,"Manager Hybrid Infrastructure & Hosting, Ford Energy","Glendale, KY, United States",,https://efds.fa.em5.oraclecloud.com/hcmUI/CandidateExperience/en/sites/CX_1/job/65850,2026-08-18,2026-08-18,2026-07-28T19:59:39+00:00,2026-07-28 12:59 Tue,,false,,,,false,oracle:Ford:65850
Ford:68410,Ford,Manager Industrial System Analytic GDI&A,"Chennai, Tamil Nadu, India",,https://efds.fa.em5.oraclecloud.com/hcmUI/CandidateExperience/en/sites/CX_1/job/68410,2026-08-12,2026-08-12,2026-08-12T13:42:08+00:00,2026-08-12 06:42 Wed,,false,,,,false,oracle:Ford:68410
Ford:65339,Ford,Manager of Internal Audit- Ford Credit Bank,"Salt Lake City, UT, United States",,https://efds.fa.em5.oraclecloud.com/hcmUI/CandidateExperience/en/sites/CX_1/job/65339,2026-07-29,2026-07-29,2026-07-29T14:41:46+00:00,2026-07-29 07:41 Wed,,false,,,,false,oracle:Ford:65339
Ford:69040,Ford,"Manager –Technical Leader for Exterior Systems, Lighting & Wipers","Dearborn, MI, United States",,https://efds.fa.em5.oraclecloud.com/hcmUI/CandidateExperience/en/sites/CX_1/job/69040,2026-08-26,2026-08-26,2026-08-26T17:42:16+00:00,2026-08-26 10:42 Wed,,false,,,,false,oracle:Ford:69040
Ford:66985,Ford,"Manager, AI Engineering",India,,https://efds.fa.em5.oraclecloud.com/hcmUI/CandidateExperience/en/sites/CX_1/job/66985,2026-07-24,2026-07-24,2026-07-24T14:41:30+00:00,2026-07-24 07:41 Fri,,false,,,,false,oracle:Ford:66985
Ford:67289,Ford,"Manager, AI Engineering","Bangalore, Karnataka, India",,https://efds.fa.em5.oraclecloud.com/hcmUI/CandidateExperience/en/sites/CX_1/job/67289,2026-07-29,2026-07-29,2026-07-29T08:17:27+00:00,2026-07-29 01:17 Wed,,false,,,,false,oracle:Ford:67289
Ford:69818,Ford,"Manager, AI Strategy & Portfolio Management","Dearborn, MI, United States",,https://efds.fa.em5.oraclecloud.com/hcmUI/CandidateExperience/en/sites/CX_1/job/69818,2026-08-28,2026-08-28,2026-08-28T19:42:00+00:00,2026-08-28 12:42 Fri,,false,,,,false,oracle:Ford:69818
Ford:69289,Ford,"Manager, Business Line Strategy","Dearborn, MI, United States",,https://efds.fa.em5.oraclecloud.com/hcmUI/CandidateExperience/en/sites/CX_1/job/69289,2026-08-24,2026-08-24,2026-08-24T21:41:45+00:00,2026-08-24 14:41 Mon,,false,,,,false,oracle:Ford:69289
Ford:69116,Ford,"Manager, Charging - EV Charging Deployment and Field Services","Allen Park, MI, United States",,https://efds.fa.em5.oraclecloud.com/hcmUI/CandidateExperience/en/sites/CX_1/job/69116,2026-09-02,2026-09-02,2026-09-02T18:45:15+00:00,2026-09-02 11:45 Wed,,false,,,,false,oracle:Ford:69116
Ford:66221,Ford,"Manager, Cloud Platform Quality Engineering","Palo Alto, CA, United States",,https://efds.fa.em5.oraclecloud.com/hcmUI/CandidateExperience/en/sites/CX_1/job/66221,2026-07-16,2026-07-16,2026-07-16T00:41:32+00:00,2026-07-15 17:41 Wed,,false,,,,false,oracle:Ford:66221
Ford:67108,Ford,"Manager, Consumer Marketing - Events","Dearborn, MI, United States",,https://efds.fa.em5.oraclecloud.com/hcmUI/CandidateExperience/en/sites/CX_1/job/67108,2026-07-23,2026-07-23,2026-07-23T18:41:36+00:00,2026-07-23 11:41 Thu,,false,,,,false,oracle:Ford:67108
Ford:66335,Ford,"Manager, Corporate Development","Dearborn, MI, United States",,https://efds.fa.em5.oraclecloud.com/hcmUI/CandidateExperience/en/sites/CX_1/job/66335,2026-07-22,2026-07-22,2026-07-22T13:59:15+00:00,2026-07-22 06:59 Wed,,false,,,,false,oracle:Ford:66335
Ford:66850,Ford,"Manager, Corporate Strategy","Dearborn, MI, United States",,https://efds.fa.em5.oraclecloud.com/hcmUI/CandidateExperience/en/sites/CX_1/job/66850,2026-08-03,2026-08-03,2026-08-03T13:17:49+00:00,2026-08-03 06:17 Mon,,false,,,,false,oracle:Ford:66850
Ford:67558,Ford,"Manager, Customer Data, Analytics & Tools","Dearborn, MI, United States",,https://efds.fa.em5.oraclecloud.com/hcmUI/CandidateExperience/en/sites/CX_1/job/67558,2026-07-28,2026-07-28,2026-08-03T09:21:28+00:00,2026-08-03 02:21 Mon,,false,,,,false,oracle:Ford:67558
Ford:67836,Ford,"Manager, Data Product Management","Chennai, Tamil Nadu, India",,https://efds.fa.em5.oraclecloud.com/hcmUI/CandidateExperience/en/sites/CX_1/job/67836,2026-08-04,2026-08-04,2026-08-04T10:17:05+00:00,2026-08-04 03:17 Tue,,false,,,,false,oracle:Ford:67836
Ford:69600,Ford,"Manager, Dealer Digital Strategy","Allen Park, MI, United States",,https://efds.fa.em5.oraclecloud.com/hcmUI/CandidateExperience/en/sites/CX_1/job/69600,2026-09-03,2026-09-03,2026-09-03T19:37:21+00:00,2026-09-03 12:37 Thu,,false,,,,false,oracle:Ford:69600
Ford:69057,Ford,"Manager, Digital Ecosystem Performance","Dearborn, MI, United States",,https://efds.fa.em5.oraclecloud.com/hcmUI/CandidateExperience/en/sites/CX_1/job/69057,2026-08-24,2026-08-24,2026-08-24T15:42:10+00:00,2026-08-24 08:42 Mon,,false,,,,false,oracle:Ford:69057
Ford:69058,Ford,"Manager, Digital Ecosystem Strategy & Operations","Dearborn, MI, United States",,https://efds.fa.em5.oraclecloud.com/hcmUI/CandidateExperience/en/sites/CX_1/job/69058,2026-08-24,2026-08-24,2026-08-24T15:56:32+00:00,2026-08-24 08:56 Mon,,false,,,,false,oracle:Ford:69058
Ford:61746,Ford,"Manager, Employee Relations","Chicago, IL, United States",,https://efds.fa.em5.oraclecloud.com/hcmUI/CandidateExperience/en/sites/CX_1/job/61746,2026-07-13,2026-07-13,2026-07-13T14:16:56+00:00,2026-07-13 07:16 Mon,,false,,,,false,oracle:Ford:61746
Ford:67547,Ford,"Manager, Employee Relations","Allen Park, MI, United States",,https://efds.fa.em5.oraclecloud.com/hcmUI/CandidateExperience/en/sites/CX_1/job/67547,2026-07-30,2026-07-30,2026-08-03T09:21:28+00:00,2026-08-03 02:21 Mon,,false,,,,false,oracle:Ford:67547
Ford:69643,Ford,"Manager, Employee Relations","Dearborn, MI, United States",,https://efds.fa.em5.oraclecloud.com/hcmUI/CandidateExperience/en/sites/CX_1/job/69643,2026-09-01,2026-09-01,2026-09-01T20:42:01+00:00,2026-09-01 13:42 Tue,,false,,,,false,oracle:Ford:69643
Ford:61457,Ford,"Manager, Employee Relations Investigations","Dearborn, MI, United States",,https://efds.fa.em5.oraclecloud.com/hcmUI/CandidateExperience/en/sites/CX_1/job/61457,2026-06-29,2026-06-29,2026-07-07T05:59:38+00:00,2026-07-06 22:59 Mon,,false,,,,false,oracle:Ford:61457
Ford:66560,Ford,"Manager, FCSD Special Projects","Dearborn, MI, United States",,https://efds.fa.em5.oraclecloud.com/hcmUI/CandidateExperience/en/sites/CX_1/job/66560,2026-07-14,2026-07-14,2026-07-14T13:16:54+00:00,2026-07-14 06:16 Tue,,false,,,,false,oracle:Ford:66560
Ford:69364,Ford,"Manager, Ford Racing Content Strategy & Production","Allen Park, MI, United States",,https://efds.fa.em5.oraclecloud.com/hcmUI/CandidateExperience/en/sites/CX_1/job/69364,2026-08-28,2026-08-28,2026-08-28T00:59:28+00:00,2026-08-27 17:59 Thu,,false,,,,false,oracle:Ford:69364
Ford:67504,Ford,"Manager, FWD/RWD Driveline Systems","Livonia, MI, United States",,https://efds.fa.em5.oraclecloud.com/hcmUI/CandidateExperience/en/sites/CX_1/job/67504,2026-07-24,2026-07-24,2026-08-03T09:21:28+00:00,2026-08-03 02:21 Mon,,false,,,,false,oracle:Ford:67504
Ford:64626,Ford,"Manager, Global Ford Racing Motorsports Communications","Dearborn, MI, United States",,https://efds.fa.em5.oraclecloud.com/hcmUI/CandidateExperience/en/sites/CX_1/job/64626,2026-07-06,2026-07-06,2026-07-07T05:59:38+00:00,2026-07-06 22:59 Mon,,false,,,,false,oracle:Ford:64626
Ford:69124,Ford,"Manager, HR Business Partner","Dearborn, MI, United States",,https://efds.fa.em5.oraclecloud.com/hcmUI/CandidateExperience/en/sites/CX_1/job/69124,2026-08-17,2026-08-17,2026-08-18T02:56:28+00:00,2026-08-17 19:56 Mon,,false,,,,false,oracle:Ford:69124
Ford:69262,Ford,"Manager, HR Business Partner","Dearborn, MI, United States",,https://efds.fa.em5.oraclecloud.com/hcmUI/CandidateExperience/en/sites/CX_1/job/69262,2026-08-18,2026-08-18,2026-08-18T21:10:47+00:00,2026-08-18 14:10 Tue,,false,,,,false,oracle:Ford:69262
Ford:67556,Ford,"Manager, HR Business Partners","Brook Park, OH, United States",,https://efds.fa.em5.oraclecloud.com/hcmUI/CandidateExperience/en/sites/CX_1/job/67556,2026-07-29,2026-07-29,2026-07-29T15:41:44+00:00,2026-07-29 08:41 Wed,,false,,,,false,oracle:Ford:67556
Ford:65035,Ford,"Manager, HR Technology - Oracle Learning, Talent & Comp","Dearborn, MI, United States",,https://efds.fa.em5.oraclecloud.com/hcmUI/CandidateExperience/en/sites/CX_1/job/65035,2026-08-05,2026-08-05,2026-08-05T14:17:51+00:00,2026-08-05 07:17 Wed,,false,,,,false,oracle:Ford:65035
Ford:69869,Ford,"Manager, HR Technology - Recruiting & Journeys","Dearborn, MI, United States",,https://efds.fa.em5.oraclecloud.com/hcmUI/CandidateExperience/en/sites/CX_1/job/69869,2026-09-02,2026-09-02,2026-09-03T04:50:24+00:00,2026-09-02 21:50 Wed,,false,,,,false,oracle:Ford:69869
Ford:64460,Ford,"Manager, Human Resources Business Partner","Kansas City, MO, United States",,https://efds.fa.em5.oraclecloud.com/hcmUI/CandidateExperience/en/sites/CX_1/job/64460,2026-07-08,2026-07-08,2026-07-08T15:36:23+00:00,2026-07-08 08:36 Wed,,false,,,,false,oracle:Ford:64460
Ford:66530,Ford,"Manager, Human Resources Business Partner","Kansas City, MO, United States",,https://efds.fa.em5.oraclecloud.com/hcmUI/CandidateExperience/en/sites/CX_1/job/66530,2026-07-20,2026-07-20,2026-07-20T23:41:14+00:00,2026-07-20 16:41 Mon,,false,,,,false,oracle:Ford:66530
Ford:70077,Ford,"Manager, Infrastructure & Platform Engineering, Ford Energy","Glendale, KY, United States",,https://efds.fa.em5.oraclecloud.com/hcmUI/CandidateExperience/en/sites/CX_1/job/70077,2026-09-02,2026-09-02,2026-09-02T15:15:02+00:00,2026-09-02 08:15 Wed,,false,,,,false,oracle:Ford:70077
Ford:65703,Ford,"Manager, Integrated Services Research",United States,,https://efds.fa.em5.oraclecloud.com/hcmUI/CandidateExperience/en/sites/CX_1/job/65703,2026-07-07,2026-07-07,2026-07-08T02:45:08+00:00,2026-07-07 19:45 Tue,,false,,,,false,oracle:Ford:65703
Ford:67983,Ford,"Manager, Labour Relations","Pretoria, Gauteng, South Africa",,https://efds.fa.em5.oraclecloud.com/hcmUI/CandidateExperience/en/sites/CX_1/job/67983,2026-07-31,2026-07-31,2026-07-31T14:41:48+00:00,2026-07-31 07:41 Fri,,false,,,,false,oracle:Ford:67983
Ford:68316,Ford,"Manager, Learning and Development","Dearborn, MI, United States",,https://efds.fa.em5.oraclecloud.com/hcmUI/CandidateExperience/en/sites/CX_1/job/68316,2026-08-12,2026-08-12,2026-08-12T16:42:00+00:00,2026-08-12 09:42 Wed,,false,,,,false,oracle:Ford:68316
Ford:67791,Ford,"Manager, Lincoln Experiential","Detroit, MI, United States",,https://efds.fa.em5.oraclecloud.com/hcmUI/CandidateExperience/en/sites/CX_1/job/67791,2026-08-05,2026-08-05,2026-08-05T02:17:47+00:00,2026-08-04 19:17 Tue,,false,,,,false,oracle:Ford:67791
Ford:68548,Ford,"Manager, MP&L Quality","Dearborn, MI, United States",,https://efds.fa.em5.oraclecloud.com/hcmUI/CandidateExperience/en/sites/CX_1/job/68548,2026-08-25,2026-08-25,2026-08-25T20:42:07+00:00,2026-08-25 13:42 Tue,,false,,,,false,oracle:Ford:68548
Ford:69821,Ford,"Manager, MP&L Quality","Dearborn, MI, United States",,https://efds.fa.em5.oraclecloud.com/hcmUI/CandidateExperience/en/sites/CX_1/job/69821,2026-08-31,2026-08-31,2026-08-31T23:17:49+00:00,2026-08-31 16:17 Mon,,false,,,,false,oracle:Ford:69821
Ford:69092,Ford,"Manager, Multi-Touch Attribution",United States,,https://efds.fa.em5.oraclecloud.com/hcmUI/CandidateExperience/en/sites/CX_1/job/69092,2026-08-28,2026-08-28,2026-08-28T16:41:40+00:00,2026-08-28 09:41 Fri,,false,,,,false,oracle:Ford:69092
Ford:66005,Ford,"Manager, Occupational Safety","Louisville, KY, United States",,https://efds.fa.em5.oraclecloud.com/hcmUI/CandidateExperience/en/sites/CX_1/job/66005,2026-07-10,2026-07-10,2026-07-10T19:48:28+00:00,2026-07-10 12:48 Fri,,false,,,,false,oracle:Ford:66005
Ford:67584,Ford,"Manager, Occupational Safety","Chicago, IL, United States",,https://efds.fa.em5.oraclecloud.com/hcmUI/CandidateExperience/en/sites/CX_1/job/67584,2026-07-29,2026-07-29,2026-08-03T09:21:28+00:00,2026-08-03 02:21 Mon,,false,,,,false,oracle:Ford:67584
Ford:69609,Ford,"Manager, Occupational Safety","Dearborn, MI, United States",,https://efds.fa.em5.oraclecloud.com/hcmUI/CandidateExperience/en/sites/CX_1/job/69609,2026-09-02,2026-09-02,2026-09-02T05:20:28+00:00,2026-09-01 22:20 Tue,,false,,,,false,oracle:Ford:69609
Ford:69133,Ford,"Manager, Off-Road Racing and Product","Allen Park, MI, United States",,https://efds.fa.em5.oraclecloud.com/hcmUI/CandidateExperience/en/sites/CX_1/job/69133,2026-08-19,2026-08-19,2026-08-19T12:41:19+00:00,2026-08-19 05:41 Wed,,false,,,,false,oracle:Ford:69133
Ford:66397,Ford,"Manager, Security Operations Center - Automotive Product","Dearborn, MI, United States",,https://efds.fa.em5.oraclecloud.com/hcmUI/CandidateExperience/en/sites/CX_1/job/66397,2026-07-31,2026-07-31,2026-07-10T16:13:24+00:00,2026-07-10 09:13 Fri,,false,,,,false,oracle:Ford:66397
Ford:66206,Ford,"Manager, Strategic Licensing Partnerships","Dearborn, MI, United States",,https://efds.fa.em5.oraclecloud.com/hcmUI/CandidateExperience/en/sites/CX_1/job/66206,2026-07-02,2026-07-02,2026-07-07T05:59:38+00:00,2026-07-06 22:59 Mon,,false,,,,false,oracle:Ford:66206
Ford:67566,Ford,"Manager, Total Rewards","Chennai, Tamil Nadu, India",,https://efds.fa.em5.oraclecloud.com/hcmUI/CandidateExperience/en/sites/CX_1/job/67566,2026-07-24,2026-07-24,2026-07-24T08:17:11+00:00,2026-07-24 01:17 Fri,,false,,,,false,oracle:Ford:67566
Ford:67776,Ford,"Manager, U.S. Health Care Benefits Administration","Dearborn, MI, United States",,https://efds.fa.em5.oraclecloud.com/hcmUI/CandidateExperience/en/sites/CX_1/job/67776,2026-08-03,2026-08-03,2026-08-03T12:40:03+00:00,2026-08-03 05:40 Mon,,false,,,,false,oracle:Ford:67776
Ford:66136,Ford,Manfacturing Engineer,"Dearborn, MI, United States",,https://efds.fa.em5.oraclecloud.com/hcmUI/CandidateExperience/en/sites/CX_1/job/66136,2026-07-06,2026-07-06,2026-07-07T05:59:38+00:00,2026-07-06 22:59 Mon,,false,,,,false,oracle:Ford:66136
Ford:65921,Ford,Manufacturing Automation Cell Design & Validation Engineer,"Chennai, Tamil Nadu, India",,https://efds.fa.em5.oraclecloud.com/hcmUI/CandidateExperience/en/sites/CX_1/job/65921,2026-07-06,2026-07-06,2026-07-07T05:59:38+00:00,2026-07-06 22:59 Mon,,false,,,,false,oracle:Ford:65921
Ford:66292,Ford,Manufacturing Engineer,"Dearborn, MI, United States",,https://efds.fa.em5.oraclecloud.com/hcmUI/CandidateExperience/en/sites/CX_1/job/66292,2026-07-07,2026-07-07,2026-07-08T02:45:08+00:00,2026-07-07 19:45 Tue,,false,,,,false,oracle:Ford:66292
Ford:66354,Ford,Manufacturing Engineer,"Oakville, ON, Canada",,https://efds.fa.em5.oraclecloud.com/hcmUI/CandidateExperience/en/sites/CX_1/job/66354,2026-07-08,2026-07-08,2026-07-08T15:36:23+00:00,2026-07-08 08:36 Wed,,false,,,,false,oracle:Ford:66354
Ford:67260,Ford,Manufacturing Engineer,"Dearborn, MI, United States",,https://efds.fa.em5.oraclecloud.com/hcmUI/CandidateExperience/en/sites/CX_1/job/67260,2026-07-24,2026-07-24,2026-07-24T16:59:14+00:00,2026-07-24 09:59 Fri,,false,,,,false,oracle:Ford:67260
Ford:67056,Ford,Manufacturing Engineer,"Cleveland, OH, United States",,https://efds.fa.em5.oraclecloud.com/hcmUI/CandidateExperience/en/sites/CX_1/job/67056,2026-08-10,2026-08-10,2026-08-10T14:59:56+00:00,2026-08-10 07:59 Mon,,false,,,,false,oracle:Ford:67056
Ford:68370,Ford,Manufacturing Engineer,"Dearborn, MI, United States",,https://efds.fa.em5.oraclecloud.com/hcmUI/CandidateExperience/en/sites/CX_1/job/68370,2026-08-26,2026-08-26,2026-08-26T17:42:16+00:00,2026-08-26 10:42 Wed,,false,,,,false,oracle:Ford:68370
Ford:69561,Ford,Manufacturing Engineer,"Dearborn, MI, United States",,https://efds.fa.em5.oraclecloud.com/hcmUI/CandidateExperience/en/sites/CX_1/job/69561,2026-08-31,2026-08-31,2026-08-31T13:59:35+00:00,2026-08-31 06:59 Mon,,false,,,,false,oracle:Ford:69561
Ford:69776,Ford,Manufacturing Engineer - Battery Pack,"Dearborn, MI, United States",,https://efds.fa.em5.oraclecloud.com/hcmUI/CandidateExperience/en/sites/CX_1/job/69776,2026-09-04,2026-09-04,2026-09-04T17:48:23+00:00,2026-09-04 10:48 Fri,,false,,,,false,oracle:Ford:69776
Ford:68478,Ford,Manufacturing Engineer - Core Tooling,"Dearborn, MI, United States",,https://efds.fa.em5.oraclecloud.com/hcmUI/CandidateExperience/en/sites/CX_1/job/68478,2026-08-18,2026-08-18,2026-08-18T14:53:19+00:00,2026-08-18 07:53 Tue,,false,,,,false,oracle:Ford:68478
Ford:67334,Ford,"Manufacturing Engineer - Vision Systems, BlueOval Battery Park Michigan","Marshall, MI, United States",,https://efds.fa.em5.oraclecloud.com/hcmUI/CandidateExperience/en/sites/CX_1/job/67334,2026-08-07,2026-08-07,2026-08-07T22:42:01+00:00,2026-08-07 15:42 Fri,,false,,,,false,oracle:Ford:67334
Ford:67437,Ford,Manufacturing Engineer – Fastening Systems,"Chennai, Tamil Nadu, India",,https://efds.fa.em5.oraclecloud.com/hcmUI/CandidateExperience/en/sites/CX_1/job/67437,2026-07-30,2026-07-30,2026-07-30T06:41:38+00:00,2026-07-29 23:41 Wed,,false,,,,false,oracle:Ford:67437
Ford:66066,Ford,Manufacturing Engineer – Powertrain (Digital Process Planning),"Chennai, Tamil Nadu, India",,https://efds.fa.em5.oraclecloud.com/hcmUI/CandidateExperience/en/sites/CX_1/job/66066,2026-07-07,2026-07-07,2026-07-08T02:45:08+00:00,2026-07-07 19:45 Tue,,false,,,,false,oracle:Ford:66066
Ford:66071,Ford,Manufacturing Engineer – Powertrain (Digital Process Planning),"Chennai, Tamil Nadu, India",,https://efds.fa.em5.oraclecloud.com/hcmUI/CandidateExperience/en/sites/CX_1/job/66071,2026-07-07,2026-07-07,2026-07-08T02:45:08+00:00,2026-07-07 19:45 Tue,,false,,,,false,oracle:Ford:66071
Ford:67907,Ford,Manufacturing Engineer – Powertrain Machining,"Chennai, Tamil Nadu, India",,https://efds.fa.em5.oraclecloud.com/hcmUI/CandidateExperience/en/sites/CX_1/job/67907,2026-08-10,2026-08-10,2026-08-10T06:17:27+00:00,2026-08-09 23:17 Sun,,false,,,,false,oracle:Ford:67907
Ford:69171,Ford,Manufacturing Engineer – Powertrain Machining,"Chennai, Tamil Nadu, India",,https://efds.fa.em5.oraclecloud.com/hcmUI/CandidateExperience/en/sites/CX_1/job/69171,2026-08-20,2026-08-20,2026-08-20T13:59:53+00:00,2026-08-20 06:59 Thu,,false,,,,false,oracle:Ford:69171
Ford:65576,Ford,"Manufacturing Engineer, Automation & Controls, BlueOval Battery Park Michigan","Marshall, MI, United States",,https://efds.fa.em5.oraclecloud.com/hcmUI/CandidateExperience/en/sites/CX_1/job/65576,2026-07-17,2026-07-17,2026-07-17T19:41:39+00:00,2026-07-17 12:41 Fri,,false,,,,false,oracle:Ford:65576
Ford:69705,Ford,"Manufacturing Engineer, Machine Engineering, BlueOval Battery Park Michigan","Marshall, MI, United States",,https://efds.fa.em5.oraclecloud.com/hcmUI/CandidateExperience/en/sites/CX_1/job/69705,2026-09-01,2026-09-01,2026-09-02T05:20:28+00:00,2026-09-01 22:20 Tue,,false,,,,false,oracle:Ford:69705
Ford:68021,Ford,Manufacturing Engineer- Body Shop,"Dearborn, MI, United States",,https://efds.fa.em5.oraclecloud.com/hcmUI/CandidateExperience/en/sites/CX_1/job/68021,2026-07-31,2026-07-31,2026-08-03T09:21:28+00:00,2026-08-03 02:21 Mon,,false,,,,false,oracle:Ford:68021
Ford:69855,Ford,Manufacturing Engineer- Body Shop,"Dearborn, MI, United States",,https://efds.fa.em5.oraclecloud.com/hcmUI/CandidateExperience/en/sites/CX_1/job/69855,2026-08-28,2026-08-28,2026-08-28T17:41:43+00:00,2026-08-28 10:41 Fri,,false,,,,false,oracle:Ford:69855
Ford:67202,Ford,Manufacturing Engineer- Electronics Inspection,"Dearborn, MI, United States",,https://efds.fa.em5.oraclecloud.com/hcmUI/CandidateExperience/en/sites/CX_1/job/67202,2026-07-27,2026-07-27,2026-08-03T09:21:28+00:00,2026-08-03 02:21 Mon,,false,,,,false,oracle:Ford:67202
Ford:69568,Ford,Manufacturing Engineer- End of Line Vehicle Calibration and Testing,"Allen Park, MI, United States",,https://efds.fa.em5.oraclecloud.com/hcmUI/CandidateExperience/en/sites/CX_1/job/69568,2026-08-31,2026-08-31,2026-08-31T18:59:51+00:00,2026-08-31 11:59 Mon,,false,,,,false,oracle:Ford:69568
Ford:65410,Ford,Manufacturing Engineer- Laser,"Woodhaven, MI, United States",,https://efds.fa.em5.oraclecloud.com/hcmUI/CandidateExperience/en/sites/CX_1/job/65410,2026-06-29,2026-06-29,2026-07-07T05:59:38+00:00,2026-07-06 22:59 Mon,,false,,,,false,oracle:Ford:65410
Ford:67769,Ford,Manufacturing Engineer-FAE Design Follow up.,"Dearborn, MI, United States",,https://efds.fa.em5.oraclecloud.com/hcmUI/CandidateExperience/en/sites/CX_1/job/67769,2026-08-05,2026-08-05,2026-08-06T01:24:39+00:00,2026-08-05 18:24 Wed,,false,,,,false,oracle:Ford:67769
Ford:65571,Ford,Manufacturing Engineer-Machining,"Dearborn, MI, United States",,https://efds.fa.em5.oraclecloud.com/hcmUI/CandidateExperience/en/sites/CX_1/job/65571,2026-08-10,2026-08-10,2026-08-10T17:59:46+00:00,2026-08-10 10:59 Mon,,false,,,,false,oracle:Ford:65571
Ford:62148,Ford,Manufacturing Engineer-Package Attach/Reflow Soldering,"Dearborn, MI, United States",,https://efds.fa.em5.oraclecloud.com/hcmUI/CandidateExperience/en/sites/CX_1/job/62148,2026-07-08,2026-07-08,2026-07-08T18:36:06+00:00,2026-07-08 11:36 Wed,,false,,,,false,oracle:Ford:62148
Ford:68422,Ford,Manufacturing Engineer-Program Delivery and Launch,"Avon Lake, OH, United States",,https://efds.fa.em5.oraclecloud.com/hcmUI/CandidateExperience/en/sites/CX_1/job/68422,2026-08-20,2026-08-20,2026-08-20T15:18:00+00:00,2026-08-20 08:18 Thu,,false,,,,false,oracle:Ford:68422
Ford:67435,Ford,Manufacturing Engineering Supervisor,"Dearborn, MI, United States",,https://efds.fa.em5.oraclecloud.com/hcmUI/CandidateExperience/en/sites/CX_1/job/67435,2026-07-27,2026-07-27,2026-07-27T14:41:47+00:00,2026-07-27 07:41 Mon,,false,,,,false,oracle:Ford:67435
Ford:68244,Ford,Manufacturing Engineering Supervisor (UEV),"Dearborn, MI, United States",,https://efds.fa.em5.oraclecloud.com/hcmUI/CandidateExperience/en/sites/CX_1/job/68244,2026-08-19,2026-08-19,2026-08-19T14:14:08+00:00,2026-08-19 07:14 Wed,,false,,,,false,oracle:Ford:68244
Ford:63664,Ford,Manufacturing Facilities Project Engineer,"Dearborn, MI, United States",,https://efds.fa.em5.oraclecloud.com/hcmUI/CandidateExperience/en/sites/CX_1/job/63664,2026-08-03,2026-08-03,2026-08-03T14:41:22+00:00,2026-08-03 07:41 Mon,,false,,,,false,oracle:Ford:63664
Ford:69411,Ford,Manufacturing HRBP,"Sterling Heights, MI, United States",,https://efds.fa.em5.oraclecloud.com/hcmUI/CandidateExperience/en/sites/CX_1/job/69411,2026-08-30,2026-08-30,2026-08-30T23:59:16+00:00,2026-08-30 16:59 Sun,,false,,,,false,oracle:Ford:69411
Ford:67140,Ford,Manufacturing Industrial Engineer,"Chennai, Tamil Nadu, India",,https://efds.fa.em5.oraclecloud.com/hcmUI/CandidateExperience/en/sites/CX_1/job/67140,2026-07-28,2026-07-28,2026-07-28T08:41:26+00:00,2026-07-28 01:41 Tue,,false,,,,false,oracle:Ford:67140
Ford:67041,Ford,Manufacturing Layout Engineer,"Chennai, Tamil Nadu, India",,https://efds.fa.em5.oraclecloud.com/hcmUI/CandidateExperience/en/sites/CX_1/job/67041,2026-08-25,2026-08-25,2026-08-25T19:18:11+00:00,2026-08-25 12:18 Tue,,false,,,,false,oracle:Ford:67041
Ford:68033,Ford,Manufacturing Process Development Operations Engineer - New Product Programs,"Redford, MI, United States",,https://efds.fa.em5.oraclecloud.com/hcmUI/CandidateExperience/en/sites/CX_1/job/68033,2026-09-02,2026-09-02,2026-09-02T18:45:15+00:00,2026-09-02 11:45 Wed,,false,,,,false,oracle:Ford:68033
Ford:69504,Ford,Manufacturing Process Engineer,"Dearborn, MI, United States",,https://efds.fa.em5.oraclecloud.com/hcmUI/CandidateExperience/en/sites/CX_1/job/69504,2026-08-28,2026-08-28,2026-08-28T19:17:49+00:00,2026-08-28 12:17 Fri,,false,,,,false,oracle:Ford:69504
Ford:68597,Ford,Manufacturing Quality Engineer,"Dearborn, MI, United States",,https://efds.fa.em5.oraclecloud.com/hcmUI/CandidateExperience/en/sites/CX_1/job/68597,2026-09-01,2026-09-01,2026-09-02T05:20:28+00:00,2026-09-01 22:20 Tue,,false,,,,false,oracle:Ford:68597
Ford:69782,Ford,Manufacturing Security Specialist,"Sterling Heights, MI, United States",,https://efds.fa.em5.oraclecloud.com/hcmUI/CandidateExperience/en/sites/CX_1/job/69782,2026-08-31,2026-08-31,2026-08-31T14:59:59+00:00,2026-08-31 07:59 Mon,,false,,,,false,oracle:Ford:69782
Ford:67359,Ford,Manufacturing Systems Engineer,"Dearborn, MI, United States",,https://efds.fa.em5.oraclecloud.com/hcmUI/CandidateExperience/en/sites/CX_1/job/67359,2026-07-28,2026-07-28,2026-08-03T09:21:28+00:00,2026-08-03 02:21 Mon,,false,,,,false,oracle:Ford:67359
Ford:67045,Ford,Manufacturing Test Engineer – Engine /Transmission,"Chennai, Tamil Nadu, India",,https://efds.fa.em5.oraclecloud.com/hcmUI/CandidateExperience/en/sites/CX_1/job/67045,2026-07-30,2026-07-30,2026-07-30T05:41:43+00:00,2026-07-29 22:41 Wed,,false,,,,false,oracle:Ford:67045
Ford:67047,Ford,Manufacturing Test Engineer – Engine /Transmission,"Chennai, Tamil Nadu, India",,https://efds.fa.em5.oraclecloud.com/hcmUI/CandidateExperience/en/sites/CX_1/job/67047,2026-07-30,2026-07-30,2026-07-30T05:41:43+00:00,2026-07-29 22:41 Wed,,false,,,,false,oracle:Ford:67047
Ford:67042,Ford,Manufacturing Test Engineer – Engine /Transmission,"Chennai, Tamil Nadu, India",,https://efds.fa.em5.oraclecloud.com/hcmUI/CandidateExperience/en/sites/CX_1/job/67042,2026-07-30,2026-07-30,2026-07-30T05:59:45+00:00,2026-07-29 22:59 Wed,,false,,,,false,oracle:Ford:67042
Ford:66001,Ford,"Manufacturing, HR Business Partner","Chicago, IL, United States",,https://efds.fa.em5.oraclecloud.com/hcmUI/CandidateExperience/en/sites/CX_1/job/66001,2026-06-30,2026-06-30,2026-07-07T05:59:38+00:00,2026-07-06 22:59 Mon,,false,,,,false,oracle:Ford:66001
Ford:67012,Ford,"Manufacturing, HR Business Partner","Chicago Heights, IL, United States",,https://efds.fa.em5.oraclecloud.com/hcmUI/CandidateExperience/en/sites/CX_1/job/67012,2026-07-28,2026-07-28,2026-07-28T13:41:43+00:00,2026-07-28 06:41 Tue,,false,,,,false,oracle:Ford:67012
Ford:67434,Ford,"Manufacturing, HR Business Partner","Cincinnati, OH, United States",,https://efds.fa.em5.oraclecloud.com/hcmUI/CandidateExperience/en/sites/CX_1/job/67434,2026-08-06,2026-08-06,2026-08-06T19:26:51+00:00,2026-08-06 12:26 Thu,,false,,,,false,oracle:Ford:67434
Ford:66537,Ford,"Manufacturing, HRBP","Ypsilanti, MI, United States",,https://efds.fa.em5.oraclecloud.com/hcmUI/CandidateExperience/en/sites/CX_1/job/66537,2026-08-06,2026-08-06,2026-08-06T22:41:47+00:00,2026-08-06 15:41 Thu,,false,,,,false,oracle:Ford:66537
Ford:69117,Ford,"Manufacturing/Process Engineer, BlueOval Battery Park Michigan","Marshall, MI, United States",,https://efds.fa.em5.oraclecloud.com/hcmUI/CandidateExperience/en/sites/CX_1/job/69117,2026-08-20,2026-08-20,2026-08-20T13:59:53+00:00,2026-08-20 06:59 Thu,,false,,,,false,oracle:Ford:69117
Ford:69401,Ford,Market Executor - DOE,"Chennai, Tamil Nadu, India",,https://efds.fa.em5.oraclecloud.com/hcmUI/CandidateExperience/en/sites/CX_1/job/69401,2026-09-03,2026-09-03,2026-09-03T19:37:21+00:00,2026-09-03 12:37 Thu,,false,,,,false,oracle:Ford:69401
Ford:67367,Ford,"Market&Vehicle Programmer, FoE","Budapest, Kozep-Magyarorszag, Hungary",,https://efds.fa.em5.oraclecloud.com/hcmUI/CandidateExperience/en/sites/CX_1/job/67367,2026-09-03,2026-09-03,2026-07-22T07:41:16+00:00,2026-07-22 00:41 Wed,,false,,,,false,oracle:Ford:67367
Ford:69791,Ford,Marketing Analyst,"Dearborn, MI, United States",,https://efds.fa.em5.oraclecloud.com/hcmUI/CandidateExperience/en/sites/CX_1/job/69791,2026-09-03,2026-09-03,2026-09-03T04:50:24+00:00,2026-09-02 21:50 Wed,,false,,,,false,oracle:Ford:69791
Ford:69669,Ford,Marketing Communications Specialist - Integrated Services and Recalls Tier 1 Support,"Dearborn, MI, United States",,https://efds.fa.em5.oraclecloud.com/hcmUI/CandidateExperience/en/sites/CX_1/job/69669,2026-09-02,2026-09-02,2026-09-03T04:50:24+00:00,2026-09-02 21:50 Wed,,false,,,,false,oracle:Ford:69669
Ford:69905,Ford,Marketing Payment Incentive Coordinator,"Budapest, Kozep-Magyarorszag, Hungary",,https://efds.fa.em5.oraclecloud.com/hcmUI/CandidateExperience/en/sites/CX_1/job/69905,2026-08-31,2026-08-31,2026-08-31T13:59:35+00:00,2026-08-31 06:59 Mon,,false,,,,false,oracle:Ford:69905
Ford:62950,Ford,Master Black Belt,"Ypsilanti, MI, United States",,https://efds.fa.em5.oraclecloud.com/hcmUI/CandidateExperience/en/sites/CX_1/job/62950,2026-07-28,2026-07-28,2026-07-28T15:42:00+00:00,2026-07-28 08:42 Tue,,false,,,,false,oracle:Ford:62950
Ford:66605,Ford,Master Data Management Developer,"Allen Park, MI, United States",,https://efds.fa.em5.oraclecloud.com/hcmUI/CandidateExperience/en/sites/CX_1/job/66605,2026-08-19,2026-08-19,2026-08-19T18:54:29+00:00,2026-08-19 11:54 Wed,Software Engineering,true,CLI,5,"The candidate has strong software, computer vision, and general data-processing experience but lacks the required Informatica MDM/IDMC, enterprise master data, data governance, and CDI/CDQ/CAI integration expertise.",true,oracle:Ford:66605
Ford:66157,Ford,Material Control Supervisor,"Shawnee, KS, United States",,https://efds.fa.em5.oraclecloud.com/hcmUI/CandidateExperience/en/sites/CX_1/job/66157,2026-07-10,2026-07-10,2026-07-10T19:13:28+00:00,2026-07-10 12:13 Fri,,false,,,,false,oracle:Ford:66157
Ford:66833,Ford,Material Control Supervisor,"Memphis, TN, United States",,https://efds.fa.em5.oraclecloud.com/hcmUI/CandidateExperience/en/sites/CX_1/job/66833,2026-07-14,2026-07-14,2026-07-14T13:41:04+00:00,2026-07-14 06:41 Tue,,false,,,,false,oracle:Ford:66833
Ford:66664,Ford,Material Control Supervisor,"Denver, CO, United States",,https://efds.fa.em5.oraclecloud.com/hcmUI/CandidateExperience/en/sites/CX_1/job/66664,2026-07-15,2026-07-15,2026-07-15T11:59:26+00:00,2026-07-15 04:59 Wed,,false,,,,false,oracle:Ford:66664
Ford:67919,Ford,Material Control Supervisor,"Memphis, TN, United States",,https://efds.fa.em5.oraclecloud.com/hcmUI/CandidateExperience/en/sites/CX_1/job/67919,2026-08-11,2026-08-11,2026-08-11T21:07:06+00:00,2026-08-11 14:07 Tue,,false,,,,false,oracle:Ford:67919
Ford:67860,Ford,Material Control Supervisor,"Romulus, MI, United States",,https://efds.fa.em5.oraclecloud.com/hcmUI/CandidateExperience/en/sites/CX_1/job/67860,2026-08-18,2026-08-18,2026-08-18T20:11:10+00:00,2026-08-18 13:11 Tue,,false,,,,false,oracle:Ford:67860
Ford:68554,Ford,Material Control Supervisor,"Houston, TX, United States",,https://efds.fa.em5.oraclecloud.com/hcmUI/CandidateExperience/en/sites/CX_1/job/68554,2026-08-26,2026-08-26,2026-08-26T20:41:59+00:00,2026-08-26 13:41 Wed,,false,,,,false,oracle:Ford:68554
Ford:64808,Ford,"Material Control, Supplier Manufacturing Readiness, BlueOval Battery Park Michigan","Marshall, MI, United States",,https://efds.fa.em5.oraclecloud.com/hcmUI/CandidateExperience/en/sites/CX_1/job/64808,2026-07-30,2026-07-30,2026-07-30T12:41:39+00:00,2026-07-30 05:41 Thu,,false,,,,false,oracle:Ford:64808
Ford:64810,Ford,"Material Control, Supplier Manufacturing Readiness, BlueOval Battery Park Michigan","Marshall, MI, United States",,https://efds.fa.em5.oraclecloud.com/hcmUI/CandidateExperience/en/sites/CX_1/job/64810,2026-08-11,2026-08-11,2026-08-11T13:59:39+00:00,2026-08-11 06:59 Tue,,false,,,,false,oracle:Ford:64810
Ford:67022,Ford,Material Control-Lead Supervisor,"Windsor, CT, United States",,https://efds.fa.em5.oraclecloud.com/hcmUI/CandidateExperience/en/sites/CX_1/job/67022,2026-07-17,2026-07-17,2026-07-17T13:42:00+00:00,2026-07-17 06:42 Fri,,false,,,,false,oracle:Ford:67022
Ford:68977,Ford,Material Cost Optimization Engineer,"Bangkok, Thailand",,https://efds.fa.em5.oraclecloud.com/hcmUI/CandidateExperience/en/sites/CX_1/job/68977,2026-08-14,2026-08-14,2026-08-14T08:41:16+00:00,2026-08-14 01:41 Fri,,false,,,,false,oracle:Ford:68977
Ford:65842,Ford,Material Flow Engineer,"Dearborn, MI, United States",,https://efds.fa.em5.oraclecloud.com/hcmUI/CandidateExperience/en/sites/CX_1/job/65842,2026-07-27,2026-07-27,2026-07-27T19:01:41+00:00,2026-07-27 12:01 Mon,,false,,,,false,oracle:Ford:65842
Ford:67991,Ford,Material Flow Engineer,"Cincinnati, OH, United States",,https://efds.fa.em5.oraclecloud.com/hcmUI/CandidateExperience/en/sites/CX_1/job/67991,2026-08-10,2026-08-10,2026-08-10T15:15:57+00:00,2026-08-10 08:15 Mon,,false,,,,false,oracle:Ford:67991
Ford:66585,Ford,Material Fulfillment Analyst,"Rayong, Thailand",,https://efds.fa.em5.oraclecloud.com/hcmUI/CandidateExperience/en/sites/CX_1/job/66585,2026-07-07,2026-07-07,2026-07-07T05:59:38+00:00,2026-07-06 22:59 Mon,,false,,,,false,oracle:Ford:66585
Ford:68389,Ford,Material Handling Engineer (KTP),"Louisville, KY, United States",,https://efds.fa.em5.oraclecloud.com/hcmUI/CandidateExperience/en/sites/CX_1/job/68389,2026-08-13,2026-08-13,2026-08-13T14:00:05+00:00,2026-08-13 07:00 Thu,Other Technical,true,Keyword,40,keyword-only heuristic,false,oracle:Ford:68389
Ford:69415,Ford,Material Logistics Analyst,"Dearborn, MI, United States",,https://efds.fa.em5.oraclecloud.com/hcmUI/CandidateExperience/en/sites/CX_1/job/69415,2026-08-31,2026-08-31,2026-08-31T15:17:49+00:00,2026-08-31 08:17 Mon,,false,,,,false,oracle:Ford:69415
Ford:65875,Ford,MBSE & Strategy Engineer,"Dearborn, MI, United States",,https://efds.fa.em5.oraclecloud.com/hcmUI/CandidateExperience/en/sites/CX_1/job/65875,2026-07-13,2026-07-13,2026-07-13T18:17:19+00:00,2026-07-13 11:17 Mon,,false,,,,false,oracle:Ford:65875
Ford:67373,Ford,MCP Software Engineer,"Chennai, Tamil Nadu, India",,https://efds.fa.em5.oraclecloud.com/hcmUI/CandidateExperience/en/sites/CX_1/job/67373,2026-08-06,2026-08-06,2026-08-06T07:26:27+00:00,2026-08-06 00:26 Thu,,false,,,,false,oracle:Ford:67373
Ford:69085,Ford,Mechanic,"Livonia, MI, United States",,https://efds.fa.em5.oraclecloud.com/hcmUI/CandidateExperience/en/sites/CX_1/job/69085,2026-08-28,2026-08-28,2026-08-28T18:59:38+00:00,2026-08-28 11:59 Fri,,false,,,,false,oracle:Ford:69085
Ford:69197,Ford,Mechanical Design Engineer,"Long Beach, CA, United States",,https://efds.fa.em5.oraclecloud.com/hcmUI/CandidateExperience/en/sites/CX_1/job/69197,2026-08-20,2026-08-20,2026-08-20T17:41:55+00:00,2026-08-20 10:41 Thu,,false,,,,false,oracle:Ford:69197
Ford:68931,Ford,"Mechanical, Manufacturing Engineering, BlueOval Battery Park Michigan","Marshall, MI, United States",,https://efds.fa.em5.oraclecloud.com/hcmUI/CandidateExperience/en/sites/CX_1/job/68931,2026-08-24,2026-08-24,2026-08-24T13:59:44+00:00,2026-08-24 06:59 Mon,,false,,,,false,oracle:Ford:68931
Ford:69718,Ford,Mechatronic Systems Supervisor,"Dearborn, MI, United States",,https://efds.fa.em5.oraclecloud.com/hcmUI/CandidateExperience/en/sites/CX_1/job/69718,2026-09-03,2026-09-03,2026-09-03T19:37:21+00:00,2026-09-03 12:37 Thu,,false,,,,false,oracle:Ford:69718
Ford:65914,Ford,Mechatronics Subsystem Application Engineer – Closures,"Dearborn, MI, United States",,https://efds.fa.em5.oraclecloud.com/hcmUI/CandidateExperience/en/sites/CX_1/job/65914,2026-07-08,2026-07-08,2026-07-08T02:45:08+00:00,2026-07-07 19:45 Tue,,false,,,,false,oracle:Ford:65914
Ford:66357,Ford,Mfg Platform OT Cyber Security Engineer,"Redford, MI, United States",,https://efds.fa.em5.oraclecloud.com/hcmUI/CandidateExperience/en/sites/CX_1/job/66357,2026-07-13,2026-07-13,2026-07-13T14:40:57+00:00,2026-07-13 07:40 Mon,,false,,,,false,oracle:Ford:66357
Ford:66711,Ford,Mfg Process Engineer (Round Parts),"Dearborn, MI, United States",,https://efds.fa.em5.oraclecloud.com/hcmUI/CandidateExperience/en/sites/CX_1/job/66711,2026-07-28,2026-07-28,2026-07-29T00:17:32+00:00,2026-07-28 17:17 Tue,,false,,,,false,oracle:Ford:66711
Ford:68542,Ford,MH supervisor,"Woodhaven, MI, United States",,https://efds.fa.em5.oraclecloud.com/hcmUI/CandidateExperience/en/sites/CX_1/job/68542,2026-08-25,2026-08-25,2026-08-25T23:17:41+00:00,2026-08-25 16:17 Tue,,false,,,,false,oracle:Ford:68542
Ford:67354,Ford,MLD and Innovation Team Manager-Planta Ford Irapuato,"Irapuato, GUA, Mexico",,https://efds.fa.em5.oraclecloud.com/hcmUI/CandidateExperience/en/sites/CX_1/job/67354,2026-07-31,2026-07-31,2026-07-31T17:17:33+00:00,2026-07-31 10:17 Fri,,false,,,,false,oracle:Ford:67354
Ford:65668,Ford,Model Risk Management Lead - Ford Credit Bank,"Salt Lake City, UT, United States",,https://efds.fa.em5.oraclecloud.com/hcmUI/CandidateExperience/en/sites/CX_1/job/65668,2026-07-07,2026-07-07,2026-07-07T13:43:37+00:00,2026-07-07 06:43 Tue,,false,,,,false,oracle:Ford:65668
Ford:66529,Ford,Model-Based Systems Engineer - Digital Transformation,"Dearborn, MI, United States",,https://efds.fa.em5.oraclecloud.com/hcmUI/CandidateExperience/en/sites/CX_1/job/66529,2026-08-18,2026-08-18,2026-08-18T18:12:26+00:00,2026-08-18 11:12 Tue,,false,,,,false,oracle:Ford:66529
Ford:69651,Ford,"Module Design & Release/TVM Engineer, Ford Energy","Dearborn, MI, United States",,https://efds.fa.em5.oraclecloud.com/hcmUI/CandidateExperience/en/sites/CX_1/job/69651,2026-08-27,2026-08-27,2026-08-27T16:18:11+00:00,2026-08-27 09:18 Thu,,false,,,,false,oracle:Ford:69651
Ford:66378,Ford,Module-Buyer,"Dearborn, MI, United States",,https://efds.fa.em5.oraclecloud.com/hcmUI/CandidateExperience/en/sites/CX_1/job/66378,2026-07-14,2026-07-14,2026-07-14T15:59:40+00:00,2026-07-14 08:59 Tue,,false,,,,false,oracle:Ford:66378
Ford:64327,Ford,MOS Maintenance Manager,"Sterling Heights, MI, United States",,https://efds.fa.em5.oraclecloud.com/hcmUI/CandidateExperience/en/sites/CX_1/job/64327,2026-07-08,2026-07-08,2026-07-08T22:12:03+00:00,2026-07-08 15:12 Wed,,false,,,,false,oracle:Ford:64327
Ford:67253,Ford,Motorsports Aerodynamics Engineer,"Allen Park, MI, United States",,https://efds.fa.em5.oraclecloud.com/hcmUI/CandidateExperience/en/sites/CX_1/job/67253,2026-07-29,2026-07-29,2026-08-03T09:21:28+00:00,2026-08-03 02:21 Mon,,false,,,,false,oracle:Ford:67253
Ford:65939,Ford,Motorsports Engine Builder,"Allen Park, MI, United States",,https://efds.fa.em5.oraclecloud.com/hcmUI/CandidateExperience/en/sites/CX_1/job/65939,2026-07-02,2026-07-02,2026-07-07T05:59:38+00:00,2026-07-06 22:59 Mon,,false,,,,false,oracle:Ford:65939
Ford:69134,Ford,MP&L Engineer Specialist,"Chihuahua, CHIH, Mexico",,https://efds.fa.em5.oraclecloud.com/hcmUI/CandidateExperience/en/sites/CX_1/job/69134,2026-08-19,2026-08-19,2026-08-19T23:06:03+00:00,2026-08-19 16:06 Wed,,false,,,,false,oracle:Ford:69134
Ford:65732,Ford,MP&L Forward Model Process Engineer,"Dearborn, MI, United States",,https://efds.fa.em5.oraclecloud.com/hcmUI/CandidateExperience/en/sites/CX_1/job/65732,2026-07-16,2026-07-16,2026-07-16T20:59:42+00:00,2026-07-16 13:59 Thu,,false,,,,false,oracle:Ford:65732
Ford:65506,Ford,MP&L Forward Model Supplier Readiness Specialist,"Allen Park, MI, United States",,https://efds.fa.em5.oraclecloud.com/hcmUI/CandidateExperience/en/sites/CX_1/job/65506,2026-07-30,2026-07-30,2026-07-30T18:59:37+00:00,2026-07-30 11:59 Thu,,false,,,,false,oracle:Ford:65506
Ford:61292,Ford,MP&L Launch Lead,"Wayne, MI, United States",,https://efds.fa.em5.oraclecloud.com/hcmUI/CandidateExperience/en/sites/CX_1/job/61292,2026-07-15,2026-07-15,2026-07-15T16:59:28+00:00,2026-07-15 09:59 Wed,,false,,,,false,oracle:Ford:61292
Ford:69917,Ford,MP&L MMP Business Process Analyst,"Dearborn, MI, United States",,https://efds.fa.em5.oraclecloud.com/hcmUI/CandidateExperience/en/sites/CX_1/job/69917,2026-08-31,2026-08-31,2026-08-31T20:41:45+00:00,2026-08-31 13:41 Mon,,false,,,,false,oracle:Ford:69917
Ford:66419,Ford,MP&L Program Analyst,"Allen Park, MI, United States",,https://efds.fa.em5.oraclecloud.com/hcmUI/CandidateExperience/en/sites/CX_1/job/66419,2026-07-09,2026-07-09,2026-07-09T15:12:17+00:00,2026-07-09 08:12 Thu,,false,,,,false,oracle:Ford:66419
Ford:69465,Ford,MP&L Strategy Analyst,"Hermosillo, SON, Mexico",,https://efds.fa.em5.oraclecloud.com/hcmUI/CandidateExperience/en/sites/CX_1/job/69465,2026-08-27,2026-08-27,2026-08-27T18:17:54+00:00,2026-08-27 11:17 Thu,,false,,,,false,oracle:Ford:69465
Ford:66035,Ford,NA Power Supply EV Program & Unit Applications Supervisor,"Dearborn, MI, United States",,https://efds.fa.em5.oraclecloud.com/hcmUI/CandidateExperience/en/sites/CX_1/job/66035,2026-07-06,2026-07-06,2026-07-07T05:59:38+00:00,2026-07-06 22:59 Mon,,false,,,,false,oracle:Ford:66035
Ford:65218,Ford,National Account Manager,"WA, United States",,https://efds.fa.em5.oraclecloud.com/hcmUI/CandidateExperience/en/sites/CX_1/job/65218,2026-07-01,2026-07-01,2026-07-07T05:59:38+00:00,2026-07-06 22:59 Mon,,false,,,,false,oracle:Ford:65218
Ford:66636,Ford,Network Engineer,"Allen Park, MI, United States",,https://efds.fa.em5.oraclecloud.com/hcmUI/CandidateExperience/en/sites/CX_1/job/66636,2026-07-19,2026-07-19,2026-07-19T16:59:30+00:00,2026-07-19 09:59 Sun,,false,,,,false,oracle:Ford:66636
Ford:66365,Ford,Networking Architect,India,,https://efds.fa.em5.oraclecloud.com/hcmUI/CandidateExperience/en/sites/CX_1/job/66365,2026-07-13,2026-07-13,2026-07-13T05:40:50+00:00,2026-07-12 22:40 Sun,,false,,,,false,oracle:Ford:66365
Ford:63994,Ford,New Model Launch Manager (Automotive Mfg),"Allen Park, MI, United States",,https://efds.fa.em5.oraclecloud.com/hcmUI/CandidateExperience/en/sites/CX_1/job/63994,2026-08-28,2026-08-28,2026-08-28T16:41:40+00:00,2026-08-28 09:41 Fri,,false,,,,false,oracle:Ford:63994
Ford:69906,Ford,New Model Launch Specialist,"Allen Park, MI, United States",,https://efds.fa.em5.oraclecloud.com/hcmUI/CandidateExperience/en/sites/CX_1/job/69906,2026-09-04,2026-09-04,2026-09-04T17:48:23+00:00,2026-09-04 10:48 Fri,,false,,,,false,oracle:Ford:69906
Ford:70087,Ford,New Model Launch Specialist,"Allen Park, MI, United States",,https://efds.fa.em5.oraclecloud.com/hcmUI/CandidateExperience/en/sites/CX_1/job/70087,2026-09-04,2026-09-04,2026-09-04T17:48:23+00:00,2026-09-04 10:48 Fri,,false,,,,false,oracle:Ford:70087
Ford:68653,Ford,New Model Programs Engineer,"Allen Park, MI, United States",,https://efds.fa.em5.oraclecloud.com/hcmUI/CandidateExperience/en/sites/CX_1/job/68653,2026-08-19,2026-08-19,2026-08-19T21:59:31+00:00,2026-08-19 14:59 Wed,,false,,,,false,oracle:Ford:68653
Ford:68654,Ford,New Model Programs Engineer,"Allen Park, MI, United States",,https://efds.fa.em5.oraclecloud.com/hcmUI/CandidateExperience/en/sites/CX_1/job/68654,2026-08-26,2026-08-26,2026-08-26T13:59:54+00:00,2026-08-26 06:59 Wed,,false,,,,false,oracle:Ford:68654
Ford:65299,Ford,NMP Engineer,"Hai Duong, Viet Nam",,https://efds.fa.em5.oraclecloud.com/hcmUI/CandidateExperience/en/sites/CX_1/job/65299,2026-07-17,2026-07-17,2026-07-17T04:41:15+00:00,2026-07-16 21:41 Thu,,false,,,,false,oracle:Ford:65299
Ford:68988,Ford,Numerical Control Processor,"Dearborn, MI, United States",,https://efds.fa.em5.oraclecloud.com/hcmUI/CandidateExperience/en/sites/CX_1/job/68988,2026-08-19,2026-08-19,2026-08-19T18:42:08+00:00,2026-08-19 11:42 Wed,,false,,,,false,oracle:Ford:68988
Ford:67602,Ford,OBD Core Calibration Supervisor,"Dearborn, MI, United States",,https://efds.fa.em5.oraclecloud.com/hcmUI/CandidateExperience/en/sites/CX_1/job/67602,2026-08-11,2026-08-11,2026-08-11T13:18:00+00:00,2026-08-11 06:18 Tue,,false,,,,false,oracle:Ford:67602
Ford:69764,Ford,Occupational Health Nurse - Onsite KTP,"Louisville, KY, United States",,https://efds.fa.em5.oraclecloud.com/hcmUI/CandidateExperience/en/sites/CX_1/job/69764,2026-08-31,2026-08-31,2026-08-31T21:59:46+00:00,2026-08-31 14:59 Mon,,false,,,,false,oracle:Ford:69764
Ford:65801,Ford,Off-Road Driving Experiences Manager,"Allen Park, MI, United States",,https://efds.fa.em5.oraclecloud.com/hcmUI/CandidateExperience/en/sites/CX_1/job/65801,2026-07-02,2026-07-02,2026-07-07T05:59:38+00:00,2026-07-06 22:59 Mon,,false,,,,false,oracle:Ford:65801
Ford:66225,Ford,Offboard Cybersecurity Technical Specialist,"Dearborn, MI, United States",,https://efds.fa.em5.oraclecloud.com/hcmUI/CandidateExperience/en/sites/CX_1/job/66225,2026-07-02,2026-07-02,2026-07-07T05:59:38+00:00,2026-07-06 22:59 Mon,,false,,,,false,oracle:Ford:66225
Ford:67788,Ford,Office Administrator,"Dearborn, MI, United States",,https://efds.fa.em5.oraclecloud.com/hcmUI/CandidateExperience/en/sites/CX_1/job/67788,2026-08-20,2026-08-20,2026-08-20T19:41:53+00:00,2026-08-20 12:41 Thu,,false,,,,false,oracle:Ford:67788
Ford:69532,Ford,Operador de Flota Vehicular,Mexico,,https://efds.fa.em5.oraclecloud.com/hcmUI/CandidateExperience/en/sites/CX_1/job/69532,2026-08-24,2026-08-24,2026-08-24T01:41:37+00:00,2026-08-23 18:41 Sun,,false,,,,false,oracle:Ford:69532
Ford:67257,Ford,"Operating Lease, Acct Mgr","Dearborn, MI, United States",,https://efds.fa.em5.oraclecloud.com/hcmUI/CandidateExperience/en/sites/CX_1/job/67257,2026-07-30,2026-07-30,2026-07-30T15:17:18+00:00,2026-07-30 08:17 Thu,,false,,,,false,oracle:Ford:67257
Ford:66922,Ford,Operations Buyer – Exterior/Fasteners Commodity,"Chennai, Tamil Nadu, India",,https://efds.fa.em5.oraclecloud.com/hcmUI/CandidateExperience/en/sites/CX_1/job/66922,2026-07-21,2026-07-21,2026-07-21T14:59:54+00:00,2026-07-21 07:59 Tue,,false,,,,false,oracle:Ford:66922
Ford:67943,Ford,Operations Manager,"Memphis, TN, United States",,https://efds.fa.em5.oraclecloud.com/hcmUI/CandidateExperience/en/sites/CX_1/job/67943,2026-08-11,2026-08-11,2026-08-11T20:59:57+00:00,2026-08-11 13:59 Tue,,false,,,,false,oracle:Ford:67943
Ford:66723,Ford,Oracle Fusion Payroll Software Engineer,Mexico,,https://efds.fa.em5.oraclecloud.com/hcmUI/CandidateExperience/en/sites/CX_1/job/66723,2026-07-08,2026-07-08,2026-07-09T05:28:20+00:00,2026-07-08 22:28 Wed,,false,,,,false,oracle:Ford:66723
Ford:67276,Ford,Oracle HCM Security Lead,"Dearborn, MI, United States",,https://efds.fa.em5.oraclecloud.com/hcmUI/CandidateExperience/en/sites/CX_1/job/67276,2026-09-01,2026-09-01,2026-08-10T16:17:29+00:00,2026-08-10 09:17 Mon,,false,,,,false,oracle:Ford:67276
Ford:70159,Ford,Order to Delivery Integration Analyst,"Budapest, Kozep-Magyarorszag, Hungary",,https://efds.fa.em5.oraclecloud.com/hcmUI/CandidateExperience/en/sites/CX_1/job/70159,2026-09-03,2026-09-03,2026-09-03T19:37:21+00:00,2026-09-03 12:37 Thu,,false,,,,false,oracle:Ford:70159
Ford:65384,Ford,OTA TTM Engineer,"Dearborn, MI, United States",,https://efds.fa.em5.oraclecloud.com/hcmUI/CandidateExperience/en/sites/CX_1/job/65384,2026-06-29,2026-06-29,2026-07-07T05:59:38+00:00,2026-07-06 22:59 Mon,,false,,,,false,oracle:Ford:65384
Ford:66786,Ford,Packaging Engineer,"Allen Park, MI, United States",,https://efds.fa.em5.oraclecloud.com/hcmUI/CandidateExperience/en/sites/CX_1/job/66786,2026-07-31,2026-07-31,2026-07-31T18:17:52+00:00,2026-07-31 11:17 Fri,,false,,,,false,oracle:Ford:66786
Ford:68347,Ford,Packaging Engineer,"Pretoria, Gauteng, South Africa",,https://efds.fa.em5.oraclecloud.com/hcmUI/CandidateExperience/en/sites/CX_1/job/68347,2026-08-06,2026-08-06,2026-08-06T14:18:05+00:00,2026-08-06 07:18 Thu,,false,,,,false,oracle:Ford:68347
Ford:68127,Ford,Packaging Engineer,"Hermosillo, SON, Mexico",,https://efds.fa.em5.oraclecloud.com/hcmUI/CandidateExperience/en/sites/CX_1/job/68127,2026-08-07,2026-08-07,2026-08-07T14:59:24+00:00,2026-08-07 07:59 Fri,,false,,,,false,oracle:Ford:68127
Ford:64334,Ford,Paint Engineering,"Hai Duong, Viet Nam",,https://efds.fa.em5.oraclecloud.com/hcmUI/CandidateExperience/en/sites/CX_1/job/64334,2026-07-06,2026-07-06,2026-07-07T05:59:38+00:00,2026-07-06 22:59 Mon,,false,,,,false,oracle:Ford:64334
Ford:70218,Ford,Paint Quality Engineer,"Dearborn, MI, United States",,https://efds.fa.em5.oraclecloud.com/hcmUI/CandidateExperience/en/sites/CX_1/job/70218,2026-09-04,2026-09-04,2026-09-04T14:51:38+00:00,2026-09-04 07:51 Fri,,false,,,,false,oracle:Ford:70218
Ford:68048,Ford,Parts and Sales Zone Manager - Rural Zones,"Western Australia, Australia",,https://efds.fa.em5.oraclecloud.com/hcmUI/CandidateExperience/en/sites/CX_1/job/68048,2026-08-04,2026-08-04,2026-08-04T07:59:00+00:00,2026-08-04 00:59 Tue,,false,,,,false,oracle:Ford:68048
Ford:68113,Ford,Parts Control Manager-MP&L,"Wayne, MI, United States",,https://efds.fa.em5.oraclecloud.com/hcmUI/CandidateExperience/en/sites/CX_1/job/68113,2026-08-28,2026-08-28,2026-08-28T00:59:28+00:00,2026-08-27 17:59 Thu,,false,,,,false,oracle:Ford:68113
Ford:69569,Ford,Passive Safety Systems Integration Engineer,"Palo Alto, CA, United States",,https://efds.fa.em5.oraclecloud.com/hcmUI/CandidateExperience/en/sites/CX_1/job/69569,2026-08-24,2026-08-24,2026-08-24T16:17:52+00:00,2026-08-24 09:17 Mon,Other Technical,true,Keyword,51,title-only listing; auto-passed (no description to score),true,oracle:Ford:69569
Ford:63134,Ford,Payroll Help Desk Analyst,"Naucalpan de Juarez, MEX, Mexico",,https://efds.fa.em5.oraclecloud.com/hcmUI/CandidateExperience/en/sites/CX_1/job/63134,2026-07-09,2026-07-09,2026-07-09T21:36:09+00:00,2026-07-09 14:36 Thu,,false,,,,false,oracle:Ford:63134
Ford:68446,Ford,PD Academy Engineer,"Naucalpan de Juarez, MEX, Mexico",,https://efds.fa.em5.oraclecloud.com/hcmUI/CandidateExperience/en/sites/CX_1/job/68446,2026-08-25,2026-08-25,2026-08-25T18:41:50+00:00,2026-08-25 11:41 Tue,,false,,,,false,oracle:Ford:68446
Ford:68453,Ford,PD Academy Engineer,"Naucalpan de Juarez, MEX, Mexico",,https://efds.fa.em5.oraclecloud.com/hcmUI/CandidateExperience/en/sites/CX_1/job/68453,2026-08-25,2026-08-25,2026-08-25T18:41:50+00:00,2026-08-25 11:41 Tue,,false,,,,false,oracle:Ford:68453
Ford:67525,Ford,PD Engineer: Auto Transmission Shifter Systems,"Dearborn, MI, United States",,https://efds.fa.em5.oraclecloud.com/hcmUI/CandidateExperience/en/sites/CX_1/job/67525,2026-08-05,2026-08-05,2026-08-05T16:41:49+00:00,2026-08-05 09:41 Wed,Other Technical,true,CLI,22,"The candidate has strong general engineering, computer vision, C++ programming, automation, and optimization experience, but lacks direct automotive transmission, mechanical systems, shifter systems, or product development expertise.",false,oracle:Ford:67525
Ford:66416,Ford,"PD Supv - Mustang, Explorer, Bronco/Ranger","Dearborn, MI, United States",,https://efds.fa.em5.oraclecloud.com/hcmUI/CandidateExperience/en/sites/CX_1/job/66416,2026-07-22,2026-07-22,2026-07-22T19:41:49+00:00,2026-07-22 12:41 Wed,,false,,,,false,oracle:Ford:66416
Ford:61820,Ford,PD Systems Functional Safety Engineer,"Dearborn, MI, United States",,https://efds.fa.em5.oraclecloud.com/hcmUI/CandidateExperience/en/sites/CX_1/job/61820,2026-07-08,2026-07-08,2026-07-08T17:12:02+00:00,2026-07-08 10:12 Wed,,false,,,,false,oracle:Ford:61820
Ford:65777,Ford,Performance engineer,"Bangalore, Karnataka, India",,https://efds.fa.em5.oraclecloud.com/hcmUI/CandidateExperience/en/sites/CX_1/job/65777,2026-07-29,2026-07-29,2026-07-29T13:59:43+00:00,2026-07-29 06:59 Wed,,false,,,,false,oracle:Ford:65777
Ford:69797,Ford,Performance Engineering Manager,"Dearborn, MI, United States",,https://efds.fa.em5.oraclecloud.com/hcmUI/CandidateExperience/en/sites/CX_1/job/69797,2026-08-31,2026-08-31,2026-08-31T21:41:50+00:00,2026-08-31 14:41 Mon,,false,,,,false,oracle:Ford:69797
Ford:66143,Ford,Physical Modeler,"Long Beach, CA, United States",,https://efds.fa.em5.oraclecloud.com/hcmUI/CandidateExperience/en/sites/CX_1/job/66143,2026-07-07,2026-07-07,2026-07-08T02:45:08+00:00,2026-07-07 19:45 Tue,,false,,,,false,oracle:Ford:66143
Ford:68793,Ford,Physical Modeler,"Dearborn, MI, United States",,https://efds.fa.em5.oraclecloud.com/hcmUI/CandidateExperience/en/sites/CX_1/job/68793,2026-08-25,2026-08-25,2026-08-25T14:07:51+00:00,2026-08-25 07:07 Tue,,false,,,,false,oracle:Ford:68793
Ford:69381,Ford,Plant Engineering Automation,"Hermosillo, SON, Mexico",,https://efds.fa.em5.oraclecloud.com/hcmUI/CandidateExperience/en/sites/CX_1/job/69381,2026-09-02,2026-09-02,2026-08-25T18:00:11+00:00,2026-08-25 11:00 Tue,,false,,,,false,oracle:Ford:69381
Ford:66466,Ford,Plant Environmental Control Engineer,"Naucalpan de Juarez, MEX, Mexico",,https://efds.fa.em5.oraclecloud.com/hcmUI/CandidateExperience/en/sites/CX_1/job/66466,2026-07-28,2026-07-28,2026-07-28T16:17:40+00:00,2026-07-28 09:17 Tue,,false,,,,false,oracle:Ford:66466
Ford:67688,Ford,Plant IT Engineer - Livonia Transmission Plant,"Livonia, MI, United States",,https://efds.fa.em5.oraclecloud.com/hcmUI/CandidateExperience/en/sites/CX_1/job/67688,2026-09-01,2026-09-01,2026-09-02T05:20:28+00:00,2026-09-01 22:20 Tue,,false,,,,false,oracle:Ford:67688
Ford:68632,Ford,"Plant Medical Leader, Occupational Safety","Hermosillo, SON, Mexico",,https://efds.fa.em5.oraclecloud.com/hcmUI/CandidateExperience/en/sites/CX_1/job/68632,2026-08-17,2026-08-17,2026-08-17T17:42:06+00:00,2026-08-17 10:42 Mon,,false,,,,false,oracle:Ford:68632
Ford:66400,Ford,Plant Physician,"Dearborn, MI, United States",,https://efds.fa.em5.oraclecloud.com/hcmUI/CandidateExperience/en/sites/CX_1/job/66400,2026-07-08,2026-07-08,2026-07-08T13:36:18+00:00,2026-07-08 06:36 Wed,,false,,,,false,oracle:Ford:66400
Ford:69786,Ford,Platform Automation Engineer,India,,https://efds.fa.em5.oraclecloud.com/hcmUI/CandidateExperience/en/sites/CX_1/job/69786,2026-09-03,2026-09-03,2026-09-03T19:37:21+00:00,2026-09-03 12:37 Thu,,false,,,,false,oracle:Ford:69786
Ford:64881,Ford,Platform Engineer - Developer,"Dearborn, MI, United States",,https://efds.fa.em5.oraclecloud.com/hcmUI/CandidateExperience/en/sites/CX_1/job/64881,2026-07-17,2026-07-17,2026-07-17T14:56:49+00:00,2026-07-17 07:56 Fri,Software Engineering,true,Keyword,40,keyword-only heuristic,false,oracle:Ford:64881
Ford:62509,Ford,Platform Execution Engineer,"Dearborn, MI, United States",,https://efds.fa.em5.oraclecloud.com/hcmUI/CandidateExperience/en/sites/CX_1/job/62509,2026-08-31,2026-08-31,2026-08-10T20:17:55+00:00,2026-08-10 13:17 Mon,,false,,,,false,oracle:Ford:62509
Ford:64274,Ford,Platform Hardware Technical Manager,"Dearborn, MI, United States",,https://efds.fa.em5.oraclecloud.com/hcmUI/CandidateExperience/en/sites/CX_1/job/64274,2026-08-31,2026-08-31,2026-08-31T14:42:08+00:00,2026-08-31 07:42 Mon,,false,,,,false,oracle:Ford:64274
Ford:69899,Ford,Platform Product Manager,"Chennai, Tamil Nadu, India",,https://efds.fa.em5.oraclecloud.com/hcmUI/CandidateExperience/en/sites/CX_1/job/69899,2026-09-02,2026-09-02,2026-09-02T18:45:15+00:00,2026-09-02 11:45 Wed,,false,,,,false,oracle:Ford:69899
Ford:65742,Ford,Platform Software Engineer,"Chennai, Tamil Nadu, India",,https://efds.fa.em5.oraclecloud.com/hcmUI/CandidateExperience/en/sites/CX_1/job/65742,2026-07-14,2026-07-14,2026-07-14T08:40:54+00:00,2026-07-14 01:40 Tue,,false,,,,false,oracle:Ford:65742
Ford:65963,Ford,Platform Software Engineer,"Chennai, Tamil Nadu, India",,https://efds.fa.em5.oraclecloud.com/hcmUI/CandidateExperience/en/sites/CX_1/job/65963,2026-07-14,2026-07-14,2026-07-14T09:17:05+00:00,2026-07-14 02:17 Tue,,false,,,,false,oracle:Ford:65963
Ford:67892,Ford,Platform Software Engineer,"Chennai, Tamil Nadu, India",,https://efds.fa.em5.oraclecloud.com/hcmUI/CandidateExperience/en/sites/CX_1/job/67892,2026-07-30,2026-07-30,2026-07-30T06:41:38+00:00,2026-07-29 23:41 Wed,,false,,,,false,oracle:Ford:67892
Ford:69900,Ford,Platform Software Engineer,"Chennai, Tamil Nadu, India",,https://efds.fa.em5.oraclecloud.com/hcmUI/CandidateExperience/en/sites/CX_1/job/69900,2026-09-01,2026-09-01,2026-09-01T15:42:02+00:00,2026-09-01 08:42 Tue,,false,,,,false,oracle:Ford:69900
Ford:67652,Ford,PLM Operations Manager,India,,https://efds.fa.em5.oraclecloud.com/hcmUI/CandidateExperience/en/sites/CX_1/job/67652,2026-07-29,2026-07-29,2026-07-29T12:17:49+00:00,2026-07-29 05:17 Wed,,false,,,,false,oracle:Ford:67652
Ford:48964,Ford,Plumber Pipefitter - Cleveland Engine Plant (CEP),"Cleveland, OH, United States",,https://efds.fa.em5.oraclecloud.com/hcmUI/CandidateExperience/en/sites/CX_1/job/48964,2026-09-02,2026-09-02,2026-09-03T04:50:24+00:00,2026-09-02 21:50 Wed,AI / ML,true,CLI,2,"The candidate has strong software, computer vision, and machine learning experience but no demonstrated plumbing, pipefitting, apprenticeship, blueprint, fluid or steam-system, fabrication, rigging, or valve-repair experience required for this trade role.",false,oracle:Ford:48964
Ford:67805,Ford,Polish-speaking Customer Relations Centre Agent,"Budapest, Kozep-Magyarorszag, Hungary",,https://efds.fa.em5.oraclecloud.com/hcmUI/CandidateExperience/en/sites/CX_1/job/67805,2026-08-03,2026-08-03,2026-07-29T07:59:22+00:00,2026-07-29 00:59 Wed,,false,,,,false,oracle:Ford:67805
Ford:69622,Ford,Polish-speaking Customer Relations Centre Agent,"Budapest, Kozep-Magyarorszag, Hungary",,https://efds.fa.em5.oraclecloud.com/hcmUI/CandidateExperience/en/sites/CX_1/job/69622,2026-08-25,2026-08-25,2026-08-25T12:42:02+00:00,2026-08-25 05:42 Tue,,false,,,,false,oracle:Ford:69622
Ford:67059,Ford,Portfolio Strategy Supervisor,"Detroit, MI, United States",,https://efds.fa.em5.oraclecloud.com/hcmUI/CandidateExperience/en/sites/CX_1/job/67059,2026-08-06,2026-08-06,2026-08-06T20:59:30+00:00,2026-08-06 13:59 Thu,,false,,,,false,oracle:Ford:67059
Ford:69883,Ford,Power Electronics Engineer - Inverter,"Long Beach, CA, United States",,https://efds.fa.em5.oraclecloud.com/hcmUI/CandidateExperience/en/sites/CX_1/job/69883,2026-08-31,2026-08-31,2026-08-31T21:41:50+00:00,2026-08-31 14:41 Mon,Other Technical,true,Keyword,52,keyword-only heuristic,true,oracle:Ford:69883
Ford:67337,Ford,Power Supply Component Engineer,"Dearborn, MI, United States",,https://efds.fa.em5.oraclecloud.com/hcmUI/CandidateExperience/en/sites/CX_1/job/67337,2026-08-04,2026-08-04,2026-08-04T15:16:18+00:00,2026-08-04 08:16 Tue,,false,,,,false,oracle:Ford:67337
Ford:68563,Ford,Power Supply Supervisor,"Melbourne, Victoria, Australia",,https://efds.fa.em5.oraclecloud.com/hcmUI/CandidateExperience/en/sites/CX_1/job/68563,2026-08-11,2026-08-11,2026-08-11T04:59:39+00:00,2026-08-10 21:59 Mon,,false,,,,false,oracle:Ford:68563
Ford:65103,Ford,Power Unit Systems/Core Engineering Supervisor,"Naucalpan de Juarez, MEX, Mexico",,https://efds.fa.em5.oraclecloud.com/hcmUI/CandidateExperience/en/sites/CX_1/job/65103,2026-08-26,2026-08-26,2026-08-26T20:59:49+00:00,2026-08-26 13:59 Wed,,false,,,,false,oracle:Ford:65103
Ford:66929,Ford,Powertrain Applications Engineer,"Dearborn, MI, United States",,https://efds.fa.em5.oraclecloud.com/hcmUI/CandidateExperience/en/sites/CX_1/job/66929,2026-07-20,2026-07-20,2026-07-20T20:41:43+00:00,2026-07-20 13:41 Mon,,false,,,,false,oracle:Ford:66929
Ford:62290,Ford,Powertrain Control Software Validation Engineer,"Dearborn, MI, United States",,https://efds.fa.em5.oraclecloud.com/hcmUI/CandidateExperience/en/sites/CX_1/job/62290,2026-08-23,2026-08-23,2026-08-23T21:17:17+00:00,2026-08-23 14:17 Sun,,false,,,,false,oracle:Ford:62290
Ford:66775,Ford,Powertrain Control's Integration Engineer,"Dearborn, MI, United States",,https://efds.fa.em5.oraclecloud.com/hcmUI/CandidateExperience/en/sites/CX_1/job/66775,2026-07-21,2026-07-21,2026-07-21T00:41:22+00:00,2026-07-20 17:41 Mon,,false,,,,false,oracle:Ford:66775
Ford:63471,Ford,Powertrain Controls Simulation Model Developer - Plant Modeling,"Dearborn, MI, United States",,https://efds.fa.em5.oraclecloud.com/hcmUI/CandidateExperience/en/sites/CX_1/job/63471,2026-07-15,2026-07-15,2026-07-15T16:17:51+00:00,2026-07-15 09:17 Wed,,false,,,,false,oracle:Ford:63471
Ford:66147,Ford,Powertrain Delivery Excellence & Transformation Supervisor,"Dearborn, MI, United States",,https://efds.fa.em5.oraclecloud.com/hcmUI/CandidateExperience/en/sites/CX_1/job/66147,2026-07-13,2026-07-13,2026-07-13T14:16:56+00:00,2026-07-13 07:16 Mon,Computer Vision,true,Keyword,40,keyword-only heuristic,false,oracle:Ford:66147
Ford:68117,Ford,Powertrain Manufacturing Test Systems Supervisor,"Dearborn, MI, United States",,https://efds.fa.em5.oraclecloud.com/hcmUI/CandidateExperience/en/sites/CX_1/job/68117,2026-08-17,2026-08-17,2026-08-17T12:59:32+00:00,2026-08-17 05:59 Mon,,false,,,,false,oracle:Ford:68117
Ford:68555,Ford,Powertrain Systems Engineer,"Allen Park, MI, United States",,https://efds.fa.em5.oraclecloud.com/hcmUI/CandidateExperience/en/sites/CX_1/job/68555,2026-09-01,2026-09-01,2026-08-18T01:42:04+00:00,2026-08-17 18:42 Mon,Other Technical,true,Keyword,40,keyword-only heuristic,false,oracle:Ford:68555
Ford:66080,Ford,PPM Prototype Analyst,"Chennai, Tamil Nadu, India",,https://efds.fa.em5.oraclecloud.com/hcmUI/CandidateExperience/en/sites/CX_1/job/66080,2026-07-07,2026-07-07,2026-07-07T13:43:37+00:00,2026-07-07 06:43 Tue,,false,,,,false,oracle:Ford:66080
Ford:68340,Ford,PRAKTIKANT (D/W/M) EINSATZ VON KI FÜR LAGERAUSLASTUNG UND BELEGUNG - UNTERSUCHUNG,"Köln, Nordrhein Westfalen, Germany",,https://efds.fa.em5.oraclecloud.com/hcmUI/CandidateExperience/en/sites/CX_1/job/68340,2026-08-11,2026-08-11,2026-08-11T09:41:27+00:00,2026-08-11 02:41 Tue,,false,,,,false,oracle:Ford:68340
Ford:68902,Ford,Praktikant (m/w/d) im SAP Warehouse Management,"Köln, Nordrhein Westfalen, Germany",,https://efds.fa.em5.oraclecloud.com/hcmUI/CandidateExperience/en/sites/CX_1/job/68902,2026-08-13,2026-08-13,2026-08-13T08:41:31+00:00,2026-08-13 01:41 Thu,,false,,,,false,oracle:Ford:68902
Ford:66288,Ford,Praktikant (w/m/d) im Bereich Marketing & Verkauf Performance Marketing & Dealer XP,"Köln, Nordrhein Westfalen, Germany",,https://efds.fa.em5.oraclecloud.com/hcmUI/CandidateExperience/en/sites/CX_1/job/66288,2026-06-30,2026-06-30,2026-07-07T05:59:38+00:00,2026-07-06 22:59 Mon,,false,,,,false,oracle:Ford:66288
Ford:67150,Ford,Praktikant Marketing & Verkauf (m/w/d),"Köln, Nordrhein Westfalen, Germany",,https://efds.fa.em5.oraclecloud.com/hcmUI/CandidateExperience/en/sites/CX_1/job/67150,2026-07-16,2026-07-16,2026-07-16T09:41:32+00:00,2026-07-16 02:41 Thu,,false,,,,false,oracle:Ford:67150
Ford:66430,Ford,Praktikant/in im Bereich Marketing und Verkauf,"Köln, Nordrhein Westfalen, Germany",,https://efds.fa.em5.oraclecloud.com/hcmUI/CandidateExperience/en/sites/CX_1/job/66430,2026-07-02,2026-07-02,2026-07-07T05:59:38+00:00,2026-07-06 22:59 Mon,,false,,,,false,oracle:Ford:66430
Ford:68282,Ford,Premium Logistics Analyst,"Dearborn, MI, United States",,https://efds.fa.em5.oraclecloud.com/hcmUI/CandidateExperience/en/sites/CX_1/job/68282,2026-08-27,2026-08-27,2026-08-27T17:59:56+00:00,2026-08-27 10:59 Thu,,false,,,,false,oracle:Ford:68282
Ford:69413,Ford,Premium Logistics Analyst,"Dearborn, MI, United States",,https://efds.fa.em5.oraclecloud.com/hcmUI/CandidateExperience/en/sites/CX_1/job/69413,2026-08-27,2026-08-27,2026-08-27T17:59:56+00:00,2026-08-27 10:59 Thu,,false,,,,false,oracle:Ford:69413
Ford:61107,Ford,"Principal Architect, Industrial Systems","Dearborn, MI, United States",,https://efds.fa.em5.oraclecloud.com/hcmUI/CandidateExperience/en/sites/CX_1/job/61107,2026-08-05,2026-08-05,2026-08-05T20:41:46+00:00,2026-08-05 13:41 Wed,,false,,,,false,oracle:Ford:61107
Ford:66461,Ford,Principal Cloud Database Engineer,"MI, United States",,https://efds.fa.em5.oraclecloud.com/hcmUI/CandidateExperience/en/sites/CX_1/job/66461,2026-08-12,2026-08-12,2026-08-12T15:41:55+00:00,2026-08-12 08:41 Wed,,false,,,,false,oracle:Ford:66461
Ford:68595,Ford,"Principal Engineer, Ford Pro Intelligence",United States,,https://efds.fa.em5.oraclecloud.com/hcmUI/CandidateExperience/en/sites/CX_1/job/68595,2026-08-21,2026-08-21,2026-08-21T15:59:38+00:00,2026-08-21 08:59 Fri,,false,,,,false,oracle:Ford:68595
Ford:66170,Ford,"Privacy Analyst, AI Support","Dearborn, MI, United States",,https://efds.fa.em5.oraclecloud.com/hcmUI/CandidateExperience/en/sites/CX_1/job/66170,2026-07-29,2026-07-29,2026-07-29T20:59:36+00:00,2026-07-29 13:59 Wed,,false,,,,false,oracle:Ford:66170
Ford:66153,Ford,Process Coach,"Chihuahua, CHIH, Mexico",,https://efds.fa.em5.oraclecloud.com/hcmUI/CandidateExperience/en/sites/CX_1/job/66153,2026-07-01,2026-07-01,2026-07-07T05:59:38+00:00,2026-07-06 22:59 Mon,,false,,,,false,oracle:Ford:66153
Ford:67560,Ford,Process Coach,"Chihuahua, CHIH, Mexico",,https://efds.fa.em5.oraclecloud.com/hcmUI/CandidateExperience/en/sites/CX_1/job/67560,2026-08-03,2026-08-03,2026-08-03T15:34:11+00:00,2026-08-03 08:34 Mon,,false,,,,false,oracle:Ford:67560
Ford:68257,Ford,Process Coach,"Chihuahua, CHIH, Mexico",,https://efds.fa.em5.oraclecloud.com/hcmUI/CandidateExperience/en/sites/CX_1/job/68257,2026-08-17,2026-08-17,2026-08-17T17:59:24+00:00,2026-08-17 10:59 Mon,,false,,,,false,oracle:Ford:68257
Ford:67561,Ford,Process Coach Maintenance,"Chihuahua, CHIH, Mexico",,https://efds.fa.em5.oraclecloud.com/hcmUI/CandidateExperience/en/sites/CX_1/job/67561,2026-08-17,2026-08-17,2026-08-17T17:59:24+00:00,2026-08-17 10:59 Mon,,false,,,,false,oracle:Ford:67561
Ford:66883,Ford,"Process Coach, Warehouse","Rayong, Thailand",,https://efds.fa.em5.oraclecloud.com/hcmUI/CandidateExperience/en/sites/CX_1/job/66883,2026-07-12,2026-07-12,2026-07-12T23:40:44+00:00,2026-07-12 16:40 Sun,,false,,,,false,oracle:Ford:66883
Ford:66390,Ford,Process Coach-Tool & Die,"Dearborn, MI, United States",,https://efds.fa.em5.oraclecloud.com/hcmUI/CandidateExperience/en/sites/CX_1/job/66390,2026-07-07,2026-07-07,2026-07-08T02:45:08+00:00,2026-07-07 19:45 Tue,,false,,,,false,oracle:Ford:66390
Ford:69208,Ford,Process Coach-Tool & Die,"Claycomo, MO, United States",,https://efds.fa.em5.oraclecloud.com/hcmUI/CandidateExperience/en/sites/CX_1/job/69208,2026-08-20,2026-08-20,2026-08-20T16:41:59+00:00,2026-08-20 09:41 Thu,,false,,,,false,oracle:Ford:69208
Ford:68790,Ford,Process Control Team Engineer-Manufacturing Engineering,"Dearborn, MI, United States",,https://efds.fa.em5.oraclecloud.com/hcmUI/CandidateExperience/en/sites/CX_1/job/68790,2026-08-20,2026-08-20,2026-08-20T19:09:12+00:00,2026-08-20 12:09 Thu,,false,,,,false,oracle:Ford:68790
Ford:68211,Ford,Process Engineer,"Ypsilanti, MI, United States",,https://efds.fa.em5.oraclecloud.com/hcmUI/CandidateExperience/en/sites/CX_1/job/68211,2026-08-27,2026-08-27,2026-08-27T15:18:17+00:00,2026-08-27 08:18 Thu,,false,,,,false,oracle:Ford:68211
Ford:65056,Ford,Process Engineer (Assembly),"Sterling Heights, MI, United States",,https://efds.fa.em5.oraclecloud.com/hcmUI/CandidateExperience/en/sites/CX_1/job/65056,2026-06-30,2026-06-30,2026-07-07T05:59:38+00:00,2026-07-06 22:59 Mon,,false,,,,false,oracle:Ford:65056
Ford:61150,Ford,Process Engineer (Gear Machining),"Sterling Heights, MI, United States",,https://efds.fa.em5.oraclecloud.com/hcmUI/CandidateExperience/en/sites/CX_1/job/61150,2026-06-30,2026-06-30,2026-07-07T05:59:38+00:00,2026-07-06 22:59 Mon,,false,,,,false,oracle:Ford:61150
Ford:61152,Ford,Process Engineer (Gear Machining),"Sterling Heights, MI, United States",,https://efds.fa.em5.oraclecloud.com/hcmUI/CandidateExperience/en/sites/CX_1/job/61152,2026-07-21,2026-07-21,2026-07-21T14:41:53+00:00,2026-07-21 07:41 Tue,,false,,,,false,oracle:Ford:61152
Ford:67046,Ford,Process Engineer - Powertrain Assembly,"Chennai, Tamil Nadu, India",,https://efds.fa.em5.oraclecloud.com/hcmUI/CandidateExperience/en/sites/CX_1/job/67046,2026-08-03,2026-08-03,2026-08-03T06:59:14+00:00,2026-08-02 23:59 Sun,,false,,,,false,oracle:Ford:67046
Ford:67050,Ford,Process Engineer - Powertrain Assembly,"Chennai, Tamil Nadu, India",,https://efds.fa.em5.oraclecloud.com/hcmUI/CandidateExperience/en/sites/CX_1/job/67050,2026-08-05,2026-08-05,2026-08-05T04:59:11+00:00,2026-08-04 21:59 Tue,,false,,,,false,oracle:Ford:67050
Ford:67139,Ford,Process Engineer – Engine Assembly,"Chennai, Tamil Nadu, India",,https://efds.fa.em5.oraclecloud.com/hcmUI/CandidateExperience/en/sites/CX_1/job/67139,2026-07-30,2026-07-30,2026-07-30T07:17:19+00:00,2026-07-30 00:17 Thu,,false,,,,false,oracle:Ford:67139
Ford:66710,Ford,"Process Engineer, Ford Energy","Glendale, KY, United States",,https://efds.fa.em5.oraclecloud.com/hcmUI/CandidateExperience/en/sites/CX_1/job/66710,2026-07-10,2026-07-10,2026-07-10T14:54:12+00:00,2026-07-10 07:54 Fri,,false,,,,false,oracle:Ford:66710
Ford:66923,Ford,Process Engineering Specialist (KTP),"Louisville, KY, United States",,https://efds.fa.em5.oraclecloud.com/hcmUI/CandidateExperience/en/sites/CX_1/job/66923,2026-07-27,2026-07-27,2026-07-27T19:41:39+00:00,2026-07-27 12:41 Mon,,false,,,,false,oracle:Ford:66923
Ford:68387,Ford,Process FMA Engineer,"Dearborn, MI, United States",,https://efds.fa.em5.oraclecloud.com/hcmUI/CandidateExperience/en/sites/CX_1/job/68387,2026-08-19,2026-08-19,2026-08-19T20:07:23+00:00,2026-08-19 13:07 Wed,,false,,,,false,oracle:Ford:68387
Ford:65920,Ford,Product & Program Definition Specialist,"Chennai, Tamil Nadu, India",,https://efds.fa.em5.oraclecloud.com/hcmUI/CandidateExperience/en/sites/CX_1/job/65920,2026-07-06,2026-07-06,2026-07-07T05:59:38+00:00,2026-07-06 22:59 Mon,,false,,,,false,oracle:Ford:65920
Ford:67277,Ford,Product Communication Specialist,"Pretoria, Gauteng, South Africa",,https://efds.fa.em5.oraclecloud.com/hcmUI/CandidateExperience/en/sites/CX_1/job/67277,2026-07-20,2026-07-20,2026-07-20T05:17:23+00:00,2026-07-19 22:17 Sun,,false,,,,false,oracle:Ford:67277
Ford:67751,Ford,Product Communications Specialist,"Victoria, Australia",,https://efds.fa.em5.oraclecloud.com/hcmUI/CandidateExperience/en/sites/CX_1/job/67751,2026-07-28,2026-07-28,2026-08-03T09:21:28+00:00,2026-08-03 02:21 Mon,,false,,,,false,oracle:Ford:67751
Ford:69120,Ford,Product Concern Engineer,"Allen Park, MI, United States",,https://efds.fa.em5.oraclecloud.com/hcmUI/CandidateExperience/en/sites/CX_1/job/69120,2026-08-26,2026-08-26,2026-08-26T01:57:37+00:00,2026-08-25 18:57 Tue,,false,,,,false,oracle:Ford:69120
Ford:68568,Ford,Product CS Engineer,"Chennai, Tamil Nadu, India",,https://efds.fa.em5.oraclecloud.com/hcmUI/CandidateExperience/en/sites/CX_1/job/68568,2026-08-11,2026-08-11,2026-08-11T11:59:54+00:00,2026-08-11 04:59 Tue,,false,,,,false,oracle:Ford:68568
Ford:66191,Ford,Product Design Engineer,"Dearborn, MI, United States",,https://efds.fa.em5.oraclecloud.com/hcmUI/CandidateExperience/en/sites/CX_1/job/66191,2026-06-30,2026-06-30,2026-07-07T05:59:38+00:00,2026-07-06 22:59 Mon,,false,,,,false,oracle:Ford:66191
Ford:65740,Ford,Product Design Engineer,"Sunrise, FL, United States",,https://efds.fa.em5.oraclecloud.com/hcmUI/CandidateExperience/en/sites/CX_1/job/65740,2026-07-07,2026-07-07,2026-07-08T02:45:08+00:00,2026-07-07 19:45 Tue,,false,,,,false,oracle:Ford:65740
Ford:69210,Ford,Product Design Engineer,"Naucalpan de Juarez, MEX, Mexico",,https://efds.fa.em5.oraclecloud.com/hcmUI/CandidateExperience/en/sites/CX_1/job/69210,2026-08-25,2026-08-25,2026-08-25T17:42:09+00:00,2026-08-25 10:42 Tue,,false,,,,false,oracle:Ford:69210
Ford:64958,Ford,Product Designer,"Dearborn, MI, United States",,https://efds.fa.em5.oraclecloud.com/hcmUI/CandidateExperience/en/sites/CX_1/job/64958,2026-07-31,2026-07-31,2026-07-09T00:12:10+00:00,2026-07-08 17:12 Wed,,false,,,,false,oracle:Ford:64958
Ford:68765,Ford,Product Designer,"Dearborn, MI, United States",,https://efds.fa.em5.oraclecloud.com/hcmUI/CandidateExperience/en/sites/CX_1/job/68765,2026-09-03,2026-09-03,2026-09-03T19:37:21+00:00,2026-09-03 12:37 Thu,,false,,,,false,oracle:Ford:68765
Ford:68835,Ford,Product Development Analyst - Rolling Road Wind Tunnel,"Allen Park, MI, United States",,https://efds.fa.em5.oraclecloud.com/hcmUI/CandidateExperience/en/sites/CX_1/job/68835,2026-08-27,2026-08-27,2026-08-27T20:18:01+00:00,2026-08-27 13:18 Thu,,false,,,,false,oracle:Ford:68835
Ford:68545,Ford,Product Development D&R Engineer,"Naucalpan de Juarez, MEX, Mexico",,https://efds.fa.em5.oraclecloud.com/hcmUI/CandidateExperience/en/sites/CX_1/job/68545,2026-08-20,2026-08-20,2026-08-20T17:17:55+00:00,2026-08-20 10:17 Thu,,false,,,,false,oracle:Ford:68545
Ford:64134,Ford,Product Development Engineer,"Sunrise, FL, United States",,https://efds.fa.em5.oraclecloud.com/hcmUI/CandidateExperience/en/sites/CX_1/job/64134,2026-07-06,2026-07-06,2026-07-07T05:59:38+00:00,2026-07-06 22:59 Mon,,false,,,,false,oracle:Ford:64134
Ford:66383,Ford,Product Development Engineer,"Livonia, MI, United States",,https://efds.fa.em5.oraclecloud.com/hcmUI/CandidateExperience/en/sites/CX_1/job/66383,2026-07-10,2026-07-10,2026-07-10T16:55:00+00:00,2026-07-10 09:55 Fri,,false,,,,false,oracle:Ford:66383
Ford:66387,Ford,Product Development Engineer,"Livonia, MI, United States",,https://efds.fa.em5.oraclecloud.com/hcmUI/CandidateExperience/en/sites/CX_1/job/66387,2026-07-30,2026-07-30,2026-07-30T16:59:45+00:00,2026-07-30 09:59 Thu,,false,,,,false,oracle:Ford:66387
Ford:67193,Ford,Product Development Engineer,"Dearborn, MI, United States",,https://efds.fa.em5.oraclecloud.com/hcmUI/CandidateExperience/en/sites/CX_1/job/67193,2026-08-06,2026-08-06,2026-08-06T17:35:45+00:00,2026-08-06 10:35 Thu,Computer Vision,true,Keyword,43,keyword-only heuristic,false,oracle:Ford:67193
Ford:63507,Ford,Product Development Engineer,"Dearborn, MI, United States",,https://efds.fa.em5.oraclecloud.com/hcmUI/CandidateExperience/en/sites/CX_1/job/63507,2026-08-10,2026-08-10,2026-08-10T22:41:33+00:00,2026-08-10 15:41 Mon,,false,,,,false,oracle:Ford:63507
Ford:68373,Ford,Product Development Engineer,"Sunrise, FL, United States",,https://efds.fa.em5.oraclecloud.com/hcmUI/CandidateExperience/en/sites/CX_1/job/68373,2026-08-17,2026-08-17,2026-08-18T02:56:28+00:00,2026-08-17 19:56 Mon,,false,,,,false,oracle:Ford:68373
Ford:68010,Ford,Product Development Engineer,"Naucalpan de Juarez, MEX, Mexico",,https://efds.fa.em5.oraclecloud.com/hcmUI/CandidateExperience/en/sites/CX_1/job/68010,2026-08-25,2026-08-25,2026-08-25T14:59:55+00:00,2026-08-25 07:59 Tue,,false,,,,false,oracle:Ford:68010
Ford:63478,Ford,Product Development Engineer,"Dearborn, MI, United States",,https://efds.fa.em5.oraclecloud.com/hcmUI/CandidateExperience/en/sites/CX_1/job/63478,2026-08-26,2026-08-26,2026-08-26T18:42:07+00:00,2026-08-26 11:42 Wed,,false,,,,false,oracle:Ford:63478
Ford:68119,Ford,Product Development Engineer,"Dearborn, MI, United States",,https://efds.fa.em5.oraclecloud.com/hcmUI/CandidateExperience/en/sites/CX_1/job/68119,2026-08-26,2026-08-26,2026-08-26T19:26:00+00:00,2026-08-26 12:26 Wed,,false,,,,false,oracle:Ford:68119
Ford:69090,Ford,Product Development Engineer,"Dearborn, MI, United States",,https://efds.fa.em5.oraclecloud.com/hcmUI/CandidateExperience/en/sites/CX_1/job/69090,2026-08-31,2026-08-31,2026-08-31T18:42:14+00:00,2026-08-31 11:42 Mon,Other Technical,true,Keyword,49,keyword-only heuristic,false,oracle:Ford:69090
Ford:64768,Ford,Product Development Engineer - 3DX Development & Deployment Specialist,"Dearborn, MI, United States",,https://efds.fa.em5.oraclecloud.com/hcmUI/CandidateExperience/en/sites/CX_1/job/64768,2026-07-27,2026-07-27,2026-07-08T02:45:08+00:00,2026-07-07 19:45 Tue,Computer Vision,true,,12,"This is an enterprise PLM/3DEXPERIENCE ENOVIA specialist role requiring 10+ years in CAD/PLM systems, not a computer vision role, and the candidate's CV/ML background has little direct match beyond some automation and software experience.",true,oracle:Ford:64768
Ford:69244,Ford,Product Development Engineer - Automatic Transmission Hydraulic Components,"Livonia, MI, United States",,https://efds.fa.em5.oraclecloud.com/hcmUI/CandidateExperience/en/sites/CX_1/job/69244,2026-08-31,2026-08-31,2026-08-31T19:42:06+00:00,2026-08-31 12:42 Mon,,false,,,,false,oracle:Ford:69244
Ford:66394,Ford,Product Development Engineer - Dynamometer Powertrain,"Dearborn, MI, United States",,https://efds.fa.em5.oraclecloud.com/hcmUI/CandidateExperience/en/sites/CX_1/job/66394,2026-07-23,2026-07-23,2026-07-23T15:41:53+00:00,2026-07-23 08:41 Thu,,false,,,,false,oracle:Ford:66394
Ford:67698,Ford,Product Development Engineer - Exterior Lighting,"Dearborn, MI, United States",,https://efds.fa.em5.oraclecloud.com/hcmUI/CandidateExperience/en/sites/CX_1/job/67698,2026-08-12,2026-08-12,2026-08-12T18:36:04+00:00,2026-08-12 11:36 Wed,,false,,,,false,oracle:Ford:67698
Ford:67857,Ford,Product Development Engineer - Exterior Lighting Vision Systems,"Dearborn, MI, United States",,https://efds.fa.em5.oraclecloud.com/hcmUI/CandidateExperience/en/sites/CX_1/job/67857,2026-08-06,2026-08-06,2026-08-07T01:17:04+00:00,2026-08-06 18:17 Thu,,false,,,,false,oracle:Ford:67857
Ford:69633,Ford,Product Development Engineer - Exterior Underbody Structure Architecture,"Dearborn, MI, United States",,https://efds.fa.em5.oraclecloud.com/hcmUI/CandidateExperience/en/sites/CX_1/job/69633,2026-09-03,2026-09-03,2026-09-03T19:37:21+00:00,2026-09-03 12:37 Thu,,false,,,,false,oracle:Ford:69633
Ford:67778,Ford,Product Development Engineer - Frames & Structures,"Dearborn, MI, United States",,https://efds.fa.em5.oraclecloud.com/hcmUI/CandidateExperience/en/sites/CX_1/job/67778,2026-08-12,2026-08-12,2026-08-13T00:17:56+00:00,2026-08-12 17:17 Wed,,false,,,,false,oracle:Ford:67778
Ford:70080,Ford,"Product Development Engineer - Hatches, Locks & Mechanisms","Dearborn, MI, United States",,https://efds.fa.em5.oraclecloud.com/hcmUI/CandidateExperience/en/sites/CX_1/job/70080,2026-09-03,2026-09-03,2026-09-03T19:37:21+00:00,2026-09-03 12:37 Thu,,false,,,,false,oracle:Ford:70080
Ford:66404,Ford,Product Development Engineer - Hypoid Gear and Differential Assembly,"Livonia, MI, United States",,https://efds.fa.em5.oraclecloud.com/hcmUI/CandidateExperience/en/sites/CX_1/job/66404,2026-07-24,2026-07-24,2026-07-10T19:13:28+00:00,2026-07-10 12:13 Fri,,false,,,,false,oracle:Ford:66404
Ford:65436,Ford,Product Development Engineer - IVI Camera Software,"Dearborn, MI, United States",,https://efds.fa.em5.oraclecloud.com/hcmUI/CandidateExperience/en/sites/CX_1/job/65436,2026-07-13,2026-07-13,2026-07-13T16:41:06+00:00,2026-07-13 09:41 Mon,,false,,,,false,oracle:Ford:65436
Ford:67262,Ford,Product Development Engineer - Powertrain Cast Structures,"Livonia, MI, United States",,https://efds.fa.em5.oraclecloud.com/hcmUI/CandidateExperience/en/sites/CX_1/job/67262,2026-08-04,2026-08-04,2026-08-04T15:42:07+00:00,2026-08-04 08:42 Tue,,false,,,,false,oracle:Ford:67262
Ford:66911,Ford,Product Development Engineer - Propulsion/Body Exterior & Fuel Systems,"Dearborn, MI, United States",,https://efds.fa.em5.oraclecloud.com/hcmUI/CandidateExperience/en/sites/CX_1/job/66911,2026-07-28,2026-07-28,2026-08-03T09:21:28+00:00,2026-08-03 02:21 Mon,,false,,,,false,oracle:Ford:66911
Ford:68527,Ford,Product Development Engineer - Seat Complete,"Dearborn, MI, United States",,https://efds.fa.em5.oraclecloud.com/hcmUI/CandidateExperience/en/sites/CX_1/job/68527,2026-09-03,2026-09-03,2026-09-03T19:37:21+00:00,2026-09-03 12:37 Thu,Computer Vision,true,CLI,3,"The candidate has strong computer vision and software engineering experience but lacks the required mechanical or automotive seat design background, 3D CAD and GD&T proficiency, seat safety standards knowledge, and supplier or vehicle program release experience.",false,oracle:Ford:68527
Ford:65867,Ford,Product Development Engineer - Test Engineering,"Livonia, MI, United States",,https://efds.fa.em5.oraclecloud.com/hcmUI/CandidateExperience/en/sites/CX_1/job/65867,2026-07-06,2026-07-06,2026-07-07T05:59:38+00:00,2026-07-06 22:59 Mon,,false,,,,false,oracle:Ford:65867
Ford:65295,Ford,Product Development Engineer - Wiring Low Voltage,"Dearborn, MI, United States",,https://efds.fa.em5.oraclecloud.com/hcmUI/CandidateExperience/en/sites/CX_1/job/65295,2026-07-13,2026-07-13,2026-07-13T02:58:50+00:00,2026-07-12 19:58 Sun,,false,,,,false,oracle:Ford:65295
Ford:67198,Ford,Product Development Engineer – 5.0L Exhaust,"Dearborn, MI, United States",,https://efds.fa.em5.oraclecloud.com/hcmUI/CandidateExperience/en/sites/CX_1/job/67198,2026-07-27,2026-07-27,2026-07-27T19:01:41+00:00,2026-07-27 12:01 Mon,,false,,,,false,oracle:Ford:67198
Ford:68994,Ford,Product Development Engineer – Core Handles Engineer,"Dearborn, MI, United States",,https://efds.fa.em5.oraclecloud.com/hcmUI/CandidateExperience/en/sites/CX_1/job/68994,2026-08-21,2026-08-21,2026-08-21T17:42:13+00:00,2026-08-21 10:42 Fri,,false,,,,false,oracle:Ford:68994
Ford:63992,Ford,Product Development Engineer – Dynamic Sealing Systems,"Dearborn, MI, United States",,https://efds.fa.em5.oraclecloud.com/hcmUI/CandidateExperience/en/sites/CX_1/job/63992,2026-07-01,2026-07-01,2026-07-07T05:59:38+00:00,2026-07-06 22:59 Mon,,false,,,,false,oracle:Ford:63992
Ford:65057,Ford,Product Development Engineer – Engine Design,"Dearborn, MI, United States",,https://efds.fa.em5.oraclecloud.com/hcmUI/CandidateExperience/en/sites/CX_1/job/65057,2026-07-20,2026-07-20,2026-07-20T04:17:20+00:00,2026-07-19 21:17 Sun,,false,,,,false,oracle:Ford:65057
Ford:66825,Ford,"Product Development Engineer – Hardware, Locks, and Mechanisms (HLM)","Dearborn, MI, United States",,https://efds.fa.em5.oraclecloud.com/hcmUI/CandidateExperience/en/sites/CX_1/job/66825,2026-08-18,2026-08-18,2026-08-10T14:41:58+00:00,2026-08-10 07:41 Mon,,false,,,,false,oracle:Ford:66825
Ford:66347,Ford,Product Development Engineer – Powertrain Mounts,"Dearborn, MI, United States",,https://efds.fa.em5.oraclecloud.com/hcmUI/CandidateExperience/en/sites/CX_1/job/66347,2026-07-08,2026-07-08,2026-07-09T05:28:20+00:00,2026-07-08 22:28 Wed,,false,,,,false,oracle:Ford:66347
Ford:63630,Ford,Product Development Engineer – Quality - Powertrain Systems & Issue Resolution,"Dearborn, MI, United States",,https://efds.fa.em5.oraclecloud.com/hcmUI/CandidateExperience/en/sites/CX_1/job/63630,2026-07-13,2026-07-13,2026-07-13T16:12:44+00:00,2026-07-13 09:12 Mon,,false,,,,false,oracle:Ford:63630
Ford:63847,Ford,Product Development Engineer – Side Door Movable Glass Systems - Design and Release,"Dearborn, MI, United States",,https://efds.fa.em5.oraclecloud.com/hcmUI/CandidateExperience/en/sites/CX_1/job/63847,2026-07-16,2026-07-16,2026-07-16T18:59:45+00:00,2026-07-16 11:59 Thu,,false,,,,false,oracle:Ford:63847
Ford:69013,Ford,Product Development Engineer – Underbody Structures,"Dearborn, MI, United States",,https://efds.fa.em5.oraclecloud.com/hcmUI/CandidateExperience/en/sites/CX_1/job/69013,2026-08-21,2026-08-21,2026-08-21T20:18:10+00:00,2026-08-21 13:18 Fri,,false,,,,false,oracle:Ford:69013
Ford:63661,Ford,Product Development Engineer – Wiper/Washer (Subject Matter Expert),"Dearborn, MI, United States",,https://efds.fa.em5.oraclecloud.com/hcmUI/CandidateExperience/en/sites/CX_1/job/63661,2026-07-02,2026-07-02,2026-07-07T05:59:38+00:00,2026-07-06 22:59 Mon,,false,,,,false,oracle:Ford:63661
Ford:67806,Ford,"Product Development Engineer, Power Supply System Calibration","Dearborn, MI, United States",,https://efds.fa.em5.oraclecloud.com/hcmUI/CandidateExperience/en/sites/CX_1/job/67806,2026-08-24,2026-08-24,2026-08-24T12:42:06+00:00,2026-08-24 05:42 Mon,,false,,,,false,oracle:Ford:67806
Ford:68308,Ford,Product Development Engineer- HV Battery Structural CAE Engineer,"Dearborn, MI, United States",,https://efds.fa.em5.oraclecloud.com/hcmUI/CandidateExperience/en/sites/CX_1/job/68308,2026-08-14,2026-08-14,2026-08-14T16:08:10+00:00,2026-08-14 09:08 Fri,Other Technical,true,Keyword,40,keyword-only heuristic,false,oracle:Ford:68308
Ford:68220,Ford,Product Development Engineer- Power Conversion EVSE D&R,"Dearborn, MI, United States",,https://efds.fa.em5.oraclecloud.com/hcmUI/CandidateExperience/en/sites/CX_1/job/68220,2026-08-18,2026-08-18,2026-08-18T19:31:16+00:00,2026-08-18 12:31 Tue,Other Technical,true,Keyword,40,keyword-only heuristic,false,oracle:Ford:68220
Ford:66660,Ford,Product Development Engineer- Thermal Systems Attribute,"Dearborn, MI, United States",,https://efds.fa.em5.oraclecloud.com/hcmUI/CandidateExperience/en/sites/CX_1/job/66660,2026-08-03,2026-08-03,2026-08-03T15:41:36+00:00,2026-08-03 08:41 Mon,,false,,,,false,oracle:Ford:66660
Ford:69502,Ford,Product Development Engineer-Body Interior Craftsmanship,"Dearborn, MI, United States",,https://efds.fa.em5.oraclecloud.com/hcmUI/CandidateExperience/en/sites/CX_1/job/69502,2026-09-01,2026-09-01,2026-09-01T17:42:20+00:00,2026-09-01 10:42 Tue,,false,,,,false,oracle:Ford:69502
Ford:67764,Ford,Product Development Engineer-Brake NVH,"Livonia, MI, United States",,https://efds.fa.em5.oraclecloud.com/hcmUI/CandidateExperience/en/sites/CX_1/job/67764,2026-08-11,2026-08-11,2026-08-11T20:17:36+00:00,2026-08-11 13:17 Tue,,false,,,,false,oracle:Ford:67764
Ford:67645,Ford,Product Development Engineer-eDrive Systems,"Livonia, MI, United States",,https://efds.fa.em5.oraclecloud.com/hcmUI/CandidateExperience/en/sites/CX_1/job/67645,2026-08-04,2026-08-04,2026-08-04T16:35:14+00:00,2026-08-04 09:35 Tue,,false,,,,false,oracle:Ford:67645
Ford:68578,Ford,Product Development Engineer-Pre-Program Strategy and Implementation,"Livonia, MI, United States",,https://efds.fa.em5.oraclecloud.com/hcmUI/CandidateExperience/en/sites/CX_1/job/68578,2026-08-21,2026-08-21,2026-08-21T17:42:13+00:00,2026-08-21 10:42 Fri,,false,,,,false,oracle:Ford:68578
Ford:67701,Ford,Product Development Engineer-RWD Hybrid Transmissions,"Livonia, MI, United States",,https://efds.fa.em5.oraclecloud.com/hcmUI/CandidateExperience/en/sites/CX_1/job/67701,2026-08-06,2026-08-06,2026-08-07T01:17:04+00:00,2026-08-06 18:17 Thu,,false,,,,false,oracle:Ford:67701
Ford:68941,Ford,Product Development Engineer-Steering,"Dearborn, MI, United States",,https://efds.fa.em5.oraclecloud.com/hcmUI/CandidateExperience/en/sites/CX_1/job/68941,2026-09-02,2026-09-02,2026-09-03T04:50:24+00:00,2026-09-02 21:50 Wed,,false,,,,false,oracle:Ford:68941
Ford:62787,Ford,"Product Development Engineer-Studio Liaison, Interior Cockpit & Trim","Dearborn, MI, United States",,https://efds.fa.em5.oraclecloud.com/hcmUI/CandidateExperience/en/sites/CX_1/job/62787,2026-07-08,2026-07-08,2026-07-08T16:12:06+00:00,2026-07-08 09:12 Wed,,false,,,,false,oracle:Ford:62787
Ford:62852,Ford,"Product Development Engineer-Studio Liaison, Interior Cockpit & Trim","Dearborn, MI, United States",,https://efds.fa.em5.oraclecloud.com/hcmUI/CandidateExperience/en/sites/CX_1/job/62852,2026-07-17,2026-07-17,2026-07-17T16:28:19+00:00,2026-07-17 09:28 Fri,,false,,,,false,oracle:Ford:62852
Ford:67829,Ford,Product Development Engineer-Transmissions,"Livonia, MI, United States",,https://efds.fa.em5.oraclecloud.com/hcmUI/CandidateExperience/en/sites/CX_1/job/67829,2026-07-31,2026-07-31,2026-08-03T09:21:28+00:00,2026-08-03 02:21 Mon,,false,,,,false,oracle:Ford:67829
Ford:67314,Ford,Product Development Engineer: Seat Complete,"Dearborn, MI, United States",,https://efds.fa.em5.oraclecloud.com/hcmUI/CandidateExperience/en/sites/CX_1/job/67314,2026-07-28,2026-07-28,2026-07-28T15:42:00+00:00,2026-07-28 08:42 Tue,,false,,,,false,oracle:Ford:67314
Ford:64710,Ford,Product Development Problem Solver/Prevent Recurrence Supervisor,"Dearborn, MI, United States",,https://efds.fa.em5.oraclecloud.com/hcmUI/CandidateExperience/en/sites/CX_1/job/64710,2026-07-13,2026-07-13,2026-07-13T19:59:04+00:00,2026-07-13 12:59 Mon,,false,,,,false,oracle:Ford:64710
Ford:66183,Ford,Product Development Technician - Emissions Lab,"Allen Park, MI, United States",,https://efds.fa.em5.oraclecloud.com/hcmUI/CandidateExperience/en/sites/CX_1/job/66183,2026-07-10,2026-07-10,2026-07-10T14:36:10+00:00,2026-07-10 07:36 Fri,,false,,,,false,oracle:Ford:66183
Ford:69238,Ford,Product Engineer,"Dearborn, MI, United States",,https://efds.fa.em5.oraclecloud.com/hcmUI/CandidateExperience/en/sites/CX_1/job/69238,2026-08-28,2026-08-28,2026-08-28T00:41:49+00:00,2026-08-27 17:41 Thu,,false,,,,false,oracle:Ford:69238
Ford:62767,Ford,Product Lifecycle Management (PLM) Development & Deployment Specialist,"Dearborn, MI, United States",,https://efds.fa.em5.oraclecloud.com/hcmUI/CandidateExperience/en/sites/CX_1/job/62767,2026-07-27,2026-07-27,2026-07-08T02:45:08+00:00,2026-07-07 19:45 Tue,,false,,,,false,oracle:Ford:62767
Ford:65804,Ford,"Product Lifecycle Management Integration Engineer, Ford Energy","Dearborn, MI, United States",,https://efds.fa.em5.oraclecloud.com/hcmUI/CandidateExperience/en/sites/CX_1/job/65804,2026-08-31,2026-08-31,2026-07-15T15:41:44+00:00,2026-07-15 08:41 Wed,,false,,,,false,oracle:Ford:65804
Ford:67279,Ford,Product Manager,"Chennai, Tamil Nadu, India",,https://efds.fa.em5.oraclecloud.com/hcmUI/CandidateExperience/en/sites/CX_1/job/67279,2026-07-21,2026-07-21,2026-07-21T08:59:10+00:00,2026-07-21 01:59 Tue,,false,,,,false,oracle:Ford:67279
Ford:65964,Ford,Product Manager,"Chennai, Tamil Nadu, India",,https://efds.fa.em5.oraclecloud.com/hcmUI/CandidateExperience/en/sites/CX_1/job/65964,2026-07-22,2026-07-22,2026-07-22T14:59:53+00:00,2026-07-22 07:59 Wed,,false,,,,false,oracle:Ford:65964
Ford:67978,Ford,Product Manager,"Chennai, Tamil Nadu, India",,https://efds.fa.em5.oraclecloud.com/hcmUI/CandidateExperience/en/sites/CX_1/job/67978,2026-08-04,2026-08-04,2026-08-04T08:41:43+00:00,2026-08-04 01:41 Tue,,false,,,,false,oracle:Ford:67978
Ford:68036,Ford,Product Manager,"Chennai, Tamil Nadu, India",,https://efds.fa.em5.oraclecloud.com/hcmUI/CandidateExperience/en/sites/CX_1/job/68036,2026-08-07,2026-08-07,2026-08-07T06:56:51+00:00,2026-08-06 23:56 Thu,,false,,,,false,oracle:Ford:68036
Ford:68382,Ford,Product Manager,"Chennai, Tamil Nadu, India",,https://efds.fa.em5.oraclecloud.com/hcmUI/CandidateExperience/en/sites/CX_1/job/68382,2026-08-07,2026-08-07,2026-08-07T11:32:03+00:00,2026-08-07 04:32 Fri,,false,,,,false,oracle:Ford:68382
Ford:68574,Ford,Product Manager,India,,https://efds.fa.em5.oraclecloud.com/hcmUI/CandidateExperience/en/sites/CX_1/job/68574,2026-08-13,2026-08-13,2026-08-13T05:59:15+00:00,2026-08-12 22:59 Wed,,false,,,,false,oracle:Ford:68574
Ford:66934,Ford,Product Manager,"Dearborn, MI, United States",,https://efds.fa.em5.oraclecloud.com/hcmUI/CandidateExperience/en/sites/CX_1/job/66934,2026-08-19,2026-08-19,2026-08-19T23:44:20+00:00,2026-08-19 16:44 Wed,,false,,,,false,oracle:Ford:66934
Ford:69363,Ford,Product Manager - Automation & Intelligent Workflows,"Dearborn, MI, United States",,https://efds.fa.em5.oraclecloud.com/hcmUI/CandidateExperience/en/sites/CX_1/job/69363,2026-08-26,2026-08-26,2026-08-26T12:42:12+00:00,2026-08-26 05:42 Wed,,false,,,,false,oracle:Ford:69363
Ford:66150,Ford,Product Manager - Core Payments,"Dearborn, MI, United States",,https://efds.fa.em5.oraclecloud.com/hcmUI/CandidateExperience/en/sites/CX_1/job/66150,2026-07-02,2026-07-02,2026-07-07T05:59:38+00:00,2026-07-06 22:59 Mon,,false,,,,false,oracle:Ford:66150
Ford:68640,Ford,Product Manager - Costumer Success,"Sao Paulo, SP, Brazil",,https://efds.fa.em5.oraclecloud.com/hcmUI/CandidateExperience/en/sites/CX_1/job/68640,2026-08-14,2026-08-14,2026-08-14T13:59:22+00:00,2026-08-14 06:59 Fri,,false,,,,false,oracle:Ford:68640
Ford:65470,Ford,Product Manager - Customer Sentiment,"Dearborn, MI, United States",,https://efds.fa.em5.oraclecloud.com/hcmUI/CandidateExperience/en/sites/CX_1/job/65470,2026-07-16,2026-07-16,2026-07-16T18:59:45+00:00,2026-07-16 11:59 Thu,,false,,,,false,oracle:Ford:65470
Ford:64974,Ford,Product Manager – Automation/Intelligent Workflows,"Dearborn, MI, United States",,https://efds.fa.em5.oraclecloud.com/hcmUI/CandidateExperience/en/sites/CX_1/job/64974,2026-06-30,2026-06-30,2026-07-07T05:59:38+00:00,2026-07-06 22:59 Mon,,false,,,,false,oracle:Ford:64974
Ford:67205,Ford,"Product Manager,  AI Vision Systems","Dearborn, MI, United States",,https://efds.fa.em5.oraclecloud.com/hcmUI/CandidateExperience/en/sites/CX_1/job/67205,2026-07-20,2026-07-20,2026-07-20T15:42:10+00:00,2026-07-20 08:42 Mon,,false,,,,false,oracle:Ford:67205
Ford:65189,Ford,"Product Manager, Ford Pro Intelligence - Video Telematics","Dearborn, MI, United States",,https://efds.fa.em5.oraclecloud.com/hcmUI/CandidateExperience/en/sites/CX_1/job/65189,2026-06-30,2026-06-30,2026-07-07T05:59:38+00:00,2026-07-06 22:59 Mon,Computer Vision,true,,18,"The role is a product manager position for video telematics rather than a computer-vision engineering or research role, though the candidate has relevant CV/video-adjacent technical background that could help only indirectly.",true,oracle:Ford:65189
Ford:69097,Ford,"Product Manager, Generative AI & Analytics","Chennai, Tamil Nadu, India",,https://efds.fa.em5.oraclecloud.com/hcmUI/CandidateExperience/en/sites/CX_1/job/69097,2026-08-18,2026-08-18,2026-08-18T09:59:44+00:00,2026-08-18 02:59 Tue,,false,,,,false,oracle:Ford:69097
Ford:68011,Ford,"Product Manager, Manufacturing Execution Systems (MES)","Dearborn, MI, United States",,https://efds.fa.em5.oraclecloud.com/hcmUI/CandidateExperience/en/sites/CX_1/job/68011,2026-08-07,2026-08-07,2026-08-07T18:07:28+00:00,2026-08-07 11:07 Fri,,false,,,,false,oracle:Ford:68011
Ford:65621,Ford,Product Marketing Analyst,"Chennai, Tamil Nadu, India",,https://efds.fa.em5.oraclecloud.com/hcmUI/CandidateExperience/en/sites/CX_1/job/65621,2026-07-06,2026-07-06,2026-07-07T05:59:38+00:00,2026-07-06 22:59 Mon,,false,,,,false,oracle:Ford:65621
Ford:65773,Ford,Product Marketing Analyst,"Chennai, Tamil Nadu, India",,https://efds.fa.em5.oraclecloud.com/hcmUI/CandidateExperience/en/sites/CX_1/job/65773,2026-07-14,2026-07-14,2026-07-14T06:41:07+00:00,2026-07-13 23:41 Mon,,false,,,,false,oracle:Ford:65773
Ford:65475,Ford,Product Owner,"Chennai, Tamil Nadu, India",,https://efds.fa.em5.oraclecloud.com/hcmUI/CandidateExperience/en/sites/CX_1/job/65475,2026-07-13,2026-07-13,2026-07-13T13:42:27+00:00,2026-07-13 06:42 Mon,,false,,,,false,oracle:Ford:65475
Ford:67550,Ford,Product Specialist - Internal Requirement Applications Development,"Dearborn, MI, United States",,https://efds.fa.em5.oraclecloud.com/hcmUI/CandidateExperience/en/sites/CX_1/job/67550,2026-08-03,2026-08-03,2026-08-03T15:59:41+00:00,2026-08-03 08:59 Mon,,false,,,,false,oracle:Ford:67550
Ford:67841,Ford,Production Buyer – Wiring Harness Commodities,"Naucalpan de Juarez, MEX, Mexico",,https://efds.fa.em5.oraclecloud.com/hcmUI/CandidateExperience/en/sites/CX_1/job/67841,2026-08-06,2026-08-06,2026-08-07T01:17:04+00:00,2026-08-06 18:17 Thu,,false,,,,false,oracle:Ford:67841
Ford:65307,Ford,Production Control Coordinator,"Dearborn, MI, United States",,https://efds.fa.em5.oraclecloud.com/hcmUI/CandidateExperience/en/sites/CX_1/job/65307,2026-07-23,2026-07-23,2026-07-14T17:59:49+00:00,2026-07-14 10:59 Tue,,false,,,,false,oracle:Ford:65307
Ford:67851,Ford,Production Control Coordinator,"Sterling Heights, MI, United States",,https://efds.fa.em5.oraclecloud.com/hcmUI/CandidateExperience/en/sites/CX_1/job/67851,2026-08-05,2026-08-05,2026-08-06T01:24:39+00:00,2026-08-05 18:24 Wed,,false,,,,false,oracle:Ford:67851
Ford:67680,Ford,Production Control Manager,"Sterling Heights, MI, United States",,https://efds.fa.em5.oraclecloud.com/hcmUI/CandidateExperience/en/sites/CX_1/job/67680,2026-08-11,2026-08-11,2026-08-11T17:59:53+00:00,2026-08-11 10:59 Tue,,false,,,,false,oracle:Ford:67680
Ford:64811,Ford,"Production Control, Engineering Change, BlueOval Battery Park Michigan","Marshall, MI, United States",,https://efds.fa.em5.oraclecloud.com/hcmUI/CandidateExperience/en/sites/CX_1/job/64811,2026-07-01,2026-07-01,2026-07-07T05:59:38+00:00,2026-07-06 22:59 Mon,,false,,,,false,oracle:Ford:64811
Ford:65984,Ford,Production Management Support,"Dearborn, MI, United States",,https://efds.fa.em5.oraclecloud.com/hcmUI/CandidateExperience/en/sites/CX_1/job/65984,2026-07-22,2026-07-22,2026-07-22T22:41:24+00:00,2026-07-22 15:41 Wed,,false,,,,false,oracle:Ford:65984
Ford:63751,Ford,Production Operative,"Dagenham, Essex, United Kingdom",,https://efds.fa.em5.oraclecloud.com/hcmUI/CandidateExperience/en/sites/CX_1/job/63751,2026-09-03,2026-09-03,2026-09-03T19:37:21+00:00,2026-09-03 12:37 Thu,,false,,,,false,oracle:Ford:63751
Ford:55220,Ford,"Production Operator, 2nd Shift, BlueOval Battery Park Michigan","Marshall, MI, United States",,https://efds.fa.em5.oraclecloud.com/hcmUI/CandidateExperience/en/sites/CX_1/job/55220,2026-08-11,2026-08-11,2026-08-11T15:41:32+00:00,2026-08-11 08:41 Tue,,false,,,,false,oracle:Ford:55220
Ford:65667,Ford,Production Supervisor,"Dearborn, MI, United States",,https://efds.fa.em5.oraclecloud.com/hcmUI/CandidateExperience/en/sites/CX_1/job/65667,2026-09-04,2026-09-04,2026-07-07T05:59:38+00:00,2026-07-06 22:59 Mon,,false,,,,false,oracle:Ford:65667
Ford:66381,Ford,Production Supervisor,"Lima, OH, United States",,https://efds.fa.em5.oraclecloud.com/hcmUI/CandidateExperience/en/sites/CX_1/job/66381,2026-07-06,2026-07-06,2026-07-07T05:59:38+00:00,2026-07-06 22:59 Mon,,false,,,,false,oracle:Ford:66381
Ford:63708,Ford,Production Supervisor,"Woodhaven, MI, United States",,https://efds.fa.em5.oraclecloud.com/hcmUI/CandidateExperience/en/sites/CX_1/job/63708,2026-07-07,2026-07-07,2026-07-07T13:43:37+00:00,2026-07-07 06:43 Tue,,false,,,,false,oracle:Ford:63708
Ford:63477,Ford,Production Supervisor,"Sterling Heights, MI, United States",,https://efds.fa.em5.oraclecloud.com/hcmUI/CandidateExperience/en/sites/CX_1/job/63477,2026-07-10,2026-07-10,2026-07-10T20:37:14+00:00,2026-07-10 13:37 Fri,,false,,,,false,oracle:Ford:63477
Ford:67248,Ford,Production Supervisor,"Sharonville, OH, United States",,https://efds.fa.em5.oraclecloud.com/hcmUI/CandidateExperience/en/sites/CX_1/job/67248,2026-07-20,2026-07-20,2026-07-20T12:41:27+00:00,2026-07-20 05:41 Mon,,false,,,,false,oracle:Ford:67248
Ford:66655,Ford,Production Supervisor,"Sterling Heights, MI, United States",,https://efds.fa.em5.oraclecloud.com/hcmUI/CandidateExperience/en/sites/CX_1/job/66655,2026-07-24,2026-07-24,2026-07-24T15:59:26+00:00,2026-07-24 08:59 Fri,,false,,,,false,oracle:Ford:66655
Ford:67008,Ford,Production Supervisor,"Livonia, MI, United States",,https://efds.fa.em5.oraclecloud.com/hcmUI/CandidateExperience/en/sites/CX_1/job/67008,2026-07-29,2026-07-29,2026-07-29T12:59:31+00:00,2026-07-29 05:59 Wed,,false,,,,false,oracle:Ford:67008
Ford:67500,Ford,Production Supervisor,"Kansas City, MO, United States",,https://efds.fa.em5.oraclecloud.com/hcmUI/CandidateExperience/en/sites/CX_1/job/67500,2026-07-31,2026-07-31,2026-07-31T16:58:08+00:00,2026-07-31 09:58 Fri,,false,,,,false,oracle:Ford:67500
Ford:67320,Ford,Production Supervisor,"Sterling Heights, MI, United States",,https://efds.fa.em5.oraclecloud.com/hcmUI/CandidateExperience/en/sites/CX_1/job/67320,2026-07-24,2026-07-24,2026-08-03T09:21:28+00:00,2026-08-03 02:21 Mon,,false,,,,false,oracle:Ford:67320
Ford:67458,Ford,Production Supervisor,"Buffalo, NY, United States",,https://efds.fa.em5.oraclecloud.com/hcmUI/CandidateExperience/en/sites/CX_1/job/67458,2026-07-28,2026-07-28,2026-08-03T09:21:28+00:00,2026-08-03 02:21 Mon,,false,,,,false,oracle:Ford:67458
Ford:67501,Ford,Production Supervisor,"Kansas City, MO, United States",,https://efds.fa.em5.oraclecloud.com/hcmUI/CandidateExperience/en/sites/CX_1/job/67501,2026-07-24,2026-07-24,2026-08-03T09:21:28+00:00,2026-08-03 02:21 Mon,,false,,,,false,oracle:Ford:67501
Ford:68243,Ford,Production Supervisor,"Wayne, MI, United States",,https://efds.fa.em5.oraclecloud.com/hcmUI/CandidateExperience/en/sites/CX_1/job/68243,2026-09-03,2026-09-03,2026-08-18T02:56:28+00:00,2026-08-17 19:56 Mon,,false,,,,false,oracle:Ford:68243
Ford:68004,Ford,Production Supervisor,"Woodhaven, MI, United States",,https://efds.fa.em5.oraclecloud.com/hcmUI/CandidateExperience/en/sites/CX_1/job/68004,2026-08-19,2026-08-19,2026-08-19T18:07:07+00:00,2026-08-19 11:07 Wed,,false,,,,false,oracle:Ford:68004
Ford:68598,Ford,Production Supervisor,"Windsor, ON, Canada",,https://efds.fa.em5.oraclecloud.com/hcmUI/CandidateExperience/en/sites/CX_1/job/68598,2026-08-19,2026-08-19,2026-08-19T20:18:01+00:00,2026-08-19 13:18 Wed,,false,,,,false,oracle:Ford:68598
Ford:69203,Ford,Production Supervisor,"Claycomo, MO, United States",,https://efds.fa.em5.oraclecloud.com/hcmUI/CandidateExperience/en/sites/CX_1/job/69203,2026-08-31,2026-08-31,2026-08-24T12:42:06+00:00,2026-08-24 05:42 Mon,,false,,,,false,oracle:Ford:69203
Ford:68227,Ford,Production Supervisor,"Ypsilanti, MI, United States",,https://efds.fa.em5.oraclecloud.com/hcmUI/CandidateExperience/en/sites/CX_1/job/68227,2026-08-24,2026-08-24,2026-08-24T15:56:32+00:00,2026-08-24 08:56 Mon,,false,,,,false,oracle:Ford:68227
Ford:68802,Ford,Production Supervisor,"Dearborn, MI, United States",,https://efds.fa.em5.oraclecloud.com/hcmUI/CandidateExperience/en/sites/CX_1/job/68802,2026-08-25,2026-08-25,2026-08-25T16:17:46+00:00,2026-08-25 09:17 Tue,,false,,,,false,oracle:Ford:68802
Ford:68071,Ford,Production Supervisor,"Kansas City, MO, United States",,https://efds.fa.em5.oraclecloud.com/hcmUI/CandidateExperience/en/sites/CX_1/job/68071,2026-08-27,2026-08-27,2026-08-27T20:00:00+00:00,2026-08-27 13:00 Thu,,false,,,,false,oracle:Ford:68071
Ford:69337,Ford,Production Supervisor,"Dearborn, MI, United States",,https://efds.fa.em5.oraclecloud.com/hcmUI/CandidateExperience/en/sites/CX_1/job/69337,2026-08-28,2026-08-28,2026-08-28T16:41:40+00:00,2026-08-28 09:41 Fri,,false,,,,false,oracle:Ford:69337
Ford:69890,Ford,Production Supervisor,"Sterling Heights, MI, United States",,https://efds.fa.em5.oraclecloud.com/hcmUI/CandidateExperience/en/sites/CX_1/job/69890,2026-08-31,2026-08-31,2026-08-31T21:59:46+00:00,2026-08-31 14:59 Mon,,false,,,,false,oracle:Ford:69890
Ford:68192,Ford,Production Supervisor,"Kansas City, MO, United States",,https://efds.fa.em5.oraclecloud.com/hcmUI/CandidateExperience/en/sites/CX_1/job/68192,2026-09-02,2026-09-02,2026-09-01T13:41:40+00:00,2026-09-01 06:41 Tue,,false,,,,false,oracle:Ford:68192
Ford:68144,Ford,Production Supervisor,"Sterling Heights, MI, United States",,https://efds.fa.em5.oraclecloud.com/hcmUI/CandidateExperience/en/sites/CX_1/job/68144,2026-09-01,2026-09-01,2026-09-02T05:20:28+00:00,2026-09-01 22:20 Tue,,false,,,,false,oracle:Ford:68144
Ford:69955,Ford,Production Supervisor,"Kansas City, MO, United States",,https://efds.fa.em5.oraclecloud.com/hcmUI/CandidateExperience/en/sites/CX_1/job/69955,2026-09-03,2026-09-03,2026-09-03T19:37:21+00:00,2026-09-03 12:37 Thu,,false,,,,false,oracle:Ford:69955
Ford:68213,Ford,Production Supervisor (FlatRock),"Flat Rock, MI, United States",,https://efds.fa.em5.oraclecloud.com/hcmUI/CandidateExperience/en/sites/CX_1/job/68213,2026-09-01,2026-09-01,2026-08-26T13:59:54+00:00,2026-08-26 06:59 Wed,,false,,,,false,oracle:Ford:68213
Ford:66325,Ford,Production Supervisor - Body,"Chicago, IL, United States",,https://efds.fa.em5.oraclecloud.com/hcmUI/CandidateExperience/en/sites/CX_1/job/66325,2026-07-30,2026-07-30,2026-07-30T15:00:08+00:00,2026-07-30 08:00 Thu,,false,,,,false,oracle:Ford:66325
Ford:69421,Ford,Production Supervisor - Engine Assembly,"Windsor, ON, Canada",,https://efds.fa.em5.oraclecloud.com/hcmUI/CandidateExperience/en/sites/CX_1/job/69421,2026-08-26,2026-08-26,2026-08-26T21:18:03+00:00,2026-08-26 14:18 Wed,,false,,,,false,oracle:Ford:69421
Ford:68942,Ford,Production Supervisor - KTP,"Louisville, KY, United States",,https://efds.fa.em5.oraclecloud.com/hcmUI/CandidateExperience/en/sites/CX_1/job/68942,2026-09-03,2026-09-03,2026-09-03T19:37:21+00:00,2026-09-03 12:37 Thu,,false,,,,false,oracle:Ford:68942
Ford:69720,Ford,Production Supervisor - MP&L,"Louisville, KY, United States",,https://efds.fa.em5.oraclecloud.com/hcmUI/CandidateExperience/en/sites/CX_1/job/69720,2026-08-27,2026-08-27,2026-08-27T17:41:59+00:00,2026-08-27 10:41 Thu,,false,,,,false,oracle:Ford:69720
Ford:69333,Ford,Production Supervisor - MP&L (KTP),"Louisville, KY, United States",,https://efds.fa.em5.oraclecloud.com/hcmUI/CandidateExperience/en/sites/CX_1/job/69333,2026-08-24,2026-08-24,2026-08-24T14:08:15+00:00,2026-08-24 07:08 Mon,,false,,,,false,oracle:Ford:69333
Ford:63171,Ford,Production Supervisor - MP&L (Material Planning & Logistics),"Chicago Heights, IL, United States",,https://efds.fa.em5.oraclecloud.com/hcmUI/CandidateExperience/en/sites/CX_1/job/63171,2026-07-01,2026-07-01,2026-07-07T05:59:38+00:00,2026-07-06 22:59 Mon,,false,,,,false,oracle:Ford:63171
Ford:67706,Ford,Production Supervisor - Press,"Dearborn, MI, United States",,https://efds.fa.em5.oraclecloud.com/hcmUI/CandidateExperience/en/sites/CX_1/job/67706,2026-08-12,2026-08-12,2026-08-12T12:59:52+00:00,2026-08-12 05:59 Wed,,false,,,,false,oracle:Ford:67706
Ford:64719,Ford,Production Supervisor - Stamping,"Wayne, MI, United States",,https://efds.fa.em5.oraclecloud.com/hcmUI/CandidateExperience/en/sites/CX_1/job/64719,2026-07-15,2026-07-15,2026-07-15T23:17:04+00:00,2026-07-15 16:17 Wed,,false,,,,false,oracle:Ford:64719
Ford:67332,Ford,Production Supervisor - Stamping,"Oakville, ON, Canada",,https://efds.fa.em5.oraclecloud.com/hcmUI/CandidateExperience/en/sites/CX_1/job/67332,2026-07-30,2026-07-30,2026-07-30T14:32:00+00:00,2026-07-30 07:32 Thu,,false,,,,false,oracle:Ford:67332
Ford:67552,Ford,Production Supervisor - Stamping,"Wayne, MI, United States",,https://efds.fa.em5.oraclecloud.com/hcmUI/CandidateExperience/en/sites/CX_1/job/67552,2026-08-06,2026-08-06,2026-08-06T16:46:51+00:00,2026-08-06 09:46 Thu,,false,,,,false,oracle:Ford:67552
Ford:65379,Ford,Production Supervisor Chassis,"Chicago, IL, United States",,https://efds.fa.em5.oraclecloud.com/hcmUI/CandidateExperience/en/sites/CX_1/job/65379,2026-07-09,2026-07-09,2026-07-09T16:36:11+00:00,2026-07-09 09:36 Thu,,false,,,,false,oracle:Ford:65379
Ford:67174,Ford,Production Supervisor Tool & Die,"Kansas City, MO, United States",,https://efds.fa.em5.oraclecloud.com/hcmUI/CandidateExperience/en/sites/CX_1/job/67174,2026-09-01,2026-09-01,2026-08-14T16:59:42+00:00,2026-08-14 09:59 Fri,,false,,,,false,oracle:Ford:67174
Ford:67342,Ford,"Production Supervisor, Battery Pack Assembly, BlueOval Battery Park Michigan","Marshall, MI, United States",,https://efds.fa.em5.oraclecloud.com/hcmUI/CandidateExperience/en/sites/CX_1/job/67342,2026-08-07,2026-08-07,2026-08-07T23:14:42+00:00,2026-08-07 16:14 Fri,,false,,,,false,oracle:Ford:67342
Ford:62637,Ford,"Production Supervisor, BlueOval Battery Park Michigan","Marshall, MI, United States",,https://efds.fa.em5.oraclecloud.com/hcmUI/CandidateExperience/en/sites/CX_1/job/62637,2026-07-01,2026-07-01,2026-07-07T05:59:38+00:00,2026-07-06 22:59 Mon,,false,,,,false,oracle:Ford:62637
Ford:69528,Ford,"Production Supervisor, BlueOval Battery Park Michigan","Marshall, MI, United States",,https://efds.fa.em5.oraclecloud.com/hcmUI/CandidateExperience/en/sites/CX_1/job/69528,2026-09-01,2026-09-01,2026-09-02T05:20:28+00:00,2026-09-01 22:20 Tue,,false,,,,false,oracle:Ford:69528
Ford:69843,Ford,"Production Supervisor, BlueOval Battery Park Michigan","Marshall, MI, United States",,https://efds.fa.em5.oraclecloud.com/hcmUI/CandidateExperience/en/sites/CX_1/job/69843,2026-09-01,2026-09-01,2026-09-02T05:20:28+00:00,2026-09-01 22:20 Tue,,false,,,,false,oracle:Ford:69843
Ford:67030,Ford,"Production Supervisor, Ford Energy","Glendale, KY, United States",,https://efds.fa.em5.oraclecloud.com/hcmUI/CandidateExperience/en/sites/CX_1/job/67030,2026-07-15,2026-07-15,2026-07-15T13:41:45+00:00,2026-07-15 06:41 Wed,,false,,,,false,oracle:Ford:67030
Ford:70152,Ford,"Production Supervisor, Ford Energy","Glendale, KY, United States",,https://efds.fa.em5.oraclecloud.com/hcmUI/CandidateExperience/en/sites/CX_1/job/70152,2026-09-03,2026-09-03,2026-09-03T04:50:24+00:00,2026-09-02 21:50 Wed,,false,,,,false,oracle:Ford:70152
Ford:62495,Ford,Production Supervisor- Trim,"Wayne, MI, United States",,https://efds.fa.em5.oraclecloud.com/hcmUI/CandidateExperience/en/sites/CX_1/job/62495,2026-07-20,2026-07-20,2026-07-20T18:17:25+00:00,2026-07-20 11:17 Mon,,false,,,,false,oracle:Ford:62495
Ford:68760,Ford,Production Supervisor-MP&L,"Kansas City, MO, United States",,https://efds.fa.em5.oraclecloud.com/hcmUI/CandidateExperience/en/sites/CX_1/job/68760,2026-08-17,2026-08-17,2026-08-17T16:17:46+00:00,2026-08-17 09:17 Mon,,false,,,,false,oracle:Ford:68760
Ford:68762,Ford,Production Supervisor-MP&L,"Kansas City, MO, United States",,https://efds.fa.em5.oraclecloud.com/hcmUI/CandidateExperience/en/sites/CX_1/job/68762,2026-08-17,2026-08-17,2026-08-17T16:17:46+00:00,2026-08-17 09:17 Mon,,false,,,,false,oracle:Ford:68762
Ford:68758,Ford,Production Supervisor-MP&L,"Kansas City, MO, United States",,https://efds.fa.em5.oraclecloud.com/hcmUI/CandidateExperience/en/sites/CX_1/job/68758,2026-08-17,2026-08-17,2026-08-17T16:41:56+00:00,2026-08-17 09:41 Mon,,false,,,,false,oracle:Ford:68758
Ford:68584,Ford,Production Supervisor-MP&L,"Wayne, MI, United States",,https://efds.fa.em5.oraclecloud.com/hcmUI/CandidateExperience/en/sites/CX_1/job/68584,2026-08-19,2026-08-19,2026-08-19T14:42:27+00:00,2026-08-19 07:42 Wed,,false,,,,false,oracle:Ford:68584
Ford:68903,Ford,Production Supervisor-MP&L-Body,"Wayne, MI, United States",,https://efds.fa.em5.oraclecloud.com/hcmUI/CandidateExperience/en/sites/CX_1/job/68903,2026-08-19,2026-08-19,2026-08-19T18:42:08+00:00,2026-08-19 11:42 Wed,,false,,,,false,oracle:Ford:68903
Ford:63821,Ford,Production Supervisor-Tool & Die,"Dearborn, MI, United States",,https://efds.fa.em5.oraclecloud.com/hcmUI/CandidateExperience/en/sites/CX_1/job/63821,2026-07-28,2026-07-28,2026-07-28T16:59:27+00:00,2026-07-28 09:59 Tue,,false,,,,false,oracle:Ford:63821
Ford:69595,Ford,Production Supervisor-Tool & Die,"Kansas City, MO, United States",,https://efds.fa.em5.oraclecloud.com/hcmUI/CandidateExperience/en/sites/CX_1/job/69595,2026-08-25,2026-08-25,2026-08-25T20:42:07+00:00,2026-08-25 13:42 Tue,,false,,,,false,oracle:Ford:69595
Ford:66907,Ford,Produktmanager Business Innovation (m/w/d),"Köln, Nordrhein Westfalen, Germany",,https://efds.fa.em5.oraclecloud.com/hcmUI/CandidateExperience/en/sites/CX_1/job/66907,2026-07-13,2026-07-13,2026-07-13T10:16:58+00:00,2026-07-13 03:16 Mon,,false,,,,false,oracle:Ford:66907
Ford:68992,Ford,Prognostics Engineer,"Dearborn, MI, United States",,https://efds.fa.em5.oraclecloud.com/hcmUI/CandidateExperience/en/sites/CX_1/job/68992,2026-08-22,2026-08-22,2026-08-22T16:17:17+00:00,2026-08-22 09:17 Sat,,false,,,,false,oracle:Ford:68992
Ford:67232,Ford,Program Coordinator - Powertrain Programs,"Dearborn, MI, United States",,https://efds.fa.em5.oraclecloud.com/hcmUI/CandidateExperience/en/sites/CX_1/job/67232,2026-07-24,2026-07-24,2026-07-24T12:59:18+00:00,2026-07-24 05:59 Fri,,false,,,,false,oracle:Ford:67232
Ford:69473,Ford,Program Engineer,"Chihuahua, CHIH, Mexico",,https://efds.fa.em5.oraclecloud.com/hcmUI/CandidateExperience/en/sites/CX_1/job/69473,2026-08-25,2026-08-25,2026-08-25T21:18:02+00:00,2026-08-25 14:18 Tue,,false,,,,false,oracle:Ford:69473
Ford:67146,Ford,Program Engineer – Automotive,"Chennai, Tamil Nadu, India",,https://efds.fa.em5.oraclecloud.com/hcmUI/CandidateExperience/en/sites/CX_1/job/67146,2026-07-31,2026-07-31,2026-07-31T11:17:07+00:00,2026-07-31 04:17 Fri,,false,,,,false,oracle:Ford:67146
Ford:67090,Ford,Program Leader - Powertrain Delivery,"Dearborn, MI, United States",,https://efds.fa.em5.oraclecloud.com/hcmUI/CandidateExperience/en/sites/CX_1/job/67090,2026-07-27,2026-07-27,2026-07-27T18:41:48+00:00,2026-07-27 11:41 Mon,,false,,,,false,oracle:Ford:67090
Ford:66158,Ford,Program Manager Operations Analyst - Ford Racing,"Allen Park, MI, United States",,https://efds.fa.em5.oraclecloud.com/hcmUI/CandidateExperience/en/sites/CX_1/job/66158,2026-07-10,2026-07-10,2026-07-10T18:55:07+00:00,2026-07-10 11:55 Fri,,false,,,,false,oracle:Ford:66158
Ford:64257,Ford,"Program Strategy Manager, Integrated Services","Dearborn, MI, United States",,https://efds.fa.em5.oraclecloud.com/hcmUI/CandidateExperience/en/sites/CX_1/job/64257,2026-07-01,2026-07-01,2026-07-07T05:59:38+00:00,2026-07-06 22:59 Mon,,false,,,,false,oracle:Ford:64257
Ford:67511,Ford,Project and Finance Specialist,"Szentendre, Kozep-Magyarorszag, Hungary",,https://efds.fa.em5.oraclecloud.com/hcmUI/CandidateExperience/en/sites/CX_1/job/67511,2026-07-28,2026-07-28,2026-07-28T10:17:23+00:00,2026-07-28 03:17 Tue,,false,,,,false,oracle:Ford:67511
Ford:66939,Ford,Project Control & Integration Engineer,"Dearborn, MI, United States",,https://efds.fa.em5.oraclecloud.com/hcmUI/CandidateExperience/en/sites/CX_1/job/66939,2026-07-23,2026-07-23,2026-07-23T17:42:05+00:00,2026-07-23 10:42 Thu,,false,,,,false,oracle:Ford:66939
Ford:67982,Ford,Project Manager,"Naucalpan de Juarez, MEX, Mexico",,https://efds.fa.em5.oraclecloud.com/hcmUI/CandidateExperience/en/sites/CX_1/job/67982,2026-08-05,2026-08-05,2026-08-06T01:24:39+00:00,2026-08-05 18:24 Wed,,false,,,,false,oracle:Ford:67982
Ford:64389,Ford,Project Manager - Tariff Analyst,"Dearborn, MI, United States",,https://efds.fa.em5.oraclecloud.com/hcmUI/CandidateExperience/en/sites/CX_1/job/64389,2026-07-15,2026-07-15,2026-07-15T17:59:55+00:00,2026-07-15 10:59 Wed,,false,,,,false,oracle:Ford:64389
Ford:67085,Ford,Prototype Development Engineer,"Long Beach, CA, United States",,https://efds.fa.em5.oraclecloud.com/hcmUI/CandidateExperience/en/sites/CX_1/job/67085,2026-07-16,2026-07-16,2026-07-16T15:00:06+00:00,2026-07-16 08:00 Thu,,false,,,,false,oracle:Ford:67085
Ford:66362,Ford,PSOC Monitoring Analyst,"Chennai, Tamil Nadu, India",,https://efds.fa.em5.oraclecloud.com/hcmUI/CandidateExperience/en/sites/CX_1/job/66362,2026-07-30,2026-07-30,2026-07-30T05:59:45+00:00,2026-07-29 22:59 Wed,,false,,,,false,oracle:Ford:66362
Ford:68140,Ford,PTI OPD and Program Control,"Dearborn, MI, United States",,https://efds.fa.em5.oraclecloud.com/hcmUI/CandidateExperience/en/sites/CX_1/job/68140,2026-08-11,2026-08-11,2026-08-11T14:41:52+00:00,2026-08-11 07:41 Tue,,false,,,,false,oracle:Ford:68140
Ford:68543,Ford,PTME Assembly Process Engineer,"Chihuahua, CHIH, Mexico",,https://efds.fa.em5.oraclecloud.com/hcmUI/CandidateExperience/en/sites/CX_1/job/68543,2026-08-17,2026-08-17,2026-08-17T16:17:46+00:00,2026-08-17 09:17 Mon,,false,,,,false,oracle:Ford:68543
Ford:62806,Ford,PTME Selective Soldering Engineer,"Irapuato, GUA, Mexico",,https://efds.fa.em5.oraclecloud.com/hcmUI/CandidateExperience/en/sites/CX_1/job/62806,2026-08-14,2026-08-14,2026-08-14T21:40:54+00:00,2026-08-14 14:40 Fri,,false,,,,false,oracle:Ford:62806
Ford:62808,Ford,PTME Testing Power Electronics Engineer,"Irapuato, GUA, Mexico",,https://efds.fa.em5.oraclecloud.com/hcmUI/CandidateExperience/en/sites/CX_1/job/62808,2026-08-14,2026-08-14,2026-08-14T21:40:54+00:00,2026-08-14 14:40 Fri,,false,,,,false,oracle:Ford:62808
Ford:68480,Ford,PTO Production Planning Analyst,"Dearborn, MI, United States",,https://efds.fa.em5.oraclecloud.com/hcmUI/CandidateExperience/en/sites/CX_1/job/68480,2026-09-04,2026-09-04,2026-09-05T03:03:34+00:00,2026-09-04 20:03 Fri,,false,,,,false,oracle:Ford:68480
Ford:66215,Ford,Purchasing Coordinator,"Szentendre, Kozep-Magyarorszag, Hungary",,https://efds.fa.em5.oraclecloud.com/hcmUI/CandidateExperience/en/sites/CX_1/job/66215,2026-07-01,2026-07-01,2026-07-07T05:59:38+00:00,2026-07-06 22:59 Mon,,false,,,,false,oracle:Ford:66215
Ford:66927,Ford,Purchasing Manager - Cockpit,"Dearborn, MI, United States",,https://efds.fa.em5.oraclecloud.com/hcmUI/CandidateExperience/en/sites/CX_1/job/66927,2026-07-29,2026-07-29,2026-08-03T09:21:28+00:00,2026-08-03 02:21 Mon,,false,,,,false,oracle:Ford:66927
Ford:66242,Ford,Purchasing Manager - Restraints,"Dearborn, MI, United States",,https://efds.fa.em5.oraclecloud.com/hcmUI/CandidateExperience/en/sites/CX_1/job/66242,2026-07-06,2026-07-06,2026-07-07T05:59:38+00:00,2026-07-06 22:59 Mon,,false,,,,false,oracle:Ford:66242
Ford:68203,Ford,"Purchasing Manager, BlueOval Battery Park Michigan","Marshall, MI, United States",,https://efds.fa.em5.oraclecloud.com/hcmUI/CandidateExperience/en/sites/CX_1/job/68203,2026-08-06,2026-08-06,2026-08-06T15:42:32+00:00,2026-08-06 08:42 Thu,,false,,,,false,oracle:Ford:68203
Ford:65853,Ford,Purchasing Operations Buyer – EV Systems,"Chennai, Tamil Nadu, India",,https://efds.fa.em5.oraclecloud.com/hcmUI/CandidateExperience/en/sites/CX_1/job/65853,2026-07-27,2026-07-27,2026-07-27T07:41:38+00:00,2026-07-27 00:41 Mon,,false,,,,false,oracle:Ford:65853
Ford:69623,Ford,PV Product Specialist,"Budapest, Kozep-Magyarorszag, Hungary",,https://efds.fa.em5.oraclecloud.com/hcmUI/CandidateExperience/en/sites/CX_1/job/69623,2026-08-25,2026-08-25,2026-08-25T12:42:02+00:00,2026-08-25 05:42 Tue,,false,,,,false,oracle:Ford:69623
Ford:65689,Ford,PVT EDS Engineer,"Hai Duong, Viet Nam",,https://efds.fa.em5.oraclecloud.com/hcmUI/CandidateExperience/en/sites/CX_1/job/65689,2026-07-21,2026-07-21,2026-07-21T12:41:35+00:00,2026-07-21 05:41 Tue,,false,,,,false,oracle:Ford:65689
Ford:66222,Ford,PVT Engineer,"Wayne, MI, United States",,https://efds.fa.em5.oraclecloud.com/hcmUI/CandidateExperience/en/sites/CX_1/job/66222,2026-07-09,2026-07-09,2026-07-09T18:12:13+00:00,2026-07-09 11:12 Thu,,false,,,,false,oracle:Ford:66222
Ford:63458,Ford,PVT Engineer,"Flat Rock, MI, United States",,https://efds.fa.em5.oraclecloud.com/hcmUI/CandidateExperience/en/sites/CX_1/job/63458,2026-08-19,2026-08-19,2026-08-19T14:21:29+00:00,2026-08-19 07:21 Wed,,false,,,,false,oracle:Ford:63458
Ford:69954,Ford,PVT Engineer,"Flat Rock, MI, United States",,https://efds.fa.em5.oraclecloud.com/hcmUI/CandidateExperience/en/sites/CX_1/job/69954,2026-09-02,2026-09-02,2026-09-02T18:45:15+00:00,2026-09-02 11:45 Wed,,false,,,,false,oracle:Ford:69954
Ford:68633,Ford,"PVT Supervisor, Vehicle Engineering","Louisville, KY, United States",,https://efds.fa.em5.oraclecloud.com/hcmUI/CandidateExperience/en/sites/CX_1/job/68633,2026-08-20,2026-08-20,2026-08-20T16:52:04+00:00,2026-08-20 09:52 Thu,,false,,,,false,oracle:Ford:68633
Ford:65227,Ford,QA - Salesforce / CRM - Finsimple,"Bangalore, Karnataka, India",,https://efds.fa.em5.oraclecloud.com/hcmUI/CandidateExperience/en/sites/CX_1/job/65227,2026-08-12,2026-08-12,2026-08-12T08:17:25+00:00,2026-08-12 01:17 Wed,,false,,,,false,oracle:Ford:65227
Ford:62755,Ford,QOS & GRC Engineer,"Hai Duong, Viet Nam",,https://efds.fa.em5.oraclecloud.com/hcmUI/CandidateExperience/en/sites/CX_1/job/62755,2026-07-24,2026-07-24,2026-07-24T06:59:25+00:00,2026-07-23 23:59 Thu,,false,,,,false,oracle:Ford:62755
Ford:68895,Ford,Quality Analyst,"Allen Park, MI, United States",,https://efds.fa.em5.oraclecloud.com/hcmUI/CandidateExperience/en/sites/CX_1/job/68895,2026-08-20,2026-08-20,2026-08-20T19:41:53+00:00,2026-08-20 12:41 Thu,,false,,,,false,oracle:Ford:68895
Ford:67797,Ford,Quality Analyst PD (Product Development),"Chihuahua, CHIH, Mexico",,https://efds.fa.em5.oraclecloud.com/hcmUI/CandidateExperience/en/sites/CX_1/job/67797,2026-09-02,2026-09-02,2026-09-02T18:45:15+00:00,2026-09-02 11:45 Wed,,false,,,,false,oracle:Ford:67797
Ford:68687,Ford,Quality Analytics Engineer,"Dearborn, MI, United States",,https://efds.fa.em5.oraclecloud.com/hcmUI/CandidateExperience/en/sites/CX_1/job/68687,2026-08-20,2026-08-20,2026-08-20T16:18:06+00:00,2026-08-20 09:18 Thu,,false,,,,false,oracle:Ford:68687
Ford:66121,Ford,Quality Engineer,"Lima, OH, United States",,https://efds.fa.em5.oraclecloud.com/hcmUI/CandidateExperience/en/sites/CX_1/job/66121,2026-07-06,2026-07-06,2026-07-07T05:59:38+00:00,2026-07-06 22:59 Mon,,false,,,,false,oracle:Ford:66121
Ford:66799,Ford,Quality Engineer,"Chihuahua, CHIH, Mexico",,https://efds.fa.em5.oraclecloud.com/hcmUI/CandidateExperience/en/sites/CX_1/job/66799,2026-07-16,2026-07-16,2026-07-16T15:24:04+00:00,2026-07-16 08:24 Thu,,false,,,,false,oracle:Ford:66799
Ford:67598,Ford,Quality Engineer,"Windsor, ON, Canada",,https://efds.fa.em5.oraclecloud.com/hcmUI/CandidateExperience/en/sites/CX_1/job/67598,2026-08-10,2026-08-10,2026-08-10T14:07:17+00:00,2026-08-10 07:07 Mon,,false,,,,false,oracle:Ford:67598
Ford:68628,Ford,Quality Engineer,"Windsor, ON, Canada",,https://efds.fa.em5.oraclecloud.com/hcmUI/CandidateExperience/en/sites/CX_1/job/68628,2026-08-19,2026-08-19,2026-08-19T20:18:01+00:00,2026-08-19 13:18 Wed,,false,,,,false,oracle:Ford:68628
Ford:68285,Ford,Quality Engineer - Planta Ford Irapuato,"Irapuato, GUA, Mexico",,https://efds.fa.em5.oraclecloud.com/hcmUI/CandidateExperience/en/sites/CX_1/job/68285,2026-08-15,2026-08-15,2026-08-15T02:41:15+00:00,2026-08-14 19:41 Fri,,false,,,,false,oracle:Ford:68285
Ford:66104,Ford,Quality Engineer – Powertrain Systems & Issue Resolution,"Naucalpan de Juarez, MEX, Mexico",,https://efds.fa.em5.oraclecloud.com/hcmUI/CandidateExperience/en/sites/CX_1/job/66104,2026-07-13,2026-07-13,2026-07-14T00:16:45+00:00,2026-07-13 17:16 Mon,,false,,,,false,oracle:Ford:66104
Ford:70090,Ford,"Quality Engineer, Ford Energy","Glendale, KY, United States",,https://efds.fa.em5.oraclecloud.com/hcmUI/CandidateExperience/en/sites/CX_1/job/70090,2026-09-04,2026-09-04,2026-09-04T19:21:51+00:00,2026-09-04 12:21 Fri,,false,,,,false,oracle:Ford:70090
Ford:68281,Ford,"Quality Engineering Specialist, Process Quality Engineering, BlueOval Battery Park Michigan","Marshall, MI, United States",,https://efds.fa.em5.oraclecloud.com/hcmUI/CandidateExperience/en/sites/CX_1/job/68281,2026-08-13,2026-08-13,2026-08-13T21:06:57+00:00,2026-08-13 14:06 Thu,,false,,,,false,oracle:Ford:68281
Ford:66772,Ford,Quality Manager,"Dearborn, MI, United States",,https://efds.fa.em5.oraclecloud.com/hcmUI/CandidateExperience/en/sites/CX_1/job/66772,2026-09-04,2026-09-04,2026-07-30T19:42:12+00:00,2026-07-30 12:42 Thu,,false,,,,false,oracle:Ford:66772
Ford:66261,Ford,Quality Manager (LAP),"Louisville, KY, United States",,https://efds.fa.em5.oraclecloud.com/hcmUI/CandidateExperience/en/sites/CX_1/job/66261,2026-07-29,2026-07-29,2026-07-09T05:28:20+00:00,2026-07-08 22:28 Wed,,false,,,,false,oracle:Ford:66261
Ford:69966,Ford,Quality Plant Manager,"Pretoria, Gauteng, South Africa",,https://efds.fa.em5.oraclecloud.com/hcmUI/CandidateExperience/en/sites/CX_1/job/69966,2026-09-01,2026-09-01,2026-09-01T08:41:50+00:00,2026-09-01 01:41 Tue,,false,,,,false,oracle:Ford:69966
Ford:67318,Ford,Quality Process Engineer- VRT Lead - Software & Modules,"Oakville, ON, Canada",,https://efds.fa.em5.oraclecloud.com/hcmUI/CandidateExperience/en/sites/CX_1/job/67318,2026-07-28,2026-07-28,2026-07-28T13:41:43+00:00,2026-07-28 06:41 Tue,,false,,,,false,oracle:Ford:67318
Ford:66088,Ford,Quality Supervisor - HV Power Conversion and LV Power Supply,"Dearborn, MI, United States",,https://efds.fa.em5.oraclecloud.com/hcmUI/CandidateExperience/en/sites/CX_1/job/66088,2026-07-22,2026-07-22,2026-07-22T16:10:34+00:00,2026-07-22 09:10 Wed,,false,,,,false,oracle:Ford:66088
Ford:65726,Ford,Quality Systems Auditor,"Windsor, ON, Canada",,https://efds.fa.em5.oraclecloud.com/hcmUI/CandidateExperience/en/sites/CX_1/job/65726,2026-07-28,2026-07-28,2026-07-28T19:52:13+00:00,2026-07-28 12:52 Tue,,false,,,,false,oracle:Ford:65726
Ford:67178,Ford,RAE Controls Engineer,"Dearborn, MI, United States",,https://efds.fa.em5.oraclecloud.com/hcmUI/CandidateExperience/en/sites/CX_1/job/67178,2026-08-19,2026-08-19,2026-08-19T14:59:53+00:00,2026-08-19 07:59 Wed,,false,,,,false,oracle:Ford:67178
Ford:67325,Ford,RAE Software Engineer,"Dearborn, MI, United States",,https://efds.fa.em5.oraclecloud.com/hcmUI/CandidateExperience/en/sites/CX_1/job/67325,2026-08-05,2026-08-05,2026-08-05T16:41:49+00:00,2026-08-05 09:41 Wed,Software Engineering,true,CLI,78,"Strong fit for an engineering role involving computer vision, machine learning, C++/Python, scalable software, and autonomy-adjacent technologies, though the resume lacks direct automotive, embedded, or production vehicle-development experience.",true,oracle:Ford:67325
Ford:66732,Ford,Range and Performance Test Engineer,"Long Beach, CA, United States",,https://efds.fa.em5.oraclecloud.com/hcmUI/CandidateExperience/en/sites/CX_1/job/66732,2026-08-19,2026-08-19,2026-07-24T16:17:47+00:00,2026-07-24 09:17 Fri,,false,,,,false,oracle:Ford:66732
Ford:62976,Ford,Raptor STA Engineer,"Allen Park, MI, United States",,https://efds.fa.em5.oraclecloud.com/hcmUI/CandidateExperience/en/sites/CX_1/job/62976,2026-07-02,2026-07-02,2026-07-07T05:59:38+00:00,2026-07-06 22:59 Mon,,false,,,,false,oracle:Ford:62976
Ford:69519,Ford,Recall Launch Coordinator,"Allen Park, MI, United States",,https://efds.fa.em5.oraclecloud.com/hcmUI/CandidateExperience/en/sites/CX_1/job/69519,2026-09-02,2026-09-02,2026-09-03T04:50:24+00:00,2026-09-02 21:50 Wed,,false,,,,false,oracle:Ford:69519
Ford:67949,Ford,Recall Program Manager,"Allen Park, MI, United States",,https://efds.fa.em5.oraclecloud.com/hcmUI/CandidateExperience/en/sites/CX_1/job/67949,2026-08-05,2026-08-05,2026-08-06T01:24:39+00:00,2026-08-05 18:24 Wed,,false,,,,false,oracle:Ford:67949
Ford:67230,Ford,Refrigerant Fluid Transport Core Engineer,"Dearborn, MI, United States",,https://efds.fa.em5.oraclecloud.com/hcmUI/CandidateExperience/en/sites/CX_1/job/67230,2026-07-17,2026-07-17,2026-07-17T14:41:53+00:00,2026-07-17 07:41 Fri,,false,,,,false,oracle:Ford:67230
Ford:67251,Ford,REL Product and Test System Engineering Developer,"Sunrise, FL, United States",,https://efds.fa.em5.oraclecloud.com/hcmUI/CandidateExperience/en/sites/CX_1/job/67251,2026-08-11,2026-08-11,2026-08-11T12:31:35+00:00,2026-08-11 05:31 Tue,,false,,,,false,oracle:Ford:67251
Ford:66570,Ford,Release Train Engineer,"Dearborn, MI, United States",,https://efds.fa.em5.oraclecloud.com/hcmUI/CandidateExperience/en/sites/CX_1/job/66570,2026-07-22,2026-07-22,2026-07-22T15:59:48+00:00,2026-07-22 08:59 Wed,,false,,,,false,oracle:Ford:66570
Ford:65431,Ford,Release Train Engineer & Product Integration Lead – Security Services Platforms,"Chennai, Tamil Nadu, India",,https://efds.fa.em5.oraclecloud.com/hcmUI/CandidateExperience/en/sites/CX_1/job/65431,2026-07-09,2026-07-09,2026-07-09T09:17:07+00:00,2026-07-09 02:17 Thu,,false,,,,false,oracle:Ford:65431
Ford:63426,Ford,Reliability and Robustness TS Steering and Suspension,"Dearborn, MI, United States",,https://efds.fa.em5.oraclecloud.com/hcmUI/CandidateExperience/en/sites/CX_1/job/63426,2026-07-17,2026-07-17,2026-07-17T12:50:43+00:00,2026-07-17 05:50 Fri,,false,,,,false,oracle:Ford:63426
Ford:69199,Ford,"Requirements and Test Methods Authoring Engineer, Ford Energy","Dearborn, MI, United States",,https://efds.fa.em5.oraclecloud.com/hcmUI/CandidateExperience/en/sites/CX_1/job/69199,2026-08-21,2026-08-21,2026-08-21T21:59:40+00:00,2026-08-21 14:59 Fri,,false,,,,false,oracle:Ford:69199
Ford:65803,Ford,Research & Advanced Engineering Vehicle Integration Engineer,"Dearborn, MI, United States",,https://efds.fa.em5.oraclecloud.com/hcmUI/CandidateExperience/en/sites/CX_1/job/65803,2026-06-30,2026-06-30,2026-07-07T05:59:38+00:00,2026-07-06 22:59 Mon,,false,,,,false,oracle:Ford:65803
Ford:67388,Ford,Research & Development Engineer,"Windsor, ON, Canada",,https://efds.fa.em5.oraclecloud.com/hcmUI/CandidateExperience/en/sites/CX_1/job/67388,2026-07-31,2026-07-31,2026-07-31T18:41:45+00:00,2026-07-31 11:41 Fri,,false,,,,false,oracle:Ford:67388
Ford:67170,Ford,Research and Advanced Electrified Propulsion Systems Engineer,"Dearborn, MI, United States",,https://efds.fa.em5.oraclecloud.com/hcmUI/CandidateExperience/en/sites/CX_1/job/67170,2026-08-07,2026-08-07,2026-08-07T14:41:46+00:00,2026-08-07 07:41 Fri,,false,,,,false,oracle:Ford:67170
Ford:65700,Ford,Research Engineer,"Dearborn, MI, United States",,https://efds.fa.em5.oraclecloud.com/hcmUI/CandidateExperience/en/sites/CX_1/job/65700,2026-07-13,2026-07-13,2026-07-13T02:16:41+00:00,2026-07-12 19:16 Sun,,false,,,,false,oracle:Ford:65700
Ford:65756,Ford,Research Engineer,"Dearborn, MI, United States",,https://efds.fa.em5.oraclecloud.com/hcmUI/CandidateExperience/en/sites/CX_1/job/65756,2026-07-21,2026-07-21,2026-07-21T00:41:22+00:00,2026-07-20 17:41 Mon,,false,,,,false,oracle:Ford:65756
Ford:66958,Ford,Research Engineer,"Dearborn, MI, United States",,https://efds.fa.em5.oraclecloud.com/hcmUI/CandidateExperience/en/sites/CX_1/job/66958,2026-08-06,2026-08-06,2026-08-06T19:26:51+00:00,2026-08-06 12:26 Thu,Other Technical,true,Keyword,40,keyword-only heuristic,false,oracle:Ford:66958
Ford:69715,Ford,Research Engineer - Joining CAE,"Dearborn, MI, United States",,https://efds.fa.em5.oraclecloud.com/hcmUI/CandidateExperience/en/sites/CX_1/job/69715,2026-08-26,2026-08-26,2026-08-26T20:41:59+00:00,2026-08-26 13:41 Wed,,false,,,,false,oracle:Ford:69715
Ford:68130,Ford,Research Engineer- Corrosion Scientist,"Dearborn, MI, United States",,https://efds.fa.em5.oraclecloud.com/hcmUI/CandidateExperience/en/sites/CX_1/job/68130,2026-08-14,2026-08-14,2026-08-14T13:59:22+00:00,2026-08-14 06:59 Fri,,false,,,,false,oracle:Ford:68130
Ford:65763,Ford,Research Engineer- Fuel Cell Stack Modeling,"Dearborn, MI, United States",,https://efds.fa.em5.oraclecloud.com/hcmUI/CandidateExperience/en/sites/CX_1/job/65763,2026-07-24,2026-07-24,2026-07-24T13:17:33+00:00,2026-07-24 06:17 Fri,,false,,,,false,oracle:Ford:65763
Ford:66551,Ford,Resiliency Manager,"Dearborn, MI, United States",,https://efds.fa.em5.oraclecloud.com/hcmUI/CandidateExperience/en/sites/CX_1/job/66551,2026-07-15,2026-07-15,2026-07-15T15:59:43+00:00,2026-07-15 08:59 Wed,,false,,,,false,oracle:Ford:66551
Ford:69200,Ford,Responsable du développement commercial bilingue (Lincoln)/Bilingual Lincoln Business Development Manager.,Canada,,https://efds.fa.em5.oraclecloud.com/hcmUI/CandidateExperience/en/sites/CX_1/job/69200,2026-08-26,2026-08-26,2026-08-26T14:27:21+00:00,2026-08-26 07:27 Wed,,false,,,,false,oracle:Ford:69200
Ford:67582,Ford,Restraints Applications Engineer,"Naucalpan de Juarez, MEX, Mexico",,https://efds.fa.em5.oraclecloud.com/hcmUI/CandidateExperience/en/sites/CX_1/job/67582,2026-08-04,2026-08-04,2026-08-04T20:42:04+00:00,2026-08-04 13:42 Tue,,false,,,,false,oracle:Ford:67582
Ford:66075,Ford,Restraints Electronics Module Development Engineer,"Dearborn, MI, United States",,https://efds.fa.em5.oraclecloud.com/hcmUI/CandidateExperience/en/sites/CX_1/job/66075,2026-07-09,2026-07-09,2026-07-09T15:54:05+00:00,2026-07-09 08:54 Thu,,false,,,,false,oracle:Ford:66075
Ford:65892,Ford,Revenue Accounting & Reporting (SAP RAR),"Chennai, Tamil Nadu, India",,https://efds.fa.em5.oraclecloud.com/hcmUI/CandidateExperience/en/sites/CX_1/job/65892,2026-08-19,2026-08-19,2026-07-28T14:35:37+00:00,2026-07-28 07:35 Tue,,false,,,,false,oracle:Ford:65892
Ford:65836,Ford,RO Duration Performance Specialist,"Dearborn, MI, United States",,https://efds.fa.em5.oraclecloud.com/hcmUI/CandidateExperience/en/sites/CX_1/job/65836,2026-07-09,2026-07-09,2026-07-09T16:54:05+00:00,2026-07-09 09:54 Thu,,false,,,,false,oracle:Ford:65836
Ford:69084,Ford,Romanian-speaking Customer Relations Centre Agent,"Budapest, Kozep-Magyarorszag, Hungary",,https://efds.fa.em5.oraclecloud.com/hcmUI/CandidateExperience/en/sites/CX_1/job/69084,2026-08-17,2026-08-17,2026-08-17T12:06:13+00:00,2026-08-17 05:06 Mon,,false,,,,false,oracle:Ford:69084
Ford:64395,Ford,RTOS Embedded Software Engineer,"Dearborn, MI, United States",,https://efds.fa.em5.oraclecloud.com/hcmUI/CandidateExperience/en/sites/CX_1/job/64395,2026-07-16,2026-07-16,2026-07-16T22:38:12+00:00,2026-07-16 15:38 Thu,Software Engineering,true,Keyword,40,keyword-only heuristic,false,oracle:Ford:64395
Ford:67284,Ford,Sachbearbeiter Remarketing (m/w/d),"Köln, Nordrhein Westfalen, Germany",,https://efds.fa.em5.oraclecloud.com/hcmUI/CandidateExperience/en/sites/CX_1/job/67284,2026-07-27,2026-07-27,2026-07-27T12:17:15+00:00,2026-07-27 05:17 Mon,,false,,,,false,oracle:Ford:67284
Ford:68437,Ford,"Sales Director, Ford Energy",United States,,https://efds.fa.em5.oraclecloud.com/hcmUI/CandidateExperience/en/sites/CX_1/job/68437,2026-08-20,2026-08-20,2026-08-20T20:59:49+00:00,2026-08-20 13:59 Thu,,false,,,,false,oracle:Ford:68437
Ford:65402,Ford,"Sales Manager, Ford Energy","Dearborn, MI, United States",,https://efds.fa.em5.oraclecloud.com/hcmUI/CandidateExperience/en/sites/CX_1/job/65402,2026-07-30,2026-07-30,2026-07-30T19:51:38+00:00,2026-07-30 12:51 Thu,,false,,,,false,oracle:Ford:65402
Ford:69457,Ford,"Sales Manager, Ford Energy",United States,,https://efds.fa.em5.oraclecloud.com/hcmUI/CandidateExperience/en/sites/CX_1/job/69457,2026-08-20,2026-08-20,2026-08-20T20:18:05+00:00,2026-08-20 13:18 Thu,,false,,,,false,oracle:Ford:69457
Ford:68766,Ford,"Sales Operations and Demand Planning Specialist, Ford Energy","Dearborn, MI, United States",,https://efds.fa.em5.oraclecloud.com/hcmUI/CandidateExperience/en/sites/CX_1/job/68766,2026-08-18,2026-08-18,2026-08-18T18:30:55+00:00,2026-08-18 11:30 Tue,,false,,,,false,oracle:Ford:68766
Ford:66544,Ford,Salesforce Architecture,"Bangalore, Karnataka, India",,https://efds.fa.em5.oraclecloud.com/hcmUI/CandidateExperience/en/sites/CX_1/job/66544,2026-07-07,2026-07-07,2026-07-07T13:43:37+00:00,2026-07-07 06:43 Tue,,false,,,,false,oracle:Ford:66544
Ford:68180,Ford,Salesforce Developer- Finsimple,"Chennai, Tamil Nadu, India",,https://efds.fa.em5.oraclecloud.com/hcmUI/CandidateExperience/en/sites/CX_1/job/68180,2026-08-11,2026-08-11,2026-08-11T11:41:44+00:00,2026-08-11 04:41 Tue,,false,,,,false,oracle:Ford:68180
Ford:68256,Ford,Salesforce Engineer,United States,,https://efds.fa.em5.oraclecloud.com/hcmUI/CandidateExperience/en/sites/CX_1/job/68256,2026-08-17,2026-08-17,2026-08-18T00:17:53+00:00,2026-08-17 17:17 Mon,,false,,,,false,oracle:Ford:68256
Ford:66363,Ford,Salesforce Marketing Cloud & Data Cloud Specialist,"Chennai, Tamil Nadu, India",,https://efds.fa.em5.oraclecloud.com/hcmUI/CandidateExperience/en/sites/CX_1/job/66363,2026-07-09,2026-07-09,2026-07-09T12:54:37+00:00,2026-07-09 05:54 Thu,,false,,,,false,oracle:Ford:66363
Ford:67819,Ford,Salesforce Solution Architect - IMG CRM,"Chennai, Tamil Nadu, India",,https://efds.fa.em5.oraclecloud.com/hcmUI/CandidateExperience/en/sites/CX_1/job/67819,2026-08-03,2026-08-03,2026-08-03T13:42:11+00:00,2026-08-03 06:42 Mon,,false,,,,false,oracle:Ford:67819
Ford:67436,Ford,Salesforce Solution Architect Specialist,"Bangkok, Thailand",,https://efds.fa.em5.oraclecloud.com/hcmUI/CandidateExperience/en/sites/CX_1/job/67436,2026-07-22,2026-07-22,2026-07-22T05:41:30+00:00,2026-07-21 22:41 Tue,,false,,,,false,oracle:Ford:67436
Ford:66801,Ford,Salesforce Technical Lead,Australia,,https://efds.fa.em5.oraclecloud.com/hcmUI/CandidateExperience/en/sites/CX_1/job/66801,2026-07-10,2026-07-10,2026-07-10T07:12:04+00:00,2026-07-10 00:12 Fri,,false,,,,false,oracle:Ford:66801
Ford:69488,Ford,Salesforce Vlocity Developer,"Bangalore, Karnataka, India",,https://efds.fa.em5.oraclecloud.com/hcmUI/CandidateExperience/en/sites/CX_1/job/69488,2026-08-27,2026-08-27,2026-08-24T10:17:18+00:00,2026-08-24 03:17 Mon,,false,,,,false,oracle:Ford:69488
Ford:69550,Ford,SAP ABAP Developer,"Livonia, MI, United States",,https://efds.fa.em5.oraclecloud.com/hcmUI/CandidateExperience/en/sites/CX_1/job/69550,2026-09-01,2026-09-01,2026-09-02T05:20:28+00:00,2026-09-01 22:20 Tue,AI / ML,true,CLI,3,"The candidate has solid software and computer vision experience but no demonstrated SAP ABAP, S/4HANA, RAP, CAP, BTP, or enterprise SAP integration experience required for this role.",false,oracle:Ford:69550
Ford:63446,Ford,SAP Basis Shared Service,"Naucalpan de Juarez, MEX, Mexico",,https://efds.fa.em5.oraclecloud.com/hcmUI/CandidateExperience/en/sites/CX_1/job/63446,2026-07-29,2026-07-29,2026-07-29T18:41:53+00:00,2026-07-29 11:41 Wed,,false,,,,false,oracle:Ford:63446
Ford:69748,Ford,SAP Basis/HANA Platform Engineer,"Chennai, Tamil Nadu, India",,https://efds.fa.em5.oraclecloud.com/hcmUI/CandidateExperience/en/sites/CX_1/job/69748,2026-08-31,2026-08-31,2026-08-31T03:41:33+00:00,2026-08-30 20:41 Sun,,false,,,,false,oracle:Ford:69748
Ford:68898,Ford,SAP BODS Developer,"Chennai, Tamil Nadu, India",,https://efds.fa.em5.oraclecloud.com/hcmUI/CandidateExperience/en/sites/CX_1/job/68898,2026-08-18,2026-08-18,2026-08-18T09:59:44+00:00,2026-08-18 02:59 Tue,,false,,,,false,oracle:Ford:68898
Ford:64998,Ford,SAP Cutover Lead,"Chennai, Tamil Nadu, India",,https://efds.fa.em5.oraclecloud.com/hcmUI/CandidateExperience/en/sites/CX_1/job/64998,2026-07-10,2026-07-10,2026-07-10T09:36:06+00:00,2026-07-10 02:36 Fri,,false,,,,false,oracle:Ford:64998
Ford:68297,Ford,SAP eSPP Functional Consultant,"Chennai, Tamil Nadu, India",,https://efds.fa.em5.oraclecloud.com/hcmUI/CandidateExperience/en/sites/CX_1/job/68297,2026-08-26,2026-08-26,2026-08-26T06:41:33+00:00,2026-08-25 23:41 Tue,,false,,,,false,oracle:Ford:68297
Ford:67835,Ford,SAP Functional Consultant,"Dearborn, MI, United States",,https://efds.fa.em5.oraclecloud.com/hcmUI/CandidateExperience/en/sites/CX_1/job/67835,2026-07-31,2026-07-31,2026-08-03T09:21:28+00:00,2026-08-03 02:21 Mon,,false,,,,false,oracle:Ford:67835
Ford:66901,Ford,SAP Functional Lead,"Chennai, Tamil Nadu, India",,https://efds.fa.em5.oraclecloud.com/hcmUI/CandidateExperience/en/sites/CX_1/job/66901,2026-07-30,2026-07-30,2026-07-30T06:41:38+00:00,2026-07-29 23:41 Wed,,false,,,,false,oracle:Ford:66901
Ford:67834,Ford,SAP Functional Lead,"Dearborn, MI, United States",,https://efds.fa.em5.oraclecloud.com/hcmUI/CandidateExperience/en/sites/CX_1/job/67834,2026-07-31,2026-07-31,2026-08-03T09:21:28+00:00,2026-08-03 02:21 Mon,,false,,,,false,oracle:Ford:67834
Ford:66900,Ford,SAP functional Lead,"Chennai, Tamil Nadu, India",,https://efds.fa.em5.oraclecloud.com/hcmUI/CandidateExperience/en/sites/CX_1/job/66900,2026-08-13,2026-08-13,2026-08-13T17:41:46+00:00,2026-08-13 10:41 Thu,,false,,,,false,oracle:Ford:66900
Ford:66159,Ford,SAP Functional Product Designer,"Dearborn, MI, United States",,https://efds.fa.em5.oraclecloud.com/hcmUI/CandidateExperience/en/sites/CX_1/job/66159,2026-07-24,2026-07-24,2026-07-24T22:17:30+00:00,2026-07-24 15:17 Fri,,false,,,,false,oracle:Ford:66159
Ford:66160,Ford,SAP Functional Software Engineer,"Dearborn, MI, United States",,https://efds.fa.em5.oraclecloud.com/hcmUI/CandidateExperience/en/sites/CX_1/job/66160,2026-07-09,2026-07-09,2026-07-09T20:54:05+00:00,2026-07-09 13:54 Thu,Software Engineering,true,CLI,8,"The candidate is an ML/computer vision and backend engineer with no SAP S/4HANA SD, VMS, mainframe/COBOL modernization, automotive invoicing, or 10+ years senior leadership experience required for this role.",true,oracle:Ford:66160
Ford:63835,Ford,SAP GL - Analyst,"Chennai, Tamil Nadu, India",,https://efds.fa.em5.oraclecloud.com/hcmUI/CandidateExperience/en/sites/CX_1/job/63835,2026-08-04,2026-08-04,2026-08-04T09:41:34+00:00,2026-08-04 02:41 Tue,,false,,,,false,oracle:Ford:63835
Ford:66738,Ford,SAP IHC Functional Consultant,"Chennai, Tamil Nadu, India",,https://efds.fa.em5.oraclecloud.com/hcmUI/CandidateExperience/en/sites/CX_1/job/66738,2026-07-09,2026-07-09,2026-07-09T12:54:37+00:00,2026-07-09 05:54 Thu,,false,,,,false,oracle:Ford:66738
Ford:66769,Ford,SAP Integration Cutover Engineer,"Dearborn, MI, United States",,https://efds.fa.em5.oraclecloud.com/hcmUI/CandidateExperience/en/sites/CX_1/job/66769,2026-08-04,2026-08-04,2026-08-04T20:17:37+00:00,2026-08-04 13:17 Tue,,false,,,,false,oracle:Ford:66769
Ford:63233,Ford,SAP Integration Lead,"Chennai, Tamil Nadu, India",,https://efds.fa.em5.oraclecloud.com/hcmUI/CandidateExperience/en/sites/CX_1/job/63233,2026-07-10,2026-07-10,2026-07-10T14:54:12+00:00,2026-07-10 07:54 Fri,,false,,,,false,oracle:Ford:63233
Ford:69630,Ford,SAP Lead Consultant,"Chennai, Tamil Nadu, India",,https://efds.fa.em5.oraclecloud.com/hcmUI/CandidateExperience/en/sites/CX_1/job/69630,2026-08-25,2026-08-25,2026-08-25T13:11:15+00:00,2026-08-25 06:11 Tue,,false,,,,false,oracle:Ford:69630
Ford:62406,Ford,SAP Manager (Basis and Security),"Naucalpan de Juarez, MEX, Mexico",,https://efds.fa.em5.oraclecloud.com/hcmUI/CandidateExperience/en/sites/CX_1/job/62406,2026-07-29,2026-07-29,2026-07-29T18:41:53+00:00,2026-07-29 11:41 Wed,,false,,,,false,oracle:Ford:62406
Ford:68462,Ford,SAP Material Management - Delivery Lead,"Dearborn, MI, United States",,https://efds.fa.em5.oraclecloud.com/hcmUI/CandidateExperience/en/sites/CX_1/job/68462,2026-08-19,2026-08-19,2026-08-19T13:18:27+00:00,2026-08-19 06:18 Wed,,false,,,,false,oracle:Ford:68462
Ford:66668,Ford,SAP MM functional consultant,"Chennai, Tamil Nadu, India",,https://efds.fa.em5.oraclecloud.com/hcmUI/CandidateExperience/en/sites/CX_1/job/66668,2026-07-09,2026-07-09,2026-07-09T13:54:01+00:00,2026-07-09 06:54 Thu,,false,,,,false,oracle:Ford:66668
Ford:67644,Ford,SAP Platform Security Architect,"Dearborn, MI, United States",,https://efds.fa.em5.oraclecloud.com/hcmUI/CandidateExperience/en/sites/CX_1/job/67644,2026-07-29,2026-07-29,2026-08-03T09:21:28+00:00,2026-08-03 02:21 Mon,,false,,,,false,oracle:Ford:67644
Ford:66293,Ford,SAP PP Functional Consultant,"Bangalore, Karnataka, India",,https://efds.fa.em5.oraclecloud.com/hcmUI/CandidateExperience/en/sites/CX_1/job/66293,2026-07-09,2026-07-09,2026-07-09T06:54:15+00:00,2026-07-08 23:54 Wed,,false,,,,false,oracle:Ford:66293
Ford:68913,Ford,SAP PP Functional Consultant (IPPE/PPDS),"Chennai, Tamil Nadu, India",,https://efds.fa.em5.oraclecloud.com/hcmUI/CandidateExperience/en/sites/CX_1/job/68913,2026-08-13,2026-08-13,2026-08-13T13:42:07+00:00,2026-08-13 06:42 Thu,,false,,,,false,oracle:Ford:68913
Ford:66144,Ford,SAP Production Support Lead – Accounts Payable,"Chennai, Tamil Nadu, India",,https://efds.fa.em5.oraclecloud.com/hcmUI/CandidateExperience/en/sites/CX_1/job/66144,2026-07-10,2026-07-10,2026-07-10T06:36:14+00:00,2026-07-09 23:36 Thu,,false,,,,false,oracle:Ford:66144
Ford:65169,Ford,SAP S/4 MM - Product Designer,"Dearborn, MI, United States",,https://efds.fa.em5.oraclecloud.com/hcmUI/CandidateExperience/en/sites/CX_1/job/65169,2026-09-01,2026-09-01,2026-08-12T19:59:54+00:00,2026-08-12 12:59 Wed,,false,,,,false,oracle:Ford:65169
Ford:69087,Ford,SAP S4 FICO/Tax Integration Product Designer,"Dearborn, MI, United States",,https://efds.fa.em5.oraclecloud.com/hcmUI/CandidateExperience/en/sites/CX_1/job/69087,2026-08-24,2026-08-24,2026-08-24T13:13:27+00:00,2026-08-24 06:13 Mon,,false,,,,false,oracle:Ford:69087
Ford:66587,Ford,SAP SD Functional Consultant,India,,https://efds.fa.em5.oraclecloud.com/hcmUI/CandidateExperience/en/sites/CX_1/job/66587,2026-07-14,2026-07-14,2026-07-14T07:41:11+00:00,2026-07-14 00:41 Tue,,false,,,,false,oracle:Ford:66587
Ford:67004,Ford,"SAP Security Engineer, Ford Energy","Dearborn, MI, United States",,https://efds.fa.em5.oraclecloud.com/hcmUI/CandidateExperience/en/sites/CX_1/job/67004,2026-09-04,2026-09-04,2026-09-04T14:51:38+00:00,2026-09-04 07:51 Fri,,false,,,,false,oracle:Ford:67004
Ford:68226,Ford,SAP Security Shared Service,"Naucalpan de Juarez, MEX, Mexico",,https://efds.fa.em5.oraclecloud.com/hcmUI/CandidateExperience/en/sites/CX_1/job/68226,2026-08-11,2026-08-11,2026-08-11T17:17:46+00:00,2026-08-11 10:17 Tue,,false,,,,false,oracle:Ford:68226
Ford:65432,Ford,SAP Senior Consultant,India,,https://efds.fa.em5.oraclecloud.com/hcmUI/CandidateExperience/en/sites/CX_1/job/65432,2026-07-16,2026-07-16,2026-07-16T14:42:01+00:00,2026-07-16 07:42 Thu,,false,,,,false,oracle:Ford:65432
Ford:69153,Ford,SAP Senior SD Consultant,India,,https://efds.fa.em5.oraclecloud.com/hcmUI/CandidateExperience/en/sites/CX_1/job/69153,2026-09-03,2026-09-03,2026-09-03T19:37:21+00:00,2026-09-03 12:37 Thu,,false,,,,false,oracle:Ford:69153
Ford:65098,Ford,SAP Solution Architect,"Chennai, Tamil Nadu, India",,https://efds.fa.em5.oraclecloud.com/hcmUI/CandidateExperience/en/sites/CX_1/job/65098,2026-07-13,2026-07-13,2026-07-13T18:17:19+00:00,2026-07-13 11:17 Mon,,false,,,,false,oracle:Ford:65098
Ford:66455,Ford,SAP Solution Architect - Order-to-Cash (OTC),"Dearborn, MI, United States",,https://efds.fa.em5.oraclecloud.com/hcmUI/CandidateExperience/en/sites/CX_1/job/66455,2026-07-08,2026-07-08,2026-07-08T15:36:23+00:00,2026-07-08 08:36 Wed,,false,,,,false,oracle:Ford:66455
Ford:65884,Ford,SAP Techno Functional Consultant,India,,https://efds.fa.em5.oraclecloud.com/hcmUI/CandidateExperience/en/sites/CX_1/job/65884,2026-07-07,2026-07-07,2026-07-07T13:43:37+00:00,2026-07-07 06:43 Tue,,false,,,,false,oracle:Ford:65884
Ford:64324,Ford,SC Academy - Control Tower Specialist,"Naucalpan de Juarez, MEX, Mexico",,https://efds.fa.em5.oraclecloud.com/hcmUI/CandidateExperience/en/sites/CX_1/job/64324,2026-07-13,2026-07-13,2026-07-13T04:59:00+00:00,2026-07-12 21:59 Sun,,false,,,,false,oracle:Ford:64324
Ford:64325,Ford,SC Academy - Control Tower Specialist,"Naucalpan de Juarez, MEX, Mexico",,https://efds.fa.em5.oraclecloud.com/hcmUI/CandidateExperience/en/sites/CX_1/job/64325,2026-07-13,2026-07-13,2026-07-13T05:17:01+00:00,2026-07-12 22:17 Sun,,false,,,,false,oracle:Ford:64325
Ford:64321,Ford,SC Academy - STA Engineer,"Naucalpan de Juarez, MEX, Mexico",,https://efds.fa.em5.oraclecloud.com/hcmUI/CandidateExperience/en/sites/CX_1/job/64321,2026-07-13,2026-07-13,2026-07-13T21:40:58+00:00,2026-07-13 14:40 Mon,,false,,,,false,oracle:Ford:64321
Ford:67629,Ford,SCM Analyst – Synergy,"Chennai, Tamil Nadu, India",,https://efds.fa.em5.oraclecloud.com/hcmUI/CandidateExperience/en/sites/CX_1/job/67629,2026-08-01,2026-08-01,2026-08-01T16:59:25+00:00,2026-08-01 09:59 Sat,,false,,,,false,oracle:Ford:67629
Ford:65579,Ford,Seat Complete Engineer,"Naucalpan de Juarez, MEX, Mexico",,https://efds.fa.em5.oraclecloud.com/hcmUI/CandidateExperience/en/sites/CX_1/job/65579,2026-07-08,2026-07-08,2026-07-08T15:53:02+00:00,2026-07-08 08:53 Wed,,false,,,,false,oracle:Ford:65579
Ford:66708,Ford,Seat Complete Engineer,"Dearborn, MI, United States",,https://efds.fa.em5.oraclecloud.com/hcmUI/CandidateExperience/en/sites/CX_1/job/66708,2026-07-15,2026-07-15,2026-07-15T14:41:28+00:00,2026-07-15 07:41 Wed,,false,,,,false,oracle:Ford:66708
Ford:67702,Ford,Seat Complete Engineer,"Naucalpan de Juarez, MEX, Mexico",,https://efds.fa.em5.oraclecloud.com/hcmUI/CandidateExperience/en/sites/CX_1/job/67702,2026-08-10,2026-08-10,2026-08-10T16:59:40+00:00,2026-08-10 09:59 Mon,,false,,,,false,oracle:Ford:67702
Ford:68559,Ford,Seat Complete Engineer,"Naucalpan de Juarez, MEX, Mexico",,https://efds.fa.em5.oraclecloud.com/hcmUI/CandidateExperience/en/sites/CX_1/job/68559,2026-08-20,2026-08-20,2026-08-20T15:41:51+00:00,2026-08-20 08:41 Thu,,false,,,,false,oracle:Ford:68559
Ford:69629,Ford,Seat Complete Engineer,"Naucalpan de Juarez, MEX, Mexico",,https://efds.fa.em5.oraclecloud.com/hcmUI/CandidateExperience/en/sites/CX_1/job/69629,2026-08-27,2026-08-27,2026-08-27T22:59:52+00:00,2026-08-27 15:59 Thu,,false,,,,false,oracle:Ford:69629
Ford:66644,Ford,Seat Complete Supervisor,"Dearborn, MI, United States",,https://efds.fa.em5.oraclecloud.com/hcmUI/CandidateExperience/en/sites/CX_1/job/66644,2026-07-24,2026-07-24,2026-07-24T14:10:32+00:00,2026-07-24 07:10 Fri,,false,,,,false,oracle:Ford:66644
Ford:66427,Ford,Seat System Integration Engineer,"Dearborn, MI, United States",,https://efds.fa.em5.oraclecloud.com/hcmUI/CandidateExperience/en/sites/CX_1/job/66427,2026-07-20,2026-07-20,2026-07-20T19:41:44+00:00,2026-07-20 12:41 Mon,,false,,,,false,oracle:Ford:66427
Ford:68014,Ford,Seat System Integration Engineer,"Naucalpan de Juarez, MEX, Mexico",,https://efds.fa.em5.oraclecloud.com/hcmUI/CandidateExperience/en/sites/CX_1/job/68014,2026-08-17,2026-08-17,2026-08-17T20:59:51+00:00,2026-08-17 13:59 Mon,,false,,,,false,oracle:Ford:68014
Ford:67700,Ford,Seat Trim Engineer,"Naucalpan de Juarez, MEX, Mexico",,https://efds.fa.em5.oraclecloud.com/hcmUI/CandidateExperience/en/sites/CX_1/job/67700,2026-08-17,2026-08-17,2026-08-17T21:06:54+00:00,2026-08-17 14:06 Mon,,false,,,,false,oracle:Ford:67700
Ford:66785,Ford,Security Risk Engineer,India,,https://efds.fa.em5.oraclecloud.com/hcmUI/CandidateExperience/en/sites/CX_1/job/66785,2026-07-21,2026-07-21,2026-07-21T08:17:28+00:00,2026-07-21 01:17 Tue,,false,,,,false,oracle:Ford:66785
Ford:66916,Ford,Security services - Software Engineer (Fullstack Java),India,,https://efds.fa.em5.oraclecloud.com/hcmUI/CandidateExperience/en/sites/CX_1/job/66916,2026-07-23,2026-07-23,2026-07-23T07:17:20+00:00,2026-07-23 00:17 Thu,,false,,,,false,oracle:Ford:66916
Ford:67690,Ford,"Security Shift Lead, BlueOval Battery Park  Michigan","Marshall, MI, United States",,https://efds.fa.em5.oraclecloud.com/hcmUI/CandidateExperience/en/sites/CX_1/job/67690,2026-08-24,2026-08-24,2026-08-24T16:17:52+00:00,2026-08-24 09:17 Mon,,false,,,,false,oracle:Ford:67690
Ford:66336,Ford,"Security Shift Lead, BlueOval Battery Park Michigan","Marshall, MI, United States",,https://efds.fa.em5.oraclecloud.com/hcmUI/CandidateExperience/en/sites/CX_1/job/66336,2026-07-14,2026-07-14,2026-07-14T13:41:04+00:00,2026-07-14 06:41 Tue,,false,,,,false,oracle:Ford:66336
Ford:67685,Ford,"Security Shift Lead, BlueOval Battery Park Michigan","Marshall, MI, United States",,https://efds.fa.em5.oraclecloud.com/hcmUI/CandidateExperience/en/sites/CX_1/job/67685,2026-08-24,2026-08-24,2026-08-24T16:17:52+00:00,2026-08-24 09:17 Mon,,false,,,,false,oracle:Ford:67685
Ford:66991,Ford,Security Specialist,"Louisville, KY, United States",,https://efds.fa.em5.oraclecloud.com/hcmUI/CandidateExperience/en/sites/CX_1/job/66991,2026-07-20,2026-07-20,2026-07-20T15:59:43+00:00,2026-07-20 08:59 Mon,,false,,,,false,oracle:Ford:66991
Ford:69377,Ford,Security Specialist,"Louisville, KY, United States",,https://efds.fa.em5.oraclecloud.com/hcmUI/CandidateExperience/en/sites/CX_1/job/69377,2026-08-26,2026-08-26,2026-08-26T21:41:41+00:00,2026-08-26 14:41 Wed,,false,,,,false,oracle:Ford:69377
Ford:66556,Ford,Semi Active Suspension Controls Software Development Engineer,"Allen Park, MI, United States",,https://efds.fa.em5.oraclecloud.com/hcmUI/CandidateExperience/en/sites/CX_1/job/66556,2026-07-24,2026-07-24,2026-07-24T22:47:39+00:00,2026-07-24 15:47 Fri,,false,,,,false,oracle:Ford:66556
Ford:69754,Ford,Senior Accounting Analyst,"Coimbatore, Tamil Nadu, India",,https://efds.fa.em5.oraclecloud.com/hcmUI/CandidateExperience/en/sites/CX_1/job/69754,2026-09-03,2026-09-03,2026-09-03T19:37:21+00:00,2026-09-03 12:37 Thu,,false,,,,false,oracle:Ford:69754
Ford:67534,Ford,"Senior AI & Full Stack Engineer, Corporate Communications",United States,,https://efds.fa.em5.oraclecloud.com/hcmUI/CandidateExperience/en/sites/CX_1/job/67534,2026-08-05,2026-08-05,2026-08-05T15:41:56+00:00,2026-08-05 08:41 Wed,AI / ML,true,CLI,35,"Strong AI and backend engineering experience, but limited evidence of full-stack web development, Adobe Experience Manager, Generative AI, AI-powered search, or GEO expertise required for this senior role.",false,oracle:Ford:67534
Ford:67890,Ford,Senior AI Engineer,"Dearborn, MI, United States",,https://efds.fa.em5.oraclecloud.com/hcmUI/CandidateExperience/en/sites/CX_1/job/67890,2026-08-11,2026-08-11,2026-08-11T20:59:57+00:00,2026-08-11 13:59 Tue,AI / ML,true,Keyword,43,keyword-only heuristic,false,oracle:Ford:67890
Ford:68575,Ford,Senior Analyst,"Chennai, Tamil Nadu, India",,https://efds.fa.em5.oraclecloud.com/hcmUI/CandidateExperience/en/sites/CX_1/job/68575,2026-09-02,2026-09-02,2026-09-02T15:15:02+00:00,2026-09-02 08:15 Wed,,false,,,,false,oracle:Ford:68575
Ford:69187,Ford,Senior Analyst - Events,"Dearborn, MI, United States",,https://efds.fa.em5.oraclecloud.com/hcmUI/CandidateExperience/en/sites/CX_1/job/69187,2026-09-01,2026-09-01,2026-09-01T19:59:30+00:00,2026-09-01 12:59 Tue,,false,,,,false,oracle:Ford:69187
Ford:66768,Ford,"Senior Analyst, Finance Transformation","Dearborn, MI, United States",,https://efds.fa.em5.oraclecloud.com/hcmUI/CandidateExperience/en/sites/CX_1/job/66768,2026-07-09,2026-07-09,2026-07-10T03:30:15+00:00,2026-07-09 20:30 Thu,,false,,,,false,oracle:Ford:66768
Ford:67962,Ford,"Senior Associate, HR Shared Service","Naucalpan de Juarez, MEX, Mexico",,https://efds.fa.em5.oraclecloud.com/hcmUI/CandidateExperience/en/sites/CX_1/job/67962,2026-08-27,2026-08-27,2026-08-27T15:18:17+00:00,2026-08-27 08:18 Thu,,false,,,,false,oracle:Ford:67962
Ford:67182,Ford,Senior Business Analyst - Business Office,"Dearborn, MI, United States",,https://efds.fa.em5.oraclecloud.com/hcmUI/CandidateExperience/en/sites/CX_1/job/67182,2026-07-21,2026-07-21,2026-07-21T00:41:22+00:00,2026-07-20 17:41 Mon,,false,,,,false,oracle:Ford:67182
Ford:66944,Ford,Senior Buyer - Body Capital Equipment and Vision Systems,"Naucalpan de Juarez, MEX, Mexico",,https://efds.fa.em5.oraclecloud.com/hcmUI/CandidateExperience/en/sites/CX_1/job/66944,2026-08-12,2026-08-12,2026-08-12T16:42:00+00:00,2026-08-12 09:42 Wed,,false,,,,false,oracle:Ford:66944
Ford:65389,Ford,Senior Buyer - Brake Controls,"Naucalpan de Juarez, MEX, Mexico",,https://efds.fa.em5.oraclecloud.com/hcmUI/CandidateExperience/en/sites/CX_1/job/65389,2026-06-29,2026-06-29,2026-07-07T05:59:38+00:00,2026-07-06 22:59 Mon,,false,,,,false,oracle:Ford:65389
Ford:65428,Ford,Senior Buyer – Tooling & Equipment,"Naucalpan de Juarez, MEX, Mexico",,https://efds.fa.em5.oraclecloud.com/hcmUI/CandidateExperience/en/sites/CX_1/job/65428,2026-07-02,2026-07-02,2026-07-07T05:59:38+00:00,2026-07-06 22:59 Mon,,false,,,,false,oracle:Ford:65428
Ford:65584,Ford,Senior Buyer-Seat Trim,"Dearborn, MI, United States",,https://efds.fa.em5.oraclecloud.com/hcmUI/CandidateExperience/en/sites/CX_1/job/65584,2026-07-13,2026-07-13,2026-07-13T20:41:15+00:00,2026-07-13 13:41 Mon,,false,,,,false,oracle:Ford:65584
Ford:67931,Ford,Senior Chassis Design Engineer,"Long Beach, CA, United States",,https://efds.fa.em5.oraclecloud.com/hcmUI/CandidateExperience/en/sites/CX_1/job/67931,2026-08-05,2026-08-05,2026-08-05T15:41:56+00:00,2026-08-05 08:41 Wed,Other Technical,true,CLI,3,"The candidate has strong computer vision and software experience but lacks the mechanical, chassis design, vehicle dynamics, CAD, and senior automotive engineering background required for this role.",false,oracle:Ford:67931
Ford:65166,Ford,"Senior Cloud Integration Engineer (Java, GCP, Microservices)","Chennai, Tamil Nadu, India",,https://efds.fa.em5.oraclecloud.com/hcmUI/CandidateExperience/en/sites/CX_1/job/65166,2026-07-09,2026-07-09,2026-07-09T15:12:17+00:00,2026-07-09 08:12 Thu,,false,,,,false,oracle:Ford:65166
Ford:66469,Ford,Senior Commodity Buyer – Exterior Systems,"Chennai, Tamil Nadu, India",,https://efds.fa.em5.oraclecloud.com/hcmUI/CandidateExperience/en/sites/CX_1/job/66469,2026-07-06,2026-07-06,2026-07-07T05:59:38+00:00,2026-07-06 22:59 Mon,,false,,,,false,oracle:Ford:66469
Ford:65895,Ford,Senior Cost Estimator,"Chennai, Tamil Nadu, India",,https://efds.fa.em5.oraclecloud.com/hcmUI/CandidateExperience/en/sites/CX_1/job/65895,2026-07-15,2026-07-15,2026-07-15T19:17:12+00:00,2026-07-15 12:17 Wed,,false,,,,false,oracle:Ford:65895
Ford:65267,Ford,"Senior Counsel, Labor & Employment","Dearborn, MI, United States",,https://efds.fa.em5.oraclecloud.com/hcmUI/CandidateExperience/en/sites/CX_1/job/65267,2026-07-29,2026-07-29,2026-07-14T13:16:54+00:00,2026-07-14 06:16 Tue,,false,,,,false,oracle:Ford:65267
Ford:69859,Ford,"Senior Counsel, Transactions & Market Compliance",United States,,https://efds.fa.em5.oraclecloud.com/hcmUI/CandidateExperience/en/sites/CX_1/job/69859,2026-09-03,2026-09-03,2026-09-03T19:37:21+00:00,2026-09-03 12:37 Thu,AI / ML,true,CLI,0,"The candidate is a computer vision and software engineer with no JD, bar admission, legal transaction experience, commercial contracting background, or senior legal leadership experience.",false,oracle:Ford:69859
Ford:60305,Ford,Senior Cybersecurity Platform Engineer,United States,,https://efds.fa.em5.oraclecloud.com/hcmUI/CandidateExperience/en/sites/CX_1/job/60305,2026-07-31,2026-07-31,2026-07-31T16:41:40+00:00,2026-07-31 09:41 Fri,,false,,,,false,oracle:Ford:60305
Ford:67144,Ford,Senior Data Engineer,"Chennai, Tamil Nadu, India",,https://efds.fa.em5.oraclecloud.com/hcmUI/CandidateExperience/en/sites/CX_1/job/67144,2026-07-27,2026-07-27,2026-07-27T05:59:17+00:00,2026-07-26 22:59 Sun,,false,,,,false,oracle:Ford:67144
Ford:65829,Ford,Senior Data Engineer,"Dunton, Essex, United Kingdom",,https://efds.fa.em5.oraclecloud.com/hcmUI/CandidateExperience/en/sites/CX_1/job/65829,2026-07-29,2026-07-29,2026-07-29T10:41:26+00:00,2026-07-29 03:41 Wed,,false,,,,false,oracle:Ford:65829
Ford:69344,Ford,Senior Data Engineer - Cybersecurity,United States,,https://efds.fa.em5.oraclecloud.com/hcmUI/CandidateExperience/en/sites/CX_1/job/69344,2026-08-25,2026-08-25,2026-08-25T17:42:09+00:00,2026-08-25 10:42 Tue,,false,,,,false,oracle:Ford:69344
Ford:61607,Ford,Senior Data Scientist,"Dearborn, MI, United States",,https://efds.fa.em5.oraclecloud.com/hcmUI/CandidateExperience/en/sites/CX_1/job/61607,2026-07-23,2026-07-23,2026-07-23T18:59:27+00:00,2026-07-23 11:59 Thu,AI / ML,true,Keyword,52,keyword-only heuristic,true,oracle:Ford:61607
Ford:65126,Ford,Senior Data Scientist (AI Specialist),"Dearborn, MI, United States",,https://efds.fa.em5.oraclecloud.com/hcmUI/CandidateExperience/en/sites/CX_1/job/65126,2026-07-29,2026-07-29,2026-07-29T17:41:37+00:00,2026-07-29 10:41 Wed,AI / ML,true,Keyword,43,keyword-only heuristic,false,oracle:Ford:65126
Ford:69235,Ford,Senior Data Scientist - Contract Service Manager,"Dearborn, MI, United States",,https://efds.fa.em5.oraclecloud.com/hcmUI/CandidateExperience/en/sites/CX_1/job/69235,2026-08-25,2026-08-25,2026-08-25T19:18:11+00:00,2026-08-25 12:18 Tue,AI / ML,true,Keyword,51,title-only listing; auto-passed (no description to score),true,oracle:Ford:69235
Ford:67899,Ford,Senior Design Validation and Test Engineer,"Bangalore, Karnataka, India",,https://efds.fa.em5.oraclecloud.com/hcmUI/CandidateExperience/en/sites/CX_1/job/67899,2026-08-24,2026-08-24,2026-08-24T04:41:32+00:00,2026-08-23 21:41 Sun,,false,,,,false,oracle:Ford:67899
Ford:67664,Ford,Senior Design Validation and Test Engineer,"Bangalore, Karnataka, India",,https://efds.fa.em5.oraclecloud.com/hcmUI/CandidateExperience/en/sites/CX_1/job/67664,2026-08-27,2026-08-27,2026-08-24T05:17:18+00:00,2026-08-23 22:17 Sun,,false,,,,false,oracle:Ford:67664
Ford:60370,Ford,Senior Designer,"Köln, Nordrhein Westfalen, Germany",,https://efds.fa.em5.oraclecloud.com/hcmUI/CandidateExperience/en/sites/CX_1/job/60370,2026-07-23,2026-07-23,2026-07-23T11:59:34+00:00,2026-07-23 04:59 Thu,,false,,,,false,oracle:Ford:60370
Ford:65104,Ford,Senior Developer SAP,"Chennai, Tamil Nadu, India",,https://efds.fa.em5.oraclecloud.com/hcmUI/CandidateExperience/en/sites/CX_1/job/65104,2026-07-07,2026-07-07,2026-07-07T13:43:37+00:00,2026-07-07 06:43 Tue,,false,,,,false,oracle:Ford:65104
Ford:66250,Ford,"Senior Director, HR Business Partner","Dearborn, MI, United States",,https://efds.fa.em5.oraclecloud.com/hcmUI/CandidateExperience/en/sites/CX_1/job/66250,2026-06-30,2026-06-30,2026-07-07T05:59:38+00:00,2026-07-06 22:59 Mon,,false,,,,false,oracle:Ford:66250
Ford:65723,Ford,"Senior Director, Learning & Development","Dearborn, MI, United States",,https://efds.fa.em5.oraclecloud.com/hcmUI/CandidateExperience/en/sites/CX_1/job/65723,2026-08-31,2026-08-31,2026-08-31T14:42:08+00:00,2026-08-31 07:42 Mon,,false,,,,false,oracle:Ford:65723
Ford:67666,Ford,Senior Electrical & Electronics Design Engineer,"Bangalore, Karnataka, India",,https://efds.fa.em5.oraclecloud.com/hcmUI/CandidateExperience/en/sites/CX_1/job/67666,2026-08-27,2026-08-27,2026-08-24T05:41:21+00:00,2026-08-23 22:41 Sun,,false,,,,false,oracle:Ford:67666
Ford:69559,Ford,"Senior Engineer, IT Operations BlueOval Battery Michigan","Marshall, MI, United States",,https://efds.fa.em5.oraclecloud.com/hcmUI/CandidateExperience/en/sites/CX_1/job/69559,2026-08-26,2026-08-26,2026-08-26T19:41:47+00:00,2026-08-26 12:41 Wed,Computer Vision,true,Keyword,52,keyword-only heuristic,true,oracle:Ford:69559
Ford:67516,Ford,"Senior Engineer, Occupational Safety","Livonia, MI, United States",,https://efds.fa.em5.oraclecloud.com/hcmUI/CandidateExperience/en/sites/CX_1/job/67516,2026-07-28,2026-07-28,2026-07-28T15:42:00+00:00,2026-07-28 08:42 Tue,,false,,,,false,oracle:Ford:67516
Ford:67639,Ford,"Senior Engineer, Occupational Safety","Chicago, IL, United States",,https://efds.fa.em5.oraclecloud.com/hcmUI/CandidateExperience/en/sites/CX_1/job/67639,2026-08-28,2026-08-28,2026-08-28T20:59:32+00:00,2026-08-28 13:59 Fri,,false,,,,false,oracle:Ford:67639
Ford:65606,Ford,Senior Engineering Manager,"Chennai, Tamil Nadu, India",,https://efds.fa.em5.oraclecloud.com/hcmUI/CandidateExperience/en/sites/CX_1/job/65606,2026-07-21,2026-07-21,2026-07-21T12:41:35+00:00,2026-07-21 05:41 Tue,,false,,,,false,oracle:Ford:65606
Ford:66493,Ford,Senior Engineering Manager,"Chennai, Tamil Nadu, India",,https://efds.fa.em5.oraclecloud.com/hcmUI/CandidateExperience/en/sites/CX_1/job/66493,2026-08-07,2026-08-07,2026-08-07T08:59:05+00:00,2026-08-07 01:59 Fri,,false,,,,false,oracle:Ford:66493
Ford:66583,Ford,Senior Engineering Manager,"Chennai, Tamil Nadu, India",,https://efds.fa.em5.oraclecloud.com/hcmUI/CandidateExperience/en/sites/CX_1/job/66583,2026-08-13,2026-08-13,2026-08-13T11:17:45+00:00,2026-08-13 04:17 Thu,,false,,,,false,oracle:Ford:66583
Ford:66988,Ford,"Senior Engineering Technician, BESS Service & Test, Ford Energy","Dearborn, MI, United States",,https://efds.fa.em5.oraclecloud.com/hcmUI/CandidateExperience/en/sites/CX_1/job/66988,2026-07-30,2026-07-30,2026-07-30T20:42:03+00:00,2026-07-30 13:42 Thu,,false,,,,false,oracle:Ford:66988
Ford:69768,Ford,Senior Executive Assistant,"Washington, DC, United States",,https://efds.fa.em5.oraclecloud.com/hcmUI/CandidateExperience/en/sites/CX_1/job/69768,2026-09-01,2026-09-01,2026-09-01T19:59:30+00:00,2026-09-01 12:59 Tue,,false,,,,false,oracle:Ford:69768
Ford:63580,Ford,Senior Experience Designer,"Dearborn, MI, United States",,https://efds.fa.em5.oraclecloud.com/hcmUI/CandidateExperience/en/sites/CX_1/job/63580,2026-07-22,2026-07-22,2026-07-22T14:24:42+00:00,2026-07-22 07:24 Wed,,false,,,,false,oracle:Ford:63580
Ford:66693,Ford,Senior Finance Analyst,"Szentendre, Kozep-Magyarorszag, Hungary",,https://efds.fa.em5.oraclecloud.com/hcmUI/CandidateExperience/en/sites/CX_1/job/66693,2026-07-09,2026-07-09,2026-07-09T12:54:37+00:00,2026-07-09 05:54 Thu,,false,,,,false,oracle:Ford:66693
Ford:67473,Ford,Senior Finance Analyst,"Chennai, Tamil Nadu, India",,https://efds.fa.em5.oraclecloud.com/hcmUI/CandidateExperience/en/sites/CX_1/job/67473,2026-08-01,2026-08-01,2026-08-01T05:41:21+00:00,2026-07-31 22:41 Fri,,false,,,,false,oracle:Ford:67473
Ford:70073,Ford,Senior Finance Analyst,"Szentendre, Kozep-Magyarorszag, Hungary",,https://efds.fa.em5.oraclecloud.com/hcmUI/CandidateExperience/en/sites/CX_1/job/70073,2026-09-02,2026-09-02,2026-09-02T15:15:02+00:00,2026-09-02 08:15 Wed,,false,,,,false,oracle:Ford:70073
Ford:68580,Ford,Senior Finance Analyst - France,"Szentendre, Kozep-Magyarorszag, Hungary",,https://efds.fa.em5.oraclecloud.com/hcmUI/CandidateExperience/en/sites/CX_1/job/68580,2026-08-12,2026-08-12,2026-08-12T06:59:27+00:00,2026-08-11 23:59 Tue,,false,,,,false,oracle:Ford:68580
Ford:69106,Ford,Senior Finance Analyst - Revenue Management,"Chennai, Tamil Nadu, India",,https://efds.fa.em5.oraclecloud.com/hcmUI/CandidateExperience/en/sites/CX_1/job/69106,2026-08-27,2026-08-27,2026-08-27T07:17:24+00:00,2026-08-27 00:17 Thu,,false,,,,false,oracle:Ford:69106
Ford:69816,Ford,Senior Full Stack Cloud Engineer,"Naucalpan de Juarez, MEX, Mexico",,https://efds.fa.em5.oraclecloud.com/hcmUI/CandidateExperience/en/sites/CX_1/job/69816,2026-09-03,2026-09-03,2026-09-03T19:37:21+00:00,2026-09-03 12:37 Thu,,false,,,,false,oracle:Ford:69816
Ford:65017,Ford,Senior Full Stack Engineer (Java + React + Cloud),"Chennai, Tamil Nadu, India",,https://efds.fa.em5.oraclecloud.com/hcmUI/CandidateExperience/en/sites/CX_1/job/65017,2026-07-08,2026-07-08,2026-07-08T14:54:24+00:00,2026-07-08 07:54 Wed,,false,,,,false,oracle:Ford:65017
Ford:62490,Ford,Senior Full Stack Software Engineer,"Dearborn, MI, United States",,https://efds.fa.em5.oraclecloud.com/hcmUI/CandidateExperience/en/sites/CX_1/job/62490,2026-08-10,2026-08-10,2026-08-10T20:41:31+00:00,2026-08-10 13:41 Mon,,false,,,,false,oracle:Ford:62490
Ford:60884,Ford,Senior Full-Stack Java Developer,"Dearborn, MI, United States",,https://efds.fa.em5.oraclecloud.com/hcmUI/CandidateExperience/en/sites/CX_1/job/60884,2026-08-07,2026-08-07,2026-08-07T17:59:49+00:00,2026-08-07 10:59 Fri,Software Engineering,true,Keyword,43,keyword-only heuristic,false,oracle:Ford:60884
Ford:67444,Ford,Senior GCP Full Stack Developer,India,,https://efds.fa.em5.oraclecloud.com/hcmUI/CandidateExperience/en/sites/CX_1/job/67444,2026-07-29,2026-07-29,2026-07-29T13:41:42+00:00,2026-07-29 06:41 Wed,,false,,,,false,oracle:Ford:67444
Ford:67665,Ford,Senior Hardware Test Engineer,"Bangalore, Karnataka, India",,https://efds.fa.em5.oraclecloud.com/hcmUI/CandidateExperience/en/sites/CX_1/job/67665,2026-08-25,2026-08-25,2026-08-25T05:41:30+00:00,2026-08-24 22:41 Mon,,false,,,,false,oracle:Ford:67665
Ford:68206,Ford,Senior Hybrid Cloud & Mainframe Architect,"Dearborn, MI, United States",,https://efds.fa.em5.oraclecloud.com/hcmUI/CandidateExperience/en/sites/CX_1/job/68206,2026-09-02,2026-09-02,2026-09-02T18:45:15+00:00,2026-09-02 11:45 Wed,,false,,,,false,oracle:Ford:68206
Ford:65171,Ford,Senior Informatica IDMC Developer,"Chennai, Tamil Nadu, India",,https://efds.fa.em5.oraclecloud.com/hcmUI/CandidateExperience/en/sites/CX_1/job/65171,2026-07-09,2026-07-09,2026-07-09T14:36:18+00:00,2026-07-09 07:36 Thu,,false,,,,false,oracle:Ford:65171
Ford:64475,Ford,Senior Internal Control Analyst - SOX,"Dearborn, MI, United States",,https://efds.fa.em5.oraclecloud.com/hcmUI/CandidateExperience/en/sites/CX_1/job/64475,2026-06-30,2026-06-30,2026-07-07T05:59:38+00:00,2026-07-06 22:59 Mon,,false,,,,false,oracle:Ford:64475
Ford:64233,Ford,Senior IT Security & Compliance Analyst,"Köln, Nordrhein Westfalen, Germany",,https://efds.fa.em5.oraclecloud.com/hcmUI/CandidateExperience/en/sites/CX_1/job/64233,2026-07-14,2026-07-14,2026-07-14T13:58:58+00:00,2026-07-14 06:58 Tue,,false,,,,false,oracle:Ford:64233
Ford:66429,Ford,Senior Java Developer,"Chennai, Tamil Nadu, India",,https://efds.fa.em5.oraclecloud.com/hcmUI/CandidateExperience/en/sites/CX_1/job/66429,2026-07-22,2026-07-22,2026-07-22T05:59:24+00:00,2026-07-21 22:59 Tue,,false,,,,false,oracle:Ford:66429
Ford:66517,Ford,Senior Lead Engineer – Body Shop Fixtures & Automation,"Chennai, Tamil Nadu, India",,https://efds.fa.em5.oraclecloud.com/hcmUI/CandidateExperience/en/sites/CX_1/job/66517,2026-07-30,2026-07-30,2026-07-30T09:17:13+00:00,2026-07-30 02:17 Thu,,false,,,,false,oracle:Ford:66517
Ford:69071,Ford,Senior Legal Counsel,"Pretoria, Gauteng, South Africa",,https://efds.fa.em5.oraclecloud.com/hcmUI/CandidateExperience/en/sites/CX_1/job/69071,2026-08-17,2026-08-17,2026-08-17T07:59:13+00:00,2026-08-17 00:59 Mon,,false,,,,false,oracle:Ford:69071
Ford:65811,Ford,Senior Maintenance Supervisor,"Sheffield, OH, United States",,https://efds.fa.em5.oraclecloud.com/hcmUI/CandidateExperience/en/sites/CX_1/job/65811,2026-07-14,2026-07-14,2026-07-14T00:40:54+00:00,2026-07-13 17:40 Mon,,false,,,,false,oracle:Ford:65811
Ford:63203,Ford,Senior Maintenance Supervisor,"Sterling Heights, MI, United States",,https://efds.fa.em5.oraclecloud.com/hcmUI/CandidateExperience/en/sites/CX_1/job/63203,2026-07-28,2026-07-28,2026-07-28T17:41:30+00:00,2026-07-28 10:41 Tue,,false,,,,false,oracle:Ford:63203
Ford:62954,Ford,"Senior Manager Quality Assurance, Ford Energy","Dearborn, MI, United States",,https://efds.fa.em5.oraclecloud.com/hcmUI/CandidateExperience/en/sites/CX_1/job/62954,2026-07-02,2026-07-02,2026-07-07T05:59:38+00:00,2026-07-06 22:59 Mon,,false,,,,false,oracle:Ford:62954
Ford:69814,Ford,"Senior Manager, AI Learning & Development","Dearborn, MI, United States",,https://efds.fa.em5.oraclecloud.com/hcmUI/CandidateExperience/en/sites/CX_1/job/69814,2026-08-28,2026-08-28,2026-08-28T20:00:15+00:00,2026-08-28 13:00 Fri,,false,,,,false,oracle:Ford:69814
Ford:69811,Ford,"Senior Manager, AI Workflow Redesign","Dearborn, MI, United States",,https://efds.fa.em5.oraclecloud.com/hcmUI/CandidateExperience/en/sites/CX_1/job/69811,2026-08-28,2026-08-28,2026-08-28T20:00:15+00:00,2026-08-28 13:00 Fri,,false,,,,false,oracle:Ford:69811
Ford:67273,Ford,"Senior Manager, Consumer Marketing Strategy","Dearborn, MI, United States",,https://efds.fa.em5.oraclecloud.com/hcmUI/CandidateExperience/en/sites/CX_1/job/67273,2026-07-27,2026-07-27,2026-08-03T09:21:28+00:00,2026-08-03 02:21 Mon,,false,,,,false,oracle:Ford:67273
Ford:68334,Ford,"Senior Manager, Dealer Capability & Training IMG","Melbourne, Victoria, Australia",,https://efds.fa.em5.oraclecloud.com/hcmUI/CandidateExperience/en/sites/CX_1/job/68334,2026-08-12,2026-08-12,2026-08-12T00:17:42+00:00,2026-08-11 17:17 Tue,,false,,,,false,oracle:Ford:68334
Ford:67336,Ford,"Senior Manager, Digital Program Management","Dearborn, MI, United States",,https://efds.fa.em5.oraclecloud.com/hcmUI/CandidateExperience/en/sites/CX_1/job/67336,2026-07-28,2026-07-28,2026-07-28T13:41:43+00:00,2026-07-28 06:41 Tue,,false,,,,false,oracle:Ford:67336
Ford:64769,Ford,"Senior Manager, Electrical Engineering","Palo Alto, CA, United States",,https://efds.fa.em5.oraclecloud.com/hcmUI/CandidateExperience/en/sites/CX_1/job/64769,2026-07-06,2026-07-06,2026-07-07T05:59:38+00:00,2026-07-06 22:59 Mon,,false,,,,false,oracle:Ford:64769
Ford:67361,Ford,"Senior Manager, Field Recall Program Management & Operations","Allen Park, MI, United States",,https://efds.fa.em5.oraclecloud.com/hcmUI/CandidateExperience/en/sites/CX_1/job/67361,2026-07-28,2026-07-28,2026-07-28T13:17:48+00:00,2026-07-28 06:17 Tue,,false,,,,false,oracle:Ford:67361
Ford:67521,Ford,"Senior Manager, Transformation Deployment – Ford Customer Service Division (FCSD)","Dearborn, MI, United States",,https://efds.fa.em5.oraclecloud.com/hcmUI/CandidateExperience/en/sites/CX_1/job/67521,2026-08-03,2026-08-03,2026-08-03T13:42:11+00:00,2026-08-03 06:42 Mon,,false,,,,false,oracle:Ford:67521
Ford:66767,Ford,Senior Manager- Fulfillment Delivery Team,United States,,https://efds.fa.em5.oraclecloud.com/hcmUI/CandidateExperience/en/sites/CX_1/job/66767,2026-07-21,2026-07-21,2026-07-21T18:17:29+00:00,2026-07-21 11:17 Tue,AI / ML,true,Keyword,40,keyword-only heuristic,false,oracle:Ford:66767
Ford:67634,Ford,Senior Manufacturing Tooling Engineer,"Chennai, Tamil Nadu, India",,https://efds.fa.em5.oraclecloud.com/hcmUI/CandidateExperience/en/sites/CX_1/job/67634,2026-08-12,2026-08-12,2026-08-12T05:41:16+00:00,2026-08-11 22:41 Tue,,false,,,,false,oracle:Ford:67634
Ford:67466,Ford,Senior Market and Vehicle Programmer,"Budapest, Kozep-Magyarorszag, Hungary",,https://efds.fa.em5.oraclecloud.com/hcmUI/CandidateExperience/en/sites/CX_1/job/67466,2026-07-27,2026-07-27,2026-07-27T08:41:16+00:00,2026-07-27 01:41 Mon,,false,,,,false,oracle:Ford:67466
Ford:69770,Ford,Senior Marketing Incentive Coordinator,"Budapest, Kozep-Magyarorszag, Hungary",,https://efds.fa.em5.oraclecloud.com/hcmUI/CandidateExperience/en/sites/CX_1/job/69770,2026-08-28,2026-08-28,2026-08-28T10:41:34+00:00,2026-08-28 03:41 Fri,,false,,,,false,oracle:Ford:69770
Ford:64159,Ford,Senior Network Engineer,United States,,https://efds.fa.em5.oraclecloud.com/hcmUI/CandidateExperience/en/sites/CX_1/job/64159,2026-08-25,2026-08-25,2026-08-20T15:41:51+00:00,2026-08-20 08:41 Thu,,false,,,,false,oracle:Ford:64159
Ford:65743,Ford,Senior OpenShift (OCP) Engineer – Platform Engineering & GitOps,"Chennai, Tamil Nadu, India",,https://efds.fa.em5.oraclecloud.com/hcmUI/CandidateExperience/en/sites/CX_1/job/65743,2026-07-08,2026-07-08,2026-07-08T14:12:07+00:00,2026-07-08 07:12 Wed,,false,,,,false,oracle:Ford:65743
Ford:68359,Ford,Senior Platform Engineer – Secure AI DevSecOps,India,,https://efds.fa.em5.oraclecloud.com/hcmUI/CandidateExperience/en/sites/CX_1/job/68359,2026-08-13,2026-08-13,2026-08-13T05:41:45+00:00,2026-08-12 22:41 Wed,,false,,,,false,oracle:Ford:68359
Ford:67221,Ford,Senior Power BI Developer,"Chennai, Tamil Nadu, India",,https://efds.fa.em5.oraclecloud.com/hcmUI/CandidateExperience/en/sites/CX_1/job/67221,2026-07-31,2026-07-31,2026-07-31T05:41:28+00:00,2026-07-30 22:41 Thu,,false,,,,false,oracle:Ford:67221
Ford:66546,Ford,Senior Power Electronics Design Engineer,"Palo Alto, CA, United States",,https://efds.fa.em5.oraclecloud.com/hcmUI/CandidateExperience/en/sites/CX_1/job/66546,2026-07-06,2026-07-06,2026-07-07T05:59:38+00:00,2026-07-06 22:59 Mon,,false,,,,false,oracle:Ford:66546
Ford:68690,Ford,Senior Power Management and Systems Architect,"Allen Park, MI, United States",,https://efds.fa.em5.oraclecloud.com/hcmUI/CandidateExperience/en/sites/CX_1/job/68690,2026-08-28,2026-08-28,2026-08-28T21:59:45+00:00,2026-08-28 14:59 Fri,,false,,,,false,oracle:Ford:68690
Ford:66856,Ford,Senior Powertrain Structures Design Engineer,"Palo Alto, CA, United States",,https://efds.fa.em5.oraclecloud.com/hcmUI/CandidateExperience/en/sites/CX_1/job/66856,2026-07-23,2026-07-23,2026-07-23T20:41:29+00:00,2026-07-23 13:41 Thu,,false,,,,false,oracle:Ford:66856
Ford:68616,Ford,Senior Product Analyst (12 month FTC),"Dunton, Essex, United Kingdom",,https://efds.fa.em5.oraclecloud.com/hcmUI/CandidateExperience/en/sites/CX_1/job/68616,2026-08-13,2026-08-13,2026-08-13T11:17:45+00:00,2026-08-13 04:17 Thu,,false,,,,false,oracle:Ford:68616
Ford:68134,Ford,Senior Product Development Engineer – Exterior Architecture Truck/SUV,"Dearborn, MI, United States",,https://efds.fa.em5.oraclecloud.com/hcmUI/CandidateExperience/en/sites/CX_1/job/68134,2026-08-20,2026-08-20,2026-08-20T15:59:40+00:00,2026-08-20 08:59 Thu,,false,,,,false,oracle:Ford:68134
Ford:62039,Ford,Senior Product Manager,United States,,https://efds.fa.em5.oraclecloud.com/hcmUI/CandidateExperience/en/sites/CX_1/job/62039,2026-07-15,2026-07-15,2026-07-15T14:53:39+00:00,2026-07-15 07:53 Wed,,false,,,,false,oracle:Ford:62039
Ford:68393,Ford,Senior Product Manager,"Dunton, Essex, United Kingdom",,https://efds.fa.em5.oraclecloud.com/hcmUI/CandidateExperience/en/sites/CX_1/job/68393,2026-08-11,2026-08-11,2026-08-11T08:59:30+00:00,2026-08-11 01:59 Tue,,false,,,,false,oracle:Ford:68393
Ford:69731,Ford,"Senior Product Manager, Engagement & Gamification","Dearborn, MI, United States",,https://efds.fa.em5.oraclecloud.com/hcmUI/CandidateExperience/en/sites/CX_1/job/69731,2026-09-03,2026-09-03,2026-09-03T19:37:21+00:00,2026-09-03 12:37 Thu,,false,,,,false,oracle:Ford:69731
Ford:68264,Ford,"Senior Product Manager, Mobile Apps – Vehicle Productivity and Electrification Experiences","Dearborn, MI, United States",,https://efds.fa.em5.oraclecloud.com/hcmUI/CandidateExperience/en/sites/CX_1/job/68264,2026-08-18,2026-08-18,2026-08-18T23:39:24+00:00,2026-08-18 16:39 Tue,,false,,,,false,oracle:Ford:68264
Ford:63951,Ford,"Senior Product Manager, Privacy",United States,,https://efds.fa.em5.oraclecloud.com/hcmUI/CandidateExperience/en/sites/CX_1/job/63951,2026-08-25,2026-08-25,2026-08-25T20:00:04+00:00,2026-08-25 13:00 Tue,,false,,,,false,oracle:Ford:63951
Ford:65513,Ford,Senior Product Manager-Prototypes,"Dearborn, MI, United States",,https://efds.fa.em5.oraclecloud.com/hcmUI/CandidateExperience/en/sites/CX_1/job/65513,2026-07-01,2026-07-01,2026-07-07T05:59:38+00:00,2026-07-06 22:59 Mon,,false,,,,false,oracle:Ford:65513
Ford:65637,Ford,Senior Production Supervisor,"Kansas City, MO, United States",,https://efds.fa.em5.oraclecloud.com/hcmUI/CandidateExperience/en/sites/CX_1/job/65637,2026-07-06,2026-07-06,2026-07-07T05:59:38+00:00,2026-07-06 22:59 Mon,,false,,,,false,oracle:Ford:65637
Ford:62516,Ford,Senior Production Supervisor,"Sterling Heights, MI, United States",,https://efds.fa.em5.oraclecloud.com/hcmUI/CandidateExperience/en/sites/CX_1/job/62516,2026-07-08,2026-07-08,2026-07-08T18:54:12+00:00,2026-07-08 11:54 Wed,,false,,,,false,oracle:Ford:62516
Ford:65640,Ford,Senior Production Supervisor,"Avon Lake, OH, United States",,https://efds.fa.em5.oraclecloud.com/hcmUI/CandidateExperience/en/sites/CX_1/job/65640,2026-07-09,2026-07-09,2026-07-09T21:36:09+00:00,2026-07-09 14:36 Thu,,false,,,,false,oracle:Ford:65640
Ford:65587,Ford,Senior Production Supervisor,"Sterling Heights, MI, United States",,https://efds.fa.em5.oraclecloud.com/hcmUI/CandidateExperience/en/sites/CX_1/job/65587,2026-08-06,2026-08-06,2026-08-06T15:42:32+00:00,2026-08-06 08:42 Thu,,false,,,,false,oracle:Ford:65587
Ford:67759,Ford,Senior Production Supervisor,"Brook Park, OH, United States",,https://efds.fa.em5.oraclecloud.com/hcmUI/CandidateExperience/en/sites/CX_1/job/67759,2026-08-12,2026-08-12,2026-08-13T00:17:56+00:00,2026-08-12 17:17 Wed,,false,,,,false,oracle:Ford:67759
Ford:67613,Ford,Senior Production Supervisor,"Dearborn, MI, United States",,https://efds.fa.em5.oraclecloud.com/hcmUI/CandidateExperience/en/sites/CX_1/job/67613,2026-08-14,2026-08-14,2026-08-14T12:17:41+00:00,2026-08-14 05:17 Fri,,false,,,,false,oracle:Ford:67613
Ford:69464,Ford,Senior Production Supervisor,"Dearborn, MI, United States",,https://efds.fa.em5.oraclecloud.com/hcmUI/CandidateExperience/en/sites/CX_1/job/69464,2026-09-01,2026-09-01,2026-09-01T20:14:15+00:00,2026-09-01 13:14 Tue,,false,,,,false,oracle:Ford:69464
Ford:70050,Ford,Senior Production Supervisor,"Sterling Heights, MI, United States",,https://efds.fa.em5.oraclecloud.com/hcmUI/CandidateExperience/en/sites/CX_1/job/70050,2026-09-04,2026-09-04,2026-09-05T03:03:34+00:00,2026-09-04 20:03 Fri,,false,,,,false,oracle:Ford:70050
Ford:68142,Ford,Senior Production Supervisor - MP&L Night Shift,"Dearborn, MI, United States",,https://efds.fa.em5.oraclecloud.com/hcmUI/CandidateExperience/en/sites/CX_1/job/68142,2026-08-21,2026-08-21,2026-08-21T20:18:10+00:00,2026-08-21 13:18 Fri,,false,,,,false,oracle:Ford:68142
Ford:67796,Ford,Senior Production Supervisor - Quality,"Brook Park, OH, United States",,https://efds.fa.em5.oraclecloud.com/hcmUI/CandidateExperience/en/sites/CX_1/job/67796,2026-08-11,2026-08-11,2026-08-11T18:59:59+00:00,2026-08-11 11:59 Tue,,false,,,,false,oracle:Ford:67796
Ford:69056,Ford,"Senior Production Supervisor, Ford Energy","Glendale, KY, United States",,https://efds.fa.em5.oraclecloud.com/hcmUI/CandidateExperience/en/sites/CX_1/job/69056,2026-08-20,2026-08-20,2026-08-20T19:09:12+00:00,2026-08-20 12:09 Thu,,false,,,,false,oracle:Ford:69056
Ford:66822,Ford,Senior Program Purchasing Manager,"Dearborn, MI, United States",,https://efds.fa.em5.oraclecloud.com/hcmUI/CandidateExperience/en/sites/CX_1/job/66822,2026-08-04,2026-08-04,2026-08-04T12:41:39+00:00,2026-08-04 05:41 Tue,,false,,,,false,oracle:Ford:66822
Ford:69101,Ford,Senior Sachbearbeiter Einkauf,"Köln, Nordrhein Westfalen, Germany",,https://efds.fa.em5.oraclecloud.com/hcmUI/CandidateExperience/en/sites/CX_1/job/69101,2026-08-27,2026-08-27,2026-08-27T13:59:34+00:00,2026-08-27 06:59 Thu,,false,,,,false,oracle:Ford:69101
Ford:67659,Ford,Senior Safety Investigations Engineer – Software and Electronics,"Dearborn, MI, United States",,https://efds.fa.em5.oraclecloud.com/hcmUI/CandidateExperience/en/sites/CX_1/job/67659,2026-07-27,2026-07-27,2026-08-03T09:21:28+00:00,2026-08-03 02:21 Mon,,false,,,,false,oracle:Ford:67659
Ford:68268,Ford,Senior Software Analyst,"Chennai, Tamil Nadu, India",,https://efds.fa.em5.oraclecloud.com/hcmUI/CandidateExperience/en/sites/CX_1/job/68268,2026-08-11,2026-08-11,2026-08-11T11:59:54+00:00,2026-08-11 04:59 Tue,,false,,,,false,oracle:Ford:68268
Ford:64642,Ford,Senior Software Developer in Test - HIL Engineer,"Palo Alto, CA, United States",,https://efds.fa.em5.oraclecloud.com/hcmUI/CandidateExperience/en/sites/CX_1/job/64642,2026-07-07,2026-07-07,2026-07-08T02:45:08+00:00,2026-07-07 19:45 Tue,,false,,,,false,oracle:Ford:64642
Ford:67231,Ford,"Senior Software Developer in Test, Infrastructure + Automation","Palo Alto, CA, United States",,https://efds.fa.em5.oraclecloud.com/hcmUI/CandidateExperience/en/sites/CX_1/job/67231,2026-07-17,2026-07-17,2026-07-17T14:41:53+00:00,2026-07-17 07:41 Fri,,false,,,,false,oracle:Ford:67231
Ford:65897,Ford,Senior Software Engineer,"Waterloo, ON, Canada",,https://efds.fa.em5.oraclecloud.com/hcmUI/CandidateExperience/en/sites/CX_1/job/65897,2026-07-01,2026-07-01,2026-07-07T05:59:38+00:00,2026-07-06 22:59 Mon,,false,,,,false,oracle:Ford:65897
Ford:64463,Ford,Senior Software Engineer,United States,,https://efds.fa.em5.oraclecloud.com/hcmUI/CandidateExperience/en/sites/CX_1/job/64463,2026-07-08,2026-07-08,2026-07-08T12:36:09+00:00,2026-07-08 05:36 Wed,Senior,true,,58,"The title is senior software engineering at Ford, but the description is generic with no concrete CV/AI/ML or technical requirements, while the candidate has solid mid-level CV/ML and backend experience but limited evidence of senior-level ownership for this unspecified role.",true,oracle:Ford:64463
Ford:65840,Ford,Senior Software Engineer,"Chennai, Tamil Nadu, India",,https://efds.fa.em5.oraclecloud.com/hcmUI/CandidateExperience/en/sites/CX_1/job/65840,2026-07-08,2026-07-08,2026-07-08T17:49:06+00:00,2026-07-08 10:49 Wed,,false,,,,false,oracle:Ford:65840
Ford:66516,Ford,Senior Software Engineer,"Chennai, Tamil Nadu, India",,https://efds.fa.em5.oraclecloud.com/hcmUI/CandidateExperience/en/sites/CX_1/job/66516,2026-07-10,2026-07-10,2026-07-10T17:37:16+00:00,2026-07-10 10:37 Fri,,false,,,,false,oracle:Ford:66516
Ford:66646,Ford,Senior Software Engineer,"Chennai, Tamil Nadu, India",,https://efds.fa.em5.oraclecloud.com/hcmUI/CandidateExperience/en/sites/CX_1/job/66646,2026-07-14,2026-07-14,2026-07-14T12:41:12+00:00,2026-07-14 05:41 Tue,,false,,,,false,oracle:Ford:66646
Ford:63841,Ford,Senior Software Engineer,"Chennai, Tamil Nadu, India",,https://efds.fa.em5.oraclecloud.com/hcmUI/CandidateExperience/en/sites/CX_1/job/63841,2026-07-14,2026-07-14,2026-07-14T19:17:18+00:00,2026-07-14 12:17 Tue,,false,,,,false,oracle:Ford:63841
Ford:66370,Ford,Senior Software Engineer,"Bangalore, Karnataka, India",,https://efds.fa.em5.oraclecloud.com/hcmUI/CandidateExperience/en/sites/CX_1/job/66370,2026-07-16,2026-07-16,2026-07-16T05:41:34+00:00,2026-07-15 22:41 Wed,,false,,,,false,oracle:Ford:66370
Ford:66832,Ford,Senior Software Engineer,"Dearborn, MI, United States",,https://efds.fa.em5.oraclecloud.com/hcmUI/CandidateExperience/en/sites/CX_1/job/66832,2026-07-23,2026-07-23,2026-07-23T18:41:36+00:00,2026-07-23 11:41 Thu,Computer Vision,true,Keyword,40,keyword-only heuristic,false,oracle:Ford:66832
Ford:66751,Ford,Senior Software Engineer,United States,,https://efds.fa.em5.oraclecloud.com/hcmUI/CandidateExperience/en/sites/CX_1/job/66751,2026-07-23,2026-07-23,2026-07-23T19:18:06+00:00,2026-07-23 12:18 Thu,Software Engineering,true,Keyword,40,keyword-only heuristic,false,oracle:Ford:66751
Ford:67311,Ford,Senior Software Engineer,"Chennai, Tamil Nadu, India",,https://efds.fa.em5.oraclecloud.com/hcmUI/CandidateExperience/en/sites/CX_1/job/67311,2026-09-02,2026-09-02,2026-07-31T05:41:28+00:00,2026-07-30 22:41 Thu,,false,,,,false,oracle:Ford:67311
Ford:67330,Ford,Senior Software Engineer,"Dearborn, MI, United States",,https://efds.fa.em5.oraclecloud.com/hcmUI/CandidateExperience/en/sites/CX_1/job/67330,2026-07-31,2026-07-31,2026-07-31T18:48:05+00:00,2026-07-31 11:48 Fri,Software Engineering,true,Keyword,40,keyword-only heuristic,false,oracle:Ford:67330
Ford:66727,Ford,Senior Software Engineer,"Dearborn, MI, United States",,https://efds.fa.em5.oraclecloud.com/hcmUI/CandidateExperience/en/sites/CX_1/job/66727,2026-08-03,2026-08-03,2026-08-03T16:41:48+00:00,2026-08-03 09:41 Mon,Software Engineering,true,Keyword,40,keyword-only heuristic,false,oracle:Ford:66727
Ford:68128,Ford,Senior Software Engineer,"Allen Park, MI, United States",,https://efds.fa.em5.oraclecloud.com/hcmUI/CandidateExperience/en/sites/CX_1/job/68128,2026-08-06,2026-08-06,2026-08-06T00:41:44+00:00,2026-08-05 17:41 Wed,Software Engineering,true,CLI,25,"The candidate has strong software, Python, data, and machine-learning experience but limited evidence of senior-level enterprise analytics engineering or automotive/GDIA domain experience.",false,oracle:Ford:68128
Ford:67807,Ford,Senior Software Engineer,"Chennai, Tamil Nadu, India",,https://efds.fa.em5.oraclecloud.com/hcmUI/CandidateExperience/en/sites/CX_1/job/67807,2026-08-07,2026-08-07,2026-08-07T13:59:45+00:00,2026-08-07 06:59 Fri,,false,,,,false,oracle:Ford:67807
Ford:66272,Ford,Senior Software Engineer,United States,,https://efds.fa.em5.oraclecloud.com/hcmUI/CandidateExperience/en/sites/CX_1/job/66272,2026-08-07,2026-08-07,2026-08-07T18:59:38+00:00,2026-08-07 11:59 Fri,,false,,,,false,oracle:Ford:66272
Ford:69493,Ford,Senior Software Engineer,"Chennai, Tamil Nadu, India",,https://efds.fa.em5.oraclecloud.com/hcmUI/CandidateExperience/en/sites/CX_1/job/69493,2026-08-27,2026-08-27,2026-08-21T13:10:37+00:00,2026-08-21 06:10 Fri,,false,,,,false,oracle:Ford:69493
Ford:69499,Ford,Senior Software Engineer,India,,https://efds.fa.em5.oraclecloud.com/hcmUI/CandidateExperience/en/sites/CX_1/job/69499,2026-08-24,2026-08-24,2026-08-24T06:41:31+00:00,2026-08-23 23:41 Sun,,false,,,,false,oracle:Ford:69499
Ford:69566,Ford,Senior Software Engineer,"Dearborn, MI, United States",,https://efds.fa.em5.oraclecloud.com/hcmUI/CandidateExperience/en/sites/CX_1/job/69566,2026-08-24,2026-08-24,2026-08-24T15:42:10+00:00,2026-08-24 08:42 Mon,Computer Vision,true,Keyword,70,keyword-only heuristic,true,oracle:Ford:69566
Ford:68441,Ford,Senior Software Engineer,"Dearborn, MI, United States",,https://efds.fa.em5.oraclecloud.com/hcmUI/CandidateExperience/en/sites/CX_1/job/68441,2026-08-27,2026-08-27,2026-08-27T14:41:02+00:00,2026-08-27 07:41 Thu,,false,,,,false,oracle:Ford:68441
Ford:69542,Ford,Senior Software Engineer,"Chennai, Tamil Nadu, India",,https://efds.fa.em5.oraclecloud.com/hcmUI/CandidateExperience/en/sites/CX_1/job/69542,2026-08-28,2026-08-28,2026-08-28T08:41:40+00:00,2026-08-28 01:41 Fri,,false,,,,false,oracle:Ford:69542
Ford:69696,Ford,Senior Software Engineer,India,,https://efds.fa.em5.oraclecloud.com/hcmUI/CandidateExperience/en/sites/CX_1/job/69696,2026-09-01,2026-09-01,2026-09-01T08:41:50+00:00,2026-09-01 01:41 Tue,,false,,,,false,oracle:Ford:69696
Ford:69728,Ford,Senior Software Engineer,United States,,https://efds.fa.em5.oraclecloud.com/hcmUI/CandidateExperience/en/sites/CX_1/job/69728,2026-09-03,2026-09-03,2026-09-03T04:50:24+00:00,2026-09-02 21:50 Wed,Software Engineering,true,CLI,35,"The candidate has solid software engineering, backend, distributed systems, Docker, database, and API experience, but lacks direct identity-platform, authentication, authorization, or enterprise customer-domain experience expected for a senior role.",false,oracle:Ford:69728
Ford:63718,Ford,Senior Software Engineer (SDET),"Chennai, Tamil Nadu, India",,https://efds.fa.em5.oraclecloud.com/hcmUI/CandidateExperience/en/sites/CX_1/job/63718,2026-08-04,2026-08-04,2026-08-04T13:41:48+00:00,2026-08-04 06:41 Tue,,false,,,,false,oracle:Ford:63718
Ford:69497,Ford,Senior Software Engineer (SDET),"Chennai, Tamil Nadu, India",,https://efds.fa.em5.oraclecloud.com/hcmUI/CandidateExperience/en/sites/CX_1/job/69497,2026-08-21,2026-08-21,2026-08-21T14:41:52+00:00,2026-08-21 07:41 Fri,,false,,,,false,oracle:Ford:69497
Ford:69435,Ford,Senior Software Engineer - AEM/Full Stack Technical Lead,"Dearborn, MI, United States",,https://efds.fa.em5.oraclecloud.com/hcmUI/CandidateExperience/en/sites/CX_1/job/69435,2026-08-25,2026-08-25,2026-08-25T16:07:48+00:00,2026-08-25 09:07 Tue,,false,,,,false,oracle:Ford:69435
Ford:69309,Ford,Senior Software Engineer - Front End Developer,"Chennai, Tamil Nadu, India",,https://efds.fa.em5.oraclecloud.com/hcmUI/CandidateExperience/en/sites/CX_1/job/69309,2026-09-02,2026-09-02,2026-09-01T07:59:36+00:00,2026-09-01 00:59 Tue,,false,,,,false,oracle:Ford:69309
Ford:67794,Ford,Senior Software Engineer - Java Full Stack,"Chennai, Tamil Nadu, India",,https://efds.fa.em5.oraclecloud.com/hcmUI/CandidateExperience/en/sites/CX_1/job/67794,2026-08-11,2026-08-11,2026-08-11T06:17:11+00:00,2026-08-10 23:17 Mon,,false,,,,false,oracle:Ford:67794
Ford:68593,Ford,Senior Software Engineer - PKI,United States,,https://efds.fa.em5.oraclecloud.com/hcmUI/CandidateExperience/en/sites/CX_1/job/68593,2026-08-24,2026-08-24,2026-08-24T15:17:39+00:00,2026-08-24 08:17 Mon,,false,,,,false,oracle:Ford:68593
Ford:62576,Ford,Senior Software Engineer -Ford Pro Intelligence,"Dearborn, MI, United States",,https://efds.fa.em5.oraclecloud.com/hcmUI/CandidateExperience/en/sites/CX_1/job/62576,2026-06-30,2026-06-30,2026-07-07T05:59:38+00:00,2026-07-06 22:59 Mon,Software Engineering,true,,58,"The role is clearly backend/platform software engineering with Java/Kotlin, Spring Boot, GCP, APIs, and IoT pipelines, while the candidate has relevant backend, Docker, Redis/MySQL, GCP, and strong programming experience but is weaker on Java/Kotlin Spring Boot, senior technical-anchor scope, and large-scale production services.",true,oracle:Ford:62576
Ford:66676,Ford,"Senior Software Engineer – Java, Cloud & APIs","Chennai, Tamil Nadu, India",,https://efds.fa.em5.oraclecloud.com/hcmUI/CandidateExperience/en/sites/CX_1/job/66676,2026-07-31,2026-07-31,2026-07-31T06:17:19+00:00,2026-07-30 23:17 Thu,,false,,,,false,oracle:Ford:66676
Ford:66574,Ford,"Senior Software Engineer — DevOps & Platform, AI Systems","Dearborn, MI, United States",,https://efds.fa.em5.oraclecloud.com/hcmUI/CandidateExperience/en/sites/CX_1/job/66574,2026-07-06,2026-07-06,2026-07-07T05:59:38+00:00,2026-07-06 22:59 Mon,Software Engineering,true,,62,"This is clearly a software engineering DevOps/platform role, and the candidate has strong Python/C++ engineering, Docker, backend, automation, and AI experience, but lacks clear senior-level platform, CI/CD, cloud infrastructure, and production DevOps ownership depth.",true,oracle:Ford:66574
Ford:67044,Ford,Senior Software Engineer- Platform & DevEx,India,,https://efds.fa.em5.oraclecloud.com/hcmUI/CandidateExperience/en/sites/CX_1/job/67044,2026-08-03,2026-08-03,2026-08-03T14:41:22+00:00,2026-08-03 07:41 Mon,,false,,,,false,oracle:Ford:67044
Ford:69139,Ford,Senior Software Engineering Manager,"Chennai, Tamil Nadu, India",,https://efds.fa.em5.oraclecloud.com/hcmUI/CandidateExperience/en/sites/CX_1/job/69139,2026-08-21,2026-08-21,2026-08-21T13:41:54+00:00,2026-08-21 06:41 Fri,,false,,,,false,oracle:Ford:69139
Ford:67312,Ford,"Senior Software Engineering Manager, Ford Pro Intelligence","Dearborn, MI, United States",,https://efds.fa.em5.oraclecloud.com/hcmUI/CandidateExperience/en/sites/CX_1/job/67312,2026-08-21,2026-08-21,2026-08-21T17:59:26+00:00,2026-08-21 10:59 Fri,,false,,,,false,oracle:Ford:67312
Ford:67859,Ford,"Senior Software Engineering Manager, FrontEnd and API",United States,,https://efds.fa.em5.oraclecloud.com/hcmUI/CandidateExperience/en/sites/CX_1/job/67859,2026-08-21,2026-08-21,2026-08-21T18:17:29+00:00,2026-08-21 11:17 Fri,,false,,,,false,oracle:Ford:67859
Ford:67903,Ford,Senior Software Test Engineer,"Bangalore, Karnataka, India",,https://efds.fa.em5.oraclecloud.com/hcmUI/CandidateExperience/en/sites/CX_1/job/67903,2026-08-25,2026-08-25,2026-08-25T05:41:30+00:00,2026-08-24 22:41 Mon,,false,,,,false,oracle:Ford:67903
Ford:64533,Ford,Senior Software Tester,"Allen Park, MI, United States",,https://efds.fa.em5.oraclecloud.com/hcmUI/CandidateExperience/en/sites/CX_1/job/64533,2026-07-16,2026-07-16,2026-07-16T18:23:57+00:00,2026-07-16 11:23 Thu,,false,,,,false,oracle:Ford:64533
Ford:66473,Ford,Senior Software Tools Developer,"Dearborn, MI, United States",,https://efds.fa.em5.oraclecloud.com/hcmUI/CandidateExperience/en/sites/CX_1/job/66473,2026-07-19,2026-07-19,2026-07-19T15:41:35+00:00,2026-07-19 08:41 Sun,,false,,,,false,oracle:Ford:66473
Ford:68962,Ford,"Senior Specialist Employee Relations, BlueOval Battery Park Michigan","Marshall, MI, United States",,https://efds.fa.em5.oraclecloud.com/hcmUI/CandidateExperience/en/sites/CX_1/job/68962,2026-08-20,2026-08-20,2026-08-20T10:41:32+00:00,2026-08-20 03:41 Thu,,false,,,,false,oracle:Ford:68962
Ford:66898,Ford,"Senior Specialist Employee Relations, Ford Energy","Glendale, KY, United States",,https://efds.fa.em5.oraclecloud.com/hcmUI/CandidateExperience/en/sites/CX_1/job/66898,2026-07-29,2026-07-29,2026-07-29T18:41:53+00:00,2026-07-29 11:41 Wed,,false,,,,false,oracle:Ford:66898
Ford:66444,Ford,"Senior Specialist, Employee Relations","Romulus, MI, United States",,https://efds.fa.em5.oraclecloud.com/hcmUI/CandidateExperience/en/sites/CX_1/job/66444,2026-07-10,2026-07-10,2026-07-10T17:37:16+00:00,2026-07-10 10:37 Fri,,false,,,,false,oracle:Ford:66444
Ford:69729,Ford,"Senior Specialist, Employee Relations","Ypsilanti, MI, United States",,https://efds.fa.em5.oraclecloud.com/hcmUI/CandidateExperience/en/sites/CX_1/job/69729,2026-09-01,2026-09-01,2026-09-02T05:20:28+00:00,2026-09-01 22:20 Tue,,false,,,,false,oracle:Ford:69729
Ford:69637,Ford,"Senior Specialist, Employee Relations","Mc Donough, GA, United States",,https://efds.fa.em5.oraclecloud.com/hcmUI/CandidateExperience/en/sites/CX_1/job/69637,2026-09-04,2026-09-04,2026-09-04T17:48:23+00:00,2026-09-04 10:48 Fri,,false,,,,false,oracle:Ford:69637
Ford:62141,Ford,"Senior Specialist, Employee Relations - Investigations","Chicago, IL, United States",,https://efds.fa.em5.oraclecloud.com/hcmUI/CandidateExperience/en/sites/CX_1/job/62141,2026-07-21,2026-07-21,2026-07-21T15:41:30+00:00,2026-07-21 08:41 Tue,,false,,,,false,oracle:Ford:62141
Ford:65257,Ford,"Senior Specialist, HR Business Partner","Dunton, Essex, United Kingdom",,https://efds.fa.em5.oraclecloud.com/hcmUI/CandidateExperience/en/sites/CX_1/job/65257,2026-06-30,2026-06-30,2026-07-07T05:59:38+00:00,2026-07-06 22:59 Mon,,false,,,,false,oracle:Ford:65257
Ford:66106,Ford,"Senior Specialist, HR Business Partner","Naucalpan de Juarez, MEX, Mexico",,https://efds.fa.em5.oraclecloud.com/hcmUI/CandidateExperience/en/sites/CX_1/job/66106,2026-06-30,2026-06-30,2026-07-07T05:59:38+00:00,2026-07-06 22:59 Mon,,false,,,,false,oracle:Ford:66106
Ford:67358,Ford,"Senior Specialist, HR Business Partner","Hermosillo, SON, Mexico",,https://efds.fa.em5.oraclecloud.com/hcmUI/CandidateExperience/en/sites/CX_1/job/67358,2026-08-14,2026-08-14,2026-08-14T22:39:25+00:00,2026-08-14 15:39 Fri,,false,,,,false,oracle:Ford:67358
Ford:66165,Ford,"Senior Specialist, HR Business Partner","Bangkok, Thailand",,https://efds.fa.em5.oraclecloud.com/hcmUI/CandidateExperience/en/sites/CX_1/job/66165,2026-08-31,2026-08-31,2026-08-31T00:31:15+00:00,2026-08-30 17:31 Sun,,false,,,,false,oracle:Ford:66165
Ford:70171,Ford,"Senior Specialist, HR Shared Service","Dearborn, MI, United States",,https://efds.fa.em5.oraclecloud.com/hcmUI/CandidateExperience/en/sites/CX_1/job/70171,2026-09-03,2026-09-03,2026-09-03T19:37:21+00:00,2026-09-03 12:37 Thu,,false,,,,false,oracle:Ford:70171
Ford:64620,Ford,"Senior Specialist, HR Technology","Dearborn, MI, United States",,https://efds.fa.em5.oraclecloud.com/hcmUI/CandidateExperience/en/sites/CX_1/job/64620,2026-07-08,2026-07-08,2026-07-08T20:54:07+00:00,2026-07-08 13:54 Wed,,false,,,,false,oracle:Ford:64620
Ford:67597,Ford,"Senior Specialist, Site Security","Windsor, ON, Canada",,https://efds.fa.em5.oraclecloud.com/hcmUI/CandidateExperience/en/sites/CX_1/job/67597,2026-08-06,2026-08-06,2026-08-06T13:59:29+00:00,2026-08-06 06:59 Thu,,false,,,,false,oracle:Ford:67597
Ford:68310,Ford,"Senior Specialist, Strategic Deployment & Transformation Roadmap","Dearborn, MI, United States",,https://efds.fa.em5.oraclecloud.com/hcmUI/CandidateExperience/en/sites/CX_1/job/68310,2026-08-12,2026-08-12,2026-08-12T15:59:58+00:00,2026-08-12 08:59 Wed,,false,,,,false,oracle:Ford:68310
Ford:68305,Ford,Senior Staff Business Architect,"Long Beach, CA, United States",,https://efds.fa.em5.oraclecloud.com/hcmUI/CandidateExperience/en/sites/CX_1/job/68305,2026-08-05,2026-08-05,2026-08-06T01:24:39+00:00,2026-08-05 18:24 Wed,,false,,,,false,oracle:Ford:68305
Ford:66302,Ford,Senior Strategic Buyer – Automotive Low Voltage Batteries & Electronics (BMS),"Naucalpan de Juarez, MEX, Mexico",,https://efds.fa.em5.oraclecloud.com/hcmUI/CandidateExperience/en/sites/CX_1/job/66302,2026-07-12,2026-07-12,2026-07-12T03:53:16+00:00,2026-07-11 20:53 Sat,,false,,,,false,oracle:Ford:66302
Ford:66337,Ford,Senior Supplier Risk Specialist – Manufacturing Operations,"Naucalpan de Juarez, MEX, Mexico",,https://efds.fa.em5.oraclecloud.com/hcmUI/CandidateExperience/en/sites/CX_1/job/66337,2026-08-19,2026-08-19,2026-07-16T02:17:36+00:00,2026-07-15 19:17 Wed,,false,,,,false,oracle:Ford:66337
Ford:67265,Ford,Senior Systems Engineer,"Dearborn, MI, United States",,https://efds.fa.em5.oraclecloud.com/hcmUI/CandidateExperience/en/sites/CX_1/job/67265,2026-08-14,2026-08-14,2026-08-14T20:41:46+00:00,2026-08-14 13:41 Fri,,false,,,,false,oracle:Ford:67265
Ford:66946,Ford,"Senior Tax Counsel - US Tax Planning, Controversy & Transactions","Dearborn, MI, United States",,https://efds.fa.em5.oraclecloud.com/hcmUI/CandidateExperience/en/sites/CX_1/job/66946,2026-07-27,2026-07-27,2026-07-27T15:17:47+00:00,2026-07-27 08:17 Mon,,false,,,,false,oracle:Ford:66946
Ford:67898,Ford,Senior Technical Anchor,"Chennai, Tamil Nadu, India",,https://efds.fa.em5.oraclecloud.com/hcmUI/CandidateExperience/en/sites/CX_1/job/67898,2026-09-01,2026-09-01,2026-09-01T09:17:24+00:00,2026-09-01 02:17 Tue,,false,,,,false,oracle:Ford:67898
Ford:66957,Ford,Senior Vehicle EE Integration Technician,"Long Beach, CA, United States",,https://efds.fa.em5.oraclecloud.com/hcmUI/CandidateExperience/en/sites/CX_1/job/66957,2026-07-20,2026-07-20,2026-07-20T18:17:25+00:00,2026-07-20 11:17 Mon,,false,,,,false,oracle:Ford:66957
Ford:67406,Ford,Senior Vehicle EE Integration Technician,"Long Beach, CA, United States",,https://efds.fa.em5.oraclecloud.com/hcmUI/CandidateExperience/en/sites/CX_1/job/67406,2026-07-27,2026-07-27,2026-07-27T15:17:47+00:00,2026-07-27 08:17 Mon,,false,,,,false,oracle:Ford:67406
Ford:69565,Ford,Senior Vehicle Integration & Test Engineer,"Phoenix, AZ, United States",,https://efds.fa.em5.oraclecloud.com/hcmUI/CandidateExperience/en/sites/CX_1/job/69565,2026-08-25,2026-08-25,2026-08-25T17:42:09+00:00,2026-08-25 10:42 Tue,Software Engineering,true,Keyword,79,keyword-only heuristic,true,oracle:Ford:69565
Ford:65976,Ford,Service and Project Coordinator,"Szentendre, Kozep-Magyarorszag, Hungary",,https://efds.fa.em5.oraclecloud.com/hcmUI/CandidateExperience/en/sites/CX_1/job/65976,2026-07-03,2026-07-03,2026-07-07T05:59:38+00:00,2026-07-06 22:59 Mon,,false,,,,false,oracle:Ford:65976
Ford:67591,Ford,Service Function Diagnostics Engineer,"Allen Park, MI, United States",,https://efds.fa.em5.oraclecloud.com/hcmUI/CandidateExperience/en/sites/CX_1/job/67591,2026-07-30,2026-07-30,2026-08-03T09:21:28+00:00,2026-08-03 02:21 Mon,,false,,,,false,oracle:Ford:67591
Ford:68001,Ford,Service Provider Oversight Analyst- Ford Credit Bank,"Salt Lake City, UT, United States",,https://efds.fa.em5.oraclecloud.com/hcmUI/CandidateExperience/en/sites/CX_1/job/68001,2026-08-05,2026-08-05,2026-08-06T01:24:39+00:00,2026-08-05 18:24 Wed,,false,,,,false,oracle:Ford:68001
Ford:68604,Ford,ServiceNow Software Developer,"Dearborn, MI, United States",,https://efds.fa.em5.oraclecloud.com/hcmUI/CandidateExperience/en/sites/CX_1/job/68604,2026-09-04,2026-09-04,2026-08-18T02:56:28+00:00,2026-08-17 19:56 Mon,,false,,,,false,oracle:Ford:68604
Ford:67169,Ford,SET Architecture Manager,"Dearborn, MI, United States",,https://efds.fa.em5.oraclecloud.com/hcmUI/CandidateExperience/en/sites/CX_1/job/67169,2026-08-11,2026-08-11,2026-08-11T12:41:30+00:00,2026-08-11 05:41 Tue,,false,,,,false,oracle:Ford:67169
Ford:69716,Ford,SET Leader,"Dearborn, MI, United States",,https://efds.fa.em5.oraclecloud.com/hcmUI/CandidateExperience/en/sites/CX_1/job/69716,2026-09-02,2026-09-02,2026-09-02T18:45:15+00:00,2026-09-02 11:45 Wed,,false,,,,false,oracle:Ford:69716
Ford:68930,Ford,Site Management Analyst,"BA, Brazil",,https://efds.fa.em5.oraclecloud.com/hcmUI/CandidateExperience/en/sites/CX_1/job/68930,2026-08-27,2026-08-27,2026-08-27T14:17:56+00:00,2026-08-27 07:17 Thu,,false,,,,false,oracle:Ford:68930
Ford:66193,Ford,Site Mgmt and End User Support,"Kansas City, MO, United States",,https://efds.fa.em5.oraclecloud.com/hcmUI/CandidateExperience/en/sites/CX_1/job/66193,2026-07-06,2026-07-06,2026-07-07T05:59:38+00:00,2026-07-06 22:59 Mon,,false,,,,false,oracle:Ford:66193
Ford:63057,Ford,Site Reliability Engineer,United States,,https://efds.fa.em5.oraclecloud.com/hcmUI/CandidateExperience/en/sites/CX_1/job/63057,2026-08-27,2026-08-27,2026-08-27T17:41:59+00:00,2026-08-27 10:41 Thu,,false,,,,false,oracle:Ford:63057
Ford:67816,Ford,Site STA,"Chennai, Tamil Nadu, India",,https://efds.fa.em5.oraclecloud.com/hcmUI/CandidateExperience/en/sites/CX_1/job/67816,2026-08-06,2026-08-06,2026-08-06T10:17:43+00:00,2026-08-06 03:17 Thu,,false,,,,false,oracle:Ford:67816
Ford:67814,Ford,Site STA,"Chennai, Tamil Nadu, India",,https://efds.fa.em5.oraclecloud.com/hcmUI/CandidateExperience/en/sites/CX_1/job/67814,2026-08-12,2026-08-12,2026-08-12T07:41:25+00:00,2026-08-12 00:41 Wed,,false,,,,false,oracle:Ford:67814
Ford:67822,Ford,Site STA,"Chennai, Tamil Nadu, India",,https://efds.fa.em5.oraclecloud.com/hcmUI/CandidateExperience/en/sites/CX_1/job/67822,2026-08-31,2026-08-31,2026-08-31T04:59:10+00:00,2026-08-30 21:59 Sun,,false,,,,false,oracle:Ford:67822
Ford:64748,Ford,Site STA Engineer,South Africa,,https://efds.fa.em5.oraclecloud.com/hcmUI/CandidateExperience/en/sites/CX_1/job/64748,2026-09-04,2026-09-04,2026-09-04T14:51:38+00:00,2026-09-04 07:51 Fri,,false,,,,false,oracle:Ford:64748
Ford:61181,Ford,Site STA Engineer - Electronics,"Dearborn, MI, United States",,https://efds.fa.em5.oraclecloud.com/hcmUI/CandidateExperience/en/sites/CX_1/job/61181,2026-06-29,2026-06-29,2026-07-07T05:59:38+00:00,2026-07-06 22:59 Mon,,false,,,,false,oracle:Ford:61181
Ford:66119,Ford,Six Sigma Black Belt,"Dearborn, MI, United States",,https://efds.fa.em5.oraclecloud.com/hcmUI/CandidateExperience/en/sites/CX_1/job/66119,2026-07-01,2026-07-01,2026-07-07T05:59:38+00:00,2026-07-06 22:59 Mon,,false,,,,false,oracle:Ford:66119
Ford:57896,Ford,Skilled Trade - Industrial Electrician - Sharonville Transmission Plant (STP),United States,,https://efds.fa.em5.oraclecloud.com/hcmUI/CandidateExperience/en/sites/CX_1/job/57896,2026-07-27,2026-07-27,2026-07-27T13:59:55+00:00,2026-07-27 06:59 Mon,,false,,,,false,oracle:Ford:57896
Ford:67153,Ford,"Skilled Trade - Millwright - Louisville, KY","Louisville, KY, United States",,https://efds.fa.em5.oraclecloud.com/hcmUI/CandidateExperience/en/sites/CX_1/job/67153,2026-07-16,2026-07-16,2026-07-16T11:41:17+00:00,2026-07-16 04:41 Thu,,false,,,,false,oracle:Ford:67153
Ford:66296,Ford,Skilled Trade - Plumber Pipefitter - Lima Engine Plant (LEP),"Lima, OH, United States",,https://efds.fa.em5.oraclecloud.com/hcmUI/CandidateExperience/en/sites/CX_1/job/66296,2026-07-07,2026-07-07,2026-07-07T13:43:37+00:00,2026-07-07 06:43 Tue,,false,,,,false,oracle:Ford:66296
Ford:51461,Ford,"Skilled Trade - Stationary Steam Engineer - Ohio Assembly Plant, Avon Lake OH","Avon Lake, OH, United States",,https://efds.fa.em5.oraclecloud.com/hcmUI/CandidateExperience/en/sites/CX_1/job/51461,2026-07-09,2026-07-09,2026-07-09T20:54:05+00:00,2026-07-09 13:54 Thu,,false,,,,false,oracle:Ford:51461
Ford:69601,Ford,Social Media Specialist,"Allen Park, MI, United States",,https://efds.fa.em5.oraclecloud.com/hcmUI/CandidateExperience/en/sites/CX_1/job/69601,2026-08-28,2026-08-28,2026-08-28T20:42:08+00:00,2026-08-28 13:42 Fri,,false,,,,false,oracle:Ford:69601
Ford:66467,Ford,Software Campaign Prevention Specialist,"Dearborn, MI, United States",,https://efds.fa.em5.oraclecloud.com/hcmUI/CandidateExperience/en/sites/CX_1/job/66467,2026-07-15,2026-07-15,2026-07-15T12:41:34+00:00,2026-07-15 05:41 Wed,,false,,,,false,oracle:Ford:66467
Ford:67517,Ford,Software Campaign Prevention Specialist,"Ottawa, ON, Canada",,https://efds.fa.em5.oraclecloud.com/hcmUI/CandidateExperience/en/sites/CX_1/job/67517,2026-08-07,2026-08-07,2026-08-07T17:00:09+00:00,2026-08-07 10:00 Fri,,false,,,,false,oracle:Ford:67517
Ford:66322,Ford,Software Design Engineer in Test,"Naucalpan de Juarez, MEX, Mexico",,https://efds.fa.em5.oraclecloud.com/hcmUI/CandidateExperience/en/sites/CX_1/job/66322,2026-07-08,2026-07-08,2026-07-08T17:36:16+00:00,2026-07-08 10:36 Wed,,false,,,,false,oracle:Ford:66322
Ford:63371,Ford,Software Developer,"Waterloo, ON, Canada",,https://efds.fa.em5.oraclecloud.com/hcmUI/CandidateExperience/en/sites/CX_1/job/63371,2026-07-29,2026-07-29,2026-07-29T14:59:13+00:00,2026-07-29 07:59 Wed,,false,,,,false,oracle:Ford:63371
Ford:67091,Ford,"Software Developer - Platform (Embedded, C++)","Ottawa, ON, Canada",,https://efds.fa.em5.oraclecloud.com/hcmUI/CandidateExperience/en/sites/CX_1/job/67091,2026-07-31,2026-07-31,2026-07-31T13:59:56+00:00,2026-07-31 06:59 Fri,,false,,,,false,oracle:Ford:67091
Ford:65108,Ford,Software Development Engineer,"Chennai, Tamil Nadu, India",,https://efds.fa.em5.oraclecloud.com/hcmUI/CandidateExperience/en/sites/CX_1/job/65108,2026-07-13,2026-07-13,2026-07-13T10:46:41+00:00,2026-07-13 03:46 Mon,,false,,,,false,oracle:Ford:65108
Ford:65434,Ford,Software Development Engineer,India,,https://efds.fa.em5.oraclecloud.com/hcmUI/CandidateExperience/en/sites/CX_1/job/65434,2026-07-28,2026-07-28,2026-07-28T05:41:21+00:00,2026-07-27 22:41 Mon,,false,,,,false,oracle:Ford:65434
Ford:67601,Ford,Software Development Engineer,"Chennai, Tamil Nadu, India",,https://efds.fa.em5.oraclecloud.com/hcmUI/CandidateExperience/en/sites/CX_1/job/67601,2026-07-30,2026-07-30,2026-07-30T07:59:22+00:00,2026-07-30 00:59 Thu,,false,,,,false,oracle:Ford:67601
Ford:69391,Ford,Software Development Engineer,"Chennai, Tamil Nadu, India",,https://efds.fa.em5.oraclecloud.com/hcmUI/CandidateExperience/en/sites/CX_1/job/69391,2026-08-25,2026-08-25,2026-08-25T05:59:36+00:00,2026-08-24 22:59 Mon,,false,,,,false,oracle:Ford:69391
Ford:69614,Ford,Software Development Engineer,"Chennai, Tamil Nadu, India",,https://efds.fa.em5.oraclecloud.com/hcmUI/CandidateExperience/en/sites/CX_1/job/69614,2026-08-31,2026-08-31,2026-08-31T05:59:24+00:00,2026-08-30 22:59 Sun,,false,,,,false,oracle:Ford:69614
Ford:66979,Ford,Software Development Engineer In Test,"Chennai, Tamil Nadu, India",,https://efds.fa.em5.oraclecloud.com/hcmUI/CandidateExperience/en/sites/CX_1/job/66979,2026-07-29,2026-07-29,2026-07-29T05:41:11+00:00,2026-07-28 22:41 Tue,,false,,,,false,oracle:Ford:66979
Ford:67508,Ford,Software Development Engineering,India,,https://efds.fa.em5.oraclecloud.com/hcmUI/CandidateExperience/en/sites/CX_1/job/67508,2026-07-27,2026-07-27,2026-07-27T05:59:17+00:00,2026-07-26 22:59 Sun,,false,,,,false,oracle:Ford:67508
Ford:66218,Ford,Software Engineer,India,,https://efds.fa.em5.oraclecloud.com/hcmUI/CandidateExperience/en/sites/CX_1/job/66218,2026-07-10,2026-07-10,2026-07-10T05:54:10+00:00,2026-07-09 22:54 Thu,,false,,,,false,oracle:Ford:66218
Ford:65557,Ford,Software Engineer,"Chennai, Tamil Nadu, India",,https://efds.fa.em5.oraclecloud.com/hcmUI/CandidateExperience/en/sites/CX_1/job/65557,2026-07-13,2026-07-13,2026-07-13T08:16:44+00:00,2026-07-13 01:16 Mon,,false,,,,false,oracle:Ford:65557
Ford:53797,Ford,Software Engineer,"MADRID, Madrid, Spain",,https://efds.fa.em5.oraclecloud.com/hcmUI/CandidateExperience/en/sites/CX_1/job/53797,2026-07-16,2026-07-16,2026-07-16T08:41:15+00:00,2026-07-16 01:41 Thu,,false,,,,false,oracle:Ford:53797
Ford:66753,Ford,Software Engineer,India,,https://efds.fa.em5.oraclecloud.com/hcmUI/CandidateExperience/en/sites/CX_1/job/66753,2026-07-16,2026-07-16,2026-07-16T14:42:01+00:00,2026-07-16 07:42 Thu,,false,,,,false,oracle:Ford:66753
Ford:66675,Ford,Software Engineer,"Chennai, Tamil Nadu, India",,https://efds.fa.em5.oraclecloud.com/hcmUI/CandidateExperience/en/sites/CX_1/job/66675,2026-07-19,2026-07-19,2026-07-19T15:12:16+00:00,2026-07-19 08:12 Sun,,false,,,,false,oracle:Ford:66675
Ford:66471,Ford,Software Engineer,"Dearborn, MI, United States",,https://efds.fa.em5.oraclecloud.com/hcmUI/CandidateExperience/en/sites/CX_1/job/66471,2026-07-19,2026-07-19,2026-07-19T16:13:23+00:00,2026-07-19 09:13 Sun,Software Engineering,true,Keyword,40,keyword-only heuristic,false,oracle:Ford:66471
Ford:66116,Ford,Software Engineer,"Chennai, Tamil Nadu, India",,https://efds.fa.em5.oraclecloud.com/hcmUI/CandidateExperience/en/sites/CX_1/job/66116,2026-07-20,2026-07-20,2026-07-20T09:41:54+00:00,2026-07-20 02:41 Mon,,false,,,,false,oracle:Ford:66116
Ford:66782,Ford,Software Engineer,"Chennai, Tamil Nadu, India",,https://efds.fa.em5.oraclecloud.com/hcmUI/CandidateExperience/en/sites/CX_1/job/66782,2026-07-21,2026-07-21,2026-07-21T09:41:12+00:00,2026-07-21 02:41 Tue,,false,,,,false,oracle:Ford:66782
Ford:66828,Ford,Software Engineer,"Chennai, Tamil Nadu, India",,https://efds.fa.em5.oraclecloud.com/hcmUI/CandidateExperience/en/sites/CX_1/job/66828,2026-07-22,2026-07-22,2026-07-22T09:17:25+00:00,2026-07-22 02:17 Wed,,false,,,,false,oracle:Ford:66828
Ford:66808,Ford,Software Engineer,"Chennai, Tamil Nadu, India",,https://efds.fa.em5.oraclecloud.com/hcmUI/CandidateExperience/en/sites/CX_1/job/66808,2026-07-22,2026-07-22,2026-07-22T09:41:21+00:00,2026-07-22 02:41 Wed,,false,,,,false,oracle:Ford:66808
Ford:66909,Ford,Software Engineer,"Chennai, Tamil Nadu, India",,https://efds.fa.em5.oraclecloud.com/hcmUI/CandidateExperience/en/sites/CX_1/job/66909,2026-07-27,2026-07-27,2026-07-27T05:59:17+00:00,2026-07-26 22:59 Sun,,false,,,,false,oracle:Ford:66909
Ford:67590,Ford,Software Engineer,India,,https://efds.fa.em5.oraclecloud.com/hcmUI/CandidateExperience/en/sites/CX_1/job/67590,2026-07-28,2026-07-28,2026-07-28T08:59:15+00:00,2026-07-28 01:59 Tue,,false,,,,false,oracle:Ford:67590
Ford:67171,Ford,Software Engineer,"Chennai, Tamil Nadu, India",,https://efds.fa.em5.oraclecloud.com/hcmUI/CandidateExperience/en/sites/CX_1/job/67171,2026-07-30,2026-07-30,2026-07-30T05:59:45+00:00,2026-07-29 22:59 Wed,,false,,,,false,oracle:Ford:67171
Ford:67426,Ford,Software Engineer,"Naucalpan de Juarez, MEX, Mexico",,https://efds.fa.em5.oraclecloud.com/hcmUI/CandidateExperience/en/sites/CX_1/job/67426,2026-08-04,2026-08-04,2026-08-04T17:41:54+00:00,2026-08-04 10:41 Tue,,false,,,,false,oracle:Ford:67426
Ford:67742,Ford,Software Engineer,"Chennai, Tamil Nadu, India",,https://efds.fa.em5.oraclecloud.com/hcmUI/CandidateExperience/en/sites/CX_1/job/67742,2026-08-05,2026-08-05,2026-08-05T12:17:24+00:00,2026-08-05 05:17 Wed,,false,,,,false,oracle:Ford:67742
Ford:67897,Ford,Software Engineer,"Dearborn, MI, United States",,https://efds.fa.em5.oraclecloud.com/hcmUI/CandidateExperience/en/sites/CX_1/job/67897,2026-08-05,2026-08-05,2026-08-05T14:17:51+00:00,2026-08-05 07:17 Wed,Software Engineering,true,CLI,43,"The candidate has strong Python/C++ development, AI/CV, REST/API, Docker, GCP, Git, and backend experience, but lacks the requested 7+ years, requirement-management tools, Tekton/CI/CD, SSO, and full-stack delivery background.",true,oracle:Ford:67897
Ford:67518,Ford,Software Engineer,"Chennai, Tamil Nadu, India",,https://efds.fa.em5.oraclecloud.com/hcmUI/CandidateExperience/en/sites/CX_1/job/67518,2026-08-05,2026-08-05,2026-08-05T17:42:19+00:00,2026-08-05 10:42 Wed,,false,,,,false,oracle:Ford:67518
Ford:67627,Ford,Software Engineer,"Chennai, Tamil Nadu, India",,https://efds.fa.em5.oraclecloud.com/hcmUI/CandidateExperience/en/sites/CX_1/job/67627,2026-08-07,2026-08-07,2026-08-07T09:40:47+00:00,2026-08-07 02:40 Fri,,false,,,,false,oracle:Ford:67627
Ford:67929,Ford,Software Engineer,"Chennai, Tamil Nadu, India",,https://efds.fa.em5.oraclecloud.com/hcmUI/CandidateExperience/en/sites/CX_1/job/67929,2026-08-10,2026-08-10,2026-08-10T07:41:41+00:00,2026-08-10 00:41 Mon,,false,,,,false,oracle:Ford:67929
Ford:68383,Ford,Software Engineer,India,,https://efds.fa.em5.oraclecloud.com/hcmUI/CandidateExperience/en/sites/CX_1/job/68383,2026-08-11,2026-08-11,2026-08-11T08:41:38+00:00,2026-08-11 01:41 Tue,,false,,,,false,oracle:Ford:68383
Ford:68332,Ford,Software Engineer,India,,https://efds.fa.em5.oraclecloud.com/hcmUI/CandidateExperience/en/sites/CX_1/job/68332,2026-08-11,2026-08-11,2026-08-11T08:59:30+00:00,2026-08-11 01:59 Tue,,false,,,,false,oracle:Ford:68332
Ford:68648,Ford,Software Engineer,India,,https://efds.fa.em5.oraclecloud.com/hcmUI/CandidateExperience/en/sites/CX_1/job/68648,2026-08-12,2026-08-12,2026-08-12T13:17:43+00:00,2026-08-12 06:17 Wed,,false,,,,false,oracle:Ford:68648
Ford:68364,Ford,Software Engineer,"Chennai, Tamil Nadu, India",,https://efds.fa.em5.oraclecloud.com/hcmUI/CandidateExperience/en/sites/CX_1/job/68364,2026-08-12,2026-08-12,2026-08-12T14:59:50+00:00,2026-08-12 07:59 Wed,,false,,,,false,oracle:Ford:68364
Ford:68386,Ford,Software Engineer,"Chennai, Tamil Nadu, India",,https://efds.fa.em5.oraclecloud.com/hcmUI/CandidateExperience/en/sites/CX_1/job/68386,2026-08-17,2026-08-17,2026-08-17T09:27:31+00:00,2026-08-17 02:27 Mon,,false,,,,false,oracle:Ford:68386
Ford:63813,Ford,Software Engineer,"Chennai, Tamil Nadu, India",,https://efds.fa.em5.oraclecloud.com/hcmUI/CandidateExperience/en/sites/CX_1/job/63813,2026-08-18,2026-08-18,2026-08-18T17:12:22+00:00,2026-08-18 10:12 Tue,,false,,,,false,oracle:Ford:63813
Ford:69179,Ford,Software Engineer,"Chennai, Tamil Nadu, India",,https://efds.fa.em5.oraclecloud.com/hcmUI/CandidateExperience/en/sites/CX_1/job/69179,2026-08-20,2026-08-20,2026-08-20T11:48:35+00:00,2026-08-20 04:48 Thu,,false,,,,false,oracle:Ford:69179
Ford:69429,Ford,Software Engineer,"Chennai, Tamil Nadu, India",,https://efds.fa.em5.oraclecloud.com/hcmUI/CandidateExperience/en/sites/CX_1/job/69429,2026-09-01,2026-09-01,2026-08-21T18:17:29+00:00,2026-08-21 11:17 Fri,,false,,,,false,oracle:Ford:69429
Ford:69490,Ford,Software Engineer,"Chennai, Tamil Nadu, India",,https://efds.fa.em5.oraclecloud.com/hcmUI/CandidateExperience/en/sites/CX_1/job/69490,2026-08-25,2026-08-25,2026-08-25T14:07:51+00:00,2026-08-25 07:07 Tue,,false,,,,false,oracle:Ford:69490
Ford:69445,Ford,Software Engineer,"Chennai, Tamil Nadu, India",,https://efds.fa.em5.oraclecloud.com/hcmUI/CandidateExperience/en/sites/CX_1/job/69445,2026-08-26,2026-08-26,2026-08-26T05:41:22+00:00,2026-08-25 22:41 Tue,,false,,,,false,oracle:Ford:69445
Ford:69070,Ford,Software Engineer,"Dearborn, MI, United States",,https://efds.fa.em5.oraclecloud.com/hcmUI/CandidateExperience/en/sites/CX_1/job/69070,2026-08-26,2026-08-26,2026-08-26T14:41:56+00:00,2026-08-26 07:41 Wed,Software Engineering,true,Keyword,51,title-only listing; auto-passed (no description to score),true,oracle:Ford:69070
Ford:68492,Ford,Software Engineer,"Naucalpan de Juarez, MEX, Mexico",,https://efds.fa.em5.oraclecloud.com/hcmUI/CandidateExperience/en/sites/CX_1/job/68492,2026-08-26,2026-08-26,2026-08-26T17:42:16+00:00,2026-08-26 10:42 Wed,,false,,,,false,oracle:Ford:68492
Ford:68550,Ford,Software Engineer,"Livonia, MI, United States",,https://efds.fa.em5.oraclecloud.com/hcmUI/CandidateExperience/en/sites/CX_1/job/68550,2026-09-04,2026-09-04,2026-08-26T18:42:07+00:00,2026-08-26 11:42 Wed,,false,,,,false,oracle:Ford:68550
Ford:69527,Ford,Software Engineer,"Livonia, MI, United States",,https://efds.fa.em5.oraclecloud.com/hcmUI/CandidateExperience/en/sites/CX_1/job/69527,2026-08-26,2026-08-26,2026-08-26T21:41:41+00:00,2026-08-26 14:41 Wed,Software Engineering,true,Keyword,73,keyword-only heuristic,true,oracle:Ford:69527
Ford:69303,Ford,Software Engineer,"Chennai, Tamil Nadu, India",,https://efds.fa.em5.oraclecloud.com/hcmUI/CandidateExperience/en/sites/CX_1/job/69303,2026-08-27,2026-08-27,2026-08-27T09:41:25+00:00,2026-08-27 02:41 Thu,,false,,,,false,oracle:Ford:69303
Ford:68981,Ford,Software Engineer,"Chennai, Tamil Nadu, India",,https://efds.fa.em5.oraclecloud.com/hcmUI/CandidateExperience/en/sites/CX_1/job/68981,2026-09-01,2026-09-01,2026-09-01T04:59:40+00:00,2026-08-31 21:59 Mon,,false,,,,false,oracle:Ford:68981
Ford:68983,Ford,Software Engineer,"Chennai, Tamil Nadu, India",,https://efds.fa.em5.oraclecloud.com/hcmUI/CandidateExperience/en/sites/CX_1/job/68983,2026-09-01,2026-09-01,2026-09-01T04:59:40+00:00,2026-08-31 21:59 Mon,,false,,,,false,oracle:Ford:68983
Ford:68537,Ford,Software Engineer,"Dearborn, MI, United States",,https://efds.fa.em5.oraclecloud.com/hcmUI/CandidateExperience/en/sites/CX_1/job/68537,2026-09-01,2026-09-01,2026-09-01T12:41:31+00:00,2026-09-01 05:41 Tue,Software Engineering,true,Keyword,51,title-only listing; auto-passed (no description to score),true,oracle:Ford:68537
Ford:66666,Ford,Software Engineer  Full-stack,"Dearborn, MI, United States",,https://efds.fa.em5.oraclecloud.com/hcmUI/CandidateExperience/en/sites/CX_1/job/66666,2026-07-23,2026-07-23,2026-07-23T17:17:32+00:00,2026-07-23 10:17 Thu,Software Engineering,true,Keyword,40,keyword-only heuristic,false,oracle:Ford:66666
Ford:65776,Ford,Software Engineer - Data Platform,"Chennai, Tamil Nadu, India",,https://efds.fa.em5.oraclecloud.com/hcmUI/CandidateExperience/en/sites/CX_1/job/65776,2026-07-07,2026-07-07,2026-07-08T02:45:08+00:00,2026-07-07 19:45 Tue,,false,,,,false,oracle:Ford:65776
Ford:68465,Ford,Software Engineer - Dealer Network & Employee Engagement,"Dearborn, MI, United States",,https://efds.fa.em5.oraclecloud.com/hcmUI/CandidateExperience/en/sites/CX_1/job/68465,2026-08-21,2026-08-21,2026-08-21T19:38:39+00:00,2026-08-21 12:38 Fri,,false,,,,false,oracle:Ford:68465
Ford:63749,Ford,Software Engineer - FCSD Tech,"Dearborn, MI, United States",,https://efds.fa.em5.oraclecloud.com/hcmUI/CandidateExperience/en/sites/CX_1/job/63749,2026-07-06,2026-07-06,2026-07-07T05:59:38+00:00,2026-07-06 22:59 Mon,Software Engineering,true,,72,"This is clearly a backend/full-stack API integration software engineering role, and the candidate has relevant backend, API, Docker, Redis, MySQL, and strong programming experience, though their strongest domain is computer vision/ML rather than enterprise full-stack integration systems.",true,oracle:Ford:63749
Ford:59992,Ford,Software Engineer - Ford Pro Tech,"Dearborn, MI, United States",,https://efds.fa.em5.oraclecloud.com/hcmUI/CandidateExperience/en/sites/CX_1/job/59992,2026-07-13,2026-07-13,2026-07-13T03:16:37+00:00,2026-07-12 20:16 Sun,Software Engineering,true,Keyword,52,keyword-only heuristic,true,oracle:Ford:59992
Ford:69308,Ford,Software Engineer - Front End Developer,"Chennai, Tamil Nadu, India",,https://efds.fa.em5.oraclecloud.com/hcmUI/CandidateExperience/en/sites/CX_1/job/69308,2026-09-01,2026-09-01,2026-09-01T07:59:36+00:00,2026-09-01 00:59 Tue,,false,,,,false,oracle:Ford:69308
Ford:63538,Ford,Software Engineer - Vehicle Connectivity & mobility (VC&M),"Dearborn, MI, United States",,https://efds.fa.em5.oraclecloud.com/hcmUI/CandidateExperience/en/sites/CX_1/job/63538,2026-06-30,2026-06-30,2026-07-07T05:59:38+00:00,2026-07-06 22:59 Mon,Software Engineering,true,,68,"This is clearly a backend/cloud software engineering role using Java and scalable services, and the candidate has strong Python/C++ plus some backend, Docker, Redis, MySQL, and load-balancing experience, but limited demonstrated Java production and cloud-native service ownership.",true,oracle:Ford:63538
Ford:69121,Ford,Software Engineer Manager,"Naucalpan de Juarez, MEX, Mexico",,https://efds.fa.em5.oraclecloud.com/hcmUI/CandidateExperience/en/sites/CX_1/job/69121,2026-08-24,2026-08-24,2026-08-24T18:59:22+00:00,2026-08-24 11:59 Mon,,false,,,,false,oracle:Ford:69121
Ford:66512,Ford,Software Engineer – Java Full Stack Development,"Bangalore, Karnataka, India",,https://efds.fa.em5.oraclecloud.com/hcmUI/CandidateExperience/en/sites/CX_1/job/66512,2026-07-29,2026-07-29,2026-07-29T16:41:46+00:00,2026-07-29 09:41 Wed,,false,,,,false,oracle:Ford:66512
Ford:69544,Ford,Software Engineer – Java Full Stack Development,"Chennai, Tamil Nadu, India",,https://efds.fa.em5.oraclecloud.com/hcmUI/CandidateExperience/en/sites/CX_1/job/69544,2026-08-24,2026-08-24,2026-08-24T12:17:44+00:00,2026-08-24 05:17 Mon,,false,,,,false,oracle:Ford:69544
Ford:67520,Ford,Software Engineer- Full Stack,"Dearborn, MI, United States",,https://efds.fa.em5.oraclecloud.com/hcmUI/CandidateExperience/en/sites/CX_1/job/67520,2026-08-13,2026-08-13,2026-08-13T16:19:27+00:00,2026-08-13 09:19 Thu,Software Engineering,true,Keyword,40,keyword-only heuristic,false,oracle:Ford:67520
Ford:65889,Ford,Software Engineering Manager,"Chennai, Tamil Nadu, India",,https://efds.fa.em5.oraclecloud.com/hcmUI/CandidateExperience/en/sites/CX_1/job/65889,2026-07-06,2026-07-06,2026-07-07T05:59:38+00:00,2026-07-06 22:59 Mon,,false,,,,false,oracle:Ford:65889
Ford:66053,Ford,Software Engineering Manager,"Chennai, Tamil Nadu, India",,https://efds.fa.em5.oraclecloud.com/hcmUI/CandidateExperience/en/sites/CX_1/job/66053,2026-08-03,2026-08-03,2026-08-03T08:00:42+00:00,2026-08-03 01:00 Mon,,false,,,,false,oracle:Ford:66053
Ford:68116,Ford,Software Engineering Manager,"NY, United States",,https://efds.fa.em5.oraclecloud.com/hcmUI/CandidateExperience/en/sites/CX_1/job/68116,2026-08-07,2026-08-07,2026-08-07T15:59:37+00:00,2026-08-07 08:59 Fri,,false,,,,false,oracle:Ford:68116
Ford:67259,Ford,Software Engineering Manager,"CA, United States",,https://efds.fa.em5.oraclecloud.com/hcmUI/CandidateExperience/en/sites/CX_1/job/67259,2026-08-10,2026-08-10,2026-08-10T17:17:34+00:00,2026-08-10 10:17 Mon,,false,,,,false,oracle:Ford:67259
Ford:68377,Ford,Software Engineering Manager,United States,,https://efds.fa.em5.oraclecloud.com/hcmUI/CandidateExperience/en/sites/CX_1/job/68377,2026-09-01,2026-09-01,2026-08-24T16:56:19+00:00,2026-08-24 09:56 Mon,Software Engineering,true,Keyword,51,title-only listing; auto-passed (no description to score),true,oracle:Ford:68377
Ford:69740,Ford,Software Engineering Manager,"Dearborn, MI, United States",,https://efds.fa.em5.oraclecloud.com/hcmUI/CandidateExperience/en/sites/CX_1/job/69740,2026-09-03,2026-09-03,2026-09-04T02:37:27+00:00,2026-09-03 19:37 Thu,,false,,,,false,oracle:Ford:69740
Ford:67183,Ford,Software Integration Test Engineer,"Naucalpan de Juarez, MEX, Mexico",,https://efds.fa.em5.oraclecloud.com/hcmUI/CandidateExperience/en/sites/CX_1/job/67183,2026-08-03,2026-08-03,2026-08-03T18:41:46+00:00,2026-08-03 11:41 Mon,,false,,,,false,oracle:Ford:67183
Ford:67837,Ford,Software Product Concern Engineer,"Allen Park, MI, United States",,https://efds.fa.em5.oraclecloud.com/hcmUI/CandidateExperience/en/sites/CX_1/job/67837,2026-08-28,2026-08-28,2026-08-28T15:42:10+00:00,2026-08-28 08:42 Fri,,false,,,,false,oracle:Ford:67837
Ford:66866,Ford,Software Quality Engineer,"Dearborn, MI, United States",,https://efds.fa.em5.oraclecloud.com/hcmUI/CandidateExperience/en/sites/CX_1/job/66866,2026-07-21,2026-07-21,2026-07-21T17:41:49+00:00,2026-07-21 10:41 Tue,,false,,,,false,oracle:Ford:66866
Ford:61409,Ford,Software Technical Specialist – Vehicle Controls Tools Development & Systems,"Dearborn, MI, United States",,https://efds.fa.em5.oraclecloud.com/hcmUI/CandidateExperience/en/sites/CX_1/job/61409,2026-08-21,2026-08-21,2026-08-21T01:41:26+00:00,2026-08-20 18:41 Thu,,false,,,,false,oracle:Ford:61409
Ford:68921,Ford,Solution Architect - IS,"Chennai, Tamil Nadu, India",,https://efds.fa.em5.oraclecloud.com/hcmUI/CandidateExperience/en/sites/CX_1/job/68921,2026-09-01,2026-09-01,2026-08-18T13:11:57+00:00,2026-08-18 06:11 Tue,,false,,,,false,oracle:Ford:68921
Ford:68572,Ford,"Solutions Architect, CRM","Dearborn, MI, United States",,https://efds.fa.em5.oraclecloud.com/hcmUI/CandidateExperience/en/sites/CX_1/job/68572,2026-08-20,2026-08-20,2026-08-20T15:41:51+00:00,2026-08-20 08:41 Thu,,false,,,,false,oracle:Ford:68572
Ford:64465,Ford,Solutions Engineer - Software Factory,"Dearborn, MI, United States",,https://efds.fa.em5.oraclecloud.com/hcmUI/CandidateExperience/en/sites/CX_1/job/64465,2026-07-24,2026-07-24,2026-07-24T20:17:22+00:00,2026-07-24 13:17 Fri,,false,,,,false,oracle:Ford:64465
Ford:69664,Ford,"Sourcing Manager - Energy Infrastructure Systems, Ford Energy","Dearborn, MI, United States",,https://efds.fa.em5.oraclecloud.com/hcmUI/CandidateExperience/en/sites/CX_1/job/69664,2026-09-02,2026-09-02,2026-09-03T04:50:24+00:00,2026-09-02 21:50 Wed,,false,,,,false,oracle:Ford:69664
Ford:67292,Ford,"Spanish-speaking HR Associate, HR Shared Service",Hungary,,https://efds.fa.em5.oraclecloud.com/hcmUI/CandidateExperience/en/sites/CX_1/job/67292,2026-07-20,2026-07-20,2026-07-20T13:41:40+00:00,2026-07-20 06:41 Mon,,false,,,,false,oracle:Ford:67292
Ford:64630,Ford,Specialist Digital Process Management & Automation,"Köln, Nordrhein Westfalen, Germany",,https://efds.fa.em5.oraclecloud.com/hcmUI/CandidateExperience/en/sites/CX_1/job/64630,2026-07-08,2026-07-08,2026-07-08T11:12:10+00:00,2026-07-08 04:12 Wed,,false,,,,false,oracle:Ford:64630
Ford:66818,Ford,"Specialist, Commercial  Service Marketing","Dearborn, MI, United States",,https://efds.fa.em5.oraclecloud.com/hcmUI/CandidateExperience/en/sites/CX_1/job/66818,2026-07-20,2026-07-20,2026-07-20T18:41:51+00:00,2026-07-20 11:41 Mon,,false,,,,false,oracle:Ford:66818
Ford:67874,Ford,"Specialist, Consumer Marketing Intelligence","Dearborn, MI, United States",,https://efds.fa.em5.oraclecloud.com/hcmUI/CandidateExperience/en/sites/CX_1/job/67874,2026-07-30,2026-07-30,2026-08-03T09:21:28+00:00,2026-08-03 02:21 Mon,,false,,,,false,oracle:Ford:67874
Ford:69576,Ford,"Specialist, Employee Relations","Chicago, IL, United States",,https://efds.fa.em5.oraclecloud.com/hcmUI/CandidateExperience/en/sites/CX_1/job/69576,2026-08-26,2026-08-26,2026-08-26T22:17:46+00:00,2026-08-26 15:17 Wed,,false,,,,false,oracle:Ford:69576
Ford:66778,Ford,"Specialist, Executive Protection","Dearborn, MI, United States",,https://efds.fa.em5.oraclecloud.com/hcmUI/CandidateExperience/en/sites/CX_1/job/66778,2026-08-05,2026-08-05,2026-08-05T19:41:59+00:00,2026-08-05 12:41 Wed,,false,,,,false,oracle:Ford:66778
Ford:69881,Ford,"Specialist, HR Technology","Naucalpan de Juarez, MEX, Mexico",,https://efds.fa.em5.oraclecloud.com/hcmUI/CandidateExperience/en/sites/CX_1/job/69881,2026-09-04,2026-09-04,2026-09-05T03:03:34+00:00,2026-09-04 20:03 Fri,,false,,,,false,oracle:Ford:69881
Ford:69412,Ford,"Specialist, Occupational Safety","Dearborn, MI, United States",,https://efds.fa.em5.oraclecloud.com/hcmUI/CandidateExperience/en/sites/CX_1/job/69412,2026-08-20,2026-08-20,2026-08-20T19:41:53+00:00,2026-08-20 12:41 Thu,,false,,,,false,oracle:Ford:69412
Ford:69594,Ford,"Specialist, PMO","Dearborn, MI, United States",,https://efds.fa.em5.oraclecloud.com/hcmUI/CandidateExperience/en/sites/CX_1/job/69594,2026-08-28,2026-08-28,2026-08-28T18:41:36+00:00,2026-08-28 11:41 Fri,,false,,,,false,oracle:Ford:69594
Ford:66563,Ford,"Specialist, Prospect Audience Design","Dearborn, MI, United States",,https://efds.fa.em5.oraclecloud.com/hcmUI/CandidateExperience/en/sites/CX_1/job/66563,2026-07-08,2026-07-08,2026-07-09T05:28:20+00:00,2026-07-08 22:28 Wed,,false,,,,false,oracle:Ford:66563
Ford:66179,Ford,Specialty Manager,"Denver, CO, United States",,https://efds.fa.em5.oraclecloud.com/hcmUI/CandidateExperience/en/sites/CX_1/job/66179,2026-07-06,2026-07-06,2026-07-07T05:59:38+00:00,2026-07-06 22:59 Mon,,false,,,,false,oracle:Ford:66179
Ford:64676,Ford,Spezialist*in Sales Planning & Reporting (m/w/d),"Köln, Nordrhein Westfalen, Germany",,https://efds.fa.em5.oraclecloud.com/hcmUI/CandidateExperience/en/sites/CX_1/job/64676,2026-06-30,2026-06-30,2026-07-07T05:59:38+00:00,2026-07-06 22:59 Mon,,false,,,,false,oracle:Ford:64676
Ford:66452,Ford,Sr Production Supervisor- Manufacturing,"Ypsilanti, MI, United States",,https://efds.fa.em5.oraclecloud.com/hcmUI/CandidateExperience/en/sites/CX_1/job/66452,2026-07-07,2026-07-07,2026-07-08T05:54:15+00:00,2026-07-07 22:54 Tue,,false,,,,false,oracle:Ford:66452
Ford:66264,Ford,Sr Production Supervisor- Stamping,"Woodhaven, MI, United States",,https://efds.fa.em5.oraclecloud.com/hcmUI/CandidateExperience/en/sites/CX_1/job/66264,2026-07-15,2026-07-15,2026-07-15T13:59:19+00:00,2026-07-15 06:59 Wed,,false,,,,false,oracle:Ford:66264
Ford:69526,Ford,Sr. Aerodyanamics Engineer,"Long Beach, CA, United States",,https://efds.fa.em5.oraclecloud.com/hcmUI/CandidateExperience/en/sites/CX_1/job/69526,2026-08-25,2026-08-25,2026-08-25T14:00:24+00:00,2026-08-25 07:00 Tue,Computer Vision,true,Keyword,55,keyword-only heuristic,true,oracle:Ford:69526
Ford:67163,Ford,Sr. DevOps Software Engineer — AI Applications,"Palo Alto, CA, United States",,https://efds.fa.em5.oraclecloud.com/hcmUI/CandidateExperience/en/sites/CX_1/job/67163,2026-08-27,2026-08-27,2026-08-27T19:17:50+00:00,2026-08-27 12:17 Thu,AI / ML,true,Keyword,58,keyword-only heuristic,true,oracle:Ford:67163
Ford:66343,Ford,"Sr. Director, AI Platform Engineering & Enablement","Dearborn, MI, United States",,https://efds.fa.em5.oraclecloud.com/hcmUI/CandidateExperience/en/sites/CX_1/job/66343,2026-07-08,2026-07-08,2026-07-08T16:12:06+00:00,2026-07-08 09:12 Wed,,false,,,,false,oracle:Ford:66343
Ford:69137,Ford,Sr. Electrical System Validation Engineer,"Long Beach, CA, United States",,https://efds.fa.em5.oraclecloud.com/hcmUI/CandidateExperience/en/sites/CX_1/job/69137,2026-08-24,2026-08-24,2026-08-24T21:17:37+00:00,2026-08-24 14:17 Mon,,false,,,,false,oracle:Ford:69137
Ford:69530,Ford,Sr. Full Stack Developer,"Dearborn, MI, United States",,https://efds.fa.em5.oraclecloud.com/hcmUI/CandidateExperience/en/sites/CX_1/job/69530,2026-09-03,2026-09-03,2026-09-04T02:37:27+00:00,2026-09-03 19:37 Thu,Software Engineering,true,CLI,32,"The candidate has strong Python, Java, Docker, GCP, databases, APIs, testing, and ML experience, but lacks substantial full-stack frontend, Spring Boot, React/Angular, OpenShift, Terraform, CI/CD, MBSE, and MagicDraw expertise, and has only about five years of experience versus the role's 10+ year senior requirement.",false,oracle:Ford:69530
Ford:67579,Ford,"Sr. Manager, Ford Pro N.A. Fleet Production","Detroit, MI, United States",,https://efds.fa.em5.oraclecloud.com/hcmUI/CandidateExperience/en/sites/CX_1/job/67579,2026-07-30,2026-07-30,2026-07-30T03:17:17+00:00,2026-07-29 20:17 Wed,,false,,,,false,oracle:Ford:67579
Ford:67580,Ford,"Sr. Manager, Ford Pro N.A. Sales Strategy","Detroit, MI, United States",,https://efds.fa.em5.oraclecloud.com/hcmUI/CandidateExperience/en/sites/CX_1/job/67580,2026-07-29,2026-07-29,2026-08-03T09:21:28+00:00,2026-08-03 02:21 Mon,,false,,,,false,oracle:Ford:67580
Ford:69741,Ford,"Sr. Product Manager, NVC Buy",United States,,https://efds.fa.em5.oraclecloud.com/hcmUI/CandidateExperience/en/sites/CX_1/job/69741,2026-09-01,2026-09-01,2026-09-01T19:42:05+00:00,2026-09-01 12:42 Tue,,false,,,,false,oracle:Ford:69741
Ford:63438,Ford,"Sr. Product Manager, Vehicle Health Alerts (VHA)",United States,,https://efds.fa.em5.oraclecloud.com/hcmUI/CandidateExperience/en/sites/CX_1/job/63438,2026-07-09,2026-07-09,2026-07-09T19:36:14+00:00,2026-07-09 12:36 Thu,,false,,,,false,oracle:Ford:63438
Ford:68081,Ford,"Sr. Specialist, Health Care Administration & UAW-Ford Joint Programs","Dearborn, MI, United States",,https://efds.fa.em5.oraclecloud.com/hcmUI/CandidateExperience/en/sites/CX_1/job/68081,2026-09-03,2026-09-03,2026-08-31T19:18:03+00:00,2026-08-31 12:18 Mon,,false,,,,false,oracle:Ford:68081
Ford:67936,Ford,Sr. Strategy Analyst,"Dearborn, MI, United States",,https://efds.fa.em5.oraclecloud.com/hcmUI/CandidateExperience/en/sites/CX_1/job/67936,2026-08-19,2026-08-19,2026-08-19T23:37:31+00:00,2026-08-19 16:37 Wed,,false,,,,false,oracle:Ford:67936
Ford:66564,Ford,SRE,"Chennai, Tamil Nadu, India",,https://efds.fa.em5.oraclecloud.com/hcmUI/CandidateExperience/en/sites/CX_1/job/66564,2026-07-23,2026-07-23,2026-07-23T08:17:26+00:00,2026-07-23 01:17 Thu,,false,,,,false,oracle:Ford:66564
Ford:66270,Ford,"STA Director, Interior","Dearborn, MI, United States",,https://efds.fa.em5.oraclecloud.com/hcmUI/CandidateExperience/en/sites/CX_1/job/66270,2026-07-06,2026-07-06,2026-07-07T05:59:38+00:00,2026-07-06 22:59 Mon,,false,,,,false,oracle:Ford:66270
Ford:64899,Ford,STA Engineer - VO Resident (LAP),"Louisville, KY, United States",,https://efds.fa.em5.oraclecloud.com/hcmUI/CandidateExperience/en/sites/CX_1/job/64899,2026-06-30,2026-06-30,2026-07-07T05:59:38+00:00,2026-07-06 22:59 Mon,,false,,,,false,oracle:Ford:64899
Ford:69484,Ford,STA Engineer Quality – Electrical & Electronics,"Chennai, Tamil Nadu, India",,https://efds.fa.em5.oraclecloud.com/hcmUI/CandidateExperience/en/sites/CX_1/job/69484,2026-09-05,2026-09-05,2026-09-05T15:15:14+00:00,2026-09-05 08:15 Sat,,false,,,,false,oracle:Ford:69484
Ford:67187,Ford,STA Launch Engineer,"Dearborn, MI, United States",,https://efds.fa.em5.oraclecloud.com/hcmUI/CandidateExperience/en/sites/CX_1/job/67187,2026-07-29,2026-07-29,2026-07-29T14:59:13+00:00,2026-07-29 07:59 Wed,,false,,,,false,oracle:Ford:67187
Ford:67795,Ford,STA Launch Manager,"Oakville, ON, Canada",,https://efds.fa.em5.oraclecloud.com/hcmUI/CandidateExperience/en/sites/CX_1/job/67795,2026-08-06,2026-08-06,2026-08-06T14:41:55+00:00,2026-08-06 07:41 Thu,,false,,,,false,oracle:Ford:67795
Ford:68093,Ford,STA Product  - SW Engineer,"Dearborn, MI, United States",,https://efds.fa.em5.oraclecloud.com/hcmUI/CandidateExperience/en/sites/CX_1/job/68093,2026-08-18,2026-08-18,2026-08-18T19:12:41+00:00,2026-08-18 12:12 Tue,,false,,,,false,oracle:Ford:68093
Ford:67379,Ford,STA Resident Manager,South Africa,,https://efds.fa.em5.oraclecloud.com/hcmUI/CandidateExperience/en/sites/CX_1/job/67379,2026-07-30,2026-07-30,2026-07-21T13:59:30+00:00,2026-07-21 06:59 Tue,,false,,,,false,oracle:Ford:67379
Ford:65878,Ford,STA Site Engineer,"Naucalpan de Juarez, MEX, Mexico",,https://efds.fa.em5.oraclecloud.com/hcmUI/CandidateExperience/en/sites/CX_1/job/65878,2026-07-01,2026-07-01,2026-07-07T05:59:38+00:00,2026-07-06 22:59 Mon,,false,,,,false,oracle:Ford:65878
Ford:66220,Ford,STA Site Engineer - Electronics,"Naucalpan de Juarez, MEX, Mexico",,https://efds.fa.em5.oraclecloud.com/hcmUI/CandidateExperience/en/sites/CX_1/job/66220,2026-09-04,2026-09-04,2026-07-07T05:59:38+00:00,2026-07-06 22:59 Mon,,false,,,,false,oracle:Ford:66220
Ford:69636,Ford,Staff Android Application Developer,"Palo Alto, CA, United States",,https://efds.fa.em5.oraclecloud.com/hcmUI/CandidateExperience/en/sites/CX_1/job/69636,2026-08-25,2026-08-25,2026-08-25T14:41:40+00:00,2026-08-25 07:41 Tue,,false,,,,false,oracle:Ford:69636
Ford:69638,Ford,Staff Android Framework Developer,"Palo Alto, CA, United States",,https://efds.fa.em5.oraclecloud.com/hcmUI/CandidateExperience/en/sites/CX_1/job/69638,2026-08-25,2026-08-25,2026-08-25T14:41:40+00:00,2026-08-25 07:41 Tue,,false,,,,false,oracle:Ford:69638
Ford:69513,Ford,Staff Battery Cell Engineer,"Long Beach, CA, United States",,https://efds.fa.em5.oraclecloud.com/hcmUI/CandidateExperience/en/sites/CX_1/job/69513,2026-08-24,2026-08-24,2026-08-24T19:41:35+00:00,2026-08-24 12:41 Mon,,false,,,,false,oracle:Ford:69513
Ford:66319,Ford,Staff Battery Modeling Engineer,"Long Beach, CA, United States",,https://efds.fa.em5.oraclecloud.com/hcmUI/CandidateExperience/en/sites/CX_1/job/66319,2026-07-07,2026-07-07,2026-07-08T02:45:08+00:00,2026-07-07 19:45 Tue,,false,,,,false,oracle:Ford:66319
Ford:67772,Ford,Staff Camera Software Engineer,"Palo Alto, CA, United States",,https://efds.fa.em5.oraclecloud.com/hcmUI/CandidateExperience/en/sites/CX_1/job/67772,2026-07-29,2026-07-29,2026-08-03T09:21:28+00:00,2026-08-03 02:21 Mon,,false,,,,false,oracle:Ford:67772
Ford:67958,Ford,Staff Craftsmanship Engineer,"Long Beach, CA, United States",,https://efds.fa.em5.oraclecloud.com/hcmUI/CandidateExperience/en/sites/CX_1/job/67958,2026-08-04,2026-08-04,2026-08-04T14:59:41+00:00,2026-08-04 07:59 Tue,,false,,,,false,oracle:Ford:67958
Ford:66396,Ford,Staff Data Platform and Products Architect,"Dearborn, MI, United States",,https://efds.fa.em5.oraclecloud.com/hcmUI/CandidateExperience/en/sites/CX_1/job/66396,2026-08-06,2026-08-06,2026-08-06T21:59:37+00:00,2026-08-06 14:59 Thu,,false,,,,false,oracle:Ford:66396
Ford:69878,Ford,Staff Diagnostics and Embedded Cyber Security Engineer,"Palo Alto, CA, United States",,https://efds.fa.em5.oraclecloud.com/hcmUI/CandidateExperience/en/sites/CX_1/job/69878,2026-08-28,2026-08-28,2026-08-28T20:59:32+00:00,2026-08-28 13:59 Fri,,false,,,,false,oracle:Ford:69878
Ford:69523,Ford,Staff Electrical Systems Architecture Engineer,"Allen Park, MI, United States",,https://efds.fa.em5.oraclecloud.com/hcmUI/CandidateExperience/en/sites/CX_1/job/69523,2026-08-24,2026-08-24,2026-08-24T21:49:22+00:00,2026-08-24 14:49 Mon,,false,,,,false,oracle:Ford:69523
Ford:69524,Ford,Staff Electrical Systems Technical Program Manager,"Long Beach, CA, United States",,https://efds.fa.em5.oraclecloud.com/hcmUI/CandidateExperience/en/sites/CX_1/job/69524,2026-08-24,2026-08-24,2026-08-24T22:41:24+00:00,2026-08-24 15:41 Mon,,false,,,,false,oracle:Ford:69524
Ford:66344,Ford,"Staff Embedded Controls Engineer, Body Controls","Palo Alto, CA, United States",,https://efds.fa.em5.oraclecloud.com/hcmUI/CandidateExperience/en/sites/CX_1/job/66344,2026-07-02,2026-07-02,2026-07-07T05:59:38+00:00,2026-07-06 22:59 Mon,,false,,,,false,oracle:Ford:66344
Ford:66330,Ford,"Staff Embedded Controls Engineer, Vehicle Motion","Palo Alto, CA, United States",,https://efds.fa.em5.oraclecloud.com/hcmUI/CandidateExperience/en/sites/CX_1/job/66330,2026-07-01,2026-07-01,2026-07-07T05:59:38+00:00,2026-07-06 22:59 Mon,,false,,,,false,oracle:Ford:66330
Ford:60791,Ford,Staff Embedded Platform Engineer,"Long Beach, CA, United States",,https://efds.fa.em5.oraclecloud.com/hcmUI/CandidateExperience/en/sites/CX_1/job/60791,2026-06-30,2026-06-30,2026-07-07T05:59:38+00:00,2026-07-06 22:59 Mon,,false,,,,false,oracle:Ford:60791
Ford:66624,Ford,Staff Embedded Platform Engineer,"Long Beach, CA, United States",,https://efds.fa.em5.oraclecloud.com/hcmUI/CandidateExperience/en/sites/CX_1/job/66624,2026-07-07,2026-07-07,2026-07-08T05:54:15+00:00,2026-07-07 22:54 Tue,,false,,,,false,oracle:Ford:66624
Ford:68617,Ford,Staff Embedded Platform Engineer,"Palo Alto, CA, United States",,https://efds.fa.em5.oraclecloud.com/hcmUI/CandidateExperience/en/sites/CX_1/job/68617,2026-08-14,2026-08-14,2026-08-14T15:00:09+00:00,2026-08-14 08:00 Fri,,false,,,,false,oracle:Ford:68617
Ford:68951,Ford,Staff Embedded Software Engineer,"Long Beach, CA, United States",,https://efds.fa.em5.oraclecloud.com/hcmUI/CandidateExperience/en/sites/CX_1/job/68951,2026-08-17,2026-08-17,2026-08-17T15:39:40+00:00,2026-08-17 08:39 Mon,,false,,,,false,oracle:Ford:68951
Ford:65694,Ford,Staff Engineer,"Chennai, Tamil Nadu, India",,https://efds.fa.em5.oraclecloud.com/hcmUI/CandidateExperience/en/sites/CX_1/job/65694,2026-07-10,2026-07-10,2026-07-10T07:12:04+00:00,2026-07-10 00:12 Fri,,false,,,,false,oracle:Ford:65694
Ford:66386,Ford,Staff Engineer,"Chennai, Tamil Nadu, India",,https://efds.fa.em5.oraclecloud.com/hcmUI/CandidateExperience/en/sites/CX_1/job/66386,2026-08-05,2026-08-05,2026-08-05T11:59:39+00:00,2026-08-05 04:59 Wed,,false,,,,false,oracle:Ford:66386
Ford:66567,Ford,Staff EPAS System Integration Engineer,"Palo Alto, CA, United States",,https://efds.fa.em5.oraclecloud.com/hcmUI/CandidateExperience/en/sites/CX_1/job/66567,2026-07-08,2026-07-08,2026-07-09T05:28:20+00:00,2026-07-08 22:28 Wed,,false,,,,false,oracle:Ford:66567
Ford:69723,Ford,Staff Functional Safety Engineer,"Long Beach, CA, United States",,https://efds.fa.em5.oraclecloud.com/hcmUI/CandidateExperience/en/sites/CX_1/job/69723,2026-08-26,2026-08-26,2026-08-26T18:42:07+00:00,2026-08-26 11:42 Wed,,false,,,,false,oracle:Ford:69723
Ford:69520,Ford,Staff High Voltage System Architect and Simulation Engineer,"Allen Park, MI, United States",,https://efds.fa.em5.oraclecloud.com/hcmUI/CandidateExperience/en/sites/CX_1/job/69520,2026-08-24,2026-08-24,2026-08-24T21:41:45+00:00,2026-08-24 14:41 Mon,,false,,,,false,oracle:Ford:69520
Ford:69522,Ford,Staff HV Electrical System Validation Engineer,"Allen Park, MI, United States",,https://efds.fa.em5.oraclecloud.com/hcmUI/CandidateExperience/en/sites/CX_1/job/69522,2026-08-24,2026-08-24,2026-08-24T21:41:45+00:00,2026-08-24 14:41 Mon,,false,,,,false,oracle:Ford:69522
Ford:66329,Ford,Staff Mechanical Design Engineer,"Long Beach, CA, United States",,https://efds.fa.em5.oraclecloud.com/hcmUI/CandidateExperience/en/sites/CX_1/job/66329,2026-07-08,2026-07-08,2026-07-09T05:28:20+00:00,2026-07-08 22:28 Wed,,false,,,,false,oracle:Ford:66329
Ford:69382,Ford,Staff Power Electronics Engineer,"Long Beach, CA, United States",,https://efds.fa.em5.oraclecloud.com/hcmUI/CandidateExperience/en/sites/CX_1/job/69382,2026-08-21,2026-08-21,2026-08-21T18:41:50+00:00,2026-08-21 11:41 Fri,,false,,,,false,oracle:Ford:69382
Ford:69053,Ford,Staff Powertrain Electromagnetics Design Engineer,"Palo Alto, CA, United States",,https://efds.fa.em5.oraclecloud.com/hcmUI/CandidateExperience/en/sites/CX_1/job/69053,2026-08-21,2026-08-21,2026-08-21T20:40:40+00:00,2026-08-21 13:40 Fri,,false,,,,false,oracle:Ford:69053
Ford:66317,Ford,Staff Powertrain Performance Engineer,"Long Beach, CA, United States",,https://efds.fa.em5.oraclecloud.com/hcmUI/CandidateExperience/en/sites/CX_1/job/66317,2026-07-07,2026-07-07,2026-07-08T02:45:08+00:00,2026-07-07 19:45 Tue,,false,,,,false,oracle:Ford:66317
Ford:66244,Ford,Staff Rust Software Engineer,"Palo Alto, CA, United States",,https://efds.fa.em5.oraclecloud.com/hcmUI/CandidateExperience/en/sites/CX_1/job/66244,2026-08-10,2026-08-10,2026-08-10T23:15:15+00:00,2026-08-10 16:15 Mon,,false,,,,false,oracle:Ford:66244
Ford:66021,Ford,Staff Software Engineer - Salesforce,"FL, United States",,https://efds.fa.em5.oraclecloud.com/hcmUI/CandidateExperience/en/sites/CX_1/job/66021,2026-07-02,2026-07-02,2026-07-07T05:59:38+00:00,2026-07-06 22:59 Mon,,false,,,,false,oracle:Ford:66021
Ford:66328,Ford,Staff Supplier Software Integration Engineer,"Palo Alto, CA, United States",,https://efds.fa.em5.oraclecloud.com/hcmUI/CandidateExperience/en/sites/CX_1/job/66328,2026-07-01,2026-07-01,2026-07-07T05:59:38+00:00,2026-07-06 22:59 Mon,,false,,,,false,oracle:Ford:66328
Ford:67873,Ford,Staff Systems Integration Engineer - IVI Software,"Palo Alto, CA, United States",,https://efds.fa.em5.oraclecloud.com/hcmUI/CandidateExperience/en/sites/CX_1/job/67873,2026-08-07,2026-08-07,2026-08-07T21:00:12+00:00,2026-08-07 14:00 Fri,,false,,,,false,oracle:Ford:67873
Ford:67592,Ford,Staff TAX VAT Analyst,"Naucalpan de Juarez, MEX, Mexico",,https://efds.fa.em5.oraclecloud.com/hcmUI/CandidateExperience/en/sites/CX_1/job/67592,2026-08-05,2026-08-05,2026-08-06T01:24:39+00:00,2026-08-05 18:24 Wed,,false,,,,false,oracle:Ford:67592
Ford:64456,Ford,Staff Technical Program Manager,"Dearborn, MI, United States",,https://efds.fa.em5.oraclecloud.com/hcmUI/CandidateExperience/en/sites/CX_1/job/64456,2026-08-19,2026-08-19,2026-07-07T05:59:38+00:00,2026-07-06 22:59 Mon,,false,,,,false,oracle:Ford:64456
Ford:68345,Ford,Staff Technical Program Manager - Cloud & Mobile,"Dearborn, MI, United States",,https://efds.fa.em5.oraclecloud.com/hcmUI/CandidateExperience/en/sites/CX_1/job/68345,2026-08-13,2026-08-13,2026-08-13T19:59:56+00:00,2026-08-13 12:59 Thu,,false,,,,false,oracle:Ford:68345
Ford:68101,Ford,Staff Vehicle Integration Mechanical Engineer,"Long Beach, CA, United States",,https://efds.fa.em5.oraclecloud.com/hcmUI/CandidateExperience/en/sites/CX_1/job/68101,2026-08-13,2026-08-13,2026-08-13T14:41:47+00:00,2026-08-13 07:41 Thu,,false,,,,false,oracle:Ford:68101
Ford:69929,Ford,Staff Vehicle Planning & Strategy Program Manager,"Long Beach, CA, United States",,https://efds.fa.em5.oraclecloud.com/hcmUI/CandidateExperience/en/sites/CX_1/job/69929,2026-08-31,2026-08-31,2026-08-31T18:17:43+00:00,2026-08-31 11:17 Mon,,false,,,,false,oracle:Ford:69929
Ford:66406,Ford,Staff Vehicle Software Integration & Test Engineer,"Palo Alto, CA, United States",,https://efds.fa.em5.oraclecloud.com/hcmUI/CandidateExperience/en/sites/CX_1/job/66406,2026-07-06,2026-07-06,2026-07-07T05:59:38+00:00,2026-07-06 22:59 Mon,,false,,,,false,oracle:Ford:66406
Ford:69135,Ford,Steering Program Control Engineer,"Naucalpan de Juarez, MEX, Mexico",,https://efds.fa.em5.oraclecloud.com/hcmUI/CandidateExperience/en/sites/CX_1/job/69135,2026-08-26,2026-08-26,2026-08-26T20:17:58+00:00,2026-08-26 13:17 Wed,,false,,,,false,oracle:Ford:69135
Ford:66475,Ford,Strategic Buyer - Raw Materials - Metals,"Dearborn, MI, United States",,https://efds.fa.em5.oraclecloud.com/hcmUI/CandidateExperience/en/sites/CX_1/job/66475,2026-07-02,2026-07-02,2026-07-07T05:59:38+00:00,2026-07-06 22:59 Mon,,false,,,,false,oracle:Ford:66475
Ford:66134,Ford,Strategic Sourcing Analyst,"Dearborn, MI, United States",,https://efds.fa.em5.oraclecloud.com/hcmUI/CandidateExperience/en/sites/CX_1/job/66134,2026-07-01,2026-07-01,2026-07-07T05:59:38+00:00,2026-07-06 22:59 Mon,,false,,,,false,oracle:Ford:66134
Ford:67538,Ford,Strategic Sourcing Analyst,"Dearborn, MI, United States",,https://efds.fa.em5.oraclecloud.com/hcmUI/CandidateExperience/en/sites/CX_1/job/67538,2026-08-14,2026-08-14,2026-08-14T15:17:25+00:00,2026-08-14 08:17 Fri,,false,,,,false,oracle:Ford:67538
Ford:68785,Ford,Strategy Manager,"Dearborn, MI, United States",,https://efds.fa.em5.oraclecloud.com/hcmUI/CandidateExperience/en/sites/CX_1/job/68785,2026-08-18,2026-08-18,2026-08-18T16:30:57+00:00,2026-08-18 09:30 Tue,,false,,,,false,oracle:Ford:68785
Ford:66345,Ford,Studio Engineer Supervisor,"Long Beach, CA, United States",,https://efds.fa.em5.oraclecloud.com/hcmUI/CandidateExperience/en/sites/CX_1/job/66345,2026-07-13,2026-07-13,2026-07-13T16:12:44+00:00,2026-07-13 09:12 Mon,,false,,,,false,oracle:Ford:66345
Ford:67663,Ford,Studio X Chief Designer,"Dearborn, MI, United States",,https://efds.fa.em5.oraclecloud.com/hcmUI/CandidateExperience/en/sites/CX_1/job/67663,2026-08-10,2026-08-10,2026-08-10T14:07:17+00:00,2026-08-10 07:07 Mon,,false,,,,false,oracle:Ford:67663
Ford:68486,Ford,Subscriptions Revenue Platform Engineering Manager,"Dearborn, MI, United States",,https://efds.fa.em5.oraclecloud.com/hcmUI/CandidateExperience/en/sites/CX_1/job/68486,2026-08-19,2026-08-19,2026-08-19T14:21:29+00:00,2026-08-19 07:21 Wed,,false,,,,false,oracle:Ford:68486
Ford:67431,Ford,Superintendent,"Houston, TX, United States",,https://efds.fa.em5.oraclecloud.com/hcmUI/CandidateExperience/en/sites/CX_1/job/67431,2026-07-29,2026-07-29,2026-07-29T14:41:46+00:00,2026-07-29 07:41 Wed,,false,,,,false,oracle:Ford:67431
Ford:68148,Ford,Superintendent,"Shawnee, KS, United States",,https://efds.fa.em5.oraclecloud.com/hcmUI/CandidateExperience/en/sites/CX_1/job/68148,2026-09-03,2026-09-03,2026-09-04T02:37:27+00:00,2026-09-03 19:37 Thu,,false,,,,false,oracle:Ford:68148
Ford:65200,Ford,Supervisor - Research & Advanced Vehicle Integration,"Dearborn, MI, United States",,https://efds.fa.em5.oraclecloud.com/hcmUI/CandidateExperience/en/sites/CX_1/job/65200,2026-07-17,2026-07-17,2026-07-17T17:59:49+00:00,2026-07-17 10:59 Fri,,false,,,,false,oracle:Ford:65200
Ford:69003,Ford,Supervisor - VEV LEAN,"Dearborn, MI, United States",,https://efds.fa.em5.oraclecloud.com/hcmUI/CandidateExperience/en/sites/CX_1/job/69003,2026-08-25,2026-08-25,2026-08-25T15:18:23+00:00,2026-08-25 08:18 Tue,,false,,,,false,oracle:Ford:69003
Ford:65393,Ford,Supervisor Core Upper Steering,"Dearborn, MI, United States",,https://efds.fa.em5.oraclecloud.com/hcmUI/CandidateExperience/en/sites/CX_1/job/65393,2026-06-29,2026-06-29,2026-07-07T05:59:38+00:00,2026-07-06 22:59 Mon,,false,,,,false,oracle:Ford:65393
Ford:69189,Ford,"Supervisor Quality Assurance, Ford Energy","Dearborn, MI, United States",,https://efds.fa.em5.oraclecloud.com/hcmUI/CandidateExperience/en/sites/CX_1/job/69189,2026-08-21,2026-08-21,2026-08-21T21:39:22+00:00,2026-08-21 14:39 Fri,,false,,,,false,oracle:Ford:69189
Ford:61823,Ford,"Supervisor, Body Modules (Power Supply & Energy Management Software)","Dearborn, MI, United States",,https://efds.fa.em5.oraclecloud.com/hcmUI/CandidateExperience/en/sites/CX_1/job/61823,2026-07-22,2026-07-22,2026-07-22T18:51:43+00:00,2026-07-22 11:51 Wed,,false,,,,false,oracle:Ford:61823
Ford:66729,Ford,"Supervisor, Ford Racing Niche Project Business Development","Allen Park, MI, United States",,https://efds.fa.em5.oraclecloud.com/hcmUI/CandidateExperience/en/sites/CX_1/job/66729,2026-07-09,2026-07-09,2026-07-10T03:30:15+00:00,2026-07-09 20:30 Thu,,false,,,,false,oracle:Ford:66729
Ford:65938,Ford,Supervisor-AI Specialist,"Dearborn, MI, United States",,https://efds.fa.em5.oraclecloud.com/hcmUI/CandidateExperience/en/sites/CX_1/job/65938,2026-07-10,2026-07-10,2026-07-10T15:37:18+00:00,2026-07-10 08:37 Fri,,false,,,,false,oracle:Ford:65938
Ford:62507,Ford,Supervisor/Technical Expert - Seat Belts,"Dearborn, MI, United States",,https://efds.fa.em5.oraclecloud.com/hcmUI/CandidateExperience/en/sites/CX_1/job/62507,2026-08-05,2026-08-05,2026-08-05T13:59:58+00:00,2026-08-05 06:59 Wed,,false,,,,false,oracle:Ford:62507
Ford:69161,Ford,Supplier Launch Readiness Analyst,"Chennai, Tamil Nadu, India",,https://efds.fa.em5.oraclecloud.com/hcmUI/CandidateExperience/en/sites/CX_1/job/69161,2026-08-31,2026-08-31,2026-08-31T18:59:51+00:00,2026-08-31 11:59 Mon,,false,,,,false,oracle:Ford:69161
Ford:65873,Ford,"Supplier Quality Engineer – Restraint Systems (Airbags, Steering Wheels, Seat Belts)","Naucalpan de Juarez, MEX, Mexico",,https://efds.fa.em5.oraclecloud.com/hcmUI/CandidateExperience/en/sites/CX_1/job/65873,2026-07-10,2026-07-10,2026-07-10T18:55:07+00:00,2026-07-10 11:55 Fri,,false,,,,false,oracle:Ford:65873
Ford:69173,Ford,Supplier Quality Engineer(Plant Resident STA) -Engine/Transmissions,"Chennai, Tamil Nadu, India",,https://efds.fa.em5.oraclecloud.com/hcmUI/CandidateExperience/en/sites/CX_1/job/69173,2026-09-03,2026-09-03,2026-09-03T19:37:21+00:00,2026-09-03 12:37 Thu,,false,,,,false,oracle:Ford:69173
Ford:63154,Ford,Supplier Risk Lead,"Dunton, Essex, United Kingdom",,https://efds.fa.em5.oraclecloud.com/hcmUI/CandidateExperience/en/sites/CX_1/job/63154,2026-08-03,2026-08-03,2026-08-03T09:41:32+00:00,2026-08-03 02:41 Mon,,false,,,,false,oracle:Ford:63154
Ford:67676,Ford,Supplier Risk Management & Contingency (FCSD) Coordinator,"Allen Park, MI, United States",,https://efds.fa.em5.oraclecloud.com/hcmUI/CandidateExperience/en/sites/CX_1/job/67676,2026-08-12,2026-08-12,2026-08-12T18:42:47+00:00,2026-08-12 11:42 Wed,,false,,,,false,oracle:Ford:67676
Ford:66643,Ford,Supplier Software Quality Lead,"Dearborn, MI, United States",,https://efds.fa.em5.oraclecloud.com/hcmUI/CandidateExperience/en/sites/CX_1/job/66643,2026-07-16,2026-07-16,2026-07-16T15:59:28+00:00,2026-07-16 08:59 Thu,,false,,,,false,oracle:Ford:66643
Ford:66638,Ford,Supplier Software Quality Lead,"Dearborn, MI, United States",,https://efds.fa.em5.oraclecloud.com/hcmUI/CandidateExperience/en/sites/CX_1/job/66638,2026-08-18,2026-08-18,2026-08-18T15:11:45+00:00,2026-08-18 08:11 Tue,,false,,,,false,oracle:Ford:66638
Ford:66428,Ford,Supply Chain - Global Constraints Manager,"Chennai, Tamil Nadu, India",,https://efds.fa.em5.oraclecloud.com/hcmUI/CandidateExperience/en/sites/CX_1/job/66428,2026-07-21,2026-07-21,2026-07-21T11:59:31+00:00,2026-07-21 04:59 Tue,,false,,,,false,oracle:Ford:66428
Ford:66678,Ford,Supply Chain Analyst,"Chennai, Tamil Nadu, India",,https://efds.fa.em5.oraclecloud.com/hcmUI/CandidateExperience/en/sites/CX_1/job/66678,2026-07-30,2026-07-30,2026-07-30T05:41:43+00:00,2026-07-29 22:41 Wed,,false,,,,false,oracle:Ford:66678
Ford:68068,Ford,Supply Chain Analyst,Brazil,,https://efds.fa.em5.oraclecloud.com/hcmUI/CandidateExperience/en/sites/CX_1/job/68068,2026-08-05,2026-08-05,2026-08-05T11:41:59+00:00,2026-08-05 04:41 Wed,,false,,,,false,oracle:Ford:68068
Ford:68476,Ford,Supply Chain Analyst,"Chennai, Tamil Nadu, India",,https://efds.fa.em5.oraclecloud.com/hcmUI/CandidateExperience/en/sites/CX_1/job/68476,2026-08-19,2026-08-19,2026-08-12T12:59:52+00:00,2026-08-12 05:59 Wed,,false,,,,false,oracle:Ford:68476
Ford:65669,Ford,Supply Chain Business Intelligence Engineer,"Naucalpan de Juarez, MEX, Mexico",,https://efds.fa.em5.oraclecloud.com/hcmUI/CandidateExperience/en/sites/CX_1/job/65669,2026-08-23,2026-08-23,2026-08-23T01:41:26+00:00,2026-08-22 18:41 Sat,,false,,,,false,oracle:Ford:65669
Ford:69501,Ford,Supply Chain Manager - Supplier Collaboration,"Dearborn, MI, United States",,https://efds.fa.em5.oraclecloud.com/hcmUI/CandidateExperience/en/sites/CX_1/job/69501,2026-08-28,2026-08-28,2026-08-28T17:00:06+00:00,2026-08-28 10:00 Fri,,false,,,,false,oracle:Ford:69501
Ford:65686,Ford,"Supply Chain Manager, Fasteners & Exterior Commodities","Dearborn, MI, United States",,https://efds.fa.em5.oraclecloud.com/hcmUI/CandidateExperience/en/sites/CX_1/job/65686,2026-07-23,2026-07-23,2026-07-23T17:17:32+00:00,2026-07-23 10:17 Thu,,false,,,,false,oracle:Ford:65686
Ford:68105,Ford,Supply Chain Operations Risk & Resiliency Specialist,"Hermosillo, SON, Mexico",,https://efds.fa.em5.oraclecloud.com/hcmUI/CandidateExperience/en/sites/CX_1/job/68105,2026-08-13,2026-08-13,2026-08-13T21:17:33+00:00,2026-08-13 14:17 Thu,,false,,,,false,oracle:Ford:68105
Ford:68002,Ford,Supply Risk,"Naucalpan de Juarez, MEX, Mexico",,https://efds.fa.em5.oraclecloud.com/hcmUI/CandidateExperience/en/sites/CX_1/job/68002,2026-08-04,2026-08-04,2026-08-04T14:17:39+00:00,2026-08-04 07:17 Tue,,false,,,,false,oracle:Ford:68002
Ford:67721,Ford,"Supv., 2.5L/2.3L MPC Cmdty Cal","Dearborn, MI, United States",,https://efds.fa.em5.oraclecloud.com/hcmUI/CandidateExperience/en/sites/CX_1/job/67721,2026-08-06,2026-08-06,2026-08-07T01:17:04+00:00,2026-08-06 18:17 Thu,,false,,,,false,oracle:Ford:67721
Ford:69641,Ford,"Supv., High Voltage Battery Systems Quality/OPD","Dearborn, MI, United States",,https://efds.fa.em5.oraclecloud.com/hcmUI/CandidateExperience/en/sites/CX_1/job/69641,2026-09-01,2026-09-01,2026-09-01T18:41:42+00:00,2026-09-01 11:41 Tue,,false,,,,false,oracle:Ford:69641
Ford:66580,Ford,Suspension & Steering CAE engineer,"Naucalpan de Juarez, MEX, Mexico",,https://efds.fa.em5.oraclecloud.com/hcmUI/CandidateExperience/en/sites/CX_1/job/66580,2026-07-17,2026-07-17,2026-07-17T16:17:50+00:00,2026-07-17 09:17 Fri,,false,,,,false,oracle:Ford:66580
Ford:66931,Ford,Suspension PD Engineer,"Dearborn, MI, United States",,https://efds.fa.em5.oraclecloud.com/hcmUI/CandidateExperience/en/sites/CX_1/job/66931,2026-09-01,2026-09-01,2026-07-22T15:41:51+00:00,2026-07-22 08:41 Wed,,false,,,,false,oracle:Ford:66931
Ford:66190,Ford,Switch Component Design and Release Engineer,"Dearborn, MI, United States",,https://efds.fa.em5.oraclecloud.com/hcmUI/CandidateExperience/en/sites/CX_1/job/66190,2026-07-06,2026-07-06,2026-07-07T05:59:38+00:00,2026-07-06 22:59 Mon,,false,,,,false,oracle:Ford:66190
Ford:62213,Ford,Systems Engineer,"Dearborn, MI, United States",,https://efds.fa.em5.oraclecloud.com/hcmUI/CandidateExperience/en/sites/CX_1/job/62213,2026-07-10,2026-07-10,2026-07-10T15:37:18+00:00,2026-07-10 08:37 Fri,AI / ML,true,Keyword,64,keyword-only heuristic,true,oracle:Ford:62213
Ford:67113,Ford,Systems Engineer,"Dearborn, MI, United States",,https://efds.fa.em5.oraclecloud.com/hcmUI/CandidateExperience/en/sites/CX_1/job/67113,2026-07-28,2026-07-28,2026-07-28T14:35:37+00:00,2026-07-28 07:35 Tue,AI / ML,true,Keyword,49,keyword-only heuristic,false,oracle:Ford:67113
Ford:68223,Ford,Systems Engineer,"Naucalpan de Juarez, MEX, Mexico",,https://efds.fa.em5.oraclecloud.com/hcmUI/CandidateExperience/en/sites/CX_1/job/68223,2026-08-12,2026-08-12,2026-08-12T17:59:46+00:00,2026-08-12 10:59 Wed,,false,,,,false,oracle:Ford:68223
Ford:67303,Ford,Systems Engineer - Seat Structures,"Long Beach, CA, United States",,https://efds.fa.em5.oraclecloud.com/hcmUI/CandidateExperience/en/sites/CX_1/job/67303,2026-07-25,2026-07-25,2026-07-25T00:41:06+00:00,2026-07-24 17:41 Fri,,false,,,,false,oracle:Ford:67303
Ford:62209,Ford,Systems Engineer – End-to-End Software Diagnostics & Observability,"Dearborn, MI, United States",,https://efds.fa.em5.oraclecloud.com/hcmUI/CandidateExperience/en/sites/CX_1/job/62209,2026-07-06,2026-07-06,2026-07-07T05:59:38+00:00,2026-07-06 22:59 Mon,AI / ML,true,,58,"The role includes AI/ML engineering but is primarily systems, embedded, cloud diagnostics, and observability; the candidate has strong ML/CV and backend experience but limited automotive, embedded systems, cloud architecture, and production observability fit.",true,oracle:Ford:62209
Ford:68897,Ford,Systems Engineering Transformation Lead,"Melbourne, Victoria, Australia",,https://efds.fa.em5.oraclecloud.com/hcmUI/CandidateExperience/en/sites/CX_1/job/68897,2026-08-14,2026-08-14,2026-08-14T06:59:10+00:00,2026-08-13 23:59 Thu,,false,,,,false,oracle:Ford:68897
Ford:63242,Ford,"Systems Integration Engineer, Cross Vehicle Systems Applications and Software","Dearborn, MI, United States",,https://efds.fa.em5.oraclecloud.com/hcmUI/CandidateExperience/en/sites/CX_1/job/63242,2026-06-30,2026-06-30,2026-07-07T05:59:38+00:00,2026-07-06 22:59 Mon,,false,,,,false,oracle:Ford:63242
Ford:66650,Ford,Systems Software Developer,"Oakville, ON, Canada",,https://efds.fa.em5.oraclecloud.com/hcmUI/CandidateExperience/en/sites/CX_1/job/66650,2026-07-15,2026-07-15,2026-07-15T15:59:43+00:00,2026-07-15 08:59 Wed,,false,,,,false,oracle:Ford:66650
Ford:65481,Ford,Talent Acquisition Specialist (Contract),"Palo Alto, CA, United States",,https://efds.fa.em5.oraclecloud.com/hcmUI/CandidateExperience/en/sites/CX_1/job/65481,2026-06-30,2026-06-30,2026-07-07T05:59:38+00:00,2026-07-06 22:59 Mon,,false,,,,false,oracle:Ford:65481
Ford:68474,Ford,Talent Management Specialist,"Budapest, Kozep-Magyarorszag, Hungary",,https://efds.fa.em5.oraclecloud.com/hcmUI/CandidateExperience/en/sites/CX_1/job/68474,2026-08-10,2026-08-10,2026-08-10T12:41:26+00:00,2026-08-10 05:41 Mon,,false,,,,false,oracle:Ford:68474
Ford:64505,Ford,Tax Analyst,"Dunton, Essex, United Kingdom",,https://efds.fa.em5.oraclecloud.com/hcmUI/CandidateExperience/en/sites/CX_1/job/64505,2026-08-05,2026-08-05,2026-08-05T14:17:51+00:00,2026-08-05 07:17 Wed,,false,,,,false,oracle:Ford:64505
Ford:66975,Ford,Tax Analyst,"Chennai, Tamil Nadu, India",,https://efds.fa.em5.oraclecloud.com/hcmUI/CandidateExperience/en/sites/CX_1/job/66975,2026-08-11,2026-08-11,2026-08-11T08:17:33+00:00,2026-08-11 01:17 Tue,,false,,,,false,oracle:Ford:66975
Ford:69014,Ford,Tax Technology Analyst,"Chennai, Tamil Nadu, India",,https://efds.fa.em5.oraclecloud.com/hcmUI/CandidateExperience/en/sites/CX_1/job/69014,2026-08-26,2026-08-26,2026-08-26T07:59:16+00:00,2026-08-26 00:59 Wed,,false,,,,false,oracle:Ford:69014
Ford:66414,Ford,TE - Gbl Diesel Fuel & SCR Sys,"Dearborn, MI, United States",,https://efds.fa.em5.oraclecloud.com/hcmUI/CandidateExperience/en/sites/CX_1/job/66414,2026-07-22,2026-07-22,2026-07-22T17:41:40+00:00,2026-07-22 10:41 Wed,,false,,,,false,oracle:Ford:66414
Ford:66659,Ford,TE Battery Chemistry Modeling,"Dearborn, MI, United States",,https://efds.fa.em5.oraclecloud.com/hcmUI/CandidateExperience/en/sites/CX_1/job/66659,2026-07-17,2026-07-17,2026-07-17T15:17:53+00:00,2026-07-17 08:17 Fri,,false,,,,false,oracle:Ford:66659
Ford:67404,Ford,TE Battery Materials Applied Chemistry,"Dearborn, MI, United States",,https://efds.fa.em5.oraclecloud.com/hcmUI/CandidateExperience/en/sites/CX_1/job/67404,2026-08-03,2026-08-03,2026-08-03T17:17:50+00:00,2026-08-03 10:17 Mon,,false,,,,false,oracle:Ford:67404
Ford:67714,Ford,Team Manager - Crew Chief - A Crew,"Wayne, MI, United States",,https://efds.fa.em5.oraclecloud.com/hcmUI/CandidateExperience/en/sites/CX_1/job/67714,2026-07-31,2026-07-31,2026-08-03T09:21:28+00:00,2026-08-03 02:21 Mon,,false,,,,false,oracle:Ford:67714
Ford:69223,Ford,Team Manager - Crew Chief - B Crew,"Wayne, MI, United States",,https://efds.fa.em5.oraclecloud.com/hcmUI/CandidateExperience/en/sites/CX_1/job/69223,2026-08-27,2026-08-27,2026-08-27T22:59:52+00:00,2026-08-27 15:59 Thu,,false,,,,false,oracle:Ford:69223
Ford:67470,Ford,Team Manager - Maintenance,"Kansas City, MO, United States",,https://efds.fa.em5.oraclecloud.com/hcmUI/CandidateExperience/en/sites/CX_1/job/67470,2026-08-13,2026-08-13,2026-08-13T15:41:24+00:00,2026-08-13 08:41 Thu,,false,,,,false,oracle:Ford:67470
Ford:68313,Ford,Team Manager - Production - Trim,"Wayne, MI, United States",,https://efds.fa.em5.oraclecloud.com/hcmUI/CandidateExperience/en/sites/CX_1/job/68313,2026-08-19,2026-08-19,2026-08-19T23:37:31+00:00,2026-08-19 16:37 Wed,,false,,,,false,oracle:Ford:68313
Ford:67990,Ford,Team Manager Engineering,"Cincinnati, OH, United States",,https://efds.fa.em5.oraclecloud.com/hcmUI/CandidateExperience/en/sites/CX_1/job/67990,2026-08-10,2026-08-10,2026-08-10T14:59:56+00:00,2026-08-10 07:59 Mon,,false,,,,false,oracle:Ford:67990
Ford:67067,Ford,"Team Manager Engineering, Ford Energy","Glendale, KY, United States",,https://efds.fa.em5.oraclecloud.com/hcmUI/CandidateExperience/en/sites/CX_1/job/67067,2026-08-18,2026-08-18,2026-08-18T16:53:36+00:00,2026-08-18 09:53 Tue,,false,,,,false,oracle:Ford:67067
Ford:68655,Ford,"Team Manager MP&L, Ford Energy","Glendale, KY, United States",,https://efds.fa.em5.oraclecloud.com/hcmUI/CandidateExperience/en/sites/CX_1/job/68655,2026-08-17,2026-08-17,2026-08-18T02:56:28+00:00,2026-08-17 19:56 Mon,,false,,,,false,oracle:Ford:68655
Ford:66895,Ford,"Team Manager Production, Ford Energy","Glendale, KY, United States",,https://efds.fa.em5.oraclecloud.com/hcmUI/CandidateExperience/en/sites/CX_1/job/66895,2026-07-23,2026-07-23,2026-07-20T16:17:21+00:00,2026-07-20 09:17 Mon,,false,,,,false,oracle:Ford:66895
Ford:69512,Ford,Team Manager-Chassis,"Chicago, IL, United States",,https://efds.fa.em5.oraclecloud.com/hcmUI/CandidateExperience/en/sites/CX_1/job/69512,2026-09-02,2026-09-02,2026-09-02T18:45:15+00:00,2026-09-02 11:45 Wed,,false,,,,false,oracle:Ford:69512
Ford:64490,Ford,Team Manager-Engine Assembly,"Windsor, ON, Canada",,https://efds.fa.em5.oraclecloud.com/hcmUI/CandidateExperience/en/sites/CX_1/job/64490,2026-09-01,2026-09-01,2026-07-14T17:17:24+00:00,2026-07-14 10:17 Tue,,false,,,,false,oracle:Ford:64490
Ford:68149,Ford,Team Manager-Engineering,"Chicago, IL, United States",,https://efds.fa.em5.oraclecloud.com/hcmUI/CandidateExperience/en/sites/CX_1/job/68149,2026-08-19,2026-08-19,2026-08-19T18:54:29+00:00,2026-08-19 11:54 Wed,,false,,,,false,oracle:Ford:68149
Ford:66933,Ford,Team Manager-Maintenance,"Ypsilanti, MI, United States",,https://efds.fa.em5.oraclecloud.com/hcmUI/CandidateExperience/en/sites/CX_1/job/66933,2026-07-17,2026-07-17,2026-07-17T13:59:33+00:00,2026-07-17 06:59 Fri,,false,,,,false,oracle:Ford:66933
Ford:66776,Ford,Team Manager-MP&L,"Dearborn, MI, United States",,https://efds.fa.em5.oraclecloud.com/hcmUI/CandidateExperience/en/sites/CX_1/job/66776,2026-07-30,2026-07-30,2026-07-30T19:42:12+00:00,2026-07-30 12:42 Thu,,false,,,,false,oracle:Ford:66776
Ford:63618,Ford,Team Manager-Production,"Sterling Heights, MI, United States",,https://efds.fa.em5.oraclecloud.com/hcmUI/CandidateExperience/en/sites/CX_1/job/63618,2026-06-30,2026-06-30,2026-07-07T05:59:38+00:00,2026-07-06 22:59 Mon,,false,,,,false,oracle:Ford:63618
Ford:62654,Ford,Team Manager-Production,"Brook Park, OH, United States",,https://efds.fa.em5.oraclecloud.com/hcmUI/CandidateExperience/en/sites/CX_1/job/62654,2026-07-10,2026-07-10,2026-07-10T15:55:02+00:00,2026-07-10 08:55 Fri,,false,,,,false,oracle:Ford:62654
Ford:67775,Ford,Team Manager-Production,"Lima, OH, United States",,https://efds.fa.em5.oraclecloud.com/hcmUI/CandidateExperience/en/sites/CX_1/job/67775,2026-08-03,2026-08-03,2026-08-03T14:41:22+00:00,2026-08-03 07:41 Mon,,false,,,,false,oracle:Ford:67775
Ford:67989,Ford,Team Manager-Production,"Cincinnati, OH, United States",,https://efds.fa.em5.oraclecloud.com/hcmUI/CandidateExperience/en/sites/CX_1/job/67989,2026-08-10,2026-08-10,2026-08-10T14:41:58+00:00,2026-08-10 07:41 Mon,,false,,,,false,oracle:Ford:67989
Ford:69039,Ford,Team Manager-Production,"Sterling Heights, MI, United States",,https://efds.fa.em5.oraclecloud.com/hcmUI/CandidateExperience/en/sites/CX_1/job/69039,2026-08-25,2026-08-25,2026-08-25T15:59:27+00:00,2026-08-25 08:59 Tue,,false,,,,false,oracle:Ford:69039
Ford:69089,Ford,Team Manager-Production,"Dearborn, MI, United States",,https://efds.fa.em5.oraclecloud.com/hcmUI/CandidateExperience/en/sites/CX_1/job/69089,2026-08-25,2026-08-25,2026-08-25T16:55:14+00:00,2026-08-25 09:55 Tue,,false,,,,false,oracle:Ford:69089
Ford:69999,Ford,Team Manager-Production,"Sterling Heights, MI, United States",,https://efds.fa.em5.oraclecloud.com/hcmUI/CandidateExperience/en/sites/CX_1/job/69999,2026-09-04,2026-09-04,2026-09-05T03:03:34+00:00,2026-09-04 20:03 Fri,,false,,,,false,oracle:Ford:69999
Ford:68049,Ford,Team Member - Level 3,"Chennai, Tamil Nadu, India",,https://efds.fa.em5.oraclecloud.com/hcmUI/CandidateExperience/en/sites/CX_1/job/68049,2026-08-17,2026-08-17,2026-08-17T09:27:31+00:00,2026-08-17 02:27 Mon,,false,,,,false,oracle:Ford:68049
Ford:68040,Ford,Team Member - Tax Exception (ARIBA & SAP),"Chennai, Tamil Nadu, India",,https://efds.fa.em5.oraclecloud.com/hcmUI/CandidateExperience/en/sites/CX_1/job/68040,2026-08-26,2026-08-26,2026-08-26T07:41:29+00:00,2026-08-26 00:41 Wed,,false,,,,false,oracle:Ford:68040
Ford:66509,Ford,Team Member Level 1,India,,https://efds.fa.em5.oraclecloud.com/hcmUI/CandidateExperience/en/sites/CX_1/job/66509,2026-07-13,2026-07-13,2026-07-13T06:40:48+00:00,2026-07-12 23:40 Sun,,false,,,,false,oracle:Ford:66509
Ford:65830,Ford,Team Member Level 1,"Chennai, Tamil Nadu, India",,https://efds.fa.em5.oraclecloud.com/hcmUI/CandidateExperience/en/sites/CX_1/job/65830,2026-07-13,2026-07-13,2026-07-13T11:40:51+00:00,2026-07-13 04:40 Mon,,false,,,,false,oracle:Ford:65830
Ford:68042,Ford,Team Member Level 1,"Coimbatore, Tamil Nadu, India",,https://efds.fa.em5.oraclecloud.com/hcmUI/CandidateExperience/en/sites/CX_1/job/68042,2026-08-05,2026-08-05,2026-08-05T08:38:11+00:00,2026-08-05 01:38 Wed,,false,,,,false,oracle:Ford:68042
Ford:66046,Ford,Team Member Level 1,"Coimbatore, Tamil Nadu, India",,https://efds.fa.em5.oraclecloud.com/hcmUI/CandidateExperience/en/sites/CX_1/job/66046,2026-08-05,2026-08-05,2026-08-05T08:41:09+00:00,2026-08-05 01:41 Wed,,false,,,,false,oracle:Ford:66046
Ford:67872,Ford,Team member Level 1,"Chennai, Tamil Nadu, India",,https://efds.fa.em5.oraclecloud.com/hcmUI/CandidateExperience/en/sites/CX_1/job/67872,2026-08-05,2026-08-05,2026-08-05T08:41:09+00:00,2026-08-05 01:41 Wed,,false,,,,false,oracle:Ford:67872
Ford:68182,Ford,Team Member Level 1,"Coimbatore, Tamil Nadu, India",,https://efds.fa.em5.oraclecloud.com/hcmUI/CandidateExperience/en/sites/CX_1/job/68182,2026-08-07,2026-08-07,2026-08-07T06:41:45+00:00,2026-08-06 23:41 Thu,,false,,,,false,oracle:Ford:68182
Ford:67866,Ford,Team Member Level 1,"Coimbatore, Tamil Nadu, India",,https://efds.fa.em5.oraclecloud.com/hcmUI/CandidateExperience/en/sites/CX_1/job/67866,2026-08-11,2026-08-11,2026-08-11T07:17:25+00:00,2026-08-11 00:17 Tue,,false,,,,false,oracle:Ford:67866
Ford:67868,Ford,Team Member Level 1,"Coimbatore, Tamil Nadu, India",,https://efds.fa.em5.oraclecloud.com/hcmUI/CandidateExperience/en/sites/CX_1/job/67868,2026-08-11,2026-08-11,2026-08-11T07:17:25+00:00,2026-08-11 00:17 Tue,,false,,,,false,oracle:Ford:67868
Ford:67870,Ford,Team Member Level 1,"Coimbatore, Tamil Nadu, India",,https://efds.fa.em5.oraclecloud.com/hcmUI/CandidateExperience/en/sites/CX_1/job/67870,2026-08-11,2026-08-11,2026-08-11T07:17:25+00:00,2026-08-11 00:17 Tue,,false,,,,false,oracle:Ford:67870
Ford:68641,Ford,Team Member Level 1,"Chennai, Tamil Nadu, India",,https://efds.fa.em5.oraclecloud.com/hcmUI/CandidateExperience/en/sites/CX_1/job/68641,2026-08-13,2026-08-13,2026-08-13T13:42:07+00:00,2026-08-13 06:42 Thu,,false,,,,false,oracle:Ford:68641
Ford:66765,Ford,Team Member Level 1,"Chennai, Tamil Nadu, India",,https://efds.fa.em5.oraclecloud.com/hcmUI/CandidateExperience/en/sites/CX_1/job/66765,2026-08-17,2026-08-17,2026-08-17T05:59:21+00:00,2026-08-16 22:59 Sun,,false,,,,false,oracle:Ford:66765
Ford:68405,Ford,Team Member Level 1,"Coimbatore, Tamil Nadu, India",,https://efds.fa.em5.oraclecloud.com/hcmUI/CandidateExperience/en/sites/CX_1/job/68405,2026-08-17,2026-08-17,2026-08-17T10:41:38+00:00,2026-08-17 03:41 Mon,,false,,,,false,oracle:Ford:68405
Ford:68238,Ford,Team Member Level 1,"Coimbatore, Tamil Nadu, India",,https://efds.fa.em5.oraclecloud.com/hcmUI/CandidateExperience/en/sites/CX_1/job/68238,2026-08-18,2026-08-18,2026-08-18T10:41:52+00:00,2026-08-18 03:41 Tue,,false,,,,false,oracle:Ford:68238
Ford:69147,Ford,Team Member Level 1,"Coimbatore, Tamil Nadu, India",,https://efds.fa.em5.oraclecloud.com/hcmUI/CandidateExperience/en/sites/CX_1/job/69147,2026-08-19,2026-08-19,2026-08-19T13:18:27+00:00,2026-08-19 06:18 Wed,,false,,,,false,oracle:Ford:69147
Ford:69385,Ford,Team Member Level 1,"Chennai, Tamil Nadu, India",,https://efds.fa.em5.oraclecloud.com/hcmUI/CandidateExperience/en/sites/CX_1/job/69385,2026-08-21,2026-08-21,2026-08-21T04:17:16+00:00,2026-08-20 21:17 Thu,,false,,,,false,oracle:Ford:69385
Ford:67086,Ford,Team Member Level 1,"Chennai, Tamil Nadu, India",,https://efds.fa.em5.oraclecloud.com/hcmUI/CandidateExperience/en/sites/CX_1/job/67086,2026-08-21,2026-08-21,2026-08-21T14:41:52+00:00,2026-08-21 07:41 Fri,,false,,,,false,oracle:Ford:67086
Ford:69393,Ford,Team Member Level 1,"Coimbatore, Tamil Nadu, India",,https://efds.fa.em5.oraclecloud.com/hcmUI/CandidateExperience/en/sites/CX_1/job/69393,2026-08-21,2026-08-21,2026-08-21T14:41:52+00:00,2026-08-21 07:41 Fri,,false,,,,false,oracle:Ford:69393
Ford:69398,Ford,Team Member Level 1,"Coimbatore, Tamil Nadu, India",,https://efds.fa.em5.oraclecloud.com/hcmUI/CandidateExperience/en/sites/CX_1/job/69398,2026-08-26,2026-08-26,2026-08-26T06:08:38+00:00,2026-08-25 23:08 Tue,,false,,,,false,oracle:Ford:69398
Ford:69495,Ford,Team Member Level 1,"Coimbatore, Tamil Nadu, India",,https://efds.fa.em5.oraclecloud.com/hcmUI/CandidateExperience/en/sites/CX_1/job/69495,2026-08-26,2026-08-26,2026-08-26T06:08:38+00:00,2026-08-25 23:08 Tue,,false,,,,false,oracle:Ford:69495
Ford:67826,Ford,Team Member Level 1/2,"Coimbatore, Tamil Nadu, India",,https://efds.fa.em5.oraclecloud.com/hcmUI/CandidateExperience/en/sites/CX_1/job/67826,2026-08-06,2026-08-06,2026-08-06T13:00:01+00:00,2026-08-06 06:00 Thu,,false,,,,false,oracle:Ford:67826
Ford:66748,Ford,Team Member Level 2,"Chennai, Tamil Nadu, India",,https://efds.fa.em5.oraclecloud.com/hcmUI/CandidateExperience/en/sites/CX_1/job/66748,2026-07-10,2026-07-10,2026-07-10T11:36:12+00:00,2026-07-10 04:36 Fri,,false,,,,false,oracle:Ford:66748
Ford:66044,Ford,Team Member Level 2,"Coimbatore, Tamil Nadu, India",,https://efds.fa.em5.oraclecloud.com/hcmUI/CandidateExperience/en/sites/CX_1/job/66044,2026-07-29,2026-07-29,2026-07-29T06:41:22+00:00,2026-07-28 23:41 Tue,,false,,,,false,oracle:Ford:66044
Ford:68945,Ford,Team Member Level 2,"Coimbatore, Tamil Nadu, India",,https://efds.fa.em5.oraclecloud.com/hcmUI/CandidateExperience/en/sites/CX_1/job/68945,2026-08-18,2026-08-18,2026-08-18T10:41:52+00:00,2026-08-18 03:41 Tue,,false,,,,false,oracle:Ford:68945
Ford:67043,Ford,Teamcenter Manufacturing Functional Expert,"Chennai, Tamil Nadu, India",,https://efds.fa.em5.oraclecloud.com/hcmUI/CandidateExperience/en/sites/CX_1/job/67043,2026-08-18,2026-08-18,2026-08-18T09:59:44+00:00,2026-08-18 02:59 Tue,,false,,,,false,oracle:Ford:67043
Ford:67299,Ford,Teamcenter PLM Integration Lead,"Chennai, Tamil Nadu, India",,https://efds.fa.em5.oraclecloud.com/hcmUI/CandidateExperience/en/sites/CX_1/job/67299,2026-08-27,2026-08-27,2026-08-27T10:41:44+00:00,2026-08-27 03:41 Thu,,false,,,,false,oracle:Ford:67299
Ford:65565,Ford,Teamcenter/PLM Tech Lead,"Chennai, Tamil Nadu, India",,https://efds.fa.em5.oraclecloud.com/hcmUI/CandidateExperience/en/sites/CX_1/job/65565,2026-07-06,2026-07-06,2026-07-07T05:59:38+00:00,2026-07-06 22:59 Mon,,false,,,,false,oracle:Ford:65565
Ford:65833,Ford,Tech Lead,"Chennai, Tamil Nadu, India",,https://efds.fa.em5.oraclecloud.com/hcmUI/CandidateExperience/en/sites/CX_1/job/65833,2026-07-09,2026-07-09,2026-07-09T05:17:06+00:00,2026-07-08 22:17 Wed,,false,,,,false,oracle:Ford:65833
Ford:65422,Ford,Tech Platform Applications Engineer,"Dearborn, MI, United States",,https://efds.fa.em5.oraclecloud.com/hcmUI/CandidateExperience/en/sites/CX_1/job/65422,2026-07-09,2026-07-09,2026-07-09T17:36:13+00:00,2026-07-09 10:36 Thu,,false,,,,false,oracle:Ford:65422
Ford:65883,Ford,Technical Anchor,"Chennai, Tamil Nadu, India",,https://efds.fa.em5.oraclecloud.com/hcmUI/CandidateExperience/en/sites/CX_1/job/65883,2026-07-07,2026-07-07,2026-07-07T05:59:38+00:00,2026-07-06 22:59 Mon,,false,,,,false,oracle:Ford:65883
Ford:61399,Ford,Technical Anchor,"Chennai, Tamil Nadu, India",,https://efds.fa.em5.oraclecloud.com/hcmUI/CandidateExperience/en/sites/CX_1/job/61399,2026-07-13,2026-07-13,2026-07-13T08:16:44+00:00,2026-07-13 01:16 Mon,,false,,,,false,oracle:Ford:61399
Ford:67636,Ford,Technical Anchor,"Chennai, Tamil Nadu, India",,https://efds.fa.em5.oraclecloud.com/hcmUI/CandidateExperience/en/sites/CX_1/job/67636,2026-07-30,2026-07-30,2026-07-30T10:59:33+00:00,2026-07-30 03:59 Thu,,false,,,,false,oracle:Ford:67636
Ford:69796,Ford,Technical Experience Designer,"Dearborn, MI, United States",,https://efds.fa.em5.oraclecloud.com/hcmUI/CandidateExperience/en/sites/CX_1/job/69796,2026-09-05,2026-09-05,2026-09-05T03:03:34+00:00,2026-09-04 20:03 Fri,,false,,,,false,oracle:Ford:69796
Ford:59630,Ford,Technical Expert - Heat Exchangers,"Dearborn, MI, United States",,https://efds.fa.em5.oraclecloud.com/hcmUI/CandidateExperience/en/sites/CX_1/job/59630,2026-07-21,2026-07-21,2026-07-21T21:41:37+00:00,2026-07-21 14:41 Tue,,false,,,,false,oracle:Ford:59630
Ford:65399,Ford,Technical Expert - HV Battery Welding,"Allen Park, MI, United States",,https://efds.fa.em5.oraclecloud.com/hcmUI/CandidateExperience/en/sites/CX_1/job/65399,2026-07-01,2026-07-01,2026-07-07T05:59:38+00:00,2026-07-06 22:59 Mon,,false,,,,false,oracle:Ford:65399
Ford:67192,Ford,Technical Expert - Lubricants & Tribology,"Livonia, MI, United States",,https://efds.fa.em5.oraclecloud.com/hcmUI/CandidateExperience/en/sites/CX_1/job/67192,2026-07-17,2026-07-17,2026-07-17T14:17:44+00:00,2026-07-17 07:17 Fri,,false,,,,false,oracle:Ford:67192
Ford:68485,Ford,"Technical Expert, FNV Diagnostics Cloud","Waterloo, ON, Canada",,https://efds.fa.em5.oraclecloud.com/hcmUI/CandidateExperience/en/sites/CX_1/job/68485,2026-08-14,2026-08-14,2026-08-14T16:59:42+00:00,2026-08-14 09:59 Fri,,false,,,,false,oracle:Ford:68485
Ford:68205,Ford,"Technical Expert-Analytical Methods & Processes, CAE Underbody Systems","Dearborn, MI, United States",,https://efds.fa.em5.oraclecloud.com/hcmUI/CandidateExperience/en/sites/CX_1/job/68205,2026-09-01,2026-09-01,2026-09-01T16:42:10+00:00,2026-09-01 09:42 Tue,,false,,,,false,oracle:Ford:68205
Ford:69148,Ford,Technical Lead,"Chennai, Tamil Nadu, India",,https://efds.fa.em5.oraclecloud.com/hcmUI/CandidateExperience/en/sites/CX_1/job/69148,2026-08-19,2026-08-19,2026-08-19T09:03:45+00:00,2026-08-19 02:03 Wed,,false,,,,false,oracle:Ford:69148
Ford:67173,Ford,Technical Lead API Development,"Chennai, Tamil Nadu, India",,https://efds.fa.em5.oraclecloud.com/hcmUI/CandidateExperience/en/sites/CX_1/job/67173,2026-07-30,2026-07-30,2026-07-30T05:59:45+00:00,2026-07-29 22:59 Wed,,false,,,,false,oracle:Ford:67173
Ford:66861,Ford,Technical Leader - Low Pressure Fuel Delivery,"Dearborn, MI, United States",,https://efds.fa.em5.oraclecloud.com/hcmUI/CandidateExperience/en/sites/CX_1/job/66861,2026-07-20,2026-07-20,2026-07-20T19:41:44+00:00,2026-07-20 12:41 Mon,,false,,,,false,oracle:Ford:66861
Ford:66366,Ford,Technical Product Lead – Ford Pro Intelligence,Australia,,https://efds.fa.em5.oraclecloud.com/hcmUI/CandidateExperience/en/sites/CX_1/job/66366,2026-07-02,2026-07-02,2026-07-07T05:59:38+00:00,2026-07-06 22:59 Mon,,false,,,,false,oracle:Ford:66366
Ford:65936,Ford,Technical Product Manager,"Dearborn, MI, United States",,https://efds.fa.em5.oraclecloud.com/hcmUI/CandidateExperience/en/sites/CX_1/job/65936,2026-07-06,2026-07-06,2026-07-07T05:59:38+00:00,2026-07-06 22:59 Mon,AI / ML,true,,38,"The role is AI-adjacent product management for internal automotive engineering tools rather than hands-on AI/ML engineering or research, and the candidate has strong ML/CV engineering skills but limited product management, automotive, or enterprise AI adoption experience.",true,oracle:Ford:65936
Ford:63838,Ford,Technical Product Manager,"Chennai, Tamil Nadu, India",,https://efds.fa.em5.oraclecloud.com/hcmUI/CandidateExperience/en/sites/CX_1/job/63838,2026-07-10,2026-07-10,2026-07-10T15:55:02+00:00,2026-07-10 08:55 Fri,,false,,,,false,oracle:Ford:63838
Ford:65178,Ford,Technical Product Manager,"Dearborn, MI, United States",,https://efds.fa.em5.oraclecloud.com/hcmUI/CandidateExperience/en/sites/CX_1/job/65178,2026-08-11,2026-08-11,2026-08-11T17:38:45+00:00,2026-08-11 10:38 Tue,Computer Vision,true,Keyword,49,keyword-only heuristic,false,oracle:Ford:65178
Ford:69341,Ford,Technical Product Manager,"Dearborn, MI, United States",,https://efds.fa.em5.oraclecloud.com/hcmUI/CandidateExperience/en/sites/CX_1/job/69341,2026-08-26,2026-08-26,2026-08-26T16:09:33+00:00,2026-08-26 09:09 Wed,Computer Vision,true,Keyword,76,keyword-only heuristic,true,oracle:Ford:69341
Ford:69140,Ford,Technical Program Integration Analyst,"Dearborn, MI, United States",,https://efds.fa.em5.oraclecloud.com/hcmUI/CandidateExperience/en/sites/CX_1/job/69140,2026-08-31,2026-08-31,2026-08-31T20:17:36+00:00,2026-08-31 13:17 Mon,Computer Vision,true,Keyword,49,keyword-only heuristic,false,oracle:Ford:69140
Ford:65848,Ford,Technical Program Manager,"Dearborn, MI, United States",,https://efds.fa.em5.oraclecloud.com/hcmUI/CandidateExperience/en/sites/CX_1/job/65848,2026-07-01,2026-07-01,2026-07-07T05:59:38+00:00,2026-07-06 22:59 Mon,,false,,,,false,oracle:Ford:65848
Ford:65279,Ford,Technical Program Manager,"Dearborn, MI, United States",,https://efds.fa.em5.oraclecloud.com/hcmUI/CandidateExperience/en/sites/CX_1/job/65279,2026-07-08,2026-07-08,2026-07-08T17:49:06+00:00,2026-07-08 10:49 Wed,,false,,,,false,oracle:Ford:65279
Ford:65306,Ford,Technical Program Manager,"Chennai, Tamil Nadu, India",,https://efds.fa.em5.oraclecloud.com/hcmUI/CandidateExperience/en/sites/CX_1/job/65306,2026-07-13,2026-07-13,2026-07-13T11:16:47+00:00,2026-07-13 04:16 Mon,,false,,,,false,oracle:Ford:65306
Ford:67362,Ford,Technical Program Manager,"Dearborn, MI, United States",,https://efds.fa.em5.oraclecloud.com/hcmUI/CandidateExperience/en/sites/CX_1/job/67362,2026-07-28,2026-07-28,2026-08-03T09:21:28+00:00,2026-08-03 02:21 Mon,,false,,,,false,oracle:Ford:67362
Ford:67595,Ford,Technical Program Manager - ADAS SW Platform,"Dearborn, MI, United States",,https://efds.fa.em5.oraclecloud.com/hcmUI/CandidateExperience/en/sites/CX_1/job/67595,2026-08-15,2026-08-15,2026-08-15T13:17:16+00:00,2026-08-15 06:17 Sat,,false,,,,false,oracle:Ford:67595
Ford:68943,Ford,Technical Project Manager,"Dearborn, MI, United States",,https://efds.fa.em5.oraclecloud.com/hcmUI/CandidateExperience/en/sites/CX_1/job/68943,2026-08-20,2026-08-20,2026-08-20T17:17:55+00:00,2026-08-20 10:17 Thu,,false,,,,false,oracle:Ford:68943
Ford:65744,Ford,Technical Project Manager- Ecommerce,"Dearborn, MI, United States",,https://efds.fa.em5.oraclecloud.com/hcmUI/CandidateExperience/en/sites/CX_1/job/65744,2026-07-24,2026-07-24,2026-07-24T21:23:58+00:00,2026-07-24 14:23 Fri,,false,,,,false,oracle:Ford:65744
Ford:65643,Ford,"Technical Solutions Engineer, Ford Energy",United States,,https://efds.fa.em5.oraclecloud.com/hcmUI/CandidateExperience/en/sites/CX_1/job/65643,2026-06-30,2026-06-30,2026-07-07T05:59:38+00:00,2026-07-06 22:59 Mon,,false,,,,false,oracle:Ford:65643
Ford:65651,Ford,"Technical Solutions Engineer, Ford Energy","Dearborn, MI, United States",,https://efds.fa.em5.oraclecloud.com/hcmUI/CandidateExperience/en/sites/CX_1/job/65651,2026-07-01,2026-07-01,2026-07-07T05:59:38+00:00,2026-07-06 22:59 Mon,,false,,,,false,oracle:Ford:65651
Ford:64147,Ford,Technical Specialist - Advanced Chassis Structural Design & Manufacturing Engineering,"Dearborn, MI, United States",,https://efds.fa.em5.oraclecloud.com/hcmUI/CandidateExperience/en/sites/CX_1/job/64147,2026-07-14,2026-07-14,2026-07-14T20:41:35+00:00,2026-07-14 13:41 Tue,,false,,,,false,oracle:Ford:64147
Ford:69982,Ford,Technical Specialist - Advanced Chassis Structural Design & Manufacturing Engineering,United States,,https://efds.fa.em5.oraclecloud.com/hcmUI/CandidateExperience/en/sites/CX_1/job/69982,2026-09-04,2026-09-04,2026-09-04T17:48:23+00:00,2026-09-04 10:48 Fri,,false,,,,false,oracle:Ford:69982
Ford:64242,Ford,Technical Specialist - Chassis Systems Reliability Verification & Validation,"Dearborn, MI, United States",,https://efds.fa.em5.oraclecloud.com/hcmUI/CandidateExperience/en/sites/CX_1/job/64242,2026-07-06,2026-07-06,2026-07-07T05:59:38+00:00,2026-07-06 22:59 Mon,,false,,,,false,oracle:Ford:64242
Ford:69985,Ford,Technical Specialist - Chassis Systems Reliability Verification and Validation,United States,,https://efds.fa.em5.oraclecloud.com/hcmUI/CandidateExperience/en/sites/CX_1/job/69985,2026-09-04,2026-09-04,2026-09-04T17:48:23+00:00,2026-09-04 10:48 Fri,,false,,,,false,oracle:Ford:69985
Ford:62377,Ford,Technical Supervisor – Power Controls,"Dearborn, MI, United States",,https://efds.fa.em5.oraclecloud.com/hcmUI/CandidateExperience/en/sites/CX_1/job/62377,2026-08-26,2026-08-26,2026-08-26T20:41:59+00:00,2026-08-26 13:41 Wed,,false,,,,false,oracle:Ford:62377
Ford:63704,Ford,Technical Support Case Analyst,"Allen Park, MI, United States",,https://efds.fa.em5.oraclecloud.com/hcmUI/CandidateExperience/en/sites/CX_1/job/63704,2026-07-28,2026-07-28,2026-07-07T05:59:38+00:00,2026-07-06 22:59 Mon,,false,,,,false,oracle:Ford:63704
Ford:67662,Ford,Technical Systems Integration Engineer,"Dearborn, MI, United States",,https://efds.fa.em5.oraclecloud.com/hcmUI/CandidateExperience/en/sites/CX_1/job/67662,2026-07-27,2026-07-27,2026-08-03T09:21:28+00:00,2026-08-03 02:21 Mon,,false,,,,false,oracle:Ford:67662
Ford:68017,Ford,Technical Test Manager,"Naucalpan de Juarez, MEX, Mexico",,https://efds.fa.em5.oraclecloud.com/hcmUI/CandidateExperience/en/sites/CX_1/job/68017,2026-08-11,2026-08-11,2026-08-11T19:59:55+00:00,2026-08-11 12:59 Tue,,false,,,,false,oracle:Ford:68017
Ford:69143,Ford,Technical Trainer,"Melbourne, Victoria, Australia",,https://efds.fa.em5.oraclecloud.com/hcmUI/CandidateExperience/en/sites/CX_1/job/69143,2026-08-20,2026-08-20,2026-08-20T05:41:30+00:00,2026-08-19 22:41 Wed,,false,,,,false,oracle:Ford:69143
Ford:66097,Ford,Technician Recognition Manager,"Allen Park, MI, United States",,https://efds.fa.em5.oraclecloud.com/hcmUI/CandidateExperience/en/sites/CX_1/job/66097,2026-06-30,2026-06-30,2026-07-07T05:59:38+00:00,2026-07-06 22:59 Mon,,false,,,,false,oracle:Ford:66097
Ford:68594,Ford,Technician Recognition Manager,"Allen Park, MI, United States",,https://efds.fa.em5.oraclecloud.com/hcmUI/CandidateExperience/en/sites/CX_1/job/68594,2026-09-01,2026-09-01,2026-08-18T02:56:28+00:00,2026-08-17 19:56 Mon,,false,,,,false,oracle:Ford:68594
Ford:66999,Ford,Technology Lead/Product Anchor,"Chennai, Tamil Nadu, India",,https://efds.fa.em5.oraclecloud.com/hcmUI/CandidateExperience/en/sites/CX_1/job/66999,2026-07-22,2026-07-22,2026-07-22T11:41:13+00:00,2026-07-22 04:41 Wed,,false,,,,false,oracle:Ford:66999
Ford:65755,Ford,Test and Product Engineering Developer,"Waterloo, ON, Canada",,https://efds.fa.em5.oraclecloud.com/hcmUI/CandidateExperience/en/sites/CX_1/job/65755,2026-07-02,2026-07-02,2026-07-07T05:59:38+00:00,2026-07-06 22:59 Mon,,false,,,,false,oracle:Ford:65755
Ford:64075,Ford,Test Automation Developer – Embedded Connectivity Platform,"Ottawa, ON, Canada",,https://efds.fa.em5.oraclecloud.com/hcmUI/CandidateExperience/en/sites/CX_1/job/64075,2026-07-16,2026-07-16,2026-07-16T19:59:43+00:00,2026-07-16 12:59 Thu,,false,,,,false,oracle:Ford:64075
Ford:64817,Ford,Test Automation Engineer,"Chennai, Tamil Nadu, India",,https://efds.fa.em5.oraclecloud.com/hcmUI/CandidateExperience/en/sites/CX_1/job/64817,2026-07-14,2026-07-14,2026-07-14T07:59:04+00:00,2026-07-14 00:59 Tue,,false,,,,false,oracle:Ford:64817
Ford:66743,Ford,Test Automation Lead,"Chennai, Tamil Nadu, India",,https://efds.fa.em5.oraclecloud.com/hcmUI/CandidateExperience/en/sites/CX_1/job/66743,2026-07-20,2026-07-20,2026-07-20T17:59:41+00:00,2026-07-20 10:59 Mon,,false,,,,false,oracle:Ford:66743
Ford:69362,Ford,Test Automation Node Maintainer,"Ottawa, ON, Canada",,https://efds.fa.em5.oraclecloud.com/hcmUI/CandidateExperience/en/sites/CX_1/job/69362,2026-08-27,2026-08-27,2026-08-27T20:59:51+00:00,2026-08-27 13:59 Thu,,false,,,,false,oracle:Ford:69362
Ford:66783,Ford,"Test Developer, Automation","Ottawa, ON, Canada",,https://efds.fa.em5.oraclecloud.com/hcmUI/CandidateExperience/en/sites/CX_1/job/66783,2026-07-21,2026-07-21,2026-07-21T17:41:49+00:00,2026-07-21 10:41 Tue,,false,,,,false,oracle:Ford:66783
Ford:65913,Ford,Test Engineer - SYNC,"Waterloo, ON, Canada",,https://efds.fa.em5.oraclecloud.com/hcmUI/CandidateExperience/en/sites/CX_1/job/65913,2026-07-02,2026-07-02,2026-07-07T05:59:38+00:00,2026-07-06 22:59 Mon,,false,,,,false,oracle:Ford:65913
Ford:67176,Ford,Test Vehicle Program Engineer,"Dearborn, MI, United States",,https://efds.fa.em5.oraclecloud.com/hcmUI/CandidateExperience/en/sites/CX_1/job/67176,2026-08-05,2026-08-05,2026-08-05T17:42:19+00:00,2026-08-05 10:42 Wed,Other Technical,true,CLI,25,"The candidate has strong software, computer vision, and automated testing experience but lacks direct automotive, EV, vehicle validation, and test program engineering experience.",false,oracle:Ford:67176
Ford:67200,Ford,Testing and Governance Lead,"Detroit, MI, United States",,https://efds.fa.em5.oraclecloud.com/hcmUI/CandidateExperience/en/sites/CX_1/job/67200,2026-08-12,2026-08-12,2026-08-12T17:41:49+00:00,2026-08-12 10:41 Wed,,false,,,,false,oracle:Ford:67200
Ford:66425,Ford,Thermal System Firmware Integration Engineer,"Long Beach, CA, United States",,https://efds.fa.em5.oraclecloud.com/hcmUI/CandidateExperience/en/sites/CX_1/job/66425,2026-07-06,2026-07-06,2026-07-07T05:59:38+00:00,2026-07-06 22:59 Mon,,false,,,,false,oracle:Ford:66425
Ford:67650,Ford,Thermal Systems Engineer,"Dearborn, MI, United States",,https://efds.fa.em5.oraclecloud.com/hcmUI/CandidateExperience/en/sites/CX_1/job/67650,2026-08-07,2026-08-07,2026-08-07T15:59:37+00:00,2026-08-07 08:59 Fri,,false,,,,false,oracle:Ford:67650
Ford:66126,Ford,Thermal/Fluid Modeling Engineer - Electrified Powertrains,"Dearborn, MI, United States",,https://efds.fa.em5.oraclecloud.com/hcmUI/CandidateExperience/en/sites/CX_1/job/66126,2026-07-16,2026-07-16,2026-07-16T12:59:40+00:00,2026-07-16 05:59 Thu,,false,,,,false,oracle:Ford:66126
Ford:67351,Ford,"Tires, Jacks, and Wheel Ornaments D&R Engineer","Naucalpan de Juarez, MEX, Mexico",,https://efds.fa.em5.oraclecloud.com/hcmUI/CandidateExperience/en/sites/CX_1/job/67351,2026-08-05,2026-08-05,2026-08-05T17:59:55+00:00,2026-08-05 10:59 Wed,,false,,,,false,oracle:Ford:67351
Ford:67505,Ford,"Tires, Jacks, and Wheel Ornaments D&R Engineer","Naucalpan de Juarez, MEX, Mexico",,https://efds.fa.em5.oraclecloud.com/hcmUI/CandidateExperience/en/sites/CX_1/job/67505,2026-08-05,2026-08-05,2026-08-05T18:41:57+00:00,2026-08-05 11:41 Wed,,false,,,,false,oracle:Ford:67505
Ford:67407,Ford,TL - Sustainable Fuels & Decarbonization,"Dearborn, MI, United States",,https://efds.fa.em5.oraclecloud.com/hcmUI/CandidateExperience/en/sites/CX_1/job/67407,2026-08-11,2026-08-11,2026-08-11T22:41:42+00:00,2026-08-11 15:41 Tue,,false,,,,false,oracle:Ford:67407
Ford:69086,Ford,Toolmaker & Template Maker - Southeast MI (SE MI),"Dearborn, MI, United States",,https://efds.fa.em5.oraclecloud.com/hcmUI/CandidateExperience/en/sites/CX_1/job/69086,2026-08-17,2026-08-17,2026-08-17T12:41:39+00:00,2026-08-17 05:41 Mon,AI / ML,true,CLI,2,"The candidate is a computer vision and software engineer with no demonstrated apprenticeship, machining, CNC, tooling fabrication, precision measurement, or blueprint-reading experience required for this manufacturing trade role.",false,oracle:Ford:69086
Ford:64923,Ford,Total Rewards Manager - South America - São Paulo,"Sao Paulo, SP, Brazil",,https://efds.fa.em5.oraclecloud.com/hcmUI/CandidateExperience/en/sites/CX_1/job/64923,2026-07-02,2026-07-02,2026-07-07T05:59:38+00:00,2026-07-06 22:59 Mon,,false,,,,false,oracle:Ford:64923
Ford:69052,Ford,"Training and Development Leader, Ford Energy","Glendale, KY, United States",,https://efds.fa.em5.oraclecloud.com/hcmUI/CandidateExperience/en/sites/CX_1/job/69052,2026-08-26,2026-08-26,2026-08-26T14:59:42+00:00,2026-08-26 07:59 Wed,,false,,,,false,oracle:Ford:69052
Ford:66703,Ford,Trans & Driveline CAE engineer,"Naucalpan de Juarez, MEX, Mexico",,https://efds.fa.em5.oraclecloud.com/hcmUI/CandidateExperience/en/sites/CX_1/job/66703,2026-07-17,2026-07-17,2026-07-17T15:59:22+00:00,2026-07-17 08:59 Fri,,false,,,,false,oracle:Ford:66703
Ford:66401,Ford,Transformation Go-Live Manager,"Dearborn, MI, United States",,https://efds.fa.em5.oraclecloud.com/hcmUI/CandidateExperience/en/sites/CX_1/job/66401,2026-07-07,2026-07-07,2026-07-07T13:43:37+00:00,2026-07-07 06:43 Tue,,false,,,,false,oracle:Ford:66401
Ford:68248,Ford,"Transformation Leader, Vehicle Operations and Powertrain Manufacturing",United States,,https://efds.fa.em5.oraclecloud.com/hcmUI/CandidateExperience/en/sites/CX_1/job/68248,2026-08-06,2026-08-06,2026-08-06T15:42:32+00:00,2026-08-06 08:42 Thu,,false,,,,false,oracle:Ford:68248
Ford:67449,Ford,Transportation Systems Lead,"Chennai, Tamil Nadu, India",,https://efds.fa.em5.oraclecloud.com/hcmUI/CandidateExperience/en/sites/CX_1/job/67449,2026-08-31,2026-08-31,2026-08-31T14:17:42+00:00,2026-08-31 07:17 Mon,,false,,,,false,oracle:Ford:67449
Ford:66142,Ford,Treasury & Cash Management Analyst (South America),"Naucalpan de Juarez, MEX, Mexico",,https://efds.fa.em5.oraclecloud.com/hcmUI/CandidateExperience/en/sites/CX_1/job/66142,2026-07-01,2026-07-01,2026-07-07T05:59:38+00:00,2026-07-06 22:59 Mon,,false,,,,false,oracle:Ford:66142
Ford:68917,Ford,Trends and Futuring Analyst,"Dearborn, MI, United States",,https://efds.fa.em5.oraclecloud.com/hcmUI/CandidateExperience/en/sites/CX_1/job/68917,2026-09-01,2026-09-01,2026-09-02T05:20:28+00:00,2026-09-01 22:20 Tue,,false,,,,false,oracle:Ford:68917
Ford:67973,Ford,Trim Coordination Build - Implementation Engineer,"Chennai, Tamil Nadu, India",,https://efds.fa.em5.oraclecloud.com/hcmUI/CandidateExperience/en/sites/CX_1/job/67973,2026-08-17,2026-08-17,2026-08-17T09:17:30+00:00,2026-08-17 02:17 Mon,,false,,,,false,oracle:Ford:67973
Ford:69534,Ford,Técnico Administrativo de Operaciones,Mexico,,https://efds.fa.em5.oraclecloud.com/hcmUI/CandidateExperience/en/sites/CX_1/job/69534,2026-08-24,2026-08-24,2026-08-24T02:41:41+00:00,2026-08-23 19:41 Sun,,false,,,,false,oracle:Ford:69534
Ford:69025,Ford,Técnico Mecánico,Mexico,,https://efds.fa.em5.oraclecloud.com/hcmUI/CandidateExperience/en/sites/CX_1/job/69025,2026-08-24,2026-08-24,2026-08-24T00:59:21+00:00,2026-08-23 17:59 Sun,,false,,,,false,oracle:Ford:69025
Ford:66987,Ford,U.S. Fleet Sales Coordinator,"Dearborn, MI, United States",,https://efds.fa.em5.oraclecloud.com/hcmUI/CandidateExperience/en/sites/CX_1/job/66987,2026-08-11,2026-08-11,2026-08-11T11:59:54+00:00,2026-08-11 04:59 Tue,,false,,,,false,oracle:Ford:66987
Ford:67414,Ford,Underbody Brake Design and Release,"Naucalpan de Juarez, MEX, Mexico",,https://efds.fa.em5.oraclecloud.com/hcmUI/CandidateExperience/en/sites/CX_1/job/67414,2026-07-31,2026-07-31,2026-07-31T18:41:45+00:00,2026-07-31 11:41 Fri,,false,,,,false,oracle:Ford:67414
Ford:68005,Ford,Underbody Sheet Metal Design & Release Engineer – Body Structures,"Naucalpan de Juarez, MEX, Mexico",,https://efds.fa.em5.oraclecloud.com/hcmUI/CandidateExperience/en/sites/CX_1/job/68005,2026-09-03,2026-09-03,2026-08-20T16:18:06+00:00,2026-08-20 09:18 Thu,,false,,,,false,oracle:Ford:68005
Ford:66709,Ford,Upfitter Subsystem Engineer,"Naucalpan de Juarez, MEX, Mexico",,https://efds.fa.em5.oraclecloud.com/hcmUI/CandidateExperience/en/sites/CX_1/job/66709,2026-07-21,2026-07-21,2026-07-21T16:41:51+00:00,2026-07-21 09:41 Tue,,false,,,,false,oracle:Ford:66709
Ford:64986,Ford,US Payroll Manager,"Dearborn, MI, United States",,https://efds.fa.em5.oraclecloud.com/hcmUI/CandidateExperience/en/sites/CX_1/job/64986,2026-07-08,2026-07-08,2026-07-08T13:36:18+00:00,2026-07-08 06:36 Wed,,false,,,,false,oracle:Ford:64986
Ford:66548,Ford,Used Vehicle Remarketing Agent,"Manchester, Greater Manchester, United Kingdom",,https://efds.fa.em5.oraclecloud.com/hcmUI/CandidateExperience/en/sites/CX_1/job/66548,2026-07-07,2026-07-07,2026-07-07T13:43:37+00:00,2026-07-07 06:43 Tue,,false,,,,false,oracle:Ford:66548
Ford:67165,Ford,V&V Governance Engineer,"Dearborn, MI, United States",,https://efds.fa.em5.oraclecloud.com/hcmUI/CandidateExperience/en/sites/CX_1/job/67165,2026-08-10,2026-08-10,2026-08-10T20:25:42+00:00,2026-08-10 13:25 Mon,Other Technical,true,Keyword,40,keyword-only heuristic,false,oracle:Ford:67165
Ford:67184,Ford,V&V HiL Engineer,"Naucalpan de Juarez, MEX, Mexico",,https://efds.fa.em5.oraclecloud.com/hcmUI/CandidateExperience/en/sites/CX_1/job/67184,2026-07-30,2026-07-30,2026-08-03T09:21:28+00:00,2026-08-03 02:21 Mon,,false,,,,false,oracle:Ford:67184
Ford:67678,Ford,V&V Vehicle Software Lead,"Dearborn, MI, United States",,https://efds.fa.em5.oraclecloud.com/hcmUI/CandidateExperience/en/sites/CX_1/job/67678,2026-08-18,2026-08-18,2026-08-18T22:08:50+00:00,2026-08-18 15:08 Tue,,false,,,,false,oracle:Ford:67678
Ford:66613,Ford,Validation Lead Engineer,"Dearborn, MI, United States",,https://efds.fa.em5.oraclecloud.com/hcmUI/CandidateExperience/en/sites/CX_1/job/66613,2026-07-17,2026-07-17,2026-07-17T17:59:49+00:00,2026-07-17 10:59 Fri,,false,,,,false,oracle:Ford:66613
Ford:63455,Ford,Vehicle Controls Engineer - Propulsion Controls,"Dearborn, MI, United States",,https://efds.fa.em5.oraclecloud.com/hcmUI/CandidateExperience/en/sites/CX_1/job/63455,2026-06-30,2026-06-30,2026-07-07T05:59:38+00:00,2026-07-06 22:59 Mon,,false,,,,false,oracle:Ford:63455
Ford:62175,Ford,Vehicle Controls Software Quality/Process Engineer,"Dearborn, MI, United States",,https://efds.fa.em5.oraclecloud.com/hcmUI/CandidateExperience/en/sites/CX_1/job/62175,2026-07-28,2026-07-28,2026-07-28T17:59:35+00:00,2026-07-28 10:59 Tue,,false,,,,false,oracle:Ford:62175
Ford:64204,Ford,Vehicle Dynamics Test Engineer (Motorsports),"Concord, NC, United States",,https://efds.fa.em5.oraclecloud.com/hcmUI/CandidateExperience/en/sites/CX_1/job/64204,2026-07-08,2026-07-08,2026-07-08T13:12:05+00:00,2026-07-08 06:12 Wed,,false,,,,false,oracle:Ford:64204
Ford:67557,Ford,"Vehicle Intelligence & Integration, Product Manager","Dearborn, MI, United States",,https://efds.fa.em5.oraclecloud.com/hcmUI/CandidateExperience/en/sites/CX_1/job/67557,2026-08-06,2026-08-06,2026-08-06T15:42:32+00:00,2026-08-06 08:42 Thu,,false,,,,false,oracle:Ford:67557
Ford:70064,Ford,Vehicle Logistics Supervisor,"MANILA, Philippines",,https://efds.fa.em5.oraclecloud.com/hcmUI/CandidateExperience/en/sites/CX_1/job/70064,2026-09-03,2026-09-03,2026-09-03T19:37:21+00:00,2026-09-03 12:37 Thu,,false,,,,false,oracle:Ford:70064
Ford:64447,Ford,Vehicle Operations Fulfillment Supervisor,"Dearborn, MI, United States",,https://efds.fa.em5.oraclecloud.com/hcmUI/CandidateExperience/en/sites/CX_1/job/64447,2026-07-14,2026-07-14,2026-07-14T13:41:04+00:00,2026-07-14 06:41 Tue,AI / ML,true,Keyword,40,keyword-only heuristic,false,oracle:Ford:64447
Ford:65639,Ford,Vehicle Personalization Product Engineer,"Allen Park, MI, United States",,https://efds.fa.em5.oraclecloud.com/hcmUI/CandidateExperience/en/sites/CX_1/job/65639,2026-06-30,2026-06-30,2026-07-07T05:59:38+00:00,2026-07-06 22:59 Mon,,false,,,,false,oracle:Ford:65639
Ford:66368,Ford,Vehicle Pricing Analyst,"Budapest, Kozep-Magyarorszag, Hungary",,https://efds.fa.em5.oraclecloud.com/hcmUI/CandidateExperience/en/sites/CX_1/job/66368,2026-07-01,2026-07-01,2026-07-07T05:59:38+00:00,2026-07-06 22:59 Mon,,false,,,,false,oracle:Ford:66368
Ford:67728,Ford,Vehicle Pricing Analyst,"Budapest, Kozep-Magyarorszag, Hungary",,https://efds.fa.em5.oraclecloud.com/hcmUI/CandidateExperience/en/sites/CX_1/job/67728,2026-07-28,2026-07-28,2026-07-28T13:17:48+00:00,2026-07-28 06:17 Tue,,false,,,,false,oracle:Ford:67728
Ford:66589,Ford,Vehicle Pricing Specialist,"Budapest, Kozep-Magyarorszag, Hungary",,https://efds.fa.em5.oraclecloud.com/hcmUI/CandidateExperience/en/sites/CX_1/job/66589,2026-07-08,2026-07-08,2026-07-08T12:12:07+00:00,2026-07-08 05:12 Wed,,false,,,,false,oracle:Ford:66589
Ford:65931,Ford,Vehicle Prognostics - Applied Data Scientist,"Dearborn, MI, United States",,https://efds.fa.em5.oraclecloud.com/hcmUI/CandidateExperience/en/sites/CX_1/job/65931,2026-07-01,2026-07-01,2026-07-07T05:59:38+00:00,2026-07-06 22:59 Mon,AI / ML,true,,62,"The title is clearly an applied data science role likely tied to predictive/prognostics ML, but the posting provides almost no technical detail and the candidate’s strongest fit is computer vision/deep learning rather than vehicle prognostics or reliability analytics.",true,oracle:Ford:65931
Ford:66392,Ford,Vehicle Propulsion System Calibration Engineer,"Dearborn, MI, United States",,https://efds.fa.em5.oraclecloud.com/hcmUI/CandidateExperience/en/sites/CX_1/job/66392,2026-07-16,2026-07-16,2026-07-16T14:17:41+00:00,2026-07-16 07:17 Thu,,false,,,,false,oracle:Ford:66392
Ford:66105,Ford,Vehicle Propulsion Systems Engineering,"Naucalpan de Juarez, MEX, Mexico",,https://efds.fa.em5.oraclecloud.com/hcmUI/CandidateExperience/en/sites/CX_1/job/66105,2026-07-02,2026-07-02,2026-07-07T05:59:38+00:00,2026-07-06 22:59 Mon,,false,,,,false,oracle:Ford:66105
Ford:66573,Ford,Vehicle Software Updates Systems Engineering Manager,"Dearborn, MI, United States",,https://efds.fa.em5.oraclecloud.com/hcmUI/CandidateExperience/en/sites/CX_1/job/66573,2026-07-29,2026-07-29,2026-07-29T15:41:44+00:00,2026-07-29 08:41 Wed,,false,,,,false,oracle:Ford:66573
Ford:66373,Ford,Verification and Validation Engineer,"Dearborn, MI, United States",,https://efds.fa.em5.oraclecloud.com/hcmUI/CandidateExperience/en/sites/CX_1/job/66373,2026-08-15,2026-08-15,2026-08-15T14:38:29+00:00,2026-08-15 07:38 Sat,,false,,,,false,oracle:Ford:66373
Ford:66316,Ford,VHE Business Office Analyst,"Dearborn, MI, United States",,https://efds.fa.em5.oraclecloud.com/hcmUI/CandidateExperience/en/sites/CX_1/job/66316,2026-07-08,2026-07-08,2026-07-09T05:28:20+00:00,2026-07-08 22:28 Wed,,false,,,,false,oracle:Ford:66316
Ford:67018,Ford,Virtual Validation Engineer,"Dearborn, MI, United States",,https://efds.fa.em5.oraclecloud.com/hcmUI/CandidateExperience/en/sites/CX_1/job/67018,2026-09-01,2026-09-01,2026-07-23T16:23:42+00:00,2026-07-23 09:23 Thu,,false,,,,false,oracle:Ford:67018
Ford:69645,Ford,Visual Design Lead,"Palo Alto, CA, United States",,https://efds.fa.em5.oraclecloud.com/hcmUI/CandidateExperience/en/sites/CX_1/job/69645,2026-09-03,2026-09-03,2026-09-03T04:50:24+00:00,2026-09-02 21:50 Wed,,false,,,,false,oracle:Ford:69645
Ford:67288,Ford,VMC Engineer,"Pretoria, Gauteng, South Africa",,https://efds.fa.em5.oraclecloud.com/hcmUI/CandidateExperience/en/sites/CX_1/job/67288,2026-07-20,2026-07-20,2026-07-20T10:33:21+00:00,2026-07-20 03:33 Mon,,false,,,,false,oracle:Ford:67288
Ford:69461,Ford,VME Body Program Implementation Leader,"Dearborn, MI, United States",,https://efds.fa.em5.oraclecloud.com/hcmUI/CandidateExperience/en/sites/CX_1/job/69461,2026-08-27,2026-08-27,2026-08-27T17:59:56+00:00,2026-08-27 10:59 Thu,,false,,,,false,oracle:Ford:69461
Ford:66100,Ford,VRT Functional Analyst,"Dearborn, MI, United States",,https://efds.fa.em5.oraclecloud.com/hcmUI/CandidateExperience/en/sites/CX_1/job/66100,2026-07-22,2026-07-22,2026-07-22T18:41:49+00:00,2026-07-22 11:41 Wed,,false,,,,false,oracle:Ford:66100
Ford:68677,Ford,VSO Business Analyst,"Detroit, MI, United States",,https://efds.fa.em5.oraclecloud.com/hcmUI/CandidateExperience/en/sites/CX_1/job/68677,2026-08-17,2026-08-17,2026-08-18T02:56:28+00:00,2026-08-17 19:56 Mon,,false,,,,false,oracle:Ford:68677
Ford:66758,Ford,Warehouse Supervisor,"Paris, ON, Canada",,https://efds.fa.em5.oraclecloud.com/hcmUI/CandidateExperience/en/sites/CX_1/job/66758,2026-08-19,2026-08-19,2026-08-19T19:39:52+00:00,2026-08-19 12:39 Wed,,false,,,,false,oracle:Ford:66758
Ford:66094,Ford,Warranty Auditor,United States,,https://efds.fa.em5.oraclecloud.com/hcmUI/CandidateExperience/en/sites/CX_1/job/66094,2026-08-05,2026-08-05,2026-08-05T11:17:55+00:00,2026-08-05 04:17 Wed,,false,,,,false,oracle:Ford:66094
Ford:66812,Ford,Warranty Operation Specialist,"Szentendre, Kozep-Magyarorszag, Hungary",,https://efds.fa.em5.oraclecloud.com/hcmUI/CandidateExperience/en/sites/CX_1/job/66812,2026-07-16,2026-07-16,2026-07-16T14:42:01+00:00,2026-07-16 07:42 Thu,,false,,,,false,oracle:Ford:66812
Ford:57466,Ford,Werkstudent (d/w/m) im Ford Ersatzteilzentrum Köln-Merkenich,"Köln, Nordrhein Westfalen, Germany",,https://efds.fa.em5.oraclecloud.com/hcmUI/CandidateExperience/en/sites/CX_1/job/57466,2026-07-07,2026-07-07,2026-07-07T13:43:37+00:00,2026-07-07 06:43 Tue,,false,,,,false,oracle:Ford:57466
Ford:67478,Ford,"Wheel, Tire, Jack, Ornament Core Engineer","Naucalpan de Juarez, MEX, Mexico",,https://efds.fa.em5.oraclecloud.com/hcmUI/CandidateExperience/en/sites/CX_1/job/67478,2026-09-01,2026-09-01,2026-08-11T16:34:03+00:00,2026-08-11 09:34 Tue,,false,,,,false,oracle:Ford:67478
Ford:65681,Ford,Wheels & Tires Engineer,"Naucalpan de Juarez, MEX, Mexico",,https://efds.fa.em5.oraclecloud.com/hcmUI/CandidateExperience/en/sites/CX_1/job/65681,2026-08-11,2026-08-11,2026-08-11T16:17:40+00:00,2026-08-11 09:17 Tue,,false,,,,false,oracle:Ford:65681
Ford:68747,Ford,Wholesale Channel Parts Sales,"Dearborn, MI, United States",,https://efds.fa.em5.oraclecloud.com/hcmUI/CandidateExperience/en/sites/CX_1/job/68747,2026-08-31,2026-08-31,2026-08-31T12:17:26+00:00,2026-08-31 05:17 Mon,,false,,,,false,oracle:Ford:68747
Ford:69190,Ford,Young Professional,South Africa,,https://efds.fa.em5.oraclecloud.com/hcmUI/CandidateExperience/en/sites/CX_1/job/69190,2026-08-19,2026-08-19,2026-08-19T10:52:38+00:00,2026-08-19 03:52 Wed,,false,,,,false,oracle:Ford:69190
Ford:60237,Ford,Young Professional Program - Manufacturing,South Africa,,https://efds.fa.em5.oraclecloud.com/hcmUI/CandidateExperience/en/sites/CX_1/job/60237,2026-08-04,2026-08-04,2026-08-04T13:17:39+00:00,2026-08-04 06:17 Tue,,false,,,,false,oracle:Ford:60237
