job_key,company,title,location,department,urls,date_posted,date_posted_iso,first_seen,first_seen_pt,track,scored,score_method,experience_score,reason,emailed,source_uids
Verkada:4388198007,Verkada," Account Executive, Select, San Mateo","San Mateo, CA United States",Mid-Market Select,https://job-boards.greenhouse.io/verkada/jobs/4388198007,2026-08-19T01:01:08-04:00,2026-08-19,2026-07-10T05:21:53+00:00,2026-07-09 22:21 Thu,,false,,,,false,greenhouse:Verkada:4388198007
Verkada:5104166007,Verkada, Enterprise Account Executive (Idaho),"Boise, ID United States",Enterprise CORP,https://job-boards.greenhouse.io/verkada/jobs/5104166007,2026-08-19T01:02:11-04:00,2026-08-19,2026-07-10T05:21:53+00:00,2026-07-09 22:21 Thu,,false,,,,false,greenhouse:Verkada:5104166007
Verkada:4144772007,Verkada, Marketing (Sales) Development Representative ,"San Mateo, CA United States",Marketing Development ,https://job-boards.greenhouse.io/verkada/jobs/4144772007,2026-08-19T01:00:19-04:00,2026-08-19,2026-07-10T05:21:53+00:00,2026-07-09 22:21 Thu,,false,,,,false,greenhouse:Verkada:4144772007
Verkada:5197357007,Verkada, Marketing (Sales) Development Representative - German Speaking,London,Marketing Development ,https://job-boards.greenhouse.io/verkada/jobs/5197357007,2026-08-19T01:01:38-04:00,2026-08-19,2026-07-29T07:59:22+00:00,2026-07-29 00:59 Wed,,false,,,,false,greenhouse:Verkada:5197357007
Verkada:5107093007,Verkada, Partner Experience Specialist (US + Canada),"San Mateo, CA United States",Strategy/Operations,https://job-boards.greenhouse.io/verkada/jobs/5107093007,2026-08-19T01:02:11-04:00,2026-08-19,2026-07-10T05:21:53+00:00,2026-07-09 22:21 Thu,,false,,,,false,greenhouse:Verkada:5107093007
Verkada:5107091007,Verkada, Partner Experience Specialist (US + LATAM),"San Mateo, CA United States",Strategy/Operations,https://job-boards.greenhouse.io/verkada/jobs/5107091007,2026-06-24T17:45:17-04:00,2026-06-24,2026-07-10T05:21:53+00:00,2026-07-09 22:21 Thu,,false,,,,false,greenhouse:Verkada:5107091007
Verkada:4988191007,Verkada,(SDR) Enterprise Development Representative - UKI,London,International,https://job-boards.greenhouse.io/verkada/jobs/4988191007,2026-07-16T19:36:26-04:00,2026-07-16,2026-07-10T05:21:53+00:00,2026-07-09 22:21 Thu,,false,,,,false,greenhouse:Verkada:4988191007
Verkada:4855765007,Verkada,"(Sr) Associate, Strategic Finance & Business Operations","San Mateo, CA United States",Finance,https://job-boards.greenhouse.io/verkada/jobs/4855765007,2026-08-19T01:01:22-04:00,2026-08-19,2026-07-10T05:21:53+00:00,2026-07-09 22:21 Thu,,false,,,,false,greenhouse:Verkada:4855765007
Verkada:4921524007,Verkada,(Sr.) Director/ Head of Compensation,"San Mateo, CA United States",Finance,https://job-boards.greenhouse.io/verkada/jobs/4921524007,2026-06-24T17:45:17-04:00,2026-06-24,2026-07-10T05:21:53+00:00,2026-07-09 22:21 Thu,,false,,,,false,greenhouse:Verkada:4921524007
Verkada:5082442007,Verkada,"(Sr.) Field Marketing Manager - Mid-Market, East","New York City, NY United States",Field Marketing & Events,https://job-boards.greenhouse.io/verkada/jobs/5082442007,2026-08-19T01:02:10-04:00,2026-08-19,2026-07-10T05:21:53+00:00,2026-07-09 22:21 Thu,,false,,,,false,greenhouse:Verkada:5082442007
Verkada:5085013007,Verkada,"(Sr.) Field Marketing Manager - Mid-Market, East","Philadelphia, PA United States",Field Marketing & Events,https://job-boards.greenhouse.io/verkada/jobs/5085013007,2026-08-19T01:02:10-04:00,2026-08-19,2026-07-10T05:21:53+00:00,2026-07-09 22:21 Thu,,false,,,,false,greenhouse:Verkada:5085013007
Verkada:5085014007,Verkada,"(Sr.) Field Marketing Manager - Mid-Market, East","Tampa, FL United States",Field Marketing & Events,https://job-boards.greenhouse.io/verkada/jobs/5085014007,2026-08-19T01:02:10-04:00,2026-08-19,2026-07-10T05:21:53+00:00,2026-07-09 22:21 Thu,,false,,,,false,greenhouse:Verkada:5085014007
Verkada:5082424007,Verkada,"(Sr.) Field Marketing Manager - Mid-Market, West","San Mateo, CA United States",Field Marketing & Events,https://job-boards.greenhouse.io/verkada/jobs/5082424007,2026-08-19T01:02:10-04:00,2026-08-19,2026-07-10T05:21:53+00:00,2026-07-09 22:21 Thu,,false,,,,false,greenhouse:Verkada:5082424007
Verkada:5085015007,Verkada,"(Sr.) Field Marketing Manager - Mid-Market, West","Phoenix, AZ United States",Field Marketing & Events,https://job-boards.greenhouse.io/verkada/jobs/5085015007,2026-08-19T01:02:10-04:00,2026-08-19,2026-07-10T05:21:53+00:00,2026-07-09 22:21 Thu,,false,,,,false,greenhouse:Verkada:5085015007
Verkada:5133072007,Verkada,"(Sr.) Field Marketing Manager - Mid-Market, West","Austin, TX United States",Field Marketing & Events,https://job-boards.greenhouse.io/verkada/jobs/5133072007,2026-08-19T01:02:13-04:00,2026-08-19,2026-07-10T05:21:53+00:00,2026-07-09 22:21 Thu,,false,,,,false,greenhouse:Verkada:5133072007
Verkada:5208252007,Verkada,"(Sr.) Field Marketing Manager - Mid-Market, West","Salt Lake City, UT United States",Field Marketing & Events,https://job-boards.greenhouse.io/verkada/jobs/5208252007,2026-08-19T01:02:18-04:00,2026-08-19,2026-08-10T17:59:46+00:00,2026-08-10 10:59 Mon,,false,,,,false,greenhouse:Verkada:5208252007
Verkada:5208260007,Verkada,"(Sr.) Field Marketing Manager - Mid-Market, West","Los Angeles, CA United States",Field Marketing & Events,https://job-boards.greenhouse.io/verkada/jobs/5208260007,2026-08-19T01:02:18-04:00,2026-08-19,2026-08-10T17:59:46+00:00,2026-08-10 10:59 Mon,,false,,,,false,greenhouse:Verkada:5208260007
Verkada:4855766007,Verkada,"(Sr.) Manager, Strategic Finance & Business Operations - Marketing","San Mateo, CA United States",Finance,https://job-boards.greenhouse.io/verkada/jobs/4855766007,2026-08-19T01:01:22-04:00,2026-08-19,2026-07-10T05:21:53+00:00,2026-07-09 22:21 Thu,,false,,,,false,greenhouse:Verkada:4855766007
Verkada:4866484007,Verkada,"Account Executive (Osaka, Japan)",Japan,International,https://job-boards.greenhouse.io/verkada/jobs/4866484007,2026-08-19T01:01:22-04:00,2026-08-19,2026-07-10T05:21:53+00:00,2026-07-09 22:21 Thu,,false,,,,false,greenhouse:Verkada:4866484007
Verkada:4087134007,Verkada,"Account Executive, France",London,International,https://job-boards.greenhouse.io/verkada/jobs/4087134007,2026-08-19T01:00:19-04:00,2026-08-19,2026-07-10T05:21:53+00:00,2026-07-09 22:21 Thu,,false,,,,false,greenhouse:Verkada:4087134007
Verkada:5074752007,Verkada,"Account Executive, Nordics ",London,International,https://job-boards.greenhouse.io/verkada/jobs/5074752007,2026-08-19T01:02:09-04:00,2026-08-19,2026-07-10T05:21:53+00:00,2026-07-09 22:21 Thu,,false,,,,false,greenhouse:Verkada:5074752007
Verkada:4248001007,Verkada,"Account Executive, Select, Austin","Austin, TX United States",Mid-Market Select,https://job-boards.greenhouse.io/verkada/jobs/4248001007,2026-08-19T01:01:20-04:00,2026-08-19,2026-07-10T05:21:53+00:00,2026-07-09 22:21 Thu,,false,,,,false,greenhouse:Verkada:4248001007
Verkada:4248006007,Verkada,"Account Executive, Select, New York City (Mid-Market)","New York City, NY United States",Mid-Market Select,https://job-boards.greenhouse.io/verkada/jobs/4248006007,2026-08-19T01:01:20-04:00,2026-08-19,2026-07-28T18:41:21+00:00,2026-07-28 11:41 Tue,,false,,,,false,greenhouse:Verkada:4248006007
Verkada:4247993007,Verkada,"Account Executive, Select, Phoenix","Phoenix, AZ United States",Mid-Market Select,https://job-boards.greenhouse.io/verkada/jobs/4247993007,2026-06-24T17:45:17-04:00,2026-06-24,2026-07-10T05:21:53+00:00,2026-07-09 22:21 Thu,,false,,,,false,greenhouse:Verkada:4247993007
Verkada:4247996007,Verkada,"Account Executive, Select, Salt Lake City (Mid-Market)","Salt Lake City, UT United States",Mid-Market Select,https://job-boards.greenhouse.io/verkada/jobs/4247996007,2026-08-19T01:01:20-04:00,2026-08-19,2026-07-10T05:21:53+00:00,2026-07-09 22:21 Thu,,false,,,,false,greenhouse:Verkada:4247996007
Verkada:4911923007,Verkada,"Account Executive, Seoul",South Korea,International,https://job-boards.greenhouse.io/verkada/jobs/4911923007,2026-08-19T01:01:24-04:00,2026-08-19,2026-07-10T05:21:53+00:00,2026-07-09 22:21 Thu,,false,,,,false,greenhouse:Verkada:4911923007
Verkada:4086589007,Verkada,"Account Executive, Sydney","Sydney, Australia",International,https://job-boards.greenhouse.io/verkada/jobs/4086589007,2026-08-19T01:00:19-04:00,2026-08-19,2026-07-10T05:21:53+00:00,2026-07-09 22:21 Thu,,false,,,,false,greenhouse:Verkada:4086589007
Verkada:4087046007,Verkada,"Account Executive, Territory (Mid-Market)","Austin, TX United States",Mid-Market Territory,https://job-boards.greenhouse.io/verkada/jobs/4087046007,2026-08-19T01:00:19-04:00,2026-08-19,2026-07-10T05:21:53+00:00,2026-07-09 22:21 Thu,,false,,,,false,greenhouse:Verkada:4087046007
Verkada:4087051007,Verkada,"Account Executive, Territory (Mid-Market)","Salt Lake City, UT United States",Mid-Market Territory,https://job-boards.greenhouse.io/verkada/jobs/4087051007,2026-08-19T01:00:19-04:00,2026-08-19,2026-07-10T05:21:53+00:00,2026-07-09 22:21 Thu,,false,,,,false,greenhouse:Verkada:4087051007
Verkada:4103490007,Verkada,"Account Executive, Territory (Mid-Market)","Philadelphia, PA United States",Mid-Market Territory,https://job-boards.greenhouse.io/verkada/jobs/4103490007,2026-08-19T01:00:20-04:00,2026-08-19,2026-07-10T05:21:53+00:00,2026-07-09 22:21 Thu,,false,,,,false,greenhouse:Verkada:4103490007
Verkada:4103493007,Verkada,"Account Executive, Territory (Mid-Market)","New York City, NY United States",Mid-Market Territory,https://job-boards.greenhouse.io/verkada/jobs/4103493007,2026-07-31T12:20:49-04:00,2026-07-31,2026-07-10T05:21:53+00:00,2026-07-09 22:21 Thu,,false,,,,false,greenhouse:Verkada:4103493007
Verkada:4134175007,Verkada,"Account Executive, Territory (Mid-Market)","St. Petersburg, FL United States",Mid-Market Territory,https://job-boards.greenhouse.io/verkada/jobs/4134175007,2026-08-19T01:00:21-04:00,2026-08-19,2026-07-10T05:21:53+00:00,2026-07-09 22:21 Thu,,false,,,,false,greenhouse:Verkada:4134175007
Verkada:4135236007,Verkada,"Account Executive, Territory (Mid-Market)","Tempe, AZ United States",Mid-Market Territory,https://job-boards.greenhouse.io/verkada/jobs/4135236007,2026-08-19T01:00:22-04:00,2026-08-19,2026-07-10T05:21:53+00:00,2026-07-09 22:21 Thu,,false,,,,false,greenhouse:Verkada:4135236007
Verkada:5026955007,Verkada,"Account Executive, Territory (Mid-Market)","Atlanta, GA United States",Mid-Market Territory,https://job-boards.greenhouse.io/verkada/jobs/5026955007,2026-07-27T21:35:15-04:00,2026-07-27,2026-07-10T05:21:53+00:00,2026-07-09 22:21 Thu,,false,,,,false,greenhouse:Verkada:5026955007
Verkada:5027198007,Verkada,"Account Executive, Territory (Mid-Market)","Los Angeles, CA United States",Mid-Market Territory,https://job-boards.greenhouse.io/verkada/jobs/5027198007,2026-07-21T15:26:33-04:00,2026-07-21,2026-07-10T05:21:53+00:00,2026-07-09 22:21 Thu,,false,,,,false,greenhouse:Verkada:5027198007
Verkada:5161632007,Verkada,"Account Executive, Territory (Mid-Market)","Boston, MA United States",Mid-Market Territory,https://job-boards.greenhouse.io/verkada/jobs/5161632007,2026-07-27T14:46:46-04:00,2026-07-27,2026-07-10T05:21:53+00:00,2026-07-09 22:21 Thu,,false,,,,false,greenhouse:Verkada:5161632007
Verkada:5170485007,Verkada,"Account Executive, Territory (Mid-Market)","San Mateo, CA United States",Mid-Market Territory,https://job-boards.greenhouse.io/verkada/jobs/5170485007,2026-08-12T18:01:03-04:00,2026-08-12,2026-07-10T05:21:53+00:00,2026-07-09 22:21 Thu,,false,,,,false,greenhouse:Verkada:5170485007
Verkada:5041521007,Verkada,"Account Executive, Territory, Chicago","Chicago, IL United States",Mid-Market Territory,https://job-boards.greenhouse.io/verkada/jobs/5041521007,2026-08-19T01:01:29-04:00,2026-08-19,2026-07-10T05:21:53+00:00,2026-07-09 22:21 Thu,,false,,,,false,greenhouse:Verkada:5041521007
Verkada:4915934007,Verkada,"Account Executive, Tokyo","Tokyo, Japan",International,https://job-boards.greenhouse.io/verkada/jobs/4915934007,2026-08-19T01:01:24-04:00,2026-08-19,2026-07-10T05:21:53+00:00,2026-07-09 22:21 Thu,,false,,,,false,greenhouse:Verkada:4915934007
Verkada:4135260007,Verkada,"Account Executive, UK",London,International,https://job-boards.greenhouse.io/verkada/jobs/4135260007,2026-08-19T01:00:22-04:00,2026-08-19,2026-07-10T05:21:53+00:00,2026-07-09 22:21 Thu,,false,,,,false,greenhouse:Verkada:4135260007
Verkada:5200009007,Verkada,Accounts Receivable Specialist (Remote),United States,Finance,https://job-boards.greenhouse.io/verkada/jobs/5200009007,2026-08-19T01:02:17-04:00,2026-08-19,2026-07-30T23:41:26+00:00,2026-07-30 16:41 Thu,,false,,,,false,greenhouse:Verkada:5200009007
Verkada:5199940007,Verkada,AI Marketing Engineer,London,Growth Operations,https://job-boards.greenhouse.io/verkada/jobs/5199940007,2026-08-19T01:02:17-04:00,2026-08-19,2026-07-30T23:41:26+00:00,2026-07-30 16:41 Thu,,false,,,,false,greenhouse:Verkada:5199940007
Verkada:5200138007,Verkada,Associate Recruiter,"San Mateo, CA United States",Technical Support Recruiting,https://job-boards.greenhouse.io/verkada/jobs/5200138007,2026-08-07T17:18:12-04:00,2026-08-07,2026-08-07T21:24:57+00:00,2026-08-07 14:24 Fri,,false,,,,false,greenhouse:Verkada:5200138007
Verkada:5211024007,Verkada,Associate Recruiter ,"San Mateo, CA United States",Hardware Recruiting,https://job-boards.greenhouse.io/verkada/jobs/5211024007,2026-08-19T01:02:18-04:00,2026-08-19,2026-08-13T16:59:49+00:00,2026-08-13 09:59 Thu,,false,,,,false,greenhouse:Verkada:5211024007
Verkada:4135277007,Verkada,"Associate Solutions Engineer, San Mateo","San Mateo, CA United States",Solutions Engineering,https://job-boards.greenhouse.io/verkada/jobs/4135277007,2026-08-19T01:00:23-04:00,2026-08-19,2026-08-17T18:58:14+00:00,2026-08-17 11:58 Mon,,false,,,,false,greenhouse:Verkada:4135277007
Verkada:4595354007,Verkada,Associate Solutions Engineering Program Manager,"San Mateo, CA United States",Solutions Engineering,https://job-boards.greenhouse.io/verkada/jobs/4595354007,2026-08-19T01:01:43-04:00,2026-08-19,2026-07-10T05:21:53+00:00,2026-07-09 22:21 Thu,,false,,,,false,greenhouse:Verkada:4595354007
Verkada:4945957007,Verkada,"Associate, Pricing & Commercial Operations","San Mateo, CA United States",Pricing and Commercial Operations,https://job-boards.greenhouse.io/verkada/jobs/4945957007,2026-07-16T19:36:26-04:00,2026-07-16,2026-07-10T05:21:53+00:00,2026-07-09 22:21 Thu,,false,,,,false,greenhouse:Verkada:4945957007
Verkada:5188708007,Verkada,AV Engineer - East Coast (NYC),"New York City, NY United States",Workplace,https://job-boards.greenhouse.io/verkada/jobs/5188708007,2026-08-19T01:02:16-04:00,2026-08-19,2026-07-16T16:41:41+00:00,2026-07-16 09:41 Thu,Computer Vision,true,Keyword,43,keyword-only heuristic,false,greenhouse:Verkada:5188708007
Verkada:4915101007,Verkada,Backend Engineer - Access Control,"San Mateo, CA United States",Access Control,https://job-boards.greenhouse.io/verkada/jobs/4915101007,2026-06-24T17:45:17-04:00,2026-06-24,2026-07-10T05:21:53+00:00,2026-07-09 22:21 Thu,,false,,,,false,greenhouse:Verkada:4915101007
Verkada:5191604007,Verkada,Backend Engineer - Alarms,"San Mateo, CA",,https://job-boards.greenhouse.io/verkada/jobs/5191604007,,,2026-07-21T17:59:30+00:00,2026-07-21 10:59 Tue,Computer Vision,true,Keyword,61,keyword-only heuristic,true,greenhouse:Verkada:5191604007|speedyapply:SpeedyApply SWE:https://job-boards.greenhouse.io/verkada/jobs/5191604007|speedyapply:SpeedyApply SWE:5191604007
Verkada:5194598007,Verkada,Backend Engineer - Connectivity,"San Mateo, CA",,https://job-boards.greenhouse.io/verkada/jobs/5194598007,,,2026-07-24T17:41:33+00:00,2026-07-24 10:41 Fri,Computer Vision,true,Keyword,70,keyword-only heuristic,true,greenhouse:Verkada:5194598007|speedyapply:SpeedyApply SWE:https://job-boards.greenhouse.io/verkada/jobs/5194598007|speedyapply:SpeedyApply SWE:5194598007
Verkada:https://job-boards.greenhouse.io/verkada/jobs/5099422007,Verkada,Backend Software Engineering Intern - Fall 2026,"San Mateo, CA United States",,https://job-boards.greenhouse.io/verkada/jobs/5099422007,,,2026-07-07T05:59:38+00:00,2026-07-06 22:59 Mon,,false,,,,false,speedyapply:SpeedyApply SWE:https://job-boards.greenhouse.io/verkada/jobs/5099422007
Verkada:5173135007,Verkada,Business Systems - Product Manager,"San Mateo, CA United States",Business Ops,https://job-boards.greenhouse.io/verkada/jobs/5173135007,2026-08-19T01:02:15-04:00,2026-08-19,2026-07-10T05:21:53+00:00,2026-07-09 22:21 Thu,,false,,,,false,greenhouse:Verkada:5173135007
Verkada:4964448007,Verkada,Business Systems - Product Manager (People Systems),"San Mateo, CA United States",Business Ops,https://job-boards.greenhouse.io/verkada/jobs/4964448007,2026-07-16T19:36:26-04:00,2026-07-16,2026-07-10T05:21:53+00:00,2026-07-09 22:21 Thu,,false,,,,false,greenhouse:Verkada:4964448007
Verkada:5077895007,Verkada,Business Value Manager,"San Mateo, CA United States",Sales - Dept,https://job-boards.greenhouse.io/verkada/jobs/5077895007,2026-07-16T19:36:26-04:00,2026-07-16,2026-07-10T05:21:53+00:00,2026-07-09 22:21 Thu,,false,,,,false,greenhouse:Verkada:5077895007
Verkada:5207473007,Verkada,Channel Sales Manager (Northern NJ / Staten Island),"New Jersey, United States",Channel,https://job-boards.greenhouse.io/verkada/jobs/5207473007,2026-08-19T01:02:18-04:00,2026-08-19,2026-08-10T15:41:52+00:00,2026-08-10 08:41 Mon,,false,,,,false,greenhouse:Verkada:5207473007
Verkada:5179303007,Verkada,"Channel Sales Manager - Team Lead, LATAM","Mexico City, Mexico",Channel,https://job-boards.greenhouse.io/verkada/jobs/5179303007,2026-08-19T01:02:15-04:00,2026-08-19,2026-07-10T05:21:53+00:00,2026-07-09 22:21 Thu,,false,,,,false,greenhouse:Verkada:5179303007
Verkada:5055794007,Verkada,"Channel Sales Manager, Bay Area","San Mateo, CA United States",Channel,https://job-boards.greenhouse.io/verkada/jobs/5055794007,2026-08-19T01:02:08-04:00,2026-08-19,2026-07-10T05:21:53+00:00,2026-07-09 22:21 Thu,,false,,,,false,greenhouse:Verkada:5055794007
Verkada:5147150007,Verkada,"Channel Sales Manager, Bay Area","San Mateo, CA United States",Channel,https://job-boards.greenhouse.io/verkada/jobs/5147150007,2026-08-19T01:02:14-04:00,2026-08-19,2026-07-10T05:21:53+00:00,2026-07-09 22:21 Thu,,false,,,,false,greenhouse:Verkada:5147150007
Verkada:5148608007,Verkada,"Channel Sales Manager, Benelux ",Amsterdam,Channel,https://job-boards.greenhouse.io/verkada/jobs/5148608007,2026-08-19T01:02:14-04:00,2026-08-19,2026-07-10T05:21:53+00:00,2026-07-09 22:21 Thu,,false,,,,false,greenhouse:Verkada:5148608007
Verkada:5199115007,Verkada,"Channel Sales Manager, Georgia","Atlanta, GA United States",Channel,https://job-boards.greenhouse.io/verkada/jobs/5199115007,2026-08-19T01:02:17-04:00,2026-08-19,2026-08-03T18:41:46+00:00,2026-08-03 11:41 Mon,,false,,,,false,greenhouse:Verkada:5199115007
Verkada:5112325007,Verkada,"Channel Sales Manager, Germany",Germany,Channel,https://job-boards.greenhouse.io/verkada/jobs/5112325007,2026-08-19T01:02:12-04:00,2026-08-19,2026-07-10T05:21:53+00:00,2026-07-09 22:21 Thu,,false,,,,false,greenhouse:Verkada:5112325007
Verkada:4818526007,Verkada,"Channel Sales Manager, Germany ",Germany,Channel,https://job-boards.greenhouse.io/verkada/jobs/4818526007,2026-08-19T01:01:56-04:00,2026-08-19,2026-07-10T05:21:53+00:00,2026-07-09 22:21 Thu,,false,,,,false,greenhouse:Verkada:4818526007
Verkada:4568144007,Verkada,"Channel Sales Manager, Japan","Tokyo, Japan",Channel,https://job-boards.greenhouse.io/verkada/jobs/4568144007,2026-08-19T01:01:11-04:00,2026-08-19,2026-07-10T05:21:53+00:00,2026-07-09 22:21 Thu,,false,,,,false,greenhouse:Verkada:4568144007
Verkada:5193539007,Verkada,"Channel Sales Manager, LATAM","Mexico City, Mexico",Channel,https://job-boards.greenhouse.io/verkada/jobs/5193539007,2026-08-19T01:02:16-04:00,2026-08-19,2026-07-23T17:17:32+00:00,2026-07-23 10:17 Thu,,false,,,,false,greenhouse:Verkada:5193539007
Verkada:5148663007,Verkada,"Channel Sales Manager, Southern Europe ",Italy,Channel,https://job-boards.greenhouse.io/verkada/jobs/5148663007,2026-08-19T01:02:14-04:00,2026-08-19,2026-07-10T05:21:53+00:00,2026-07-09 22:21 Thu,,false,,,,false,greenhouse:Verkada:5148663007
Verkada:5162415007,Verkada,"Channel Sales Manager, Southwest ","Phoenix, AZ United States",Channel,https://job-boards.greenhouse.io/verkada/jobs/5162415007,2026-06-24T17:45:17-04:00,2026-06-24,2026-07-10T05:21:53+00:00,2026-07-09 22:21 Thu,,false,,,,false,greenhouse:Verkada:5162415007
Verkada:5009999007,Verkada,"Channel Sales Manager, Sweden","Stockholm, Sweden",Channel,https://job-boards.greenhouse.io/verkada/jobs/5009999007,2026-08-19T01:02:05-04:00,2026-08-19,2026-07-10T05:21:53+00:00,2026-07-09 22:21 Thu,,false,,,,false,greenhouse:Verkada:5009999007
Verkada:5056364007,Verkada,"Channel Sales Manager, Wisconsin / Iowa","Iowa, United States",Channel,https://job-boards.greenhouse.io/verkada/jobs/5056364007,2026-06-24T17:45:17-04:00,2026-06-24,2026-07-10T05:21:53+00:00,2026-07-09 22:21 Thu,,false,,,,false,greenhouse:Verkada:5056364007
Verkada:5146977007,Verkada,"Channel Sales Manager, Wisconsin / Iowa","Minneapolis, MN United States",Channel,https://job-boards.greenhouse.io/verkada/jobs/5146977007,2026-06-24T17:45:17-04:00,2026-06-24,2026-07-10T05:21:53+00:00,2026-07-09 22:21 Thu,,false,,,,false,greenhouse:Verkada:5146977007
Verkada:5055722007,Verkada,"Channel Sales Manager, Wisconsin / Iowa  ","Wisconsin, United States",Channel,https://job-boards.greenhouse.io/verkada/jobs/5055722007,2026-06-24T17:45:17-04:00,2026-06-24,2026-07-10T05:21:53+00:00,2026-07-09 22:21 Thu,,false,,,,false,greenhouse:Verkada:5055722007
Verkada:5188795007,Verkada,Channel Solutions Engineer,"San Mateo, CA United States",Solutions Engineering,https://job-boards.greenhouse.io/verkada/jobs/5188795007,2026-08-19T01:02:16-04:00,2026-08-19,2026-08-04T16:59:26+00:00,2026-08-04 09:59 Tue,,false,,,,false,greenhouse:Verkada:5188795007
Verkada:5142130007,Verkada,Communications Manager,"San Mateo, CA United States",PR/Communications,https://job-boards.greenhouse.io/verkada/jobs/5142130007,2026-08-19T01:02:13-04:00,2026-08-19,2026-07-10T05:21:53+00:00,2026-07-09 22:21 Thu,,false,,,,false,greenhouse:Verkada:5142130007
Verkada:5167243007,Verkada,Compliance TPM - Device Security ,"San Mateo, CA United States",Security,https://job-boards.greenhouse.io/verkada/jobs/5167243007,2026-06-24T17:45:17-04:00,2026-06-24,2026-07-10T05:21:53+00:00,2026-07-09 22:21 Thu,,false,,,,false,greenhouse:Verkada:5167243007
Verkada:5064464007,Verkada,"Data Trust Associate, Global Revenue Informatics","San Mateo, CA United States",Strategy/Operations,https://job-boards.greenhouse.io/verkada/jobs/5064464007,2026-08-17T17:48:38-04:00,2026-08-17,2026-07-10T05:21:53+00:00,2026-07-09 22:21 Thu,,false,,,,false,greenhouse:Verkada:5064464007
Verkada:5092583007,Verkada,Demand Generation Manager,London,Acquisition Marketing,https://job-boards.greenhouse.io/verkada/jobs/5092583007,2026-06-24T17:45:17-04:00,2026-06-24,2026-07-10T05:21:53+00:00,2026-07-09 22:21 Thu,,false,,,,false,greenhouse:Verkada:5092583007
Verkada:5165396007,Verkada,"Deputy / Associate General Counsel, Corporate","San Mateo, CA United States",Legal,https://job-boards.greenhouse.io/verkada/jobs/5165396007,2026-08-19T01:02:15-04:00,2026-08-19,2026-07-10T05:21:53+00:00,2026-07-09 22:21 Thu,,false,,,,false,greenhouse:Verkada:5165396007
Verkada:5188820007,Verkada,"Designer, Int'l Workplace Development (Contract Position) ","San Mateo, CA United States",Workplace,https://job-boards.greenhouse.io/verkada/jobs/5188820007,2026-07-22T14:10:00-04:00,2026-07-22,2026-07-16T20:59:42+00:00,2026-07-16 13:59 Thu,,false,,,,false,greenhouse:Verkada:5188820007
Verkada:5211647007,Verkada,Digital Growth Manager,"San Mateo, CA United States",Growth,https://job-boards.greenhouse.io/verkada/jobs/5211647007,2026-08-19T01:02:19-04:00,2026-08-19,2026-08-13T18:59:32+00:00,2026-08-13 11:59 Thu,,false,,,,false,greenhouse:Verkada:5211647007
Verkada:5129653007,Verkada,"Digital Growth Manager, Generalist","San Mateo, CA United States",Growth,https://job-boards.greenhouse.io/verkada/jobs/5129653007,2026-07-16T19:36:26-04:00,2026-07-16,2026-07-10T05:21:53+00:00,2026-07-09 22:21 Thu,,false,,,,false,greenhouse:Verkada:5129653007
Verkada:5211644007,Verkada,Digital Growth Senior Associate,"San Mateo, CA United States",Growth,https://job-boards.greenhouse.io/verkada/jobs/5211644007,2026-08-19T01:02:19-04:00,2026-08-19,2026-08-13T18:59:32+00:00,2026-08-13 11:59 Thu,,false,,,,false,greenhouse:Verkada:5211644007
Verkada:5081188007,Verkada,"Director of Firmware Engineering, Cameras","San Mateo, CA United States",Cameras,https://job-boards.greenhouse.io/verkada/jobs/5081188007,2026-08-19T01:01:31-04:00,2026-08-19,2026-07-10T05:21:53+00:00,2026-07-09 22:21 Thu,,false,,,,false,greenhouse:Verkada:5081188007
Verkada:5155848007,Verkada,Director of Global Security,"San Mateo, CA United States",Legal,https://job-boards.greenhouse.io/verkada/jobs/5155848007,2026-08-19T01:02:14-04:00,2026-08-19,2026-07-10T05:21:53+00:00,2026-07-09 22:21 Thu,,false,,,,false,greenhouse:Verkada:5155848007
Verkada:5138265007,Verkada,"Director, Global Enterprise Accounts","San Mateo, CA United States",Manager/Director,https://job-boards.greenhouse.io/verkada/jobs/5138265007,2026-08-19T01:02:13-04:00,2026-08-19,2026-07-10T05:21:53+00:00,2026-07-09 22:21 Thu,,false,,,,false,greenhouse:Verkada:5138265007
Verkada:4134166007,Verkada,Embedded Automated Test & Test System Engineer,Poland,Software Engineering Admin,https://job-boards.greenhouse.io/verkada/jobs/4134166007,2026-07-16T19:36:26-04:00,2026-07-16,2026-07-10T05:21:53+00:00,2026-07-09 22:21 Thu,,false,,,,false,greenhouse:Verkada:4134166007
Verkada:5195862007,Verkada,Embedded Engineer - Streaming,"San Mateo, CA United States",Cameras,https://job-boards.greenhouse.io/verkada/jobs/5195862007,2026-08-14T13:03:34-04:00,2026-08-14,2026-07-29T22:59:52+00:00,2026-07-29 15:59 Wed,Computer Vision,true,Keyword,52,keyword-only heuristic,true,greenhouse:Verkada:5195862007
Verkada:4129347007,Verkada,Embedded Linux Security Engineer,"San Mateo, CA United States",Security,https://job-boards.greenhouse.io/verkada/jobs/4129347007,2026-08-19T01:00:21-04:00,2026-08-19,2026-07-10T05:21:53+00:00,2026-07-09 22:21 Thu,,false,,,,false,greenhouse:Verkada:4129347007
Verkada:5194716007,Verkada,Embedded Software Engineer - Access Control,"San Mateo, CA",,https://job-boards.greenhouse.io/verkada/jobs/5194716007,,,2026-07-23T23:59:08+00:00,2026-07-23 16:59 Thu,Computer Vision,true,Keyword,64,keyword-only heuristic,true,greenhouse:Verkada:5194716007|speedyapply:SpeedyApply SWE:https://job-boards.greenhouse.io/verkada/jobs/5194716007|speedyapply:SpeedyApply SWE:5194716007
Verkada:5210563007,Verkada,Embedded Software Engineer - Access Control,"San Mateo, CA United States",Access Control,https://job-boards.greenhouse.io/verkada/jobs/5210563007,2026-08-19T01:02:18-04:00,2026-08-19,2026-08-12T17:59:46+00:00,2026-08-12 10:59 Wed,Computer Vision,true,CLI,62,"Strong fit in C/C++, Python, Linux, Bash, distributed systems, and software engineering, but limited evidence of embedded Linux, device drivers, kernel work, Yocto, Secure Boot, WebRTC, or security-focused programming.",true,greenhouse:Verkada:5210563007
Verkada:5145739007,Verkada,Engineering Manager - Storage Systems,"San Mateo, CA United States",Cameras,https://job-boards.greenhouse.io/verkada/jobs/5145739007,2026-08-19T01:01:34-04:00,2026-08-19,2026-07-10T05:21:53+00:00,2026-07-09 22:21 Thu,,false,,,,false,greenhouse:Verkada:5145739007
Verkada:5209693007,Verkada,"Engineering Manager, Access Control","San Mateo, CA United States",Access Control,https://job-boards.greenhouse.io/verkada/jobs/5209693007,2026-08-19T01:02:18-04:00,2026-08-19,2026-08-12T21:00:01+00:00,2026-08-12 14:00 Wed,Computer Vision,true,CLI,12,"The candidate has relevant software, backend, computer vision, and limited mentoring experience, but lacks the required 7+ years, frontend production experience, engineering management history, and demonstrated hiring or team leadership for an Engineering Manager role.",true,greenhouse:Verkada:5209693007
Verkada:5148388007,Verkada,"Engineering Manager, Agentic Workflows ","San Mateo, CA United States",Infrastructure/Platform,https://job-boards.greenhouse.io/verkada/jobs/5148388007,2026-06-24T17:45:17-04:00,2026-06-24,2026-07-10T05:21:53+00:00,2026-07-09 22:21 Thu,,false,,,,false,greenhouse:Verkada:5148388007
Verkada:5198815007,Verkada,"Engineering Manager, Agentic Workflows ","San Mateo, CA United States",Infrastructure/Platform,https://job-boards.greenhouse.io/verkada/jobs/5198815007,2026-08-19T01:02:17-04:00,2026-08-19,2026-07-29T19:17:34+00:00,2026-07-29 12:17 Wed,Computer Vision,true,Keyword,52,keyword-only heuristic,true,greenhouse:Verkada:5198815007
Verkada:5173327007,Verkada,"Engineering Manager, Atlas (Spatial Systems)","San Mateo, CA United States",Core Services,https://job-boards.greenhouse.io/verkada/jobs/5173327007,2026-06-24T17:45:17-04:00,2026-06-24,2026-07-10T05:21:53+00:00,2026-07-09 22:21 Thu,,false,,,,false,greenhouse:Verkada:5173327007
Verkada:5192924007,Verkada,"Engineering Manager, Atlas (Spatial Systems)","San Mateo, CA United States",Core Services,https://job-boards.greenhouse.io/verkada/jobs/5192924007,2026-08-19T01:02:16-04:00,2026-08-19,2026-07-21T22:42:22+00:00,2026-07-21 15:42 Tue,Computer Vision,true,Keyword,58,keyword-only heuristic,true,greenhouse:Verkada:5192924007
Verkada:5124500007,Verkada,"Engineering Manager, Platform Infrastructure","San Mateo, CA United States",Infrastructure/Platform,https://job-boards.greenhouse.io/verkada/jobs/5124500007,2026-08-19T01:02:12-04:00,2026-08-19,2026-07-10T05:21:53+00:00,2026-07-09 22:21 Thu,,false,,,,false,greenhouse:Verkada:5124500007
Verkada:5043028007,Verkada,Enterprise Account Executive (Calgary),"Calgary, Canada",Enterprise CORP,https://job-boards.greenhouse.io/verkada/jobs/5043028007,2026-08-19T01:02:07-04:00,2026-08-19,2026-07-10T05:21:53+00:00,2026-07-09 22:21 Thu,,false,,,,false,greenhouse:Verkada:5043028007
Verkada:4998116007,Verkada,Enterprise Account Executive (Chicago - SLED),"Chicago, IL United States",Enterprise SLED,https://job-boards.greenhouse.io/verkada/jobs/4998116007,2026-08-19T01:01:27-04:00,2026-08-19,2026-07-10T05:21:53+00:00,2026-07-09 22:21 Thu,,false,,,,false,greenhouse:Verkada:4998116007
Verkada:5034197007,Verkada,Enterprise Account Executive (Houston - SLED),"Houston, TX United States",Enterprise SLED,https://job-boards.greenhouse.io/verkada/jobs/5034197007,2026-06-24T17:45:17-04:00,2026-06-24,2026-07-10T05:21:53+00:00,2026-07-09 22:21 Thu,,false,,,,false,greenhouse:Verkada:5034197007
Verkada:5109636007,Verkada,Enterprise Account Executive (Illinois),"Chicago, IL United States",Enterprise CORP,https://job-boards.greenhouse.io/verkada/jobs/5109636007,2026-06-24T17:45:17-04:00,2026-06-24,2026-07-10T05:21:53+00:00,2026-07-09 22:21 Thu,,false,,,,false,greenhouse:Verkada:5109636007
Verkada:5176010007,Verkada,Enterprise Account Executive (KY),"Louisville, KY United States",Enterprise SLED,https://job-boards.greenhouse.io/verkada/jobs/5176010007,2026-06-30T13:41:01-04:00,2026-06-30,2026-07-10T05:21:53+00:00,2026-07-09 22:21 Thu,,false,,,,false,greenhouse:Verkada:5176010007
Verkada:5065295007,Verkada,Enterprise Account Executive (LA - Corporate),"Los Angeles, CA United States",Enterprise CORP,https://job-boards.greenhouse.io/verkada/jobs/5065295007,2026-08-19T01:02:09-04:00,2026-08-19,2026-07-10T05:21:53+00:00,2026-07-09 22:21 Thu,,false,,,,false,greenhouse:Verkada:5065295007
Verkada:5144641007,Verkada,Enterprise Account Executive (Nashville),"Nashville, TN United States",Enterprise CORP,https://job-boards.greenhouse.io/verkada/jobs/5144641007,2026-06-24T17:45:17-04:00,2026-06-24,2026-07-10T05:21:53+00:00,2026-07-09 22:21 Thu,,false,,,,false,greenhouse:Verkada:5144641007
Verkada:5170725007,Verkada,Enterprise Account Executive (New Jersey - Muni),"New Jersey, United States",Enterprise SLED,https://job-boards.greenhouse.io/verkada/jobs/5170725007,2026-08-19T01:01:36-04:00,2026-08-19,2026-07-10T05:21:53+00:00,2026-07-09 22:21 Thu,,false,,,,false,greenhouse:Verkada:5170725007
Verkada:5065266007,Verkada,Enterprise Account Executive (New York - Corporate),"New York City, NY United States",Enterprise CORP,https://job-boards.greenhouse.io/verkada/jobs/5065266007,2026-06-24T17:45:17-04:00,2026-06-24,2026-07-10T05:21:53+00:00,2026-07-09 22:21 Thu,,false,,,,false,greenhouse:Verkada:5065266007
Verkada:5156789007,Verkada,Enterprise Account Executive (New York City - Muni),"New York City, NY United States",Enterprise SLED,https://job-boards.greenhouse.io/verkada/jobs/5156789007,2026-08-19T01:01:35-04:00,2026-08-19,2026-07-10T05:21:53+00:00,2026-07-09 22:21 Thu,,false,,,,false,greenhouse:Verkada:5156789007
Verkada:5059245007,Verkada,Enterprise Account Executive (NOVA/MD - Muni),"Washington, D.C. United States",Enterprise SLED,https://job-boards.greenhouse.io/verkada/jobs/5059245007,2026-06-24T17:45:17-04:00,2026-06-24,2026-07-10T05:21:53+00:00,2026-07-09 22:21 Thu,,false,,,,false,greenhouse:Verkada:5059245007
Verkada:5056778007,Verkada,Enterprise Account Executive (Ohio - SLED),"Ohio, United States",Enterprise SLED,https://job-boards.greenhouse.io/verkada/jobs/5056778007,2026-06-24T17:45:17-04:00,2026-06-24,2026-07-10T05:21:53+00:00,2026-07-09 22:21 Thu,,false,,,,false,greenhouse:Verkada:5056778007
Verkada:5132545007,Verkada,Enterprise Account Executive (Osaka),Japan,International,https://job-boards.greenhouse.io/verkada/jobs/5132545007,2026-08-19T01:01:33-04:00,2026-08-19,2026-07-10T05:21:53+00:00,2026-07-09 22:21 Thu,,false,,,,false,greenhouse:Verkada:5132545007
Verkada:5155962007,Verkada,Enterprise Account Executive (Southern California - SLED),"Orange County, CA United States",Enterprise SLED,https://job-boards.greenhouse.io/verkada/jobs/5155962007,2026-07-16T19:36:26-04:00,2026-07-16,2026-07-10T05:21:53+00:00,2026-07-09 22:21 Thu,,false,,,,false,greenhouse:Verkada:5155962007
Verkada:5170730007,Verkada,Enterprise Account Executive (Tennessee),"Nashville, TN United States",Enterprise SLED,https://job-boards.greenhouse.io/verkada/jobs/5170730007,2026-06-29T10:03:43-04:00,2026-06-29,2026-07-10T05:21:53+00:00,2026-07-09 22:21 Thu,,false,,,,false,greenhouse:Verkada:5170730007
Verkada:5140568007,Verkada,Enterprise Account Executive (Toronto),"Toronto, Canada",Enterprise CORP,https://job-boards.greenhouse.io/verkada/jobs/5140568007,2026-07-06T16:53:52-04:00,2026-07-06,2026-07-10T05:21:53+00:00,2026-07-09 22:21 Thu,,false,,,,false,greenhouse:Verkada:5140568007
Verkada:5194132007,Verkada,Enterprise Account Executive (Vancouver),"Vancouver, Canada",Enterprise CORP,https://job-boards.greenhouse.io/verkada/jobs/5194132007,2026-08-19T01:02:16-04:00,2026-08-19,2026-07-23T21:59:54+00:00,2026-07-23 14:59 Thu,,false,,,,false,greenhouse:Verkada:5194132007
Verkada:5132351007,Verkada,Enterprise Account Executive (Washington - SLED),"Seattle, WA United States",Enterprise SLED,https://job-boards.greenhouse.io/verkada/jobs/5132351007,2026-07-17T17:49:12-04:00,2026-07-17,2026-07-10T05:21:53+00:00,2026-07-09 22:21 Thu,,false,,,,false,greenhouse:Verkada:5132351007
Verkada:5100608007,Verkada,Enterprise Account Executive (Washington),"Seattle, WA United States",Enterprise CORP,https://job-boards.greenhouse.io/verkada/jobs/5100608007,2026-08-19T01:02:10-04:00,2026-08-19,2026-07-10T05:21:53+00:00,2026-07-09 22:21 Thu,,false,,,,false,greenhouse:Verkada:5100608007
Verkada:4771706007,Verkada,Enterprise Account Executive (Wisconsin),"Wisconsin, United States",Enterprise CORP,https://job-boards.greenhouse.io/verkada/jobs/4771706007,2026-06-24T17:45:17-04:00,2026-06-24,2026-07-10T05:21:53+00:00,2026-07-09 22:21 Thu,,false,,,,false,greenhouse:Verkada:4771706007
Verkada:5158181007,Verkada,"Enterprise Account Executive , Quebec","Quebec, Canada",Enterprise CORP,https://job-boards.greenhouse.io/verkada/jobs/5158181007,2026-07-02T18:18:30-04:00,2026-07-02,2026-07-10T05:21:53+00:00,2026-07-09 22:21 Thu,,false,,,,false,greenhouse:Verkada:5158181007
Verkada:4140486007,Verkada,Enterprise Account Executive - France,"Paris, France",International,https://job-boards.greenhouse.io/verkada/jobs/4140486007,2026-08-19T01:00:28-04:00,2026-08-19,2026-07-10T05:21:53+00:00,2026-07-09 22:21 Thu,,false,,,,false,greenhouse:Verkada:4140486007
Verkada:4140723007,Verkada,"Enterprise Account Executive, LATAM","Mexico City, Mexico",Global,https://job-boards.greenhouse.io/verkada/jobs/4140723007,2026-07-30T18:01:53-04:00,2026-07-30,2026-07-10T05:21:53+00:00,2026-07-09 22:21 Thu,,false,,,,false,greenhouse:Verkada:4140723007
Verkada:4913872007,Verkada,"Enterprise Account Executive, Tokyo","Tokyo, Japan",International,https://job-boards.greenhouse.io/verkada/jobs/4913872007,2026-08-19T01:01:24-04:00,2026-08-19,2026-07-10T05:21:53+00:00,2026-07-09 22:21 Thu,,false,,,,false,greenhouse:Verkada:4913872007
Verkada:4140679007,Verkada,Enterprise Development Representative,"Austin, TX United States",Sales Development,https://job-boards.greenhouse.io/verkada/jobs/4140679007,2026-08-19T01:00:28-04:00,2026-08-19,2026-07-10T05:21:53+00:00,2026-07-09 22:21 Thu,,false,,,,false,greenhouse:Verkada:4140679007
Verkada:5132507007,Verkada,Enterprise Development Representative (French-Speaking),"Austin, TX United States",Sales Development,https://job-boards.greenhouse.io/verkada/jobs/5132507007,2026-06-30T14:51:08-04:00,2026-06-30,2026-07-10T05:21:53+00:00,2026-07-09 22:21 Thu,,false,,,,false,greenhouse:Verkada:5132507007
Verkada:5194255007,Verkada,Enterprise Development Representative - German Speaking ,London,Enterprise,https://job-boards.greenhouse.io/verkada/jobs/5194255007,2026-08-19T01:02:16-04:00,2026-08-19,2026-07-24T07:59:03+00:00,2026-07-24 00:59 Fri,,false,,,,false,greenhouse:Verkada:5194255007
Verkada:4431168007,Verkada,"Enterprise Development Representative, LATAM","Mexico City, Mexico",Sales Development,https://job-boards.greenhouse.io/verkada/jobs/4431168007,2026-08-19T01:01:31-04:00,2026-08-19,2026-07-10T05:21:53+00:00,2026-07-09 22:21 Thu,,false,,,,false,greenhouse:Verkada:4431168007
Verkada:5152696007,Verkada,"Enterprise Sales Account Executive,  State (Southeast)","Charleston, SC United States",Enterprise State,https://job-boards.greenhouse.io/verkada/jobs/5152696007,2026-06-24T17:45:17-04:00,2026-06-24,2026-07-10T05:21:53+00:00,2026-07-09 22:21 Thu,,false,,,,false,greenhouse:Verkada:5152696007
Verkada:5152697007,Verkada,"Enterprise Sales Account Executive,  State (Southeast)","Nashville, TN United States",Enterprise State,https://job-boards.greenhouse.io/verkada/jobs/5152697007,2026-06-24T17:45:17-04:00,2026-06-24,2026-07-10T05:21:53+00:00,2026-07-09 22:21 Thu,,false,,,,false,greenhouse:Verkada:5152697007
Verkada:5029695007,Verkada,"Enterprise Sales Account Executive,  State - VA, WV, NC","Virginia, United States",Enterprise State,https://job-boards.greenhouse.io/verkada/jobs/5029695007,2026-08-19T01:02:06-04:00,2026-08-19,2026-07-10T05:21:53+00:00,2026-07-09 22:21 Thu,,false,,,,false,greenhouse:Verkada:5029695007
Verkada:5037119007,Verkada,Enterprise Sales Development Representative,"Sydney, Australia",Sales Development,https://job-boards.greenhouse.io/verkada/jobs/5037119007,2026-07-20T00:52:36-04:00,2026-07-20,2026-07-20T04:59:09+00:00,2026-07-19 21:59 Sun,,false,,,,false,greenhouse:Verkada:5037119007
Verkada:4733685007,Verkada,Enterprise Sales Enablement Manager,"San Mateo, CA United States",Enablement,https://job-boards.greenhouse.io/verkada/jobs/4733685007,2026-07-16T19:36:26-04:00,2026-07-16,2026-07-10T05:21:53+00:00,2026-07-09 22:21 Thu,,false,,,,false,greenhouse:Verkada:4733685007
Verkada:5035168007,Verkada,Enterprise Sales Enablement Manager,"New York City, NY United States",Enablement,https://job-boards.greenhouse.io/verkada/jobs/5035168007,2026-07-16T19:36:26-04:00,2026-07-16,2026-07-10T05:21:53+00:00,2026-07-09 22:21 Thu,,false,,,,false,greenhouse:Verkada:5035168007
Verkada:5147217007,Verkada,"Enterprise Solutions Engineer, Alberta","Calgary, Canada",Solutions Engineering,https://job-boards.greenhouse.io/verkada/jobs/5147217007,2026-06-24T17:45:17-04:00,2026-06-24,2026-07-10T05:21:53+00:00,2026-07-09 22:21 Thu,,false,,,,false,greenhouse:Verkada:5147217007
Verkada:4669998007,Verkada,"Enterprise Solutions Engineer, Central Corp","Austin, TX United States",Solutions Engineering,https://job-boards.greenhouse.io/verkada/jobs/4669998007,2026-08-19T01:01:49-04:00,2026-08-19,2026-07-10T05:21:53+00:00,2026-07-09 22:21 Thu,,false,,,,false,greenhouse:Verkada:4669998007
Verkada:5189107007,Verkada,"Enterprise Solutions Engineer, Denver","Denver, CO United States",Solutions Engineering,https://job-boards.greenhouse.io/verkada/jobs/5189107007,2026-07-27T12:40:56-04:00,2026-07-27,2026-07-27T16:59:45+00:00,2026-07-27 09:59 Mon,,false,,,,false,greenhouse:Verkada:5189107007
Verkada:5069449007,Verkada,"Enterprise Solutions Engineer, Ohio/Indiana, SLED","Ohio, United States",Solutions Engineering,https://job-boards.greenhouse.io/verkada/jobs/5069449007,2026-06-24T17:45:17-04:00,2026-06-24,2026-07-10T05:21:53+00:00,2026-07-09 22:21 Thu,,false,,,,false,greenhouse:Verkada:5069449007
Verkada:5200761007,Verkada,"Enterprise Solutions Engineer, SouthCentral - SLED","Nashville, TN United States",Solutions Engineering,https://job-boards.greenhouse.io/verkada/jobs/5200761007,2026-08-19T01:02:17-04:00,2026-08-19,2026-08-03T17:32:59+00:00,2026-08-03 10:32 Mon,,false,,,,false,greenhouse:Verkada:5200761007
Verkada:4834059007,Verkada,"Enterprise Solutions Engineer, West Coast","Seattle, WA United States",Solutions Engineering,https://job-boards.greenhouse.io/verkada/jobs/4834059007,2026-07-09T18:49:58-04:00,2026-07-09,2026-07-10T05:21:53+00:00,2026-07-09 22:21 Thu,,false,,,,false,greenhouse:Verkada:4834059007
Verkada:5148270007,Verkada,"Enterprise Solutions Engineer, West Coast","Portland, OR United States",Solutions Engineering,https://job-boards.greenhouse.io/verkada/jobs/5148270007,2026-07-09T18:49:58-04:00,2026-07-09,2026-07-10T05:21:53+00:00,2026-07-09 22:21 Thu,,false,,,,false,greenhouse:Verkada:5148270007
Verkada:4992817007,Verkada,"Enterprise Solutions Engineering Manager, Canada","Toronto, Canada",Solutions Engineering,https://job-boards.greenhouse.io/verkada/jobs/4992817007,2026-06-24T17:45:17-04:00,2026-06-24,2026-07-10T05:21:53+00:00,2026-07-09 22:21 Thu,,false,,,,false,greenhouse:Verkada:4992817007
Verkada:5136810007,Verkada,"Enterprise Solutions Engineering Manager, Central SLED","Austin, TX United States",Solutions Engineering,https://job-boards.greenhouse.io/verkada/jobs/5136810007,2026-08-19T01:02:13-04:00,2026-08-19,2026-07-10T05:21:53+00:00,2026-07-09 22:21 Thu,,false,,,,false,greenhouse:Verkada:5136810007
Verkada:5198695007,Verkada,Federal Enterprise Account Executive ,"Washington, D.C. United States",Enterprise FED,https://job-boards.greenhouse.io/verkada/jobs/5198695007,2026-08-19T01:02:17-04:00,2026-08-19,2026-07-29T20:59:36+00:00,2026-07-29 13:59 Wed,,false,,,,false,greenhouse:Verkada:5198695007
Verkada:5212485007,Verkada,Federal Enterprise Account Executive (U.S. Marine Corps),"Washington, D.C. United States",Enterprise FED,https://job-boards.greenhouse.io/verkada/jobs/5212485007,2026-08-19T01:02:19-04:00,2026-08-19,2026-08-17T17:59:24+00:00,2026-08-17 10:59 Mon,,false,,,,false,greenhouse:Verkada:5212485007
Verkada:5185861007,Verkada,Federal Solutions Engineer,"Washington, D.C. United States",Solutions Engineering,https://job-boards.greenhouse.io/verkada/jobs/5185861007,2026-07-14T17:09:56-04:00,2026-07-14,2026-07-14T21:17:12+00:00,2026-07-14 14:17 Tue,,false,,,,false,greenhouse:Verkada:5185861007
Verkada:5195753007,Verkada,Field Marketing Content Manager,"San Mateo, CA United States",Product Marketing ,https://job-boards.greenhouse.io/verkada/jobs/5195753007,2026-08-19T01:02:17-04:00,2026-08-19,2026-07-24T20:41:37+00:00,2026-07-24 13:41 Fri,,false,,,,false,greenhouse:Verkada:5195753007
Verkada:5205073007,Verkada,Field Marketing Manager ,"Vancouver, Canada",Field Marketing & Events,https://job-boards.greenhouse.io/verkada/jobs/5205073007,2026-08-19T01:02:17-04:00,2026-08-19,2026-08-10T19:17:39+00:00,2026-08-10 12:17 Mon,,false,,,,false,greenhouse:Verkada:5205073007
Verkada:5205074007,Verkada,Field Marketing Manager ,"Calgary, Canada",Field Marketing & Events,https://job-boards.greenhouse.io/verkada/jobs/5205074007,2026-08-19T01:02:17-04:00,2026-08-19,2026-08-10T19:17:39+00:00,2026-08-10 12:17 Mon,,false,,,,false,greenhouse:Verkada:5205074007
Verkada:5011910007,Verkada,Field Marketing Manager (Japan),"Tokyo, Japan",Field Marketing & Events,https://job-boards.greenhouse.io/verkada/jobs/5011910007,2026-08-19T01:01:28-04:00,2026-08-19,2026-07-10T05:21:53+00:00,2026-07-09 22:21 Thu,,false,,,,false,greenhouse:Verkada:5011910007
Verkada:5205667007,Verkada,Field Marketing Manager - France,Remote,Field Marketing & Events,https://job-boards.greenhouse.io/verkada/jobs/5205667007,2026-08-19T01:02:18-04:00,2026-08-19,2026-08-10T08:59:26+00:00,2026-08-10 01:59 Mon,,false,,,,false,greenhouse:Verkada:5205667007
Verkada:5017855007,Verkada,Field Marketing Manager - Northern Europe ,Amsterdam,Field Marketing & Events,https://job-boards.greenhouse.io/verkada/jobs/5017855007,2026-08-13T14:17:17-04:00,2026-08-13,2026-07-10T05:21:53+00:00,2026-07-09 22:21 Thu,,false,,,,false,greenhouse:Verkada:5017855007
Verkada:5171595007,Verkada,Field Marketing Manager - Southern Europe ,Spain,Field Marketing & Events,https://job-boards.greenhouse.io/verkada/jobs/5171595007,2026-06-25T03:39:07-04:00,2026-06-25,2026-07-10T05:21:53+00:00,2026-07-09 22:21 Thu,,false,,,,false,greenhouse:Verkada:5171595007
Verkada:5195281007,Verkada,Frontend Engineer - Access Control,"San Mateo, CA",,https://job-boards.greenhouse.io/verkada/jobs/5195281007,,,2026-07-24T20:41:37+00:00,2026-07-24 13:41 Fri,Computer Vision,true,Keyword,52,keyword-only heuristic,true,greenhouse:Verkada:5195281007|speedyapply:SpeedyApply SWE:https://job-boards.greenhouse.io/verkada/jobs/5195281007|speedyapply:SpeedyApply SWE:5195281007
Verkada:5174615007,Verkada,Fulfillment Specialist (Remote) ,"Indianapolis, IN United States",Hardware Operations,https://job-boards.greenhouse.io/verkada/jobs/5174615007,2026-07-06T16:45:40-04:00,2026-07-06,2026-07-10T05:21:53+00:00,2026-07-09 22:21 Thu,,false,,,,false,greenhouse:Verkada:5174615007
Verkada:5191759007,Verkada,"Fulfillment Specialist, Tampa","Tampa, FL United States",Hardware Operations,https://job-boards.greenhouse.io/verkada/jobs/5191759007,2026-08-19T01:02:16-04:00,2026-08-19,2026-07-21T05:41:06+00:00,2026-07-20 22:41 Mon,,false,,,,false,greenhouse:Verkada:5191759007
Verkada:5101666007,Verkada,"Full Stack Engineer, Go-to-Market Systems","San Mateo, CA United States",Software - Early Careers,https://job-boards.greenhouse.io/verkada/jobs/5101666007,2026-07-31T17:03:55-04:00,2026-07-31,2026-07-10T05:21:53+00:00,2026-07-09 22:21 Thu,,false,,,,false,greenhouse:Verkada:5101666007
Verkada:4128860007,Verkada,Global Enterprise Account Executive,"Phoenix, AZ United States",Global,https://job-boards.greenhouse.io/verkada/jobs/4128860007,2026-07-24T12:46:32-04:00,2026-07-24,2026-07-10T05:21:53+00:00,2026-07-09 22:21 Thu,,false,,,,false,greenhouse:Verkada:4128860007
Verkada:5062005007,Verkada,Global Monitoring Operations Lead,"San Mateo, CA United States",Product Operations,https://job-boards.greenhouse.io/verkada/jobs/5062005007,2026-07-16T19:36:26-04:00,2026-07-16,2026-07-10T05:21:53+00:00,2026-07-09 22:21 Thu,,false,,,,false,greenhouse:Verkada:5062005007
Verkada:5209920007,Verkada,Global Operations Program Manager,"San Mateo, CA United States",Hardware Operations,https://job-boards.greenhouse.io/verkada/jobs/5209920007,2026-08-19T01:02:18-04:00,2026-08-19,2026-08-12T20:18:06+00:00,2026-08-12 13:18 Wed,,false,,,,false,greenhouse:Verkada:5209920007
Verkada:4140713007,Verkada,Global Solutions Engineer,United States,Solutions Engineering,https://job-boards.greenhouse.io/verkada/jobs/4140713007,2026-08-19T01:00:29-04:00,2026-08-19,2026-07-10T05:21:53+00:00,2026-07-09 22:21 Thu,,false,,,,false,greenhouse:Verkada:4140713007
Verkada:5190957007,Verkada,"Global Solutions Engineer, LATAM","Mexico City, Mexico",Solutions Engineering,https://job-boards.greenhouse.io/verkada/jobs/5190957007,2026-08-19T01:02:16-04:00,2026-08-19,2026-07-23T23:17:14+00:00,2026-07-23 16:17 Thu,,false,,,,false,greenhouse:Verkada:5190957007
Verkada:5175755007,Verkada,Global Sourcing Specialist ,"San Mateo, CA United States",Hardware Operations,https://job-boards.greenhouse.io/verkada/jobs/5175755007,2026-08-19T01:02:15-04:00,2026-08-19,2026-07-10T05:21:53+00:00,2026-07-09 22:21 Thu,,false,,,,false,greenhouse:Verkada:5175755007
Verkada:4702541007,Verkada,Go Software Engineer,Poland,Software Engineering - Dept,https://job-boards.greenhouse.io/verkada/jobs/4702541007,2026-07-16T19:36:26-04:00,2026-07-16,2026-07-10T05:21:53+00:00,2026-07-09 22:21 Thu,,false,,,,false,greenhouse:Verkada:4702541007
Verkada:5147165007,Verkada,GRC Engineer ,"San Mateo, CA United States",Security,https://job-boards.greenhouse.io/verkada/jobs/5147165007,2026-08-19T01:01:34-04:00,2026-08-19,2026-07-10T05:21:53+00:00,2026-07-09 22:21 Thu,,false,,,,false,greenhouse:Verkada:5147165007
Verkada:5068617007,Verkada,Growth Marketing,"San Mateo, CA United States",Growth,https://job-boards.greenhouse.io/verkada/jobs/5068617007,2026-07-16T19:36:26-04:00,2026-07-16,2026-07-10T05:21:53+00:00,2026-07-09 22:21 Thu,,false,,,,false,greenhouse:Verkada:5068617007
Verkada:4970811007,Verkada,"Growth Marketing Manager, Channel Technical Programs","San Mateo, CA United States",Solutions Engineering,https://job-boards.greenhouse.io/verkada/jobs/4970811007,2026-08-19T01:02:01-04:00,2026-08-19,2026-07-10T05:21:53+00:00,2026-07-09 22:21 Thu,,false,,,,false,greenhouse:Verkada:4970811007
Verkada:5024738007,Verkada,Growth Senior Associate,"San Mateo, CA United States",Growth,https://job-boards.greenhouse.io/verkada/jobs/5024738007,2026-07-16T19:36:26-04:00,2026-07-16,2026-07-10T05:21:53+00:00,2026-07-09 22:21 Thu,,false,,,,false,greenhouse:Verkada:5024738007
Verkada:4288855007,Verkada,Hardware Engineer,"San Mateo, CA United States",Hardware Engineering,https://job-boards.greenhouse.io/verkada/jobs/4288855007,2026-08-19T01:01:22-04:00,2026-08-19,2026-07-10T05:21:53+00:00,2026-07-09 22:21 Thu,,false,,,,false,greenhouse:Verkada:4288855007
Verkada:4388997007,Verkada,Hardware Engineer,"Taipei, Taiwan",Hardware Engineering,https://job-boards.greenhouse.io/verkada/jobs/4388997007,2026-06-24T17:45:17-04:00,2026-06-24,2026-07-10T05:21:53+00:00,2026-07-09 22:21 Thu,,false,,,,false,greenhouse:Verkada:4388997007
Verkada:b985c2e9-afbf-4483-8caf-535dd499e166,Verkada,Hardware Engineer Co-op,"San Mateo, CA",Hardware,https://job-boards.greenhouse.io/verkada/jobs/4321159007,2026-05-13,2026-05-13,2026-07-07T05:59:38+00:00,2026-07-06 22:59 Mon,,false,,,,false,simplify:Simplify Internships:b985c2e9-afbf-4483-8caf-535dd499e166|greenhouse:Verkada:4321159007|simplify:Simplify Internships:4321159007
Verkada:4207342007,Verkada,Hardware Engineering Program Manager,"San Mateo, CA United States",Hardware Engineering,https://job-boards.greenhouse.io/verkada/jobs/4207342007,2026-08-19T01:01:19-04:00,2026-08-19,2026-07-10T05:21:53+00:00,2026-07-09 22:21 Thu,,false,,,,false,greenhouse:Verkada:4207342007
Verkada:5174431007,Verkada,Hardware Engineering Program Specialist,"San Mateo, CA United States",Hardware Engineering,https://job-boards.greenhouse.io/verkada/jobs/5174431007,2026-07-23T15:46:23-04:00,2026-07-23,2026-07-10T05:21:53+00:00,2026-07-09 22:21 Thu,,false,,,,false,greenhouse:Verkada:5174431007
Verkada:5162154007,Verkada,Head of Channel UKI ,London,Channel,https://job-boards.greenhouse.io/verkada/jobs/5162154007,2026-07-16T19:36:26-04:00,2026-07-16,2026-07-10T05:21:53+00:00,2026-07-09 22:21 Thu,,false,,,,false,greenhouse:Verkada:5162154007
Verkada:5057188007,Verkada,Head of Government Affairs,"Washington, D.C. United States",Enterprise SLED,https://job-boards.greenhouse.io/verkada/jobs/5057188007,2026-07-16T19:36:26-04:00,2026-07-16,2026-07-10T05:21:53+00:00,2026-07-09 22:21 Thu,,false,,,,false,greenhouse:Verkada:5057188007
Verkada:5018852007,Verkada,Head of Marketing Operations,"San Mateo, CA United States",Growth Operations,https://job-boards.greenhouse.io/verkada/jobs/5018852007,2026-07-23T17:22:25-04:00,2026-07-23,2026-07-10T05:21:53+00:00,2026-07-09 22:21 Thu,,false,,,,false,greenhouse:Verkada:5018852007
Verkada:5214218007,Verkada,"Head of Operations, Security Trailers & Edge Products","San Mateo, CA United States",Product Management,https://job-boards.greenhouse.io/verkada/jobs/5214218007,2026-08-17T17:53:51-04:00,2026-08-17,2026-08-17T21:59:37+00:00,2026-08-17 14:59 Mon,,false,,,,false,greenhouse:Verkada:5214218007
Verkada:5214221007,Verkada,"Head of Operations, Security Trailers & Edge Products","San Mateo, CA United States",Product Management,https://job-boards.greenhouse.io/verkada/jobs/5214221007,2026-08-19T01:02:19-04:00,2026-08-19,2026-08-17T22:06:48+00:00,2026-08-17 15:06 Mon,,false,,,,false,greenhouse:Verkada:5214221007
Verkada:5203270007,Verkada,Head of Recruiting Operations,"San Mateo, CA United States",Strategy/Operations,https://job-boards.greenhouse.io/verkada/jobs/5203270007,2026-08-19T01:02:17-04:00,2026-08-19,2026-08-04T18:41:50+00:00,2026-08-04 11:41 Tue,,false,,,,false,greenhouse:Verkada:5203270007
Verkada:5113136007,Verkada,Internal Channel Enablement Lead,"San Mateo, CA United States",Strategy/Operations,https://job-boards.greenhouse.io/verkada/jobs/5113136007,2026-07-27T20:13:21-04:00,2026-07-27,2026-07-10T05:21:53+00:00,2026-07-09 22:21 Thu,,false,,,,false,greenhouse:Verkada:5113136007
Verkada:5177232007,Verkada,Lead Embedded Linux Engineer - Intercom,"San Mateo, CA United States",Intercoms,https://job-boards.greenhouse.io/verkada/jobs/5177232007,2026-07-16T19:36:26-04:00,2026-07-16,2026-07-10T05:21:53+00:00,2026-07-09 22:21 Thu,,false,,,,false,greenhouse:Verkada:5177232007
Verkada:5114867007,Verkada,Lead Product Designer,"San Mateo, CA United States",UI & UX,https://job-boards.greenhouse.io/verkada/jobs/5114867007,2026-07-31T11:52:04-04:00,2026-07-31,2026-07-10T05:21:53+00:00,2026-07-09 22:21 Thu,,false,,,,false,greenhouse:Verkada:5114867007
Verkada:5050372007,Verkada,Lead Product Designer - Design Systems,"San Mateo, CA United States",UI & UX,https://job-boards.greenhouse.io/verkada/jobs/5050372007,2026-07-21T11:40:39-04:00,2026-07-21,2026-07-21T00:41:22+00:00,2026-07-20 17:41 Mon,,false,,,,false,greenhouse:Verkada:5050372007
Verkada:5209567007,Verkada,"Lead Product Manager, Edge Products (Gateways & Security Trailers)","San Mateo, CA United States",Product Management,https://job-boards.greenhouse.io/verkada/jobs/5209567007,2026-08-19T01:02:18-04:00,2026-08-19,2026-08-11T18:42:04+00:00,2026-08-11 11:42 Tue,,false,,,,false,greenhouse:Verkada:5209567007
Verkada:5023364007,Verkada,"Lead Product Manager, New Alarms Product","San Mateo, CA United States",Product Management,https://job-boards.greenhouse.io/verkada/jobs/5023364007,2026-07-16T19:36:26-04:00,2026-07-16,2026-07-10T05:21:53+00:00,2026-07-09 22:21 Thu,,false,,,,false,greenhouse:Verkada:5023364007
Verkada:5062987007,Verkada,"Lead Product Manager, Security Trailers","San Mateo, CA United States",Product Management,https://job-boards.greenhouse.io/verkada/jobs/5062987007,2026-07-16T19:36:26-04:00,2026-07-16,2026-07-10T05:21:53+00:00,2026-07-09 22:21 Thu,,false,,,,false,greenhouse:Verkada:5062987007
Verkada:5015165007,Verkada,"Legal Operations,  Billing & Spend Management","San Mateo, CA United States",Legal,https://job-boards.greenhouse.io/verkada/jobs/5015165007,2026-06-24T17:45:17-04:00,2026-06-24,2026-07-10T05:21:53+00:00,2026-07-09 22:21 Thu,,false,,,,false,greenhouse:Verkada:5015165007
Verkada:4134153007,Verkada,Linux Embedded Software Engineer,Poland,Software Engineering Admin,https://job-boards.greenhouse.io/verkada/jobs/4134153007,2026-07-27T18:53:39-04:00,2026-07-27,2026-07-10T05:21:53+00:00,2026-07-09 22:21 Thu,,false,,,,false,greenhouse:Verkada:4134153007
Verkada:5198935007,Verkada,"Manager, Global Reverse Logistics","San Mateo, CA United States",Hardware Operations,https://job-boards.greenhouse.io/verkada/jobs/5198935007,2026-08-19T01:02:17-04:00,2026-08-19,2026-07-29T22:38:31+00:00,2026-07-29 15:38 Wed,,false,,,,false,greenhouse:Verkada:5198935007
Verkada:5082585007,Verkada,"Manager, Strategic Finance & Business Operations ","San Mateo, CA United States",Finance,https://job-boards.greenhouse.io/verkada/jobs/5082585007,2026-08-19T01:01:31-04:00,2026-08-19,2026-07-10T05:21:53+00:00,2026-07-09 22:21 Thu,,false,,,,false,greenhouse:Verkada:5082585007
Verkada:4428728007,Verkada,Manufacturing Engineer (Taiwan),"Taipei, Taiwan",Hardware Engineering,https://job-boards.greenhouse.io/verkada/jobs/4428728007,2026-08-19T01:01:30-04:00,2026-08-19,2026-07-10T05:21:53+00:00,2026-07-09 22:21 Thu,,false,,,,false,greenhouse:Verkada:4428728007
Verkada:5102058007,Verkada,Marketing (Sales) Development Representative - Dutch speaking,London,Marketing Development ,https://job-boards.greenhouse.io/verkada/jobs/5102058007,2026-06-24T17:45:17-04:00,2026-06-24,2026-07-10T05:21:53+00:00,2026-07-09 22:21 Thu,,false,,,,false,greenhouse:Verkada:5102058007
Verkada:4185963007,Verkada,Marketing (Sales) Development Representative - UKI,London,Marketing Development ,https://job-boards.greenhouse.io/verkada/jobs/4185963007,2026-08-19T01:00:59-04:00,2026-08-19,2026-07-10T05:21:53+00:00,2026-07-09 22:21 Thu,,false,,,,false,greenhouse:Verkada:4185963007
Verkada:4930888007,Verkada,"National Channel Sales Manager, CDW (Corp) ","Chicago, IL United States",Channel,https://job-boards.greenhouse.io/verkada/jobs/4930888007,2026-08-19T01:01:59-04:00,2026-08-19,2026-07-10T05:21:53+00:00,2026-07-09 22:21 Thu,,false,,,,false,greenhouse:Verkada:4930888007
Verkada:5130265007,Verkada,"National Channel Sales Manager, CDW (Corp) ","New York City, NY United States",Channel,https://job-boards.greenhouse.io/verkada/jobs/5130265007,2026-07-16T19:36:26-04:00,2026-07-16,2026-07-10T05:21:53+00:00,2026-07-09 22:21 Thu,,false,,,,false,greenhouse:Verkada:5130265007
Verkada:4945720007,Verkada,"National Channel Sales Manager, Convergint (Eastern US)","Raleigh, NC United States",Channel,https://job-boards.greenhouse.io/verkada/jobs/4945720007,2026-08-19T01:02:00-04:00,2026-08-19,2026-07-10T05:21:53+00:00,2026-07-09 22:21 Thu,,false,,,,false,greenhouse:Verkada:4945720007
Verkada:4950449007,Verkada,"National Channel Sales Manager, Convergint (Eastern US)","Philadelphia, PA United States",Channel,https://job-boards.greenhouse.io/verkada/jobs/4950449007,2026-08-19T01:02:00-04:00,2026-08-19,2026-07-10T05:21:53+00:00,2026-07-09 22:21 Thu,,false,,,,false,greenhouse:Verkada:4950449007
Verkada:4950450007,Verkada,"National Channel Sales Manager, Convergint (Eastern US)","Jacksonville, FL United States",Channel,https://job-boards.greenhouse.io/verkada/jobs/4950450007,2026-08-19T01:02:00-04:00,2026-08-19,2026-07-10T05:21:53+00:00,2026-07-09 22:21 Thu,,false,,,,false,greenhouse:Verkada:4950450007
Verkada:5144827007,Verkada,"National Channel Sales Manager, Convergint (Eastern US)","New York City, NY United States",Channel,https://job-boards.greenhouse.io/verkada/jobs/5144827007,2026-08-19T01:02:14-04:00,2026-08-19,2026-07-10T05:21:53+00:00,2026-07-09 22:21 Thu,,false,,,,false,greenhouse:Verkada:5144827007
Verkada:5142373007,Verkada,"National Channel Sales Manager, Convergint (North East)","New York City, NY United States",Channel,https://job-boards.greenhouse.io/verkada/jobs/5142373007,2026-08-19T01:02:13-04:00,2026-08-19,2026-07-10T05:21:53+00:00,2026-07-09 22:21 Thu,,false,,,,false,greenhouse:Verkada:5142373007
Verkada:5142374007,Verkada,"National Channel Sales Manager, Convergint (North East)","Philadelphia, PA United States",Channel,https://job-boards.greenhouse.io/verkada/jobs/5142374007,2026-08-19T01:02:13-04:00,2026-08-19,2026-07-10T05:21:53+00:00,2026-07-09 22:21 Thu,,false,,,,false,greenhouse:Verkada:5142374007
Verkada:5057504007,Verkada,"National Channel Sales Manager, Convergint (Southeast)","Atlanta, GA United States",Channel,https://job-boards.greenhouse.io/verkada/jobs/5057504007,2026-08-19T01:02:08-04:00,2026-08-19,2026-07-10T05:21:53+00:00,2026-07-09 22:21 Thu,,false,,,,false,greenhouse:Verkada:5057504007
Verkada:5057506007,Verkada,"National Channel Sales Manager, Convergint (Southeast)","Florida, United States",Channel,https://job-boards.greenhouse.io/verkada/jobs/5057506007,2026-08-19T01:02:08-04:00,2026-08-19,2026-07-10T05:21:53+00:00,2026-07-09 22:21 Thu,,false,,,,false,greenhouse:Verkada:5057506007
Verkada:5207125007,Verkada,"National Channel Sales Manager, Federal","Washington, D.C. United States",Channel,https://job-boards.greenhouse.io/verkada/jobs/5207125007,2026-08-19T01:02:18-04:00,2026-08-19,2026-08-07T21:17:39+00:00,2026-08-07 14:17 Fri,,false,,,,false,greenhouse:Verkada:5207125007
Verkada:4824487007,Verkada,"National Channel Sales Manager, Midwest","Chicago, IL United States",Channel,https://job-boards.greenhouse.io/verkada/jobs/4824487007,2026-07-16T19:36:26-04:00,2026-07-16,2026-07-10T05:21:53+00:00,2026-07-09 22:21 Thu,,false,,,,false,greenhouse:Verkada:4824487007
Verkada:5164234007,Verkada,NPI Project Manager ,"Taipei, Taiwan",Hardware Engineering,https://job-boards.greenhouse.io/verkada/jobs/5164234007,2026-07-16T19:36:26-04:00,2026-07-16,2026-07-10T05:21:53+00:00,2026-07-09 22:21 Thu,,false,,,,false,greenhouse:Verkada:5164234007
Verkada:5209578007,Verkada,"Operations Manager, Security Trailers & Edge Products","San Mateo, CA United States",Product Management,https://job-boards.greenhouse.io/verkada/jobs/5209578007,2026-08-19T01:02:18-04:00,2026-08-19,2026-08-11T20:59:57+00:00,2026-08-11 13:59 Tue,,false,,,,false,greenhouse:Verkada:5209578007
Verkada:5107049007,Verkada,Partner Experience Specialist (US),"San Mateo, CA United States",Strategy/Operations,https://job-boards.greenhouse.io/verkada/jobs/5107049007,2026-08-19T01:02:11-04:00,2026-08-19,2026-07-10T05:21:53+00:00,2026-07-09 22:21 Thu,,false,,,,false,greenhouse:Verkada:5107049007
Verkada:5188360007,Verkada,"Principal Architect, AI Ecosystem & Partner Integrations",United States,Solutions Engineering,https://job-boards.greenhouse.io/verkada/jobs/5188360007,2026-08-19T01:02:16-04:00,2026-08-19,2026-07-16T04:17:28+00:00,2026-07-15 21:17 Wed,,false,,,,false,greenhouse:Verkada:5188360007
Verkada:4135168007,Verkada,Product Design Mechanical Engineer,"San Mateo, CA United States",Hardware Engineering,https://job-boards.greenhouse.io/verkada/jobs/4135168007,2026-08-19T01:00:22-04:00,2026-08-19,2026-07-10T05:21:53+00:00,2026-07-09 22:21 Thu,,false,,,,false,greenhouse:Verkada:4135168007
Verkada:4350342007,Verkada,Product Design Mechanical Engineer (Taiwan),"Taipei, Taiwan",Hardware Engineering,https://job-boards.greenhouse.io/verkada/jobs/4350342007,2026-07-27T04:36:45-04:00,2026-07-27,2026-07-10T05:21:53+00:00,2026-07-09 22:21 Thu,,false,,,,false,greenhouse:Verkada:4350342007
Verkada:5209547007,Verkada,"Product Manager, Perimeter & Intrusion Devices","San Mateo, CA United States",Product Management,https://job-boards.greenhouse.io/verkada/jobs/5209547007,2026-08-19T01:02:18-04:00,2026-08-19,2026-08-11T20:41:39+00:00,2026-08-11 13:41 Tue,Computer Vision,true,CLI,12,"The candidate has strong computer-vision and software engineering experience but lacks the required 5+ years of product management, hardware or embedded product launches, pricing, go-to-market, and intrusion-device domain experience.",false,greenhouse:Verkada:5209547007
Verkada:5205130007,Verkada,"Product Manager, Perimeter & Intrusion Security ","San Mateo, CA United States",Product Management,https://job-boards.greenhouse.io/verkada/jobs/5205130007,2026-08-19T01:02:18-04:00,2026-08-19,2026-08-14T15:41:37+00:00,2026-08-14 08:41 Fri,Computer Vision,true,CLI,8,"Although the candidate has strong computer vision, AI, and software engineering experience, they lack the required 5-8+ years of product management, B2B product ownership, enterprise workflow design, and IoT/security product experience.",false,greenhouse:Verkada:5205130007
Verkada:5120893007,Verkada,Product Marketing Manager / Sr. Product Marketing Manager,"San Mateo, CA United States",Product Marketing ,https://job-boards.greenhouse.io/verkada/jobs/5120893007,2026-06-24T17:45:17-04:00,2026-06-24,2026-07-10T05:21:53+00:00,2026-07-09 22:21 Thu,,false,,,,false,greenhouse:Verkada:5120893007
Verkada:5150337007,Verkada,"Product Marketing Manager, Privacy and Video Security","San Mateo, CA United States",Product Marketing ,https://job-boards.greenhouse.io/verkada/jobs/5150337007,2026-08-19T01:02:14-04:00,2026-08-19,2026-07-10T05:21:53+00:00,2026-07-09 22:21 Thu,,false,,,,false,greenhouse:Verkada:5150337007
Verkada:5059662007,Verkada,"Program & Marketing Manager, Executive Customer Programs","San Mateo, CA United States",Strategy/Operations,https://job-boards.greenhouse.io/verkada/jobs/5059662007,2026-06-29T18:11:47-04:00,2026-06-29,2026-07-10T05:21:53+00:00,2026-07-09 22:21 Thu,,false,,,,false,greenhouse:Verkada:5059662007
Verkada:4949035007,Verkada,"Project Architect, Global Services","New York City, NY United States", Verkada Global Services,https://job-boards.greenhouse.io/verkada/jobs/4949035007,2026-08-05T21:51:48-04:00,2026-08-05,2026-07-10T05:21:53+00:00,2026-07-09 22:21 Thu,,false,,,,false,greenhouse:Verkada:4949035007
Verkada:5034450007,Verkada,"Project Architect, Global Services",London, Verkada Global Services,https://job-boards.greenhouse.io/verkada/jobs/5034450007,2026-07-16T19:36:26-04:00,2026-07-16,2026-07-10T05:21:53+00:00,2026-07-09 22:21 Thu,,false,,,,false,greenhouse:Verkada:5034450007
Verkada:5092459007,Verkada,"Project Manager, Global Revenue Informatics","San Mateo, CA United States",Strategy/Operations,https://job-boards.greenhouse.io/verkada/jobs/5092459007,2026-08-19T01:02:10-04:00,2026-08-19,2026-07-10T05:21:53+00:00,2026-07-09 22:21 Thu,,false,,,,false,greenhouse:Verkada:5092459007
Verkada:5194164007,Verkada,Public Sector Account Executive (Calgary),"Calgary, Canada",Enterprise CORP,https://job-boards.greenhouse.io/verkada/jobs/5194164007,2026-08-19T01:02:16-04:00,2026-08-19,2026-07-23T21:59:54+00:00,2026-07-23 14:59 Thu,,false,,,,false,greenhouse:Verkada:5194164007
Verkada:5194195007,Verkada,Public Sector Account Executive (Saskatchewan & Manitoba),"Calgary, Canada",Enterprise CORP,https://job-boards.greenhouse.io/verkada/jobs/5194195007,2026-08-19T01:02:16-04:00,2026-08-19,2026-07-23T21:59:54+00:00,2026-07-23 14:59 Thu,,false,,,,false,greenhouse:Verkada:5194195007
Verkada:5087065007,Verkada,Recruiter - Marketing,"San Mateo, CA United States",Marketing Recruiting,https://job-boards.greenhouse.io/verkada/jobs/5087065007,2026-06-24T17:45:17-04:00,2026-06-24,2026-07-10T05:21:53+00:00,2026-07-09 22:21 Thu,,false,,,,false,greenhouse:Verkada:5087065007
Verkada:5182722007,Verkada,Recruiting Coordinator ,"Taipei, Taiwan",Hardware Recruiting,https://job-boards.greenhouse.io/verkada/jobs/5182722007,2026-08-19T01:02:16-04:00,2026-08-19,2026-07-10T05:21:53+00:00,2026-07-09 22:21 Thu,,false,,,,false,greenhouse:Verkada:5182722007
Verkada:5140617007,Verkada,"Regional Sales Director, Enterprise SLED","Florida, United States",Enterprise SLED,https://job-boards.greenhouse.io/verkada/jobs/5140617007,2026-07-16T19:36:26-04:00,2026-07-16,2026-07-10T05:21:53+00:00,2026-07-09 22:21 Thu,,false,,,,false,greenhouse:Verkada:5140617007
Verkada:5075713007,Verkada,"Regional Sales Director, UK ",London,International,https://job-boards.greenhouse.io/verkada/jobs/5075713007,2026-08-19T01:02:09-04:00,2026-08-19,2026-07-10T05:21:53+00:00,2026-07-09 22:21 Thu,,false,,,,false,greenhouse:Verkada:5075713007
Verkada:5171971007,Verkada,"Regional Sales Manager, Channel (South Central)","Houston, TX United States",Channel,https://job-boards.greenhouse.io/verkada/jobs/5171971007,2026-06-30T13:35:01-04:00,2026-06-30,2026-07-10T05:21:53+00:00,2026-07-09 22:21 Thu,,false,,,,false,greenhouse:Verkada:5171971007
Verkada:5177215007,Verkada,"Regional Sales Manager, Channel (South Central)","Dallas, TX United States",Channel,https://job-boards.greenhouse.io/verkada/jobs/5177215007,2026-06-30T13:34:16-04:00,2026-06-30,2026-07-10T05:21:53+00:00,2026-07-09 22:21 Thu,,false,,,,false,greenhouse:Verkada:5177215007
Verkada:5177218007,Verkada,"Regional Sales Manager, Channel (South Central)","Austin, TX United States",Channel,https://job-boards.greenhouse.io/verkada/jobs/5177218007,2026-06-30T13:36:28-04:00,2026-06-30,2026-07-10T05:21:53+00:00,2026-07-09 22:21 Thu,,false,,,,false,greenhouse:Verkada:5177218007
Verkada:5044895007,Verkada,"Regional Sales Manager, Channel (West)","San Mateo, CA United States",Channel,https://job-boards.greenhouse.io/verkada/jobs/5044895007,2026-08-19T01:02:07-04:00,2026-08-19,2026-07-10T05:21:53+00:00,2026-07-09 22:21 Thu,,false,,,,false,greenhouse:Verkada:5044895007
Verkada:5055130007,Verkada,"Regional Sales Manager, Channel (West)","Salt Lake City, UT United States",Channel,https://job-boards.greenhouse.io/verkada/jobs/5055130007,2026-08-19T01:02:08-04:00,2026-08-19,2026-07-10T05:21:53+00:00,2026-07-09 22:21 Thu,,false,,,,false,greenhouse:Verkada:5055130007
Verkada:5055134007,Verkada,"Regional Sales Manager, Channel (West)","Phoenix, AZ United States",Channel,https://job-boards.greenhouse.io/verkada/jobs/5055134007,2026-08-19T01:02:08-04:00,2026-08-19,2026-07-10T05:21:53+00:00,2026-07-09 22:21 Thu,,false,,,,false,greenhouse:Verkada:5055134007
Verkada:5199323007,Verkada,"Regional Sales Manager, DACH ",London,International,https://job-boards.greenhouse.io/verkada/jobs/5199323007,2026-08-19T01:02:17-04:00,2026-08-19,2026-07-31T08:17:08+00:00,2026-07-31 01:17 Fri,,false,,,,false,greenhouse:Verkada:5199323007
Verkada:4987362007,Verkada,"Regional Sales Manager, LATAM","Mexico City, Mexico",Global,https://job-boards.greenhouse.io/verkada/jobs/4987362007,2026-06-24T17:45:17-04:00,2026-06-24,2026-07-10T05:21:53+00:00,2026-07-09 22:21 Thu,,false,,,,false,greenhouse:Verkada:4987362007
Verkada:4140340007,Verkada,"Regional Sales Manager, Mid-Market","San Mateo, CA United States",Manager/Director,https://job-boards.greenhouse.io/verkada/jobs/4140340007,2026-06-24T17:45:17-04:00,2026-06-24,2026-07-10T05:21:53+00:00,2026-07-09 22:21 Thu,,false,,,,false,greenhouse:Verkada:4140340007
Verkada:5159983007,Verkada,"Regional Sales Manager, Mid-Market","Philadelphia, PA United States",Manager/Director,https://job-boards.greenhouse.io/verkada/jobs/5159983007,2026-07-16T19:36:26-04:00,2026-07-16,2026-07-10T05:21:53+00:00,2026-07-09 22:21 Thu,,false,,,,false,greenhouse:Verkada:5159983007
Verkada:5160091007,Verkada,"Regional Sales Manager, Mid-Market Select ","Salt Lake City, UT United States",Manager/Director,https://job-boards.greenhouse.io/verkada/jobs/5160091007,2026-06-24T17:45:17-04:00,2026-06-24,2026-07-10T05:21:53+00:00,2026-07-09 22:21 Thu,,false,,,,false,greenhouse:Verkada:5160091007
Verkada:5018489007,Verkada,"Regional Sales Manager, UK ",London,International,https://job-boards.greenhouse.io/verkada/jobs/5018489007,2026-08-19T01:02:05-04:00,2026-08-19,2026-07-10T05:21:53+00:00,2026-07-09 22:21 Thu,,false,,,,false,greenhouse:Verkada:5018489007
Verkada:5140198007,Verkada,Sales Compensation Manager,"San Mateo, CA United States",Strategy/Operations,https://job-boards.greenhouse.io/verkada/jobs/5140198007,2026-08-19T01:02:13-04:00,2026-08-19,2026-07-10T05:21:53+00:00,2026-07-09 22:21 Thu,,false,,,,false,greenhouse:Verkada:5140198007
Verkada:4086535007,Verkada,"Sales Development Representative (AAE), Bay Area","San Mateo, CA United States",Sales Development,https://job-boards.greenhouse.io/verkada/jobs/4086535007,2026-07-16T19:36:26-04:00,2026-07-16,2026-07-10T05:21:53+00:00,2026-07-09 22:21 Thu,,false,,,,false,greenhouse:Verkada:4086535007
Verkada:4135267007,Verkada,"Sales Development Representative (AAE), Phoenix","Tempe, AZ United States",Sales Development,https://job-boards.greenhouse.io/verkada/jobs/4135267007,2026-07-16T19:36:26-04:00,2026-07-16,2026-07-10T05:21:53+00:00,2026-07-09 22:21 Thu,,false,,,,false,greenhouse:Verkada:4135267007
Verkada:4087170007,Verkada,"Sales Development Representative (AAE), Salt Lake City","Salt Lake City, UT United States",Sales Development,https://job-boards.greenhouse.io/verkada/jobs/4087170007,2026-08-19T01:00:20-04:00,2026-08-19,2026-07-10T05:21:53+00:00,2026-07-09 22:21 Thu,,false,,,,false,greenhouse:Verkada:4087170007
Verkada:4135271007,Verkada,"Sales Development Representative (AAE), Tampa","St. Petersburg, FL United States",Sales Development,https://job-boards.greenhouse.io/verkada/jobs/4135271007,2026-08-19T01:00:22-04:00,2026-08-19,2026-07-10T05:21:53+00:00,2026-07-09 22:21 Thu,,false,,,,false,greenhouse:Verkada:4135271007
Verkada:4775290007,Verkada,Sales Development Representative - Sydney ,"Sydney, Australia",Marketing Development ,https://job-boards.greenhouse.io/verkada/jobs/4775290007,2026-08-14T12:18:10-04:00,2026-08-14,2026-07-10T05:21:53+00:00,2026-07-09 22:21 Thu,,false,,,,false,greenhouse:Verkada:4775290007
Verkada:5172960007,Verkada,Sales Enablement Lead,"Tampa, FL United States",Enablement,https://job-boards.greenhouse.io/verkada/jobs/5172960007,2026-08-19T01:02:15-04:00,2026-08-19,2026-07-10T05:21:53+00:00,2026-07-09 22:21 Thu,,false,,,,false,greenhouse:Verkada:5172960007
Verkada:5208742007,Verkada,Sales Enablement Lead,"Phoenix, AZ United States",Enablement,https://job-boards.greenhouse.io/verkada/jobs/5208742007,2026-08-19T01:02:18-04:00,2026-08-19,2026-08-11T18:35:00+00:00,2026-08-11 11:35 Tue,,false,,,,false,greenhouse:Verkada:5208742007
Verkada:4733698007,Verkada,"Sales Enablement, Onboarding Manager","San Mateo, CA United States",Enablement,https://job-boards.greenhouse.io/verkada/jobs/4733698007,2026-06-24T17:45:17-04:00,2026-06-24,2026-07-10T05:21:53+00:00,2026-07-09 22:21 Thu,,false,,,,false,greenhouse:Verkada:4733698007
Verkada:5174707007,Verkada,Sales Recruiter,"San Mateo, CA United States",Sales Recruiting,https://job-boards.greenhouse.io/verkada/jobs/5174707007,2026-07-16T19:36:26-04:00,2026-07-16,2026-07-10T05:21:53+00:00,2026-07-09 22:21 Thu,,false,,,,false,greenhouse:Verkada:5174707007
Verkada:5170619007,Verkada,"Sales Recruiter, Atlanta","Atlanta, GA United States",Sales Recruiting,https://job-boards.greenhouse.io/verkada/jobs/5170619007,2026-06-26T13:35:48-04:00,2026-06-26,2026-07-10T05:21:53+00:00,2026-07-09 22:21 Thu,,false,,,,false,greenhouse:Verkada:5170619007
Verkada:5213991007,Verkada,"Sales Recruiter, Channel","San Mateo, CA United States",Sales Recruiting,https://job-boards.greenhouse.io/verkada/jobs/5213991007,2026-08-19T17:37:00-04:00,2026-08-19,2026-08-19T21:47:52+00:00,2026-08-19 14:47 Wed,,false,,,,false,greenhouse:Verkada:5213991007
Verkada:5171282007,Verkada,"Sales Recruiter, EMEA",London,Sales Recruiting,https://job-boards.greenhouse.io/verkada/jobs/5171282007,2026-08-19T01:02:15-04:00,2026-08-19,2026-07-10T05:21:53+00:00,2026-07-09 22:21 Thu,,false,,,,false,greenhouse:Verkada:5171282007
Verkada:5158264007,Verkada,Sales Strategy & Operations Renewals Associate (Sr),"San Mateo, CA United States",Strategy/Operations,https://job-boards.greenhouse.io/verkada/jobs/5158264007,2026-07-16T19:36:26-04:00,2026-07-16,2026-07-10T05:21:53+00:00,2026-07-09 22:21 Thu,,false,,,,false,greenhouse:Verkada:5158264007
Verkada:4855762007,Verkada,Sales Strategy & Operations | Enterprise Lead,"New York City, NY United States",Strategy/Operations,https://job-boards.greenhouse.io/verkada/jobs/4855762007,2026-08-19T01:01:58-04:00,2026-08-19,2026-07-10T05:21:53+00:00,2026-07-09 22:21 Thu,,false,,,,false,greenhouse:Verkada:4855762007
Verkada:4086576007,Verkada,Sales Strategy and Operations Associate,"San Mateo, CA United States",Strategy/Operations,https://job-boards.greenhouse.io/verkada/jobs/4086576007,2026-07-16T19:36:26-04:00,2026-07-16,2026-07-10T05:21:53+00:00,2026-07-09 22:21 Thu,,false,,,,false,greenhouse:Verkada:4086576007
Verkada:5173080007,Verkada,"Sales Strategy and Operations Associate, EMEA",London,Strategy/Operations,https://job-boards.greenhouse.io/verkada/jobs/5173080007,2026-07-16T19:36:26-04:00,2026-07-16,2026-07-10T05:21:53+00:00,2026-07-09 22:21 Thu,,false,,,,false,greenhouse:Verkada:5173080007
Verkada:4613974007,Verkada,Sales Strategy and Operations Division Lead,"Salt Lake City, UT United States",Strategy/Operations,https://job-boards.greenhouse.io/verkada/jobs/4613974007,2026-06-24T17:45:17-04:00,2026-06-24,2026-07-10T05:21:53+00:00,2026-07-09 22:21 Thu,,false,,,,false,greenhouse:Verkada:4613974007
Verkada:5127722007,Verkada,Sales Strategy and Operations Division Lead,"Tampa, FL United States",Strategy/Operations,https://job-boards.greenhouse.io/verkada/jobs/5127722007,2026-06-24T17:45:17-04:00,2026-06-24,2026-07-10T05:21:53+00:00,2026-07-09 22:21 Thu,,false,,,,false,greenhouse:Verkada:5127722007
Verkada:5127843007,Verkada,Sales Strategy and Operations Division Lead,"Atlanta, GA United States",Strategy/Operations,https://job-boards.greenhouse.io/verkada/jobs/5127843007,2026-06-29T12:02:15-04:00,2026-06-29,2026-07-10T05:21:53+00:00,2026-07-09 22:21 Thu,,false,,,,false,greenhouse:Verkada:5127843007
Verkada:5186793007,Verkada,Sales Strategy and Operations Division Lead,"New York City, NY United States",Strategy/Operations,https://job-boards.greenhouse.io/verkada/jobs/5186793007,2026-07-16T19:36:26-04:00,2026-07-16,2026-07-14T20:41:35+00:00,2026-07-14 13:41 Tue,,false,,,,false,greenhouse:Verkada:5186793007
Verkada:5038150007,Verkada,Sales Strategy and Operations Manager,"Tokyo, Japan",Strategy/Operations,https://job-boards.greenhouse.io/verkada/jobs/5038150007,2026-07-16T19:36:26-04:00,2026-07-16,2026-07-10T05:21:53+00:00,2026-07-09 22:21 Thu,,false,,,,false,greenhouse:Verkada:5038150007
Verkada:5214229007,Verkada,Sales Strategy and Operations Manager,"San Mateo, CA United States",Strategy/Operations,https://job-boards.greenhouse.io/verkada/jobs/5214229007,2026-08-18T14:06:43-04:00,2026-08-18,2026-08-18T18:30:55+00:00,2026-08-18 11:30 Tue,,false,,,,false,greenhouse:Verkada:5214229007
Verkada:5181838007,Verkada,Senior Android Engineer - Alarms,"San Mateo, CA United States",Alarms,https://job-boards.greenhouse.io/verkada/jobs/5181838007,2026-08-19T01:01:36-04:00,2026-08-19,2026-07-10T05:21:53+00:00,2026-07-09 22:21 Thu,,false,,,,false,greenhouse:Verkada:5181838007
Verkada:5044898007,Verkada,Senior Android Engineer - Mobile Platform & Systems,"San Mateo, CA United States",Mobile,https://job-boards.greenhouse.io/verkada/jobs/5044898007,2026-08-19T01:01:29-04:00,2026-08-19,2026-07-10T05:21:53+00:00,2026-07-09 22:21 Thu,,false,,,,false,greenhouse:Verkada:5044898007
Verkada:5130977007,Verkada,"Senior Associate, Pricing & Commercial Operations","New York City, NY United States",Pricing and Commercial Operations,https://job-boards.greenhouse.io/verkada/jobs/5130977007,2026-08-18T17:31:46-04:00,2026-08-18,2026-07-10T05:21:53+00:00,2026-07-09 22:21 Thu,,false,,,,false,greenhouse:Verkada:5130977007
Verkada:5176354007,Verkada,Senior Backend Engineer,"San Mateo, CA United States",Core Services,https://job-boards.greenhouse.io/verkada/jobs/5176354007,2026-07-16T19:36:26-04:00,2026-07-16,2026-07-10T05:21:53+00:00,2026-07-09 22:21 Thu,,false,,,,false,greenhouse:Verkada:5176354007
Verkada:5215841007,Verkada,Senior Backend Engineer,"San Mateo, CA United States",Core Services,https://job-boards.greenhouse.io/verkada/jobs/5215841007,2026-08-19T01:01:39-04:00,2026-08-19,2026-08-19T03:52:30+00:00,2026-08-18 20:52 Tue,,false,,,,false,greenhouse:Verkada:5215841007
Verkada:5187946007,Verkada,Senior Backend Engineer - Access Control,"San Mateo, CA United States",Access Control,https://job-boards.greenhouse.io/verkada/jobs/5187946007,2026-07-21T19:26:59-04:00,2026-07-21,2026-07-15T19:17:12+00:00,2026-07-15 12:17 Wed,,false,,,,false,greenhouse:Verkada:5187946007
Verkada:5215838007,Verkada,Senior Backend Engineer - Access Control,"San Mateo, CA United States",Access Control,https://job-boards.greenhouse.io/verkada/jobs/5215838007,2026-08-19T01:01:39-04:00,2026-08-19,2026-08-19T03:52:30+00:00,2026-08-18 20:52 Tue,,false,,,,false,greenhouse:Verkada:5215838007
Verkada:5119627007,Verkada,Senior Backend Engineer - Alarms,"San Mateo, CA United States",Alarms,https://job-boards.greenhouse.io/verkada/jobs/5119627007,2026-07-16T19:36:26-04:00,2026-07-16,2026-07-10T05:21:53+00:00,2026-07-09 22:21 Thu,,false,,,,false,greenhouse:Verkada:5119627007
Verkada:5132134007,Verkada,Senior Backend Engineer - Device Platform,"San Mateo, CA United States",Core Services,https://job-boards.greenhouse.io/verkada/jobs/5132134007,2026-07-16T19:36:26-04:00,2026-07-16,2026-07-10T05:21:53+00:00,2026-07-09 22:21 Thu,,false,,,,false,greenhouse:Verkada:5132134007
Verkada:5215842007,Verkada,Senior Backend Engineer - Device Platform,"San Mateo, CA United States",Core Services,https://job-boards.greenhouse.io/verkada/jobs/5215842007,2026-08-18T23:26:47-04:00,2026-08-18,2026-08-19T03:52:30+00:00,2026-08-18 20:52 Tue,,false,,,,false,greenhouse:Verkada:5215842007
Verkada:5215582007,Verkada,Senior Backend Engineer - Intercom,"San Mateo, CA United States",Intercoms,https://job-boards.greenhouse.io/verkada/jobs/5215582007,2026-08-18T19:07:48-04:00,2026-08-18,2026-08-18T23:39:24+00:00,2026-08-18 16:39 Tue,,false,,,,false,greenhouse:Verkada:5215582007
Verkada:5119684007,Verkada,Senior Backend Engineer - Virtual Guard,"San Mateo, CA United States",Alarms,https://job-boards.greenhouse.io/verkada/jobs/5119684007,2026-08-19T01:02:12-04:00,2026-08-19,2026-07-10T05:21:53+00:00,2026-07-09 22:21 Thu,,false,,,,false,greenhouse:Verkada:5119684007
Verkada:4525665007,Verkada,"Senior Backend Engineer, Growth","San Mateo, CA United States",Growth Operations,https://job-boards.greenhouse.io/verkada/jobs/4525665007,2026-08-19T01:01:37-04:00,2026-08-19,2026-07-28T20:17:42+00:00,2026-07-28 13:17 Tue,,false,,,,false,greenhouse:Verkada:4525665007
Verkada:5120808007,Verkada,Senior Backend Software Engineer - Workplace Products,"San Mateo, CA United States",Workplace Products,https://job-boards.greenhouse.io/verkada/jobs/5120808007,2026-07-16T19:36:26-04:00,2026-07-16,2026-07-10T05:21:53+00:00,2026-07-09 22:21 Thu,,false,,,,false,greenhouse:Verkada:5120808007
Verkada:4261270007,Verkada,Senior BSP Engineer - Cameras,"San Mateo, CA United States",Cameras,https://job-boards.greenhouse.io/verkada/jobs/4261270007,2026-08-14T13:01:49-04:00,2026-08-14,2026-07-10T05:21:53+00:00,2026-07-09 22:21 Thu,,false,,,,false,greenhouse:Verkada:4261270007
Verkada:4719445007,Verkada,"Senior Channel Marketing Manager, Southeast (Remote)","Atlanta, GA United States",Channel Marketing,https://job-boards.greenhouse.io/verkada/jobs/4719445007,2026-07-16T19:36:26-04:00,2026-07-16,2026-07-10T05:21:53+00:00,2026-07-09 22:21 Thu,,false,,,,false,greenhouse:Verkada:4719445007
Verkada:5139539007,Verkada,Senior Data Engineer,"San Mateo, CA United States",Data,https://job-boards.greenhouse.io/verkada/jobs/5139539007,2026-07-16T19:36:26-04:00,2026-07-16,2026-07-10T05:21:53+00:00,2026-07-09 22:21 Thu,,false,,,,false,greenhouse:Verkada:5139539007
Verkada:5140211007,Verkada,"Senior Digital Growth Manager, JAPAC","Sydney, Australia",Growth,https://job-boards.greenhouse.io/verkada/jobs/5140211007,2026-07-16T19:36:26-04:00,2026-07-16,2026-07-10T05:21:53+00:00,2026-07-09 22:21 Thu,,false,,,,false,greenhouse:Verkada:5140211007
Verkada:5140253007,Verkada,"Senior Digital Growth Manager, JAPAC",Singapore,Growth,https://job-boards.greenhouse.io/verkada/jobs/5140253007,2026-07-16T19:36:26-04:00,2026-07-16,2026-07-10T05:21:53+00:00,2026-07-09 22:21 Thu,,false,,,,false,greenhouse:Verkada:5140253007
Verkada:5170948007,Verkada,"Senior Director/ VP, People Operations","San Mateo, CA United States",People,https://job-boards.greenhouse.io/verkada/jobs/5170948007,2026-08-19T01:02:15-04:00,2026-08-19,2026-07-21T23:59:41+00:00,2026-07-21 16:59 Tue,,false,,,,false,greenhouse:Verkada:5170948007
Verkada:5149616007,Verkada,Senior Embedded Linux Engineer ,"San Mateo, CA United States",Intercoms,https://job-boards.greenhouse.io/verkada/jobs/5149616007,2026-07-22T15:17:40-04:00,2026-07-22,2026-07-10T05:21:53+00:00,2026-07-09 22:21 Thu,,false,,,,false,greenhouse:Verkada:5149616007
Verkada:5131735007,Verkada,Senior Embedded Linux Engineer - Connectivity,"San Mateo, CA United States",Connectivity,https://job-boards.greenhouse.io/verkada/jobs/5131735007,2026-07-23T18:59:29-04:00,2026-07-23,2026-07-10T05:21:53+00:00,2026-07-09 22:21 Thu,,false,,,,false,greenhouse:Verkada:5131735007
Verkada:5209588007,Verkada,Senior Embedded Linux Engineer - Connectivity,"San Mateo, CA United States",Connectivity,https://job-boards.greenhouse.io/verkada/jobs/5209588007,2026-08-19T01:02:18-04:00,2026-08-19,2026-08-11T18:59:59+00:00,2026-08-11 11:59 Tue,,false,,,,false,greenhouse:Verkada:5209588007
Verkada:5155004007,Verkada,Senior Engineering Manager - Clients Platform,"San Mateo, CA United States",Core Services,https://job-boards.greenhouse.io/verkada/jobs/5155004007,2026-06-24T17:45:17-04:00,2026-06-24,2026-07-10T05:21:53+00:00,2026-07-09 22:21 Thu,,false,,,,false,greenhouse:Verkada:5155004007
Verkada:5158660007,Verkada,Senior Field Marketing Manager - Enterprise,"San Mateo, CA United States",Field Marketing & Events,https://job-boards.greenhouse.io/verkada/jobs/5158660007,2026-08-07T18:10:26-04:00,2026-08-07,2026-07-10T05:21:53+00:00,2026-07-09 22:21 Thu,,false,,,,false,greenhouse:Verkada:5158660007
Verkada:5208280007,Verkada,"Senior Field Marketing Manager, Enterprise","Denver, CO United States",Field Marketing & Events,https://job-boards.greenhouse.io/verkada/jobs/5208280007,2026-08-19T01:02:18-04:00,2026-08-19,2026-08-10T17:59:46+00:00,2026-08-10 10:59 Mon,,false,,,,false,greenhouse:Verkada:5208280007
Verkada:5208282007,Verkada,"Senior Field Marketing Manager, Enterprise","Chicago, IL United States",Field Marketing & Events,https://job-boards.greenhouse.io/verkada/jobs/5208282007,2026-08-19T01:02:18-04:00,2026-08-19,2026-08-10T17:59:46+00:00,2026-08-10 10:59 Mon,,false,,,,false,greenhouse:Verkada:5208282007
Verkada:5208291007,Verkada,"Senior Field Marketing Manager, Enterprise","San Diego, CA United States",Field Marketing & Events,https://job-boards.greenhouse.io/verkada/jobs/5208291007,2026-08-19T01:02:18-04:00,2026-08-19,2026-08-10T18:17:47+00:00,2026-08-10 11:17 Mon,,false,,,,false,greenhouse:Verkada:5208291007
Verkada:5165419007,Verkada,Senior Frontend Engineer - Access Control,"San Mateo, CA United States",Access Control,https://job-boards.greenhouse.io/verkada/jobs/5165419007,2026-06-24T17:45:17-04:00,2026-06-24,2026-07-10T05:21:53+00:00,2026-07-09 22:21 Thu,,false,,,,false,greenhouse:Verkada:5165419007
Verkada:5188171007,Verkada,Senior Frontend Engineer - Access Control,"San Mateo, CA United States",Access Control,https://job-boards.greenhouse.io/verkada/jobs/5188171007,2026-07-16T19:36:26-04:00,2026-07-16,2026-07-15T21:41:19+00:00,2026-07-15 14:41 Wed,,false,,,,false,greenhouse:Verkada:5188171007
Verkada:5215840007,Verkada,Senior Frontend Engineer - Access Control,"San Mateo, CA United States",Access Control,https://job-boards.greenhouse.io/verkada/jobs/5215840007,2026-08-18T23:25:58-04:00,2026-08-18,2026-08-19T03:52:30+00:00,2026-08-18 20:52 Tue,,false,,,,false,greenhouse:Verkada:5215840007
Verkada:5187109007,Verkada,Senior Frontend Engineer - Alarms,"San Mateo, CA United States",Alarms,https://job-boards.greenhouse.io/verkada/jobs/5187109007,2026-07-16T19:36:26-04:00,2026-07-16,2026-07-14T21:17:12+00:00,2026-07-14 14:17 Tue,Computer Vision,true,Keyword,55,keyword-only heuristic,true,greenhouse:Verkada:5187109007
Verkada:5156322007,Verkada,Senior Frontend Engineer - Web Platform,"San Mateo, CA United States",Core Services,https://job-boards.greenhouse.io/verkada/jobs/5156322007,2026-07-16T19:36:26-04:00,2026-07-16,2026-07-10T05:21:53+00:00,2026-07-09 22:21 Thu,,false,,,,false,greenhouse:Verkada:5156322007
Verkada:5215837007,Verkada,Senior Frontend Engineer - Web Platform,"San Mateo, CA United States",Core Services,https://job-boards.greenhouse.io/verkada/jobs/5215837007,2026-08-19T01:02:19-04:00,2026-08-19,2026-08-19T03:52:30+00:00,2026-08-18 20:52 Tue,,false,,,,false,greenhouse:Verkada:5215837007
Verkada:5146916007,Verkada,"Senior Frontend Engineer, Business Systems","San Mateo, CA United States",Business Systems,https://job-boards.greenhouse.io/verkada/jobs/5146916007,2026-07-16T19:36:26-04:00,2026-07-16,2026-07-10T05:21:53+00:00,2026-07-09 22:21 Thu,,false,,,,false,greenhouse:Verkada:5146916007
Verkada:5126612007,Verkada,Senior Fullstack Engineer - New Product,"San Mateo, CA United States",Alarms,https://job-boards.greenhouse.io/verkada/jobs/5126612007,2026-08-19T01:02:12-04:00,2026-08-19,2026-07-10T05:21:53+00:00,2026-07-09 22:21 Thu,,false,,,,false,greenhouse:Verkada:5126612007
Verkada:5124617007,Verkada,Senior G&A Recruiter,"San Mateo, CA United States",Business Operations Recruiting,https://job-boards.greenhouse.io/verkada/jobs/5124617007,2026-08-19T01:02:12-04:00,2026-08-19,2026-07-10T05:21:53+00:00,2026-07-09 22:21 Thu,,false,,,,false,greenhouse:Verkada:5124617007
Verkada:5160587007,Verkada,Senior Global Operations Specialist,"Taipei, Taiwan",Hardware Operations,https://job-boards.greenhouse.io/verkada/jobs/5160587007,2026-08-19T01:02:14-04:00,2026-08-19,2026-07-10T05:21:53+00:00,2026-07-09 22:21 Thu,,false,,,,false,greenhouse:Verkada:5160587007
Verkada:5140637007,Verkada,"Senior Growth Manager, JAPAC","Sydney, Australia",Growth,https://job-boards.greenhouse.io/verkada/jobs/5140637007,2026-07-16T19:36:26-04:00,2026-07-16,2026-07-10T05:21:53+00:00,2026-07-09 22:21 Thu,,false,,,,false,greenhouse:Verkada:5140637007
Verkada:5027435007,Verkada,Senior Growth Product Manager,"San Mateo, CA United States",Growth Operations,https://job-boards.greenhouse.io/verkada/jobs/5027435007,2026-08-19T01:01:28-04:00,2026-08-19,2026-07-10T05:21:53+00:00,2026-07-09 22:21 Thu,,false,,,,false,greenhouse:Verkada:5027435007
Verkada:5172992007,Verkada,"Senior GTM Recruiter, London",London,Sales Recruiting,https://job-boards.greenhouse.io/verkada/jobs/5172992007,2026-08-19T01:02:15-04:00,2026-08-19,2026-07-10T05:21:53+00:00,2026-07-09 22:21 Thu,,false,,,,false,greenhouse:Verkada:5172992007
Verkada:5164973007,Verkada,Senior Industrial Designer - Taiwan,"Taipei, Taiwan",Industrial Design,https://job-boards.greenhouse.io/verkada/jobs/5164973007,2026-08-17T20:11:20-04:00,2026-08-17,2026-07-10T05:21:53+00:00,2026-07-09 22:21 Thu,,false,,,,false,greenhouse:Verkada:5164973007
Verkada:5197220007,Verkada,Senior Leave of Absence Associate,"San Mateo, CA United States",People,https://job-boards.greenhouse.io/verkada/jobs/5197220007,2026-08-19T01:02:17-04:00,2026-08-19,2026-08-03T17:59:47+00:00,2026-08-03 10:59 Mon,,false,,,,false,greenhouse:Verkada:5197220007
Verkada:5199100007,Verkada,Senior Manager IT Systems  ,"San Mateo, CA United States",IT,https://job-boards.greenhouse.io/verkada/jobs/5199100007,2026-08-19T01:02:17-04:00,2026-08-19,2026-07-30T18:41:42+00:00,2026-07-30 11:41 Thu,,false,,,,false,greenhouse:Verkada:5199100007
Verkada:5198110007,Verkada,Senior Manager Workplace Architect ,"San Mateo, CA United States",Workplace,https://job-boards.greenhouse.io/verkada/jobs/5198110007,2026-08-19T01:02:17-04:00,2026-08-19,2026-07-31T23:17:14+00:00,2026-07-31 16:17 Fri,,false,,,,false,greenhouse:Verkada:5198110007
Verkada:5056474007,Verkada,"Senior Manager, Government Contracts","Austin, TX United States",Strategy/Operations,https://job-boards.greenhouse.io/verkada/jobs/5056474007,2026-07-16T19:36:26-04:00,2026-07-16,2026-07-10T05:21:53+00:00,2026-07-09 22:21 Thu,,false,,,,false,greenhouse:Verkada:5056474007
Verkada:4714156007,Verkada,Senior Marketing Operations Manager,"San Mateo, CA United States",Growth Operations,https://job-boards.greenhouse.io/verkada/jobs/4714156007,2026-08-19T01:01:51-04:00,2026-08-19,2026-07-31T19:17:21+00:00,2026-07-31 12:17 Fri,,false,,,,false,greenhouse:Verkada:4714156007
Verkada:5199873007,Verkada,"Senior Marketing Operations Manager, EMEA",London,Growth Operations,https://job-boards.greenhouse.io/verkada/jobs/5199873007,2026-08-19T01:02:17-04:00,2026-08-19,2026-07-30T23:41:26+00:00,2026-07-30 16:41 Thu,,false,,,,false,greenhouse:Verkada:5199873007
Verkada:5165980007,Verkada,"Senior People Business Partner, Marketing","San Mateo, CA United States",People,https://job-boards.greenhouse.io/verkada/jobs/5165980007,2026-08-19T01:02:15-04:00,2026-08-19,2026-07-10T05:21:53+00:00,2026-07-09 22:21 Thu,,false,,,,false,greenhouse:Verkada:5165980007
Verkada:5186731007,Verkada,"Senior People Business Partner, Sales","San Mateo, CA United States",People,https://job-boards.greenhouse.io/verkada/jobs/5186731007,2026-08-19T01:02:16-04:00,2026-08-19,2026-07-14T21:00:00+00:00,2026-07-14 14:00 Tue,,false,,,,false,greenhouse:Verkada:5186731007
Verkada:5089108007,Verkada,Senior Privacy Counsel,"San Mateo, CA United States",Legal,https://job-boards.greenhouse.io/verkada/jobs/5089108007,2026-08-19T01:02:10-04:00,2026-08-19,2026-07-10T05:21:53+00:00,2026-07-09 22:21 Thu,,false,,,,false,greenhouse:Verkada:5089108007
Verkada:5148169007,Verkada,Senior Privacy Counsel,"Austin, TX United States",Legal,https://job-boards.greenhouse.io/verkada/jobs/5148169007,2026-08-19T01:02:14-04:00,2026-08-19,2026-07-10T05:21:53+00:00,2026-07-09 22:21 Thu,,false,,,,false,greenhouse:Verkada:5148169007
Verkada:5082376007,Verkada,Senior Product Counsel,"San Mateo, CA United States",Legal,https://job-boards.greenhouse.io/verkada/jobs/5082376007,2026-08-19T01:02:10-04:00,2026-08-19,2026-07-10T05:21:53+00:00,2026-07-09 22:21 Thu,,false,,,,false,greenhouse:Verkada:5082376007
Verkada:5082756007,Verkada,Senior Product Counsel,"Austin, TX United States",Legal,https://job-boards.greenhouse.io/verkada/jobs/5082756007,2026-08-19T01:02:10-04:00,2026-08-19,2026-07-10T05:21:53+00:00,2026-07-09 22:21 Thu,,false,,,,false,greenhouse:Verkada:5082756007
Verkada:4481783007,Verkada,Senior Product Designer,"San Mateo, CA United States",UI & UX,https://job-boards.greenhouse.io/verkada/jobs/4481783007,2026-07-31T11:52:04-04:00,2026-07-31,2026-07-10T05:21:53+00:00,2026-07-09 22:21 Thu,,false,,,,false,greenhouse:Verkada:4481783007
Verkada:5193871007,Verkada,Senior Product Designer,"San Mateo, CA United States",UI & UX,https://job-boards.greenhouse.io/verkada/jobs/5193871007,2026-08-19T17:25:24-04:00,2026-08-19,2026-08-19T21:40:32+00:00,2026-08-19 14:40 Wed,,false,,,,false,greenhouse:Verkada:5193871007
Verkada:5104945007,Verkada,"Senior Product Manager, New Alarms Product","San Mateo, CA United States",Product Management,https://job-boards.greenhouse.io/verkada/jobs/5104945007,2026-07-16T19:36:26-04:00,2026-07-16,2026-07-10T05:21:53+00:00,2026-07-09 22:21 Thu,,false,,,,false,greenhouse:Verkada:5104945007
Verkada:5185633007,Verkada,"Senior Project Engineer, Global Services","Mexico City, Mexico", Verkada Global Services,https://job-boards.greenhouse.io/verkada/jobs/5185633007,2026-07-30T14:51:43-04:00,2026-07-30,2026-07-15T16:41:30+00:00,2026-07-15 09:41 Wed,,false,,,,false,greenhouse:Verkada:5185633007
Verkada:4128752007,Verkada,Senior Software Engineer - C++,"San Mateo, CA United States",Cameras,https://job-boards.greenhouse.io/verkada/jobs/4128752007,2026-08-14T13:02:17-04:00,2026-08-14,2026-07-10T05:21:53+00:00,2026-07-09 22:21 Thu,,false,,,,false,greenhouse:Verkada:4128752007
Verkada:4128624007,Verkada,Senior Software Engineer - Computer Vision,"San Mateo, CA United States",Cameras,https://job-boards.greenhouse.io/verkada/jobs/4128624007,2026-07-27T18:23:46-04:00,2026-07-27,2026-07-10T05:21:53+00:00,2026-07-09 22:21 Thu,,false,,,,false,greenhouse:Verkada:4128624007
Verkada:5148053007,Verkada,Senior Software Engineer - Native Application,"San Mateo, CA United States",Alarms,https://job-boards.greenhouse.io/verkada/jobs/5148053007,2026-07-31T18:16:35-04:00,2026-07-31,2026-07-10T05:21:53+00:00,2026-07-09 22:21 Thu,,false,,,,false,greenhouse:Verkada:5148053007
Verkada:5066093007,Verkada,Senior Software Engineer – Storage Systems,"San Mateo, CA United States",Cameras,https://job-boards.greenhouse.io/verkada/jobs/5066093007,2026-08-14T13:03:00-04:00,2026-08-14,2026-07-10T05:21:53+00:00,2026-07-09 22:21 Thu,,false,,,,false,greenhouse:Verkada:5066093007
Verkada:4818850007,Verkada,"Senior Software Engineer, Business Systems","San Mateo, CA United States",Business Systems,https://job-boards.greenhouse.io/verkada/jobs/4818850007,2026-07-16T19:36:26-04:00,2026-07-16,2026-07-10T05:21:53+00:00,2026-07-09 22:21 Thu,,false,,,,false,greenhouse:Verkada:4818850007
Verkada:5205141007,Verkada,"Senior Software Engineer, Business Systems - Data Trust","San Mateo, CA United States",Business Systems,https://job-boards.greenhouse.io/verkada/jobs/5205141007,2026-08-06T12:55:53-04:00,2026-08-06,2026-08-06T17:35:45+00:00,2026-08-06 10:35 Thu,,false,,,,false,greenhouse:Verkada:5205141007
Verkada:5210633007,Verkada,"Senior Software Engineer, Business Systems - Data Trust","San Mateo, CA United States",Business Systems,https://job-boards.greenhouse.io/verkada/jobs/5210633007,2026-08-19T01:01:39-04:00,2026-08-19,2026-08-12T18:36:04+00:00,2026-08-12 11:36 Wed,,false,,,,false,greenhouse:Verkada:5210633007
Verkada:5202382007,Verkada,"Senior Software Engineer, Business Systems - GTM","San Mateo, CA United States",Business Systems,https://job-boards.greenhouse.io/verkada/jobs/5202382007,2026-08-03T19:48:59-04:00,2026-08-03,2026-08-03T23:59:29+00:00,2026-08-03 16:59 Mon,,false,,,,false,greenhouse:Verkada:5202382007
Verkada:5210623007,Verkada,"Senior Software Engineer, Business Systems - GTM","San Mateo, CA United States",Business Systems,https://job-boards.greenhouse.io/verkada/jobs/5210623007,2026-08-19T01:01:38-04:00,2026-08-19,2026-08-12T18:36:04+00:00,2026-08-12 11:36 Wed,,false,,,,false,greenhouse:Verkada:5210623007
Verkada:4129305007,Verkada,"Senior Software Engineer, Data Platform","San Mateo, CA United States",Infrastructure/Platform,https://job-boards.greenhouse.io/verkada/jobs/4129305007,2026-07-16T19:36:26-04:00,2026-07-16,2026-07-10T05:21:53+00:00,2026-07-09 22:21 Thu,,false,,,,false,greenhouse:Verkada:4129305007
Verkada:5215882007,Verkada,"Senior Software Engineer, Data Platform","San Mateo, CA United States",Infrastructure/Platform,https://job-boards.greenhouse.io/verkada/jobs/5215882007,2026-08-19T02:35:54-04:00,2026-08-19,2026-08-19T06:53:02+00:00,2026-08-18 23:53 Tue,,false,,,,false,greenhouse:Verkada:5215882007
Verkada:5181360007,Verkada,Senior Technical Recruiter - Product,"San Mateo, CA United States",Product Recruiting,https://job-boards.greenhouse.io/verkada/jobs/5181360007,2026-08-19T01:02:16-04:00,2026-08-19,2026-07-10T05:21:53+00:00,2026-07-09 22:21 Thu,,false,,,,false,greenhouse:Verkada:5181360007
Verkada:5146832007,Verkada,Senior Technical Sourcer,"San Mateo, CA United States",Software Recruiting,https://job-boards.greenhouse.io/verkada/jobs/5146832007,2026-08-19T01:02:14-04:00,2026-08-19,2026-07-10T05:21:53+00:00,2026-07-09 22:21 Thu,,false,,,,false,greenhouse:Verkada:5146832007
Verkada:4997665007,Verkada,Senior Technical Support Engineer,"San Mateo, CA United States",Technical Support Engineering,https://job-boards.greenhouse.io/verkada/jobs/4997665007,2026-08-14T15:28:17-04:00,2026-08-14,2026-07-10T05:21:53+00:00,2026-07-09 22:21 Thu,,false,,,,false,greenhouse:Verkada:4997665007
Verkada:5082745007,Verkada,Senior Test Engineer – Alarms,"San Mateo, CA United States",Alarms,https://job-boards.greenhouse.io/verkada/jobs/5082745007,2026-07-16T19:36:26-04:00,2026-07-16,2026-07-10T05:21:53+00:00,2026-07-09 22:21 Thu,,false,,,,false,greenhouse:Verkada:5082745007
Verkada:5083834007,Verkada,"Senior Test Engineer, Cameras","San Mateo, CA United States",Cameras,https://job-boards.greenhouse.io/verkada/jobs/5083834007,2026-06-24T17:45:17-04:00,2026-06-24,2026-07-10T05:21:53+00:00,2026-07-09 22:21 Thu,,false,,,,false,greenhouse:Verkada:5083834007
Verkada:4585595007,Verkada,"Senior-Staff Software Engineer, Business Systems","San Mateo, CA United States",Business Systems,https://job-boards.greenhouse.io/verkada/jobs/4585595007,2026-07-27T14:34:24-04:00,2026-07-27,2026-07-27T18:41:48+00:00,2026-07-27 11:41 Mon,,false,,,,false,greenhouse:Verkada:4585595007
Verkada:5074111007,Verkada,"Senior-Staff Software Engineer, Engineering Productivity","San Mateo, CA United States",Infrastructure/Platform,https://job-boards.greenhouse.io/verkada/jobs/5074111007,2026-07-16T19:36:26-04:00,2026-07-16,2026-07-10T05:21:53+00:00,2026-07-09 22:21 Thu,,false,,,,false,greenhouse:Verkada:5074111007
Verkada:5121434007,Verkada,"Senior-Staff Software Engineer, Platform Infrastructure","San Mateo, CA United States",Infrastructure/Platform,https://job-boards.greenhouse.io/verkada/jobs/5121434007,2026-07-16T19:36:26-04:00,2026-07-16,2026-07-10T05:21:53+00:00,2026-07-09 22:21 Thu,,false,,,,false,greenhouse:Verkada:5121434007
Verkada:5166334007,Verkada,"Senior-Staff Software Engineer, Tooling","San Mateo, CA United States",Infrastructure/Platform,https://job-boards.greenhouse.io/verkada/jobs/5166334007,2026-06-24T17:45:17-04:00,2026-06-24,2026-07-10T05:21:53+00:00,2026-07-09 22:21 Thu,,false,,,,false,greenhouse:Verkada:5166334007
Verkada:5198628007,Verkada,"Senior-Staff Software Engineer, Tooling","San Mateo, CA United States",Infrastructure/Platform,https://job-boards.greenhouse.io/verkada/jobs/5198628007,2026-07-29T12:42:53-04:00,2026-07-29,2026-07-29T16:48:08+00:00,2026-07-29 09:48 Wed,,false,,,,false,greenhouse:Verkada:5198628007
Verkada:5204603007,Verkada,"Senior/Staff Software Engineer, Platform Infrastructure","San Mateo, CA United States",Infrastructure/Platform,https://job-boards.greenhouse.io/verkada/jobs/5204603007,2026-08-05T13:29:47-04:00,2026-08-05,2026-08-05T17:42:19+00:00,2026-08-05 10:42 Wed,,false,,,,false,greenhouse:Verkada:5204603007
Verkada:5195995007,Verkada,Software Engineer - Computer Vision,"San Mateo, CA",,https://job-boards.greenhouse.io/verkada/jobs/5195995007,,,2026-07-27T17:59:53+00:00,2026-07-27 10:59 Mon,Computer Vision,true,Keyword,73,keyword-only heuristic,true,greenhouse:Verkada:5195995007|speedyapply:SpeedyApply SWE:https://job-boards.greenhouse.io/verkada/jobs/5195995007|speedyapply:SpeedyApply SWE:5195995007
Verkada:4129304007,Verkada,Software Engineer - Data Platform,"San Mateo, CA United States",Software - Early Careers,https://job-boards.greenhouse.io/verkada/jobs/4129304007,2026-08-19T01:00:21-04:00,2026-08-19,2026-08-07T21:00:12+00:00,2026-08-07 14:00 Fri,Computer Vision,true,CLI,72,"Strong fit for the junior software engineering level with Python, Go, backend services, Redis/MySQL, Docker, automation, and cross-functional ownership, but limited direct experience with analytical or distributed data platforms such as Spark, Presto, or Hive.",true,greenhouse:Verkada:4129304007
Verkada:4134234007,Verkada,Software Engineer - Imaging Systems,"San Mateo, CA United States",Cameras,https://job-boards.greenhouse.io/verkada/jobs/4134234007,2026-08-14T13:04:07-04:00,2026-08-14,2026-07-10T05:21:53+00:00,2026-07-09 22:21 Thu,,false,,,,false,greenhouse:Verkada:4134234007
Verkada:5029725007,Verkada,"Software Engineer, Platform Infrastructure","San Mateo, CA United States",Infrastructure/Platform,https://job-boards.greenhouse.io/verkada/jobs/5029725007,2026-06-24T17:45:17-04:00,2026-06-24,2026-07-10T05:21:53+00:00,2026-07-09 22:21 Thu,,false,,,,false,greenhouse:Verkada:5029725007
Verkada:5124588007,Verkada,Software Engineering Manager - Alarms,"San Mateo, CA United States",Alarms,https://job-boards.greenhouse.io/verkada/jobs/5124588007,2026-07-16T19:36:26-04:00,2026-07-16,2026-07-10T05:21:53+00:00,2026-07-09 22:21 Thu,,false,,,,false,greenhouse:Verkada:5124588007
Verkada:5209473007,Verkada,Software Engineering Manager - Alarms,"San Mateo, CA United States",Alarms,https://job-boards.greenhouse.io/verkada/jobs/5209473007,2026-08-11T13:40:09-04:00,2026-08-11,2026-08-11T17:46:00+00:00,2026-08-11 10:46 Tue,Computer Vision,true,CLI,35,"The candidate has strong computer vision, AI, and some real-time software experience, but lacks the required 2+ years of engineering management, demonstrated scalable distributed-systems leadership, and ownership of mission-critical alarm workflows.",false,greenhouse:Verkada:5209473007
Verkada:5087511007,Verkada,Software Engineering Manager - Intercom,"San Mateo, CA United States",Intercoms,https://job-boards.greenhouse.io/verkada/jobs/5087511007,2026-07-16T19:36:26-04:00,2026-07-16,2026-07-10T05:21:53+00:00,2026-07-09 22:21 Thu,,false,,,,false,greenhouse:Verkada:5087511007
Verkada:5022552007,Verkada,Software Engineering Manager - Search,"San Mateo, CA United States",Cameras,https://job-boards.greenhouse.io/verkada/jobs/5022552007,2026-06-24T17:45:17-04:00,2026-06-24,2026-07-10T05:21:53+00:00,2026-07-09 22:21 Thu,,false,,,,false,greenhouse:Verkada:5022552007
Verkada:5173902007,Verkada,"Software Engineering Manager, Data Protection Platform","San Mateo, CA United States",Security,https://job-boards.greenhouse.io/verkada/jobs/5173902007,2026-08-19T01:01:36-04:00,2026-08-19,2026-07-10T05:21:53+00:00,2026-07-09 22:21 Thu,,false,,,,false,greenhouse:Verkada:5173902007
Verkada:5044258007,Verkada,"Software Engineering Manager, Growth","San Mateo, CA United States",Marketing - Dept,https://job-boards.greenhouse.io/verkada/jobs/5044258007,2026-06-24T17:45:17-04:00,2026-06-24,2026-07-10T05:21:53+00:00,2026-07-09 22:21 Thu,,false,,,,false,greenhouse:Verkada:5044258007
Verkada:4138083007,Verkada,Solutions Engineer,"St. Petersburg, FL United States",Solutions Engineering,https://job-boards.greenhouse.io/verkada/jobs/4138083007,2026-06-24T17:45:17-04:00,2026-06-24,2026-07-10T05:21:53+00:00,2026-07-09 22:21 Thu,,false,,,,false,greenhouse:Verkada:4138083007
Verkada:5139532007,Verkada,Solutions Engineer - ATL,"Atlanta, GA United States",Solutions Engineering,https://job-boards.greenhouse.io/verkada/jobs/5139532007,2026-06-24T17:45:17-04:00,2026-06-24,2026-07-10T05:21:53+00:00,2026-07-09 22:21 Thu,,false,,,,false,greenhouse:Verkada:5139532007
Verkada:5202907007,Verkada,Solutions Engineer - Swedish Speaking,London,Solutions Engineering,https://job-boards.greenhouse.io/verkada/jobs/5202907007,2026-08-19T01:02:17-04:00,2026-08-19,2026-08-05T08:17:17+00:00,2026-08-05 01:17 Wed,,false,,,,false,greenhouse:Verkada:5202907007
Verkada:5138458007,Verkada,"Solutions Engineer, ASEAN",Singapore,Solutions Engineering,https://job-boards.greenhouse.io/verkada/jobs/5138458007,2026-07-09T17:23:06-04:00,2026-07-09,2026-07-10T05:21:53+00:00,2026-07-09 22:21 Thu,,false,,,,false,greenhouse:Verkada:5138458007
Verkada:5207764007,Verkada,"Solutions Engineer, Auckland",New Zealand,Solutions Engineering,https://job-boards.greenhouse.io/verkada/jobs/5207764007,2026-08-19T01:02:18-04:00,2026-08-19,2026-08-12T01:59:48+00:00,2026-08-11 18:59 Tue,,false,,,,false,greenhouse:Verkada:5207764007
Verkada:5208734007,Verkada,"Solutions Engineer, Perth","Perth, Australia",Solutions Engineering,https://job-boards.greenhouse.io/verkada/jobs/5208734007,2026-08-19T01:02:18-04:00,2026-08-19,2026-08-12T01:59:48+00:00,2026-08-11 18:59 Tue,,false,,,,false,greenhouse:Verkada:5208734007
Verkada:5207756007,Verkada,"Solutions Engineer, Sydney","Sydney, Australia",Solutions Engineering,https://job-boards.greenhouse.io/verkada/jobs/5207756007,2026-08-19T01:02:18-04:00,2026-08-19,2026-08-12T02:17:54+00:00,2026-08-11 19:17 Tue,,false,,,,false,greenhouse:Verkada:5207756007
Verkada:5124829007,Verkada,"Solutions Engineering Director, Associate Program","San Mateo, CA United States",Solutions Engineering,https://job-boards.greenhouse.io/verkada/jobs/5124829007,2026-08-19T01:02:12-04:00,2026-08-19,2026-07-10T05:21:53+00:00,2026-07-09 22:21 Thu,,false,,,,false,greenhouse:Verkada:5124829007
Verkada:5019825007,Verkada,"Solutions Engineering Manager, EMEA ",London,Solutions Engineering,https://job-boards.greenhouse.io/verkada/jobs/5019825007,2026-08-19T01:02:06-04:00,2026-08-19,2026-07-10T05:21:53+00:00,2026-07-09 22:21 Thu,,false,,,,false,greenhouse:Verkada:5019825007
Verkada:4185105007,Verkada,"Solutions Engineering Manager, Select & Territory","Tempe, AZ United States",Solutions Engineering,https://job-boards.greenhouse.io/verkada/jobs/4185105007,2026-08-19T01:00:48-04:00,2026-08-19,2026-07-10T05:21:53+00:00,2026-07-09 22:21 Thu,,false,,,,false,greenhouse:Verkada:4185105007
Verkada:5200010007,Verkada,SOX Manager,"San Mateo, CA United States",Finance,https://job-boards.greenhouse.io/verkada/jobs/5200010007,2026-08-19T01:02:17-04:00,2026-08-19,2026-07-30T23:41:26+00:00,2026-07-30 16:41 Thu,,false,,,,false,greenhouse:Verkada:5200010007
Verkada:5188361007,Verkada,"Sr Director, AI Ecosystem & Partner Innovation",United States,Solutions Engineering,https://job-boards.greenhouse.io/verkada/jobs/5188361007,2026-08-19T01:02:16-04:00,2026-08-19,2026-07-16T04:24:57+00:00,2026-07-15 21:24 Wed,,false,,,,false,greenhouse:Verkada:5188361007
Verkada:5116424007,Verkada,Sr. Analyst Business Systems  ,"San Mateo, CA United States",Strategy/Operations,https://job-boards.greenhouse.io/verkada/jobs/5116424007,2026-08-19T01:02:12-04:00,2026-08-19,2026-07-10T05:21:53+00:00,2026-07-09 22:21 Thu,,false,,,,false,greenhouse:Verkada:5116424007
Verkada:5113097007,Verkada,Sr. Channel Enablement Program Manager,"San Mateo, CA United States",Strategy/Operations,https://job-boards.greenhouse.io/verkada/jobs/5113097007,2026-08-19T01:02:12-04:00,2026-08-19,2026-07-10T05:21:53+00:00,2026-07-09 22:21 Thu,,false,,,,false,greenhouse:Verkada:5113097007
Verkada:5172004007,Verkada,"Sr. Designer, Performance Marketing","San Mateo, CA United States",Creatives,https://job-boards.greenhouse.io/verkada/jobs/5172004007,2026-08-19T01:02:15-04:00,2026-08-19,2026-07-10T05:21:53+00:00,2026-07-09 22:21 Thu,,false,,,,false,greenhouse:Verkada:5172004007
Verkada:5146680007,Verkada,Sr. IT Systems Engineer ,"San Mateo, CA United States",IT,https://job-boards.greenhouse.io/verkada/jobs/5146680007,2026-08-19T01:02:14-04:00,2026-08-19,2026-07-10T05:21:53+00:00,2026-07-09 22:21 Thu,,false,,,,false,greenhouse:Verkada:5146680007
Verkada:4980976007,Verkada,Sr. Recruiter - Marketing,"San Mateo, CA United States",Marketing Recruiting,https://job-boards.greenhouse.io/verkada/jobs/4980976007,2026-08-11T18:57:52-04:00,2026-08-11,2026-07-10T05:21:53+00:00,2026-07-09 22:21 Thu,,false,,,,false,greenhouse:Verkada:4980976007
Verkada:5154370007,Verkada,Staff Backend Engineer - Device Security ,"San Mateo, CA United States",Security,https://job-boards.greenhouse.io/verkada/jobs/5154370007,2026-08-19T01:02:14-04:00,2026-08-19,2026-07-10T05:21:53+00:00,2026-07-09 22:21 Thu,,false,,,,false,greenhouse:Verkada:5154370007
Verkada:5198020007,Verkada,Staff Backend Engineer - Licensing & Revenue Platform,"San Mateo, CA United States",Core Services,https://job-boards.greenhouse.io/verkada/jobs/5198020007,2026-08-19T01:02:17-04:00,2026-08-19,2026-07-29T00:59:36+00:00,2026-07-28 17:59 Tue,,false,,,,false,greenhouse:Verkada:5198020007
Verkada:4128603007,Verkada,Staff Backend Engineer - Streaming,"San Mateo, CA United States",Cameras,https://job-boards.greenhouse.io/verkada/jobs/4128603007,2026-07-23T00:02:17-04:00,2026-07-23,2026-07-10T05:21:53+00:00,2026-07-09 22:21 Thu,,false,,,,false,greenhouse:Verkada:4128603007
Verkada:5162794007,Verkada,Staff Data Engineer,"San Mateo, CA United States",Data,https://job-boards.greenhouse.io/verkada/jobs/5162794007,2026-07-16T19:36:26-04:00,2026-07-16,2026-07-10T05:21:53+00:00,2026-07-09 22:21 Thu,,false,,,,false,greenhouse:Verkada:5162794007
Verkada:5029602007,Verkada,Staff Embedded Software Engineer - Camera Firmware,"San Mateo, CA United States",Cameras,https://job-boards.greenhouse.io/verkada/jobs/5029602007,2026-07-23T17:12:36-04:00,2026-07-23,2026-07-10T05:21:53+00:00,2026-07-09 22:21 Thu,,false,,,,false,greenhouse:Verkada:5029602007
Verkada:5173337007,Verkada,Staff Frontend Engineer - Design Systems,"San Mateo, CA United States",Core Services,https://job-boards.greenhouse.io/verkada/jobs/5173337007,2026-06-24T17:45:17-04:00,2026-06-24,2026-07-10T05:21:53+00:00,2026-07-09 22:21 Thu,,false,,,,false,greenhouse:Verkada:5173337007
Verkada:5199030007,Verkada,Staff Frontend Engineer - Design Systems,"San Mateo, CA United States",Core Services,https://job-boards.greenhouse.io/verkada/jobs/5199030007,2026-08-19T01:01:38-04:00,2026-08-19,2026-07-29T20:59:36+00:00,2026-07-29 13:59 Wed,,false,,,,false,greenhouse:Verkada:5199030007
Verkada:5167632007,Verkada,Staff Frontend Engineer - Mapping & Spatial Platform,"San Mateo, CA United States",Core Services,https://job-boards.greenhouse.io/verkada/jobs/5167632007,2026-06-24T17:45:17-04:00,2026-06-24,2026-07-10T05:21:53+00:00,2026-07-09 22:21 Thu,,false,,,,false,greenhouse:Verkada:5167632007
Verkada:5189218007,Verkada,Staff Frontend Engineer - Mapping & Spatial Platform,"San Mateo, CA United States",Core Services,https://job-boards.greenhouse.io/verkada/jobs/5189218007,2026-07-16T19:36:26-04:00,2026-07-16,2026-07-16T21:59:28+00:00,2026-07-16 14:59 Thu,,false,,,,false,greenhouse:Verkada:5189218007
Verkada:5215839007,Verkada,Staff Frontend Engineer - Mapping & Spatial Platform,"San Mateo, CA United States",Core Services,https://job-boards.greenhouse.io/verkada/jobs/5215839007,2026-08-19T01:01:39-04:00,2026-08-19,2026-08-19T03:52:30+00:00,2026-08-18 20:52 Tue,,false,,,,false,greenhouse:Verkada:5215839007
Verkada:5161396007,Verkada,Staff Software Engineer - Command Connector,"San Mateo, CA United States",Cameras,https://job-boards.greenhouse.io/verkada/jobs/5161396007,2026-08-19T01:01:35-04:00,2026-08-19,2026-07-10T05:21:53+00:00,2026-07-09 22:21 Thu,,false,,,,false,greenhouse:Verkada:5161396007
Verkada:5143763007,Verkada,Staff Software Engineer - Data Protection,"San Mateo, CA United States",Security,https://job-boards.greenhouse.io/verkada/jobs/5143763007,2026-06-24T17:45:17-04:00,2026-06-24,2026-07-10T05:21:53+00:00,2026-07-09 22:21 Thu,,false,,,,false,greenhouse:Verkada:5143763007
Verkada:5143766007,Verkada,Staff Software Engineer - Detection and Response Platform,"San Mateo, CA United States",Security,https://job-boards.greenhouse.io/verkada/jobs/5143766007,2026-08-19T01:02:13-04:00,2026-08-19,2026-07-10T05:21:53+00:00,2026-07-09 22:21 Thu,,false,,,,false,greenhouse:Verkada:5143766007
Verkada:5189339007,Verkada,Staff Technical Recruiter - Product,"San Mateo, CA United States",Product Recruiting,https://job-boards.greenhouse.io/verkada/jobs/5189339007,2026-08-19T01:02:16-04:00,2026-08-19,2026-07-16T23:59:16+00:00,2026-07-16 16:59 Thu,,false,,,,false,greenhouse:Verkada:5189339007
Verkada:5167601007,Verkada,"Staff+ Security Engineer, Core Command ","San Mateo, CA United States",Security,https://job-boards.greenhouse.io/verkada/jobs/5167601007,2026-07-16T19:36:26-04:00,2026-07-16,2026-07-10T05:21:53+00:00,2026-07-09 22:21 Thu,,false,,,,false,greenhouse:Verkada:5167601007
Verkada:5167607007,Verkada,"Staff+ Security Engineer, Developer Tools","San Mateo, CA United States",Security,https://job-boards.greenhouse.io/verkada/jobs/5167607007,2026-07-16T19:36:26-04:00,2026-07-16,2026-07-10T05:21:53+00:00,2026-07-09 22:21 Thu,,false,,,,false,greenhouse:Verkada:5167607007
Verkada:5144160007,Verkada,"Staff+ Software Engineer, Security Infrastructure","San Mateo, CA United States",Security,https://job-boards.greenhouse.io/verkada/jobs/5144160007,2026-08-19T01:02:13-04:00,2026-08-19,2026-07-10T05:21:53+00:00,2026-07-09 22:21 Thu,,false,,,,false,greenhouse:Verkada:5144160007
Verkada:5029686007,Verkada,State Enterprise Account Executive - Florida,"Florida, United States",Enterprise State,https://job-boards.greenhouse.io/verkada/jobs/5029686007,2026-07-30T13:32:34-04:00,2026-07-30,2026-07-10T05:21:53+00:00,2026-07-09 22:21 Thu,,false,,,,false,greenhouse:Verkada:5029686007
Verkada:5199808007,Verkada,"State Enterprise Account Executive - MD, PA","Washington, D.C. United States",Enterprise State,https://job-boards.greenhouse.io/verkada/jobs/5199808007,2026-08-19T01:02:17-04:00,2026-08-19,2026-08-05T14:59:44+00:00,2026-08-05 07:59 Wed,,false,,,,false,greenhouse:Verkada:5199808007
Verkada:5043530007,Verkada,"State Enterprise Account Executive - NY, CT, NJ","New York City, NY United States",Enterprise State,https://job-boards.greenhouse.io/verkada/jobs/5043530007,2026-07-30T13:22:45-04:00,2026-07-30,2026-07-10T05:21:53+00:00,2026-07-09 22:21 Thu,,false,,,,false,greenhouse:Verkada:5043530007
Verkada:5199767007,Verkada,"State Enterprise Account Executive - TN, KY, OH","Ohio, United States",Enterprise State,https://job-boards.greenhouse.io/verkada/jobs/5199767007,2026-08-14T09:01:33-04:00,2026-08-14,2026-08-14T13:18:19+00:00,2026-08-14 06:18 Fri,,false,,,,false,greenhouse:Verkada:5199767007
Verkada:5152703007,Verkada,"State Enterprise Account Executive - VA, WV, NC","Virginia, United States",Enterprise State,https://job-boards.greenhouse.io/verkada/jobs/5152703007,2026-08-19T01:02:14-04:00,2026-08-19,2026-07-10T05:21:53+00:00,2026-07-09 22:21 Thu,,false,,,,false,greenhouse:Verkada:5152703007
Verkada:5140952007,Verkada,Stock Administrator,"San Mateo, CA United States",Finance,https://job-boards.greenhouse.io/verkada/jobs/5140952007,2026-08-19T01:02:13-04:00,2026-08-19,2026-07-10T05:21:53+00:00,2026-07-09 22:21 Thu,,false,,,,false,greenhouse:Verkada:5140952007
Verkada:4721339007,Verkada,Strategic Sourcing Manager,"San Mateo, CA United States",Spend Money Wisely,https://job-boards.greenhouse.io/verkada/jobs/4721339007,2026-08-19T01:01:18-04:00,2026-08-19,2026-07-10T05:21:53+00:00,2026-07-09 22:21 Thu,,false,,,,false,greenhouse:Verkada:4721339007
Verkada:5116237007,Verkada,Supplier Quality Manager,"Taipei, Taiwan",Hardware Operations,https://job-boards.greenhouse.io/verkada/jobs/5116237007,2026-07-16T19:36:26-04:00,2026-07-16,2026-07-10T05:21:53+00:00,2026-07-09 22:21 Thu,,false,,,,false,greenhouse:Verkada:5116237007
Verkada:5128183007,Verkada,Technical Content Architect,"San Mateo, CA United States",Solutions Engineering,https://job-boards.greenhouse.io/verkada/jobs/5128183007,2026-07-16T19:36:26-04:00,2026-07-16,2026-07-10T05:21:53+00:00,2026-07-09 22:21 Thu,,false,,,,false,greenhouse:Verkada:5128183007
Verkada:5100151007,Verkada,Technical Program Manager,"Taipei, Taiwan",Hardware Engineering,https://job-boards.greenhouse.io/verkada/jobs/5100151007,2026-06-24T17:45:17-04:00,2026-06-24,2026-07-10T05:21:53+00:00,2026-07-09 22:21 Thu,,false,,,,false,greenhouse:Verkada:5100151007
Verkada:4134221007,Verkada,Technical Support Engineer,London,Technical Support Engineering,https://job-boards.greenhouse.io/verkada/jobs/4134221007,2026-07-27T19:43:18-04:00,2026-07-27,2026-07-10T05:21:53+00:00,2026-07-09 22:21 Thu,,false,,,,false,greenhouse:Verkada:4134221007
Verkada:5063200007,Verkada,Technical Support Engineer,"San Mateo, CA United States",Technical Support Engineering,https://job-boards.greenhouse.io/verkada/jobs/5063200007,2026-07-16T19:36:26-04:00,2026-07-16,2026-07-10T05:21:53+00:00,2026-07-09 22:21 Thu,,false,,,,false,greenhouse:Verkada:5063200007
Verkada:5172999007,Verkada,Technical Support Engineer,"New York City, NY United States",Technical Support Engineering,https://job-boards.greenhouse.io/verkada/jobs/5172999007,2026-07-16T19:36:26-04:00,2026-07-16,2026-07-10T05:21:53+00:00,2026-07-09 22:21 Thu,,false,,,,false,greenhouse:Verkada:5172999007
Verkada:5162206007,Verkada,Technical Support Engineer - Industrial Placement 2027 (12-months),London,Technical Support Engineering,https://job-boards.greenhouse.io/verkada/jobs/5162206007,2026-07-16T19:36:26-04:00,2026-07-16,2026-07-10T05:21:53+00:00,2026-07-09 22:21 Thu,,false,,,,false,greenhouse:Verkada:5162206007
Verkada:4715534007,Verkada,Technical Support Engineer - University Graduate 2026,"San Mateo, CA United States",Technical Support Engineering,https://job-boards.greenhouse.io/verkada/jobs/4715534007,2026-08-14T15:27:20-04:00,2026-08-14,2026-07-10T05:21:53+00:00,2026-07-09 22:21 Thu,,false,,,,false,greenhouse:Verkada:4715534007
Verkada:5172974007,Verkada,Technical Support Engineer - University Graduate 2026,"New York City, NY United States",Technical Support Engineering,https://job-boards.greenhouse.io/verkada/jobs/5172974007,2026-08-14T15:27:34-04:00,2026-08-14,2026-07-10T05:21:53+00:00,2026-07-09 22:21 Thu,,false,,,,false,greenhouse:Verkada:5172974007
Verkada:5017082007,Verkada,Technical Support Engineering Intern - Fall 2026,"San Mateo, CA United States",Technical Support Engineering,https://job-boards.greenhouse.io/verkada/jobs/5017082007,2026-06-26T15:36:19-04:00,2026-06-26,2026-07-10T05:21:53+00:00,2026-07-09 22:21 Thu,,false,,,,false,greenhouse:Verkada:5017082007
Verkada:5144834007,Verkada,Technical Support Engineering Manager,"San Mateo, CA United States",Technical Support Engineering,https://job-boards.greenhouse.io/verkada/jobs/5144834007,2026-07-16T19:36:26-04:00,2026-07-16,2026-07-10T05:21:53+00:00,2026-07-09 22:21 Thu,,false,,,,false,greenhouse:Verkada:5144834007
Verkada:5138344007,Verkada,"Technical Trainer, VCE",Remote,Solutions Engineering,https://job-boards.greenhouse.io/verkada/jobs/5138344007,2026-08-19T01:02:13-04:00,2026-08-19,2026-07-10T05:21:53+00:00,2026-07-09 22:21 Thu,,false,,,,false,greenhouse:Verkada:5138344007
Verkada:5123192007,Verkada,"Visual Production Designer, Packaging","Taipei, Taiwan",Industrial Design,https://job-boards.greenhouse.io/verkada/jobs/5123192007,2026-07-29T14:21:58-04:00,2026-07-29,2026-07-10T05:21:53+00:00,2026-07-09 22:21 Thu,,false,,,,false,greenhouse:Verkada:5123192007
